time,goal_x,goal_y,linear_x,angular_z,yaw,deadends
4.032957553863525,-0.0005648040895307976,11.011044371758796,0.0,0.0,-1.5648489058200439,180,180,180,170,110,160,160
4.043333053588867,-0.0005648040895307976,11.011044371758796,0.0,0.0,-1.5648489058200439,180,180,180,170,110,160,160
4.053635597229004,-0.0005648040895307976,11.011044371758796,0.0,0.0,-1.5648489058200439,180,180,180,170,110,160,160
4.063927412033081,-0.0005652134066128396,11.011062969213649,0.0,0.0,-1.5648463778859465,180,180,180,170,110,160,160
4.076963663101196,-0.0005652134066128396,11.011062969213649,0.0,0.0,-1.5648463778859465,180,180,180,170,110,160,160
4.087349891662598,-0.0005652134066128396,11.011062969213649,0.0,0.0,-1.5648463778859465,180,180,180,170,110,160,160
4.09767484664917,-0.0005656220021806916,11.011081555631137,0.0,0.0,-1.5648438543897218,180,180,180,160,190,200,210
4.107987642288208,-0.0005656220021806916,11.011081555631137,0.0,0.0,-1.5648438543897218,180,180,180,160,190,200,210
4.118304252624512,-0.0005656220021806916,11.011081555631137,0.0,0.0,-1.5648438543897218,180,180,180,160,190,200,210
4.1358115673065186,-0.0005656220021806916,11.011081555631137,0.0,0.0,-1.5648438543897218,180,180,180,160,190,200,210
4.146342515945435,-0.0005660422222243894,11.011100693718467,0.0,0.0,-1.5648412590811407,180,180,180,160,190,200,210
4.1566081047058105,-0.0005660422222243894,11.011100693718467,0.0,0.0,-1.5648412590811407,180,180,180,160,190,200,210
4.1669251918792725,-0.0005664493154639603,11.01111925770104,0.0,0.0,-1.564838744825586,180,180,180,160,190,200,210
4.185773134231567,-0.0005664493154639603,11.01111925770104,0.0,0.0,-1.564838744825586,180,180,180,160,190,200,210
4.196060419082642,-0.0005668556227241965,11.011137810644982,0.0,0.0,-1.564836235405716,180,180,180,160,190,200,210
4.2063093185424805,-0.0005668556227241965,11.011137810644982,0.0,0.0,-1.564836235405716,180,180,180,160,190,200,210
4.2165608406066895,-0.0005668556227241965,11.011137810644982,0.0,0.0,-1.564836235405716,180,180,180,160,190,200,210
4.235421895980835,-0.0005672735024654524,11.01115691412935,0.0,0.0,-1.5648336544922745,180,180,180,160,190,200,210
4.245803356170654,-0.0005672735024654524,11.01115691412935,0.0,0.0,-1.5648336544922745,180,180,180,160,190,200,210
4.256057500839233,-0.0005672735024654524,11.01115691412935,0.0,0.0,-1.5648336544922745,180,180,180,160,190,200,210
4.266541242599487,-0.0005676783128313034,11.011175444331721,0.0,0.0,-1.564831154278147,180,180,180,160,190,200,210
4.287028789520264,-0.0005676783128313034,11.011175444331721,0.0,0.0,-1.564831154278147,180,180,180,160,190,200,210
4.297524929046631,-0.0005680823361369208,11.01119396330984,0.0,0.0,-1.564828658905195,180,180,180,160,190,200,210
4.307863712310791,-0.0005680823361369208,11.01119396330984,0.0,0.0,-1.564828658905195,180,180,180,160,190,200,210
4.318176507949829,-0.0005680823361369208,11.01119396330984,0.0,0.0,-1.564828658905195,180,180,180,160,190,200,210
4.3345537185668945,-0.0005684978465525468,11.011213031732687,0.0,0.0,-1.5648260925631121,180,180,180,160,190,200,210
4.344843149185181,-0.0005684978465525468,11.011213031732687,0.0,0.0,-1.5648260925631121,180,180,180,160,190,200,210
4.355096340179443,-0.0005684978465525468,11.011213031732687,0.0,0.0,-1.5648260925631121,180,180,180,160,190,200,210
4.365336656570435,-0.0005689003689649958,11.01123152790013,0.0,0.0,-1.5648236064188485,180,180,180,160,190,200,210
4.386199712753296,-0.0005689003689649958,11.01123152790013,0.0,0.0,-1.5648236064188485,180,180,180,160,190,200,210
4.396483659744263,-0.0005693021462442872,11.011250012808095,0.0,0.0,-1.5648211248560555,180,180,180,160,190,200,210
4.406750440597534,-0.0005693021462442872,11.011250012808095,0.0,0.0,-1.5648211248560555,180,180,180,160,190,200,210
4.417029142379761,-0.0005693021462442872,11.011250012808095,0.0,0.0,-1.5648211248560555,180,180,180,160,190,200,210
4.432853698730469,-0.0005697153099846191,11.011269046079574,0.0,0.0,-1.5648185729432198,180,180,180,160,190,200,210
4.443168878555298,-0.0005697153099846191,11.011269046079574,0.0,0.0,-1.5648185729432198,180,180,180,160,190,200,210
4.453412771224976,-0.0005697153099846191,11.011269046079574,0.0,0.0,-1.5648185729432198,180,180,180,160,190,200,210
4.4637086391448975,-0.0005701155342338459,11.011287508024102,0.0,0.0,-1.5648161009297468,180,180,180,160,190,200,210
4.47662615776062,-0.0005701155342338459,11.011287508024102,0.0,0.0,-1.5648161009297468,180,180,180,160,190,200,210
4.486931562423706,-0.0005701155342338459,11.011287508024102,0.157079632679485,0.0,-1.5648161009297468,180,180,180,160,190,200,210
4.4971818923950195,-0.0005705149915222394,11.01130595840625,0.2617993877991417,0.0,-1.5648136336311131,180,180,180,160,190,200,210
4.507530212402344,-0.0005705149915222394,11.01130595840625,0.2617993877991417,0.0,-1.5648136336311131,180,180,180,160,190,200,210
4.521367073059082,-0.0005705149915222394,11.01130595840625,0.2617993877991417,0.0,-1.5648136336311131,180,180,180,160,190,200,210
4.5317699909210205,-0.0005558274144865585,11.011286518863884,0.2617993877991417,0.0,-1.564699403625804,180,180,180,160,190,200,210
4.542016506195068,-0.0005558274144865585,11.011286518863884,0.2617993877991417,0.0,-1.564699403625804,180,180,180,160,190,200,210
4.552293300628662,-0.0005558274144865585,11.011286518863884,0.2617993877991417,0.0,-1.564699403625804,180,180,180,160,190,200,210
4.564588785171509,-0.0005408557628889117,11.01116766571644,0.2617993877991417,0.0,-1.5642451965946775,180,180,180,160,190,200,210
4.574974775314331,-0.0005408557628889117,11.01116766571644,0.2617993877991417,0.0,-1.5642451965946775,180,180,180,160,190,200,210
4.585326671600342,-0.0005408557628889117,11.01116766571644,0.2617993877991417,0.0,-1.5642451965946775,180,180,180,160,190,200,210
4.596266746520996,-0.0005313962574223267,11.01085787741485,0.2617993877991417,0.0,-1.5633127026997176,180,180,180,160,190,200,210
4.609281539916992,-0.0005313962574223267,11.01085787741485,0.2617993877991417,0.0,-1.5633127026997176,180,180,180,160,190,200,210
4.619709253311157,-0.0005313962574223267,11.01085787741485,0.2617993877991417,0.0,-1.5633127026997176,180,180,180,160,190,200,210
4.630037069320679,-0.0005298317784019732,11.010214160957462,0.2617993877991417,0.0,-1.5614776687037029,180,180,180,160,190,200,210
4.640341281890869,-0.0005298317784019732,11.010214160957462,0.2617993877991417,0.0,-1.5614776687037029,180,180,180,160,190,200,210
4.653741359710693,-0.0005298317784019732,11.010214160957462,0.2617993877991417,0.0,-1.5614776687037029,180,180,180,160,190,200,210
4.664113283157349,-0.0005355636423308328,11.009133663676925,0.2617993877991417,0.0,-1.5585955845081059,180,180,180,160,190,200,210
4.67443585395813,-0.0005355636423308328,11.009133663676925,0.2617993877991417,0.0,-1.5585955845081059,180,180,180,160,190,200,210
4.6848180294036865,-0.0005355636423308328,11.009133663676925,0.2617993877991417,0.0,-1.5585955845081059,180,180,180,160,190,200,210
4.695450305938721,-0.0005547103394292114,11.007456533524527,0.2617993877991417,0.0,-1.5545420822010698,180,180,180,160,190,200,210
4.705780506134033,-0.0005547103394292114,11.007456533524527,0.2617993877991417,0.0,-1.5545420822010698,180,180,180,160,190,200,210
4.716502666473389,-0.0005547103394292114,11.007456533524527,0.2617993877991417,0.0,-1.5545420822010698,180,180,180,160,190,200,210
4.726925373077393,-0.000598596253336004,11.004957996888258,0.2617993877991417,0.0,-1.549398980436633,180,180,180,160,190,200,210
4.739033937454224,-0.000598596253336004,11.004957996888258,0.2617993877991417,0.0,-1.549398980436633,180,180,180,160,190,200,210
4.749464750289917,-0.000598596253336004,11.004957996888258,0.2617993877991417,0.0,-1.549398980436633,180,180,180,160,190,200,210
4.759814977645874,-0.0006760672057319703,11.001665554311499,0.2617993877991417,0.0,-1.5441199620592494,180,180,180,160,190,200,210
4.770137071609497,-0.0006760672057319703,11.001665554311499,0.2617993877991417,0.0,-1.5441199620592494,180,180,180,160,190,200,210
4.782747745513916,-0.0006760672057319703,11.001665554311499,0.2617993877991417,0.0,-1.5441199620592494,180,180,180,160,190,200,210
4.79306173324585,-0.0007979772160115116,10.997453121725771,0.2617993877991417,0.0,-1.5393087798058616,180,180,180,160,190,200,210
4.803556442260742,-0.0007979772160115116,10.997453121725771,0.2617993877991417,0.0,-1.5393087798058616,180,180,180,160,190,200,210
4.81390905380249,-0.0007979772160115116,10.997453121725771,0.2617993877991417,0.0,-1.5393087798058616,180,180,180,160,190,200,210
4.8275861740112305,-0.0009750782950274123,10.992149717808047,0.2617993877991417,0.0,-1.535645459287,180,180,180,160,190,200,210
4.837934970855713,-0.0009750782950274123,10.992149717808047,0.2617993877991417,0.0,-1.535645459287,180,180,180,160,190,200,210
4.84830117225647,-0.0009750782950274123,10.992149717808047,0.2617993877991417,0.0,-1.535645459287,180,180,180,160,190,200,210
4.858654499053955,-0.0009750782950274123,10.992149717808047,0.2617993877991417,0.0,-1.535645459287,180,180,180,160,190,200,210
4.8743672370910645,-0.0011904744058374049,10.986136534922604,0.2617993877991417,0.0,-1.5340067911073727,180,180,180,160,190,200,210
4.884676218032837,-0.0011904744058374049,10.986136534922604,0.2617993877991417,0.0,-1.5340067911073727,180,180,180,160,190,200,210
4.894962787628174,-0.001436964117047585,10.979409617666116,0.2617993877991417,0.0,-1.5340581510262052,180,180,180,160,190,200,210
4.905277729034424,-0.001436964117047585,10.979409617666116,0.2617993877991417,0.0,-1.5340581510262052,180,180,180,160,190,200,210
4.920501232147217,-0.001436964117047585,10.979409617666116,0.2617993877991417,0.0,-1.5340581510262052,180,180,180,160,190,200,210
4.930845260620117,-0.0016996618655304799,10.971939794691327,0.2617993877991417,0.0,-1.5364397944158898,180,180,180,160,190,200,210
4.94115424156189,-0.0016996618655304799,10.971939794691327,0.2617993877991417,0.0,-1.5364397944158898,180,180,180,160,190,200,210
4.9515016078948975,-0.0016996618655304799,10.971939794691327,0.2617993877991417,0.0,-1.5364397944158898,180,180,180,160,190,200,210
4.9673707485198975,-0.0019377756831404492,10.964386592536908,0.2617993877991417,0.0,-1.5412323762572342,180,180,180,160,190,200,210
4.977669715881348,-0.0019377756831404492,10.964386592536908,0.2617993877991417,0.0,-1.5412323762572342,180,180,180,160,190,200,210
4.988032579421997,-0.0019377756831404492,10.964386592536908,0.2617993877991417,0.0,-1.5412323762572342,180,180,180,160,190,200,210
4.99882173538208,-0.002135780373007482,10.956599158372573,0.2617993877991417,0.0,-1.5461784201134774,180,180,180,160,190,200,210
5.013354301452637,-0.002135780373007482,10.956599158372573,0.2617993877991417,0.0,-1.5461784201134774,180,180,180,160,190,200,210
5.023671865463257,-0.002135780373007482,10.956599158372573,0.2617993877991417,0.0,-1.5461784201134774,180,180,180,160,190,200,210
5.033979654312134,-0.002322264516678765,10.948328829882165,0.2617993877991417,0.0,-1.5484216177549033,180,180,180,160,190,200,210
5.045052766799927,-0.002322264516678765,10.948328829882165,0.2617993877991417,0.0,-1.5484216177549033,180,180,180,160,190,190,200
5.061487436294556,-0.00250788338694971,10.939950545758428,0.2617993877991417,0.0,-1.5476497546357924,180,180,180,160,190,190,200
5.071812152862549,-0.00250788338694971,10.939950545758428,0.2617993877991417,0.0,-1.5476497546357924,180,180,180,160,190,190,200
5.082119464874268,-0.00250788338694971,10.939950545758428,0.2617993877991417,0.0,-1.5476497546357924,180,180,180,160,190,190,200
5.092414140701294,-0.0027084127123655683,10.93136024274076,0.2617993877991417,0.0,-1.5474265767904045,180,180,180,160,190,190,200
5.1066155433654785,-0.0027084127123655683,10.93136024274076,0.2617993877991417,0.0,-1.5474265767904045,180,180,180,160,190,190,200
5.11692476272583,-0.0027084127123655683,10.93136024274076,0.2617993877991417,0.0,-1.5474265767904045,180,180,180,160,190,190,200
5.127257823944092,-0.0029147184816572997,10.922479694745723,0.2617993877991417,0.0,-1.547326359133956,180,180,180,160,190,190,200
5.137922525405884,-0.0029147184816572997,10.922479694745723,0.2617993877991417,0.0,-1.547326359133956,170,160,180,160,190,190,190
5.154253959655762,-0.0029147184816572997,10.922479694745723,0.2617993877991417,0.0,-1.547326359133956,170,160,180,160,190,190,190
5.164559841156006,-0.0031166915085834726,10.913849003598001,0.2617993877991417,0.0,-1.5472369774707526,170,160,180,160,190,190,190
5.174859046936035,-0.0031166915085834726,10.913849003598001,0.2617993877991417,0.0,-1.5472369774707526,170,160,180,160,190,190,190
5.18516993522644,-0.0031166915085834726,10.913849003598001,0.2617993877991417,0.0,-1.5472369774707526,180,170,160,160,190,190,190
5.198453187942505,-0.003319622347304505,10.905206521568722,0.2617993877991417,0.0,-1.5471607253701534,180,170,160,160,190,190,190
5.208751201629639,-0.003319622347304505,10.905206521568722,0.2617993877991417,0.0,-1.5471607253701534,180,170,160,160,190,190,190
5.219194412231445,-0.003319622347304505,10.905206521568722,0.2617993877991417,0.0,-1.5471607253701534,180,170,160,160,190,190,190
5.229479789733887,-0.0035296579204806867,10.896291703829347,0.2617993877991417,0.0,-1.547088891504061,170,180,160,170,180,190,180
5.249497890472412,-0.0035296579204806867,10.896291703829347,0.2617993877991417,0.0,-1.547088891504061,170,180,160,170,180,190,180
5.259759902954102,-0.003734662353287722,10.887630440538025,0.2617993877991417,0.0,-1.5470301996086484,170,180,160,170,180,190,180
5.270569324493408,-0.003734662353287722,10.887630440538025,0.2617993877991417,0.0,-1.5470301996086484,170,180,160,170,180,190,180
5.280850172042847,-0.003734662353287722,10.887630440538025,0.2617993877991417,0.0,-1.5470301996086484,170,170,170,180,190,200,190
5.2964911460876465,-0.003940494233635755,10.878965784742299,0.2617993877991417,0.0,-1.5470180459419585,170,170,170,180,190,200,190
5.306810617446899,-0.003940494233635755,10.878965784742299,0.2617993877991417,0.0,-1.5470180459419585,170,170,170,180,190,200,190
5.317148208618164,-0.003940494233635755,10.878965784742299,0.2617993877991417,0.0,-1.5470180459419585,170,170,170,180,190,200,190
5.327581882476807,-0.004149847506694254,10.870042939911464,0.2617993877991417,0.0,-1.5470802876831609,180,170,160,180,190,200,190
5.337973594665527,-0.004149847506694254,10.870042939911464,0.2617993877991417,0.0,-1.5470802876831609,180,170,160,180,190,200,190
5.349194288253784,-0.004149847506694254,10.870042939911464,0.2617993877991417,0.0,-1.5470802876831609,180,170,160,180,190,200,190
5.359636545181274,-0.004353892902685882,10.861400999578942,0.2617993877991417,0.0,-1.5472235198462672,180,170,160,180,190,200,190
5.3699212074279785,-0.004353892902685882,10.861400999578942,0.2617993877991417,0.0,-1.5472235198462672,170,170,160,170,200,200,200
5.380223274230957,-0.004353892902685882,10.861400999578942,0.2617993877991417,0.0,-1.5472235198462672,170,170,160,170,200,200,200
5.39259672164917,-0.004552629368770452,10.8527821410242,0.2617993877991417,0.0,-1.547369667585646,170,170,160,170,200,200,200
5.403573751449585,-0.004552629368770452,10.8527821410242,0.2617993877991417,0.0,-1.547369667585646,170,170,160,170,200,200,200
5.414785146713257,-0.004552629368770452,10.8527821410242,0.2617993877991417,0.0,-1.547369667585646,170,160,160,170,180,170,190
5.425151109695435,-0.004552629368770452,10.8527821410242,0.2617993877991417,0.0,-1.547369667585646,170,160,160,170,180,170,190
5.438629388809204,-0.004758410235102137,10.843940277262755,0.2617993877991417,0.0,-1.5471699891740618,170,160,160,170,180,170,190
5.4489195346832275,-0.004758410235102137,10.843940277262755,0.2617993877991417,0.0,-1.5471699891740618,170,160,160,170,180,170,190
5.459199905395508,-0.004959832022070704,10.835338350279379,0.2617993877991417,0.0,-1.547075524007946,170,160,160,170,190,170,200
5.469593524932861,-0.004959832022070704,10.835338350279379,0.2617993877991417,0.0,-1.547075524007946,170,160,160,170,190,170,200
5.482508182525635,-0.004959832022070704,10.835338350279379,0.2617993877991417,0.0,-1.547075524007946,170,160,160,170,190,170,200
5.492785453796387,-0.005163165602030546,10.826727188298797,0.2617993877991417,0.0,-1.5469827621137797,170,160,160,170,190,170,200
5.503080606460571,-0.005163165602030546,10.826727188298797,0.2617993877991417,0.0,-1.5469827621137797,170,160,160,170,190,170,200
5.513469934463501,-0.005163165602030546,10.826727188298797,0.2617993877991417,0.0,-1.5469827621137797,170,160,160,170,180,170,190
5.530199289321899,-0.005374277231475396,10.817844436791258,0.2617993877991417,0.0,-1.5468899729048122,170,160,160,170,180,170,190
5.5405378341674805,-0.005374277231475396,10.817844436791258,0.2617993877991417,0.0,-1.5468899729048122,170,160,160,170,180,170,190
5.550910949707031,-0.005374277231475396,10.817844436791258,0.2617993877991417,0.0,-1.5468899729048122,170,160,170,160,180,190,210
5.56897234916687,-0.005580029824864186,10.80921125168581,0.2617993877991417,0.0,-1.5468104897688633,170,160,170,160,180,190,210
5.579342603683472,-0.005580029824864186,10.80921125168581,0.2617993877991417,0.0,-1.5468104897688633,170,160,170,160,180,190,210
5.589792013168335,-0.005580029824864186,10.80921125168581,0.2617993877991417,0.0,-1.5468104897688633,170,160,170,160,180,190,210
5.600405216217041,-0.0057866778368376,10.800567238212174,0.2617993877991417,0.0,-1.5467378467697466,170,160,170,160,190,190,200
5.61754035949707,-0.0057866778368376,10.800567238212174,0.2617993877991417,0.0,-1.5467378467697466,170,160,170,160,190,190,200
5.627816200256348,-0.006000543173941765,10.791651353435174,0.2617993877991417,0.0,-1.5466662354237317,170,160,170,160,190,190,200
5.637996673583984,-0.006000543173941765,10.791651353435174,0.2617993877991417,0.0,-1.5466662354237317,170,160,170,160,190,190,210
5.648228406906128,-0.006000543173941765,10.791651353435174,0.2617993877991417,0.0,-1.5466662354237317,170,160,170,160,190,190,210
5.6635143756866455,-0.006000543173941765,10.791651353435174,0.2617993877991417,0.0,-1.5466662354237317,170,160,170,160,190,190,210
5.673875331878662,-0.00620962788119674,10.78298937829882,0.2617993877991417,0.0,-1.5466033402730117,170,160,170,160,190,190,210
5.6841139793396,-0.00620962788119674,10.78298937829882,0.2617993877991417,0.0,-1.5466033402730117,170,160,170,160,190,190,210
5.694351434707642,-0.0064196398587745085,10.774325063875928,0.2617993877991417,0.0,-1.5465938554684946,170,160,160,160,190,190,200
5.708837509155273,-0.0064196398587745085,10.774325063875928,0.2617993877991417,0.0,-1.5465938554684946,170,160,160,160,190,190,200
5.719563007354736,-0.0064196398587745085,10.774325063875928,0.2617993877991417,0.0,-1.5465938554684946,170,160,160,160,190,190,200
5.729851484298706,-0.006632554379525045,10.765403687630934,0.2617993877991417,0.0,-1.5466650017386459,170,160,160,160,190,190,200
5.740189075469971,-0.006632554379525045,10.765403687630934,0.2617993877991417,0.0,-1.5466650017386459,170,160,160,160,190,190,200
5.751399278640747,-0.006632554379525045,10.765403687630934,0.2617993877991417,0.0,-1.5466650017386459,170,160,160,160,190,190,200
5.761641263961792,-0.006840420788888581,10.756766207051115,0.2617993877991417,0.0,-1.546826053553497,170,160,160,160,190,190,200
5.771907567977905,-0.006840420788888581,10.756766207051115,0.2617993877991417,0.0,-1.546826053553497,170,160,170,160,190,190,200
5.7821877002716064,-0.006840420788888581,10.756766207051115,0.2617993877991417,0.0,-1.546826053553497,170,160,170,160,190,190,200
5.795342922210693,-0.007042093822312816,10.74814872535078,0.2617993877991417,0.0,-1.5469485084777639,170,160,170,160,190,190,200
5.805677175521851,-0.007042093822312816,10.74814872535078,0.2617993877991417,0.0,-1.5469485084777639,170,160,170,160,190,190,200
5.816013813018799,-0.007042093822312816,10.74814872535078,0.2617993877991417,0.0,-1.5469485084777639,170,170,160,160,190,200,210
5.8263936042785645,-0.0072524328820066115,10.739311121262748,0.2617993877991417,0.0,-1.5467141445533148,170,170,160,160,190,200,210
5.839128494262695,-0.0072524328820066115,10.739311121262748,0.2617993877991417,0.0,-1.5467141445533148,170,170,160,160,190,200,210
5.849491596221924,-0.0072524328820066115,10.739311121262748,0.2617993877991417,0.0,-1.5467141445533148,170,170,160,160,190,200,210
5.859800100326538,-0.007457602928799862,10.730706153612667,0.2617993877991417,0.0,-1.546634596142075,170,170,160,160,190,200,210
5.8700947761535645,-0.007457602928799862,10.730706153612667,0.2617993877991417,0.0,-1.546634596142075,170,160,160,160,190,190,210
5.88601541519165,-0.007457602928799862,10.730706153612667,0.2617993877991417,0.0,-1.546634596142075,170,160,160,160,190,190,210
5.8964502811431885,-0.007664953393801551,10.722094075394967,0.2617993877991417,0.0,-1.5465412669062357,170,160,160,160,190,190,210
5.906782627105713,-0.007664953393801551,10.722094075394967,0.2617993877991417,0.0,-1.5465412669062357,170,160,160,160,190,190,190
5.926471710205078,-0.007664953393801551,10.722094075394967,0.2617993877991417,0.0,-1.5465412669062357,170,160,160,160,190,190,190
5.937005281448364,-0.007880021385602145,10.713209971034681,0.2617993877991417,0.0,-1.5464499683745723,170,160,160,160,190,190,190
5.947338104248047,-0.007880021385602145,10.713209971034681,0.2617993877991417,0.0,-1.5464499683745723,170,160,160,160,190,190,190
5.95770001411438,-0.007880021385602145,10.713209971034681,0.2617993877991417,0.0,-1.5464499683745723,170,170,160,160,190,190,190
5.972218751907349,-0.008089595218323687,10.704575513780757,0.2617993877991417,0.0,-1.5463717435674758,170,170,160,160,190,190,190
5.982550144195557,-0.008089595218323687,10.704575513780757,0.2617993877991417,0.0,-1.5463717435674758,170,170,160,160,190,190,190
5.9928436279296875,-0.008300065093975047,10.69593045105044,0.2617993877991417,0.0,-1.5462991590300248,170,170,160,160,190,190,190
6.0031280517578125,-0.008300065093975047,10.69593045105044,0.2617993877991417,0.0,-1.5462991590300248,170,170,160,160,190,190,200
6.013521909713745,-0.008300065093975047,10.69593045105044,0.2617993877991417,0.0,-1.5462991590300248,170,170,160,160,190,190,200
6.02509617805481,-0.008300065093975047,10.69593045105044,0.2617993877991417,0.0,-1.5462991590300248,170,170,160,160,190,190,200
6.0354015827178955,-0.008300065093975047,10.69593045105044,0.2617993877991417,0.0,-1.5462991590300248,170,170,160,160,190,190,200
6.045766830444336,-0.008517923624693372,10.687013578869966,0.2617993877991417,0.0,-1.5462271374778815,170,170,160,150,190,190,190
6.056098937988281,-0.008517923624693372,10.687013578869966,0.2617993877991417,0.0,-1.5462271374778815,170,170,160,150,190,190,190
6.067748069763184,-0.008730890684042036,10.678350998960397,0.2617993877991417,0.0,-1.5461679534855948,170,170,160,150,190,190,190
6.078075647354126,-0.008730890684042036,10.678350998960397,0.2617993877991417,0.0,-1.5461679534855948,170,170,160,150,190,190,190
6.08840799331665,-0.008730890684042036,10.678350998960397,0.2617993877991417,0.0,-1.5461679534855948,170,170,160,150,190,190,190
6.098718881607056,-0.008944842007457302,10.669687115983358,0.2617993877991417,0.0,-1.5461674722547838,170,170,160,150,190,190,190
6.109241724014282,-0.008944842007457302,10.669687115983358,0.2617993877991417,0.0,-1.5461674722547838,170,170,160,150,190,190,190
6.119606256484985,-0.008944842007457302,10.669687115983358,0.2617993877991417,0.0,-1.5461674722547838,170,170,160,150,190,190,190
6.129940986633301,-0.009161058693651412,10.660767107292067,0.2617993877991417,0.0,-1.546245714900066,170,170,160,160,190,190,200
6.140284299850464,-0.009161058693651412,10.660767107292067,0.2617993877991417,0.0,-1.546245714900066,170,170,160,160,190,190,200
6.15274715423584,-0.009161058693651412,10.660767107292067,0.2617993877991417,0.0,-1.546245714900066,170,170,160,160,190,190,200
6.163042068481445,-0.009372487672556561,10.652133593987797,0.2617993877991417,0.0,-1.546419976006763,170,170,160,160,190,190,200
6.173344850540161,-0.009372487672556561,10.652133593987797,0.2617993877991417,0.0,-1.546419976006763,170,170,160,160,200,190,200
6.183607339859009,-0.009372487672556561,10.652133593987797,0.2617993877991417,0.0,-1.546419976006763,170,170,160,160,200,190,200
6.196188926696777,-0.009577202663787886,10.643518179666069,0.2617993877991417,0.0,-1.546514392937152,170,170,160,160,200,190,200
6.206416606903076,-0.009577202663787886,10.643518179666069,0.2617993877991417,0.0,-1.546514392937152,170,170,160,160,200,190,200
6.2167370319366455,-0.009577202663787886,10.643518179666069,0.2617993877991417,0.0,-1.546514392937152,170,170,160,160,200,190,200
6.227031230926514,-0.009577202663787886,10.643518179666069,0.2617993877991417,0.0,-1.546514392937152,170,170,160,160,200,190,200
6.243434429168701,-0.009791959583696693,10.634682649670001,0.2617993877991417,0.0,-1.546263807466034,170,170,160,160,200,190,200
6.253767251968384,-0.009791959583696693,10.634682649670001,0.2617993877991417,0.0,-1.546263807466034,170,170,160,160,200,190,200
6.2640221118927,-0.010000915029482929,10.626073792600828,0.2617993877991417,0.0,-1.5462034144044543,170,170,160,160,200,190,200
6.274317026138306,-0.010000915029482929,10.626073792600828,0.2617993877991417,0.0,-1.5462034144044543,170,170,160,160,190,190,190
6.289117336273193,-0.010000915029482929,10.626073792600828,0.2617993877991417,0.0,-1.5462034144044543,170,170,160,160,190,190,190
6.299377202987671,-0.010212085757554917,10.617460603931747,0.2617993877991417,0.0,-1.5461099860782352,170,170,160,160,190,190,190
6.309609413146973,-0.010212085757554917,10.617460603931747,0.2617993877991417,0.0,-1.5461099860782352,170,170,160,160,200,190,200
6.319835424423218,-0.010212085757554917,10.617460603931747,0.2617993877991417,0.0,-1.5461099860782352,170,170,160,160,200,190,200
6.333393335342407,-0.010212085757554917,10.617460603931747,0.2617993877991417,0.0,-1.5461099860782352,170,170,160,160,200,190,200
6.343846321105957,-0.010430981957386535,10.608575104072262,0.2617993877991417,0.0,-1.5460199802400652,170,170,160,160,200,190,200
6.35410213470459,-0.010430981957386535,10.608575104072262,0.2617993877991417,0.0,-1.5460199802400652,170,170,160,160,200,190,200
6.364373683929443,-0.010644291402073023,10.59993932869871,0.2617993877991417,0.0,-1.5459428893767864,170,170,160,160,200,190,200
6.377000093460083,-0.010644291402073023,10.59993932869871,0.2617993877991417,0.0,-1.5459428893767864,170,170,160,160,200,190,200
6.387280702590942,-0.010644291402073023,10.59993932869871,0.2617993877991417,0.0,-1.5459428893767864,170,170,160,160,200,190,200
6.397562026977539,-0.010858500125445399,10.591293167615307,0.2617993877991417,0.0,-1.5458704260959866,170,170,160,160,200,190,200
6.407789468765259,-0.010858500125445399,10.591293167615307,0.2617993877991417,0.0,-1.5458704260959866,170,170,160,150,190,190,200
6.422812461853027,-0.010858500125445399,10.591293167615307,0.2617993877991417,0.0,-1.5458704260959866,170,170,160,150,190,190,200
6.433359861373901,-0.011080275869128076,10.58237527627616,0.2617993877991417,0.0,-1.545798256314729,170,170,160,150,190,190,200
6.4436798095703125,-0.011080275869128076,10.58237527627616,0.2617993877991417,0.0,-1.545798256314729,170,170,160,150,190,190,200
6.454042434692383,-0.011080275869128076,10.58237527627616,0.2617993877991417,0.0,-1.545798256314729,170,170,160,150,190,190,210
6.467769145965576,-0.011297023406074042,10.573712153218935,0.2617993877991417,0.0,-1.5457436186215123,170,170,160,150,190,190,210
6.478077411651611,-0.011297023406074042,10.573712153218935,0.2617993877991417,0.0,-1.5457436186215123,170,170,160,150,190,190,210
6.48839807510376,-0.011297023406074042,10.573712153218935,0.2617993877991417,0.0,-1.5457436186215123,170,170,160,160,190,190,210
6.498718023300171,-0.01151485118219172,10.56504875152704,0.2617993877991417,0.0,-1.5457526895361229,170,170,160,160,190,190,210
6.509317874908447,-0.01151485118219172,10.56504875152704,0.2617993877991417,0.0,-1.5457526895361229,170,170,160,160,190,190,210
6.5195300579071045,-0.01151485118219172,10.56504875152704,0.2617993877991417,0.0,-1.5457526895361229,170,170,160,160,190,190,210
6.529796361923218,-0.011734828944642724,10.55613038548849,0.2617993877991417,0.0,-1.5458376336202013,170,170,160,160,200,190,210
6.540230751037598,-0.011734828944642724,10.55613038548849,0.2617993877991417,0.0,-1.5458376336202013,170,170,160,160,200,190,210
6.551471471786499,-0.011734828944642724,10.55613038548849,0.2617993877991417,0.0,-1.5458376336202013,170,170,160,160,200,190,210
6.561779499053955,-0.011949257837680107,10.547500387411993,0.2617993877991417,0.0,-1.546021188715041,170,170,160,160,200,190,210
6.572039604187012,-0.011949257837680107,10.547500387411993,0.2617993877991417,0.0,-1.546021188715041,170,170,160,160,200,190,210
6.582292079925537,-0.011949257837680107,10.547500387411993,0.2617993877991417,0.0,-1.546021188715041,170,170,160,160,200,190,210
6.59807014465332,-0.012157261400137584,10.538888051595986,0.2617993877991417,0.0,-1.546082598000459,170,170,160,160,200,190,210
6.60835599899292,-0.012157261400137584,10.538888051595986,0.2617993877991417,0.0,-1.546082598000459,170,170,160,160,200,190,210
6.618601322174072,-0.012157261400137584,10.538888051595986,0.2617993877991417,0.0,-1.546082598000459,170,170,160,160,200,190,210
6.6289167404174805,-0.012157261400137584,10.538888051595986,0.2617993877991417,0.0,-1.546082598000459,170,170,160,160,200,190,200
6.644219875335693,-0.01237586110277431,10.530052517145657,0.2617993877991417,0.157079632679485,-1.5458306912160142,170,170,160,160,200,190,200
6.6544835567474365,-0.01237586110277431,10.530052517145657,0.2617993877991417,0.157079632679485,-1.5458306912160142,170,170,160,160,200,190,200
6.6648640632629395,-0.012588694217456294,10.521441951286146,0.2617993877991417,0.17453292519942779,-1.5457749247966688,170,160,160,170,200,190,200
6.685074090957642,-0.012588694217456294,10.521441951286146,0.2617993877991417,0.19198621771937055,-1.5457749247966688,170,160,160,170,200,190,200
6.695411443710327,-0.012792307199083199,10.513262112608452,0.2617993877991417,0.20943951023931331,-1.5461102924056038,170,160,160,170,200,190,200
6.705666780471802,-0.012792307199083199,10.513262112608452,0.2617993877991417,0.20943951023931331,-1.5461102924056038,170,160,160,160,200,190,200
6.715968608856201,-0.012792307199083199,10.513262112608452,0.2617993877991417,0.20943951023931331,-1.5461102924056038,170,160,160,160,200,190,200
6.729538679122925,-0.012985771768317379,10.505055918720211,0.2617993877991417,0.2268928027592561,-1.548422235849659,170,160,160,160,200,190,200
6.7398293018341064,-0.012985771768317379,10.505055918720211,0.2617993877991417,0.2268928027592561,-1.548422235849659,170,160,160,160,200,190,200
6.750086784362793,-0.012985771768317379,10.505055918720211,0.2617993877991417,0.2268928027592561,-1.548422235849659,170,160,160,160,200,190,200
6.760328769683838,-0.01315100817258498,10.496663372962978,0.2617993877991417,0.2268928027592561,-1.554481752720032,170,160,160,160,190,180,200
6.779036521911621,-0.01315100817258498,10.496663372962978,0.2617993877991417,0.2268928027592561,-1.554481752720032,170,160,160,160,190,180,200
6.789419889450073,-0.01315100817258498,10.496663372962978,0.2617993877991417,0.2268928027592561,-1.554481752720032,170,160,160,160,190,180,200
6.7996697425842285,-0.013259945860229277,10.48807461885721,0.2617993877991417,0.2268928027592561,-1.5618536355077477,170,160,160,160,190,180,200
6.810126304626465,-0.013259945860229277,10.48807461885721,0.2617993877991417,0.2268928027592561,-1.5618536355077477,170,160,160,160,190,180,200
6.823046445846558,-0.013259945860229277,10.48807461885721,0.2617993877991417,0.2268928027592561,-1.5618536355077477,170,160,160,160,190,180,200
6.833346843719482,-0.013306143966943646,10.479214111426213,0.2617993877991417,0.20943951023931331,-1.5694644244332474,170,160,160,160,190,180,200
6.843583106994629,-0.013306143966943646,10.479214111426213,0.2617993877991417,0.19198621771937055,-1.5694644244332474,170,160,160,160,190,180,200
6.854218482971191,-0.013306143966943646,10.479214111426213,0.2617993877991417,0.17453292519942779,-1.5694644244332474,170,160,160,160,190,180,180
6.870573997497559,-0.013289002740739271,10.4705994835221,0.2617993877991417,0.17453292519942779,-1.5763175517055155,170,160,160,160,190,180,180
6.88090181350708,-0.013289002740739271,10.4705994835221,0.2617993877991417,0.17453292519942779,-1.5763175517055155,170,160,160,160,190,180,180
6.891237735748291,-0.013289002740739271,10.4705994835221,0.2617993877991417,0.12217304763959944,-1.5763175517055155,170,160,160,160,190,180,180
6.901565313339233,-0.013219362361589104,10.461963450680088,0.2617993877991417,0.10471975511965666,-1.5820571198810263,170,160,160,160,180,180,180
6.91408371925354,-0.013219362361589104,10.461963450680088,0.2617993877991417,0.10471975511965666,-1.5820571198810263,170,160,160,160,180,180,180
6.9243128299713135,-0.013219362361589104,10.461963450680088,0.2617993877991417,0.08726646259971389,-1.5820571198810263,170,160,160,160,180,180,180
6.934797763824463,-0.013103459799592222,10.453054652314906,0.2617993877991417,0.06981317007977111,-1.586385942221318,170,160,160,160,180,180,180
6.945008277893066,-0.013103459799592222,10.453054652314906,0.2617993877991417,0.06981317007977111,-1.586385942221318,170,160,160,160,170,170,180
6.959874391555786,-0.013103459799592222,10.453054652314906,0.2617993877991417,0.05235987755982833,-1.586385942221318,170,160,160,160,170,170,180
6.9703826904296875,-0.0129600706030675,10.444440151253048,0.2617993877991417,0.05235987755982833,-1.5897797101942883,170,160,160,160,170,170,180
6.98058295249939,-0.0129600706030675,10.444440151253048,0.2617993877991417,0.05235987755982833,-1.5897797101942883,170,160,160,160,170,170,180
6.99084210395813,-0.0129600706030675,10.444440151253048,0.2617993877991417,0.0,-1.5897797101942883,160,160,160,160,180,180,180
7.009201526641846,-0.012780174642826976,10.435850812168912,0.2617993877991417,0.0,-1.591968674708298,160,160,160,160,180,180,180
7.0195152759552,-0.012780174642826976,10.435850812168912,0.2617993877991417,0.0,-1.591968674708298,160,160,160,160,180,180,180
7.029808759689331,-0.012589391486684587,10.426998529830323,0.2617993877991417,0.0,-1.5922397371710253,170,160,160,170,190,180,190
7.048929929733276,-0.012589391486684587,10.426998529830323,0.2617993877991417,0.0,-1.5922397371710253,170,160,160,170,190,180,190
7.059175968170166,-0.012404354468720156,10.418391944014548,0.2617993877991417,0.0,-1.592238927922547,170,160,160,170,190,180,190
7.069376707077026,-0.012404354468720156,10.418391944014548,0.2617993877991417,0.0,-1.592238927922547,170,170,160,160,180,170,180
7.079627275466919,-0.012404354468720156,10.418391944014548,0.2617993877991417,0.0,-1.592238927922547,170,170,160,160,180,170,180
7.090822696685791,-0.012404354468720156,10.418391944014548,0.2617993877991417,0.0,-1.592238927922547,170,170,160,160,180,170,180
7.10106348991394,-0.01221869103661474,10.409775244832758,0.2617993877991417,0.0,-1.5922282354535635,170,170,160,160,180,170,180
7.111799478530884,-0.01221869103661474,10.409775244832758,0.2617993877991417,0.0,-1.5922282354535635,170,170,160,160,180,170,180
7.122248888015747,-0.01221869103661474,10.409775244832758,0.2617993877991417,0.0,-1.5922282354535635,160,160,160,160,190,190,210
7.138199806213379,-0.012027277720299311,10.400886352524068,0.2617993877991417,0.0,-1.5922194792666644,160,160,160,160,190,190,210
7.148419618606567,-0.012027277720299311,10.400886352524068,0.2617993877991417,0.0,-1.5922194792666644,160,160,160,160,190,190,210
7.158653020858765,-0.012027277720299311,10.400886352524068,0.2617993877991417,0.0,-1.5922194792666644,160,160,160,160,190,190,210
7.168864011764526,-0.011841382378508512,10.39224880928234,0.2617993877991417,0.0,-1.5922091087552412,160,160,160,160,190,190,210
7.180983781814575,-0.011841382378508512,10.39224880928234,0.2617993877991417,0.0,-1.5922091087552412,160,160,160,160,190,190,210
7.191227912902832,-0.011841382378508512,10.39224880928234,0.2617993877991417,0.0,-1.5922091087552412,160,160,160,160,190,190,210
7.2014429569244385,-0.011655395615696812,10.383601262766877,0.2617993877991417,0.0,-1.592197787771409,160,160,160,160,180,180,190
7.222280025482178,-0.011655395615696812,10.383601262766877,0.2617993877991417,0.0,-1.592197787771409,160,160,160,160,180,180,190
7.232546091079712,-0.011463906669709822,10.374680817537786,0.2617993877991417,0.0,-1.592190597088187,160,160,160,160,180,180,190
7.242764949798584,-0.011463906669709822,10.374680817537786,0.2617993877991417,0.0,-1.592190597088187,160,160,150,160,180,180,200
7.2529942989349365,-0.011463906669709822,10.374680817537786,0.2617993877991417,0.0,-1.592190597088187,160,160,150,160,180,180,200
7.265377044677734,-0.011463906669709822,10.374680817537786,0.2617993877991417,0.0,-1.592190597088187,160,160,150,160,180,180,200
7.275600433349609,-0.011278603322867857,10.36601260176019,0.2617993877991417,0.0,-1.5921902325342807,160,160,150,160,180,180,200
7.285799264907837,-0.011278603322867857,10.36601260176019,0.2617993877991417,0.0,-1.5921902325342807,160,160,150,160,180,180,200
7.296013355255127,-0.011093728639832698,10.357340292419845,0.2617993877991417,0.0,-1.5922115394270155,160,160,150,160,180,180,200
7.310877084732056,-0.011093728639832698,10.357340292419845,0.2617993877991417,0.0,-1.5922115394270155,160,160,150,160,180,180,200
7.321088790893555,-0.011093728639832698,10.357340292419845,0.2617993877991417,0.05235987755982833,-1.5922115394270155,160,160,150,160,180,180,200
7.331278562545776,-0.01090745709253381,10.348416262054116,0.2617993877991417,0.06981317007977111,-1.5922804362694243,160,160,150,160,180,180,200
7.349986553192139,-0.01090745709253381,10.348416262054116,0.2617993877991417,0.06981317007977111,-1.5922804362694243,160,160,150,160,180,180,200
7.360246181488037,-0.010724261774739764,10.339755022169,0.2617993877991417,0.08726646259971389,-1.5931072776854804,160,160,150,160,180,180,200
7.370459794998169,-0.010724261774739764,10.339755022169,0.2617993877991417,0.12217304763959944,-1.5931072776854804,160,160,150,160,180,180,190
7.3806867599487305,-0.010724261774739764,10.339755022169,0.2617993877991417,0.13962634015954223,-1.5931072776854804,160,160,150,160,180,180,190
7.392070531845093,-0.010724261774739764,10.339755022169,0.2617993877991417,0.13962634015954223,-1.5931072776854804,160,160,150,160,180,180,190
7.402386665344238,-0.01051844217484173,10.331198162017259,0.2617993877991417,0.157079632679485,-1.5950100928829258,160,160,150,160,180,180,190
7.413003444671631,-0.01051844217484173,10.331198162017259,0.2617993877991417,0.157079632679485,-1.5950100928829258,160,160,150,160,190,170,170
7.431858539581299,-0.010287862351952101,10.322419565839208,0.2617993877991417,0.17453292519942779,-1.5992422680925973,160,160,150,160,190,170,170
7.4421021938323975,-0.010287862351952101,10.322419565839208,0.2617993877991417,0.17453292519942779,-1.5992422680925973,160,160,150,160,190,170,170
7.452334403991699,-0.010287862351952101,10.322419565839208,0.2617993877991417,0.17453292519942779,-1.5992422680925973,160,160,150,160,190,170,170
7.4625403881073,-0.010022140289450187,10.313859145351111,0.2617993877991417,0.17453292519942779,-1.604361210926209,170,160,160,160,180,160,170
7.481032848358154,-0.010022140289450187,10.313859145351111,0.2617993877991417,0.17453292519942779,-1.604361210926209,170,160,160,160,180,160,170
7.4912896156311035,-0.010022140289450187,10.313859145351111,0.2617993877991417,0.13962634015954223,-1.604361210926209,170,160,160,160,180,160,170
7.50150203704834,-0.009709922486460527,10.305295432413002,0.2617993877991417,0.13962634015954223,-1.6100628412699511,170,160,160,160,180,160,170
7.51188063621521,-0.009709922486460527,10.305295432413002,0.2617993877991417,0.12217304763959944,-1.6100628412699511,170,160,160,150,180,160,170
7.531818389892578,-0.009709922486460527,10.305295432413002,0.2617993877991417,0.12217304763959944,-1.6100628412699511,170,160,160,150,180,160,170
7.54205322265625,-0.009338465115616326,10.296457121507109,0.2617993877991417,0.06981317007977111,-1.615395660785988,170,160,160,150,180,160,170
7.552255868911743,-0.009338465115616326,10.296457121507109,0.2617993877991417,0.06981317007977111,-1.615395660785988,170,160,160,150,180,160,170
7.562479734420776,-0.00893958145699766,10.287851064265428,0.2617993877991417,0.06981317007977111,-1.6184524615383336,170,160,160,160,180,160,170
7.576295614242554,-0.00893958145699766,10.287851064265428,0.2617993877991417,0.06981317007977111,-1.6184524615383336,170,160,160,160,180,160,170
7.586492300033569,-0.00893958145699766,10.287851064265428,0.2617993877991417,0.06981317007977111,-1.6184524615383336,170,160,160,160,180,160,170
7.59674334526062,-0.008518830958914505,10.27922543973235,0.2617993877991417,0.05235987755982833,-1.6207799240627103,160,160,160,160,180,160,180
7.61698055267334,-0.008518830958914505,10.27922543973235,0.2617993877991417,0.05235987755982833,-1.6207799240627103,160,160,160,160,180,160,180
7.627193212509155,-0.008068281683012168,10.270321815844149,0.2617993877991417,0.05235987755982833,-1.6225846667334727,160,160,160,160,180,160,180
7.637403964996338,-0.008068281683012168,10.270321815844149,0.2617993877991417,0.0,-1.6225846667334727,160,160,160,160,180,160,180
7.6476287841796875,-0.008068281683012168,10.270321815844149,0.2617993877991417,0.0,-1.6225846667334727,160,160,150,140,180,160,170
7.663156270980835,-0.007616434348407959,10.26167005619117,0.2617993877991417,0.0,-1.6243146272127345,160,160,150,140,180,160,170
7.673400163650513,-0.007616434348407959,10.26167005619117,0.2617993877991417,0.0,-1.6243146272127345,160,160,150,140,180,160,170
7.6836206912994385,-0.007616434348407959,10.26167005619117,0.2617993877991417,0.0,-1.6243146272127345,160,160,150,160,160,160,170
7.693810701370239,-0.007151272129047892,10.253003914412625,0.2617993877991417,0.0,-1.6245029752882136,160,160,150,160,160,160,170
7.7047154903411865,-0.007151272129047892,10.253003914412625,0.2617993877991417,0.0,-1.6245029752882136,160,160,150,160,160,160,170
7.714959144592285,-0.007151272129047892,10.253003914412625,0.2617993877991417,0.0,-1.6245029752882136,160,160,150,160,160,160,170
7.725187063217163,-0.007151272129047892,10.253003914412625,0.2617993877991417,0.0,-1.6245029752882136,150,150,150,150,170,170,170
7.7353737354278564,-0.00667743784746786,10.244087718086554,0.2617993877991417,0.0,-1.6245043017151788,150,150,150,150,170,170,170
7.746642827987671,-0.00667743784746786,10.244087718086554,0.2617993877991417,0.0,-1.6245043017151788,150,150,150,150,170,170,170
7.7568745613098145,-0.00667743784746786,10.244087718086554,0.2617993877991417,0.0,-1.6245043017151788,150,150,150,150,170,170,170
7.767093658447266,-0.006216400882611843,10.235453571070552,0.2617993877991417,0.0,-1.6246113469369612,150,150,150,140,170,170,170
7.777303695678711,-0.006216400882611843,10.235453571070552,0.2617993877991417,0.0,-1.6246113469369612,150,150,150,140,170,170,170
7.788954257965088,-0.006216400882611843,10.235453571070552,0.2617993877991417,0.0,-1.6246113469369612,150,150,150,140,170,170,170
7.799165487289429,-0.0057490437847911285,10.226888743192982,0.2617993877991417,0.0,-1.6247578069737374,150,150,150,140,170,170,170
7.80934476852417,-0.0057490437847911285,10.226888743192982,0.2617993877991417,0.0,-1.6247578069737374,150,150,150,140,170,170,170
7.81965708732605,-0.0057490437847911285,10.226888743192982,0.2617993877991417,0.0,-1.6247578069737374,150,150,150,140,170,170,170
7.830548524856567,-0.005269282754344855,10.21803320273002,0.2617993877991417,0.0,-1.6247701951685227,150,150,150,140,170,170,170
7.840766906738281,-0.005269282754344855,10.21803320273002,0.2617993877991417,0.0,-1.6247701951685227,150,150,150,140,170,170,170
7.850948095321655,-0.005269282754344855,10.21803320273002,0.2617993877991417,0.0,-1.6247701951685227,150,160,150,150,170,180,190
7.871546745300293,-0.004803893838253895,10.209436031552233,0.2617993877991417,0.0,-1.6248161125340148,150,160,150,150,170,180,190
7.881811141967773,-0.004803893838253895,10.209436031552233,0.2617993877991417,0.0,-1.6248161125340148,150,160,150,150,170,180,190
7.892019271850586,-0.004803893838253895,10.209436031552233,0.2617993877991417,0.0,-1.6248161125340148,150,150,150,150,170,180,190
7.902434587478638,-0.004337196928228454,10.200828041650084,0.2617993877991417,0.0,-1.6248528416499688,150,150,150,150,170,180,190
7.913049697875977,-0.004337196928228454,10.200828041650084,0.2617993877991417,0.0,-1.6248528416499688,150,150,150,150,170,180,190
7.923269510269165,-0.004337196928228454,10.200828041650084,0.2617993877991417,0.0,-1.6248528416499688,150,150,150,150,170,180,190
7.933478832244873,-0.003855659671813849,10.19194807614007,0.2617993877991417,0.0,-1.6248802671824625,150,150,150,150,160,180,190
7.952944040298462,-0.003855659671813849,10.19194807614007,0.2617993877991417,0.0,-1.6248802671824625,150,150,150,150,160,180,190
7.963162422180176,-0.0033875936041325647,10.18331922534272,0.2617993877991417,0.0,-1.624905491786773,150,150,150,150,160,180,190
7.9733991622924805,-0.0033875936041325647,10.18331922534272,0.2617993877991417,0.0,-1.624905491786773,150,150,150,150,160,180,190
7.9839630126953125,-0.0033875936041325647,10.18331922534272,0.2617993877991417,0.0,-1.624905491786773,150,150,150,140,160,180,180
7.9980597496032715,-0.0033875936041325647,10.18331922534272,0.2617993877991417,0.0,-1.624905491786773,150,150,150,140,160,180,180
8.008390665054321,-0.0029188992484552667,10.174680023125264,0.2617993877991417,0.0,-1.624930750023528,150,150,150,140,160,180,180
8.018589973449707,-0.0029188992484552667,10.174680023125264,0.2617993877991417,0.0,-1.624930750023528,150,150,150,140,160,180,180
8.029138803482056,-0.0024354405434872375,10.165767882455558,0.2617993877991417,0.0,-1.624959471226545,150,150,150,140,160,180,180
8.039341688156128,-0.0024354405434872375,10.165767882455558,0.2617993877991417,0.0,-1.624959471226545,150,150,150,150,160,180,180
8.056242942810059,-0.0024354405434872375,10.165767882455558,0.2617993877991417,0.0,-1.624959471226545,150,150,150,150,160,180,180
8.066484212875366,-0.001966155965624588,10.15710871199482,0.2617993877991417,0.0,-1.6249782025570454,150,150,150,150,160,180,180
8.076686382293701,-0.001966155965624588,10.15710871199482,0.2617993877991417,0.0,-1.6249782025570454,160,160,150,140,160,190,180
8.08690333366394,-0.001966155965624588,10.15710871199482,0.2617993877991417,0.0,-1.6249782025570454,160,160,150,140,160,190,180
8.097829818725586,-0.001497679231707775,10.148447493746374,0.2617993877991417,0.0,-1.6249663705884612,160,160,150,140,160,190,180
8.108059167861938,-0.001497679231707775,10.148447493746374,0.2617993877991417,0.0,-1.6249663705884612,160,160,150,140,160,190,180
8.118584632873535,-0.001497679231707775,10.148447493746374,0.2617993877991417,0.0,-1.6249663705884612,150,150,150,140,160,180,170
8.138771533966064,-0.0010201080567813238,10.139533136718061,0.2617993877991417,0.0,-1.6249731451985787,150,150,150,140,160,180,170
8.149009704589844,-0.0010201080567813238,10.139533136718061,0.2617993877991417,0.0,-1.6249731451985787,150,150,150,140,160,180,170
8.159265041351318,-0.0005535538072613925,10.130906906405073,0.2617993877991417,0.0,-1.625076523656366,150,150,150,140,160,180,170
8.16948127746582,-0.0005535538072613925,10.130906906405073,0.2617993877991417,0.0,-1.625076523656366,150,150,150,150,160,180,180
8.182885646820068,-0.0005535538072613925,10.130906906405073,0.2617993877991417,0.0,-1.625076523656366,150,150,150,150,160,180,180
8.193097114562988,-8.322516652792326e-05,10.122341765496879,0.2617993877991417,0.0,-1.6252168281065753,150,150,150,150,160,180,180
8.20330810546875,-8.322516652792326e-05,10.122341765496879,0.2617993877991417,0.0,-1.6252168281065753,150,150,150,150,160,180,180
8.213536024093628,-8.322516652792326e-05,10.122341765496879,0.2617993877991417,0.0,-1.6252168281065753,150,150,150,150,150,180,190
8.223777294158936,-8.322516652792326e-05,10.122341765496879,0.2617993877991417,0.0,-1.6252168281065753,150,150,150,150,150,180,190
8.234014749526978,0.00040069717656450357,10.113487011294271,0.2617993877991417,0.0,-1.6252394307421782,150,150,150,150,150,180,190
8.244224786758423,0.00040069717656450357,10.113487011294271,0.2617993877991417,0.0,-1.6252394307421782,150,150,150,150,150,180,190
8.254456758499146,0.00040069717656450357,10.113487011294271,0.2617993877991417,0.0,-1.6252394307421782,150,150,150,140,160,180,190
8.264683485031128,0.0008702455073231651,10.104888979929267,0.2617993877991417,0.0,-1.6252862204134824,150,150,150,140,160,180,190
8.283837795257568,0.0008702455073231651,10.104888979929267,0.2617993877991417,0.0,-1.6252862204134824,150,150,150,140,160,180,190
8.294141054153442,0.0013410603052913135,10.096279884263271,0.2617993877991417,0.0,-1.6253216303550557,150,150,150,140,160,180,190
8.304485559463501,0.0013410603052913135,10.096279884263271,0.2617993877991417,0.0,-1.6253216303550557,150,150,150,140,160,180,190
8.314732789993286,0.0013410603052913135,10.096279884263271,0.2617993877991417,0.0,-1.6253216303550557,150,150,150,140,160,180,190
8.333407878875732,0.001826814103405447,10.08739896488992,0.2617993877991417,0.0,-1.625349171132183,150,150,150,140,160,180,190
8.343619585037231,0.001826814103405447,10.08739896488992,0.2617993877991417,0.0,-1.625349171132183,150,150,150,140,160,180,190
8.353847742080688,0.001826814103405447,10.08739896488992,0.2617993877991417,0.0,-1.625349171132183,150,150,150,140,160,180,190
8.364033699035645,0.00229898185827089,10.07876915837674,0.2617993877991417,0.0,-1.6253743023541143,150,150,140,140,150,180,180
8.381547451019287,0.00229898185827089,10.07876915837674,0.2617993877991417,0.0,-1.6253743023541143,150,150,140,140,150,180,180
8.391779899597168,0.00229898185827089,10.07876915837674,0.2617993877991417,0.0,-1.6253743023541143,150,150,140,140,150,180,180
8.40202522277832,0.0027717686141174713,10.07012892100224,0.2617993877991417,0.0,-1.625399968172714,150,150,140,140,150,180,180
8.412224292755127,0.0027717686141174713,10.07012892100224,0.2617993877991417,0.0,-1.625399968172714,150,150,150,140,150,180,170
8.422435998916626,0.0027717686141174713,10.07012892100224,0.2617993877991417,0.0,-1.625399968172714,150,150,150,140,150,180,170
8.433023929595947,0.0027717686141174713,10.07012892100224,0.2617993877991417,0.0,-1.625399968172714,150,150,150,140,150,180,170
8.443197250366211,0.0032594331460885913,10.061215826377868,0.2617993877991417,0.0,-1.6254284997265827,150,150,150,140,150,180,170
8.45340371131897,0.0032594331460885913,10.061215826377868,0.2617993877991417,0.0,-1.6254284997265827,150,140,140,140,150,180,180
8.463604927062988,0.0037327144442356264,10.052556049615639,0.2617993877991417,0.0,-1.625444373538529,150,140,140,140,150,180,180
8.481274604797363,0.0037327144442356264,10.052556049615639,0.2617993877991417,0.0,-1.625444373538529,150,140,140,140,150,180,180
8.491466760635376,0.0037327144442356264,10.052556049615639,0.2617993877991417,0.0,-1.625444373538529,150,140,140,140,150,180,180
8.501690149307251,0.00420493345566542,10.043895795003099,0.2617993877991417,0.0,-1.625429014871678,150,140,140,140,150,180,180
8.51190447807312,0.00420493345566542,10.043895795003099,0.2617993877991417,0.0,-1.625429014871678,140,140,140,140,140,180,180
8.522205352783203,0.00420493345566542,10.043895795003099,0.2617993877991417,0.0,-1.625429014871678,140,140,140,140,140,180,180
8.532532215118408,0.00420493345566542,10.043895795003099,0.2617993877991417,0.0,-1.625429014871678,140,140,140,140,140,180,180
8.542731285095215,0.004686430132660308,10.034982816471127,0.2617993877991417,0.0,-1.62544763690243,140,140,140,140,140,180,180
8.553037166595459,0.004686430132660308,10.034982816471127,0.2617993877991417,0.0,-1.62544763690243,140,140,140,140,140,170,170
8.563288688659668,0.005158501356390649,10.02636619468096,0.2617993877991417,0.0,-1.6255494394322456,140,140,140,140,140,170,170
8.573601961135864,0.005158501356390649,10.02636619468096,0.2617993877991417,0.0,-1.6255494394322456,140,140,140,140,140,170,170
8.583847761154175,0.005158501356390649,10.02636619468096,0.2617993877991417,0.0,-1.6255494394322456,140,140,140,140,140,170,170
8.594070196151733,0.005631871339325745,10.017797205177033,0.2617993877991417,0.0,-1.625670637419865,140,140,140,140,140,170,170
8.604311466217041,0.005631871339325745,10.017797205177033,0.2617993877991417,0.0,-1.625670637419865,140,140,140,140,140,180,170
8.614713668823242,0.005631871339325745,10.017797205177033,0.2617993877991417,0.0,-1.625670637419865,140,140,140,140,140,180,170
8.625002384185791,0.005631871339325745,10.017797205177033,0.2617993877991417,0.0,-1.625670637419865,140,140,140,140,140,180,170
8.635740995407104,0.006119771648398319,10.008943041364926,0.2617993877991417,0.0,-1.6257028503565434,140,140,140,140,140,180,170
8.64597487449646,0.006119771648398319,10.008943041364926,0.2617993877991417,0.0,-1.6257028503565434,140,140,140,140,140,180,170
8.656197547912598,0.006119771648398319,10.008943041364926,0.2617993877991417,0.0,-1.6257028503565434,140,140,140,140,140,180,170
8.667004346847534,0.006593405568993729,10.00034402390174,0.2617993877991417,0.0,-1.6257495511261293,150,150,140,140,140,180,180
8.682788133621216,0.006593405568993729,10.00034402390174,0.2617993877991417,0.0,-1.6257495511261293,150,150,140,140,140,180,180
8.693007230758667,0.0070682759733456425,9.99173371347403,0.2617993877991417,0.0,-1.6257826921343894,150,150,140,140,140,180,180
8.703219652175903,0.0070682759733456425,9.99173371347403,0.2617993877991417,0.0,-1.6257826921343894,150,140,140,130,140,180,180
8.71339750289917,0.0070682759733456425,9.99173371347403,0.2617993877991417,0.0,-1.6257826921343894,150,140,140,130,140,180,180
8.723592281341553,0.0070682759733456425,9.99173371347403,0.2617993877991417,0.0,-1.6257826921343894,150,140,140,130,140,180,180
8.735890626907349,0.0075581831450990105,9.982851780830256,0.2617993877991417,0.0,-1.625810381517434,150,140,140,130,140,180,180
8.746055364608765,0.0075581831450990105,9.982851780830256,0.2617993877991417,0.0,-1.625810381517434,150,140,140,130,140,180,180
8.756267786026001,0.0075581831450990105,9.982851780830256,0.2617993877991417,0.0,-1.625810381517434,150,150,140,140,140,180,180
8.766534090042114,0.008034390216953641,9.974220950027131,0.2617993877991417,0.0,-1.6258354120515013,150,150,140,140,140,180,180
8.782231092453003,0.008034390216953641,9.974220950027131,0.2617993877991417,0.0,-1.6258354120515013,150,150,140,140,140,180,180
8.79245924949646,0.008511205164392523,9.965579572990286,0.2617993877991417,0.0,-1.6258617507640059,150,150,140,140,140,180,180
8.802663326263428,0.008511205164392523,9.965579572990286,0.2617993877991417,0.0,-1.6258617507640059,150,150,140,130,140,180,180
8.812883377075195,0.008511205164392523,9.965579572990286,0.2617993877991417,0.0,-1.6258617507640059,150,150,140,130,140,180,180
8.823117733001709,0.008511205164392523,9.965579572990286,0.2617993877991417,0.0,-1.6258617507640059,150,150,140,130,140,180,180
8.833335638046265,0.00900299804518649,9.956665460208757,0.2617993877991417,0.0,-1.6258900800378437,150,150,140,130,140,180,180
8.843547821044922,0.00900299804518649,9.956665460208757,0.2617993877991417,0.0,-1.6258900800378437,150,150,140,130,140,180,180
8.853747129440308,0.00900299804518649,9.956665460208757,0.2617993877991417,0.0,-1.6258900800378437,140,140,130,130,140,180,180
8.863990783691406,0.009480216109624736,9.9480051571166,0.2617993877991417,0.0,-1.6259028031891427,140,140,130,130,140,180,180
8.881343364715576,0.009480216109624736,9.9480051571166,0.2617993877991417,-0.05235987755982833,-1.6259028031891427,140,140,130,130,140,180,180
8.89159369468689,0.009480216109624736,9.9480051571166,0.2617993877991417,-0.05235987755982833,-1.6259028031891427,140,140,130,130,140,180,180
8.901835203170776,0.009956038236510763,9.93934600621909,0.2617993877991417,-0.06981317007977111,-1.6258849070010866,140,140,130,130,140,180,180
8.912046909332275,0.009956038236510763,9.93934600621909,0.2617993877991417,-0.06981317007977111,-1.6258849070010866,140,140,140,130,140,180,180
8.93267035484314,0.010441987534641964,9.930386382013968,0.2617993877991417,-0.10471975511965666,-1.6247503557965044,140,140,140,130,140,180,180
8.942941665649414,0.010441987534641964,9.930386382013968,0.2617993877991417,-0.12217304763959944,-1.6247503557965044,140,140,140,130,140,180,180
8.95316457748413,0.010441987534641964,9.930386382013968,0.2617993877991417,-0.20943951023931331,-1.6247503557965044,140,140,140,130,140,180,180
8.963484764099121,0.010902666198421519,9.921717104671476,0.2617993877991417,-0.20943951023931331,-1.6228888271250643,140,140,140,130,140,180,180
8.981445550918579,0.010902666198421519,9.921717104671476,0.2617993877991417,-0.2268928027592561,-1.6228888271250643,140,140,140,130,140,180,180
8.991689205169678,0.010902666198421519,9.921717104671476,0.2617993877991417,-0.24434609527919887,-1.6228888271250643,140,140,140,130,140,180,180
9.001960039138794,0.011333576126585143,9.913315492306497,0.2617993877991417,-0.2617993877991417,-1.6204043063935112,140,140,140,130,140,180,180
9.012188196182251,0.011333576126585143,9.913315492306497,0.2617993877991417,-0.2617993877991417,-1.6204043063935112,140,140,140,140,140,180,180
9.022429943084717,0.011333576126585143,9.913315492306497,0.2617993877991417,-0.2967059728390272,-1.6204043063935112,140,140,140,140,140,180,180
9.03303575515747,0.011333576126585143,9.913315492306497,0.2617993877991417,-0.33161255787891275,-1.6204043063935112,140,140,140,140,140,180,180
9.043341636657715,0.011738100566369366,9.904856365576745,0.2617993877991417,-0.33161255787891275,-1.6155264698328147,140,140,140,140,140,180,180
9.053550004959106,0.011738100566369366,9.904856365576745,0.2617993877991417,-0.43633231299856945,-1.6155264698328147,140,140,130,130,140,180,180
9.063767671585083,0.012086455721395852,9.896373046071442,0.2617993877991417,-0.43633231299856945,-1.6071714734053284,140,140,130,130,140,180,180
9.074003219604492,0.012086455721395852,9.896373046071442,0.2617993877991417,-0.43633231299856945,-1.6071714734053284,140,140,130,130,140,180,180
9.085299015045166,0.012086455721395852,9.896373046071442,0.2617993877991417,-0.43633231299856945,-1.6071714734053284,140,140,130,130,140,180,180
9.095540046691895,0.012354373840789386,9.887735848079327,0.2617993877991417,-0.43633231299856945,-1.5956277442501374,140,140,130,130,140,180,180
9.105856895446777,0.012354373840789386,9.887735848079327,0.2617993877991417,-0.43633231299856945,-1.5956277442501374,130,130,130,130,140,170,180
9.116085767745972,0.012354373840789386,9.887735848079327,0.2617993877991417,-0.43633231299856945,-1.5956277442501374,130,130,130,130,140,170,180
9.134273767471313,0.012354373840789386,9.887735848079327,0.2617993877991417,-0.43633231299856945,-1.5956277442501374,130,130,130,130,140,170,180
9.144654273986816,0.012516718315454397,9.878751330512493,0.2617993877991417,-0.43633231299856945,-1.5811683163209522,130,130,130,130,140,170,180
9.154865741729736,0.012516718315454397,9.878751330512493,0.2617993877991417,-0.43633231299856945,-1.5811683163209522,130,130,130,130,140,170,180
9.165114641189575,0.012547161198874175,9.869983062073636,0.2617993877991417,-0.43633231299856945,-1.5667783466753933,130,130,130,130,140,180,180
9.18189263343811,0.012547161198874175,9.869983062073636,0.2617993877991417,-0.43633231299856945,-1.5667783466753933,130,130,130,130,140,180,180
9.192142009735107,0.012547161198874175,9.869983062073636,0.2617993877991417,-0.43633231299856945,-1.5667783466753933,130,130,130,130,140,180,180
9.202481508255005,0.012450864549844383,9.861203594858615,0.2617993877991417,-0.43633231299856945,-1.5523687340748196,130,130,130,130,140,180,180
9.21264910697937,0.012450864549844383,9.861203594858615,0.2617993877991417,-0.43633231299856945,-1.5523687340748196,130,130,130,140,190,170,160
9.234442949295044,0.012218579610785665,9.852151155233027,0.2617993877991417,-0.43633231299856945,-1.537515635799385,130,130,130,140,190,170,160
9.244770288467407,0.012218579610785665,9.852151155233027,0.2617993877991417,-0.43633231299856945,-1.537515635799385,130,130,130,140,190,170,160
9.255003452301025,0.012218579610785665,9.852151155233027,0.2617993877991417,-0.43633231299856945,-1.537515635799385,130,130,130,140,190,170,160
9.265188932418823,0.011863859421732407,9.843371762352305,0.2617993877991417,-0.43633231299856945,-1.5231744622853838,130,130,130,140,180,170,160
9.281147718429565,0.011863859421732407,9.843371762352305,0.2617993877991417,-0.43633231299856945,-1.5231744622853838,130,130,130,140,180,170,160
9.291354894638062,0.011863859421732407,9.843371762352305,0.2617993877991417,-0.43633231299856945,-1.5231744622853838,130,130,130,140,180,170,160
9.30154275894165,0.011389899726908204,9.834629195474985,0.2617993877991417,-0.43633231299856945,-1.50908536008237,130,130,130,140,180,170,160
9.311804294586182,0.011389899726908204,9.834629195474985,0.2617993877991417,-0.43633231299856945,-1.50908536008237,130,130,130,140,180,180,170
9.322002172470093,0.011389899726908204,9.834629195474985,0.2617993877991417,-0.43633231299856945,-1.50908536008237,130,130,130,140,180,180,170
9.33320951461792,0.010774017140415718,9.825669291506486,0.2617993877991417,-0.43633231299856945,-1.4948409086147372,130,130,130,140,180,180,170
9.343428373336792,0.010774017140415718,9.825669291506486,0.2617993877991417,-0.43633231299856945,-1.4948409086147372,130,130,130,140,180,180,170
9.353631258010864,0.010774017140415718,9.825669291506486,0.2617993877991417,-0.43633231299856945,-1.4948409086147372,130,130,120,140,170,150,160
9.363831520080566,0.010049549670874335,9.816939453472482,0.2617993877991417,-0.43633231299856945,-1.4807452161722294,130,130,120,140,170,150,160
9.374065399169922,0.010049549670874335,9.816939453472482,0.2617993877991417,-0.43633231299856945,-1.4807452161722294,130,130,120,140,170,150,160
9.384560823440552,0.010049549670874335,9.816939453472482,0.2617993877991417,-0.43633231299856945,-1.4807452161722294,130,130,120,140,170,150,160
9.394761323928833,0.009202257629496221,9.808220017819517,0.2617993877991417,-0.43633231299856945,-1.4665741065296665,130,130,120,140,170,150,160
9.404962539672852,0.009202257629496221,9.808220017819517,0.2617993877991417,-0.43633231299856945,-1.4665741065296665,130,130,120,190,180,160,180
9.415167808532715,0.009202257629496221,9.808220017819517,0.2617993877991417,-0.43633231299856945,-1.4665741065296665,130,130,120,190,180,160,180
9.434509754180908,0.008203608673510927,9.799245345106689,0.2617993877991417,-0.43633231299856945,-1.451902882228952,130,130,120,190,180,160,180
9.444753408432007,0.008203608673510927,9.799245345106689,0.2617993877991417,-0.43633231299856945,-1.451902882228952,130,130,120,190,180,160,180
9.455175161361694,0.008203608673510927,9.799245345106689,0.2617993877991417,-0.43633231299856945,-1.451902882228952,130,130,120,190,180,160,180
9.465369462966919,0.007105364370782935,9.7905584798777,0.2617993877991417,-0.43633231299856945,-1.437491949997139,120,130,130,140,170,150,130
9.483821153640747,0.007105364370782935,9.7905584798777,0.2617993877991417,-0.43633231299856945,-1.437491949997139,120,130,130,140,170,150,130
9.494044065475464,0.005881522625581212,9.781887522468963,0.2617993877991417,-0.43633231299856945,-1.4229958068277035,120,130,130,140,170,150,130
9.50422978401184,0.005881522625581212,9.781887522468963,0.2617993877991417,-0.43633231299856945,-1.4229958068277035,120,130,130,140,170,150,130
9.514471054077148,0.005881522625581212,9.781887522468963,0.2617993877991417,-0.43633231299856945,-1.4229958068277035,120,120,130,160,170,150,160
9.524671792984009,0.005881522625581212,9.781887522468963,0.2617993877991417,-0.43633231299856945,-1.4229958068277035,120,120,130,160,170,150,160
9.534859418869019,0.004487048132172808,9.772968390279189,0.2617993877991417,-0.43633231299856945,-1.4080023057772322,120,120,130,160,170,150,160
9.545042991638184,0.004487048132172808,9.772968390279189,0.2617993877991417,-0.43633231299856945,-1.4080023057772322,120,120,130,160,170,150,160
9.555228233337402,0.004487048132172808,9.772968390279189,0.2617993877991417,-0.43633231299856945,-1.4080023057772322,120,120,140,170,150,140,160
9.565416812896729,0.003004759839103453,9.764327186262598,0.2617993877991417,-0.43633231299856945,-1.3934488161805778,120,120,140,170,150,140,160
9.583996057510376,0.003004759839103453,9.764327186262598,0.2617993877991417,-0.43633231299856945,-1.3934488161805778,120,120,140,170,150,140,160
9.594282865524292,0.0014016741434092627,9.755719218665469,0.2617993877991417,-0.43633231299856945,-1.3790120755480566,120,120,140,170,150,140,160
9.604508638381958,0.0014016741434092627,9.755719218665469,0.2617993877991417,-0.43633231299856945,-1.3790120755480566,120,120,140,170,150,140,160
9.615061283111572,0.0014016741434092627,9.755719218665469,0.2617993877991417,-0.43633231299856945,-1.3790120755480566,120,130,140,180,150,160,170
9.631898880004883,0.0014016741434092627,9.755719218665469,0.2617993877991417,-0.43633231299856945,-1.3790120755480566,120,130,140,180,150,160,170
9.64234447479248,-0.0003682341492716823,9.746925962203008,0.2617993877991417,-0.43633231299856945,-1.364525942534806,120,130,140,180,150,160,170
9.652545928955078,-0.0003682341492716823,9.746925962203008,0.2617993877991417,-0.43633231299856945,-1.364525942534806,130,120,180,190,150,160,180
9.662761926651001,-0.00221081130405246,9.738406911234026,0.2617993877991417,-0.43633231299856945,-1.350429459961725,130,120,180,190,150,160,180
9.682024240493774,-0.00221081130405246,9.738406911234026,0.2617993877991417,-0.43633231299856945,-1.350429459961725,130,120,180,190,150,160,180
9.692225933074951,-0.004180362763340848,9.729887114129632,0.2617993877991417,-0.43633231299856945,-1.3362120392001253,130,120,180,190,150,160,180
9.702423334121704,-0.004180362763340848,9.729887114129632,0.2617993877991417,-0.43633231299856945,-1.3362120392001253,120,120,180,180,160,170,170
9.712850093841553,-0.004180362763340848,9.729887114129632,0.2617993877991417,-0.43633231299856945,-1.3362120392001253,120,120,180,180,160,170,170
9.723138570785522,-0.004180362763340848,9.729887114129632,0.2617993877991417,-0.43633231299856945,-1.3362120392001253,120,120,180,180,160,170,170
9.734057664871216,-0.006337455620928465,9.721128915867698,0.2617993877991417,-0.43633231299856945,-1.3215277649684507,120,120,180,180,160,170,170
9.744294881820679,-0.006337455620928465,9.721128915867698,0.2617993877991417,-0.43633231299856945,-1.3215277649684507,120,120,180,180,160,170,170
9.754480838775635,-0.006337455620928465,9.721128915867698,0.2617993877991417,-0.43633231299856945,-1.3215277649684507,110,120,170,170,160,170,180
9.764699935913086,-0.008558609202842113,9.712647504672487,0.2617993877991417,-0.43633231299856945,-1.3072562495290783,110,120,170,170,160,170,180
9.775000810623169,-0.008558609202842113,9.712647504672487,0.2617993877991417,-0.43633231299856945,-1.3072562495290783,110,120,170,170,160,170,180
9.785219430923462,-0.008558609202842113,9.712647504672487,0.2617993877991417,-0.43633231299856945,-1.3072562495290783,110,120,170,170,160,170,180
9.79546070098877,-0.010904134884128152,9.704186768314889,0.2617993877991417,-0.43633231299856945,-1.292963898451257,110,120,170,170,160,170,180
9.805658340454102,-0.010904134884128152,9.704186768314889,0.2617993877991417,-0.43633231299856945,-1.292963898451257,130,130,170,160,160,170,170
9.815870761871338,-0.010904134884128152,9.704186768314889,0.2617993877991417,-0.43633231299856945,-1.292963898451257,130,130,170,160,160,170,170
9.83111310005188,-0.013450754015860253,9.695494038339618,0.2617993877991417,-0.43633231299856945,-1.2782089570914608,130,130,170,160,160,170,170
9.841343402862549,-0.013450754015860253,9.695494038339618,0.2617993877991417,-0.43633231299856945,-1.2782089570914608,130,130,170,160,160,170,170
9.851614475250244,-0.013450754015860253,9.695494038339618,0.2617993877991417,-0.43633231299856945,-1.2782089570914608,130,130,170,160,160,170,170
9.861809015274048,-0.0160469400543925,9.687087496816819,0.2617993877991417,-0.43633231299856945,-1.2638376279508723,130,190,180,160,160,170,180
9.872044801712036,-0.0160469400543925,9.687087496816819,0.2617993877991417,-0.43633231299856945,-1.2638376279508723,130,190,180,160,160,170,180
9.882477045059204,-0.0160469400543925,9.687087496816819,0.2617993877991417,-0.43633231299856945,-1.2638376279508723,130,190,180,160,160,170,180
9.892861604690552,-0.018763673587387314,9.678723710683006,0.2617993877991417,-0.43633231299856945,-1.2494697780429147,130,190,180,160,160,170,180
9.903067827224731,-0.018763673587387314,9.678723710683006,0.2617993877991417,-0.43633231299856945,-1.2494697780429147,120,190,180,160,180,180,180
9.913360834121704,-0.018763673587387314,9.678723710683006,0.2617993877991417,-0.43633231299856945,-1.2494697780429147,120,190,180,160,180,180,180
9.923636198043823,-0.018763673587387314,9.678723710683006,0.2617993877991417,-0.43633231299856945,-1.2494697780429147,120,190,180,160,180,180,180
9.933884143829346,-0.021673111401828246,9.670167323158193,0.2617993877991417,-0.43633231299856945,-1.2347167218842987,120,190,180,160,180,180,180
9.944114446640015,-0.021673111401828246,9.670167323158193,0.2617993877991417,-0.43633231299856945,-1.2347167218842987,120,190,180,160,180,180,180
9.954326629638672,-0.021673111401828246,9.670167323158193,0.2617993877991417,-0.43633231299856945,-1.2347167218842987,120,190,180,170,170,180,180
9.964632034301758,-0.024573466750700202,9.661938818859365,0.2617993877991417,-0.43633231299856945,-1.2203838567589218,120,190,180,170,170,180,180
9.983822107315063,-0.024573466750700202,9.661938818859365,0.2617993877991417,-0.43633231299856945,-1.2203838567589218,120,190,180,170,170,180,180
9.99405550956726,-0.02761907365548498,9.653792300271139,0.2617993877991417,-0.43633231299856945,-1.2058015817345953,120,190,180,170,170,180,180
10.004279613494873,-0.02761907365548498,9.653792300271139,0.2617993877991417,-0.43633231299856945,-1.2058015817345953,120,190,180,170,170,180,180
10.014482736587524,-0.02761907365548498,9.653792300271139,0.2617993877991417,-0.43633231299856945,-1.2058015817345953,120,180,170,170,180,180,180
10.031373023986816,-0.02761907365548498,9.653792300271139,0.2617993877991417,-0.43633231299856945,-1.2058015817345953,120,180,170,170,180,180,180
10.041710138320923,-0.030889518262876652,9.645413016525392,0.2617993877991417,-0.43633231299856945,-1.1909761102814778,120,180,170,170,180,180,180
10.051913499832153,-0.030889518262876652,9.645413016525392,0.2617993877991417,-0.43633231299856945,-1.1909761102814778,120,180,170,170,180,180,180
10.062118291854858,-0.03418550099198323,9.637320080741086,0.2617993877991417,-0.41887902047862663,-1.1765587631041927,190,180,160,180,180,180,180
10.072364091873169,-0.03418550099198323,9.637320080741086,0.2617993877991417,-0.41887902047862663,-1.1765587631041927,190,180,160,180,180,180,180
10.082725048065186,-0.03418550099198323,9.637320080741086,0.2617993877991417,-0.41887902047862663,-1.1765587631041927,190,180,160,180,180,180,180
10.092931985855103,-0.037598007149725235,9.629269393213686,0.2617993877991417,-0.40142572795868386,-1.1626655550728031,190,180,160,180,180,180,180
10.103147268295288,-0.037598007149725235,9.629269393213686,0.2617993877991417,-0.3839724354387411,-1.1626655550728031,190,190,170,200,210,180,180
10.113347053527832,-0.037598007149725235,9.629269393213686,0.2617993877991417,-0.3839724354387411,-1.1626655550728031,190,190,170,200,210,180,180
10.123638153076172,-0.037598007149725235,9.629269393213686,0.2617993877991417,-0.36651914291879834,-1.1626655550728031,190,190,170,200,210,180,180
10.133851289749146,-0.04123105677348796,9.621017822062118,0.2617993877991417,-0.36651914291879834,-1.1489187519206292,190,190,170,200,210,180,180
10.144017219543457,-0.04123105677348796,9.621017822062118,0.2617993877991417,-0.33161255787891275,-1.1489187519206292,190,190,170,200,210,180,180
10.154226303100586,-0.04123105677348796,9.621017822062118,0.2617993877991417,-0.24434609527919887,-1.1489187519206292,190,190,160,190,180,180,180
10.16446566581726,-0.04486123805107043,9.61305664569789,0.2617993877991417,-0.24434609527919887,-1.136669587241594,190,190,160,190,180,180,180
10.18308973312378,-0.04486123805107043,9.61305664569789,0.2617993877991417,-0.2268928027592561,-1.136669587241594,190,190,160,190,180,180,180
10.193338871002197,-0.048565197358239436,9.60516466448134,0.2617993877991417,-0.20943951023931331,-1.1277130446878472,190,190,160,190,180,180,180
10.20354437828064,-0.048565197358239436,9.60516466448134,0.2617993877991417,-0.19198621771937055,-1.1277130446878472,180,180,180,180,190,180,180
10.213841915130615,-0.048565197358239436,9.60516466448134,0.2617993877991417,-0.19198621771937055,-1.1277130446878472,180,180,180,180,190,180,180
10.229518175125122,-0.05243879182022139,9.597076750020454,0.2617993877991417,0.0,-1.1205098016424515,180,180,180,180,190,180,180
10.239737272262573,-0.05243879182022139,9.597076750020454,0.2617993877991417,0.0,-1.1205098016424515,180,180,180,180,190,180,180
10.24996280670166,-0.05243879182022139,9.597076750020454,0.2617993877991417,0.0,-1.1205098016424515,180,190,190,210,180,180,180
10.260200500488281,-0.056316804581536616,9.589095660319547,0.2617993877991417,0.0,-1.1162723961332406,180,190,190,210,180,180,180
10.270408391952515,-0.056316804581536616,9.589095660319547,0.2617993877991417,0.0,-1.1162723961332406,180,190,190,210,180,180,180
10.28374433517456,-0.056316804581536616,9.589095660319547,0.2617993877991417,0.0,-1.1162723961332406,180,190,190,210,180,180,180
10.293951988220215,-0.06023463973467759,9.581093624658454,0.2617993877991417,0.0,-1.114590512100553,180,190,190,210,180,180,180
10.304153442382812,-0.06023463973467759,9.581093624658454,0.2617993877991417,0.0,-1.114590512100553,180,190,200,180,180,180,180
10.314373254776001,-0.06023463973467759,9.581093624658454,0.2617993877991417,0.0,-1.114590512100553,180,190,200,180,180,180,180
10.32457184791565,-0.06023463973467759,9.581093624658454,0.2617993877991417,0.0,-1.114590512100553,180,190,200,180,180,180,180
10.335720777511597,-0.0641730796503704,9.573069908380642,0.2617993877991417,0.0,-1.1145626174019552,180,190,200,180,180,180,180
10.345968008041382,-0.0641730796503704,9.573069908380642,0.2617993877991417,0.0,-1.1145626174019552,180,190,200,180,180,180,180
10.356221437454224,-0.0641730796503704,9.573069908380642,0.2617993877991417,0.0,-1.1145626174019552,180,190,200,180,180,180,180
10.36644721031189,-0.06797610210917303,9.565318427797905,0.2617993877991417,0.0,-1.1147587181073844,180,180,200,180,180,180,180
10.38302206993103,-0.06797610210917303,9.565318427797905,0.2617993877991417,0.0,-1.1147587181073844,180,180,200,180,180,180,180
10.393214225769043,-0.07177331712752023,9.557570202339205,0.2617993877991417,0.0,-1.1148186418602408,180,180,200,180,180,180,180
10.403422117233276,-0.07177331712752023,9.557570202339205,0.2617993877991417,0.0,-1.1148186418602408,180,180,190,180,180,180,180
10.413604259490967,-0.07177331712752023,9.557570202339205,0.2617993877991417,0.0,-1.1148186418602408,180,180,190,180,180,180,180
10.43136978149414,-0.07177331712752023,9.557570202339205,0.2617993877991417,0.0,-1.1148186418602408,180,180,190,180,180,180,180
10.441739082336426,-0.07566768942504852,9.549626076124909,0.2617993877991417,0.05235987755982833,-1.1144972371976036,180,180,190,180,180,180,180
10.451953887939453,-0.07566768942504852,9.549626076124909,0.2617993877991417,0.05235987755982833,-1.1144972371976036,180,170,190,180,180,180,180
10.462143421173096,-0.0794619825239027,9.541891602282696,0.2617993877991417,0.06981317007977111,-1.114325551500676,180,170,190,180,180,180,180
10.472344160079956,-0.0794619825239027,9.541891602282696,0.2617993877991417,0.06981317007977111,-1.114325551500676,180,170,190,180,180,180,180
10.484679937362671,-0.0794619825239027,9.541891602282696,0.2617993877991417,0.08726646259971389,-1.114325551500676,180,170,190,180,180,180,180
10.494867086410522,-0.08322120136095432,9.53422486170787,0.2617993877991417,0.10471975511965666,-1.1157028416124601,180,170,190,180,180,180,180
10.505074501037598,-0.08322120136095432,9.53422486170787,0.2617993877991417,0.12217304763959944,-1.1157028416124601,180,180,200,190,180,180,180
10.515427589416504,-0.08322120136095432,9.53422486170787,0.2617993877991417,0.12217304763959944,-1.1157028416124601,180,180,200,190,180,180,180
10.525794982910156,-0.08322120136095432,9.53422486170787,0.2617993877991417,0.13962634015954223,-1.1157028416124601,180,180,200,190,180,180,180
10.536081314086914,-0.08709880085448937,9.526271923912518,0.2617993877991417,0.157079632679485,-1.1188244643936565,180,180,200,190,180,180,180
10.546320676803589,-0.08709880085448937,9.526271923912518,0.2617993877991417,0.157079632679485,-1.1188244643936565,180,180,200,190,180,180,180
10.55653715133667,-0.08709880085448937,9.526271923912518,0.2617993877991417,0.157079632679485,-1.1188244643936565,180,180,190,190,180,180,180
10.566833972930908,-0.0908440568980439,9.518516828469128,0.2617993877991417,0.157079632679485,-1.1231697972098138,180,180,190,190,180,180,180
10.583988666534424,-0.0908440568980439,9.518516828469128,0.2617993877991417,0.17453292519942779,-1.1231697972098138,180,180,190,190,180,180,180
10.594213724136353,-0.09455483951912426,9.510741667478426,0.2617993877991417,0.17453292519942779,-1.1281602491977634,180,180,190,190,180,180,180
10.604411125183105,-0.09455483951912426,9.510741667478426,0.2617993877991417,0.157079632679485,-1.1281602491977634,180,190,190,190,180,180,180
10.615144729614258,-0.09455483951912426,9.510741667478426,0.2617993877991417,0.157079632679485,-1.1281602491977634,180,190,190,190,180,180,180
10.630859375,-0.09833492832868967,9.502708915834596,0.2617993877991417,0.13962634015954223,-1.1339466213562368,180,190,190,190,180,180,180
10.64110279083252,-0.09833492832868967,9.502708915834596,0.2617993877991417,0.13962634015954223,-1.1339466213562368,180,190,190,190,180,180,180
10.65135931968689,-0.09833492832868967,9.502708915834596,0.2617993877991417,0.12217304763959944,-1.1339466213562368,180,190,190,190,190,180,180
10.661609649658203,-0.10194919275785788,9.49490721673557,0.2617993877991417,0.12217304763959944,-1.1387594120352034,180,190,190,190,190,180,180
10.681342840194702,-0.10194919275785788,9.49490721673557,0.2617993877991417,0.10471975511965666,-1.1387594120352034,180,190,190,190,190,180,180
10.691590309143066,-0.10194919275785788,9.49490721673557,0.2617993877991417,0.08726646259971389,-1.1387594120352034,180,190,190,190,190,180,180
10.701790809631348,-0.10551643540136238,9.487123509901537,0.2617993877991417,0.08726646259971389,-1.1432933046862246,180,190,190,190,190,180,180
10.71199631690979,-0.10551643540136238,9.487123509901537,0.2617993877991417,0.08726646259971389,-1.1432933046862246,180,190,190,190,200,180,180
10.722239971160889,-0.10551643540136238,9.487123509901537,0.2617993877991417,0.06981317007977111,-1.1432933046862246,180,190,190,190,200,180,180
10.733214616775513,-0.10916815653697992,9.479069147979727,0.2617993877991417,0.06981317007977111,-1.1467839046665864,180,190,190,190,200,180,180
10.743464708328247,-0.10916815653697992,9.479069147979727,0.2617993877991417,0.06981317007977111,-1.1467839046665864,180,190,190,190,200,180,180
10.753710269927979,-0.10916815653697992,9.479069147979727,0.2617993877991417,0.06981317007977111,-1.1467839046665864,180,190,190,190,200,180,180
10.763951301574707,-0.1126962653115161,9.471213529648544,0.2617993877991417,0.06981317007977111,-1.1493404067604112,190,190,200,190,190,180,180
10.774182796478271,-0.1126962653115161,9.471213529648544,0.2617993877991417,0.06981317007977111,-1.1493404067604112,190,190,200,190,190,180,180
10.784385204315186,-0.1126962653115161,9.471213529648544,0.2617993877991417,0.05235987755982833,-1.1493404067604112,190,190,200,190,190,180,180
10.794596910476685,-0.11619802238402477,9.463371806815106,0.2617993877991417,0.05235987755982833,-1.1515621177002988,190,190,200,190,190,180,180
10.804787397384644,-0.11619802238402477,9.463371806815106,0.2617993877991417,0.05235987755982833,-1.1515621177002988,190,190,190,190,180,180,180
10.815861701965332,-0.11619802238402477,9.463371806815106,0.2617993877991417,0.05235987755982833,-1.1515621177002988,190,190,190,190,180,180,180
10.831610441207886,-0.11979388430550204,9.4552794741377,0.2617993877991417,0.05235987755982833,-1.1532316183082547,190,190,190,190,180,180,180
10.841838836669922,-0.11979388430550204,9.4552794741377,0.2617993877991417,0.05235987755982833,-1.1532316183082547,190,190,190,190,180,180,180
10.852048635482788,-0.11979388430550204,9.4552794741377,0.2617993877991417,0.05235987755982833,-1.1532316183082547,190,190,190,190,180,180,180
10.86228060722351,-0.12327644688533415,9.44740957219906,0.2617993877991417,0.05235987755982833,-1.1548086805426696,190,190,190,190,180,180,180
10.872497081756592,-0.12327644688533415,9.44740957219906,0.2617993877991417,0.05235987755982833,-1.1548086805426696,190,190,190,190,180,180,180
10.884428024291992,-0.12327644688533415,9.44740957219906,0.2617993877991417,0.05235987755982833,-1.1548086805426696,190,190,190,190,180,180,180
10.894675254821777,-0.12675155331512722,9.439526529462327,0.2617993877991417,0.05235987755982833,-1.1563794215717693,190,190,190,190,180,180,180
10.904936790466309,-0.12675155331512722,9.439526529462327,0.2617993877991417,0.05235987755982833,-1.1563794215717693,190,190,190,190,180,190,180
10.915234804153442,-0.12675155331512722,9.439526529462327,0.2617993877991417,0.05235987755982833,-1.1563794215717693,190,190,190,190,180,190,180
10.925437450408936,-0.12675155331512722,9.439526529462327,0.2617993877991417,0.05235987755982833,-1.1563794215717693,190,190,190,190,180,190,180
10.935686111450195,-0.13032493790458902,9.431387754543664,0.2617993877991417,0.05235987755982833,-1.1579985105400643,190,190,190,190,180,190,180
10.945881605148315,-0.13032493790458902,9.431387754543664,0.2617993877991417,0.05235987755982833,-1.1579985105400643,190,190,190,190,180,190,180
10.956076622009277,-0.13032493790458902,9.431387754543664,0.2617993877991417,0.05235987755982833,-1.1579985105400643,190,190,200,200,190,190,180
10.966300010681152,-0.13378562431626076,9.423472610385272,0.2617993877991417,0.05235987755982833,-1.1595796681969899,190,190,200,200,190,190,180
10.985410451889038,-0.13378562431626076,9.423472610385272,0.2617993877991417,0.05235987755982833,-1.1595796681969899,190,190,200,200,190,190,180
10.995725870132446,-0.13723803140031948,9.415542864537606,0.2617993877991417,0.05235987755982833,-1.1611827986778553,190,190,200,200,190,190,180
11.006277799606323,-0.13723803140031948,9.415542864537606,0.2617993877991417,0.05235987755982833,-1.1611827986778553,190,190,200,200,190,190,180
11.016488552093506,-0.13723803140031948,9.415542864537606,0.2617993877991417,0.05235987755982833,-1.1611827986778553,190,190,190,200,190,190,180
11.034318208694458,-0.14078252675852243,9.407360418934791,0.2617993877991417,0.05235987755982833,-1.162881969952735,190,190,190,200,190,190,180
11.044538974761963,-0.14078252675852243,9.407360418934791,0.2617993877991417,0.05235987755982833,-1.162881969952735,190,190,190,200,190,190,180
11.054724216461182,-0.14078252675852243,9.407360418934791,0.2617993877991417,0.05235987755982833,-1.162881969952735,180,190,190,190,180,180,180
11.065520524978638,-0.144207277923954,9.399414251824739,0.2617993877991417,0.05235987755982833,-1.1646290375745572,180,190,190,190,180,180,180
11.081233263015747,-0.144207277923954,9.399414251824739,0.2617993877991417,0.05235987755982833,-1.1646290375745572,180,190,190,190,180,180,180
11.091414213180542,-0.144207277923954,9.399414251824739,0.2617993877991417,0.05235987755982833,-1.1646290375745572,180,190,190,190,180,180,180
11.101584196090698,-0.14761178229761993,9.391482351134517,0.2617993877991417,0.05235987755982833,-1.1665668262452145,180,190,190,190,180,180,180
11.111776351928711,-0.14761178229761993,9.391482351134517,0.2617993877991417,0.05235987755982833,-1.1665668262452145,190,190,190,190,190,180,180
11.121965408325195,-0.14761178229761993,9.391482351134517,0.2617993877991417,0.05235987755982833,-1.1665668262452145,190,190,190,190,190,180,180
11.135889291763306,-0.15109612229351777,9.38331495504617,0.2617993877991417,0.05235987755982833,-1.1686345406376646,190,190,190,190,190,180,180
11.146127223968506,-0.15109612229351777,9.38331495504617,0.2617993877991417,0.05235987755982833,-1.1686345406376646,190,190,190,190,190,180,180
11.156302452087402,-0.15109612229351777,9.38331495504617,0.2617993877991417,0.05235987755982833,-1.1686345406376646,190,190,190,190,190,180,180
11.16650104522705,-0.15445235117486666,9.375387586738356,0.2617993877991417,0.05235987755982833,-1.1705205713199367,180,190,190,200,200,180,180
11.184232234954834,-0.15445235117486666,9.375387586738356,0.2617993877991417,0.05235987755982833,-1.1705205713199367,180,190,190,200,200,180,180
11.194525480270386,-0.15778395980223375,9.367493712304354,0.2617993877991417,0.05235987755982833,-1.1720072122226184,180,190,190,200,200,180,180
11.204711198806763,-0.15778395980223375,9.367493712304354,0.2617993877991417,0.05235987755982833,-1.1720072122226184,180,190,190,200,200,180,180
11.214940071105957,-0.15778395980223375,9.367493712304354,0.2617993877991417,0.05235987755982833,-1.1720072122226184,180,190,190,190,190,180,180
11.23212218284607,-0.16121440229785622,9.35932718891966,0.2617993877991417,0.05235987755982833,-1.173677511343958,180,190,190,190,190,180,180
11.242321014404297,-0.16121440229785622,9.35932718891966,0.2617993877991417,0.05235987755982833,-1.173677511343958,180,190,190,190,190,180,180
11.252502202987671,-0.16121440229785622,9.35932718891966,0.2617993877991417,0.05235987755982833,-1.173677511343958,180,180,190,190,190,180,180
11.262844800949097,-0.1645357416429848,9.35138824633778,0.2617993877991417,0.05235987755982833,-1.1752699799001827,180,180,190,190,190,180,180
11.273089170455933,-0.1645357416429848,9.35138824633778,0.2617993877991417,0.05235987755982833,-1.1752699799001827,180,180,190,190,190,180,180
11.283307790756226,-0.1645357416429848,9.35138824633778,0.2617993877991417,0.05235987755982833,-1.1752699799001827,180,180,190,190,190,180,180
11.293514251708984,-0.16784901995380377,9.343434277363428,0.2617993877991417,0.05235987755982833,-1.1768695177654078,180,180,190,190,190,180,180
11.303699970245361,-0.16784901995380377,9.343434277363428,0.2617993877991417,0.05235987755982833,-1.1768695177654078,170,190,190,190,180,180,180
11.313876867294312,-0.16784901995380377,9.343434277363428,0.2617993877991417,0.05235987755982833,-1.1768695177654078,170,190,190,190,180,180,180
11.324079513549805,-0.16784901995380377,9.343434277363428,0.2617993877991417,0.05235987755982833,-1.1768695177654078,170,190,190,190,180,180,180
11.334964752197266,-0.17125480180945163,9.335222786743344,0.2617993877991417,0.05235987755982833,-1.178522834474144,170,190,190,190,180,180,180
11.345146894454956,-0.17125480180945163,9.335222786743344,0.2617993877991417,0.05235987755982833,-1.178522834474144,170,190,190,190,180,180,180
11.355318069458008,-0.17125480180945163,9.335222786743344,0.2617993877991417,0.05235987755982833,-1.178522834474144,170,190,190,190,180,180,180
11.36550259590149,-0.17455295292365341,9.327236438658172,0.2617993877991417,0.05235987755982833,-1.1801314830784437,180,180,190,190,190,180,180
11.384182214736938,-0.17455295292365341,9.327236438658172,0.2617993877991417,0.05235987755982833,-1.1801314830784437,180,180,190,190,190,180,180
11.394388675689697,-0.17784259035284303,9.319235070470796,0.2617993877991417,0.05235987755982833,-1.181760403768216,180,180,190,190,190,180,180
11.404579162597656,-0.17784259035284303,9.319235070470796,0.2617993877991417,0.05235987755982833,-1.181760403768216,180,180,190,190,180,180,180
11.414764165878296,-0.17784259035284303,9.319235070470796,0.2617993877991417,0.05235987755982833,-1.181760403768216,180,180,190,190,180,180,180
11.43162751197815,-0.17784259035284303,9.319235070470796,0.2617993877991417,0.06981317007977111,-1.181760403768216,180,180,190,190,180,180,180
11.441851139068604,-0.18122191024070622,9.310979109601426,0.2617993877991417,0.06981317007977111,-1.183473090604705,180,180,190,190,180,180,180
11.452063798904419,-0.18122191024070622,9.310979109601426,0.2617993877991417,0.08726646259971389,-1.183473090604705,180,180,180,190,190,180,180
11.462266206741333,-0.1844824126126004,9.302960976693115,0.2617993877991417,0.08726646259971389,-1.185767973086537,180,180,180,190,190,180,180
11.479493141174316,-0.1844824126126004,9.302960976693115,0.2617993877991417,0.08726646259971389,-1.185767973086537,180,180,180,190,190,180,180
11.489733219146729,-0.1844824126126004,9.302960976693115,0.2617993877991417,0.08726646259971389,-1.185767973086537,180,180,180,190,190,180,180
11.499922752380371,-0.18772822151081947,9.294925451243058,0.2617993877991417,0.08726646259971389,-1.1885747598110117,180,180,180,190,190,180,180
11.51012110710144,-0.18772822151081947,9.294925451243058,0.2617993877991417,0.10471975511965666,-1.1885747598110117,180,190,190,190,190,180,180
11.520328998565674,-0.18772822151081947,9.294925451243058,0.2617993877991417,0.10471975511965666,-1.1885747598110117,180,190,190,190,190,180,180
11.53472638130188,-0.18772822151081947,9.294925451243058,0.2617993877991417,0.10471975511965666,-1.1885747598110117,180,190,190,190,190,180,180
11.545095443725586,-0.19102822731469352,9.286684729983198,0.2617993877991417,0.10471975511965666,-1.1917849864539851,180,190,190,190,190,180,180
11.555301189422607,-0.19102822731469352,9.286684729983198,0.2617993877991417,0.10471975511965666,-1.1917849864539851,190,180,180,190,180,180,180
11.565553903579712,-0.1941773081516659,9.278722468506405,0.2617993877991417,0.10471975511965666,-1.195096781524544,190,180,180,190,180,180,180
11.581072807312012,-0.1941773081516659,9.278722468506405,0.2617993877991417,0.10471975511965666,-1.195096781524544,190,180,180,190,180,180,180
11.591435194015503,-0.1941773081516659,9.278722468506405,0.2617993877991417,0.10471975511965666,-1.195096781524544,190,180,180,190,180,180,180
11.601638078689575,-0.19730354328914865,9.27075631204039,0.2617993877991417,0.10471975511965666,-1.1983756524049605,190,180,180,190,180,180,180
11.611865997314453,-0.19730354328914865,9.27075631204039,0.2617993877991417,0.10471975511965666,-1.1983756524049605,190,180,170,190,180,180,180
11.622122287750244,-0.19730354328914865,9.27075631204039,0.2617993877991417,0.10471975511965666,-1.1983756524049605,190,180,170,190,180,180,180
11.635783195495605,-0.19730354328914865,9.27075631204039,0.2617993877991417,0.10471975511965666,-1.1983756524049605,190,180,170,190,180,180,180
11.646007061004639,-0.20050494447461192,9.262514050759357,0.2617993877991417,0.10471975511965666,-1.2018369342570991,190,180,170,190,180,180,180
11.656208038330078,-0.20050494447461192,9.262514050759357,0.2617993877991417,0.10471975511965666,-1.2018369342570991,180,180,180,190,180,180,180
11.666417121887207,-0.20358900940730332,9.254495964803766,0.2617993877991417,0.10471975511965666,-1.2051802534592422,180,180,180,190,180,180,180
11.67663025856018,-0.20358900940730332,9.254495964803766,0.2617993877991417,0.10471975511965666,-1.2051802534592422,180,180,180,190,180,180,180
11.687117576599121,-0.20358900940730332,9.254495964803766,0.2617993877991417,0.10471975511965666,-1.2051802534592422,180,180,180,190,180,180,180
11.697327136993408,-0.20665073028457534,9.24645636238867,0.2617993877991417,0.10471975511965666,-1.2085332629966914,180,180,180,190,180,180,180
11.707532405853271,-0.20665073028457534,9.24645636238867,0.2617993877991417,0.10471975511965666,-1.2085332629966914,180,180,170,200,200,180,180
11.71776556968689,-0.20665073028457534,9.24645636238867,0.2617993877991417,0.10471975511965666,-1.2085332629966914,180,180,170,200,200,180,180
11.734000444412231,-0.20978169350681014,9.23815036995205,0.2617993877991417,0.10471975511965666,-1.2119991826487115,180,180,170,200,200,180,180
11.744157552719116,-0.20978169350681014,9.23815036995205,0.2617993877991417,0.10471975511965666,-1.2119991826487115,180,180,170,200,200,180,180
11.75431203842163,-0.20978169350681014,9.23815036995205,0.2617993877991417,0.10471975511965666,-1.2119991826487115,180,180,170,200,200,180,180
11.764827489852905,-0.21279755102703227,9.2300668747135,0.2617993877991417,0.10471975511965666,-1.2153758238567471,190,180,170,190,180,180,180
11.781774997711182,-0.21279755102703227,9.2300668747135,0.2617993877991417,0.10471975511965666,-1.2153758238567471,190,180,170,190,180,180,180
11.792006015777588,-0.21279755102703227,9.2300668747135,0.2617993877991417,0.10471975511965666,-1.2153758238567471,190,180,170,190,180,180,180
11.802347183227539,-0.21579059556308774,9.221963408239738,0.2617993877991417,0.10471975511965666,-1.2187709019062503,180,180,170,190,180,180,180
11.812659502029419,-0.21579059556308774,9.221963408239738,0.2617993877991417,0.10471975511965666,-1.2187709019062503,180,180,170,190,180,180,180
11.822948455810547,-0.21579059556308774,9.221963408239738,0.2617993877991417,0.10471975511965666,-1.2187709019062503,180,180,170,190,180,180,180
11.83319354057312,-0.21885140641268416,9.213594063454124,0.2617993877991417,0.10471975511965666,-1.2222719429503142,180,180,170,190,180,180,180
11.843404769897461,-0.21885140641268416,9.213594063454124,0.2617993877991417,0.10471975511965666,-1.2222719429503142,180,180,170,190,180,180,180
11.85359501838684,-0.21885140641268416,9.213594063454124,0.2617993877991417,0.10471975511965666,-1.2222719429503142,180,180,170,190,180,180,180
11.86381483078003,-0.22180122146533837,9.205452214037798,0.2617993877991417,0.10471975511965666,-1.2257080754425922,190,180,190,190,180,180,170
11.881721019744873,-0.22180122146533837,9.205452214037798,0.2617993877991417,0.10471975511965666,-1.2257080754425922,190,180,190,190,180,180,170
11.89198899269104,-0.22180122146533837,9.205452214037798,0.2617993877991417,0.10471975511965666,-1.2257080754425922,190,180,190,190,180,180,170
11.90236496925354,-0.22471837275783133,9.197309127273897,0.2617993877991417,0.10471975511965666,-1.2291990859137443,180,170,180,190,150,180,170
11.912556171417236,-0.22471837275783133,9.197309127273897,0.2617993877991417,0.10471975511965666,-1.2291990859137443,180,170,180,190,150,180,170
11.932246208190918,-0.22471837275783133,9.197309127273897,0.2617993877991417,0.10471975511965666,-1.2291990859137443,180,170,180,190,150,180,170
11.942654609680176,-0.22767963516302567,9.18894312203983,0.2617993877991417,0.10471975511965666,-1.2328766092241432,180,170,180,190,150,180,170
11.95287275314331,-0.22767963516302567,9.18894312203983,0.2617993877991417,0.10471975511965666,-1.2328766092241432,190,180,190,190,180,180,170
11.963099956512451,-0.23050021131469664,9.180856730098574,0.2617993877991417,0.10471975511965666,-1.236297812944845,190,180,190,190,180,180,170
11.980984687805176,-0.23050021131469664,9.180856730098574,0.2617993877991417,0.10471975511965666,-1.236297812944845,190,180,190,190,180,180,170
11.991218328475952,-0.23050021131469664,9.180856730098574,0.2617993877991417,0.10471975511965666,-1.236297812944845,190,180,190,190,180,180,170
12.001404523849487,-0.23330088548247382,9.172752699912476,0.2617993877991417,0.12217304763959944,-1.239741736673076,190,180,190,190,180,180,170
12.011758089065552,-0.23330088548247382,9.172752699912476,0.2617993877991417,0.12217304763959944,-1.239741736673076,180,180,180,190,180,180,180
12.022024869918823,-0.23330088548247382,9.172752699912476,0.2617993877991417,0.12217304763959944,-1.239741736673076,180,180,180,190,180,180,180
12.032257556915283,-0.236159063071447,9.164387551956684,0.2617993877991417,0.13962634015954223,-1.2432776385301172,180,180,180,190,180,180,180
12.042453289031982,-0.236159063071447,9.164387551956684,0.2617993877991417,0.13962634015954223,-1.2432776385301172,180,180,180,190,180,180,180
12.052656173706055,-0.236159063071447,9.164387551956684,0.2617993877991417,0.13962634015954223,-1.2432776385301172,180,180,180,190,180,180,180
12.062865734100342,-0.23890471612021036,9.156251711815603,0.2617993877991417,0.13962634015954223,-1.2472608517791592,180,180,180,190,180,180,180
12.0730881690979,-0.23890471612021036,9.156251711815603,0.2617993877991417,0.13962634015954223,-1.2472608517791592,180,180,180,190,180,180,180
12.084341287612915,-0.23890471612021036,9.156251711815603,0.2617993877991417,0.157079632679485,-1.2472608517791592,180,180,180,190,180,180,180
12.094555139541626,-0.24161795737696376,9.148097469336493,0.2617993877991417,0.157079632679485,-1.2518204317461235,180,180,180,190,180,180,180
12.104748964309692,-0.24161795737696376,9.148097469336493,0.2617993877991417,0.157079632679485,-1.2518204317461235,180,180,180,190,180,180,180
12.115027904510498,-0.24161795737696376,9.148097469336493,0.2617993877991417,0.157079632679485,-1.2518204317461235,190,180,180,180,180,180,180
12.125320672988892,-0.24161795737696376,9.148097469336493,0.2617993877991417,0.157079632679485,-1.2518204317461235,190,180,180,180,180,180,180
12.13551139831543,-0.24437467136320518,9.139675222361227,0.2617993877991417,0.157079632679485,-1.2571127808776617,190,180,180,180,180,180,180
12.145731925964355,-0.24437467136320518,9.139675222361227,0.2617993877991417,0.157079632679485,-1.2571127808776617,190,180,180,180,180,180,180
12.155927419662476,-0.24437467136320518,9.139675222361227,0.2617993877991417,0.157079632679485,-1.2571127808776617,190,180,180,180,180,180,180
12.16629695892334,-0.24701137625693165,9.131475434420308,0.2617993877991417,0.157079632679485,-1.2622705600423902,180,180,180,190,180,180,180
12.180525064468384,-0.24701137625693165,9.131475434420308,0.2617993877991417,0.157079632679485,-1.2622705600423902,180,180,180,190,180,180,180
12.190807819366455,-0.24701137625693165,9.131475434420308,0.2617993877991417,0.157079632679485,-1.2622705600423902,180,180,180,190,180,180,180
12.200998783111572,-0.2496096077479479,9.1232513556321,0.2617993877991417,0.157079632679485,-1.2674274971089687,170,180,170,180,180,180,180
12.211215496063232,-0.2496096077479479,9.1232513556321,0.2617993877991417,0.157079632679485,-1.2674274971089687,170,180,170,180,180,180,180
12.22140097618103,-0.2496096077479479,9.1232513556321,0.2617993877991417,0.157079632679485,-1.2674274971089687,170,180,170,180,180,180,180
12.233386516571045,-0.25224560790805983,9.114755777919584,0.2617993877991417,0.157079632679485,-1.2727296204356615,170,180,170,180,180,180,180
12.24365234375,-0.25224560790805983,9.114755777919584,0.2617993877991417,0.157079632679485,-1.2727296204356615,170,180,170,180,180,180,180
12.253852128982544,-0.25224560790805983,9.114755777919584,0.2617993877991417,0.157079632679485,-1.2727296204356615,180,180,170,190,170,180,180
12.264081478118896,-0.2547653425295301,9.106494975893632,0.2617993877991417,0.157079632679485,-1.277845222138609,180,180,170,190,170,180,180
12.28173565864563,-0.2547653425295301,9.106494975893632,0.2617993877991417,0.157079632679485,-1.277845222138609,180,180,170,190,170,180,180
12.292033195495605,-0.2547653425295301,9.106494975893632,0.2617993877991417,0.157079632679485,-1.277845222138609,180,180,170,190,170,180,180
12.302543878555298,-0.2572492136617252,9.098219508001868,0.2617993877991417,0.157079632679485,-1.2828967570428924,180,180,170,190,170,180,180
12.31285572052002,-0.2572492136617252,9.098219508001868,0.2617993877991417,0.157079632679485,-1.2828967570428924,180,180,180,180,150,170,180
12.32310152053833,-0.2572492136617252,9.098219508001868,0.2617993877991417,0.157079632679485,-1.2828967570428924,180,180,180,180,150,170,180
12.334341287612915,-0.2597396802785234,9.089725221041261,0.2617993877991417,0.157079632679485,-1.2878772863759704,180,180,180,180,150,170,180
12.344587326049805,-0.2597396802785234,9.089725221041261,0.2617993877991417,0.157079632679485,-1.2878772863759704,180,180,180,180,150,170,180
12.35479211807251,-0.2597396802785234,9.089725221041261,0.2617993877991417,0.157079632679485,-1.2878772863759704,180,180,180,190,180,180,180
12.365272045135498,-0.2621069166406063,9.081490014751052,0.2617993877991417,0.157079632679485,-1.2930071856834653,180,180,180,190,180,180,180
12.3814537525177,-0.2621069166406063,9.081490014751052,0.2617993877991417,0.17453292519942779,-1.2930071856834653,180,180,180,190,180,180,180
12.391691446304321,-0.2621069166406063,9.081490014751052,0.2617993877991417,0.17453292519942779,-1.2930071856834653,180,180,180,190,180,180,180
12.40190052986145,-0.26443207218009795,9.07325270496914,0.2617993877991417,0.17453292519942779,-1.2982064123804826,180,180,170,180,190,180,180
12.412124872207642,-0.26443207218009795,9.07325270496914,0.2617993877991417,0.19198621771937055,-1.2982064123804826,180,180,170,180,190,180,180
12.42235016822815,-0.26443207218009795,9.07325270496914,0.2617993877991417,0.20943951023931331,-1.2982064123804826,180,180,170,180,190,180,180
12.433414936065674,-0.26678163078603445,9.064750735484061,0.2617993877991417,0.20943951023931331,-1.3041600886349296,180,180,170,180,190,180,180
12.443625211715698,-0.26678163078603445,9.064750735484061,0.2617993877991417,0.20943951023931331,-1.3041600886349296,180,180,170,180,190,180,180
12.453843593597412,-0.26678163078603445,9.064750735484061,0.2617993877991417,0.2268928027592561,-1.3041600886349296,170,190,170,190,180,150,180
12.464052200317383,-0.2690092981611457,9.056483754927367,0.2617993877991417,0.2268928027592561,-1.3110612026744182,170,190,170,190,180,150,180
12.474252462387085,-0.2690092981611457,9.056483754927367,0.2617993877991417,0.2268928027592561,-1.3110612026744182,170,190,170,190,180,150,180
12.485783815383911,-0.2690092981611457,9.056483754927367,0.2617993877991417,0.2268928027592561,-1.3110612026744182,170,190,170,190,180,150,180
12.496012926101685,-0.2711786491615939,9.048194887304392,0.2617993877991417,0.2268928027592561,-1.3185818558580298,170,190,170,190,180,150,180
12.506230115890503,-0.2711786491615939,9.048194887304392,0.2617993877991417,0.2268928027592561,-1.3185818558580298,180,190,170,180,180,180,190
12.516499757766724,-0.2711786491615939,9.048194887304392,0.2617993877991417,0.2268928027592561,-1.3185818558580298,180,190,170,180,180,180,190
12.53522276878357,-0.2733514754703999,9.039626237057197,0.2617993877991417,0.2268928027592561,-1.3263516818910785,180,190,170,180,180,180,190
12.545471429824829,-0.2733514754703999,9.039626237057197,0.2617993877991417,0.2268928027592561,-1.3263516818910785,180,190,170,180,180,180,190
12.555666446685791,-0.2733514754703999,9.039626237057197,0.2617993877991417,0.2268928027592561,-1.3263516818910785,170,180,170,170,180,200,190
12.565900802612305,-0.27539980031544237,9.03128242968409,0.2617993877991417,0.2268928027592561,-1.3338844391750388,170,180,170,170,180,200,190
12.583233118057251,-0.27539980031544237,9.03128242968409,0.2617993877991417,0.2268928027592561,-1.3338844391750388,170,180,170,170,180,200,190
12.593473672866821,-0.277387476825919,9.022915719915023,0.2617993877991417,0.2268928027592561,-1.34139582203368,170,180,170,170,180,200,190
12.603688955307007,-0.277387476825919,9.022915719915023,0.2617993877991417,0.2268928027592561,-1.34139582203368,170,180,170,170,180,200,190
12.6139657497406,-0.277387476825919,9.022915719915023,0.2617993877991417,0.2268928027592561,-1.34139582203368,180,190,180,180,190,180,180
12.633394241333008,-0.277387476825919,9.022915719915023,0.2617993877991417,0.2268928027592561,-1.34139582203368,180,190,180,180,190,180,180
12.643710136413574,-0.27937118056747173,9.014282249915457,0.2617993877991417,0.2268928027592561,-1.3490419904583197,180,190,180,180,190,180,180
12.65389108657837,-0.27937118056747173,9.014282249915457,0.2617993877991417,0.2268928027592561,-1.3490419904583197,170,180,170,180,190,170,180
12.664109706878662,-0.2812252080217719,9.00591182951888,0.2617993877991417,0.2268928027592561,-1.356192549135808,170,180,170,180,190,170,180
12.67437219619751,-0.2812252080217719,9.00591182951888,0.2617993877991417,0.2268928027592561,-1.356192549135808,170,180,170,180,190,170,180
12.684569358825684,-0.2812252080217719,9.00591182951888,0.2617993877991417,0.2268928027592561,-1.356192549135808,170,180,170,180,190,170,180
12.694761514663696,-0.2830197954735271,8.997537131374136,0.2617993877991417,0.2268928027592561,-1.3632600920210156,170,180,170,180,190,170,180
12.704966306686401,-0.2830197954735271,8.997537131374136,0.2617993877991417,0.2268928027592561,-1.3632600920210156,180,190,180,180,190,180,180
12.715149164199829,-0.2830197954735271,8.997537131374136,0.2617993877991417,0.2268928027592561,-1.3632600920210156,180,190,180,180,190,180,180
12.730712175369263,-0.2830197954735271,8.997537131374136,0.2617993877991417,0.2268928027592561,-1.3632600920210156,180,190,180,180,190,180,180
12.740911960601807,-0.2830197954735271,8.997537131374136,0.2617993877991417,0.2268928027592561,-1.3632600920210156,180,190,180,180,190,180,180
12.751091241836548,-0.28480930625241857,8.988881402615744,0.2617993877991417,0.2268928027592561,-1.3706645291434634,180,180,180,180,190,190,180
12.761287689208984,-0.28648430219021065,8.980462372133484,0.2617993877991417,0.2268928027592561,-1.3778597339945147,180,180,180,180,190,190,180
12.771485805511475,-0.28648430219021065,8.980462372133484,0.2617993877991417,0.2268928027592561,-1.3778597339945147,180,180,180,180,190,190,180
12.7827889919281,-0.28648430219021065,8.980462372133484,0.2617993877991417,0.2268928027592561,-1.3778597339945147,180,180,180,180,190,190,180
12.792994499206543,-0.28809864863881207,8.972029505831248,0.2617993877991417,0.2268928027592561,-1.385159211211376,180,180,180,180,190,190,180
12.803239822387695,-0.28809864863881207,8.972029505831248,0.2617993877991417,0.2268928027592561,-1.385159211211376,180,180,180,180,190,190,180
12.813568592071533,-0.28809864863881207,8.972029505831248,0.2617993877991417,0.2268928027592561,-1.385159211211376,190,190,190,180,200,190,180
12.831602096557617,-0.28809864863881207,8.972029505831248,0.2617993877991417,0.2268928027592561,-1.385159211211376,190,190,190,180,200,190,180
12.841963291168213,-0.2896886466196016,8.963366681478401,0.2617993877991417,0.2268928027592561,-1.3930146151958873,190,190,190,180,200,190,180
12.852161169052124,-0.2896886466196016,8.963366681478401,0.2617993877991417,0.2268928027592561,-1.3930146151958873,190,190,190,180,200,190,180
12.86246132850647,-0.29117023955201005,8.954936341305602,0.2617993877991417,0.2268928027592561,-1.4006495615610335,180,180,190,190,200,200,180
12.872716903686523,-0.29117023955201005,8.954936341305602,0.2617993877991417,0.2268928027592561,-1.4006495615610335,180,180,190,190,200,200,180
12.882916927337646,-0.29117023955201005,8.954936341305602,0.2617993877991417,0.2268928027592561,-1.4006495615610335,180,180,190,190,200,200,180
12.893089771270752,-0.2925887527843939,8.946488220520342,0.2617993877991417,0.2268928027592561,-1.4083123460969942,180,180,190,190,200,200,180
12.903298377990723,-0.2925887527843939,8.946488220520342,0.2617993877991417,0.2268928027592561,-1.4083123460969942,190,180,190,190,200,200,200
12.913833141326904,-0.2925887527843939,8.946488220520342,0.2617993877991417,0.2268928027592561,-1.4083123460969942,190,180,190,190,200,200,200
12.924030303955078,-0.2925887527843939,8.946488220520342,0.2617993877991417,0.2268928027592561,-1.4083123460969942,190,180,190,190,200,200,200
12.934250831604004,-0.29398439050047237,8.937762127353896,0.2617993877991417,0.2268928027592561,-1.416196604063914,190,180,190,190,200,200,200
12.944436073303223,-0.29398439050047237,8.937762127353896,0.2617993877991417,0.2268928027592561,-1.416196604063914,190,180,190,190,200,200,200
12.954612731933594,-0.29398439050047237,8.937762127353896,0.2617993877991417,0.2268928027592561,-1.416196604063914,180,180,180,180,190,190,180
12.964807510375977,-0.29527421329124803,8.929278100668753,0.2617993877991417,0.2268928027592561,-1.4237939095130137,180,180,180,180,190,190,180
12.97503137588501,-0.29527421329124803,8.929278100668753,0.2617993877991417,0.2268928027592561,-1.4237939095130137,180,180,180,180,190,190,180
12.985540628433228,-0.29527421329124803,8.929278100668753,0.2617993877991417,0.2268928027592561,-1.4237939095130137,180,180,180,180,190,190,180
12.995749711990356,-0.29649815555807774,8.9207922826837,0.2617993877991417,0.2268928027592561,-1.4312562402135423,180,180,180,180,190,190,180
13.005951881408691,-0.29649815555807774,8.9207922826837,0.2617993877991417,0.2268928027592561,-1.4312562402135423,180,190,190,180,190,200,190
13.016232967376709,-0.29649815555807774,8.9207922826837,0.2617993877991417,0.2268928027592561,-1.4312562402135423,180,190,190,180,190,200,190
13.03201150894165,-0.2976869821315438,8.912083076687729,0.2617993877991417,0.2268928027592561,-1.4385226030200247,180,190,190,180,190,200,190
13.04224181175232,-0.2976869821315438,8.912083076687729,0.2617993877991417,0.2268928027592561,-1.4385226030200247,180,190,190,180,190,200,190
13.052444458007812,-0.2976869821315438,8.912083076687729,0.2617993877991417,0.2268928027592561,-1.4385226030200247,180,190,190,180,190,200,190
13.062827587127686,-0.29878415152268073,8.903590647935077,0.2617993877991417,0.2268928027592561,-1.4457412052901377,180,180,180,180,180,200,190
13.073065280914307,-0.29878415152268073,8.903590647935077,0.2617993877991417,0.2268928027592561,-1.4457412052901377,180,180,180,180,180,200,190
13.083622932434082,-0.29878415152268073,8.903590647935077,0.2617993877991417,0.2268928027592561,-1.4457412052901377,180,180,180,180,180,200,190
13.093821048736572,-0.29982302134275546,8.895079494038773,0.2617993877991417,0.2268928027592561,-1.4529591465900664,180,180,180,180,180,200,190
13.104023218154907,-0.29982302134275546,8.895079494038773,0.2617993877991417,0.2268928027592561,-1.4529591465900664,180,190,190,190,190,190,200
13.114327430725098,-0.29982302134275546,8.895079494038773,0.2617993877991417,0.2268928027592561,-1.4529591465900664,180,190,190,190,190,190,200
13.132484912872314,-0.29982302134275546,8.895079494038773,0.2617993877991417,0.2268928027592561,-1.4529591465900664,180,190,190,190,190,190,200
13.142854452133179,-0.3008306838454302,8.886292674109644,0.2617993877991417,0.2268928027592561,-1.4604217794254315,180,190,190,190,190,190,200
13.153386116027832,-0.3008306838454302,8.886292674109644,0.2617993877991417,0.2268928027592561,-1.4604217794254315,180,190,190,190,190,190,200
13.163765668869019,-0.3017469109511481,8.877748895294815,0.2617993877991417,0.2268928027592561,-1.4676994056429697,180,190,190,190,180,210,210
13.174029350280762,-0.3017469109511481,8.877748895294815,0.2617993877991417,0.2268928027592561,-1.4676994056429697,180,190,190,190,180,210,210
13.184292316436768,-0.3017469109511481,8.877748895294815,0.2617993877991417,0.2268928027592561,-1.4676994056429697,180,190,190,190,180,210,210
13.194512128829956,-0.30260246089618065,8.86919342580762,0.2617993877991417,0.2268928027592561,-1.4750298231700678,180,190,190,190,180,210,210
13.204727172851562,-0.30260246089618065,8.86919342580762,0.2617993877991417,0.2268928027592561,-1.4750298231700678,180,190,190,190,190,210,210
13.214950799942017,-0.30260246089618065,8.86919342580762,0.2617993877991417,0.2268928027592561,-1.4750298231700678,180,190,190,190,190,210,210
13.232523202896118,-0.30341296826275943,8.860359154031729,0.2617993877991417,0.2268928027592561,-1.482594667774756,180,190,190,190,190,210,210
13.242757797241211,-0.30341296826275943,8.860359154031729,0.2617993877991417,0.2268928027592561,-1.482594667774756,180,190,190,190,190,210,210
13.25298261642456,-0.30341296826275943,8.860359154031729,0.2617993877991417,0.2268928027592561,-1.482594667774756,180,190,190,190,190,210,210
13.263211250305176,-0.3041379893055237,8.851799728002499,0.2617993877991417,0.2268928027592561,-1.4901569203602625,180,180,180,190,190,210,210
13.273434400558472,-0.3041379893055237,8.851799728002499,0.2617993877991417,0.2268928027592561,-1.4901569203602625,180,180,180,190,190,210,210
13.286814451217651,-0.3041379893055237,8.851799728002499,0.2617993877991417,0.2268928027592561,-1.4901569203602625,180,180,180,190,190,210,210
13.297061920166016,-0.3047949451361758,8.84325834215499,0.2617993877991417,0.2268928027592561,-1.4978934517362317,180,180,180,190,190,210,210
13.30726671218872,-0.3047949451361758,8.84325834215499,0.2617993877991417,0.2268928027592561,-1.4978934517362317,180,180,180,190,180,190,190
13.317503452301025,-0.3047949451361758,8.84325834215499,0.2617993877991417,0.2268928027592561,-1.4978934517362317,180,180,180,190,180,190,190
13.335196256637573,-0.3054047743100127,8.834455235045155,0.2617993877991417,0.2268928027592561,-1.5057960401286015,180,180,180,190,180,190,190
13.345457077026367,-0.3054047743100127,8.834455235045155,0.2617993877991417,0.2268928027592561,-1.5057960401286015,180,180,180,190,180,190,190
13.355693340301514,-0.3054047743100127,8.834455235045155,0.2617993877991417,0.2268928027592561,-1.5057960401286015,180,180,180,190,180,210,210
13.366860628128052,-0.30592466224394854,8.825927896109663,0.2617993877991417,0.2268928027592561,-1.5132409730826597,180,180,180,190,180,210,210
13.383983135223389,-0.30592466224394854,8.825927896109663,0.2617993877991417,0.2268928027592561,-1.5132409730826597,180,180,180,190,180,210,210
13.394245386123657,-0.30638353582611616,8.81741960965291,0.2617993877991417,0.2268928027592561,-1.5204410472749552,180,180,180,190,180,210,210
13.40451979637146,-0.30638353582611616,8.81741960965291,0.2617993877991417,0.2268928027592561,-1.5204410472749552,180,180,180,190,180,210,210
13.41528868675232,-0.30638353582611616,8.81741960965291,0.2617993877991417,0.2268928027592561,-1.5204410472749552,180,140,180,190,180,210,210
13.431036949157715,-0.3067923850322555,8.808615727594123,0.2617993877991417,0.2268928027592561,-1.5280089514568682,180,140,180,190,180,210,210
13.441230058670044,-0.3067923850322555,8.808615727594123,0.2617993877991417,0.20943951023931331,-1.5280089514568682,180,140,180,190,180,210,210
13.451456308364868,-0.3067923850322555,8.808615727594123,0.2617993877991417,0.20943951023931331,-1.5280089514568682,180,140,180,190,180,210,210
13.461817502975464,-0.3071272098148848,8.80006011270438,0.2617993877991417,0.19198621771937055,-1.535332369308695,140,140,180,180,180,190,200
13.472157955169678,-0.3071272098148848,8.80006011270438,0.2617993877991417,0.157079632679485,-1.535332369308695,140,140,180,180,180,190,200
13.482634782791138,-0.3071272098148848,8.80006011270438,0.2617993877991417,0.157079632679485,-1.535332369308695,140,140,180,180,180,190,200
13.492854595184326,-0.3074042941779735,8.791480676608472,0.2617993877991417,0.13962634015954223,-1.5415709690064991,140,140,180,180,180,190,200
13.503051280975342,-0.3074042941779735,8.791480676608472,0.2617993877991417,0.0,-1.5415709690064991,140,140,180,180,180,190,200
13.51326584815979,-0.3074042941779735,8.791480676608472,0.2617993877991417,0.0,-1.5415709690064991,140,140,140,140,180,140,200
13.523552894592285,-0.3074042941779735,8.791480676608472,0.2617993877991417,0.0,-1.5415709690064991,140,140,140,140,180,140,200
13.5338613986969,-0.30764179466204283,8.782612264535206,0.2617993877991417,0.0,-1.546290198482458,140,140,140,140,180,140,200
13.54408884048462,-0.30764179466204283,8.782612264535206,0.2617993877991417,0.0,-1.546290198482458,140,140,140,140,180,140,200
13.554489374160767,-0.30764179466204283,8.782612264535206,0.2617993877991417,0.0,-1.546290198482458,140,140,140,140,180,140,200
13.565030574798584,-0.3078481044781298,8.774024623008264,0.2617993877991417,0.0,-1.5457480262964958,130,180,180,180,180,180,190
13.582262516021729,-0.3078481044781298,8.774024623008264,0.2617993877991417,0.0,-1.5457480262964958,130,180,180,180,180,180,190
13.592498302459717,-0.30806728955671947,8.765382314608608,0.2617993877991417,0.0,-1.5453233201168,130,180,180,180,180,180,190
13.602717876434326,-0.30806728955671947,8.765382314608608,0.2617993877991417,0.0,-1.5453233201168,130,180,130,140,180,180,140
13.612981796264648,-0.30806728955671947,8.765382314608608,0.2617993877991417,0.0,-1.5453233201168,130,180,130,140,180,180,140
13.632030963897705,-0.30806728955671947,8.765382314608608,0.2617993877991417,0.0,-1.5453233201168,130,180,130,140,180,180,140
13.642441272735596,-0.30829517230121123,8.75645603367202,0.2617993877991417,0.0,-1.545318866549484,130,180,130,140,180,180,140
13.652642965316772,-0.30829517230121123,8.75645603367202,0.2617993877991417,0.0,-1.545318866549484,130,180,130,140,180,180,140
13.662899732589722,-0.30851248079279775,8.747797573212189,0.2617993877991417,0.0,-1.5453889898902118,180,180,190,180,180,180,140
13.673133850097656,-0.30851248079279775,8.747797573212189,0.2617993877991417,0.0,-1.5453889898902118,180,180,190,180,180,180,140
13.687713861465454,-0.30851248079279775,8.747797573212189,0.2617993877991417,0.0,-1.5453889898902118,180,180,190,180,180,180,140
13.698033332824707,-0.30873134936681107,8.739162236913899,0.2617993877991417,0.0,-1.5455573294785176,180,180,190,180,180,180,140
13.708219528198242,-0.30873134936681107,8.739162236913899,0.2617993877991417,0.0,-1.5455573294785176,180,180,190,190,190,190,140
13.718444108963013,-0.30873134936681107,8.739162236913899,0.2617993877991417,0.0,-1.5455573294785176,180,180,190,190,190,190,140
13.732273578643799,-0.30873134936681107,8.739162236913899,0.2617993877991417,0.0,-1.5455573294785176,180,180,190,190,190,190,140
13.742635488510132,-0.30895013456853815,8.730285040892676,0.2617993877991417,0.0,-1.5456669447979587,180,180,190,190,190,190,140
13.752844095230103,-0.30895013456853815,8.730285040892676,0.2617993877991417,0.0,-1.5456669447979587,180,180,190,190,190,180,140
13.763087511062622,-0.3091656615085641,8.721709360740476,0.2617993877991417,0.0,-1.5454258085428851,180,180,190,190,190,180,140
13.773340463638306,-0.3091656615085641,8.721709360740476,0.2617993877991417,0.0,-1.5454258085428851,180,180,190,190,190,180,140
13.784825801849365,-0.3091656615085641,8.721709360740476,0.2617993877991417,0.0,-1.5454258085428851,180,180,190,190,190,180,140
13.795044422149658,-0.3093817927503545,8.713102055990628,0.2617993877991417,0.0,-1.5453597585696337,180,180,190,190,190,180,140
13.805219173431396,-0.3093817927503545,8.713102055990628,0.2617993877991417,0.0,-1.5453597585696337,180,180,190,190,190,180,200
13.815397500991821,-0.3093817927503545,8.713102055990628,0.2617993877991417,0.0,-1.5453597585696337,180,180,190,190,190,180,200
13.830548763275146,-0.3093817927503545,8.713102055990628,0.2617993877991417,0.0,-1.5453597585696337,180,180,190,190,190,180,200
13.840722560882568,-0.30960682625472774,8.704228557526879,0.2617993877991417,0.0,-1.5452631310195306,180,180,190,190,190,180,200
13.850892066955566,-0.30960682625472774,8.704228557526879,0.2617993877991417,0.0,-1.5452631310195306,180,180,190,190,190,190,210
13.861059665679932,-0.3098265823360516,8.695605187340227,0.2617993877991417,0.0,-1.5451746835229785,180,180,190,190,190,190,210
13.881206512451172,-0.3098265823360516,8.695605187340227,0.2617993877991417,0.0,-1.5451746835229785,180,180,190,190,190,190,210
13.891432523727417,-0.3098265823360516,8.695605187340227,0.2617993877991417,0.0,-1.5451746835229785,180,180,190,190,190,190,210
13.901623010635376,-0.3100471801662187,8.686970358478707,0.2617993877991417,0.0,-1.5450964440889619,180,180,190,190,190,190,200
13.911834716796875,-0.3100471801662187,8.686970358478707,0.2617993877991417,0.0,-1.5450964440889619,180,180,190,190,190,190,200
13.922043561935425,-0.3100471801662187,8.686970358478707,0.2617993877991417,0.05235987755982833,-1.5450964440889619,180,180,190,190,190,190,200
13.932578563690186,-0.3102754179278696,8.678062876394133,0.2617993877991417,0.05235987755982833,-1.5450213635501477,180,180,190,190,190,190,200
13.942771196365356,-0.3102754179278696,8.678062876394133,0.2617993877991417,0.05235987755982833,-1.5450213635501477,180,180,190,190,190,190,200
13.952952146530151,-0.3102754179278696,8.678062876394133,0.2617993877991417,0.06981317007977111,-1.5450213635501477,180,180,190,190,190,190,200
13.963143587112427,-0.31049367148068063,8.669413885529995,0.2617993877991417,0.06981317007977111,-1.546527715770468,180,180,190,180,190,190,200
13.98372507095337,-0.31049367148068063,8.669413885529995,0.2617993877991417,0.06981317007977111,-1.546527715770468,180,180,190,180,190,190,200
13.993927240371704,-0.3106969706677166,8.660761044156422,0.2617993877991417,0.08726646259971389,-1.5487202455092042,180,180,190,180,190,190,200
14.00410008430481,-0.3106969706677166,8.660761044156422,0.2617993877991417,0.08726646259971389,-1.5487202455092042,180,180,190,180,190,190,200
14.01427698135376,-0.3106969706677166,8.660761044156422,0.2617993877991417,0.08726646259971389,-1.5487202455092042,180,180,190,180,190,190,200
14.024467706680298,-0.3106969706677166,8.660761044156422,0.2617993877991417,0.08726646259971389,-1.5487202455092042,180,180,190,180,190,190,200
14.035310983657837,-0.3108837040778325,8.651845167799047,0.2617993877991417,0.08726646259971389,-1.5516212459293544,180,180,190,180,190,190,200
14.045641899108887,-0.3108837040778325,8.651845167799047,0.2617993877991417,0.08726646259971389,-1.5516212459293544,180,180,190,180,190,190,200
14.055822849273682,-0.3108837040778325,8.651845167799047,0.2617993877991417,0.08726646259971389,-1.5516212459293544,180,180,190,180,190,190,200
14.06604290008545,-0.3110384618719524,8.643194197190066,0.2617993877991417,0.08726646259971389,-1.5545513215661,180,180,190,190,190,190,200
14.076348304748535,-0.3110384618719524,8.643194197190066,0.2617993877991417,0.08726646259971389,-1.5545513215661,180,180,190,190,190,190,200
14.091243743896484,-0.3110384618719524,8.643194197190066,0.2617993877991417,0.08726646259971389,-1.5545513215661,180,180,190,190,190,190,200
14.101717233657837,-0.31116923326906487,8.634567288416594,0.2617993877991417,0.08726646259971389,-1.5575983981536217,180,180,190,190,190,190,200
14.112164497375488,-0.31116923326906487,8.634567288416594,0.2617993877991417,0.08726646259971389,-1.5575983981536217,180,180,190,190,190,190,200
14.122737884521484,-0.31116923326906487,8.634567288416594,0.2617993877991417,0.08726646259971389,-1.5575983981536217,180,180,190,190,190,190,200
14.133275985717773,-0.3112657588101888,8.625718497023232,0.2617993877991417,0.08726646259971389,-1.5606502126432413,180,180,180,180,190,190,200
14.143979787826538,-0.3112657588101888,8.625718497023232,0.2617993877991417,0.10471975511965666,-1.5606502126432413,180,180,180,180,190,190,200
14.15443730354309,-0.3112657588101888,8.625718497023232,0.2617993877991417,0.10471975511965666,-1.5606502126432413,180,180,180,180,190,190,200
14.164880752563477,-0.31134057503280027,8.617151904927645,0.2617993877991417,0.10471975511965666,-1.5633942034273902,180,180,180,180,190,190,200
14.17510175704956,-0.31134057503280027,8.617151904927645,0.2617993877991417,0.10471975511965666,-1.5633942034273902,180,180,180,180,180,180,190
14.185367345809937,-0.31134057503280027,8.617151904927645,0.2617993877991417,0.12217304763959944,-1.5633942034273902,180,180,180,180,180,180,190
14.205458879470825,-0.31138769919751874,8.608570758695148,0.2617993877991417,0.13962634015954223,-1.5667433104689403,180,180,180,180,180,180,190
14.215829133987427,-0.31138769919751874,8.608570758695148,0.2617993877991417,0.157079632679485,-1.5667433104689403,180,180,180,180,180,180,190
14.235389947891235,-0.3114031498319136,8.599734129455024,0.2617993877991417,0.157079632679485,-1.5713167665847068,180,180,180,180,180,180,190
14.245620727539062,-0.3114031498319136,8.599734129455024,0.2617993877991417,0.157079632679485,-1.5713167665847068,180,180,180,180,180,180,190
14.255814790725708,-0.3114031498319136,8.599734129455024,0.2617993877991417,0.17453292519942779,-1.5713167665847068,180,180,180,180,190,190,190
14.266034364700317,-0.3113767069457643,8.591148539392815,0.2617993877991417,0.17453292519942779,-1.5763818755464318,180,180,180,180,190,190,190
14.280707120895386,-0.3113767069457643,8.591148539392815,0.2617993877991417,0.17453292519942779,-1.5763818755464318,180,180,180,180,190,190,190
14.290922164916992,-0.3113767069457643,8.591148539392815,0.2617993877991417,0.17453292519942779,-1.5763818755464318,180,180,180,180,190,190,190
14.301278352737427,-0.3113044119456848,8.58255597925972,0.2617993877991417,0.17453292519942779,-1.5820315219229586,180,180,180,180,180,180,200
14.311781167984009,-0.3113044119456848,8.58255597925972,0.2617993877991417,0.17453292519942779,-1.5820315219229586,180,180,180,180,180,180,200
14.321978569030762,-0.3113044119456848,8.58255597925972,0.2617993877991417,0.17453292519942779,-1.5820315219229586,180,180,180,180,180,180,200
14.33244800567627,-0.31117891300790507,8.573691189645515,0.2617993877991417,0.17453292519942779,-1.5878848465674904,180,180,180,180,180,180,200
14.342664957046509,-0.31117891300790507,8.573691189645515,0.2617993877991417,0.17453292519942779,-1.5878848465674904,180,180,180,180,180,180,200
14.352858304977417,-0.31117891300790507,8.573691189645515,0.2617993877991417,0.17453292519942779,-1.5878848465674904,180,180,180,180,180,180,200
14.363807678222656,-0.3110075753433098,8.565075996966975,0.2617993877991417,0.17453292519942779,-1.5935789087908216,180,180,180,180,150,180,200
14.374107837677002,-0.3110075753433098,8.565075996966975,0.2617993877991417,0.17453292519942779,-1.5935789087908216,180,180,180,180,150,180,200
14.3843092918396,-0.3110075753433098,8.565075996966975,0.2617993877991417,0.17453292519942779,-1.5935789087908216,180,180,180,180,150,180,200
14.39451551437378,-0.3110075753433098,8.565075996966975,0.2617993877991417,0.17453292519942779,-1.5935789087908216,180,180,180,180,150,180,200
14.404711246490479,-0.31078742455465086,8.556451842887437,0.2617993877991417,0.17453292519942779,-1.5992872528571336,180,180,180,180,150,180,190
14.414904594421387,-0.31078742455465086,8.556451842887437,0.2617993877991417,0.17453292519942779,-1.5992872528571336,180,180,180,180,150,180,190
14.42535948753357,-0.31078742455465086,8.556451842887437,0.2617993877991417,0.17453292519942779,-1.5992872528571336,180,180,180,180,150,180,190
14.435974597930908,-0.310510623180191,8.547561619930196,0.2617993877991417,0.17453292519942779,-1.605168555485906,180,180,180,180,150,180,190
14.44616985321045,-0.310510623180191,8.547561619930196,0.2617993877991417,0.17453292519942779,-1.605168555485906,180,180,180,180,150,180,190
14.456383466720581,-0.310510623180191,8.547561619930196,0.2617993877991417,0.17453292519942779,-1.605168555485906,180,170,150,180,150,180,180
14.466602563858032,-0.3101989184658123,8.538925354843535,0.2617993877991417,0.17453292519942779,-1.6108366318317966,180,170,150,180,150,180,180
14.481966733932495,-0.3101989184658123,8.538925354843535,0.2617993877991417,0.17453292519942779,-1.6108366318317966,180,170,150,180,150,180,180
14.492216110229492,-0.30984317289188423,8.530300602184065,0.2617993877991417,0.17453292519942779,-1.616489041498536,180,170,150,180,150,180,180
14.502440929412842,-0.30984317289188423,8.530300602184065,0.2617993877991417,0.17453292519942779,-1.616489041498536,180,170,150,180,150,180,180
14.512636423110962,-0.30984317289188423,8.530300602184065,0.2617993877991417,0.17453292519942779,-1.616489041498536,180,180,180,180,180,180,180
14.522926092147827,-0.30984317289188423,8.530300602184065,0.2617993877991417,0.17453292519942779,-1.616489041498536,180,180,180,180,180,180,180
14.533214807510376,-0.30940774320767006,8.521486945333153,0.2617993877991417,0.157079632679485,-1.6221986339552363,180,180,180,180,180,180,180
14.54343032836914,-0.30940774320767006,8.521486945333153,0.2617993877991417,0.13962634015954223,-1.6221986339552363,180,180,180,180,180,180,180
14.5536367893219,-0.30940774320767006,8.521486945333153,0.2617993877991417,0.13962634015954223,-1.6221986339552363,180,170,180,180,180,170,150
14.563896894454956,-0.3089433140119343,8.51294763062463,0.2617993877991417,0.12217304763959944,-1.6279563578047755,180,170,180,180,180,170,150
14.574174642562866,-0.3089433140119343,8.51294763062463,0.2617993877991417,0.12217304763959944,-1.6279563578047755,180,170,180,180,180,170,150
14.584391832351685,-0.3089433140119343,8.51294763062463,0.2617993877991417,0.10471975511965666,-1.6279563578047755,180,170,180,180,180,170,150
14.594632625579834,-0.30843480566780274,8.50439800445367,0.2617993877991417,0.08726646259971389,-1.6321616891883075,180,170,180,180,180,170,150
14.604853630065918,-0.30843480566780274,8.50439800445367,0.2617993877991417,0.08726646259971389,-1.6321616891883075,180,170,180,190,180,180,180
14.615112543106079,-0.30843480566780274,8.50439800445367,0.2617993877991417,0.06981317007977111,-1.6321616891883075,180,170,180,190,180,180,180
14.633424758911133,-0.30843480566780274,8.50439800445367,0.2617993877991417,0.05235987755982833,-1.6321616891883075,180,170,180,190,180,180,180
14.643777847290039,-0.30787836540635605,8.495565840706131,0.2617993877991417,0.05235987755982833,-1.6352274271928875,180,170,180,190,180,180,180
14.654035806655884,-0.30787836540635605,8.495565840706131,0.2617993877991417,0.05235987755982833,-1.6352274271928875,90,180,180,190,190,180,180
14.664298057556152,-0.30731484795873487,8.486971295762523,0.2617993877991417,0.05235987755982833,-1.6370480039571764,90,180,180,190,190,180,180
14.674514770507812,-0.30731484795873487,8.486971295762523,0.2617993877991417,0.05235987755982833,-1.6370480039571764,90,180,180,190,190,180,180
14.684821367263794,-0.30731484795873487,8.486971295762523,0.2617993877991417,0.0,-1.6370480039571764,90,180,180,190,190,180,180
14.695053577423096,-0.30673545232682375,8.478362649821289,0.2617993877991417,0.0,-1.638807189442285,90,180,180,190,190,180,180
14.705248594284058,-0.30673545232682375,8.478362649821289,0.2617993877991417,0.0,-1.638807189442285,180,190,180,190,190,180,180
14.715538740158081,-0.30673545232682375,8.478362649821289,0.2617993877991417,0.0,-1.638807189442285,180,190,180,190,190,180,180
14.73214602470398,-0.30673545232682375,8.478362649821289,0.2617993877991417,0.0,-1.638807189442285,180,190,180,190,190,180,180
14.742477655410767,-0.30612782658927035,8.46947251642432,0.2617993877991417,0.0,-1.6389667514934645,180,190,180,190,190,180,180
14.75268840789795,-0.30612782658927035,8.46947251642432,0.2617993877991417,0.0,-1.6389667514934645,180,190,180,190,190,180,180
14.76293420791626,-0.3055372677498745,8.460831726371831,0.2617993877991417,0.0,-1.6390048149400742,180,190,180,180,190,180,180
14.773174285888672,-0.3055372677498745,8.460831726371831,0.2617993877991417,0.0,-1.6390048149400742,180,190,180,180,190,180,180
14.783458471298218,-0.3055372677498745,8.460831726371831,0.2617993877991417,0.0,-1.6390048149400742,180,190,180,180,190,180,180
14.793682098388672,-0.3049463419085625,8.452181930615698,0.2617993877991417,0.0,-1.6390327024084725,180,190,180,180,190,180,180
14.803889513015747,-0.3049463419085625,8.452181930615698,0.2617993877991417,0.0,-1.6390327024084725,180,190,180,180,190,180,180
14.814102411270142,-0.3049463419085625,8.452181930615698,0.2617993877991417,0.0,-1.6390327024084725,180,190,180,190,190,190,180
14.824428796768188,-0.3049463419085625,8.452181930615698,0.2617993877991417,0.0,-1.6390327024084725,180,190,180,190,190,190,180
14.835888385772705,-0.3043382743604516,8.443266484048708,0.2617993877991417,0.0,-1.6390155808653337,180,190,180,190,190,190,180
14.84605622291565,-0.3043382743604516,8.443266484048708,0.2617993877991417,0.0,-1.6390155808653337,180,190,180,190,190,190,180
14.856699228286743,-0.3043382743604516,8.443266484048708,0.2617993877991417,0.0,-1.6390155808653337,180,190,180,190,190,190,180
14.866930723190308,-0.3037510194227087,8.43461933812624,0.2617993877991417,0.0,-1.6389892954012133,180,180,180,180,190,190,180
14.8845956325531,-0.3037510194227087,8.43461933812624,0.2617993877991417,0.0,-1.6389892954012133,180,180,180,180,190,190,180
14.89481496810913,-0.3031639442012181,8.425990762034225,0.2617993877991417,0.0,-1.6389934437655693,180,180,180,180,190,190,180
14.905037879943848,-0.3031639442012181,8.425990762034225,0.2617993877991417,0.0,-1.6389934437655693,180,190,180,180,190,190,180
14.915287494659424,-0.3031639442012181,8.425990762034225,0.2617993877991417,0.0,-1.6389934437655693,180,190,180,180,190,190,180
14.933580875396729,-0.3031639442012181,8.425990762034225,0.2617993877991417,0.0,-1.6389934437655693,180,190,180,180,190,190,180
14.943748712539673,-0.3025563667281365,8.417166064734406,0.2617993877991417,0.0,-1.6391042256221175,180,190,180,180,190,190,180
14.953900814056396,-0.3025563667281365,8.417166064734406,0.2617993877991417,0.0,-1.6391042256221175,180,190,180,180,190,190,180
14.964219808578491,-0.3019672892097905,8.408579741406378,0.2617993877991417,0.0,-1.639123770165198,180,190,180,180,190,190,180
14.98201847076416,-0.3019672892097905,8.408579741406378,0.2617993877991417,0.0,-1.639123770165198,180,190,180,180,190,190,180
14.992355108261108,-0.3019672892097905,8.408579741406378,0.2617993877991417,0.0,-1.639123770165198,180,190,180,180,190,190,180
15.002740621566772,-0.3013787075593322,8.399990801891574,0.2617993877991417,0.0,-1.6391829866632974,180,190,180,190,190,190,190
15.013095617294312,-0.3013787075593322,8.399990801891574,0.2617993877991417,0.0,-1.6391829866632974,180,190,180,190,190,190,190
15.023330926895142,-0.3013787075593322,8.399990801891574,0.2617993877991417,0.0,-1.6391829866632974,180,190,180,190,190,190,190
15.033594131469727,-0.30077058883860974,8.391131033225225,0.2617993877991417,0.0,-1.6392395834233238,180,190,180,190,190,190,190
15.043843746185303,-0.30077058883860974,8.391131033225225,0.2617993877991417,0.0,-1.6392395834233238,180,190,180,190,190,190,190
15.054056882858276,-0.30077058883860974,8.391131033225225,0.2617993877991417,0.0,-1.6392395834233238,180,180,180,180,190,190,180
15.064338445663452,-0.30017920745354776,8.38252047882181,0.2617993877991417,0.0,-1.6392784069396258,180,180,180,180,190,190,180
15.082500219345093,-0.30017920745354776,8.38252047882181,0.2617993877991417,0.0,-1.6392784069396258,180,180,180,180,190,190,180
15.09274697303772,-0.29958696788583816,8.373900029167782,0.2617993877991417,0.0,-1.6393153505743379,180,180,180,180,190,190,180
15.102949142456055,-0.29958696788583816,8.373900029167782,0.2617993877991417,0.0,-1.6393153505743379,180,180,180,180,180,180,130
15.113143920898438,-0.29958696788583816,8.373900029167782,0.2617993877991417,0.0,-1.6393153505743379,180,180,180,180,180,180,130
15.123358488082886,-0.29958696788583816,8.373900029167782,0.2617993877991417,0.0,-1.6393153505743379,180,180,180,180,180,180,130
15.133643865585327,-0.29897587194462594,8.365007528366895,0.2617993877991417,0.0,-1.639353006421898,180,180,180,180,180,180,130
15.143858194351196,-0.29897587194462594,8.365007528366895,0.2617993877991417,0.0,-1.639353006421898,180,180,180,180,180,180,130
15.154050827026367,-0.29897587194462594,8.365007528366895,0.2617993877991417,0.0,-1.639353006421898,180,190,180,180,180,180,130
15.164283752441406,-0.298381960722678,8.35636582279327,0.2617993877991417,0.0,-1.6393903983759839,180,190,180,180,180,180,130
15.181548833847046,-0.298381960722678,8.35636582279327,0.2617993877991417,0.0,-1.6393903983759839,180,190,180,180,180,180,130
15.1918203830719,-0.298381960722678,8.35636582279327,0.2617993877991417,0.0,-1.6393903983759839,180,190,180,180,180,180,130
15.202057600021362,-0.29778775106216276,8.347715388109933,0.2617993877991417,0.0,-1.6394142928556958,180,190,180,180,190,130,130
15.212271928787231,-0.29778775106216276,8.347715388109933,0.2617993877991417,0.0,-1.6394142928556958,180,190,180,180,190,130,130
15.22246527671814,-0.29778775106216276,8.347715388109933,0.2617993877991417,0.0,-1.6394142928556958,180,190,180,180,190,130,130
15.233243227005005,-0.2971765710247062,8.338800506271332,0.2617993877991417,0.0,-1.6393904510926365,180,190,180,180,190,130,130
15.243503332138062,-0.2971765710247062,8.338800506271332,0.2617993877991417,0.0,-1.6393904510926365,180,190,180,180,190,130,130
15.253698587417603,-0.2971765710247062,8.338800506271332,0.2617993877991417,0.0,-1.6393904510926365,180,190,180,180,190,130,130
15.2639639377594,-0.29658577572348177,8.330154588278631,0.2617993877991417,0.0,-1.6393701968966183,180,190,180,180,190,130,130
15.281740427017212,-0.29658577572348177,8.330154588278631,0.2617993877991417,0.0,-1.6393701968966183,180,190,180,180,190,130,130
15.29221773147583,-0.29599499292881754,8.321532990020485,0.2617993877991417,0.0,-1.6393592279957983,180,190,180,180,190,130,130
15.302472591400146,-0.29599499292881754,8.321532990020485,0.2617993877991417,0.0,-1.6393592279957983,180,190,180,180,190,130,130
15.312743663787842,-0.29599499292881754,8.321532990020485,0.2617993877991417,0.0,-1.6393592279957983,180,190,180,180,190,130,130
15.323007822036743,-0.29599499292881754,8.321532990020485,0.2617993877991417,0.0,-1.6393592279957983,180,190,180,180,190,130,130
15.333520412445068,-0.2953851095154817,8.312710671361334,0.2617993877991417,0.0,-1.6394903275130734,180,190,180,180,190,130,130
15.343741178512573,-0.2953851095154817,8.312710671361334,0.2617993877991417,0.0,-1.6394903275130734,180,190,180,180,190,130,130
15.35388994216919,-0.2953851095154817,8.312710671361334,0.2617993877991417,0.0,-1.6394903275130734,180,190,180,180,190,130,130
15.364099502563477,-0.294792495775541,8.304122628680124,0.2617993877991417,0.0,-1.6395059475271547,180,190,180,180,190,180,180
15.383064031600952,-0.294792495775541,8.304122628680124,0.2617993877991417,0.0,-1.6395059475271547,180,190,180,180,190,180,180
15.393334150314331,-0.29420042538907903,8.295532736464349,0.2617993877991417,0.0,-1.639565028728452,180,190,180,180,190,180,180
15.403529644012451,-0.29420042538907903,8.295532736464349,0.2617993877991417,0.0,-1.639565028728452,180,190,180,190,190,190,180
15.413754940032959,-0.29420042538907903,8.295532736464349,0.2617993877991417,0.0,-1.639565028728452,180,190,180,190,190,190,180
15.433248519897461,-0.29420042538907903,8.295532736464349,0.2617993877991417,0.0,-1.639565028728452,180,190,180,190,190,190,180
15.443694829940796,-0.29358878379392617,8.286671821944925,0.2617993877991417,0.0,-1.63961948309062,180,190,180,190,190,190,180
15.453882694244385,-0.29358878379392617,8.286671821944925,0.2617993877991417,0.0,-1.63961948309062,180,190,190,190,190,190,180
15.464069604873657,-0.2929940986823393,8.278060301721347,0.2617993877991417,0.0,-1.6396579136104654,180,190,190,190,190,190,180
15.4743070602417,-0.2929940986823393,8.278060301721347,0.2617993877991417,0.0,-1.6396579136104654,180,190,190,190,190,190,180
15.484521389007568,-0.2929940986823393,8.278060301721347,0.2617993877991417,0.0,-1.6396579136104654,180,190,190,190,190,190,180
15.494705200195312,-0.29239851811652445,8.269438900099322,0.2617993877991417,0.0,-1.6396946758691533,180,190,190,190,190,190,180
15.50488567352295,-0.29239851811652445,8.269438900099322,0.2617993877991417,0.0,-1.6396946758691533,190,210,190,190,190,190,180
15.515420913696289,-0.29239851811652445,8.269438900099322,0.2617993877991417,0.0,-1.6396946758691533,190,210,190,190,190,190,180
15.532344579696655,-0.2917839864796115,8.260545312339925,0.2617993877991417,0.0,-1.6397327735590475,190,210,190,190,190,190,180
15.542517185211182,-0.2917839864796115,8.260545312339925,0.2617993877991417,0.0,-1.6397327735590475,190,210,190,190,190,190,180
15.55265998840332,-0.2917839864796115,8.260545312339925,0.2617993877991417,0.0,-1.6397327735590475,190,210,190,190,190,190,180
15.56287932395935,-0.29118675371423963,8.25190267539285,0.2617993877991417,0.0,-1.6397698582463802,190,190,190,180,190,190,180
15.57319450378418,-0.29118675371423963,8.25190267539285,0.2617993877991417,0.0,-1.6397698582463802,190,190,190,180,190,190,180
15.583446025848389,-0.29118675371423963,8.25190267539285,0.2617993877991417,0.0,-1.6397698582463802,190,190,190,180,190,190,180
15.593621492385864,-0.2905893077000004,8.243251703121668,0.2617993877991417,0.0,-1.639789827361571,190,190,190,180,190,190,180
15.603812217712402,-0.2905893077000004,8.243251703121668,0.2617993877991417,0.0,-1.639789827361571,190,190,190,180,190,190,180
15.61398196220398,-0.2905893077000004,8.243251703121668,0.2617993877991417,0.0,-1.639789827361571,190,190,190,190,190,190,190
15.62418508529663,-0.2905893077000004,8.243251703121668,0.2617993877991417,0.0,-1.639789827361571,190,190,190,190,190,190,190
15.635392904281616,-0.28997509974068275,8.234337570179374,0.2617993877991417,0.0,-1.639760607456744,190,190,190,190,190,190,190
15.64557933807373,-0.28997509974068275,8.234337570179374,0.2617993877991417,0.0,-1.639760607456744,190,190,190,190,190,190,190
15.655752420425415,-0.28997509974068275,8.234337570179374,0.2617993877991417,0.0,-1.639760607456744,190,190,190,190,190,190,180
15.665951013565063,-0.28938109571437565,8.225692778849709,0.2617993877991417,0.0,-1.6397485223240307,190,190,190,190,190,190,180
15.684204339981079,-0.28938109571437565,8.225692778849709,0.2617993877991417,0.0,-1.6397485223240307,190,190,190,190,190,190,180
15.69439959526062,-0.28878631828664897,8.21707916135686,0.2617993877991417,0.0,-1.6397253368396025,190,190,190,190,190,190,180
15.704577922821045,-0.28878631828664897,8.21707916135686,0.2617993877991417,0.0,-1.6397253368396025,190,190,190,180,190,190,130
15.714788675308228,-0.28878631828664897,8.21707916135686,0.2617993877991417,0.0,-1.6397253368396025,190,190,190,180,190,190,130
15.733017921447754,-0.28878631828664897,8.21707916135686,0.2617993877991417,0.0,-1.6397253368396025,190,190,190,180,190,190,130
15.743317127227783,-0.2881740348525993,8.208256595178238,0.2617993877991417,0.0,-1.6398658820129208,190,190,190,180,190,190,130
15.753487348556519,-0.2881740348525993,8.208256595178238,0.2617993877991417,0.0,-1.6398658820129208,190,190,190,180,190,190,130
15.76366901397705,-0.2875780648477454,8.19966836225052,0.2617993877991417,0.0,-1.6398880259886863,190,190,190,180,190,190,130
15.773850440979004,-0.2875780648477454,8.19966836225052,0.2617993877991417,0.0,-1.6398880259886863,190,190,190,180,190,190,130
15.78456735610962,-0.2875780648477454,8.19966836225052,0.2617993877991417,0.0,-1.6398880259886863,190,190,190,180,190,190,130
15.794778108596802,-0.2869825358240792,8.19107752921644,0.2617993877991417,0.0,-1.6399477485179925,190,190,190,180,190,190,130
15.80497407913208,-0.2869825358240792,8.19107752921644,0.2617993877991417,0.0,-1.6399477485179925,190,190,190,180,190,190,130
15.815242052078247,-0.2869825358240792,8.19107752921644,0.2617993877991417,0.0,-1.6399477485179925,190,210,190,180,190,190,120
15.825510740280151,-0.2869825358240792,8.19107752921644,0.2617993877991417,0.0,-1.6399477485179925,190,210,190,180,190,190,120
15.835745811462402,-0.2863673884120303,8.182215414981473,0.2617993877991417,0.0,-1.6399999819098714,190,210,190,180,190,190,120
15.846019506454468,-0.2863673884120303,8.182215414981473,0.2617993877991417,0.0,-1.6399999819098714,190,210,190,180,190,190,120
15.85641598701477,-0.2863673884120303,8.182215414981473,0.2617993877991417,0.0,-1.6399999819098714,190,190,190,180,180,180,120
15.86699390411377,-0.2857693700463771,8.173602893012461,0.2617993877991417,0.0,-1.6400382577825086,190,190,190,180,180,180,120
15.877586603164673,-0.2857693700463771,8.173602893012461,0.2617993877991417,0.0,-1.6400382577825086,190,190,190,180,180,180,120
15.887843608856201,-0.2857693700463771,8.173602893012461,0.2617993877991417,0.0,-1.6400382577825086,190,190,190,180,180,180,120
15.898021221160889,-0.28517043523177416,8.16498047925958,0.2617993877991417,0.0,-1.6400748667075995,190,190,190,180,180,180,120
15.908194541931152,-0.28517043523177416,8.16498047925958,0.2617993877991417,0.0,-1.6400748667075995,190,190,190,180,180,180,120
15.918403387069702,-0.28517043523177416,8.16498047925958,0.2617993877991417,0.0,-1.6400748667075995,190,190,180,180,180,180,130
15.931602716445923,-0.28517043523177416,8.16498047925958,0.2617993877991417,0.0,-1.6400748667075995,190,190,180,180,180,180,130
15.941951513290405,-0.2845524575671085,8.156085738408235,0.2617993877991417,0.0,-1.6401134659182965,190,190,180,180,180,180,130
15.952137231826782,-0.2845524575671085,8.156085738408235,0.2617993877991417,0.0,-1.6401134659182965,190,190,180,180,180,180,130
15.96233320236206,-0.28395189595356135,8.14744215730653,0.2617993877991417,0.0,-1.6401499916767055,190,190,180,180,180,180,130
15.97253131866455,-0.28395189595356135,8.14744215730653,0.2617993877991417,0.0,-1.6401499916767055,190,190,180,180,180,180,130
15.98343300819397,-0.28395189595356135,8.14744215730653,0.2617993877991417,0.0,-1.6401499916767055,190,190,180,180,180,180,130
15.993611574172974,-0.2833512203803022,8.13879073333397,0.2617993877991417,0.0,-1.6401652108092788,190,190,180,180,180,180,130
16.003786087036133,-0.2833512203803022,8.13879073333397,0.2617993877991417,0.0,-1.6401652108092788,190,190,180,180,180,180,130
16.0147066116333,-0.2833512203803022,8.13879073333397,0.2617993877991417,0.0,-1.6401652108092788,190,190,180,180,180,180,130
16.030477285385132,-0.2833512203803022,8.13879073333397,0.2617993877991417,0.0,-1.6401652108092788,190,190,180,180,180,180,130
16.04071068763733,-0.2827340162258457,8.129877458597175,0.2617993877991417,0.0,-1.6401314672012457,190,190,180,180,180,180,130
16.05094265937805,-0.2827340162258457,8.129877458597175,0.2617993877991417,0.0,-1.6401314672012457,190,190,180,180,180,180,130
16.06117534637451,-0.28213713510337807,8.121233895974541,0.2617993877991417,0.0,-1.6401276787524144,190,190,180,180,180,180,130
16.07139563560486,-0.28213713510337807,8.121233895974541,0.2617993877991417,0.0,-1.6401276787524144,190,190,180,180,180,180,130
16.084595680236816,-0.28213713510337807,8.121233895974541,0.2617993877991417,0.0,-1.6401276787524144,190,190,180,180,180,180,130
16.09481930732727,-0.2815381481250255,8.112628946078736,0.2617993877991417,0.0,-1.6401002663067836,190,190,180,180,180,180,130
16.10501790046692,-0.2815381481250255,8.112628946078736,0.2617993877991417,0.0,-1.6401002663067836,190,190,190,180,190,190,180
16.115320920944214,-0.2815381481250255,8.112628946078736,0.2617993877991417,0.0,-1.6401002663067836,190,190,190,180,190,190,180
16.132779359817505,-0.2815381481250255,8.112628946078736,0.2617993877991417,0.0,-1.6401002663067836,190,190,190,180,190,190,180
16.143005847930908,-0.28092295745986107,8.10380417154958,0.2617993877991417,0.0,-1.6402365948661937,190,190,190,180,190,190,180
16.153226613998413,-0.28092295745986107,8.10380417154958,0.2617993877991417,0.0,-1.6402365948661937,190,190,190,180,190,190,180
16.163495540618896,-0.2803238941231462,8.095216698856202,0.2617993877991417,0.0,-1.6402704210567536,190,190,190,190,190,190,180
16.181612968444824,-0.2803238941231462,8.095216698856202,0.2617993877991417,0.0,-1.6402704210567536,190,190,190,190,190,190,180
16.191859006881714,-0.2803238941231462,8.095216698856202,0.2617993877991417,0.0,-1.6402704210567536,190,190,190,190,190,190,180
16.2020583152771,-0.27972494992358987,8.086624969944811,0.2617993877991417,0.0,-1.6403306273582503,190,190,190,190,190,190,180
16.212280988693237,-0.27972494992358987,8.086624969944811,0.2617993877991417,0.0,-1.6403306273582503,190,190,190,190,190,190,180
16.22251009941101,-0.27972494992358987,8.086624969944811,0.2617993877991417,0.0,-1.6403306273582503,190,190,190,190,190,190,180
16.232757806777954,-0.27910632403888164,8.077761713951677,0.2617993877991417,0.0,-1.6403805653416164,190,190,190,190,190,190,180
16.24296283721924,-0.27910632403888164,8.077761713951677,0.2617993877991417,0.0,-1.6403805653416164,190,190,190,190,190,190,180
16.253151655197144,-0.27910632403888164,8.077761713951677,0.2617993877991417,0.0,-1.6403805653416164,190,190,190,190,190,190,180
16.263384103775024,-0.2785049608921965,8.069148268647872,0.2617993877991417,0.0,-1.6404188139350828,190,190,190,190,190,190,180
16.273602724075317,-0.2785049608921965,8.069148268647872,0.2617993877991417,0.0,-1.6404188139350828,190,190,190,190,190,190,180
16.288570642471313,-0.2785049608921965,8.069148268647872,0.2617993877991417,0.0,-1.6404188139350828,190,190,190,190,190,190,180
16.29908561706543,-0.2779026749508172,8.060524895501814,0.2617993877991417,0.0,-1.6404553078024529,190,190,190,190,190,190,180
16.309434413909912,-0.2779026749508172,8.060524895501814,0.2617993877991417,0.0,-1.6404553078024529,190,210,190,180,190,190,180
16.319673538208008,-0.2779026749508172,8.060524895501814,0.2617993877991417,0.0,-1.6404553078024529,190,210,190,180,190,190,180
16.33409881591797,-0.2779026749508172,8.060524895501814,0.2617993877991417,0.0,-1.6404553078024529,190,210,190,180,190,190,180
16.34444832801819,-0.2772812531392687,8.051629075898642,0.2617993877991417,0.0,-1.6404943027796863,190,210,190,180,190,190,180
16.35465955734253,-0.2772812531392687,8.051629075898642,0.2617993877991417,0.0,-1.6404943027796863,190,210,190,180,190,190,180
16.364871978759766,-0.27667737520471924,8.042984636895635,0.2617993877991417,0.0,-1.6405299535520164,190,190,190,180,190,190,180
16.383404970169067,-0.27667737520471924,8.042984636895635,0.2617993877991417,0.0,-1.6405299535520164,190,190,190,180,190,190,180
16.393721342086792,-0.2760734788337656,8.034332936444098,0.2617993877991417,0.0,-1.6405399001868506,190,190,190,180,190,190,180
16.4039204120636,-0.2760734788337656,8.034332936444098,0.2617993877991417,0.0,-1.6405399001868506,190,190,190,180,190,190,180
16.414137840270996,-0.2760734788337656,8.034332936444098,0.2617993877991417,0.0,-1.6405399001868506,190,190,190,180,190,190,180
16.432814359664917,-0.2760734788337656,8.034332936444098,0.2617993877991417,0.0,-1.6405399001868506,190,190,190,180,190,190,180
16.443178415298462,-0.2754533267075756,8.025420648916587,0.2617993877991417,0.0,-1.6405028581689358,190,190,190,180,190,190,180
16.453372955322266,-0.2754533267075756,8.025420648916587,0.2617993877991417,0.0,-1.6405028581689358,190,190,190,190,190,190,190
16.463593006134033,-0.2748536044310687,8.016778610803808,0.2617993877991417,-0.05235987755982833,-1.6405067976850398,190,190,190,190,190,190,190
16.483821630477905,-0.2748536044310687,8.016778610803808,0.2617993877991417,-0.05235987755982833,-1.6405067976850398,190,190,190,190,190,190,190
16.494065523147583,-0.2742528139305308,8.00820545477595,0.2617993877991417,-0.05235987755982833,-1.6399111951140817,190,190,190,190,190,190,190
16.50426483154297,-0.2742528139305308,8.00820545477595,0.2617993877991417,-0.06981317007977111,-1.6399111951140817,190,190,190,190,190,190,190
16.51448130607605,-0.2742528139305308,8.00820545477595,0.2617993877991417,-0.06981317007977111,-1.6399111951140817,190,190,190,180,190,190,180
16.531808376312256,-0.2742528139305308,8.00820545477595,0.2617993877991417,-0.06981317007977111,-1.6399111951140817,190,190,190,180,190,190,180
16.542109966278076,-0.27364863572362974,7.999429870727055,0.2617993877991417,-0.08726646259971389,-1.6386373051090348,190,190,190,180,190,190,180
16.552295923233032,-0.27364863572362974,7.999429870727055,0.2617993877991417,-0.08726646259971389,-1.6386373051090348,190,190,190,180,190,190,180
16.56270432472229,-0.27307416516014926,7.9908388777004875,0.2617993877991417,-0.08726646259971389,-1.6364573496263648,190,190,190,180,190,190,180
16.57298445701599,-0.27307416516014926,7.9908388777004875,0.2617993877991417,-0.10471975511965666,-1.6364573496263648,190,190,190,180,190,190,180
16.583239316940308,-0.27307416516014926,7.9908388777004875,0.2617993877991417,-0.12217304763959944,-1.6364573496263648,190,190,190,180,190,190,180
16.59338665008545,-0.27251939128401936,7.9822276655551665,0.2617993877991417,-0.12217304763959944,-1.6336820350425747,190,190,190,180,190,190,180
16.60357928276062,-0.27251939128401936,7.9822276655551665,0.2617993877991417,-0.12217304763959944,-1.6336820350425747,200,190,190,190,190,190,180
16.61380958557129,-0.27251939128401936,7.9822276655551665,0.2617993877991417,-0.12217304763959944,-1.6336820350425747,200,190,190,190,190,190,180
16.624083995819092,-0.27251939128401936,7.9822276655551665,0.2617993877991417,-0.13962634015954223,-1.6336820350425747,200,190,190,190,190,190,180
16.63431739807129,-0.2719751513190013,7.973332759783734,0.2617993877991417,-0.13962634015954223,-1.629664143610208,200,190,190,190,190,190,180
16.6445050239563,-0.2719751513190013,7.973332759783734,0.2617993877991417,-0.13962634015954223,-1.629664143610208,200,190,190,190,190,190,180
16.65468168258667,-0.2719751513190013,7.973332759783734,0.2617993877991417,-0.157079632679485,-1.629664143610208,200,190,190,190,190,190,180
16.664888620376587,-0.27148290158146926,7.964676819665582,0.2617993877991417,-0.157079632679485,-1.6251374781470767,200,190,190,190,190,190,180
16.67507791519165,-0.27148290158146926,7.964676819665582,0.2617993877991417,-0.157079632679485,-1.6251374781470767,200,190,190,190,190,190,180
16.686511516571045,-0.27148290158146926,7.964676819665582,0.2617993877991417,-0.157079632679485,-1.6251374781470767,200,190,190,190,190,190,180
16.69674062728882,-0.27103153289409115,7.9560010978635125,0.2617993877991417,-0.13962634015954223,-1.6200249964360902,200,190,190,190,190,190,180
16.70692539215088,-0.27103153289409115,7.9560010978635125,0.2617993877991417,-0.13962634015954223,-1.6200249964360902,200,190,190,190,190,190,180
16.717123985290527,-0.27103153289409115,7.9560010978635125,0.2617993877991417,0.0,-1.6200249964360902,190,190,190,190,190,190,180
16.732142210006714,-0.27103153289409115,7.9560010978635125,0.2617993877991417,0.0,-1.6200249964360902,190,190,190,190,190,190,180
16.742518424987793,-0.27061290875415944,7.947046729220763,0.2617993877991417,0.0,-1.6147242561775426,190,190,190,190,190,190,180
16.752708435058594,-0.27061290875415944,7.947046729220763,0.2617993877991417,0.0,-1.6147242561775426,190,210,190,190,190,190,180
16.762903213500977,-0.27023972390584516,7.938398439235321,0.2617993877991417,0.0,-1.6143296427677691,190,210,190,190,190,190,180
16.773096799850464,-0.27023972390584516,7.938398439235321,0.2617993877991417,0.0,-1.6143296427677691,190,210,190,190,190,190,180
16.786364316940308,-0.27023972390584516,7.938398439235321,0.2617993877991417,0.0,-1.6143296427677691,190,210,190,190,190,190,180
16.796637535095215,-0.26986211421844003,7.929770978815935,0.2617993877991417,0.0,-1.6147200731630431,190,210,190,190,190,190,180
16.80683183670044,-0.26986211421844003,7.929770978815935,0.2617993877991417,0.0,-1.6147200731630431,190,210,190,190,190,190,180
16.81704807281494,-0.26986211421844003,7.929770978815935,0.2617993877991417,0.0,-1.6147200731630431,190,210,190,190,190,190,180
16.82924485206604,-0.26986211421844003,7.929770978815935,0.2617993877991417,0.0,-1.6147200731630431,190,210,190,190,190,190,180
16.8394455909729,-0.2694728095235514,7.9208467831742055,0.2617993877991417,0.0,-1.6147222078709509,190,210,190,190,190,190,180
16.849639177322388,-0.2694728095235514,7.9208467831742055,0.2617993877991417,0.0,-1.6147222078709509,190,210,190,190,190,190,180
16.859833478927612,-0.26910167549774905,7.912198469918939,0.2617993877991417,0.0,-1.6148132239880661,190,210,190,190,190,190,180
16.870086908340454,-0.26910167549774905,7.912198469918939,0.2617993877991417,0.0,-1.6148132239880661,190,210,190,190,190,190,180
16.883172512054443,-0.26910167549774905,7.912198469918939,0.2617993877991417,0.0,-1.6148132239880661,190,210,190,190,190,190,180
16.893333435058594,-0.26871870163205236,7.903606325351927,0.2617993877991417,0.0,-1.6150828708677352,190,210,190,190,190,190,180
16.903526306152344,-0.26871870163205236,7.903606325351927,0.2617993877991417,0.0,-1.6150828708677352,190,190,180,190,190,190,180
16.913749933242798,-0.26871870163205236,7.903606325351927,0.2617993877991417,0.0,-1.6150828708677352,190,190,180,190,190,190,180
16.931214094161987,-0.26871870163205236,7.903606325351927,0.2617993877991417,0.0,-1.6150828708677352,190,190,180,190,190,190,180
16.941444873809814,-0.2683245572572433,7.8947519413332055,0.2617993877991417,0.0,-1.6150831866517932,190,190,180,190,190,190,180
16.951650857925415,-0.2683245572572433,7.8947519413332055,0.2617993877991417,0.0,-1.6150831866517932,190,190,190,190,190,190,180
16.961857795715332,-0.2679429638821344,7.88615460358662,0.2617993877991417,0.0,-1.6151025415013438,190,190,190,190,190,190,180
16.972089767456055,-0.2679429638821344,7.88615460358662,0.2617993877991417,0.0,-1.6151025415013438,190,190,190,190,190,190,180
16.982948780059814,-0.2679429638821344,7.88615460358662,0.2617993877991417,0.0,-1.6151025415013438,190,190,190,190,190,190,180
16.9931058883667,-0.26756042598385293,7.877547512454292,0.2617993877991417,0.0,-1.615113237569636,190,190,190,190,190,190,180
17.00326895713806,-0.26756042598385293,7.877547512454292,0.2617993877991417,0.0,-1.615113237569636,190,190,190,190,190,190,180
17.013490915298462,-0.26756042598385293,7.877547512454292,0.2617993877991417,0.0,-1.615113237569636,190,200,190,190,190,190,190
17.023714542388916,-0.26756042598385293,7.877547512454292,0.2617993877991417,0.0,-1.615113237569636,190,200,190,190,190,190,190
17.03420400619507,-0.26756042598385293,7.877547512454292,0.2617993877991417,0.0,-1.615113237569636,190,200,190,190,190,190,190
17.044350624084473,-0.26716565186312347,7.868668059682622,0.2617993877991417,0.0,-1.6151253116541808,190,200,190,190,190,190,190
17.05448889732361,-0.26716565186312347,7.868668059682622,0.2617993877991417,0.0,-1.6151253116541808,190,200,190,190,190,190,190
17.064699172973633,-0.266782007005629,7.860039671922055,0.2617993877991417,0.0,-1.6151364056322908,190,200,190,190,190,190,190
17.075007915496826,-0.266782007005629,7.860039671922055,0.2617993877991417,0.0,-1.6151364056322908,190,200,190,190,190,190,190
17.085208654403687,-0.266782007005629,7.860039671922055,0.2617993877991417,0.0,-1.6151364056322908,190,200,190,190,190,190,190
17.09542226791382,-0.2663978808881382,7.851401185490787,0.2617993877991417,0.0,-1.6151464634171797,190,200,190,190,190,190,190
17.105610370635986,-0.2663978808881382,7.851401185490787,0.2617993877991417,0.0,-1.6151464634171797,190,190,180,190,180,190,180
17.115813970565796,-0.2663978808881382,7.851401185490787,0.2617993877991417,0.0,-1.6151464634171797,190,190,180,190,180,190,180
17.130855560302734,-0.2660017516125023,7.842489629586318,0.2617993877991417,0.0,-1.6151612854102368,190,190,180,190,180,190,180
17.141064882278442,-0.2660017516125023,7.842489629586318,0.2617993877991417,0.0,-1.6151612854102368,190,190,180,190,180,190,180
17.1512668132782,-0.2660017516125023,7.842489629586318,0.2617993877991417,0.0,-1.6151612854102368,190,190,180,190,180,190,180
17.16177487373352,-0.2656170983059014,7.833829938947165,0.2617993877991417,0.0,-1.6151786900955651,190,190,180,190,180,190,180
17.171980381011963,-0.2656170983059014,7.833829938947165,0.2617993877991417,0.0,-1.6151786900955651,190,190,180,190,180,190,180
17.182453632354736,-0.2656170983059014,7.833829938947165,0.2617993877991417,0.0,-1.6151786900955651,190,190,180,190,180,190,180
17.192685842514038,-0.26523278688257707,7.825163224105951,0.2617993877991417,0.0,-1.6151890701589882,190,190,180,190,180,190,180
17.20288109779358,-0.26523278688257707,7.825163224105951,0.2617993877991417,0.0,-1.6151890701589882,190,190,180,190,190,190,180
17.213139533996582,-0.26523278688257707,7.825163224105951,0.2617993877991417,0.0,-1.6151890701589882,190,190,180,190,190,190,180
17.230104684829712,-0.26483981527976586,7.8162401337435545,0.2617993877991417,0.0,-1.61519900010228,190,190,180,190,190,190,180
17.24032425880432,-0.26483981527976586,7.8162401337435545,0.2617993877991417,0.0,-1.61519900010228,190,190,180,190,190,190,180
17.25054144859314,-0.26483981527976586,7.8162401337435545,0.2617993877991417,0.0,-1.61519900010228,190,190,180,190,190,190,180
17.26077175140381,-0.2644649012759829,7.807593792436374,0.2617993877991417,0.0,-1.6153342218942315,190,190,180,190,190,190,180
17.27097463607788,-0.2644649012759829,7.807593792436374,0.2617993877991417,0.0,-1.6153342218942315,190,190,180,190,190,190,180
17.282060861587524,-0.2644649012759829,7.807593792436374,0.2617993877991417,0.0,-1.6153342218942315,190,190,180,190,190,190,180
17.292274475097656,-0.26407498250146666,7.799010198395131,0.2617993877991417,0.0,-1.6155870569528745,190,190,180,190,190,190,180
17.302476167678833,-0.26407498250146666,7.799010198395131,0.2617993877991417,0.0,-1.6155870569528745,190,190,180,190,190,190,180
17.312705278396606,-0.26407498250146666,7.799010198395131,0.2617993877991417,0.0,-1.6155870569528745,190,190,180,190,190,190,180
17.331268072128296,-0.26367682390755864,7.790152606793853,0.2617993877991417,0.0,-1.6155909918297648,190,190,180,190,190,190,180
17.34154987335205,-0.26367682390755864,7.790152606793853,0.2617993877991417,0.0,-1.6155909918297648,190,190,180,190,190,190,180
17.351744651794434,-0.26367682390755864,7.790152606793853,0.2617993877991417,0.0,-1.6155909918297648,190,190,180,190,190,190,180
17.361973524093628,-0.2632907443551565,7.781554315434928,0.2617993877991417,0.0,-1.6156066875126982,190,190,180,190,190,190,180
17.37990927696228,-0.2632907443551565,7.781554315434928,0.2617993877991417,0.0,-1.6156066875126982,190,190,180,190,190,190,180
17.39016819000244,-0.2632907443551565,7.781554315434928,0.2617993877991417,0.0,-1.6156066875126982,190,190,180,190,190,190,180
17.40039348602295,-0.26290377640218704,7.7729460264482695,0.2617993877991417,0.0,-1.6156160420106649,190,190,180,190,190,190,180
17.410584211349487,-0.26290377640218704,7.7729460264482695,0.2617993877991417,0.0,-1.6156160420106649,190,190,190,190,190,190,180
17.420806407928467,-0.26290377640218704,7.7729460264482695,0.2617993877991417,0.0,-1.6156160420106649,190,190,190,190,190,190,180
17.432127475738525,-0.26290377640218704,7.7729460264482695,0.2617993877991417,0.0,-1.6156160420106649,190,190,190,190,190,190,180
17.442479610443115,-0.26250449156201827,7.764065513039573,0.2617993877991417,0.0,-1.6156285801630526,190,190,190,190,190,190,180
17.452664136886597,-0.26250449156201827,7.764065513039573,0.2617993877991417,0.0,-1.6156285801630526,190,190,180,190,190,190,180
17.462897062301636,-0.26211645458156346,7.755436076314792,0.2617993877991417,0.0,-1.6156395963124908,190,190,180,190,190,190,180
17.48162579536438,-0.26211645458156346,7.755436076314792,0.2617993877991417,0.0,-1.6156395963124908,190,190,180,190,190,190,180
17.49217128753662,-0.2617279448705619,7.746796474482786,0.2617993877991417,0.0,-1.615650061341899,190,190,180,190,190,190,180
17.502369165420532,-0.2617279448705619,7.746796474482786,0.2617993877991417,0.0,-1.615650061341899,180,190,180,190,190,190,180
17.512569427490234,-0.2617279448705619,7.746796474482786,0.2617993877991417,0.0,-1.615650061341899,180,190,180,190,190,190,180
17.532578706741333,-0.2617279448705619,7.746796474482786,0.2617993877991417,0.0,-1.615650061341899,180,190,180,190,190,190,180
17.542974710464478,-0.26132729515803843,7.737883708834277,0.2617993877991417,0.0,-1.615665905558107,180,190,180,190,190,190,180
17.553202629089355,-0.26132729515803843,7.737883708834277,0.2617993877991417,0.0,-1.615665905558107,180,190,180,190,190,190,180
17.56339430809021,-0.2609383162125111,7.729223089789656,0.2617993877991417,0.0,-1.6156835475581761,180,190,180,190,190,190,180
17.573996543884277,-0.2609383162125111,7.729223089789656,0.2617993877991417,0.0,-1.6156835475581761,180,190,180,190,190,190,180
17.58420729637146,-0.2609383162125111,7.729223089789656,0.2617993877991417,0.0,-1.6156835475581761,180,190,180,190,190,190,180
17.59440517425537,-0.26054967086692277,7.720556383858667,0.2617993877991417,0.0,-1.615692885704418,180,190,180,190,190,190,180
17.60457968711853,-0.26054967086692277,7.720556383858667,0.2617993877991417,0.0,-1.615692885704418,190,190,180,190,190,190,180
17.614760875701904,-0.26054967086692277,7.720556383858667,0.2617993877991417,0.0,-1.615692885704418,190,190,180,190,190,190,180
17.63183331489563,-0.26054967086692277,7.720556383858667,0.2617993877991417,0.0,-1.615692885704418,190,190,180,190,190,190,180
17.642022848129272,-0.26054967086692277,7.720556383858667,0.2617993877991417,0.0,-1.615692885704418,190,190,180,190,190,190,180
17.65219759941101,-0.26054967086692277,7.720556383858667,0.2617993877991417,0.0,-1.615692885704418,180,190,180,190,200,190,180
17.662405967712402,-0.2597741216259591,7.702991883962924,0.2617993877991417,0.0,-1.6158752656227593,180,190,180,190,200,190,180
17.680201292037964,-0.2597741216259591,7.702991883962924,0.2617993877991417,0.0,-1.6158752656227593,180,190,180,190,200,190,180
17.69040822982788,-0.2597741216259591,7.702991883962924,0.2617993877991417,0.0,-1.6158752656227593,180,190,180,190,200,190,180
17.700594186782837,-0.25937855094005136,7.694414398249841,0.2617993877991417,0.0,-1.6160845021762218,180,180,180,190,210,190,180
17.710789680480957,-0.25937855094005136,7.694414398249841,0.2617993877991417,0.0,-1.6160845021762218,180,180,180,190,210,190,180
17.72096562385559,-0.25937855094005136,7.694414398249841,0.2617993877991417,0.0,-1.6160845021762218,180,180,180,190,210,190,180
17.73136591911316,-0.25897591439804324,7.685554914981089,0.2617993877991417,0.0,-1.616094563827465,180,180,180,190,210,190,180
17.741628170013428,-0.25897591439804324,7.685554914981089,0.2617993877991417,0.0,-1.616094563827465,180,180,180,190,210,190,180
17.751802682876587,-0.25897591439804324,7.685554914981089,0.2617993877991417,0.0,-1.616094563827465,180,180,180,190,200,190,180
17.761990308761597,-0.25858537615684946,7.676955783064933,0.2617993877991417,0.0,-1.6161086614491253,180,180,180,190,200,190,180
17.780091285705566,-0.25858537615684946,7.676955783064933,0.2617993877991417,0.0,-1.6161086614491253,180,180,180,190,200,190,180
17.790315628051758,-0.25858537615684946,7.676955783064933,0.2617993877991417,0.0,-1.6161086614491253,180,180,180,190,200,190,180
17.800501346588135,-0.258194002262592,7.66834635912806,0.2617993877991417,0.0,-1.6161179890194914,180,180,180,190,200,190,180
17.81077814102173,-0.258194002262592,7.66834635912806,0.2617993877991417,0.0,-1.6161179890194914,180,190,180,190,200,190,180
17.821033000946045,-0.258194002262592,7.66834635912806,0.2617993877991417,0.0,-1.6161179890194914,180,190,180,190,200,190,180
17.831241130828857,-0.257790211851581,7.659464825339188,0.2617993877991417,0.0,-1.6161308630056106,180,190,180,190,200,190,180
17.841437816619873,-0.257790211851581,7.659464825339188,0.2617993877991417,0.0,-1.6161308630056106,180,190,180,190,200,190,180
17.851612329483032,-0.257790211851581,7.659464825339188,0.2617993877991417,0.0,-1.6161308630056106,180,190,180,190,210,190,180
17.861810207366943,-0.25739779254850376,7.650834403655857,0.2617993877991417,0.0,-1.6161418390015245,180,190,180,190,210,190,180
17.871999979019165,-0.25739779254850376,7.650834403655857,0.2617993877991417,0.0,-1.6161418390015245,180,190,180,190,210,190,180
17.88324737548828,-0.25739779254850376,7.650834403655857,0.2617993877991417,0.0,-1.6161418390015245,180,190,180,190,210,190,180
17.893462657928467,-0.2570049094850888,7.642193749109884,0.2617993877991417,0.0,-1.6161527418046635,180,190,180,190,210,190,180
17.903637886047363,-0.2570049094850888,7.642193749109884,0.2617993877991417,0.0,-1.6161527418046635,180,190,180,190,210,190,180
17.91386318206787,-0.2570049094850888,7.642193749109884,0.2617993877991417,0.0,-1.6161527418046635,180,190,180,190,220,190,180
17.93114447593689,-0.25659975102456,7.6332798967673225,0.2617993877991417,0.0,-1.6161692973037527,180,190,180,190,220,190,180
17.941375494003296,-0.25659975102456,7.6332798967673225,0.2617993877991417,0.0,-1.6161692973037527,180,190,180,190,220,190,180
17.951557397842407,-0.25659975102456,7.6332798967673225,0.2617993877991417,0.0,-1.6161692973037527,180,190,180,190,220,190,180
17.961748838424683,-0.25620647137159147,7.624618465857859,0.2617993877991417,0.0,-1.616186621794342,180,190,180,190,220,190,180
17.979883432388306,-0.25620647137159147,7.624618465857859,0.2617993877991417,0.0,-1.616186621794342,180,190,180,190,220,190,180
17.990111589431763,-0.25620647137159147,7.624618465857859,0.2617993877991417,0.0,-1.616186621794342,180,190,180,190,220,190,180
18.000288248062134,-0.2558135235342881,7.615952048943737,0.2617993877991417,0.0,-1.616194639117893,180,190,180,190,220,190,180
18.01046895980835,-0.2558135235342881,7.615952048943737,0.2617993877991417,0.0,-1.616194639117893,180,190,180,190,220,190,190
18.020665168762207,-0.2558135235342881,7.615952048943737,0.2617993877991417,0.0,-1.616194639117893,180,190,180,190,220,190,190
18.032018423080444,-0.2558135235342881,7.615952048943737,0.2617993877991417,0.0,-1.616194639117893,180,190,180,190,220,190,190
18.042346000671387,-0.2554134194743976,7.607032351808323,0.2617993877991417,-0.05235987755982833,-1.616215136620648,180,190,180,190,220,190,190
18.05252242088318,-0.2554134194743976,7.607032351808323,0.2617993877991417,-0.05235987755982833,-1.616215136620648,180,190,180,190,210,190,200
18.062727689743042,-0.2550295793880058,7.598393657414316,0.2617993877991417,-0.05235987755982833,-1.6164183275797885,180,190,180,190,210,190,200
18.080710887908936,-0.2550295793880058,7.598393657414316,0.2617993877991417,-0.05235987755982833,-1.6164183275797885,180,190,180,190,210,190,200
18.09091353416443,-0.2550295793880058,7.598393657414316,0.2617993877991417,-0.06981317007977111,-1.6164183275797885,180,190,180,190,210,190,200
18.10109257698059,-0.2546299818174093,7.589833001376408,0.2617993877991417,-0.06981317007977111,-1.6160108694681115,180,180,180,190,200,190,200
18.111300468444824,-0.2546299818174093,7.589833001376408,0.2617993877991417,-0.06981317007977111,-1.6160108694681115,180,180,180,190,200,190,200
18.12150812149048,-0.2546299818174093,7.589833001376408,0.2617993877991417,-0.06981317007977111,-1.6160108694681115,180,180,180,190,200,190,200
18.13241720199585,-0.25423986429876116,7.58099744316428,0.2617993877991417,-0.06981317007977111,-1.6138661752487904,180,180,180,190,200,190,200
18.142606019973755,-0.25423986429876116,7.58099744316428,0.2617993877991417,-0.08726646259971389,-1.6138661752487904,180,180,180,190,200,190,200
18.152790784835815,-0.25423986429876116,7.58099744316428,0.2617993877991417,-0.08726646259971389,-1.6138661752487904,180,190,180,190,200,190,190
18.162965774536133,-0.2538796592513546,7.572385719611247,0.2617993877991417,-0.08726646259971389,-1.6115950277326445,180,190,180,190,200,190,190
18.17313528060913,-0.2538796592513546,7.572385719611247,0.2617993877991417,-0.08726646259971389,-1.6115950277326445,180,190,180,190,200,190,190
18.183404207229614,-0.2538796592513546,7.572385719611247,0.2617993877991417,-0.08726646259971389,-1.6115950277326445,180,190,180,190,200,190,190
18.19359588623047,-0.25353793684280046,7.563755235415155,0.2617993877991417,-0.08726646259971389,-1.6087702389243332,180,190,180,190,200,190,190
18.203781366348267,-0.25353793684280046,7.563755235415155,0.2617993877991417,-0.08726646259971389,-1.6087702389243332,180,190,190,190,190,190,180
18.21395993232727,-0.25353793684280046,7.563755235415155,0.2617993877991417,-0.08726646259971389,-1.6087702389243332,180,190,190,190,190,190,180
18.224127769470215,-0.25353793684280046,7.563755235415155,0.2617993877991417,-0.08726646259971389,-1.6087702389243332,180,190,190,190,190,190,180
18.236066341400146,-0.2532111724234647,7.554850252112421,0.2617993877991417,-0.08726646259971389,-1.6058350443445346,180,190,190,190,190,190,180
18.246268033981323,-0.2532111724234647,7.554850252112421,0.2617993877991417,-0.08726646259971389,-1.6058350443445346,180,190,190,190,190,190,180
18.256462335586548,-0.2532111724234647,7.554850252112421,0.2617993877991417,-0.08726646259971389,-1.6058350443445346,180,180,190,190,210,190,180
18.26663374900818,-0.2529188024959162,7.5461939810400445,0.2617993877991417,-0.08726646259971389,-1.6029795612644564,180,180,190,190,210,190,180
18.284589767456055,-0.2529188024959162,7.5461939810400445,0.2617993877991417,-0.08726646259971389,-1.6029795612644564,180,180,190,190,210,190,180
18.294783115386963,-0.25265103387458754,7.537524363227244,0.2617993877991417,-0.08726646259971389,-1.600116146658818,180,180,190,190,210,190,180
18.304988861083984,-0.25265103387458754,7.537524363227244,0.2617993877991417,-0.08726646259971389,-1.600116146658818,180,180,190,190,210,190,180
18.315221548080444,-0.25265103387458754,7.537524363227244,0.2617993877991417,-0.08726646259971389,-1.600116146658818,180,180,190,190,210,190,180
18.32540774345398,-0.25265103387458754,7.537524363227244,0.2617993877991417,-0.08726646259971389,-1.600116146658818,180,180,190,190,210,190,180
18.336602687835693,-0.2524011885331202,7.528578561305588,0.2617993877991417,-0.08726646259971389,-1.59715998084173,180,180,190,190,210,190,180
18.34684944152832,-0.2524011885331202,7.528578561305588,0.2617993877991417,-0.08726646259971389,-1.59715998084173,180,180,190,190,210,190,180
18.3570716381073,-0.2524011885331202,7.528578561305588,0.2617993877991417,-0.08726646259971389,-1.59715998084173,180,180,190,210,200,200,180
18.367698907852173,-0.2521842878259909,7.519884942205766,0.2617993877991417,-0.08726646259971389,-1.5942930318546833,180,180,190,210,200,200,180
18.383319854736328,-0.2521842878259909,7.519884942205766,0.2617993877991417,-0.08726646259971389,-1.5942930318546833,180,180,190,210,200,200,180
18.393531560897827,-0.25199291333403323,7.51118897053747,0.2617993877991417,-0.08726646259971389,-1.5914578185125616,180,180,190,210,200,200,180
18.40376305580139,-0.25199291333403323,7.51118897053747,0.2617993877991417,-0.08726646259971389,-1.5914578185125616,180,180,190,210,200,200,180
18.41396927833557,-0.25199291333403323,7.51118897053747,0.2617993877991417,-0.08726646259971389,-1.5914578185125616,180,180,190,210,210,200,180
18.42416286468506,-0.25199291333403323,7.51118897053747,0.2617993877991417,-0.08726646259971389,-1.5914578185125616,180,180,190,210,210,200,180
18.43569016456604,-0.25199291333403323,7.51118897053747,0.2617993877991417,-0.08726646259971389,-1.5914578185125616,180,180,190,210,210,200,180
18.44587278366089,-0.25182593135547127,7.502242356698847,0.2617993877991417,-0.08726646259971389,-1.588597109063223,180,180,190,210,210,200,180
18.456069946289062,-0.25182593135547127,7.502242356698847,0.2617993877991417,-0.08726646259971389,-1.588597109063223,180,180,190,200,200,190,180
18.46624732017517,-0.2516843612464755,7.493596532673814,0.2617993877991417,-0.08726646259971389,-1.5861122349145538,180,180,190,200,200,190,180
18.483569860458374,-0.2516843612464755,7.493596532673814,0.2617993877991417,-0.08726646259971389,-1.5861122349145538,180,180,190,200,200,190,180
18.493775367736816,-0.2515599828224564,7.4849536532996455,0.2617993877991417,-0.08726646259971389,-1.5834071738849402,180,180,190,200,200,190,180
18.503956079483032,-0.2515599828224564,7.4849536532996455,0.2617993877991417,-0.06981317007977111,-1.5834071738849402,180,180,190,200,200,200,190
18.514141082763672,-0.2515599828224564,7.4849536532996455,0.2617993877991417,-0.06981317007977111,-1.5834071738849402,180,180,190,200,200,200,190
18.524321794509888,-0.2515599828224564,7.4849536532996455,0.2617993877991417,-0.06981317007977111,-1.5834071738849402,180,180,190,200,200,200,190
18.53573179244995,-0.2514632235024144,7.476078357122213,0.2617993877991417,-0.06981317007977111,-1.580450267535284,180,180,190,200,200,200,190
18.545897483825684,-0.2514632235024144,7.476078357122213,0.2617993877991417,-0.05235987755982833,-1.580450267535284,180,180,190,200,200,200,190
18.556070566177368,-0.2514632235024144,7.476078357122213,0.2617993877991417,-0.05235987755982833,-1.580450267535284,180,180,190,200,200,190,190
18.566477060317993,-0.2513913929123994,7.46745716829388,0.2617993877991417,-0.05235987755982833,-1.5781162341635782,180,180,190,200,200,190,190
18.58260178565979,-0.2513913929123994,7.46745716829388,0.2617993877991417,-0.05235987755982833,-1.5781162341635782,180,180,190,200,200,190,190
18.592814683914185,-0.2513353948282938,7.458826827174927,0.2617993877991417,-0.05235987755982833,-1.5763533524368032,180,180,190,200,200,190,190
18.602993726730347,-0.2513353948282938,7.458826827174927,0.2617993877991417,-0.05235987755982833,-1.5763533524368032,180,180,190,190,190,190,190
18.613216638565063,-0.2513353948282938,7.458826827174927,0.2617993877991417,-0.05235987755982833,-1.5763533524368032,180,180,190,190,190,190,190
18.63215446472168,-0.2513353948282938,7.458826827174927,0.2617993877991417,-0.05235987755982833,-1.5763533524368032,180,180,190,190,190,190,190
18.642472982406616,-0.25129228416996113,7.449922526186631,0.2617993877991417,-0.05235987755982833,-1.5745535084175852,180,180,190,190,190,190,190
18.652648210525513,-0.25129228416996113,7.449922526186631,0.2617993877991417,-0.05235987755982833,-1.5745535084175852,180,180,190,190,190,190,190
18.662832498550415,-0.25126625310844486,7.441269047932451,0.2617993877991417,-0.05235987755982833,-1.5727977067504513,180,180,190,190,180,190,190
18.682881355285645,-0.25126625310844486,7.441269047932451,0.2617993877991417,-0.05235987755982833,-1.5727977067504513,180,180,190,190,180,190,190
18.69316816329956,-0.251255699977866,7.432603238659166,0.2617993877991417,-0.05235987755982833,-1.5710363366090205,180,180,190,190,180,190,190
18.703380823135376,-0.251255699977866,7.432603238659166,0.2617993877991417,-0.05235987755982833,-1.5710363366090205,190,190,190,190,180,180,180
18.713599681854248,-0.251255699977866,7.432603238659166,0.2617993877991417,-0.05235987755982833,-1.5710363366090205,190,190,190,190,180,180,180
18.732021808624268,-0.251255699977866,7.432603238659166,0.2617993877991417,-0.05235987755982833,-1.5710363366090205,190,190,190,190,180,180,180
18.74222707748413,-0.25126134541402256,7.423663055734673,0.2617993877991417,-0.05235987755982833,-1.5692201795622975,190,190,190,190,180,180,180
18.752439737319946,-0.25126134541402256,7.423663055734673,0.2617993877991417,-0.05235987755982833,-1.5692201795622975,190,190,190,190,180,180,180
18.762726306915283,-0.2512827029474557,7.414978407784633,0.2617993877991417,-0.05235987755982833,-1.5674782416679671,180,180,180,190,180,180,180
18.773001194000244,-0.2512827029474557,7.414978407784633,0.2617993877991417,-0.05235987755982833,-1.5674782416679671,180,180,180,190,180,180,180
18.78321933746338,-0.2512827029474557,7.414978407784633,0.2617993877991417,-0.05235987755982833,-1.5674782416679671,180,180,180,190,180,180,180
18.793456554412842,-0.25132048679499264,7.406297024852416,0.2617993877991417,-0.05235987755982833,-1.5658179219203396,180,180,180,190,180,180,180
18.80369544029236,-0.25132048679499264,7.406297024852416,0.2617993877991417,-0.05235987755982833,-1.5658179219203396,180,180,180,190,180,180,180
18.814000368118286,-0.25132048679499264,7.406297024852416,0.2617993877991417,-0.05235987755982833,-1.5658179219203396,180,180,180,190,180,180,180
18.83212971687317,-0.25132048679499264,7.406297024852416,0.2617993877991417,-0.05235987755982833,-1.5658179219203396,180,180,180,190,180,180,180
18.84254264831543,-0.25137208015851586,7.3973793716944725,0.2617993877991417,-0.05235987755982833,-1.5642986868064632,180,180,180,190,180,180,180
18.85279941558838,-0.25137208015851586,7.3973793716944725,0.2617993877991417,-0.05235987755982833,-1.5642986868064632,180,180,180,180,170,180,180
18.863153219223022,-0.25143598563684727,7.388749759339454,0.2617993877991417,-0.05235987755982833,-1.562865483699148,180,180,180,180,170,180,180
18.873427391052246,-0.25143598563684727,7.388749759339454,0.2617993877991417,-0.05235987755982833,-1.562865483699148,180,180,180,180,170,180,180
18.884677410125732,-0.25143598563684727,7.388749759339454,0.2617993877991417,-0.05235987755982833,-1.562865483699148,180,180,180,180,170,180,180
18.894898653030396,-0.2515052362296125,7.3801136430744885,0.2617993877991417,-0.05235987755982833,-1.5613067818027062,180,180,180,180,170,180,180
18.905094385147095,-0.2515052362296125,7.3801136430744885,0.2617993877991417,-0.05235987755982833,-1.5613067818027062,180,180,180,180,170,180,180
18.91610360145569,-0.2515052362296125,7.3801136430744885,0.2617993877991417,-0.05235987755982833,-1.5613067818027062,180,180,180,180,170,180,180
18.932987689971924,-0.2515052362296125,7.3801136430744885,0.2617993877991417,-0.05235987755982833,-1.5613067818027062,180,180,180,180,170,180,180
18.943259954452515,-0.25159666841965905,7.371240832753587,0.2617993877991417,-0.05235987755982833,-1.559503939563998,180,180,180,180,170,180,180
18.9536452293396,-0.25159666841965905,7.371240832753587,0.2617993877991417,-0.05235987755982833,-1.559503939563998,180,180,190,180,170,180,180
18.96389079093933,-0.25170198368329444,7.362621618862037,0.2617993877991417,-0.05235987755982833,-1.5577418525128115,180,180,190,180,170,180,180
18.974154233932495,-0.25170198368329444,7.362621618862037,0.2617993877991417,-0.05235987755982833,-1.5577418525128115,180,180,190,180,170,180,180
18.98440408706665,-0.25170198368329444,7.362621618862037,0.2617993877991417,-0.05235987755982833,-1.5577418525128115,180,180,190,180,170,180,180
18.994603872299194,-0.2518217632721551,7.353991013860043,0.2617993877991417,-0.05235987755982833,-1.5559646024452862,180,180,190,180,170,180,180
19.004820108413696,-0.2518217632721551,7.353991013860043,0.2617993877991417,-0.05235987755982833,-1.5559646024452862,180,180,180,180,170,180,180
19.01508927345276,-0.2518217632721551,7.353991013860043,0.2617993877991417,-0.05235987755982833,-1.5559646024452862,180,180,180,180,170,180,180
19.0322368144989,-0.2518217632721551,7.353991013860043,0.2617993877991417,-0.05235987755982833,-1.5559646024452862,180,180,180,180,170,180,180
19.043056964874268,-0.2519604688926923,7.345086191811077,0.2617993877991417,-0.05235987755982833,-1.554141095328533,180,180,180,180,170,180,180
19.053279876708984,-0.2519604688926923,7.345086191811077,0.2617993877991417,-0.05235987755982833,-1.554141095328533,180,180,190,170,170,170,190
19.06347966194153,-0.25211122009703923,7.336432309647679,0.2617993877991417,-0.05235987755982833,-1.5523632368603655,180,180,190,170,170,170,190
19.082258939743042,-0.25211122009703923,7.336432309647679,0.2617993877991417,-0.05235987755982833,-1.5523632368603655,180,180,190,170,170,170,190
19.092506170272827,-0.25227790218032536,7.3277667587714665,0.2617993877991417,-0.05235987755982833,-1.5505841944323588,180,180,190,170,170,170,190
19.10265588760376,-0.25227790218032536,7.3277667587714665,0.2617993877991417,-0.05235987755982833,-1.5505841944323588,180,180,190,170,170,170,190
19.11290979385376,-0.25227790218032536,7.3277667587714665,0.2617993877991417,-0.05235987755982833,-1.5505841944323588,180,180,190,170,170,170,190
19.123221397399902,-0.25227790218032536,7.3277667587714665,0.2617993877991417,-0.05235987755982833,-1.5505841944323588,180,180,190,170,170,170,190
19.133407592773438,-0.2524665054729944,7.318828163953266,0.2617993877991417,-0.05235987755982833,-1.5487558462566169,180,180,190,170,170,170,190
19.14362931251526,-0.2524665054729944,7.318828163953266,0.2617993877991417,-0.05235987755982833,-1.5487558462566169,180,180,190,170,170,170,190
19.153813123703003,-0.2524665054729944,7.318828163953266,0.2617993877991417,-0.05235987755982833,-1.5487558462566169,180,180,190,170,170,180,200
19.164008855819702,-0.2526655476797859,7.310149065225048,0.2617993877991417,-0.05235987755982833,-1.5470315702654975,180,180,190,170,170,180,200
19.174192667007446,-0.2526655476797859,7.310149065225048,0.2617993877991417,-0.05235987755982833,-1.5470315702654975,180,180,190,170,170,180,200
19.18535852432251,-0.2526655476797859,7.310149065225048,0.2617993877991417,-0.05235987755982833,-1.5470315702654975,180,180,190,170,170,180,200
19.195565938949585,-0.2528797477080931,7.301480599999206,0.2617993877991417,-0.05235987755982833,-1.5454408431742668,180,180,190,170,170,180,200
19.205772638320923,-0.2528797477080931,7.301480599999206,0.2617993877991417,-0.05235987755982833,-1.5454408431742668,180,180,180,170,170,170,180
19.215982913970947,-0.2528797477080931,7.301480599999206,0.2617993877991417,-0.05235987755982833,-1.5454408431742668,180,180,180,170,170,170,180
19.23017954826355,-0.2528797477080931,7.301480599999206,0.2617993877991417,-0.05235987755982833,-1.5454408431742668,180,180,180,170,170,170,180
19.24039340019226,-0.2528797477080931,7.301480599999206,0.2617993877991417,-0.05235987755982833,-1.5454408431742668,180,180,180,170,170,170,180
19.250579833984375,-0.25310790820181506,7.292588037552745,0.2617993877991417,-0.05235987755982833,-1.5440129441773796,180,180,180,170,170,170,180
19.260794162750244,-0.25334613172561643,7.2839456050608735,0.2617993877991417,-0.05235987755982833,-1.5425281136371098,180,180,180,170,170,170,180
19.27098274230957,-0.25334613172561643,7.2839456050608735,0.2617993877991417,-0.05235987755982833,-1.5425281136371098,180,180,180,170,170,170,180
19.285598039627075,-0.25334613172561643,7.2839456050608735,0.2617993877991417,-0.05235987755982833,-1.5425281136371098,180,180,180,170,170,170,180
19.295779705047607,-0.25359685392328546,7.275313278125111,0.2617993877991417,-0.05235987755982833,-1.5409682021526885,180,180,180,170,170,170,180
19.305965900421143,-0.25359685392328546,7.275313278125111,0.2617993877991417,-0.05235987755982833,-1.5409682021526885,180,180,180,170,170,170,180
19.316186904907227,-0.25359685392328546,7.275313278125111,0.2617993877991417,-0.05235987755982833,-1.5409682021526885,180,180,170,170,170,180,180
19.33384370803833,-0.2538678254441171,7.266437607349023,0.2617993877991417,-0.05235987755982833,-1.5391800938298918,180,180,170,170,170,180,180
19.344038724899292,-0.2538678254441171,7.266437607349023,0.2617993877991417,-0.05235987755982833,-1.5391800938298918,180,180,170,170,170,180,180
19.354228734970093,-0.2538678254441171,7.266437607349023,0.2617993877991417,-0.05235987755982833,-1.5391800938298918,180,180,170,170,170,180,180
19.364506006240845,-0.25414795735047474,7.257818651361452,0.2617993877991417,-0.05235987755982833,-1.5374012198380234,180,180,170,170,170,180,180
19.382786989212036,-0.25414795735047474,7.257818651361452,0.2617993877991417,-0.05235987755982833,-1.5374012198380234,180,180,170,170,170,180,180
19.392987728118896,-0.25444278929919756,7.249190177293362,0.2617993877991417,-0.05235987755982833,-1.5355880114220064,180,180,170,170,170,180,180
19.403201580047607,-0.25444278929919756,7.249190177293362,0.2617993877991417,-0.05235987755982833,-1.5355880114220064,180,190,170,160,170,170,180
19.413505792617798,-0.25444278929919756,7.249190177293362,0.2617993877991417,-0.05235987755982833,-1.5355880114220064,180,190,170,160,170,170,180
19.43089532852173,-0.2547635518275005,7.240288408898605,0.2617993877991417,-0.05235987755982833,-1.5337045210451132,180,190,170,160,170,170,180
19.4410982131958,-0.2547635518275005,7.240288408898605,0.2617993877991417,-0.05235987755982833,-1.5337045210451132,180,190,170,160,170,170,180
19.45138430595398,-0.2547635518275005,7.240288408898605,0.2617993877991417,-0.05235987755982833,-1.5337045210451132,180,190,170,160,170,170,180
19.461660385131836,-0.25509132875546503,7.231636757558124,0.2617993877991417,-0.05235987755982833,-1.5318795377829413,180,190,170,170,170,180,180
19.47199845314026,-0.25509132875546503,7.231636757558124,0.2617993877991417,-0.05235987755982833,-1.5318795377829413,180,190,170,170,170,180,180
19.4822256565094,-0.25509132875546503,7.231636757558124,0.2617993877991417,-0.05235987755982833,-1.5318795377829413,180,190,170,170,170,180,180
19.492449283599854,-0.25543585100213334,7.222975169738956,0.2617993877991417,-0.05235987755982833,-1.530046716599623,180,190,170,170,170,180,180
19.5026593208313,-0.25543585100213334,7.222975169738956,0.2617993877991417,-0.05235987755982833,-1.530046716599623,180,190,170,170,170,180,180
19.513055562973022,-0.25543585100213334,7.222975169738956,0.2617993877991417,-0.05235987755982833,-1.530046716599623,180,190,170,170,170,180,180
19.530749082565308,-0.25580814226393794,7.2140426135214035,0.2617993877991417,-0.05235987755982833,-1.5281730297788194,180,190,170,170,170,180,180
19.540919303894043,-0.25580814226393794,7.2140426135214035,0.2617993877991417,-0.05235987755982833,-1.5281730297788194,180,190,170,170,170,180,180
19.55106472969055,-0.25580814226393794,7.2140426135214035,0.2617993877991417,-0.05235987755982833,-1.5281730297788194,180,190,170,170,170,180,180
19.5612370967865,-0.2561862019393761,7.205372342931569,0.2617993877991417,-0.05235987755982833,-1.5264209464047194,180,190,180,180,170,180,180
19.571484327316284,-0.2561862019393761,7.205372342931569,0.2617993877991417,-0.05235987755982833,-1.5264209464047194,180,190,180,180,170,180,180
19.584674835205078,-0.2561862019393761,7.205372342931569,0.2617993877991417,-0.05235987755982833,-1.5264209464047194,180,190,180,180,170,180,180
19.59491991996765,-0.25657480891859447,7.196708970205849,0.2617993877991417,-0.05235987755982833,-1.5247629699297787,180,190,180,180,170,180,180
19.60513138771057,-0.25657480891859447,7.196708970205849,0.2617993877991417,-0.05235987755982833,-1.5247629699297787,180,190,180,180,180,180,190
19.615373849868774,-0.25657480891859447,7.196708970205849,0.2617993877991417,-0.05235987755982833,-1.5247629699297787,180,190,180,180,180,180,190
19.625621557235718,-0.25657480891859447,7.196708970205849,0.2617993877991417,-0.05235987755982833,-1.5247629699297787,180,190,180,180,180,180,190
19.63603162765503,-0.25699106731317956,7.187806772111345,0.2617993877991417,-0.05235987755982833,-1.5232114874294433,180,190,180,180,180,180,190
19.646288633346558,-0.25699106731317956,7.187806772111345,0.2617993877991417,-0.05235987755982833,-1.5232114874294433,180,190,180,180,180,180,190
19.65656018257141,-0.25699106731317956,7.187806772111345,0.2617993877991417,0.0,-1.5232114874294433,180,190,180,180,180,180,190
19.666886568069458,-0.2574096936668667,7.179177031736803,0.2617993877991417,0.0,-1.5216740398469433,180,190,180,180,180,180,190
19.68585443496704,-0.2574096936668667,7.179177031736803,0.2617993877991417,0.0,-1.5216740398469433,180,190,180,180,180,180,190
19.696153163909912,-0.2578275843785672,7.170641320258536,0.2617993877991417,0.0,-1.5210131870108305,180,190,180,180,180,180,190
19.706367015838623,-0.2578275843785672,7.170641320258536,0.2617993877991417,0.0,-1.5210131870108305,180,190,180,180,180,180,190
19.716630458831787,-0.2578275843785672,7.170641320258536,0.2617993877991417,0.0,-1.5210131870108305,180,190,180,180,180,180,190
19.72985529899597,-0.2582659008241436,7.1618701449474065,0.2617993877991417,0.0,-1.5203125460043712,180,190,180,180,180,180,190
19.740068197250366,-0.2582659008241436,7.1618701449474065,0.2617993877991417,0.0,-1.5203125460043712,180,190,180,180,180,180,190
19.750383138656616,-0.2582659008241436,7.1618701449474065,0.2617993877991417,0.0,-1.5203125460043712,180,190,180,170,180,180,190
19.760560989379883,-0.2586993680638286,7.153275223798073,0.2617993877991417,0.0,-1.520139993605036,180,190,180,170,180,180,190
19.770792484283447,-0.2586993680638286,7.153275223798073,0.2617993877991417,0.0,-1.520139993605036,180,190,180,170,180,180,190
19.782731294631958,-0.2586993680638286,7.153275223798073,0.2617993877991417,0.0,-1.520139993605036,180,190,180,170,180,180,190
19.79299306869507,-0.2591348898386314,7.144663692205811,0.2617993877991417,0.0,-1.5200116848221066,180,190,180,170,180,180,190
19.803196907043457,-0.2591348898386314,7.144663692205811,0.2617993877991417,0.0,-1.5200116848221066,180,190,180,170,170,180,190
19.813375234603882,-0.2591348898386314,7.144663692205811,0.2617993877991417,0.0,-1.5200116848221066,180,190,180,170,170,180,190
19.82387375831604,-0.2591348898386314,7.144663692205811,0.2617993877991417,0.0,-1.5200116848221066,180,190,180,170,170,180,190
19.8341166973114,-0.25958585714626325,7.135779658873676,0.2617993877991417,0.0,-1.5198853984657874,180,190,180,170,170,180,190
19.844329118728638,-0.25958585714626325,7.135779658873676,0.2617993877991417,0.0,-1.5198853984657874,180,190,180,170,170,180,190
19.85453772544861,-0.25958585714626325,7.135779658873676,0.2617993877991417,0.0,-1.5198853984657874,180,190,180,170,170,190,190
19.86478877067566,-0.260025227510003,7.127145103336896,0.2617993877991417,0.0,-1.5197791363852018,180,190,180,170,170,190,190
19.881927728652954,-0.260025227510003,7.127145103336896,0.2617993877991417,0.0,-1.5197791363852018,180,190,180,170,170,190,190
19.892178535461426,-0.2604660544840123,7.118501094200306,0.2617993877991417,0.0,-1.519682005802362,180,190,180,170,170,190,190
19.90237522125244,-0.2604660544840123,7.118501094200306,0.2617993877991417,0.0,-1.519682005802362,180,190,180,170,170,180,190
19.912622451782227,-0.2604660544840123,7.118501094200306,0.2617993877991417,0.0,-1.519682005802362,180,190,180,170,170,180,190
19.922889471054077,-0.2604660544840123,7.118501094200306,0.2617993877991417,0.0,-1.519682005802362,180,190,180,170,170,180,190
19.933139324188232,-0.26092160996425506,7.109588676195658,0.2617993877991417,0.0,-1.5196054212008703,180,190,180,170,170,180,190
19.94336175918579,-0.26092160996425506,7.109588676195658,0.2617993877991417,0.0,-1.5196054212008703,180,190,180,170,170,180,190
19.95357894897461,-0.26092160996425506,7.109588676195658,0.2617993877991417,0.0,-1.5196054212008703,180,190,180,170,170,180,190
19.963793992996216,-0.26136436372966904,7.100939282944119,0.2617993877991417,0.0,-1.5196067047510766,180,190,180,170,170,180,190
19.974013328552246,-0.26136436372966904,7.100939282944119,0.2617993877991417,0.0,-1.5196067047510766,180,190,180,170,170,180,190
19.985684633255005,-0.26136436372966904,7.100939282944119,0.2617993877991417,0.0,-1.5196067047510766,180,190,180,170,170,180,190
19.995902061462402,-0.26180388565838864,7.0922966323249845,0.2617993877991417,0.0,-1.5196893493705768,180,190,180,170,170,180,190
20.006115436553955,-0.26180388565838864,7.0922966323249845,0.2617993877991417,0.0,-1.5196893493705768,180,190,180,170,170,180,190
20.016321420669556,-0.26180388565838864,7.0922966323249845,0.2617993877991417,0.0,-1.5196893493705768,180,190,180,170,170,180,190
20.03328037261963,-0.26180388565838864,7.0922966323249845,0.2617993877991417,0.0,-1.5196893493705768,180,190,180,170,170,180,190
20.043579816818237,-0.2622553078972119,7.083413795873145,0.2617993877991417,0.0,-1.5199282331619757,180,190,180,170,170,180,190
20.053796529769897,-0.2622553078972119,7.083413795873145,0.2617993877991417,0.0,-1.5199282331619757,180,180,170,170,170,180,180
20.064039945602417,-0.262693191616373,7.074797179076275,0.2617993877991417,0.0,-1.520107320520212,180,180,170,170,170,180,180
20.083173036575317,-0.262693191616373,7.074797179076275,0.2617993877991417,0.0,-1.520107320520212,180,180,170,170,170,180,180
20.093451261520386,-0.26312432799479013,7.066208247559149,0.2617993877991417,0.05235987755982833,-1.5200034756667726,180,180,170,170,170,180,180
20.10364580154419,-0.26312432799479013,7.066208247559149,0.2617993877991417,0.06981317007977111,-1.5200034756667726,180,180,170,170,170,180,180
20.11394238471985,-0.26312432799479013,7.066208247559149,0.2617993877991417,0.06981317007977111,-1.5200034756667726,180,180,170,170,170,180,180
20.132686138153076,-0.26312432799479013,7.066208247559149,0.2617993877991417,0.06981317007977111,-1.5200034756667726,180,180,170,170,170,180,180
20.143014669418335,-0.263562996997787,7.057459326911947,0.2617993877991417,0.08726646259971389,-1.5208123043173372,180,180,170,170,170,180,180
20.153226852416992,-0.263562996997787,7.057459326911947,0.2617993877991417,0.10471975511965666,-1.5208123043173372,180,180,170,170,170,180,180
20.16344976425171,-0.26398309871010067,7.048891828764036,0.2617993877991417,0.10471975511965666,-1.5228000994135897,180,180,170,170,170,180,180
20.173760414123535,-0.26398309871010067,7.048891828764036,0.2617993877991417,0.12217304763959944,-1.5228000994135897,180,180,170,170,170,180,180
20.183984994888306,-0.26398309871010067,7.048891828764036,0.2617993877991417,0.12217304763959944,-1.5228000994135897,180,180,170,170,170,180,180
20.194213390350342,-0.2643811580105426,7.040303796730875,0.2617993877991417,0.12217304763959944,-1.5260225346063847,180,180,170,170,170,180,180
20.204406023025513,-0.2643811580105426,7.040303796730875,0.2617993877991417,0.12217304763959944,-1.5260225346063847,180,180,170,170,170,180,180
20.214614868164062,-0.2643811580105426,7.040303796730875,0.2617993877991417,0.12217304763959944,-1.5260225346063847,180,180,170,170,170,180,180
20.232271671295166,-0.2643811580105426,7.040303796730875,0.2617993877991417,0.13962634015954223,-1.5260225346063847,180,180,170,170,170,180,180
20.242624759674072,-0.2647603927991031,7.0314455413578765,0.2617993877991417,0.13962634015954223,-1.52999020398599,180,180,170,170,170,180,180
20.252841472625732,-0.2647603927991031,7.0314455413578765,0.2617993877991417,0.13962634015954223,-1.52999020398599,180,180,170,170,170,180,180
20.26314401626587,-0.2650928729762414,7.022839520200234,0.2617993877991417,0.13962634015954223,-1.5344324844670052,180,180,170,180,170,170,210
20.27343988418579,-0.2650928729762414,7.022839520200234,0.2617993877991417,0.13962634015954223,-1.5344324844670052,180,180,170,180,170,170,210
20.284528017044067,-0.2650928729762414,7.022839520200234,0.2617993877991417,0.13962634015954223,-1.5344324844670052,180,180,170,180,170,170,210
20.29475975036621,-0.2653874875817416,7.014221359601531,0.2617993877991417,0.13962634015954223,-1.5389080643129542,180,180,170,180,170,170,210
20.30498719215393,-0.2653874875817416,7.014221359601531,0.2617993877991417,0.13962634015954223,-1.5389080643129542,180,180,170,170,170,180,180
20.31523823738098,-0.2653874875817416,7.014221359601531,0.2617993877991417,0.13962634015954223,-1.5389080643129542,180,180,170,170,170,180,180
20.32546091079712,-0.2653874875817416,7.014221359601531,0.2617993877991417,0.13962634015954223,-1.5389080643129542,180,180,170,170,170,180,180
20.336283922195435,-0.2656522597166037,7.005331123353608,0.2617993877991417,0.13962634015954223,-1.5435475886428607,180,180,170,170,170,180,180
20.346489429473877,-0.2656522597166037,7.005331123353608,0.2617993877991417,0.13962634015954223,-1.5435475886428607,180,180,170,170,170,180,180
20.356714725494385,-0.2656522597166037,7.005331123353608,0.2617993877991417,0.13962634015954223,-1.5435475886428607,180,180,170,170,170,180,180
20.366995573043823,-0.2658698109194327,6.9966895696938005,0.2617993877991417,0.13962634015954223,-1.5480609291493599,180,180,170,180,170,170,180
20.385287284851074,-0.2658698109194327,6.9966895696938005,0.2617993877991417,0.13962634015954223,-1.5480609291493599,180,180,170,180,170,170,180
20.39549970626831,-0.26604379927153254,6.988050853630016,0.2617993877991417,0.13962634015954223,-1.5526410341045205,180,180,170,180,170,170,180
20.405704498291016,-0.26604379927153254,6.988050853630016,0.2617993877991417,0.13962634015954223,-1.5526410341045205,180,190,170,170,170,180,180
20.415932655334473,-0.26604379927153254,6.988050853630016,0.2617993877991417,0.13962634015954223,-1.5526410341045205,180,190,170,170,170,180,180
20.42617702484131,-0.2661882598471704,6.979168699123077,0.2617993877991417,0.13962634015954223,-1.5575417943466385,180,190,170,170,170,180,180
20.436403036117554,-0.2661882598471704,6.979168699123077,0.2617993877991417,0.13962634015954223,-1.5575417943466385,180,190,170,170,170,180,180
20.4465913772583,-0.2661882598471704,6.979168699123077,0.2617993877991417,0.12217304763959944,-1.5575417943466385,180,190,170,170,170,180,180
20.456786632537842,-0.2661882598471704,6.979168699123077,0.2617993877991417,0.10471975511965666,-1.5575417943466385,190,190,170,180,160,170,180
20.466981172561646,-0.26627469372865803,6.9705857271036,0.2617993877991417,0.10471975511965666,-1.5623228465069543,190,190,170,180,160,170,180
20.483224153518677,-0.26627469372865803,6.9705857271036,0.2617993877991417,0.08726646259971389,-1.5623228465069543,190,190,170,180,160,170,180
20.493458032608032,-0.2663304228352225,6.962014469262963,0.2617993877991417,0.08726646259971389,-1.5658306048468198,190,190,170,180,160,170,180
20.50365924835205,-0.2663304228352225,6.962014469262963,0.2617993877991417,0.06981317007977111,-1.5658306048468198,180,190,180,180,160,170,180
20.513866901397705,-0.2663304228352225,6.962014469262963,0.2617993877991417,0.06981317007977111,-1.5658306048468198,180,190,180,180,160,170,180
20.524104595184326,-0.2663304228352225,6.962014469262963,0.2617993877991417,0.06981317007977111,-1.5658306048468198,180,190,180,180,160,170,180
20.534266233444214,-0.26635988162303975,6.953168291936819,0.2617993877991417,0.06981317007977111,-1.568749940589553,180,190,180,180,160,170,180
20.54442858695984,-0.26635988162303975,6.953168291936819,0.2617993877991417,0.06981317007977111,-1.568749940589553,180,190,180,180,160,170,180
20.554657220840454,-0.26635988162303975,6.953168291936819,0.2617993877991417,0.06981317007977111,-1.568749940589553,180,190,180,180,160,170,180
20.564861059188843,-0.2663668287431384,6.944570469799714,0.2617993877991417,0.06981317007977111,-1.570979973490191,180,180,180,170,160,170,180
20.5814847946167,-0.2663668287431384,6.944570469799714,0.2617993877991417,0.06981317007977111,-1.570979973490191,180,180,180,170,160,170,180
20.591686725616455,-0.2663668287431384,6.944570469799714,0.2617993877991417,0.06981317007977111,-1.570979973490191,180,180,180,170,160,170,180
20.601876735687256,-0.26635497185213597,6.9359604499528515,0.2617993877991417,0.06981317007977111,-1.5731899613710858,180,180,180,170,160,160,180
20.61249804496765,-0.26635497185213597,6.9359604499528515,0.2617993877991417,0.06981317007977111,-1.5731899613710858,180,180,180,170,160,160,180
20.62952995300293,-0.26632301343816833,6.927077084664123,0.2617993877991417,0.06981317007977111,-1.5754759948114907,180,180,180,170,160,160,180
20.63977289199829,-0.26632301343816833,6.927077084664123,0.2617993877991417,0.06981317007977111,-1.5754759948114907,180,180,180,170,160,160,180
20.649989366531372,-0.26632301343816833,6.927077084664123,0.2617993877991417,0.06981317007977111,-1.5754759948114907,180,180,180,170,160,160,180
20.66018009185791,-0.2662731926149456,6.918443750848001,0.2617993877991417,0.06981317007977111,-1.577707803628178,180,180,180,160,160,160,180
20.67039394378662,-0.2662731926149456,6.918443750848001,0.2617993877991417,0.06981317007977111,-1.577707803628178,180,180,180,160,160,160,180
20.68648862838745,-0.2662731926149456,6.918443750848001,0.2617993877991417,0.06981317007977111,-1.577707803628178,180,180,180,160,160,160,180
20.69669008255005,-0.2662054013049496,6.909798409275226,0.2617993877991417,0.06981317007977111,-1.5799421341104545,180,180,180,160,160,160,180
20.706873655319214,-0.2662054013049496,6.909798409275226,0.2617993877991417,0.06981317007977111,-1.5799421341104545,180,180,170,170,170,160,180
20.717050790786743,-0.2662054013049496,6.909798409275226,0.2617993877991417,0.06981317007977111,-1.5799421341104545,180,180,170,170,170,160,180
20.734154224395752,-0.2662054013049496,6.909798409275226,0.2617993877991417,0.06981317007977111,-1.5799421341104545,180,180,170,170,170,160,180
20.74452519416809,-0.2661174297395813,6.900879030451981,0.2617993877991417,0.06981317007977111,-1.5822481629276381,180,180,170,170,170,160,180
20.75470757484436,-0.2661174297395813,6.900879030451981,0.2617993877991417,0.06981317007977111,-1.5822481629276381,180,180,170,170,170,160,180
20.764939069747925,-0.2660135884282785,6.892214772899813,0.2617993877991417,0.06981317007977111,-1.5845296522331687,180,180,170,160,170,160,170
20.784753799438477,-0.2660135884282785,6.892214772899813,0.2617993877991417,0.06981317007977111,-1.5845296522331687,180,180,170,160,170,160,170
20.7950496673584,-0.2658868691885805,6.883556935689192,0.2617993877991417,0.06981317007977111,-1.5868517043192947,180,180,170,160,170,160,170
20.805230617523193,-0.2658868691885805,6.883556935689192,0.2617993877991417,0.06981317007977111,-1.5868517043192947,180,180,170,160,170,170,170
20.815417289733887,-0.2658868691885805,6.883556935689192,0.2617993877991417,0.06981317007977111,-1.5868517043192947,180,180,170,160,170,170,170
20.83260989189148,-0.26573792066917284,6.874656292935258,0.2617993877991417,0.06981317007977111,-1.58922679707493,180,180,170,160,170,170,170
20.84283185005188,-0.26573792066917284,6.874656292935258,0.2617993877991417,0.06981317007977111,-1.58922679707493,180,180,170,160,170,170,170
20.8530695438385,-0.26573792066917284,6.874656292935258,0.2617993877991417,0.06981317007977111,-1.58922679707493,180,180,170,160,170,170,170
20.86339044570923,-0.2655639998250411,6.866079083719029,0.2617993877991417,0.06981317007977111,-1.591477401186322,190,180,180,170,170,170,170
20.882018566131592,-0.2655639998250411,6.866079083719029,0.2617993877991417,0.06981317007977111,-1.591477401186322,190,180,180,170,170,170,170
20.89221477508545,-0.2655639998250411,6.866079083719029,0.2617993877991417,0.06981317007977111,-1.591477401186322,190,180,180,170,170,170,170
20.902390003204346,-0.2653759216426141,6.857495899616705,0.2617993877991417,0.06981317007977111,-1.5937640890252678,190,180,180,170,170,170,170
20.912585020065308,-0.2653759216426141,6.857495899616705,0.2617993877991417,0.08726646259971389,-1.5937640890252678,190,180,180,170,170,170,170
20.932684183120728,-0.2653759216426141,6.857495899616705,0.2617993877991417,0.08726646259971389,-1.5937640890252678,190,180,180,170,170,170,170
20.943106651306152,-0.2651621438580353,6.848649732755765,0.2617993877991417,0.12217304763959944,-1.5960978495261027,190,180,180,170,170,170,170
20.953307151794434,-0.2651621438580353,6.848649732755765,0.2617993877991417,0.13962634015954223,-1.5960978495261027,190,180,170,170,170,170,170
20.963525772094727,-0.26493019433397946,6.840064879966386,0.2617993877991417,0.13962634015954223,-1.5994499873372436,190,180,170,170,170,170,170
20.98174786567688,-0.26493019433397946,6.840064879966386,0.2617993877991417,0.157079632679485,-1.5994499873372436,190,180,170,170,170,170,170
20.99195909500122,-0.26493019433397946,6.840064879966386,0.2617993877991417,0.157079632679485,-1.5994499873372436,190,180,170,170,170,170,170
21.002306699752808,-0.2646645284447317,6.83147875306063,0.2617993877991417,0.157079632679485,-1.603957443538396,190,180,170,170,170,170,170
21.01282048225403,-0.2646645284447317,6.83147875306063,0.2617993877991417,0.157079632679485,-1.603957443538396,190,180,170,170,160,160,170
21.023006439208984,-0.2646645284447317,6.83147875306063,0.2617993877991417,0.17453292519942779,-1.603957443538396,190,180,170,170,160,160,170
21.03349757194519,-0.2643473269235125,6.822625925480885,0.2617993877991417,0.17453292519942779,-1.6092323255616063,190,180,170,170,160,160,170
21.04369068145752,-0.2643473269235125,6.822625925480885,0.2617993877991417,0.17453292519942779,-1.6092323255616063,190,180,170,170,160,160,170
21.053879261016846,-0.2643473269235125,6.822625925480885,0.2617993877991417,0.17453292519942779,-1.6092323255616063,190,180,180,170,160,160,170
21.064071655273438,-0.2639924050253932,6.8140279112854625,0.2617993877991417,0.17453292519942779,-1.6149299618987303,190,180,180,170,160,160,170
21.081740140914917,-0.2639924050253932,6.8140279112854625,0.2617993877991417,0.17453292519942779,-1.6149299618987303,190,180,180,170,160,160,170
21.09200358390808,-0.2639924050253932,6.8140279112854625,0.2617993877991417,0.17453292519942779,-1.6149299618987303,190,180,180,170,160,160,170
21.102216243743896,-0.26358804866241037,6.805420712527699,0.2617993877991417,0.17453292519942779,-1.620650706466444,190,190,180,180,160,160,170
21.112398147583008,-0.26358804866241037,6.805420712527699,0.2617993877991417,0.17453292519942779,-1.620650706466444,190,190,180,180,160,160,170
21.122583389282227,-0.26358804866241037,6.805420712527699,0.2617993877991417,0.17453292519942779,-1.620650706466444,190,190,180,180,160,160,170
21.133848905563354,-0.26311995434411334,6.796544787685201,0.2617993877991417,0.17453292519942779,-1.6265431076418315,190,190,180,180,160,160,170
21.144123792648315,-0.26311995434411334,6.796544787685201,0.2617993877991417,0.17453292519942779,-1.6265431076418315,190,190,180,180,160,160,170
21.154319524765015,-0.26311995434411334,6.796544787685201,0.2617993877991417,0.17453292519942779,-1.6265431076418315,190,190,180,170,160,160,160
21.164676666259766,-0.262616976343697,6.787928638593398,0.2617993877991417,0.17453292519942779,-1.632238097447375,190,190,180,170,160,160,160
21.18285059928894,-0.262616976343697,6.787928638593398,0.2617993877991417,0.17453292519942779,-1.632238097447375,190,190,180,170,160,160,160
21.19307518005371,-0.262071488901626,6.779309331261322,0.2617993877991417,0.17453292519942779,-1.6378739011510661,190,190,180,170,160,160,160
21.203539848327637,-0.262071488901626,6.779309331261322,0.2617993877991417,0.17453292519942779,-1.6378739011510661,190,190,180,170,160,160,160
21.213815450668335,-0.262071488901626,6.779309331261322,0.2617993877991417,0.17453292519942779,-1.6378739011510661,190,190,180,170,160,170,160
21.234377145767212,-0.262071488901626,6.779309331261322,0.2617993877991417,0.17453292519942779,-1.6378739011510661,190,190,180,170,160,170,160
21.24472999572754,-0.2614563187747946,6.770465102262211,0.2617993877991417,0.157079632679485,-1.643433200495621,190,190,180,170,160,170,160
21.25493335723877,-0.2614563187747946,6.770465102262211,0.2617993877991417,0.157079632679485,-1.643433200495621,190,190,190,170,160,160,160
21.26513433456421,-0.26080338080322363,6.761898449077483,0.2617993877991417,0.157079632679485,-1.6489136734481857,190,190,190,170,160,160,160
21.275367259979248,-0.26080338080322363,6.761898449077483,0.2617993877991417,0.13962634015954223,-1.6489136734481857,190,190,190,170,160,160,160
21.285566806793213,-0.26080338080322363,6.761898449077483,0.2617993877991417,0.13962634015954223,-1.6489136734481857,190,190,190,170,160,160,160
21.29577898979187,-0.26011198503719857,6.753371792001218,0.2617993877991417,0.13962634015954223,-1.6541419611811878,190,190,190,170,160,160,160
21.3060245513916,-0.26011198503719857,6.753371792001218,0.2617993877991417,0.12217304763959944,-1.6541419611811878,190,190,180,170,170,170,170
21.316229343414307,-0.26011198503719857,6.753371792001218,0.2617993877991417,0.12217304763959944,-1.6541419611811878,190,190,180,170,170,170,170
21.332974672317505,-0.25935554800676297,6.744576532467308,0.2617993877991417,0.10471975511965666,-1.6589439858019874,190,190,180,170,170,170,170
21.343202114105225,-0.25935554800676297,6.744576532467308,0.2617993877991417,0.10471975511965666,-1.6589439858019874,190,190,180,170,170,170,170
21.353408575057983,-0.25935554800676297,6.744576532467308,0.2617993877991417,0.08726646259971389,-1.6589439858019874,190,190,190,170,170,160,170
21.363637685775757,-0.2585846935794314,6.736027930007657,0.2617993877991417,0.08726646259971389,-1.6625383035423706,190,190,190,170,170,160,170
21.38089919090271,-0.2585846935794314,6.736027930007657,0.2617993877991417,0.06981317007977111,-1.6625383035423706,190,190,190,170,170,160,170
21.39112424850464,-0.2585846935794314,6.736027930007657,0.2617993877991417,0.06981317007977111,-1.6625383035423706,190,190,190,170,170,160,170
21.401514053344727,-0.2577829640876906,6.727461934823731,0.2617993877991417,0.05235987755982833,-1.66551330004724,190,190,190,170,170,160,170
21.411792755126953,-0.2577829640876906,6.727461934823731,0.2617993877991417,0.05235987755982833,-1.66551330004724,190,190,190,180,170,160,160
21.43246293067932,-0.2569313476076875,6.71861989922091,0.2617993877991417,0.05235987755982833,-1.6679783725326356,190,190,190,180,170,160,160
21.442699909210205,-0.2569313476076875,6.71861989922091,0.2617993877991417,0.0,-1.6679783725326356,190,190,190,180,170,160,160
21.452903270721436,-0.2569313476076875,6.71861989922091,0.2617993877991417,0.0,-1.6679783725326356,190,190,180,180,170,160,160
21.463112354278564,-0.2560859832874938,6.710022541194989,0.2617993877991417,0.0,-1.669786850417738,190,190,180,180,170,160,160
21.48164176940918,-0.2560859832874938,6.710022541194989,0.2617993877991417,0.0,-1.669786850417738,190,190,180,180,170,160,160
21.49189329147339,-0.2552283898390734,6.701404930852769,0.2617993877991417,0.0,-1.6699827187591676,190,190,180,180,170,160,160
21.502089500427246,-0.2552283898390734,6.701404930852769,0.2617993877991417,0.0,-1.6699827187591676,190,190,180,180,170,160,160
21.512367963790894,-0.2552283898390734,6.701404930852769,0.2617993877991417,0.0,-1.6699827187591676,190,190,180,170,180,160,160
21.522587299346924,-0.2552283898390734,6.701404930852769,0.2617993877991417,0.0,-1.6699827187591676,190,190,180,170,180,160,160
21.535896062850952,-0.2552283898390734,6.701404930852769,0.2617993877991417,0.0,-1.6699827187591676,190,190,180,170,180,160,160
21.546244621276855,-0.2543440681418745,6.692519899185115,0.2617993877991417,0.0,-1.6700211058192627,190,190,180,170,180,160,160
21.556468963623047,-0.2543440681418745,6.692519899185115,0.2617993877991417,0.0,-1.6700211058192627,190,190,180,170,170,160,160
21.567586421966553,-0.2534871811745783,6.683895170328726,0.2617993877991417,0.0,-1.6699849668676146,190,190,180,170,170,160,160
21.583378314971924,-0.2534871811745783,6.683895170328726,0.2617993877991417,0.0,-1.6699849668676146,190,190,180,170,170,160,160
21.593597888946533,-0.2526278468915124,6.6752749652779695,0.2617993877991417,0.0,-1.669884918636715,190,190,180,170,170,160,160
21.60381269454956,-0.2526278468915124,6.6752749652779695,0.2617993877991417,0.0,-1.669884918636715,190,190,180,170,160,170,160
21.61405110359192,-0.2526278468915124,6.6752749652779695,0.2617993877991417,0.0,-1.669884918636715,190,190,180,170,160,170,160
21.63435196876526,-0.2526278468915124,6.6752749652779695,0.2617993877991417,0.0,-1.669884918636715,190,190,180,170,160,170,160
21.644770622253418,-0.25174896521479934,6.666422476527391,0.2617993877991417,0.0,-1.6697022739345493,190,190,180,170,160,170,160
21.65497398376465,-0.25174896521479934,6.666422476527391,0.2617993877991417,0.0,-1.6697022739345493,190,180,190,170,160,170,160
21.665674686431885,-0.25089419027531584,6.657862395869861,0.2617993877991417,0.0,-1.6697430608374808,190,180,190,170,160,170,160
21.681397676467896,-0.25089419027531584,6.657862395869861,0.2617993877991417,0.0,-1.6697430608374808,190,180,190,170,160,170,160
21.69159960746765,-0.25089419027531584,6.657862395869861,0.2617993877991417,0.0,-1.6697430608374808,190,180,190,170,160,170,160
21.70181655883789,-0.25004374697709836,6.64931553339883,0.2617993877991417,0.0,-1.669894316423408,190,180,190,170,160,170,160
21.712021589279175,-0.25004374697709836,6.64931553339883,0.2617993877991417,0.0,-1.669894316423408,190,180,180,170,160,170,160
21.722206830978394,-0.25004374697709836,6.64931553339883,0.2617993877991417,0.0,-1.669894316423408,190,180,180,170,160,170,160
21.734086275100708,-0.24916389070896083,6.640486814117635,0.2617993877991417,0.0,-1.6699803354402591,190,180,180,170,160,170,160
21.744304656982422,-0.24916389070896083,6.640486814117635,0.2617993877991417,0.0,-1.6699803354402591,190,180,180,170,160,170,160
21.75450110435486,-0.24916389070896083,6.640486814117635,0.2617993877991417,0.0,-1.6699803354402591,190,190,190,170,160,170,160
21.76469111442566,-0.2483092732618202,6.6319113863268715,0.2617993877991417,0.0,-1.6700754618787415,190,190,190,170,160,170,160
21.780466556549072,-0.2483092732618202,6.6319113863268715,0.2617993877991417,0.0,-1.6700754618787415,190,190,190,170,160,170,160
21.79069471359253,-0.2483092732618202,6.6319113863268715,0.2617993877991417,0.0,-1.6700754618787415,190,190,190,170,160,170,160
21.800913333892822,-0.2474526580439152,6.623325117794126,0.2617993877991417,0.0,-1.6701583276767586,190,190,180,170,160,160,160
21.81110382080078,-0.2474526580439152,6.623325117794126,0.2617993877991417,0.0,-1.6701583276767586,190,190,180,170,160,160,160
21.821290016174316,-0.2474526580439152,6.623325117794126,0.2617993877991417,0.0,-1.6701583276767586,190,190,180,170,160,160,160
21.832507371902466,-0.24656843838278358,6.6144667862484825,0.2617993877991417,0.0,-1.6702289580788547,190,190,180,170,160,160,160
21.842706203460693,-0.24656843838278358,6.6144667862484825,0.2617993877991417,0.0,-1.6702289580788547,190,190,180,170,160,160,160
21.852896451950073,-0.24656843838278358,6.6144667862484825,0.2617993877991417,0.0,-1.6702289580788547,190,190,180,170,160,160,160
21.86306881904602,-0.24570883020706555,6.605858731831674,0.2617993877991417,0.0,-1.6702951537560202,190,190,180,170,160,160,160
21.8732807636261,-0.24570883020706555,6.605858731831674,0.2617993877991417,0.0,-1.6702951537560202,190,190,180,170,160,160,160
21.886154651641846,-0.24570883020706555,6.605858731831674,0.2617993877991417,0.0,-1.6702951537560202,190,190,180,170,160,160,160
21.896377325057983,-0.2448479500953195,6.597240746695514,0.2617993877991417,0.0,-1.670355122482359,190,190,180,170,160,160,160
21.906545400619507,-0.2448479500953195,6.597240746695514,0.2617993877991417,0.0,-1.670355122482359,190,190,180,170,160,160,160
21.91693425178528,-0.2448479500953195,6.597240746695514,0.2617993877991417,0.0,-1.670355122482359,190,190,180,170,170,160,160
21.934032678604126,-0.2448479500953195,6.597240746695514,0.2617993877991417,0.0,-1.670355122482359,190,190,180,170,170,160,160
21.944427967071533,-0.2439603386126435,6.588355579786288,0.2617993877991417,0.0,-1.6703912536418781,190,190,180,170,170,160,160
21.954617738723755,-0.2439603386126435,6.588355579786288,0.2617993877991417,0.0,-1.6703912536418781,190,190,180,170,170,160,160
21.964799642562866,-0.24310051031546276,6.579731421669872,0.2617993877991417,0.0,-1.6703482651979127,190,190,180,170,170,160,160
21.982757091522217,-0.24310051031546276,6.579731421669872,0.2617993877991417,0.0,-1.6703482651979127,190,190,180,170,170,160,160
21.99294900894165,-0.24223853703638198,6.571113265320415,0.2617993877991417,0.0,-1.6702418291827463,190,190,180,170,170,160,160
22.00313973426819,-0.24223853703638198,6.571113265320415,0.2617993877991417,0.0,-1.6702418291827463,190,190,180,170,170,160,160
22.013635635375977,-0.24223853703638198,6.571113265320415,0.2617993877991417,0.0,-1.6702418291827463,190,190,190,170,160,160,160
22.033352613449097,-0.24223853703638198,6.571113265320415,0.2617993877991417,0.0,-1.6702418291827463,190,190,190,170,160,160,160
22.043765544891357,-0.24135678173325334,6.562264208260889,0.2617993877991417,0.0,-1.6700652687519355,190,190,190,170,160,160,160
22.05394220352173,-0.24135678173325334,6.562264208260889,0.2617993877991417,0.0,-1.6700652687519355,190,190,190,170,160,160,160
22.06411838531494,-0.24049957033431077,6.553710617704889,0.2617993877991417,0.0,-1.6701488088089236,190,190,190,170,160,160,160
22.082181215286255,-0.24049957033431077,6.553710617704889,0.2617993877991417,0.0,-1.6701488088089236,190,190,190,170,160,160,160
22.092484712600708,-0.23964445873945803,6.54515904393984,0.2617993877991417,0.0,-1.670273263002181,190,190,190,170,160,160,160
22.10269594192505,-0.23964445873945803,6.54515904393984,0.2617993877991417,0.0,-1.670273263002181,190,190,190,170,160,160,160
22.11297106742859,-0.23964445873945803,6.54515904393984,0.2617993877991417,0.0,-1.670273263002181,190,190,180,170,160,160,170
22.123218059539795,-0.23964445873945803,6.54515904393984,0.2617993877991417,0.0,-1.670273263002181,190,190,180,170,160,160,170
22.134576320648193,-0.2387617655048701,6.53633114507047,0.2617993877991417,0.0,-1.6703687734105879,190,190,180,170,160,160,170
22.14480757713318,-0.2387617655048701,6.53633114507047,0.2617993877991417,0.0,-1.6703687734105879,190,190,180,170,160,160,170
22.154996156692505,-0.2387617655048701,6.53633114507047,0.2617993877991417,0.0,-1.6703687734105879,190,190,180,170,160,160,170
22.16522192955017,-0.23790370906050354,6.527754827631698,0.2617993877991417,0.0,-1.670463028577437,190,190,180,170,160,160,170
22.180842876434326,-0.23790370906050354,6.527754827631698,0.2617993877991417,0.0,-1.670463028577437,190,190,180,170,160,160,170
22.191054821014404,-0.23790370906050354,6.527754827631698,0.2617993877991417,0.0,-1.670463028577437,190,190,180,170,160,160,170
22.201257705688477,-0.2370436282719312,6.519167389565508,0.2617993877991417,0.0,-1.6705436862607619,190,190,180,170,160,160,170
22.211499452590942,-0.2370436282719312,6.519167389565508,0.2617993877991417,0.0,-1.6705436862607619,190,180,180,170,160,160,170
22.2216796875,-0.2370436282719312,6.519167389565508,0.2617993877991417,0.0,-1.6705436862607619,190,180,180,170,160,160,170
22.232459545135498,-0.2361558937509702,6.510308138202638,0.2617993877991417,0.0,-1.6706138349658977,190,180,180,170,160,160,170
22.242650508880615,-0.2361558937509702,6.510308138202638,0.2617993877991417,0.0,-1.6706138349658977,190,180,180,170,160,160,170
22.252875804901123,-0.2361558937509702,6.510308138202638,0.2617993877991417,0.0,-1.6706138349658977,190,180,180,170,160,160,170
22.263067960739136,-0.23529287378485886,6.501699111183784,0.2617993877991417,0.0,-1.670680029590782,190,180,190,170,160,170,160
22.273292303085327,-0.23529287378485886,6.501699111183784,0.2617993877991417,0.0,-1.670680029590782,190,180,190,170,160,170,160
22.284394025802612,-0.23529287378485886,6.501699111183784,0.2617993877991417,0.0,-1.670680029590782,190,180,190,170,160,170,160
22.29458999633789,-0.23442861445187194,6.493080378465602,0.2617993877991417,0.0,-1.6707383333538952,190,180,190,170,160,170,160
22.30476999282837,-0.23442861445187194,6.493080378465602,0.2617993877991417,0.0,-1.6707383333538952,190,180,190,170,160,170,160
22.314987659454346,-0.23442861445187194,6.493080378465602,0.2617993877991417,0.0,-1.6707383333538952,190,180,190,170,160,170,160
22.334606170654297,-0.23442861445187194,6.493080378465602,0.2617993877991417,0.0,-1.6707383333538952,190,180,190,170,160,170,160
22.344809770584106,-0.2335377208715045,6.484195300948782,0.2617993877991417,0.0,-1.6707679639745254,190,180,190,170,160,170,160
22.355013370513916,-0.2335377208715045,6.484195300948782,0.2617993877991417,0.0,-1.6707679639745254,190,180,180,170,160,170,160
22.3652241230011,-0.23267449435270046,6.47557168580145,0.2617993877991417,0.0,-1.6707150578172254,190,180,180,170,160,170,160
22.375524282455444,-0.23267449435270046,6.47557168580145,0.2617993877991417,0.0,-1.6707150578172254,190,180,180,170,160,170,160
22.385733604431152,-0.23267449435270046,6.47557168580145,0.2617993877991417,0.0,-1.6707150578172254,190,180,180,170,160,170,160
22.395923852920532,-0.2318097187547307,6.4669563331381665,0.2617993877991417,0.0,-1.6705988113724906,190,180,180,170,160,170,160
22.40613842010498,-0.2318097187547307,6.4669563331381665,0.2617993877991417,0.0,-1.6705988113724906,190,180,180,170,160,170,160
22.416630029678345,-0.2318097187547307,6.4669563331381665,0.2617993877991417,0.0,-1.6705988113724906,190,180,180,170,160,170,160
22.43230938911438,-0.23092480299421547,6.458110670537946,0.2617993877991417,0.0,-1.6704333436180845,190,180,180,170,160,170,160
22.44255495071411,-0.23092480299421547,6.458110670537946,0.2617993877991417,0.0,-1.6704333436180845,190,180,180,170,160,170,160
22.452757596969604,-0.23092480299421547,6.458110670537946,0.2617993877991417,0.0,-1.6704333436180845,190,180,180,170,160,170,160
22.46295952796936,-0.23006530901460692,6.449563538688231,0.2617993877991417,0.0,-1.6705593230458624,190,190,180,170,170,160,160
22.482039213180542,-0.23006530901460692,6.449563538688231,0.2617993877991417,0.0,-1.6705593230458624,190,190,180,170,170,160,160
22.492238521575928,-0.2292055410027149,6.441005795774057,0.2617993877991417,0.0,-1.6706495426314516,190,190,180,170,170,160,160
22.50244426727295,-0.2292055410027149,6.441005795774057,0.2617993877991417,0.0,-1.6706495426314516,190,190,190,170,170,160,160
22.512741565704346,-0.2292055410027149,6.441005795774057,0.2617993877991417,0.0,-1.6706495426314516,190,190,190,170,170,160,160
22.532966136932373,-0.2292055410027149,6.441005795774057,0.2617993877991417,0.0,-1.6706495426314516,190,190,190,170,170,160,160
22.543323516845703,-0.2283199919882322,6.432178377380144,0.2617993877991417,0.0,-1.6707513870910466,190,190,190,170,170,160,160
22.55349087715149,-0.2283199919882322,6.432178377380144,0.2617993877991417,0.0,-1.6707513870910466,190,190,190,170,170,160,160
22.5636944770813,-0.22745854463733184,6.423601204586047,0.2617993877991417,0.0,-1.6708446681112383,190,190,190,170,170,160,160
22.5822434425354,-0.22745854463733184,6.423601204586047,0.2617993877991417,0.0,-1.6708446681112383,190,190,190,170,170,160,160
22.59244680404663,-0.22659506399328969,6.41501266266297,0.2617993877991417,0.0,-1.6709231474979962,190,190,190,170,170,160,160
22.602670907974243,-0.22659506399328969,6.41501266266297,0.2617993877991417,0.0,-1.6709231474979962,190,190,190,170,170,160,160
22.612918853759766,-0.22659506399328969,6.41501266266297,0.2617993877991417,0.0,-1.6709231474979962,190,190,190,170,160,160,160
22.631099224090576,-0.22570386635362732,6.406152569719779,0.2617993877991417,0.0,-1.6709930138262894,190,190,190,170,160,160,160
22.64129090309143,-0.22570386635362732,6.406152569719779,0.2617993877991417,0.0,-1.6709930138262894,190,190,190,170,160,160,160
22.651468515396118,-0.22570386635362732,6.406152569719779,0.2617993877991417,0.0,-1.6709930138262894,190,190,180,170,160,160,160
22.661651849746704,-0.22483749074314566,6.3975426406134375,0.2617993877991417,0.0,-1.6710590799752252,190,190,180,170,160,160,160
22.671875,-0.22483749074314566,6.3975426406134375,0.2617993877991417,0.0,-1.6710590799752252,190,190,180,170,160,160,160
22.68286633491516,-0.22483749074314566,6.3975426406134375,0.2617993877991417,0.0,-1.6710590799752252,190,190,180,170,160,160,160
22.69304656982422,-0.2239699095895707,6.388923287608566,0.2617993877991417,0.0,-1.6711158699143003,190,190,180,170,160,160,160
22.703269004821777,-0.2239699095895707,6.388923287608566,0.2617993877991417,0.0,-1.6711158699143003,190,190,180,160,160,160,160
22.713576555252075,-0.2239699095895707,6.388923287608566,0.2617993877991417,0.0,-1.6711158699143003,190,190,180,160,160,160,160
22.723803758621216,-0.2239699095895707,6.388923287608566,0.2617993877991417,0.0,-1.6711158699143003,190,190,180,160,160,160,160
22.734050035476685,-0.22307585545078357,6.380038411884842,0.2617993877991417,0.0,-1.6711377279448971,190,190,180,160,160,160,160
22.744301557540894,-0.22307585545078357,6.380038411884842,0.2617993877991417,0.0,-1.6711377279448971,190,190,180,160,160,160,160
22.754488229751587,-0.22307585545078357,6.380038411884842,0.2617993877991417,0.0,-1.6711377279448971,190,190,180,160,160,160,160
22.764708757400513,-0.22220891729251738,6.371415348129247,0.2617993877991417,0.0,-1.6710748098365766,190,190,180,160,160,160,160
22.782790899276733,-0.22220891729251738,6.371415348129247,0.2617993877991417,0.0,-1.6710748098365766,190,190,180,160,160,160,160
22.793028593063354,-0.2213416600687216,6.362803556672301,0.2617993877991417,0.0,-1.6709464985837084,190,190,180,160,160,160,160
22.803239345550537,-0.2213416600687216,6.362803556672301,0.2617993877991417,0.0,-1.6709464985837084,190,190,180,160,160,160,160
22.81345820426941,-0.2213416600687216,6.362803556672301,0.2617993877991417,0.0,-1.6709464985837084,190,190,180,160,160,160,160
22.823673248291016,-0.2213416600687216,6.362803556672301,0.2617993877991417,0.0,-1.6709464985837084,190,190,180,160,160,160,160
22.83387327194214,-0.22045316182269187,6.353961229112955,0.2617993877991417,0.0,-1.6707980285275983,190,190,180,160,160,160,160
22.84412956237793,-0.22045316182269187,6.353961229112955,0.2617993877991417,0.0,-1.6707980285275983,190,190,180,160,160,160,160
22.854318618774414,-0.22045316182269187,6.353961229112955,0.2617993877991417,0.0,-1.6707980285275983,190,190,190,160,160,160,160
22.864875078201294,-0.21959179459260925,6.345419599140643,0.2617993877991417,0.0,-1.6709610211210417,190,190,190,160,160,160,160
22.875155448913574,-0.21959179459260925,6.345419599140643,0.2617993877991417,0.0,-1.6709610211210417,190,190,190,160,160,160,160
22.88532853126526,-0.21959179459260925,6.345419599140643,0.2617993877991417,0.0,-1.6709610211210417,190,190,190,160,160,160,160
22.895508766174316,-0.21872802428332955,6.336857846372872,0.2617993877991417,0.0,-1.671033580972288,190,190,190,160,160,160,160
22.90568709373474,-0.21872802428332955,6.336857846372872,0.2617993877991417,0.0,-1.671033580972288,190,190,190,160,160,160,160
22.916931867599487,-0.21872802428332955,6.336857846372872,0.2617993877991417,0.0,-1.671033580972288,190,190,180,160,160,160,160
22.93398356437683,-0.21872802428332955,6.336857846372872,0.2617993877991417,0.0,-1.671033580972288,190,190,180,160,160,160,160
22.94432234764099,-0.21783916674430584,6.328029860030824,0.2617993877991417,0.0,-1.6711358011031001,190,190,180,160,160,160,160
22.954505443572998,-0.21783916674430584,6.328029860030824,0.2617993877991417,0.0,-1.6711358011031001,190,190,180,160,160,160,160
22.96469497680664,-0.2169742920125176,6.319451769209948,0.2617993877991417,0.0,-1.671228117508782,190,190,180,160,160,160,160
22.981865644454956,-0.2169742920125176,6.319451769209948,0.2617993877991417,0.0,-1.671228117508782,190,190,180,160,160,160,160
22.992169618606567,-0.2161073892730716,6.310862077366114,0.2617993877991417,0.0,-1.6713045606505526,190,190,180,160,160,160,160
23.002357006072998,-0.2161073892730716,6.310862077366114,0.2617993877991417,0.0,-1.6713045606505526,190,190,180,160,160,160,160
23.0125412940979,-0.2161073892730716,6.310862077366114,0.2617993877991417,0.0,-1.6713045606505526,190,190,180,160,160,160,160
23.02272319793701,-0.2161073892730716,6.310862077366114,0.2617993877991417,0.0,-1.6713045606505526,190,190,180,160,160,160,160
23.036596536636353,-0.21521270786085783,6.302001082159407,0.2617993877991417,0.0,-1.671374329366818,190,190,180,160,160,160,160
23.046809911727905,-0.21521270786085783,6.302001082159407,0.2617993877991417,0.0,-1.671374329366818,190,190,180,160,160,160,160
23.057024478912354,-0.21521270786085783,6.302001082159407,0.2617993877991417,0.0,-1.671374329366818,190,190,180,160,160,160,160
23.067264080047607,-0.2143429544819615,6.293390218709751,0.2617993877991417,0.0,-1.671440080410084,190,190,180,160,160,160,160
23.081899881362915,-0.2143429544819615,6.293390218709751,0.2617993877991417,0.0,-1.671440080410084,190,190,180,160,160,160,160
23.092142820358276,-0.21347202879036722,6.284770313220692,0.2617993877991417,0.0,-1.6714958220961722,190,190,180,160,160,160,160
23.102341651916504,-0.21347202879036722,6.284770313220692,0.2617993877991417,0.0,-1.6714958220961722,190,180,180,160,160,160,160
23.112724542617798,-0.21347202879036722,6.284770313220692,0.2617993877991417,0.0,-1.6714958220961722,190,180,180,160,160,160,160
23.131171941757202,-0.21347202879036722,6.284770313220692,0.2617993877991417,0.0,-1.6714958220961722,190,180,180,160,160,160,160
23.141515970230103,-0.21257485848973698,6.275885650649309,0.2617993877991417,0.0,-1.6715079854956765,190,180,180,160,160,160,160
23.151720762252808,-0.21257485848973698,6.275885650649309,0.2617993877991417,0.0,-1.6715079854956765,190,190,170,160,160,160,160
23.16193175315857,-0.2117038958521468,6.267263144933384,0.2617993877991417,0.0,-1.6714352031886266,190,190,170,160,160,160,160
23.172154188156128,-0.2117038958521468,6.267263144933384,0.2617993877991417,0.0,-1.6714352031886266,190,190,170,160,160,160,160
23.18507719039917,-0.2117038958521468,6.267263144933384,0.2617993877991417,0.0,-1.6714352031886266,190,190,170,160,160,160,160
23.195305109024048,-0.21083446455434351,6.258655445665916,0.2617993877991417,0.0,-1.6712927429533941,190,190,170,160,160,160,160
23.2055242061615,-0.21083446455434351,6.258655445665916,0.2617993877991417,0.0,-1.6712927429533941,190,190,180,160,160,160,160
23.215797901153564,-0.21083446455434351,6.258655445665916,0.2617993877991417,0.0,-1.6712927429533941,190,190,180,160,160,160,160
23.230589628219604,-0.20994188647009132,6.249816529224168,0.2617993877991417,0.0,-1.671167412957945,190,190,180,160,160,160,160
23.240795135498047,-0.20994188647009132,6.249816529224168,0.2617993877991417,0.0,-1.671167412957945,190,190,180,160,160,160,160
23.251009941101074,-0.20994188647009132,6.249816529224168,0.2617993877991417,0.0,-1.671167412957945,190,190,180,160,160,160,160
23.261223077774048,-0.20907879722723333,6.241278785919868,0.2617993877991417,0.0,-1.6713576867491777,190,190,180,160,160,160,150
23.271403074264526,-0.20907879722723333,6.241278785919868,0.2617993877991417,0.0,-1.6713576867491777,190,190,180,160,160,160,150
23.285926580429077,-0.20907879722723333,6.241278785919868,0.2617993877991417,0.0,-1.6713576867491777,190,190,180,160,160,160,150
23.296199560165405,-0.20821142541244483,6.232714082677063,0.2617993877991417,0.0,-1.6714197966837854,190,190,180,160,160,160,150
23.30644178390503,-0.20821142541244483,6.232714082677063,0.2617993877991417,0.0,-1.6714197966837854,190,190,180,160,160,160,150
23.31666135787964,-0.20821142541244483,6.232714082677063,0.2617993877991417,0.0,-1.6714197966837854,190,190,180,160,160,160,150
23.33003854751587,-0.20821142541244483,6.232714082677063,0.2617993877991417,0.0,-1.6714197966837854,190,190,180,160,160,160,150
23.340249061584473,-0.20821142541244483,6.232714082677063,0.2617993877991417,0.0,-1.6714197966837854,190,190,180,160,160,160,150
23.35044002532959,-0.2073190118186849,6.2238853131598395,0.2617993877991417,0.08726646259971389,-1.6715211793854752,190,190,180,160,160,160,150
23.360698699951172,-0.20644589169771627,6.215319864571939,0.2617993877991417,0.10471975511965666,-1.6732353716149533,190,190,170,160,160,150,160
23.370938301086426,-0.20644589169771627,6.215319864571939,0.2617993877991417,0.10471975511965666,-1.6732353716149533,190,190,170,160,160,150,160
23.38448715209961,-0.20644589169771627,6.215319864571939,0.2617993877991417,0.13962634015954223,-1.6732353716149533,190,190,170,160,160,150,160
23.394695043563843,-0.2055510136920328,6.206758938420918,0.2617993877991417,0.17453292519942779,-1.6766749873146194,190,190,170,160,160,150,160
23.404916763305664,-0.2055510136920328,6.206758938420918,0.2617993877991417,0.20943951023931331,-1.6766749873146194,190,190,170,160,160,150,160
23.41515827178955,-0.2055510136920328,6.206758938420918,0.2617993877991417,0.20943951023931331,-1.6766749873146194,190,190,170,160,160,150,160
23.425469875335693,-0.2055510136920328,6.206758938420918,0.2617993877991417,0.2268928027592561,-1.6766749873146194,190,190,170,160,160,150,160
23.4356951713562,-0.20458963557760731,6.197949698588912,0.2617993877991417,0.2268928027592561,-1.6824817401837067,190,190,170,160,160,150,160
23.44592523574829,-0.20458963557760731,6.197949698588912,0.2617993877991417,0.2268928027592561,-1.6824817401837067,190,190,170,160,160,150,160
23.45612645149231,-0.20458963557760731,6.197949698588912,0.2617993877991417,0.24434609527919887,-1.6824817401837067,190,190,170,160,160,160,150
23.466336011886597,-0.20360043568560626,6.18941032263221,0.2617993877991417,0.24434609527919887,-1.689881429589442,190,190,170,160,160,160,150
23.481648921966553,-0.20360043568560626,6.18941032263221,0.2617993877991417,0.24434609527919887,-1.689881429589442,190,190,170,160,160,160,150
23.49187421798706,-0.20360043568560626,6.18941032263221,0.2617993877991417,0.24434609527919887,-1.689881429589442,190,190,170,160,160,160,150
23.502068042755127,-0.20254570781754724,6.180878084406919,0.2617993877991417,0.24434609527919887,-1.6979238514354233,190,190,170,160,160,160,150
23.51228404045105,-0.20254570781754724,6.180878084406919,0.2617993877991417,0.24434609527919887,-1.6979238514354233,190,190,180,160,160,150,150
23.529071807861328,-0.20138962269811814,6.172100456220085,0.2617993877991417,0.24434609527919887,-1.7061245284948636,190,190,180,160,160,150,150
23.53930640220642,-0.20138962269811814,6.172100456220085,0.2617993877991417,0.2617993877991417,-1.7061245284948636,190,190,180,160,160,150,150
23.549500226974487,-0.20138962269811814,6.172100456220085,0.2617993877991417,0.2617993877991417,-1.7061245284948636,190,190,190,160,160,160,160
23.559685468673706,-0.2001999621391708,6.163616015582521,0.2617993877991417,0.2617993877991417,-1.713827745487386,190,190,190,160,160,160,160
23.56990146636963,-0.2001999621391708,6.163616015582521,0.2617993877991417,0.2617993877991417,-1.713827745487386,190,190,190,160,160,160,160
23.58295178413391,-0.2001999621391708,6.163616015582521,0.2617993877991417,0.2617993877991417,-1.713827745487386,190,190,190,160,160,160,160
23.59314513206482,-0.1989451584686194,6.15514900685587,0.2617993877991417,0.2617993877991417,-1.7220505680758005,190,190,190,160,160,160,160
23.603353023529053,-0.1989451584686194,6.15514900685587,0.2617993877991417,0.2617993877991417,-1.7220505680758005,190,190,190,160,160,160,160
23.61354899406433,-0.1989451584686194,6.15514900685587,0.2617993877991417,0.2617993877991417,-1.7220505680758005,190,190,190,160,160,150,150
23.631653547286987,-0.1989451584686194,6.15514900685587,0.2617993877991417,0.2617993877991417,-1.7220505680758005,190,190,190,160,160,150,150
23.642079830169678,-0.19757844072367842,6.146426599374244,0.2617993877991417,0.2617993877991417,-1.730625767878144,190,190,190,160,160,150,150
23.652286767959595,-0.19757844072367842,6.146426599374244,0.2617993877991417,0.2617993877991417,-1.730625767878144,190,190,190,160,160,150,150
23.66285514831543,-0.19617734691661132,6.137965292137256,0.2617993877991417,0.2617993877991417,-1.7389837196954567,190,190,190,170,160,160,150
23.67315697669983,-0.19617734691661132,6.137965292137256,0.2617993877991417,0.2617993877991417,-1.7389837196954567,190,190,190,170,160,160,150
23.68372416496277,-0.19617734691661132,6.137965292137256,0.2617993877991417,0.2617993877991417,-1.7389837196954567,190,190,190,170,160,160,150
23.693933725357056,-0.19470996594215303,6.129550403582179,0.2617993877991417,0.2617993877991417,-1.7476734599017165,190,190,190,170,160,160,150
23.70412826538086,-0.19470996594215303,6.129550403582179,0.2617993877991417,0.2617993877991417,-1.7476734599017165,190,190,190,180,160,150,150
23.714311838150024,-0.19470996594215303,6.129550403582179,0.2617993877991417,0.2617993877991417,-1.7476734599017165,190,190,190,180,160,150,150
23.724529266357422,-0.19470996594215303,6.129550403582179,0.2617993877991417,0.2617993877991417,-1.7476734599017165,190,190,190,180,160,150,150
23.73604702949524,-0.19312200810864205,6.120895256933722,0.2617993877991417,0.2617993877991417,-1.7567216125900196,190,190,190,180,160,150,150
23.74625825881958,-0.19312200810864205,6.120895256933722,0.2617993877991417,0.2617993877991417,-1.7567216125900196,190,190,190,180,160,150,150
23.756453275680542,-0.19312200810864205,6.120895256933722,0.2617993877991417,0.2617993877991417,-1.7567216125900196,190,190,190,180,160,150,150
23.766680240631104,-0.1915055409006213,6.112500859970121,0.2617993877991417,0.2617993877991417,-1.765540317273541,190,190,190,180,160,150,150
23.78253960609436,-0.1915055409006213,6.112500859970121,0.2617993877991417,0.2617993877991417,-1.765540317273541,190,190,190,180,160,150,150
23.79275369644165,-0.18981284045350472,6.1041111177391105,0.2617993877991417,0.2617993877991417,-1.7743760525134975,190,190,190,180,160,150,150
23.802953720092773,-0.18981284045350472,6.1041111177391105,0.2617993877991417,0.2617993877991417,-1.7743760525134975,190,190,190,180,160,150,150
23.813143968582153,-0.18981284045350472,6.1041111177391105,0.2617993877991417,0.2617993877991417,-1.7743760525134975,190,190,190,180,160,150,150
23.82339358329773,-0.18981284045350472,6.1041111177391105,0.2617993877991417,0.2617993877991417,-1.7743760525134975,190,190,190,180,160,150,150
23.833641529083252,-0.18798949289942027,6.095472651360968,0.2617993877991417,0.2617993877991417,-1.7834613829284156,190,190,190,180,160,150,150
23.84384322166443,-0.18798949289942027,6.095472651360968,0.2617993877991417,0.2617993877991417,-1.7834613829284156,190,190,190,180,160,150,150
23.854045629501343,-0.18798949289942027,6.095472651360968,0.2617993877991417,0.2617993877991417,-1.7834613829284156,190,190,190,180,160,150,150
23.86424231529236,-0.18614541519861688,6.087101389436453,0.2617993877991417,0.2617993877991417,-1.7922229701442798,200,190,180,180,160,150,150
23.883254289627075,-0.18614541519861688,6.087101389436453,0.2617993877991417,0.2617993877991417,-1.7922229701442798,200,190,180,180,160,150,150
23.893470764160156,-0.1842256341186013,6.078745297733308,0.2617993877991417,0.2617993877991417,-1.8009271653173085,200,190,180,180,160,150,150
23.90366840362549,-0.1842256341186013,6.078745297733308,0.2617993877991417,0.2617993877991417,-1.8009271653173085,190,190,190,190,160,150,140
23.914339780807495,-0.1842256341186013,6.078745297733308,0.2617993877991417,0.2617993877991417,-1.8009271653173085,190,190,190,190,160,150,140
23.93017554283142,-0.1821793296135259,6.070181156833053,0.2617993877991417,0.2617993877991417,-1.8095894699443666,190,190,190,190,160,150,140
23.94037175178528,-0.1821793296135259,6.070181156833053,0.2617993877991417,0.2617993877991417,-1.8095894699443666,190,190,190,190,160,150,140
23.950499057769775,-0.1821793296135259,6.070181156833053,0.2617993877991417,0.2617993877991417,-1.8095894699443666,190,190,190,190,160,150,140
23.96067976951599,-0.18011921369791178,6.061874687300105,0.2617993877991417,0.2617993877991417,-1.818002425725629,190,210,190,190,170,150,140
23.97091245651245,-0.18011921369791178,6.061874687300105,0.2617993877991417,0.2617993877991417,-1.818002425725629,190,210,190,190,170,150,140
23.983144283294678,-0.18011921369791178,6.061874687300105,0.2617993877991417,0.2617993877991417,-1.818002425725629,190,210,190,190,170,150,140
23.99333119392395,-0.17798871775456396,6.053577289532816,0.2617993877991417,0.2617993877991417,-1.8264025494463776,190,210,190,190,170,150,140
24.003522872924805,-0.17798871775456396,6.053577289532816,0.2617993877991417,0.2617993877991417,-1.8264025494463776,190,190,190,190,180,150,140
24.014414310455322,-0.17798871775456396,6.053577289532816,0.2617993877991417,0.2617993877991417,-1.8264025494463776,190,190,190,190,180,150,140
24.03037405014038,-0.1757182670250464,6.045037393045266,0.2617993877991417,0.2617993877991417,-1.8350843166624364,190,190,190,190,180,150,140
24.040590524673462,-0.1757182670250464,6.045037393045266,0.2617993877991417,0.2617993877991417,-1.8350843166624364,190,190,190,190,180,150,140
24.05079746246338,-0.1757182670250464,6.045037393045266,0.2617993877991417,0.2617993877991417,-1.8350843166624364,180,190,190,190,180,160,140
24.060989379882812,-0.17344178957684253,6.036760378048361,0.2617993877991417,0.2617993877991417,-1.8435502689152443,180,190,190,190,180,160,140
24.08113145828247,-0.17344178957684253,6.036760378048361,0.2617993877991417,0.2617993877991417,-1.8435502689152443,180,190,190,190,180,160,140
24.091497659683228,-0.17344178957684253,6.036760378048361,0.2617993877991417,0.2617993877991417,-1.8435502689152443,180,190,190,190,180,160,140
24.101698875427246,-0.17109585983850292,6.028501909739368,0.2617993877991417,0.2617993877991417,-1.8521015074465095,180,190,200,190,180,150,140
24.11198616027832,-0.17109585983850292,6.028501909739368,0.2617993877991417,0.2617993877991417,-1.8521015074465095,180,190,200,190,180,150,140
24.130293130874634,-0.17109585983850292,6.028501909739368,0.2617993877991417,0.2617993877991417,-1.8521015074465095,180,190,200,190,180,150,140
24.140557765960693,-0.1686033432694323,6.02002223274655,0.2617993877991417,0.2617993877991417,-1.861055325960947,180,190,200,190,180,150,140
24.1507785320282,-0.1686033432694323,6.02002223274655,0.2617993877991417,0.2617993877991417,-1.861055325960947,190,190,190,190,180,160,140
24.161020278930664,-0.16612563267794533,6.011858226280971,0.2617993877991417,0.2617993877991417,-1.8701216187089262,190,190,190,190,180,160,140
24.17130398750305,-0.16612563267794533,6.011858226280971,0.2617993877991417,0.2617993877991417,-1.8701216187089262,190,190,190,190,180,160,140
24.184669494628906,-0.16612563267794533,6.011858226280971,0.2617993877991417,0.2617993877991417,-1.8701216187089262,190,190,190,190,180,160,140
24.194926261901855,-0.1635639852092998,6.003690335785721,0.2617993877991417,0.2617993877991417,-1.8790186511813363,190,190,190,190,180,160,140
24.205138683319092,-0.1635639852092998,6.003690335785721,0.2617993877991417,0.2617993877991417,-1.8790186511813363,190,200,190,190,180,160,140
24.215369701385498,-0.1635639852092998,6.003690335785721,0.2617993877991417,0.27925268031908446,-1.8790186511813363,190,200,190,190,180,160,140
24.2329740524292,-0.1608534719286292,5.9953019492001145,0.2617993877991417,0.27925268031908446,-1.888182515104553,190,200,190,190,180,160,140
24.243213176727295,-0.1608534719286292,5.9953019492001145,0.2617993877991417,0.27925268031908446,-1.888182515104553,190,200,190,190,180,160,140
24.253429889678955,-0.1608534719286292,5.9953019492001145,0.2617993877991417,0.27925268031908446,-1.888182515104553,190,200,190,190,180,160,140
24.263681888580322,-0.15815650348253016,5.987223299719767,0.2617993877991417,0.2967059728390272,-1.8972768283257044,190,190,190,190,190,170,140
24.282258987426758,-0.15815650348253016,5.987223299719767,0.2617993877991417,0.2967059728390272,-1.8972768283257044,190,190,190,190,190,170,140
24.292479276657104,-0.15538299417097362,5.979165164780113,0.2617993877991417,0.2967059728390272,-1.9069483691920588,190,190,190,190,190,170,140
24.30266785621643,-0.15538299417097362,5.979165164780113,0.2617993877991417,0.2967059728390272,-1.9069483691920588,190,180,200,200,190,170,140
24.31285786628723,-0.15538299417097362,5.979165164780113,0.2617993877991417,0.2967059728390272,-1.9069483691920588,190,180,200,200,190,170,140
24.32996129989624,-0.15244288426930508,5.97088252823533,0.2617993877991417,0.2967059728390272,-1.9169136831900613,190,180,200,200,190,170,140
24.34019660949707,-0.15244288426930508,5.97088252823533,0.2617993877991417,0.2967059728390272,-1.9169136831900613,190,180,200,200,190,170,140
24.350389003753662,-0.15244288426930508,5.97088252823533,0.2617993877991417,0.2967059728390272,-1.9169136831900613,190,180,190,200,190,180,140
24.360588550567627,-0.14950609140072593,5.962860465492616,0.2617993877991417,0.2967059728390272,-1.9265969204543267,190,180,190,200,190,180,140
24.370774507522583,-0.14950609140072593,5.962860465492616,0.2617993877991417,0.2967059728390272,-1.9265969204543267,190,180,190,200,190,180,140
24.382471084594727,-0.14950609140072593,5.962860465492616,0.2617993877991417,0.31415926535897,-1.9265969204543267,190,180,190,200,190,180,140
24.392650365829468,-0.14648737472799012,5.954855490283688,0.2617993877991417,0.31415926535897,-1.9362944271467806,190,180,190,200,190,180,140
24.402832508087158,-0.14648737472799012,5.954855490283688,0.2617993877991417,0.33161255787891275,-1.9362944271467806,190,180,190,200,190,180,140
24.413073301315308,-0.14648737472799012,5.954855490283688,0.2617993877991417,0.33161255787891275,-1.9362944271467806,190,180,190,200,190,180,140
24.42997407913208,-0.1432911751710432,5.946631932872897,0.2617993877991417,0.33161255787891275,-1.946873523921538,190,180,190,200,190,180,140
24.440181493759155,-0.1432911751710432,5.946631932872897,0.2617993877991417,0.33161255787891275,-1.946873523921538,190,180,190,200,190,180,140
24.450369596481323,-0.1432911751710432,5.946631932872897,0.2617993877991417,0.33161255787891275,-1.946873523921538,190,190,190,200,210,180,150
24.460562467575073,-0.14010144682455516,5.938677206096154,0.2617993877991417,0.33161255787891275,-1.957732483376463,190,190,190,200,210,180,150
24.470749616622925,-0.14010144682455516,5.938677206096154,0.2617993877991417,0.33161255787891275,-1.957732483376463,190,190,190,200,210,180,150
24.483464241027832,-0.14010144682455516,5.938677206096154,0.2617993877991417,0.33161255787891275,-1.957732483376463,190,190,190,200,210,180,150
24.49372363090515,-0.13682192497593382,5.93074816731702,0.2617993877991417,0.34906585039885557,-1.9686280775760652,190,190,190,200,210,180,150
24.503901958465576,-0.13682192497593382,5.93074816731702,0.2617993877991417,0.36651914291879834,-1.9686280775760652,190,190,190,190,190,190,160
24.514087438583374,-0.13682192497593382,5.93074816731702,0.2617993877991417,0.36651914291879834,-1.9686280775760652,190,190,190,190,190,190,160
24.524277687072754,-0.13682192497593382,5.93074816731702,0.2617993877991417,0.36651914291879834,-1.9686280775760652,190,190,190,190,190,190,160
24.53565812110901,-0.13335144649360214,5.922617046326037,0.2617993877991417,0.36651914291879834,-1.9804331934723967,190,190,190,190,190,190,160
24.545905828475952,-0.13335144649360214,5.922617046326037,0.2617993877991417,0.3839724354387411,-1.9804331934723967,190,190,190,190,190,190,160
24.55608820915222,-0.13335144649360214,5.922617046326037,0.2617993877991417,0.3839724354387411,-1.9804331934723967,190,190,190,200,210,190,180
24.56629514694214,-0.12989812150352942,5.914772173873467,0.2617993877991417,0.3839724354387411,-1.9925157299684193,190,190,190,200,210,190,180
24.582851886749268,-0.12989812150352942,5.914772173873467,0.2617993877991417,0.3839724354387411,-1.9925157299684193,190,190,190,200,210,190,180
24.593669414520264,-0.12636294595115485,5.906978697311478,0.2617993877991417,0.3839724354387411,-2.0047690335315003,190,190,190,200,210,190,180
24.603843927383423,-0.12636294595115485,5.906978697311478,0.2617993877991417,0.3839724354387411,-2.0047690335315003,190,190,180,200,200,190,180
24.61408567428589,-0.12636294595115485,5.906978697311478,0.2617993877991417,0.3839724354387411,-2.0047690335315003,190,190,180,200,200,190,180
24.63102698326111,-0.1226257619620518,5.899051507145414,0.2617993877991417,0.3839724354387411,-2.0176215152638357,190,190,180,200,200,190,180
24.64125418663025,-0.1226257619620518,5.899051507145414,0.2617993877991417,0.3839724354387411,-2.0176215152638357,190,190,180,200,200,190,180
24.65143084526062,-0.1226257619620518,5.899051507145414,0.2617993877991417,0.3839724354387411,-2.0176215152638357,190,190,180,200,200,190,180
24.661633014678955,-0.11891452698463843,5.891432550854686,0.2617993877991417,0.3839724354387411,-2.0303611733356144,190,200,190,200,200,190,190
24.680902004241943,-0.11891452698463843,5.891432550854686,0.2617993877991417,0.3839724354387411,-2.0303611733356144,190,200,190,200,200,190,190
24.691181421279907,-0.11891452698463843,5.891432550854686,0.2617993877991417,0.40142572795868386,-2.0303611733356144,190,200,190,200,200,190,190
24.701335191726685,-0.11509792525763182,5.883842113024314,0.2617993877991417,0.40142572795868386,-2.043056678330777,210,190,180,190,190,190,190
24.711754083633423,-0.11509792525763182,5.883842113024314,0.2617993877991417,0.40142572795868386,-2.043056678330777,210,190,180,190,190,190,190
24.722053050994873,-0.11509792525763182,5.883842113024314,0.2617993877991417,0.40142572795868386,-2.043056678330777,210,190,180,190,190,190,190
24.732237100601196,-0.11106219519697307,5.876071050924875,0.2617993877991417,0.40142572795868386,-2.056747548243087,210,190,180,190,190,190,190
24.7424213886261,-0.11106219519697307,5.876071050924875,0.2617993877991417,0.3839724354387411,-2.056747548243087,210,190,180,190,190,190,190
24.75259518623352,-0.11106219519697307,5.876071050924875,0.2617993877991417,0.3839724354387411,-2.056747548243087,210,190,190,190,190,200,190
24.762901782989502,-0.10703835794494987,5.868572776681867,0.2617993877991417,0.3839724354387411,-2.070081236338686,210,190,190,190,190,200,190
24.773109436035156,-0.10703835794494987,5.868572776681867,0.2617993877991417,0.36651914291879834,-2.070081236338686,210,190,190,190,190,200,190
24.783334493637085,-0.10703835794494987,5.868572776681867,0.2617993877991417,0.36651914291879834,-2.070081236338686,210,190,190,190,190,200,190
24.793598890304565,-0.10290823832210315,5.861112229341092,0.2617993877991417,0.34906585039885557,-2.082872620736945,210,190,190,190,190,200,190
24.80402445793152,-0.10290823832210315,5.861112229341092,0.2617993877991417,0.33161255787891275,-2.082872620736945,210,190,190,190,190,200,190
24.814290523529053,-0.10290823832210315,5.861112229341092,0.2617993877991417,0.33161255787891275,-2.082872620736945,190,190,190,180,190,200,190
24.833351612091064,-0.10290823832210315,5.861112229341092,0.2617993877991417,0.31415926535897,-2.082872620736945,190,190,190,180,190,200,190
24.843537092208862,-0.09854681410251148,5.853459681213826,0.2617993877991417,0.2967059728390272,-2.0949051339461864,190,190,190,180,190,200,190
24.85371160507202,-0.09854681410251148,5.853459681213826,0.2617993877991417,0.27925268031908446,-2.0949051339461864,190,190,190,180,190,200,190
24.863922357559204,-0.09422161087631392,5.8460653617171845,0.2617993877991417,0.27925268031908446,-2.1054076304790788,210,190,200,180,190,210,210
24.874157667160034,-0.09422161087631392,5.8460653617171845,0.2617993877991417,0.27925268031908446,-2.1054076304790788,210,190,200,180,190,210,210
24.88435983657837,-0.09422161087631392,5.8460653617171845,0.2617993877991417,0.2617993877991417,-2.1054076304790788,210,190,200,180,190,210,210
24.89657759666443,-0.08981540959181657,5.838697001323355,0.2617993877991417,0.2617993877991417,-2.1147543258977106,210,190,200,180,190,210,210
24.906894207000732,-0.08981540959181657,5.838697001323355,0.2617993877991417,0.2617993877991417,-2.1147543258977106,210,190,190,180,190,200,210
24.917216539382935,-0.08981540959181657,5.838697001323355,0.2617993877991417,0.2617993877991417,-2.1147543258977106,210,190,190,180,190,200,210
24.932897090911865,-0.08981540959181657,5.838697001323355,0.2617993877991417,0.2617993877991417,-2.1147543258977106,210,190,190,180,190,200,210
24.94310212135315,-0.08520776808556198,5.831159610896631,0.2617993877991417,0.24434609527919887,-2.123529595562198,210,190,190,180,190,200,210
24.953280448913574,-0.08520776808556198,5.831159610896631,0.2617993877991417,0.24434609527919887,-2.123529595562198,210,210,200,190,190,200,210
24.96346950531006,-0.08068099632431502,5.823886205418612,0.2617993877991417,0.24434609527919887,-2.131329816536279,210,210,200,190,190,200,210
24.9818012714386,-0.08068099632431502,5.823886205418612,0.2617993877991417,0.24434609527919887,-2.131329816536279,210,210,200,190,190,200,210
24.992027044296265,-0.08068099632431502,5.823886205418612,0.2617993877991417,0.2268928027592561,-2.131329816536279,210,210,200,190,190,200,210
25.002209901809692,-0.0760948293385323,5.816641015430431,0.2617993877991417,0.2268928027592561,-2.139110123025217,190,200,190,180,200,200,210
25.012434005737305,-0.0760948293385323,5.816641015430431,0.2617993877991417,0.2268928027592561,-2.139110123025217,190,200,190,180,200,200,210
25.022616386413574,-0.0760948293385323,5.816641015430431,0.2617993877991417,0.2268928027592561,-2.139110123025217,190,200,190,180,200,200,210
25.03282403945923,-0.07130756012151256,5.809204518353123,0.2617993877991417,0.2268928027592561,-2.1466024641335437,190,200,190,180,200,200,210
25.043009519577026,-0.07130756012151256,5.809204518353123,0.2617993877991417,0.2268928027592561,-2.1466024641335437,190,200,190,180,200,200,210
25.053186893463135,-0.07130756012151256,5.809204518353123,0.2617993877991417,0.2268928027592561,-2.1466024641335437,180,190,200,190,190,200,200
25.06338095664978,-0.06660839169677996,5.802019414759412,0.2617993877991417,0.2268928027592561,-2.1539284638463574,180,190,200,190,190,200,200
25.082454204559326,-0.06660839169677996,5.802019414759412,0.2617993877991417,0.2268928027592561,-2.1539284638463574,180,190,200,190,190,200,200
25.092723608016968,-0.06185805240427945,5.79488246117376,0.2617993877991417,0.2268928027592561,-2.1614345947365763,180,190,200,190,190,200,200
25.102917909622192,-0.06185805240427945,5.79488246117376,0.2617993877991417,0.2268928027592561,-2.1614345947365763,190,190,180,190,180,190,200
25.11309027671814,-0.06185805240427945,5.79488246117376,0.2617993877991417,0.2268928027592561,-2.1614345947365763,190,190,180,190,180,190,200
25.123268604278564,-0.06185805240427945,5.79488246117376,0.2617993877991417,0.2268928027592561,-2.1614345947365763,190,190,180,190,180,190,200
25.133451461791992,-0.05692821542254743,5.787593097226735,0.2617993877991417,0.2268928027592561,-2.1694651986679077,190,190,180,190,180,190,200
25.143624305725098,-0.05692821542254743,5.787593097226735,0.2617993877991417,0.2268928027592561,-2.1694651986679077,190,190,180,190,180,190,200
25.153791904449463,-0.05692821542254743,5.787593097226735,0.2617993877991417,0.20943951023931331,-2.1694651986679077,190,190,180,190,180,190,200
25.1639883518219,-0.052071286715236455,5.780533868679139,0.2617993877991417,0.20943951023931331,-2.1771591326231947,190,210,180,190,180,190,200
25.182711601257324,-0.052071286715236455,5.780533868679139,0.2617993877991417,0.20943951023931331,-2.1771591326231947,190,210,180,190,180,190,200
25.192904710769653,-0.047160037055231266,5.77350538185606,0.2617993877991417,0.20943951023931331,-2.1843339222841154,190,210,180,190,180,190,200
25.203080415725708,-0.047160037055231266,5.77350538185606,0.2617993877991417,0.20943951023931331,-2.1843339222841154,190,200,180,200,180,190,200
25.213253259658813,-0.047160037055231266,5.77350538185606,0.2617993877991417,0.20943951023931331,-2.1843339222841154,190,200,180,200,180,190,200
25.22342586517334,-0.047160037055231266,5.77350538185606,0.2617993877991417,0.19198621771937055,-2.1843339222841154,190,200,180,200,180,190,200
25.238105058670044,-0.04204781159408286,5.766298728460114,0.2617993877991417,0.19198621771937055,-2.1916224426209867,190,200,180,200,180,190,200
25.24828863143921,-0.04204781159408286,5.766298728460114,0.2617993877991417,0.17453292519942779,-2.1916224426209867,190,200,180,200,180,190,200
25.258524179458618,-0.04204781159408286,5.766298728460114,0.2617993877991417,0.17453292519942779,-2.1916224426209867,190,200,180,200,180,190,200
25.268772840499878,-0.037026841168291025,5.759331487904323,0.2617993877991417,0.17453292519942779,-2.198116764093998,190,200,180,200,180,190,190
25.284990787506104,-0.037026841168291025,5.759331487904323,0.2617993877991417,0.157079632679485,-2.198116764093998,190,200,180,200,180,190,190
25.295185565948486,-0.031977151287482866,5.7524100893150045,0.2617993877991417,0.157079632679485,-2.203751763351363,190,200,180,200,180,190,190
25.305338859558105,-0.031977151287482866,5.7524100893150045,0.2617993877991417,0.13962634015954223,-2.203751763351363,190,200,190,190,180,200,200
25.315560817718506,-0.031977151287482866,5.7524100893150045,0.2617993877991417,0.12217304763959944,-2.203751763351363,190,200,190,190,180,200,200
25.333158254623413,-0.031977151287482866,5.7524100893150045,0.2617993877991417,0.12217304763959944,-2.203751763351363,190,200,190,190,180,200,200
25.343491554260254,-0.026727260210782082,5.7452953473645865,0.2617993877991417,0.12217304763959944,-2.208941170613828,190,200,190,190,180,200,200
25.35373020172119,-0.026727260210782082,5.7452953473645865,0.2617993877991417,0.10471975511965666,-2.208941170613828,190,200,190,190,180,200,200
25.363986492156982,-0.021590301028557076,5.738398240392318,0.2617993877991417,0.10471975511965666,-2.21283137743081,190,190,210,210,180,200,200
25.374181747436523,-0.021590301028557076,5.738398240392318,0.2617993877991417,0.10471975511965666,-2.21283137743081,190,190,210,210,180,200,200
25.384374380111694,-0.021590301028557076,5.738398240392318,0.2617993877991417,0.08726646259971389,-2.21283137743081,190,190,210,210,180,200,200
25.39456009864807,-0.01641893602518605,5.731506105617972,0.2617993877991417,0.08726646259971389,-2.216132325504553,190,190,210,210,180,200,200
25.404762744903564,-0.01641893602518605,5.731506105617972,0.2617993877991417,0.08726646259971389,-2.216132325504553,190,190,210,200,180,190,190
25.414960384368896,-0.01641893602518605,5.731506105617972,0.2617993877991417,0.08726646259971389,-2.216132325504553,190,190,210,200,180,190,190
25.431363582611084,-0.01641893602518605,5.731506105617972,0.2617993877991417,0.08726646259971389,-2.216132325504553,190,190,210,200,180,190,190
25.44169282913208,-0.011060064409942928,5.724406036864115,0.2617993877991417,0.08726646259971389,-2.2189412906537638,190,190,210,200,180,190,190
25.45187211036682,-0.011060064409942928,5.724406036864115,0.2617993877991417,0.08726646259971389,-2.2189412906537638,190,190,210,200,180,190,190
25.46201252937317,-0.005834894795157437,5.71752126823963,0.2617993877991417,0.08726646259971389,-2.2216703415312096,190,180,210,210,180,190,210
25.472220182418823,-0.005834894795157437,5.71752126823963,0.2617993877991417,0.08726646259971389,-2.2216703415312096,190,180,210,210,180,190,210
25.48275327682495,-0.005834894795157437,5.71752126823963,0.2617993877991417,0.08726646259971389,-2.2216703415312096,190,180,210,210,180,190,210
25.49297833442688,-0.000586700057682233,5.710653282821891,0.2617993877991417,0.08726646259971389,-2.224484816843433,190,180,210,210,180,190,210
25.503198385238647,-0.000586700057682233,5.710653282821891,0.2617993877991417,0.08726646259971389,-2.224484816843433,190,180,200,200,180,180,210
25.51963710784912,-0.000586700057682233,5.710653282821891,0.2617993877991417,0.08726646259971389,-2.224484816843433,190,180,200,200,180,180,210
25.539372205734253,0.004829352488864448,5.703608430250761,0.2617993877991417,0.06981317007977111,-2.227585282266381,190,180,200,200,180,180,210
25.549684286117554,0.004829352488864448,5.703608430250761,0.2617993877991417,0.06981317007977111,-2.227585282266381,190,180,200,200,180,180,210
25.559824228286743,0.010078192259330043,5.696816706661908,0.2617993877991417,0.06981317007977111,-2.230402387467571,190,190,190,190,180,180,190
25.570050477981567,0.010078192259330043,5.696816706661908,0.2617993877991417,0.06981317007977111,-2.230402387467571,190,190,190,190,180,180,190
25.580292224884033,0.010078192259330043,5.696816706661908,0.2617993877991417,0.05235987755982833,-2.230402387467571,190,190,190,190,180,180,190
25.590496301651,0.010078192259330043,5.696816706661908,0.2617993877991417,0.05235987755982833,-2.230402387467571,190,190,190,190,180,180,190
25.600698709487915,0.01536873635439205,5.690011915480506,0.2617993877991417,0.0,-2.2329758624317035,210,210,190,190,190,180,190
25.610903024673462,0.01536873635439205,5.690011915480506,0.2617993877991417,0.0,-2.2329758624317035,210,210,190,190,190,180,190
25.621098279953003,0.01536873635439205,5.690011915480506,0.2617993877991417,0.0,-2.2329758624317035,210,210,190,190,190,180,190
25.63415837287903,0.020835246576936285,5.683028164530921,0.2617993877991417,0.0,-2.2348956079452327,210,210,190,190,190,180,190
25.644343376159668,0.020835246576936285,5.683028164530921,0.2617993877991417,0.0,-2.2348956079452327,210,210,190,190,190,180,190
25.654529571533203,0.020835246576936285,5.683028164530921,0.2617993877991417,0.0,-2.2348956079452327,210,210,190,190,190,180,190
25.664753437042236,0.026152525831929785,5.676241073185658,0.2617993877991417,0.0,-2.2351222073272026,210,190,190,180,180,180,190
25.68046998977661,0.026152525831929785,5.676241073185658,0.2617993877991417,0.0,-2.2351222073272026,210,190,190,180,180,180,190
25.69068670272827,0.026152525831929785,5.676241073185658,0.2617993877991417,0.0,-2.2351222073272026,210,190,190,180,180,180,190
25.700901746749878,0.03146398802460091,5.669459585805027,0.2617993877991417,0.0,-2.235021107549559,190,190,190,180,180,180,190
25.711105585098267,0.03146398802460091,5.669459585805027,0.2617993877991417,0.0,-2.235021107549559,190,190,190,180,180,180,190
25.72133445739746,0.03146398802460091,5.669459585805027,0.2617993877991417,0.0,-2.235021107549559,190,190,190,180,180,180,190
25.73260521888733,0.03146398802460091,5.669459585805027,0.2617993877991417,0.0,-2.235021107549559,190,190,190,180,180,180,190
25.742902517318726,0.03693994225197503,5.662465370885984,0.2617993877991417,0.0,-2.2348995242573646,190,190,190,180,180,180,190
25.753103017807007,0.03693994225197503,5.662465370885984,0.2617993877991417,0.0,-2.2348995242573646,190,190,190,180,180,180,190
25.763338804244995,0.04226128259701189,5.655667322945073,0.2617993877991417,0.0,-2.2347877991669103,190,190,190,190,180,190,190
25.77830672264099,0.04226128259701189,5.655667322945073,0.2617993877991417,0.0,-2.2347877991669103,190,190,190,190,180,190,190
25.78855872154236,0.04226128259701189,5.655667322945073,0.2617993877991417,0.0,-2.2347877991669103,190,190,190,190,180,190,190
25.798768043518066,0.047588629233355884,5.648860259408266,0.2617993877991417,0.0,-2.2346876136346667,190,190,190,190,180,190,190
25.80896520614624,0.047588629233355884,5.648860259408266,0.2617993877991417,0.0,-2.2346876136346667,190,190,190,190,180,190,190
25.819175004959106,0.047588629233355884,5.648860259408266,0.2617993877991417,0.0,-2.2346876136346667,190,190,190,190,180,190,190
25.833110570907593,0.047588629233355884,5.648860259408266,0.2617993877991417,0.0,-2.2346876136346667,190,190,190,190,180,190,190
25.843385457992554,0.05308243251982023,5.641838451414138,0.2617993877991417,0.0,-2.2345877740036153,190,190,190,190,180,190,190
25.85362219810486,0.05308243251982023,5.641838451414138,0.2617993877991417,0.0,-2.2345877740036153,190,190,190,190,180,190,190
25.86406397819519,0.058417719672059484,5.635017629833406,0.2617993877991417,0.0,-2.2345111350811733,190,190,190,190,180,190,190
25.879562377929688,0.058417719672059484,5.635017629833406,0.2617993877991417,0.0,-2.2345111350811733,190,190,190,190,180,190,190
25.889795780181885,0.058417719672059484,5.635017629833406,0.2617993877991417,0.0,-2.2345111350811733,190,190,190,190,180,190,190
25.89999032020569,0.06375085061557448,5.628197320771763,0.2617993877991417,0.0,-2.234512798737686,190,190,190,190,180,180,190
25.91022276878357,0.06375085061557448,5.628197320771763,0.2617993877991417,0.0,-2.234512798737686,190,190,190,190,180,180,190
25.929390907287598,0.06923598333193239,5.621189046918694,0.2617993877991417,0.0,-2.2347203200041763,190,190,190,190,180,180,190
25.939688444137573,0.06923598333193239,5.621189046918694,0.2617993877991417,0.0,-2.2347203200041763,190,190,190,190,180,180,190
25.94989252090454,0.06923598333193239,5.621189046918694,0.2617993877991417,0.0,-2.2347203200041763,190,190,190,190,180,180,190
25.96010160446167,0.07454577404941859,5.614405139178705,0.2617993877991417,0.0,-2.2350869470959065,190,190,190,190,180,180,190
25.970304489135742,0.07454577404941859,5.614405139178705,0.2617993877991417,0.0,-2.2350869470959065,190,190,190,190,180,180,190
25.983502626419067,0.07454577404941859,5.614405139178705,0.2617993877991417,0.0,-2.2350869470959065,190,190,190,190,180,180,190
25.9936945438385,0.07986834017784633,5.607610897211913,0.2617993877991417,0.0,-2.235303175508807,190,190,190,190,180,180,190
26.003902912139893,0.07986834017784633,5.607610897211913,0.2617993877991417,0.0,-2.235303175508807,190,210,200,180,180,180,190
26.01411724090576,0.07986834017784633,5.607610897211913,0.2617993877991417,0.0,-2.235303175508807,190,210,200,180,180,180,190
26.033727645874023,0.07986834017784633,5.607610897211913,0.2617993877991417,0.0,-2.235303175508807,190,210,200,180,180,180,190
26.04392719268799,0.08534791648954528,5.600624790792214,0.2617993877991417,0.0,-2.23536794072505,190,210,200,180,180,180,190
26.054102182388306,0.08534791648954528,5.600624790792214,0.2617993877991417,0.0,-2.23536794072505,190,190,200,180,190,190,190
26.06428074836731,0.09064597197076742,5.59386209011805,0.2617993877991417,0.0,-2.23515971303367,190,190,200,180,190,190,190
26.074461936950684,0.09064597197076742,5.59386209011805,0.2617993877991417,0.0,-2.23515971303367,190,190,200,180,190,190,190
26.08466935157776,0.09064597197076742,5.59386209011805,0.2617993877991417,0.0,-2.23515971303367,190,190,200,180,190,190,190
26.094865560531616,0.09596232687318337,5.587077158284904,0.2617993877991417,0.0,-2.2350864462338986,190,190,200,180,190,190,190
26.10503053665161,0.09596232687318337,5.587077158284904,0.2617993877991417,0.0,-2.2350864462338986,190,190,200,180,190,190,190
26.115629196166992,0.09596232687318337,5.587077158284904,0.2617993877991417,0.0,-2.2350864462338986,190,190,200,190,190,190,190
26.13447093963623,0.09596232687318337,5.587077158284904,0.2617993877991417,0.0,-2.2350864462338986,190,190,200,190,190,190,190
26.14465093612671,0.10143966015286725,5.580082718923042,0.2617993877991417,0.0,-2.2349631444692486,190,190,200,190,190,190,190
26.154821157455444,0.10143966015286725,5.580082718923042,0.2617993877991417,0.0,-2.2349631444692486,190,190,190,180,190,190,190
26.165778398513794,0.10676204764252148,5.573284296476457,0.2617993877991417,0.0,-2.2348502139947235,190,190,190,180,190,190,190
26.181598901748657,0.10676204764252148,5.573284296476457,0.2617993877991417,0.0,-2.2348502139947235,190,190,190,180,190,190,190
26.191783905029297,0.10676204764252148,5.573284296476457,0.2617993877991417,0.0,-2.2348502139947235,190,190,190,180,190,190,190
26.201964139938354,0.11209046469441807,5.5664767534283115,0.2617993877991417,0.0,-2.2347499826242054,190,190,200,180,190,190,190
26.212167739868164,0.11209046469441807,5.5664767534283115,0.2617993877991417,0.0,-2.2347499826242054,190,190,200,180,190,190,190
26.222360372543335,0.11209046469441807,5.5664767534283115,0.2617993877991417,0.0,-2.2347499826242054,190,190,200,180,190,190,190
26.23558235168457,0.11758531590069163,5.559454622934352,0.2617993877991417,0.0,-2.2346512374238476,190,190,200,180,190,190,190
26.24578022956848,0.11758531590069163,5.559454622934352,0.2617993877991417,0.0,-2.2346512374238476,190,190,200,180,190,190,190
26.255968809127808,0.11758531590069163,5.559454622934352,0.2617993877991417,0.0,-2.2346512374238476,190,190,200,180,190,190,190
26.266140699386597,0.12292122523632742,5.552634109938722,0.2617993877991417,0.0,-2.2345812048581153,190,190,200,180,190,190,190
26.276310920715332,0.12292122523632742,5.552634109938722,0.2617993877991417,0.0,-2.2345812048581153,190,190,200,180,190,190,190
26.286484241485596,0.12292122523632742,5.552634109938722,0.2617993877991417,0.0,-2.2345812048581153,190,190,200,180,190,190,190
26.29665780067444,0.12825428997144253,5.545814521355327,0.2617993877991417,0.0,-2.2345967556449704,190,190,200,180,190,190,190
26.306858777999878,0.12825428997144253,5.545814521355327,0.2617993877991417,0.0,-2.2345967556449704,190,190,200,180,190,190,190
26.317067861557007,0.12825428997144253,5.545814521355327,0.2617993877991417,0.0,-2.2345967556449704,190,190,200,180,190,190,190
26.336305856704712,0.13373677144495008,5.538811443809933,0.2617993877991417,0.0,-2.2348469673454154,190,190,200,180,190,190,190
26.346569299697876,0.13373677144495008,5.538811443809933,0.2617993877991417,0.0,-2.2348469673454154,190,190,200,180,190,190,190
26.356765747070312,0.13373677144495008,5.538811443809933,0.2617993877991417,0.0,-2.2348469673454154,190,190,200,180,190,190,190
26.367249011993408,0.13905084271076243,5.532024661739904,0.2617993877991417,0.0,-2.235181280525681,190,190,200,180,190,190,190
26.382961750030518,0.13905084271076243,5.532024661739904,0.2617993877991417,0.0,-2.235181280525681,190,190,200,180,190,190,190
26.393186569213867,0.14437235688934233,5.52523238592012,0.2617993877991417,0.0,-2.235399041774405,190,190,200,180,190,190,190
26.403417110443115,0.14437235688934233,5.52523238592012,0.2617993877991417,0.0,-2.235399041774405,190,190,200,180,190,190,190
26.413949012756348,0.14437235688934233,5.52523238592012,0.2617993877991417,0.0,-2.235399041774405,210,190,190,180,190,190,190
26.431174278259277,0.1498502106973741,5.518249496575329,0.2617993877991417,0.0,-2.2354218234797303,210,190,190,180,190,190,190
26.441417694091797,0.1498502106973741,5.518249496575329,0.2617993877991417,0.0,-2.2354218234797303,210,190,190,180,190,190,190
26.45159888267517,0.1498502106973741,5.518249496575329,0.2617993877991417,0.0,-2.2354218234797303,190,190,200,180,190,190,190
26.461817979812622,0.15515102265291825,5.5114844777300895,0.2617993877991417,0.0,-2.235233399048579,190,190,200,180,190,190,190
26.47916531562805,0.15515102265291825,5.5114844777300895,0.2617993877991417,0.0,-2.235233399048579,190,190,200,180,190,190,190
26.48933434486389,0.15515102265291825,5.5114844777300895,0.2617993877991417,0.0,-2.235233399048579,190,190,200,180,190,190,190
26.499534130096436,0.1604672568745652,5.5047003371178,0.2617993877991417,0.0,-2.2351468349100134,190,190,200,180,190,190,190
26.509751319885254,0.1604672568745652,5.5047003371178,0.2617993877991417,0.0,-2.2351468349100134,190,190,200,180,190,190,190
26.519932746887207,0.1604672568745652,5.5047003371178,0.2617993877991417,0.0,-2.2351468349100134,190,190,200,180,190,190,190
26.531521558761597,0.1604672568745652,5.5047003371178,0.2617993877991417,0.0,-2.2351468349100134,190,190,200,180,190,190,190
26.541836738586426,0.1659457922717475,5.497705247081084,0.2617993877991417,0.0,-2.23502292626295,190,190,200,180,190,190,190
26.552043437957764,0.1659457922717475,5.497705247081084,0.2617993877991417,0.0,-2.23502292626295,190,190,200,180,190,190,190
26.56294322013855,0.17126942784429988,5.490906116917836,0.2617993877991417,0.0,-2.2349115901964676,190,190,200,180,190,190,190
26.57880973815918,0.17126942784429988,5.490906116917836,0.2617993877991417,0.0,-2.2349115901964676,190,190,200,180,190,190,190
26.589189052581787,0.17126942784429988,5.490906116917836,0.2617993877991417,0.0,-2.2349115901964676,190,190,200,180,190,190,190
26.599541664123535,0.1765990060185785,5.484097961899355,0.2617993877991417,0.0,-2.2348124903273594,190,190,200,180,190,190,190
26.609840154647827,0.1765990060185785,5.484097961899355,0.2617993877991417,0.0,-2.2348124903273594,190,190,200,180,180,190,190
26.620105504989624,0.1765990060185785,5.484097961899355,0.2617993877991417,0.0,-2.2348124903273594,190,190,200,180,180,190,190
26.636319875717163,0.1765990060185785,5.484097961899355,0.2617993877991417,0.0,-2.2348124903273594,190,190,200,180,180,190,190
26.646545886993408,0.18209488525998588,5.477075323764499,0.2617993877991417,0.0,-2.234714436497101,190,190,200,180,180,190,190
26.656755685806274,0.18209488525998588,5.477075323764499,0.2617993877991417,0.0,-2.234714436497101,190,190,200,180,180,190,190
26.666966438293457,0.18743132591762818,5.470255090720709,0.2617993877991417,0.0,-2.234651471647903,210,190,200,180,190,190,190
26.684566497802734,0.18743132591762818,5.470255090720709,0.2617993877991417,0.0,-2.234651471647903,210,190,200,180,190,190,190
26.694806814193726,0.19276427730580026,5.463436488905742,0.2617993877991417,0.0,-2.2346822086198874,210,190,200,180,190,190,190
26.70502543449402,0.19276427730580026,5.463436488905742,0.2617993877991417,0.0,-2.2346822086198874,210,190,200,180,190,190,190
26.715218782424927,0.19276427730580026,5.463436488905742,0.2617993877991417,0.0,-2.2346822086198874,210,190,190,180,180,180,190
26.733574151992798,0.19276427730580026,5.463436488905742,0.2617993877991417,0.0,-2.2346822086198874,210,190,190,180,180,180,190
26.743820667266846,0.19824376951722783,5.456438804254461,0.2617993877991417,0.0,-2.2349768569479544,210,190,190,180,180,180,190
26.75401473045349,0.19824376951722783,5.456438804254461,0.2617993877991417,0.0,-2.2349768569479544,210,190,190,180,180,190,190
26.764225721359253,0.20356236630293625,5.449648964329441,0.2617993877991417,0.0,-2.2352763543666034,210,190,190,180,180,190,190
26.77447748184204,0.20356236630293625,5.449648964329441,0.2617993877991417,0.0,-2.2352763543666034,210,190,190,180,180,190,190
26.78469443321228,0.20356236630293625,5.449648964329441,0.2617993877991417,0.0,-2.2352763543666034,210,190,190,180,180,190,190
26.79488253593445,0.2088830267867738,5.442858596038516,0.2617993877991417,0.0,-2.235491567161953,210,190,190,180,180,190,190
26.80508279800415,0.2088830267867738,5.442858596038516,0.2617993877991417,0.0,-2.235491567161953,210,210,190,180,190,190,190
26.815271615982056,0.2088830267867738,5.442858596038516,0.2617993877991417,0.0,-2.235491567161953,210,210,190,180,190,190,190
26.831418752670288,0.2088830267867738,5.442858596038516,0.2617993877991417,0.0,-2.235491567161953,210,210,190,180,190,190,190
26.842395782470703,0.2143582054280885,5.4358795988335995,0.2617993877991417,0.0,-2.2354659637130467,210,210,190,180,190,190,190
26.85259246826172,0.2143582054280885,5.4358795988335995,0.2617993877991417,0.0,-2.2354659637130467,210,190,190,180,190,190,190
26.86280107498169,0.21966291307051017,5.429110983366632,0.2617993877991417,0.0,-2.2353083492898165,210,190,190,180,190,190,190
26.880756378173828,0.21966291307051017,5.429110983366632,0.2617993877991417,0.0,-2.2353083492898165,210,190,190,180,190,190,190
26.89100170135498,0.21966291307051017,5.429110983366632,0.2617993877991417,0.0,-2.2353083492898165,210,190,190,180,190,190,190
26.901213884353638,0.2249789012188886,5.422327753240094,0.2617993877991417,0.0,-2.2352083555090303,210,190,190,180,190,190,190
26.911584615707397,0.2249789012188886,5.422327753240094,0.2617993877991417,0.0,-2.2352083555090303,210,190,190,180,190,190,190
26.93194270133972,0.2249789012188886,5.422327753240094,0.2617993877991417,0.0,-2.2352083555090303,210,190,190,180,190,190,190
26.942293882369995,0.23045859436777466,5.415331988942952,0.2617993877991417,0.0,-2.235084371001714,210,190,190,180,190,190,190
26.952542781829834,0.23045859436777466,5.415331988942952,0.2617993877991417,0.0,-2.235084371001714,210,190,190,180,190,190,200
26.962790966033936,0.23578344839704565,5.408532187067919,0.2617993877991417,0.0,-2.234974649488954,210,190,190,180,190,190,200
26.979679822921753,0.23578344839704565,5.408532187067919,0.2617993877991417,0.0,-2.234974649488954,210,190,190,180,190,190,200
26.98992347717285,0.23578344839704565,5.408532187067919,0.2617993877991417,0.0,-2.234974649488954,210,190,190,180,190,190,200
27.00017738342285,0.2411141395101201,5.401723501519724,0.2617993877991417,0.0,-2.234876556348974,210,190,190,180,190,190,200
27.010400772094727,0.2411141395101201,5.401723501519724,0.2617993877991417,0.0,-2.234876556348974,210,190,190,180,190,190,190
27.02061152458191,0.2411141395101201,5.401723501519724,0.2617993877991417,0.0,-2.234876556348974,210,190,190,180,190,190,190
27.034565448760986,0.24661100005843253,5.394700438876068,0.2617993877991417,0.0,-2.234779292563038,210,190,190,180,190,190,190
27.044795274734497,0.24661100005843253,5.394700438876068,0.2617993877991417,0.0,-2.234779292563038,210,190,190,180,190,190,190
27.054991960525513,0.24661100005843253,5.394700438876068,0.2617993877991417,0.0,-2.234779292563038,210,210,190,190,190,190,190
27.06521773338318,0.2519478694794728,5.3878806075242665,0.2617993877991417,0.0,-2.2347241097058914,210,210,190,190,190,190,190
27.075509548187256,0.2519478694794728,5.3878806075242665,0.2617993877991417,0.0,-2.2347241097058914,210,210,190,190,190,190,190
27.086638927459717,0.2519478694794728,5.3878806075242665,0.2617993877991417,0.0,-2.2347241097058914,210,210,190,190,190,190,190
27.096896648406982,0.2572808026870631,5.381063473610919,0.2617993877991417,0.0,-2.234771820512601,210,210,190,190,190,190,190
27.10712718963623,0.2572808026870631,5.381063473610919,0.2617993877991417,0.0,-2.234771820512601,210,210,190,190,190,190,190
27.117356300354004,0.2572808026870631,5.381063473610919,0.2617993877991417,0.0,-2.234771820512601,210,210,190,180,180,180,190
27.132951021194458,0.2572808026870631,5.381063473610919,0.2617993877991417,0.0,-2.234771820512601,210,210,190,180,180,180,190
27.143301963806152,0.26275712038488314,5.374070946832982,0.2617993877991417,0.0,-2.2351087468845905,210,210,190,180,180,180,190
27.153518199920654,0.26275712038488314,5.374070946832982,0.2617993877991417,0.0,-2.2351087468845905,210,210,190,180,180,180,190
27.164402961730957,0.2680793104112375,5.367279084141722,0.2617993877991417,0.0,-2.235382359999467,210,210,190,190,190,180,190
27.18170666694641,0.2680793104112375,5.367279084141722,0.2617993877991417,0.0,-2.235382359999467,210,210,190,190,190,180,190
27.191941261291504,0.2680793104112375,5.367279084141722,0.2617993877991417,0.0,-2.235382359999467,210,210,190,190,190,180,190
27.202188730239868,0.27339983962106756,5.360490328675321,0.2617993877991417,0.0,-2.2355870815772345,210,210,190,190,190,180,190
27.212432622909546,0.27339983962106756,5.360490328675321,0.2617993877991417,0.0,-2.2355870815772345,210,210,190,190,190,180,190
27.23068857192993,0.27887188193239787,5.3535154847039275,0.2617993877991417,0.0,-2.235510863182155,210,210,190,190,190,180,190
27.240960359573364,0.27887188193239787,5.3535154847039275,0.2617993877991417,0.0,-2.235510863182155,210,210,190,190,190,180,190
27.251169204711914,0.27887188193239787,5.3535154847039275,0.2617993877991417,0.0,-2.235510863182155,210,190,190,190,190,180,190
27.26134490966797,0.2841802437517383,5.346743815873726,0.2617993877991417,0.0,-2.2353781101356227,210,190,190,190,190,180,190
27.281128644943237,0.2841802437517383,5.346743815873726,0.2617993877991417,0.0,-2.2353781101356227,210,190,190,190,190,180,190
27.291322946548462,0.2841802437517383,5.346743815873726,0.2617993877991417,0.0,-2.2353781101356227,210,190,190,190,190,180,190
27.301528453826904,0.2894961530726615,5.339961004472299,0.2617993877991417,0.0,-2.235268519939411,210,190,190,190,190,180,190
27.311960458755493,0.2894961530726615,5.339961004472299,0.2617993877991417,0.0,-2.235268519939411,210,190,190,190,190,180,190
27.322218656539917,0.2894961530726615,5.339961004472299,0.2617993877991417,0.0,-2.235268519939411,210,190,190,190,190,180,190
27.332409858703613,0.29497702749251586,5.332964423662071,0.2617993877991417,0.0,-2.2351449846081994,210,190,190,190,190,180,190
27.3426034450531,0.29497702749251586,5.332964423662071,0.2617993877991417,0.0,-2.2351449846081994,210,190,190,190,190,180,190
27.352775812149048,0.29497702749251586,5.332964423662071,0.2617993877991417,0.0,-2.2351449846081994,210,190,190,190,190,180,190
27.362976551055908,0.3003031413668848,5.326163872454613,0.2617993877991417,0.0,-2.235037051224581,210,190,190,190,190,190,190
27.373174905776978,0.3003031413668848,5.326163872454613,0.2617993877991417,0.0,-2.235037051224581,210,190,190,190,190,190,190
27.386746168136597,0.3003031413668848,5.326163872454613,0.2617993877991417,0.0,-2.235037051224581,210,190,190,190,190,190,190
27.396985054016113,0.30563495228415105,5.319354634130949,0.2617993877991417,0.0,-2.2349399094686624,210,190,190,190,190,190,190
27.407159566879272,0.30563495228415105,5.319354634130949,0.2617993877991417,0.0,-2.2349399094686624,210,190,190,190,190,190,190
27.41738271713257,0.30563495228415105,5.319354634130949,0.2617993877991417,0.0,-2.2349399094686624,210,190,190,190,190,180,190
27.43381118774414,0.31113277762580843,5.312331143763107,0.2617993877991417,0.0,-2.2348438450004355,210,190,190,190,190,180,190
27.444019556045532,0.31113277762580843,5.312331143763107,0.2617993877991417,0.0,-2.2348438450004355,210,190,190,190,190,180,190
27.45423936843872,0.31113277762580843,5.312331143763107,0.2617993877991417,0.0,-2.2348438450004355,210,190,190,190,190,180,190
27.464460611343384,0.31646998416173067,5.305511726204646,0.2617993877991417,0.0,-2.234797407844774,210,190,190,190,190,190,190
27.48331356048584,0.31646998416173067,5.305511726204646,0.2617993877991417,0.0,-2.234797407844774,210,190,190,190,190,190,190
27.493515968322754,0.31646998416173067,5.305511726204646,0.2617993877991417,0.0,-2.234797407844774,210,190,190,190,190,190,190
27.503704071044922,0.3218030121053116,5.298696602104338,0.2617993877991417,0.0,-2.234864523771011,210,190,190,190,190,190,190
27.51391625404358,0.3218030121053116,5.298696602104338,0.2617993877991417,0.0,-2.234864523771011,210,190,190,190,190,190,190
27.530683994293213,0.3218030121053116,5.298696602104338,0.2617993877991417,0.0,-2.234864523771011,210,190,190,190,190,190,190
27.54100251197815,0.3272764079275852,5.2917083257285675,0.2617993877991417,0.0,-2.2352367450386748,210,190,190,190,190,190,190
27.55124020576477,0.3272764079275852,5.2917083257285675,0.2617993877991417,0.0,-2.2352367450386748,210,190,190,190,190,190,190
27.56146264076233,0.33260189969431875,5.284914398699457,0.2617993877991417,0.0,-2.235484114782164,210,190,190,190,190,190,190
27.571657180786133,0.33260189969431875,5.284914398699457,0.2617993877991417,0.0,-2.235484114782164,210,190,190,190,190,190,190
27.582186460494995,0.33260189969431875,5.284914398699457,0.2617993877991417,0.0,-2.235484114782164,210,190,190,190,190,190,190
27.592418432235718,0.33260189969431875,5.284914398699457,0.2617993877991417,0.0,-2.235484114782164,210,190,190,190,190,190,190
27.602638483047485,0.3379228994661934,5.278127177860964,0.2617993877991417,0.0,-2.235672902369405,210,210,200,190,190,180,190
27.61285638809204,0.3379228994661934,5.278127177860964,0.2617993877991417,0.0,-2.235672902369405,210,210,200,190,190,180,190
27.627729177474976,0.3379228994661934,5.278127177860964,0.2617993877991417,0.0,-2.235672902369405,210,210,200,190,190,180,190
27.638071537017822,0.3433916174711813,5.271156357947268,0.2617993877991417,0.0,-2.235548439806321,210,210,200,190,190,180,190
27.648271083831787,0.3433916174711813,5.271156357947268,0.2617993877991417,0.0,-2.235548439806321,210,210,200,190,190,180,190
27.658522129058838,0.3487044293029651,5.264380643606457,0.2617993877991417,0.0,-2.235448838276655,210,210,200,190,190,180,190
27.66875672340393,0.3487044293029651,5.264380643606457,0.2617993877991417,0.0,-2.235448838276655,210,210,200,190,190,180,190
27.68271040916443,0.3487044293029651,5.264380643606457,0.2617993877991417,0.0,-2.235448838276655,210,210,200,190,190,180,190
27.692946672439575,0.35402042830494107,5.257597918725573,0.2617993877991417,0.0,-2.2353327570269346,210,210,200,190,190,180,190
27.703141450881958,0.35402042830494107,5.257597918725573,0.2617993877991417,0.0,-2.2353327570269346,210,210,200,190,190,180,190
27.713355541229248,0.35402042830494107,5.257597918725573,0.2617993877991417,0.0,-2.2353327570269346,210,210,200,190,190,180,190
27.723628044128418,0.35402042830494107,5.257597918725573,0.2617993877991417,0.0,-2.2353327570269346,210,210,200,190,190,180,190
27.73530602455139,0.3595025316257143,5.250600562627835,0.2617993877991417,0.0,-2.235210189489276,210,210,200,190,190,180,190
27.74559211730957,0.3595025316257143,5.250600562627835,0.2617993877991417,0.0,-2.235210189489276,210,210,200,190,190,180,190
27.755879163742065,0.3595025316257143,5.250600562627835,0.2617993877991417,0.0,-2.235210189489276,210,210,200,190,190,180,190
27.76666760444641,0.3648299014637142,5.243799329989116,0.2617993877991417,0.0,-2.23510406605205,210,210,200,190,190,180,190
27.783656120300293,0.3648299014637142,5.243799329989116,0.2617993877991417,0.0,-2.23510406605205,210,210,200,190,190,180,190
27.7940194606781,0.37016279294479065,5.236989606025263,0.2617993877991417,0.0,-2.2350072428652537,210,210,200,190,190,180,190
27.804216623306274,0.37016279294479065,5.236989606025263,0.2617993877991417,0.0,-2.2350072428652537,210,210,200,190,190,180,190
27.815025091171265,0.37016279294479065,5.236989606025263,0.2617993877991417,0.0,-2.2350072428652537,210,210,200,190,190,180,190
27.831245183944702,0.37016279294479065,5.236989606025263,0.2617993877991417,-0.05235987755982833,-2.2350072428652537,210,210,200,190,190,180,190
27.84339952468872,0.37566154013646175,5.229965856143602,0.2617993877991417,-0.05235987755982833,-2.234913338076505,210,210,200,190,190,180,190
27.85362696647644,0.37566154013646175,5.229965856143602,0.2617993877991417,-0.05235987755982833,-2.234913338076505,210,210,200,190,190,180,190
27.863895416259766,0.3809989862441458,5.223146934223063,0.2617993877991417,-0.06981317007977111,-2.2348761971579516,210,190,190,190,190,180,190
27.87431025505066,0.3809989862441458,5.223146934223063,0.2617993877991417,-0.06981317007977111,-2.2348761971579516,210,190,190,190,190,180,190
27.893521308898926,0.38631190845676533,5.2163541561126525,0.2617993877991417,-0.10471975511965666,-2.2336602341651317,210,190,190,190,190,180,190
27.903783559799194,0.38631190845676533,5.2163541561126525,0.2617993877991417,-0.10471975511965666,-2.2336602341651317,210,210,200,190,190,180,190
27.914039850234985,0.38631190845676533,5.2163541561126525,0.2617993877991417,-0.12217304763959944,-2.2336602341651317,210,210,200,190,190,180,190
27.931328773498535,0.38631190845676533,5.2163541561126525,0.2617993877991417,-0.12217304763959944,-2.2336602341651317,210,210,200,190,190,180,190
27.941686391830444,0.391720145428399,5.209417293301854,0.2617993877991417,-0.13962634015954223,-2.231382869758021,210,210,200,190,190,180,190
27.951924562454224,0.391720145428399,5.209417293301854,0.2617993877991417,-0.13962634015954223,-2.231382869758021,210,210,200,190,190,180,190
27.962137460708618,0.3969734468559107,5.202636875572253,0.2617993877991417,-0.157079632679485,-2.227668599377145,210,210,200,190,190,180,190
27.98351263999939,0.3969734468559107,5.202636875572253,0.2617993877991417,-0.17453292519942779,-2.227668599377145,210,210,200,190,190,180,190
27.9937744140625,0.4022516125944702,5.195763039010409,0.2617993877991417,-0.17453292519942779,-2.222707973303764,210,210,200,190,190,180,190
28.003963708877563,0.4022516125944702,5.195763039010409,0.2617993877991417,-0.17453292519942779,-2.222707973303764,210,210,200,190,190,180,190
28.01423215866089,0.4022516125944702,5.195763039010409,0.2617993877991417,-0.17453292519942779,-2.222707973303764,210,210,200,190,180,180,190
28.032432317733765,0.40765780394527396,5.188643794617917,0.2617993877991417,-0.19198621771937055,-2.2169429418220146,210,210,200,190,180,180,190
28.04267454147339,0.40765780394527396,5.188643794617917,0.2617993877991417,-0.19198621771937055,-2.2169429418220146,210,210,200,190,180,180,190
28.052884578704834,0.40765780394527396,5.188643794617917,0.2617993877991417,-0.19198621771937055,-2.2169429418220146,210,210,200,190,180,180,190
28.063112020492554,0.4128486441452676,5.1817184590476355,0.2617993877991417,-0.19198621771937055,-2.2104914124673356,210,210,190,190,180,180,190
28.07335114479065,0.4128486441452676,5.1817184590476355,0.2617993877991417,-0.19198621771937055,-2.2104914124673356,210,210,190,190,180,180,190
28.085185527801514,0.4128486441452676,5.1817184590476355,0.2617993877991417,-0.19198621771937055,-2.2104914124673356,210,210,190,190,180,180,190
28.095398664474487,0.4180035036467058,5.174744969876018,0.2617993877991417,-0.19198621771937055,-2.2040465797371063,210,210,190,190,180,180,190
28.105592250823975,0.4180035036467058,5.174744969876018,0.2617993877991417,-0.19198621771937055,-2.2040465797371063,210,210,200,190,180,180,190
28.11580491065979,0.4180035036467058,5.174744969876018,0.2617993877991417,-0.19198621771937055,-2.2040465797371063,210,210,200,190,180,180,190
28.131176710128784,0.4232747290216476,5.167516514329504,0.2617993877991417,-0.19198621771937055,-2.1973845366213163,210,210,200,190,180,180,190
28.141398668289185,0.4232747290216476,5.167516514329504,0.2617993877991417,-0.19198621771937055,-2.1973845366213163,210,210,200,190,180,180,190
28.151596546173096,0.4232747290216476,5.167516514329504,0.2617993877991417,-0.19198621771937055,-2.1973845366213163,210,190,200,190,180,180,190
28.161824941635132,0.42835148126444683,5.160457600836194,0.2617993877991417,-0.19198621771937055,-2.1909011117157786,210,190,200,190,180,180,190
28.171995162963867,0.42835148126444683,5.160457600836194,0.2617993877991417,-0.19198621771937055,-2.1909011117157786,210,190,200,190,180,180,190
28.183279275894165,0.42835148126444683,5.160457600836194,0.2617993877991417,-0.19198621771937055,-2.1909011117157786,210,190,200,190,180,180,190
28.193501710891724,0.4333872361300032,5.153358533170255,0.2617993877991417,-0.19198621771937055,-2.1844217283238643,210,190,200,190,180,180,190
28.203691959381104,0.4333872361300032,5.153358533170255,0.2617993877991417,-0.19198621771937055,-2.1844217283238643,210,190,190,180,180,180,190
28.213926315307617,0.4333872361300032,5.153358533170255,0.2617993877991417,-0.19198621771937055,-2.1844217283238643,210,190,190,180,180,180,190
28.22424602508545,0.4333872361300032,5.153358533170255,0.2617993877991417,-0.19198621771937055,-2.1844217283238643,210,190,190,180,180,180,190
28.23443341255188,0.438527916451082,5.1460091921224045,0.2617993877991417,-0.19198621771937055,-2.1778032513577785,210,190,190,180,180,180,190
28.244631052017212,0.438527916451082,5.1460091921224045,0.2617993877991417,-0.19198621771937055,-2.1778032513577785,210,190,190,180,180,180,190
28.25490951538086,0.438527916451082,5.1460091921224045,0.2617993877991417,-0.19198621771937055,-2.1778032513577785,210,190,190,190,180,180,190
28.265127658843994,0.4434659608531315,5.138858026814841,0.2617993877991417,-0.19198621771937055,-2.1715437406657645,210,190,190,190,180,180,190
28.279799699783325,0.4434659608531315,5.138858026814841,0.2617993877991417,-0.19198621771937055,-2.1715437406657645,210,190,190,190,180,180,190
28.290059089660645,0.4434659608531315,5.138858026814841,0.2617993877991417,-0.19198621771937055,-2.1715437406657645,210,190,190,190,180,180,190
28.300285816192627,0.44833678665653387,5.131705750353533,0.2617993877991417,-0.19198621771937055,-2.1655654462900222,210,190,190,190,180,180,190
28.310485363006592,0.44833678665653387,5.131705750353533,0.2617993877991417,-0.19198621771937055,-2.1655654462900222,220,190,190,190,180,190,200
28.32991600036621,0.44833678665653387,5.131705750353533,0.2617993877991417,-0.19198621771937055,-2.1655654462900222,220,190,190,190,180,190,200
28.340152263641357,0.4533204772810658,5.124288540682219,0.2617993877991417,-0.19198621771937055,-2.1593467067994387,220,190,190,190,180,190,200
28.35036587715149,0.4533204772810658,5.124288540682219,0.2617993877991417,-0.19198621771937055,-2.1593467067994387,220,190,190,190,180,190,200
28.36072826385498,0.45812310838743164,5.117048331628856,0.2617993877991417,-0.19198621771937055,-2.1532737917053835,210,190,190,180,180,190,190
28.379249334335327,0.45812310838743164,5.117048331628856,0.2617993877991417,-0.19198621771937055,-2.1532737917053835,210,190,190,180,180,190,190
28.389468908309937,0.45812310838743164,5.117048331628856,0.2617993877991417,-0.19198621771937055,-2.1532737917053835,210,190,190,180,180,190,190
28.399688720703125,0.46288506586173384,5.109772965448303,0.2617993877991417,-0.19198621771937055,-2.14716144659696,210,190,180,180,180,190,200
28.409878253936768,0.46288506586173384,5.109772965448303,0.2617993877991417,-0.19198621771937055,-2.14716144659696,210,190,180,180,180,190,200
28.42006540298462,0.46288506586173384,5.109772965448303,0.2617993877991417,-0.19198621771937055,-2.14716144659696,210,190,180,180,180,190,200
28.430620431900024,0.46774450017872826,5.102244958794014,0.2617993877991417,-0.19198621771937055,-2.1407715226630004,210,190,180,180,180,190,200
28.440879106521606,0.46774450017872826,5.102244958794014,0.2617993877991417,-0.19198621771937055,-2.1407715226630004,210,190,180,180,180,190,200
28.451154232025146,0.46774450017872826,5.102244958794014,0.2617993877991417,-0.19198621771937055,-2.1407715226630004,210,190,180,180,180,190,200
28.46142339706421,0.4724134882014889,5.094918614732013,0.2617993877991417,-0.19198621771937055,-2.134402125124825,220,190,190,180,180,190,200
28.47987198829651,0.4724134882014889,5.094918614732013,0.2617993877991417,-0.19198621771937055,-2.134402125124825,220,190,190,180,180,190,200
28.490070819854736,0.4724134882014889,5.094918614732013,0.2617993877991417,-0.19198621771937055,-2.134402125124825,220,190,190,180,180,190,200
28.500319719314575,0.47701734291718123,5.087582033153922,0.2617993877991417,-0.19198621771937055,-2.1277586912007767,220,190,190,180,180,190,200
28.51054549217224,0.47701734291718123,5.087582033153922,0.2617993877991417,-0.19198621771937055,-2.1277586912007767,210,190,180,180,180,190,200
28.52071213722229,0.47701734291718123,5.087582033153922,0.2617993877991417,-0.19198621771937055,-2.1277586912007767,210,190,180,180,180,190,200
28.535305738449097,0.4817236173750289,5.079969282420452,0.2617993877991417,-0.19198621771937055,-2.121013467396913,210,190,180,180,180,190,200
28.54554510116577,0.4817236173750289,5.079969282420452,0.2617993877991417,-0.19198621771937055,-2.121013467396913,210,190,180,180,180,190,200
28.555725574493408,0.4817236173750289,5.079969282420452,0.2617993877991417,-0.19198621771937055,-2.121013467396913,210,190,180,180,180,190,200
28.566734075546265,0.4862466856877321,5.072542560775129,0.2617993877991417,-0.19198621771937055,-2.114464924375863,210,200,190,180,180,190,210
28.582557678222656,0.4862466856877321,5.072542560775129,0.2617993877991417,-0.19198621771937055,-2.114464924375863,210,200,190,180,180,190,210
28.592772483825684,0.4907186703571481,5.065089248796642,0.2617993877991417,-0.19198621771937055,-2.107986169858799,210,200,190,180,180,190,210
28.602968215942383,0.4907186703571481,5.065089248796642,0.2617993877991417,-0.19198621771937055,-2.107986169858799,210,200,190,180,180,190,210
28.613192558288574,0.4907186703571481,5.065089248796642,0.2617993877991417,-0.19198621771937055,-2.107986169858799,210,190,180,180,180,190,210
28.623430967330933,0.4907186703571481,5.065089248796642,0.2617993877991417,-0.19198621771937055,-2.107986169858799,210,190,180,180,180,190,210
28.633604526519775,0.49526791814507176,5.057404398876939,0.2617993877991417,-0.19198621771937055,-2.1015359687253024,210,190,180,180,180,190,210
28.643775939941406,0.49526791814507176,5.057404398876939,0.2617993877991417,-0.19198621771937055,-2.1015359687253024,210,190,180,180,180,190,210
28.65396809577942,0.49526791814507176,5.057404398876939,0.2617993877991417,-0.20943951023931331,-2.1015359687253024,190,180,180,180,180,190,200
28.664142608642578,0.49962230875180774,5.049936466938938,0.2617993877991417,-0.2268928027592561,-2.095469019091177,190,180,180,180,180,190,200
28.682253122329712,0.49962230875180774,5.049936466938938,0.2617993877991417,-0.24434609527919887,-2.095469019091177,190,180,180,180,180,190,200
28.69245719909668,0.5039400322453579,5.042420006407127,0.2617993877991417,-0.27925268031908446,-2.088794762993554,190,180,180,180,180,190,200
28.70266842842102,0.5039400322453579,5.042420006407127,0.2617993877991417,-0.27925268031908446,-2.088794762993554,190,180,180,180,180,190,200
28.712896585464478,0.5039400322453579,5.042420006407127,0.2617993877991417,-0.27925268031908446,-2.088794762993554,190,190,180,180,180,190,200
28.723134994506836,0.5039400322453579,5.042420006407127,0.2617993877991417,-0.27925268031908446,-2.088794762993554,190,190,180,180,180,190,200
28.733360528945923,0.5083333808645365,5.034681401564734,0.2617993877991417,-0.2967059728390272,-2.086707350502963,190,190,180,180,180,190,200
28.743581295013428,0.5083333808645365,5.034681401564734,0.2617993877991417,-0.31415926535897,-2.086707350502963,190,190,180,180,180,190,200
28.75446128845215,0.5083333808645365,5.034681401564734,0.2617993877991417,-0.31415926535897,-2.086707350502963,190,180,180,180,190,190,210
28.764726400375366,0.5125286910572476,5.027261298472492,0.2617993877991417,-0.31415926535897,-2.0820936732681647,190,180,180,180,190,190,210
28.781468868255615,0.5125286910572476,5.027261298472492,0.2617993877991417,-0.31415926535897,-2.0820936732681647,190,180,180,180,190,190,210
28.791659593582153,0.5125286910572476,5.027261298472492,0.2617993877991417,-0.31415926535897,-2.0820936732681647,190,180,180,180,190,190,210
28.801871299743652,0.5167500194092691,5.019657296626557,0.2617993877991417,-0.31415926535897,-2.072252200171365,200,190,180,180,190,190,210
28.812073230743408,0.5167500194092691,5.019657296626557,0.2617993877991417,-0.31415926535897,-2.072252200171365,200,190,180,180,190,190,210
28.822280645370483,0.5167500194092691,5.019657296626557,0.2617993877991417,-0.31415926535897,-2.072252200171365,200,190,180,180,190,190,210
28.833451509475708,0.5210420075518399,5.011732487209267,0.2617993877991417,-0.31415926535897,-2.0617088861550883,200,190,180,180,190,190,210
28.843660831451416,0.5210420075518399,5.011732487209267,0.2617993877991417,-0.31415926535897,-2.0617088861550883,200,190,180,180,190,190,210
28.853842735290527,0.5210420075518399,5.011732487209267,0.2617993877991417,-0.31415926535897,-2.0617088861550883,190,180,180,180,190,180,210
28.86402177810669,0.5251291454927257,5.003993464191981,0.2617993877991417,-0.31415926535897,-2.0514038829511714,190,180,180,180,190,180,210
28.88175368309021,0.5251291454927257,5.003993464191981,0.2617993877991417,-0.31415926535897,-2.0514038829511714,190,180,180,180,190,180,210
28.892009258270264,0.5251291454927257,5.003993464191981,0.2617993877991417,-0.31415926535897,-2.0514038829511714,190,180,180,180,190,180,210
28.902358770370483,0.529135842575224,4.996214028950466,0.2617993877991417,-0.31415926535897,-2.040992212999258,190,180,180,180,190,180,200
28.912660598754883,0.529135842575224,4.996214028950466,0.2617993877991417,-0.31415926535897,-2.040992212999258,190,180,180,180,190,180,200
28.931804418563843,0.529135842575224,4.996214028950466,0.2617993877991417,-0.31415926535897,-2.040992212999258,190,180,180,180,190,180,200
28.94200348854065,0.5331685556933353,4.988176953200527,0.2617993877991417,-0.31415926535897,-2.0300780509081737,190,180,180,180,190,180,200
28.952221155166626,0.5331685556933353,4.988176953200527,0.2617993877991417,-0.31415926535897,-2.0300780509081737,190,180,180,180,190,170,190
28.962531328201294,0.5369807742747569,4.9803662215449584,0.2617993877991417,-0.31415926535897,-2.019463580976525,190,180,180,180,190,170,190
28.972808837890625,0.5369807742747569,4.9803662215449584,0.2617993877991417,-0.31415926535897,-2.019463580976525,190,180,180,180,190,170,190
28.98299527168274,0.5369807742747569,4.9803662215449584,0.2617993877991417,-0.31415926535897,-2.019463580976525,190,180,180,180,190,170,190
28.993192434310913,0.5407040281385337,4.972538496232394,0.2617993877991417,-0.31415926535897,-2.009333691766392,190,180,180,180,190,170,190
29.003448486328125,0.5407040281385337,4.972538496232394,0.2617993877991417,-0.31415926535897,-2.009333691766392,190,180,180,180,190,170,190
29.013694047927856,0.5407040281385337,4.972538496232394,0.2617993877991417,-0.31415926535897,-2.009333691766392,180,190,180,180,180,210,210
29.03281331062317,0.5407040281385337,4.972538496232394,0.2617993877991417,-0.31415926535897,-2.009333691766392,180,190,180,180,180,210,210
29.04309105873108,0.5444600314179177,4.964420817332572,0.2617993877991417,-0.31415926535897,-1.9987936209827841,180,190,180,180,180,210,210
29.05328607559204,0.5444600314179177,4.964420817332572,0.2617993877991417,-0.31415926535897,-1.9987936209827841,180,180,180,180,190,180,210
29.064016580581665,0.5480301554600641,4.956492004820905,0.2617993877991417,-0.31415926535897,-1.9885150390506388,180,180,180,180,190,180,210
29.07972478866577,0.5480301554600641,4.956492004820905,0.2617993877991417,-0.31415926535897,-1.9885150390506388,180,180,180,180,190,180,210
29.089903593063354,0.5480301554600641,4.956492004820905,0.2617993877991417,-0.31415926535897,-1.9885150390506388,180,180,180,180,190,180,210
29.100122451782227,0.551522979858341,4.9485178360266415,0.2617993877991417,-0.31415926535897,-1.9782215814635296,180,180,180,180,190,180,210
29.110464334487915,0.551522979858341,4.9485178360266415,0.2617993877991417,-0.31415926535897,-1.9782215814635296,180,190,180,190,190,190,190
29.120656728744507,0.551522979858341,4.9485178360266415,0.2617993877991417,-0.31415926535897,-1.9782215814635296,180,190,180,190,190,190,190
29.13223385810852,0.5550403077322215,4.940253468336078,0.2617993877991417,-0.31415926535897,-1.9675969557318858,180,190,180,190,190,190,190
29.142455339431763,0.5550403077322215,4.940253468336078,0.2617993877991417,-0.31415926535897,-1.9675969557318858,180,190,180,190,190,190,190
29.15267276763916,0.5550403077322215,4.940253468336078,0.2617993877991417,-0.31415926535897,-1.9675969557318858,180,190,180,190,190,190,190
29.162906646728516,0.5583745851818527,4.93218530043531,0.2617993877991417,-0.31415926535897,-1.957265939642684,190,190,180,190,180,190,190
29.180013179779053,0.5583745851818527,4.93218530043531,0.2617993877991417,-0.31415926535897,-1.957265939642684,190,190,180,190,180,190,190
29.190200090408325,0.5583745851818527,4.93218530043531,0.2617993877991417,-0.31415926535897,-1.957265939642684,190,190,180,190,180,190,190
29.200404405593872,0.5616295791937045,4.9240716210513185,0.2617993877991417,-0.31415926535897,-1.9469181483139615,190,190,180,200,190,190,190
29.21060538291931,0.5616295791937045,4.9240716210513185,0.2617993877991417,-0.31415926535897,-1.9469181483139615,190,190,180,200,190,190,190
29.220804452896118,0.5616295791937045,4.9240716210513185,0.2617993877991417,-0.31415926535897,-1.9469181483139615,190,190,180,200,190,190,190
29.234629154205322,0.5616295791937045,4.9240716210513185,0.2617993877991417,-0.31415926535897,-1.9469181483139615,190,190,180,200,190,190,190
29.244972944259644,0.5648989842104468,4.915666215284721,0.2617993877991417,-0.31415926535897,-1.9362474285078786,190,190,180,200,190,190,190
29.255162954330444,0.5648989842104468,4.915666215284721,0.2617993877991417,-0.31415926535897,-1.9362474285078786,190,180,180,190,190,190,190
29.26534605026245,0.5679878371036405,4.90746955642382,0.2617993877991417,-0.31415926535897,-1.9259023753623172,190,180,180,190,190,190,190
29.283705234527588,0.5679878371036405,4.90746955642382,0.2617993877991417,-0.31415926535897,-1.9259023753623172,190,180,180,190,190,190,190
29.293940782546997,0.5709883969388999,4.899248650402338,0.2617993877991417,-0.31415926535897,-1.915659196754798,190,180,180,190,190,190,190
29.304128646850586,0.5709883969388999,4.899248650402338,0.2617993877991417,-0.31415926535897,-1.915659196754798,190,180,180,190,190,190,190
29.314393758773804,0.5709883969388999,4.899248650402338,0.2617993877991417,-0.31415926535897,-1.915659196754798,190,180,190,190,180,190,190
29.33259916305542,0.5709883969388999,4.899248650402338,0.2617993877991417,-0.31415926535897,-1.915659196754798,190,180,190,190,180,190,190
29.342936038970947,0.5739805061326126,4.8907930312334305,0.2617993877991417,-0.31415926535897,-1.9054105717860115,190,180,190,190,180,190,190
29.35335874557495,0.5739805061326126,4.8907930312334305,0.2617993877991417,-0.31415926535897,-1.9054105717860115,190,180,190,190,180,190,190
29.363548040390015,0.5767967817033266,4.882557673304631,0.2617993877991417,-0.31415926535897,-1.8953879392697561,190,180,190,190,180,190,190
29.380935192108154,0.5767967817033266,4.882557673304631,0.2617993877991417,-0.31415926535897,-1.8953879392697561,190,180,190,190,180,190,190
29.39114284515381,0.5767967817033266,4.882557673304631,0.2617993877991417,-0.31415926535897,-1.8953879392697561,190,180,190,190,180,190,190
29.401344299316406,0.5795384727666892,4.874288183441233,0.2617993877991417,-0.31415926535897,-1.8852110754445408,190,180,190,180,180,190,190
29.411591053009033,0.5795384727666892,4.874288183441233,0.2617993877991417,-0.31415926535897,-1.8852110754445408,190,180,190,180,180,190,190
29.421789407730103,0.5795384727666892,4.874288183441233,0.2617993877991417,-0.31415926535897,-1.8852110754445408,190,180,190,180,180,190,190
29.43198299407959,0.5822606818709936,4.8657676058046615,0.2617993877991417,-0.31415926535897,-1.8744151456813374,190,180,190,180,180,190,190
29.442203998565674,0.5822606818709936,4.8657676058046615,0.2617993877991417,-0.31415926535897,-1.8744151456813374,190,180,190,180,180,190,190
29.452388525009155,0.5822606818709936,4.8657676058046615,0.2617993877991417,-0.31415926535897,-1.8744151456813374,190,180,190,180,190,190,190
29.462594747543335,0.584821577932845,4.857448356491292,0.2617993877991417,-0.31415926535897,-1.8640174504742657,190,180,190,180,190,190,190
29.482220888137817,0.584821577932845,4.857448356491292,0.2617993877991417,-0.31415926535897,-1.8640174504742657,190,180,190,180,190,190,190
29.49245548248291,0.5872978597677089,4.849095627657473,0.2617993877991417,-0.31415926535897,-1.8535727019704455,190,180,190,180,190,190,190
29.502654552459717,0.5872978597677089,4.849095627657473,0.2617993877991417,-0.31415926535897,-1.8535727019704455,190,180,190,180,190,190,190
29.512898445129395,0.5872978597677089,4.849095627657473,0.2617993877991417,-0.31415926535897,-1.8535727019704455,190,180,190,180,190,190,190
29.53105092048645,0.5897609269622855,4.840451944249656,0.2617993877991417,-0.31415926535897,-1.8427787443138237,190,180,190,180,190,190,190
29.541245937347412,0.5897609269622855,4.840451944249656,0.2617993877991417,-0.31415926535897,-1.8427787443138237,190,180,190,180,190,190,190
29.55152678489685,0.5897609269622855,4.840451944249656,0.2617993877991417,-0.31415926535897,-1.8427787443138237,180,180,190,180,190,210,190
29.561735153198242,0.5920647717386225,4.832027162098834,0.2617993877991417,-0.31415926535897,-1.8322885158167304,180,180,190,180,190,210,190
29.571954011917114,0.5920647717386225,4.832027162098834,0.2617993877991417,-0.31415926535897,-1.8322885158167304,180,180,190,180,190,210,190
29.58364248275757,0.5920647717386225,4.832027162098834,0.2617993877991417,-0.31415926535897,-1.8322885158167304,180,180,190,180,190,210,190
29.593838691711426,0.5942816014425404,4.823571758565665,0.2617993877991417,-0.31415926535897,-1.8218098705425465,180,180,190,180,190,210,190
29.60401701927185,0.5942816014425404,4.823571758565665,0.2617993877991417,-0.31415926535897,-1.8218098705425465,180,180,190,180,190,210,190
29.614293575286865,0.5942816014425404,4.823571758565665,0.2617993877991417,-0.31415926535897,-1.8218098705425465,180,190,190,190,190,190,190
29.632598400115967,0.5942816014425404,4.823571758565665,0.2617993877991417,-0.31415926535897,-1.8218098705425465,180,190,190,190,190,190,190
29.642823934555054,0.5964712105354772,4.81484140360344,0.2617993877991417,-0.31415926535897,-1.811111154854076,180,190,190,190,190,190,190
29.653053760528564,0.5964712105354772,4.81484140360344,0.2617993877991417,-0.31415926535897,-1.811111154854076,180,190,190,200,210,190,190
29.663276195526123,0.598503492685396,4.806384806454288,0.2617993877991417,-0.31415926535897,-1.8010350097451715,180,190,190,200,210,190,190
29.67349410057068,0.598503492685396,4.806384806454288,0.2617993877991417,-0.31415926535897,-1.8010350097451715,180,190,190,200,210,190,190
29.683671474456787,0.598503492685396,4.806384806454288,0.2617993877991417,-0.31415926535897,-1.8010350097451715,180,190,190,200,210,190,190
29.693883180618286,0.6004451673298209,4.797914942771943,0.2617993877991417,-0.31415926535897,-1.791044218707606,180,190,190,200,210,190,190
29.70407247543335,0.6004451673298209,4.797914942771943,0.2617993877991417,-0.31415926535897,-1.791044218707606,180,190,190,180,190,190,190
29.714295864105225,0.6004451673298209,4.797914942771943,0.2617993877991417,-0.31415926535897,-1.791044218707606,180,190,190,180,190,190,190
29.724515676498413,0.6004451673298209,4.797914942771943,0.2617993877991417,-0.31415926535897,-1.791044218707606,180,190,190,180,190,190,190
29.73470163345337,0.6023639853521355,4.789139256897053,0.2617993877991417,-0.31415926535897,-1.7806286198665147,180,190,190,180,190,190,190
29.744897603988647,0.6023639853521355,4.789139256897053,0.2617993877991417,-0.31415926535897,-1.7806286198665147,180,190,190,180,190,190,190
29.755144119262695,0.6023639853521355,4.789139256897053,0.2617993877991417,-0.31415926535897,-1.7806286198665147,180,190,190,210,210,190,210
29.76535129547119,0.6041406177138897,4.780594124920549,0.2617993877991417,-0.31415926535897,-1.770514345157848,180,190,190,210,210,190,210
29.784547805786133,0.6041406177138897,4.780594124920549,0.2617993877991417,-0.31415926535897,-1.770514345157848,180,190,190,210,210,190,210
29.794848680496216,0.6058320216985196,4.7720228928832675,0.2617993877991417,-0.31415926535897,-1.7603538499976772,180,190,190,210,210,190,210
29.80504274368286,0.6058320216985196,4.7720228928832675,0.2617993877991417,-0.31415926535897,-1.7603538499976772,180,190,190,210,210,190,210
29.815260410308838,0.6058320216985196,4.7720228928832675,0.2617993877991417,-0.31415926535897,-1.7603538499976772,180,190,190,210,210,190,210
29.83273148536682,0.6074833146342374,4.763170189519614,0.2617993877991417,-0.31415926535897,-1.749802309338029,180,190,190,210,210,190,210
29.84294557571411,0.6074833146342374,4.763170189519614,0.2617993877991417,-0.31415926535897,-1.749802309338029,180,190,190,210,210,190,210
29.853172540664673,0.6074833146342374,4.763170189519614,0.2617993877991417,-0.31415926535897,-1.749802309338029,180,180,190,200,210,190,190
29.863359689712524,0.6090000856134861,4.754562953082086,0.2617993877991417,-0.31415926535897,-1.7394519551207552,180,180,190,200,210,190,190
29.87354588508606,0.6090000856134861,4.754562953082086,0.2617993877991417,-0.31415926535897,-1.7394519551207552,180,180,190,200,210,190,190
29.88630175590515,0.6090000856134861,4.754562953082086,0.2617993877991417,-0.31415926535897,-1.7394519551207552,180,180,190,200,210,190,190
29.896519422531128,0.6104210942809019,4.745957074659362,0.2617993877991417,-0.31415926535897,-1.7288892889826208,180,180,190,200,210,190,190
29.90709924697876,0.6104210942809019,4.745957074659362,0.2617993877991417,-0.31415926535897,-1.7288892889826208,180,180,190,200,210,190,190
29.91732692718506,0.6104210942809019,4.745957074659362,0.2617993877991417,-0.31415926535897,-1.7288892889826208,180,190,190,210,190,190,190
29.93535614013672,0.6117881206682408,4.737076007256917,0.2617993877991417,-0.31415926535897,-1.7179524558391939,180,190,190,210,190,190,190
29.945570945739746,0.6117881206682408,4.737076007256917,0.2617993877991417,-0.31415926535897,-1.7179524558391939,180,190,190,210,190,190,190
29.955777645111084,0.6117881206682408,4.737076007256917,0.2617993877991417,-0.31415926535897,-1.7179524558391939,180,190,190,210,190,190,190
29.966018199920654,0.6130218658598665,4.728439333896972,0.2617993877991417,-0.2967059728390272,-1.7074312817863955,190,180,210,210,190,190,210
29.985121965408325,0.6130218658598665,4.728439333896972,0.2617993877991417,-0.27925268031908446,-1.7074312817863955,190,180,210,210,190,190,210
29.99533200263977,0.614169695086602,4.719803467180163,0.2617993877991417,-0.157079632679485,-1.697546373997067,190,180,210,210,190,190,210
30.005509614944458,0.614169695086602,4.719803467180163,0.2617993877991417,-0.13962634015954223,-1.697546373997067,180,180,190,190,190,190,190
30.015705347061157,0.614169695086602,4.719803467180163,0.2617993877991417,-0.13962634015954223,-1.697546373997067,180,180,190,190,190,190,190
30.031148433685303,0.6152769435045723,4.710853840966555,0.2617993877991417,-0.13962634015954223,-1.690992524779023,180,180,190,190,190,190,190
30.041347980499268,0.6152769435045723,4.710853840966555,0.2617993877991417,-0.12217304763959944,-1.690992524779023,180,180,190,190,190,190,190
30.051562070846558,0.6152769435045723,4.710853840966555,0.2617993877991417,-0.12217304763959944,-1.690992524779023,190,190,210,210,190,190,210
30.06174635887146,0.6162937588105788,4.702273147100259,0.2617993877991417,-0.12217304763959944,-1.6865903942636695,190,190,210,210,190,190,210
30.07193660736084,0.6162937588105788,4.702273147100259,0.2617993877991417,-0.12217304763959944,-1.6865903942636695,190,190,210,210,190,190,210
30.08384394645691,0.6162937588105788,4.702273147100259,0.2617993877991417,-0.12217304763959944,-1.6865903942636695,190,190,210,210,190,190,210
30.094056367874146,0.6172781196442797,4.6936759627336295,0.2617993877991417,-0.12217304763959944,-1.6826694747224593,190,190,210,210,190,190,210
30.1042320728302,0.6172781196442797,4.6936759627336295,0.2617993877991417,-0.10471975511965666,-1.6826694747224593,190,190,210,190,190,190,210
30.114452838897705,0.6172781196442797,4.6936759627336295,0.2617993877991417,-0.10471975511965666,-1.6826694747224593,190,190,210,190,190,190,210
30.131788969039917,0.6172781196442797,4.6936759627336295,0.2617993877991417,-0.10471975511965666,-1.6826694747224593,190,190,210,190,190,190,210
30.142094612121582,0.6182584485181238,4.684803765535222,0.2617993877991417,-0.10471975511965666,-1.6786534779314424,190,190,210,190,190,190,210
30.152309894561768,0.6182584485181238,4.684803765535222,0.2617993877991417,-0.10471975511965666,-1.6786534779314424,190,190,210,190,190,190,210
30.162638902664185,0.6191785357046518,4.676180906238891,0.2617993877991417,-0.10471975511965666,-1.6752999881643988,190,190,210,190,190,190,210
30.182101726531982,0.6191785357046518,4.676180906238891,0.2617993877991417,-0.10471975511965666,-1.6752999881643988,190,190,210,190,190,190,210
30.19238042831421,0.6200707829575769,4.667543520761099,0.2617993877991417,-0.12217304763959944,-1.6719495565875215,190,190,210,190,190,190,210
30.202635526657104,0.6200707829575769,4.667543520761099,0.2617993877991417,-0.12217304763959944,-1.6719495565875215,190,190,200,190,190,190,190
30.212844133377075,0.6200707829575769,4.667543520761099,0.2617993877991417,-0.12217304763959944,-1.6719495565875215,190,190,200,190,190,190,190
30.223130226135254,0.6200707829575769,4.667543520761099,0.2617993877991417,-0.12217304763959944,-1.6719495565875215,190,190,200,190,190,190,190
30.23333239555359,0.6209586315542034,4.658625246635574,0.2617993877991417,-0.12217304763959944,-1.6679009379002598,190,190,200,190,190,190,190
30.243515491485596,0.6209586315542034,4.658625246635574,0.2617993877991417,-0.12217304763959944,-1.6679009379002598,190,190,200,190,190,190,190
30.253694534301758,0.6209586315542034,4.658625246635574,0.2617993877991417,-0.12217304763959944,-1.6679009379002598,190,190,200,190,190,190,190
30.26388716697693,0.6217850781335011,4.649960871041021,0.2617993877991417,-0.12217304763959944,-1.6638970426130317,190,190,190,190,190,190,210
30.27408504486084,0.6217850781335011,4.649960871041021,0.2617993877991417,-0.12217304763959944,-1.6638970426130317,190,190,190,190,190,190,210
30.285428762435913,0.6217850781335011,4.649960871041021,0.2617993877991417,-0.12217304763959944,-1.6638970426130317,190,190,190,190,190,190,210
30.29565453529358,0.6225754536890596,4.641294372448975,0.2617993877991417,-0.12217304763959944,-1.6598160708463534,190,190,190,190,190,190,210
30.305830240249634,0.6225754536890596,4.641294372448975,0.2617993877991417,-0.12217304763959944,-1.6598160708463534,190,190,190,190,190,190,210
30.316039323806763,0.6225754536890596,4.641294372448975,0.2617993877991417,-0.12217304763959944,-1.6598160708463534,180,190,190,190,190,190,210
30.326263666152954,0.6225754536890596,4.641294372448975,0.2617993877991417,-0.12217304763959944,-1.6598160708463534,180,190,190,190,190,190,210
30.337794303894043,0.6225754536890596,4.641294372448975,0.2617993877991417,-0.12217304763959944,-1.6598160708463534,180,190,190,190,190,190,210
30.34800148010254,0.623352297847604,4.6323767911851625,0.2617993877991417,-0.12217304763959944,-1.6555879834849365,180,190,190,190,190,190,210
30.358240365982056,0.623352297847604,4.6323767911851625,0.2617993877991417,-0.12217304763959944,-1.6555879834849365,180,190,190,190,190,210,210
30.368428707122803,0.6240687508145278,4.623771605944998,0.2617993877991417,-0.12217304763959944,-1.6514638534508552,180,190,190,190,190,210,210
30.38352131843567,0.6240687508145278,4.623771605944998,0.2617993877991417,-0.12217304763959944,-1.6514638534508552,180,190,190,190,190,210,210
30.39374351501465,0.6247452613704322,4.615186613506516,0.2617993877991417,-0.12217304763959944,-1.6475743566435854,180,190,190,190,190,210,210
30.403926372528076,0.6247452613704322,4.615186613506516,0.2617993877991417,-0.12217304763959944,-1.6475743566435854,180,190,190,190,190,190,190
30.41418194770813,0.6247452613704322,4.615186613506516,0.2617993877991417,-0.12217304763959944,-1.6475743566435854,180,190,190,190,190,190,190
30.424397945404053,0.6247452613704322,4.615186613506516,0.2617993877991417,-0.12217304763959944,-1.6475743566435854,180,190,190,190,190,190,190
30.434648990631104,0.6254094818466301,4.606319334973991,0.2617993877991417,-0.13962634015954223,-1.6435334329870612,180,190,190,190,190,190,190
30.444860458374023,0.6254094818466301,4.606319334973991,0.2617993877991417,-0.13962634015954223,-1.6435334329870612,180,190,190,190,190,190,190
30.45507001876831,0.6254094818466301,4.606319334973991,0.2617993877991417,-0.157079632679485,-1.6435334329870612,180,190,190,190,190,190,190
30.46535611152649,0.6260196494944112,4.597694479004193,0.2617993877991417,-0.157079632679485,-1.6390339439946207,180,190,190,190,190,190,190
30.484022617340088,0.6260196494944112,4.597694479004193,0.2617993877991417,-0.157079632679485,-1.6390339439946207,180,190,190,190,190,190,190
30.49423885345459,0.6265902217390518,4.589049874243655,0.2617993877991417,-0.17453292519942779,-1.6339500946692103,180,190,190,190,190,190,190
30.5044424533844,0.6265902217390518,4.589049874243655,0.2617993877991417,-0.17453292519942779,-1.6339500946692103,180,190,190,190,190,190,190
30.51466941833496,0.6265902217390518,4.589049874243655,0.2617993877991417,-0.17453292519942779,-1.6339500946692103,180,190,190,190,190,190,190
30.532590627670288,0.6265902217390518,4.589049874243655,0.2617993877991417,-0.17453292519942779,-1.6339500946692103,180,190,190,190,190,190,190
30.54280400276184,0.6265902217390518,4.589049874243655,0.2617993877991417,-0.17453292519942779,-1.6339500946692103,180,190,190,190,190,190,190
30.55299949645996,0.6271305278401539,4.580122106544074,0.2617993877991417,-0.19198621771937055,-1.6281087885959542,180,190,190,190,190,190,190
30.56322169303894,0.6276053417235362,4.5714409938859255,0.2617993877991417,-0.19198621771937055,-1.6224078513516764,180,190,190,190,190,190,190
30.573460817337036,0.6276053417235362,4.5714409938859255,0.2617993877991417,-0.19198621771937055,-1.6224078513516764,180,190,190,190,190,190,190
30.583598375320435,0.6276053417235362,4.5714409938859255,0.2617993877991417,-0.20943951023931331,-1.6224078513516764,180,190,190,190,190,190,190
30.593791723251343,0.6280289400659518,4.562740202111924,0.2617993877991417,-0.20943951023931331,-1.6161389617260773,180,190,190,190,190,190,190
30.60444688796997,0.6280289400659518,4.562740202111924,0.2617993877991417,-0.20943951023931331,-1.6161389617260773,180,190,190,190,190,190,190
30.61465072631836,0.6280289400659518,4.562740202111924,0.2617993877991417,-0.20943951023931331,-1.6161389617260773,180,190,190,190,190,190,190
30.63158392906189,0.6280289400659518,4.562740202111924,0.2617993877991417,-0.20943951023931331,-1.6161389617260773,180,190,190,190,190,190,190
30.64195990562439,0.628405906635269,4.553755928282279,0.2617993877991417,-0.20943951023931331,-1.6090745600320582,180,190,190,190,190,190,190
30.652164459228516,0.628405906635269,4.553755928282279,0.2617993877991417,-0.20943951023931331,-1.6090745600320582,180,190,190,190,190,190,190
30.662370443344116,0.628710465227223,4.545026233020254,0.2617993877991417,-0.20943951023931331,-1.6022005908220247,180,190,190,190,190,190,190
30.672561168670654,0.628710465227223,4.545026233020254,0.2617993877991417,-0.20943951023931331,-1.6022005908220247,180,190,190,190,190,190,190
30.684941291809082,0.628710465227223,4.545026233020254,0.2617993877991417,-0.20943951023931331,-1.6022005908220247,180,190,190,190,190,190,190
30.695133209228516,0.6289529160849502,4.536302391916784,0.2617993877991417,-0.20943951023931331,-1.5953620084989957,180,190,190,190,190,190,190
30.705320596694946,0.6289529160849502,4.536302391916784,0.2617993877991417,-0.20943951023931331,-1.5953620084989957,180,190,190,190,190,190,190
30.715693950653076,0.6289529160849502,4.536302391916784,0.2617993877991417,-0.20943951023931331,-1.5953620084989957,180,190,190,190,190,190,190
30.72596764564514,0.6289529160849502,4.536302391916784,0.2617993877991417,-0.20943951023931331,-1.5953620084989957,180,190,190,190,190,190,190
30.73616886138916,0.6291384214544116,4.527341215153941,0.2617993877991417,-0.20943951023931331,-1.5884942982561887,180,190,190,190,190,190,190
30.746363401412964,0.6291384214544116,4.527341215153941,0.2617993877991417,-0.20943951023931331,-1.5884942982561887,180,190,190,190,190,190,190
30.75653839111328,0.6291384214544116,4.527341215153941,0.2617993877991417,-0.20943951023931331,-1.5884942982561887,180,190,190,190,190,190,190
30.76676630973816,0.6292662871894651,4.518668953398242,0.2617993877991417,-0.20943951023931331,-1.5819903463098586,180,190,190,180,140,190,190
30.782175540924072,0.6292662871894651,4.518668953398242,0.2617993877991417,-0.20943951023931331,-1.5819903463098586,180,190,190,180,140,190,190
30.792373418807983,0.6293351121110653,4.510018522689428,0.2617993877991417,-0.20943951023931331,-1.5750782772462781,180,190,190,180,140,190,190
30.802574634552002,0.6293351121110653,4.510018522689428,0.2617993877991417,-0.20943951023931331,-1.5750782772462781,180,190,190,180,140,190,190
30.812883377075195,0.6293351121110653,4.510018522689428,0.2617993877991417,-0.20943951023931331,-1.5750782772462781,180,190,190,190,190,190,190
30.82309126853943,0.6293351121110653,4.510018522689428,0.2617993877991417,-0.20943951023931331,-1.5750782772462781,180,190,190,190,190,190,190
30.833547115325928,0.6293351121110653,4.510018522689428,0.2617993877991417,-0.20943951023931331,-1.5750782772462781,180,190,190,190,190,190,190
30.843894004821777,0.6293432008534692,4.501091865624709,0.2617993877991417,-0.20943951023931331,-1.567985373958198,180,190,190,190,190,190,190
30.85409188270569,0.6293432008534692,4.501091865624709,0.2617993877991417,-0.20943951023931331,-1.567985373958198,180,190,190,190,190,190,190
30.864563703536987,0.6292904860682342,4.492419974481914,0.2617993877991417,-0.20943951023931331,-1.5610725645981651,190,190,190,190,190,190,190
30.880271196365356,0.6292904860682342,4.492419974481914,0.2617993877991417,-0.20943951023931331,-1.5610725645981651,190,190,190,190,190,190,190
30.890473127365112,0.6292904860682342,4.492419974481914,0.2617993877991417,-0.20943951023931331,-1.5610725645981651,190,190,190,190,190,190,190
30.90068817138672,0.6291777755074384,4.48373765648657,0.2617993877991417,-0.20943951023931331,-1.5541406854533708,190,190,190,190,190,190,190
30.910966157913208,0.6291777755074384,4.48373765648657,0.2617993877991417,-0.20943951023931331,-1.5541406854533708,190,190,190,180,190,190,190
30.921165466308594,0.6291777755074384,4.48373765648657,0.2617993877991417,-0.20943951023931331,-1.5541406854533708,190,190,190,180,190,190,190
30.93266987800598,0.6289983226088632,4.4747807902984045,0.2617993877991417,-0.20943951023931331,-1.5469831887923426,190,190,190,180,190,190,190
30.942885637283325,0.6289983226088632,4.4747807902984045,0.2617993877991417,-0.20943951023931331,-1.5469831887923426,190,190,190,180,190,190,190
30.953062772750854,0.6289983226088632,4.4747807902984045,0.2617993877991417,-0.20943951023931331,-1.5469831887923426,190,190,190,180,190,190,190
30.96334409713745,0.6287622418284503,4.466076661690341,0.2617993877991417,-0.20943951023931331,-1.5400255185296696,190,190,190,180,190,190,190
30.973570108413696,0.6287622418284503,4.466076661690341,0.2617993877991417,-0.20943951023931331,-1.5400255185296696,190,190,190,180,190,190,190
30.98374080657959,0.6287622418284503,4.466076661690341,0.2617993877991417,-0.20943951023931331,-1.5400255185296696,190,190,190,180,190,190,190
30.99392342567444,0.6284647648111659,4.457363637732726,0.2617993877991417,-0.20943951023931331,-1.533063634030612,190,190,190,180,190,190,190
31.004137754440308,0.6284647648111659,4.457363637732726,0.2617993877991417,-0.20943951023931331,-1.533063634030612,190,190,180,180,190,190,190
31.014325618743896,0.6284647648111659,4.457363637732726,0.2617993877991417,-0.20943951023931331,-1.533063634030612,190,190,180,180,190,190,190
31.03255033493042,0.6284647648111659,4.457363637732726,0.2617993877991417,-0.20943951023931331,-1.533063634030612,190,190,180,180,190,190,190
31.04291558265686,0.6280943992274652,4.448383600320383,0.2617993877991417,-0.20943951023931331,-1.5259256020853393,190,190,180,180,190,190,190
31.053194761276245,0.6280943992274652,4.448383600320383,0.2617993877991417,-0.20943951023931331,-1.5259256020853393,190,190,180,180,190,190,190
31.063690900802612,0.6276741756195804,4.43967832684566,0.2617993877991417,-0.20943951023931331,-1.5191205428236718,190,190,190,190,190,190,180
31.083142042160034,0.6276741756195804,4.43967832684566,0.2617993877991417,-0.20943951023931331,-1.5191205428236718,190,190,190,190,190,190,180
31.093400716781616,0.6272009736083395,4.431019349809575,0.2617993877991417,-0.20943951023931331,-1.5126311149683926,190,190,190,190,190,190,180
31.10364294052124,0.6272009736083395,4.431019349809575,0.2617993877991417,-0.20943951023931331,-1.5126311149683926,190,190,190,190,190,190,190
31.113882780075073,0.6272009736083395,4.431019349809575,0.2617993877991417,-0.20943951023931331,-1.5126311149683926,190,190,190,190,190,190,190
31.124103784561157,0.6272009736083395,4.431019349809575,0.2617993877991417,-0.20943951023931331,-1.5126311149683926,190,190,190,190,190,190,190
31.136497259140015,0.6272009736083395,4.431019349809575,0.2617993877991417,-0.20943951023931331,-1.5126311149683926,190,190,190,190,190,190,190
31.14684247970581,0.626650886613096,4.422092362060229,0.2617993877991417,-0.20943951023931331,-1.5058952820702174,190,190,190,190,190,190,190
31.157047033309937,0.626650886613096,4.422092362060229,0.2617993877991417,-0.20943951023931331,-1.5058952820702174,190,190,190,190,190,190,180
31.167412281036377,0.6260584379082881,4.413421054328121,0.2617993877991417,-0.20943951023931331,-1.4992417472576582,190,190,190,190,190,190,180
31.18313431739807,0.6260584379082881,4.413421054328121,0.2617993877991417,-0.20943951023931331,-1.4992417472576582,190,190,190,190,190,190,180
31.193337202072144,0.625412439786685,4.404754737873585,0.2617993877991417,-0.20943951023931331,-1.4925149950288796,190,190,190,190,190,190,180
31.20354723930359,0.625412439786685,4.404754737873585,0.2617993877991417,-0.20943951023931331,-1.4925149950288796,190,190,190,190,190,190,180
31.21378254890442,0.625412439786685,4.404754737873585,0.2617993877991417,-0.20943951023931331,-1.4925149950288796,190,190,190,190,190,190,190
31.224064826965332,0.625412439786685,4.404754737873585,0.2617993877991417,-0.20943951023931331,-1.4925149950288796,190,190,190,190,190,190,190
31.23457670211792,0.6246838524253339,4.395849127060007,0.2617993877991417,-0.20943951023931331,-1.485346945100922,190,190,190,190,190,190,190
31.244776964187622,0.6246838524253339,4.395849127060007,0.2617993877991417,-0.20943951023931331,-1.485346945100922,190,190,190,190,190,190,190
31.254961490631104,0.6246838524253339,4.395849127060007,0.2617993877991417,-0.20943951023931331,-1.485346945100922,190,190,190,190,190,190,190
31.26522135734558,0.6239139705871118,4.387206301279806,0.2617993877991417,-0.20943951023931331,-1.4783366055006537,190,190,190,190,190,190,190
31.28242826461792,0.6239139705871118,4.387206301279806,0.2617993877991417,-0.20943951023931331,-1.4783366055006537,190,190,190,190,190,190,190
31.29263949394226,0.6230827958452816,4.378558160232237,0.2617993877991417,-0.20943951023931331,-1.4713044649036042,190,190,190,190,190,190,190
31.302843809127808,0.6230827958452816,4.378558160232237,0.2617993877991417,-0.20943951023931331,-1.4713044649036042,190,190,180,190,190,190,190
31.313058614730835,0.6230827958452816,4.378558160232237,0.2617993877991417,-0.20943951023931331,-1.4713044649036042,190,190,180,190,190,190,190
31.323339700698853,0.6230827958452816,4.378558160232237,0.2617993877991417,-0.20943951023931331,-1.4713044649036042,190,190,180,190,190,190,190
31.333590269088745,0.6221614140159635,4.3696422218988085,0.2617993877991417,-0.20943951023931331,-1.464034072204062,190,190,180,190,190,190,190
31.343793392181396,0.6221614140159635,4.3696422218988085,0.2617993877991417,-0.20943951023931331,-1.464034072204062,190,190,180,190,190,190,190
31.353962898254395,0.6221614140159635,4.3696422218988085,0.2617993877991417,-0.20943951023931331,-1.464034072204062,190,190,180,190,190,190,190
31.36421513557434,0.6212038514394176,4.360986470804332,0.2617993877991417,-0.20943951023931331,-1.4569787823600668,190,180,190,180,180,190,190
31.382397413253784,0.6212038514394176,4.360986470804332,0.2617993877991417,-0.20943951023931331,-1.4569787823600668,190,180,190,180,180,190,190
31.39261031150818,0.6212038514394176,4.360986470804332,0.2617993877991417,-0.20943951023931331,-1.4569787823600668,190,180,190,180,180,190,190
31.402809143066406,0.6201849051273786,4.352336864232672,0.2617993877991417,-0.20943951023931331,-1.4499802911742552,190,180,190,180,180,190,190
31.413036823272705,0.6201849051273786,4.352336864232672,0.2617993877991417,-0.20943951023931331,-1.4499802911742552,190,180,190,180,180,190,190
31.431318283081055,0.6201849051273786,4.352336864232672,0.2617993877991417,-0.20943951023931331,-1.4499802911742552,190,180,190,180,180,190,190
31.441776990890503,0.6190798792205197,4.343439751945586,0.2617993877991417,-0.20943951023931331,-1.4428608123848359,190,180,190,180,180,190,190
31.452001094818115,0.6190798792205197,4.343439751945586,0.2617993877991417,-0.20943951023931331,-1.4428608123848359,190,180,180,180,180,180,180
31.46220850944519,0.6179460305589762,4.334845865979005,0.2617993877991417,-0.20943951023931331,-1.436217675763404,190,180,180,180,180,180,180
31.47244143486023,0.6179460305589762,4.334845865979005,0.2617993877991417,-0.20943951023931331,-1.436217675763404,190,180,180,180,180,180,180
31.48534083366394,0.6179460305589762,4.334845865979005,0.2617993877991417,-0.20943951023931331,-1.436217675763404,190,180,180,180,180,180,180
31.495558738708496,0.6167530955050671,4.3262495239107235,0.2617993877991417,-0.20943951023931331,-1.4295653919835158,190,180,180,180,180,180,180
31.505780935287476,0.6167530955050671,4.3262495239107235,0.2617993877991417,-0.20943951023931331,-1.4295653919835158,190,180,180,180,180,180,190
31.51600980758667,0.6167530955050671,4.3262495239107235,0.2617993877991417,-0.20943951023931331,-1.4295653919835158,190,180,180,180,180,180,190
31.526306629180908,0.6154636605026619,4.317388198457874,0.2617993877991417,-0.20943951023931331,-1.4226873232368322,190,180,180,180,180,180,190
31.5365207195282,0.6154636605026619,4.317388198457874,0.2617993877991417,-0.20943951023931331,-1.4226873232368322,190,180,180,180,180,180,190
31.54671597480774,0.6154636605026619,4.317388198457874,0.2617993877991417,-0.20943951023931331,-1.4226873232368322,190,180,180,180,180,180,190
31.556888580322266,0.6154636605026619,4.317388198457874,0.2617993877991417,-0.20943951023931331,-1.4226873232368322,180,180,180,180,180,180,180
31.567092657089233,0.6141523156873471,4.3087869634223255,0.2617993877991417,-0.20943951023931331,-1.4159839241355199,180,180,180,180,180,180,180
31.581507682800293,0.6141523156873471,4.3087869634223255,0.2617993877991417,-0.20943951023931331,-1.4159839241355199,180,180,180,180,180,180,180
31.59182906150818,0.6141523156873471,4.3087869634223255,0.2617993877991417,-0.20943951023931331,-1.4159839241355199,180,180,180,180,180,180,180
31.602075576782227,0.612782373744279,4.300192127235008,0.2617993877991417,-0.20943951023931331,-1.4091995483465378,180,180,180,180,140,140,140
31.61251187324524,0.612782373744279,4.300192127235008,0.2617993877991417,-0.20943951023931331,-1.4091995483465378,180,180,180,180,140,140,140
31.622852087020874,0.612782373744279,4.300192127235008,0.2617993877991417,-0.20943951023931331,-1.4091995483465378,180,180,180,180,140,140,140
31.634894371032715,0.6113139450330501,4.2913530620218685,0.2617993877991417,-0.20943951023931331,-1.4020535481383605,180,180,180,180,140,140,140
31.645150899887085,0.6113139450330501,4.2913530620218685,0.2617993877991417,-0.19198621771937055,-1.4020535481383605,180,180,180,180,140,140,140
31.65534210205078,0.6113139450330501,4.2913530620218685,0.2617993877991417,-0.17453292519942779,-1.4020535481383605,180,180,180,180,180,140,140
31.666117668151855,0.609832158030893,4.2828266634302,0.2617993877991417,-0.17453292519942779,-1.3947199984367828,180,180,180,180,180,140,140
31.682441234588623,0.609832158030893,4.2828266634302,0.2617993877991417,-0.157079632679485,-1.3947199984367828,180,180,180,180,180,140,140
31.692651510238647,0.608295721437604,4.2743437844777095,0.2617993877991417,-0.13962634015954223,-1.3882214622949636,180,180,180,180,180,140,140
31.702869176864624,0.608295721437604,4.2743437844777095,0.2617993877991417,-0.12217304763959944,-1.3882214622949636,180,180,180,180,180,140,140
31.713107347488403,0.608295721437604,4.2743437844777095,0.2617993877991417,-0.12217304763959944,-1.3882214622949636,180,180,180,180,180,180,150
31.723318338394165,0.608295721437604,4.2743437844777095,0.2617993877991417,-0.10471975511965666,-1.3882214622949636,180,180,180,180,180,180,150
31.73399257659912,0.6066502933407206,4.265566000257188,0.2617993877991417,-0.10471975511965666,-1.383085645495432,180,180,180,180,180,180,150
31.744245529174805,0.6066502933407206,4.265566000257188,0.2617993877991417,-0.08726646259971389,-1.383085645495432,180,180,180,180,180,180,150
31.754443407058716,0.6066502933407206,4.265566000257188,0.2617993877991417,-0.06981317007977111,-1.383085645495432,180,180,180,180,180,180,150
31.7646484375,0.605015315834168,4.257053241611255,0.2617993877991417,-0.06981317007977111,-1.3793463754521067,180,180,180,180,180,180,150
31.78240466117859,0.605015315834168,4.257053241611255,0.2617993877991417,-0.06981317007977111,-1.3793463754521067,180,180,180,180,180,180,150
31.792651414871216,0.6033542931378846,4.248525052868999,0.2617993877991417,-0.05235987755982833,-1.3766233565106585,180,180,180,180,180,180,150
31.802850484848022,0.6033542931378846,4.248525052868999,0.2617993877991417,-0.05235987755982833,-1.3766233565106585,180,180,180,180,180,180,150
31.813087463378906,0.6033542931378846,4.248525052868999,0.2617993877991417,-0.05235987755982833,-1.3766233565106585,180,180,180,180,180,180,150
31.831499099731445,0.6033542931378846,4.248525052868999,0.2617993877991417,-0.05235987755982833,-1.3766233565106585,180,180,180,180,180,180,150
31.841875791549683,0.6016270849754765,4.2397803428933045,0.2617993877991417,-0.05235987755982833,-1.3747761178364268,180,180,180,180,180,180,150
31.852102041244507,0.6016270849754765,4.2397803428933045,0.2617993877991417,-0.05235987755982833,-1.3747761178364268,180,180,180,180,180,180,150
31.86232900619507,0.5999389150276574,4.2313160011489,0.2617993877991417,-0.05235987755982833,-1.373179861039902,180,180,180,180,180,180,180
31.872558116912842,0.5999389150276574,4.2313160011489,0.2617993877991417,-0.05235987755982833,-1.373179861039902,180,180,180,180,180,180,180
31.88312602043152,0.5999389150276574,4.2313160011489,0.2617993877991417,-0.05235987755982833,-1.373179861039902,180,180,180,180,180,180,180
31.893352508544922,0.5982362676245042,4.222846927718218,0.2617993877991417,-0.05235987755982833,-1.3716134664155306,180,180,180,180,180,180,180
31.903582096099854,0.5982362676245042,4.222846927718218,0.2617993877991417,-0.05235987755982833,-1.3716134664155306,180,180,180,180,180,180,180
31.91388201713562,0.5982362676245042,4.222846927718218,0.2617993877991417,-0.05235987755982833,-1.3716134664155306,180,180,180,180,140,140,150
31.930817365646362,0.5982362676245042,4.222846927718218,0.2617993877991417,-0.05235987755982833,-1.3716134664155306,180,180,180,180,140,140,150
31.94119358062744,0.5964660993446336,4.214112117502342,0.2617993877991417,-0.05235987755982833,-1.3700080951732985,180,180,180,180,140,140,150
31.951446533203125,0.5964660993446336,4.214112117502342,0.2617993877991417,-0.05235987755982833,-1.3700080951732985,180,180,180,180,140,130,140
31.9616539478302,0.5947328080488608,4.205625813048142,0.2617993877991417,-0.05235987755982833,-1.368431338312031,180,180,180,180,140,130,140
31.97185444831848,0.5947328080488608,4.205625813048142,0.2617993877991417,-0.05235987755982833,-1.368431338312031,180,180,180,180,140,130,140
31.983115196228027,0.5947328080488608,4.205625813048142,0.2617993877991417,-0.05235987755982833,-1.368431338312031,180,180,180,180,140,130,140
31.99332332611084,0.5929845570980424,4.19713602676146,0.2617993877991417,-0.05235987755982833,-1.3668177965245671,180,180,180,180,140,130,140
32.003517150878906,0.5929845570980424,4.19713602676146,0.2617993877991417,-0.05235987755982833,-1.3668177965245671,180,180,180,180,140,130,140
32.013726234436035,0.5929845570980424,4.19713602676146,0.2617993877991417,-0.05235987755982833,-1.3668177965245671,180,180,180,180,140,130,140
32.03081727027893,0.5911673829879455,4.188393171037685,0.2617993877991417,-0.05235987755982833,-1.3650530294013514,180,180,180,180,140,130,140
32.0410315990448,0.5911673829879455,4.188393171037685,0.2617993877991417,-0.05235987755982833,-1.3650530294013514,180,180,180,180,140,130,140
32.051244258880615,0.5911673829879455,4.188393171037685,0.2617993877991417,-0.05235987755982833,-1.3650530294013514,180,180,180,180,140,140,130
32.06173634529114,0.5893963070585003,4.179931074925804,0.2617993877991417,-0.05235987755982833,-1.3630799243735179,180,180,180,180,140,140,130
32.071953773498535,0.5893963070585003,4.179931074925804,0.2617993877991417,-0.05235987755982833,-1.3630799243735179,180,180,180,180,140,140,130
32.08286261558533,0.5893963070585003,4.179931074925804,0.2617993877991417,-0.05235987755982833,-1.3630799243735179,180,180,180,180,140,140,130
32.093122720718384,0.5876099759391137,4.171496673400847,0.2617993877991417,-0.05235987755982833,-1.360892425867215,180,180,180,180,140,140,130
32.10335397720337,0.5876099759391137,4.171496673400847,0.2617993877991417,-0.05235987755982833,-1.360892425867215,180,180,180,180,140,140,130
32.11360573768616,0.5876099759391137,4.171496673400847,0.2617993877991417,-0.05235987755982833,-1.360892425867215,180,180,180,180,180,130,180
32.130876541137695,0.5857440676551773,4.1627776530169545,0.2617993877991417,-0.05235987755982833,-1.3588686830643304,180,180,180,180,180,130,180
32.14103984832764,0.5857440676551773,4.1627776530169545,0.2617993877991417,-0.05235987755982833,-1.3588686830643304,180,180,180,180,180,130,180
32.15121793746948,0.5857440676551773,4.1627776530169545,0.2617993877991417,-0.05235987755982833,-1.3588686830643304,180,180,180,180,180,130,180
32.16142153739929,0.5839184924680973,4.15432853761339,0.2617993877991417,-0.05235987755982833,-1.356975504090903,180,180,180,180,180,130,180
32.18330979347229,0.5839184924680973,4.15432853761339,0.2617993877991417,-0.05235987755982833,-1.356975504090903,180,180,180,180,180,130,180
32.193647384643555,0.58208191099691,4.145898518233519,0.2617993877991417,-0.05235987755982833,-1.355255817743612,180,180,180,180,180,130,180
32.203877687454224,0.58208191099691,4.145898518233519,0.2617993877991417,-0.05235987755982833,-1.355255817743612,180,180,180,180,180,130,180
32.21413612365723,0.58208191099691,4.145898518233519,0.2617993877991417,-0.05235987755982833,-1.355255817743612,180,180,180,180,180,180,180
32.232250452041626,0.58208191099691,4.145898518233519,0.2617993877991417,-0.05235987755982833,-1.355255817743612,180,180,180,180,180,180,180
32.24257278442383,0.5801760429063256,4.13721937767815,0.2617993877991417,-0.05235987755982833,-1.3535763956872842,180,180,180,180,180,180,180
32.25277137756348,0.5801760429063256,4.13721937767815,0.2617993877991417,-0.05235987755982833,-1.3535763956872842,180,180,180,180,180,180,180
32.262998819351196,0.5783096947421426,4.128794189818492,0.2617993877991417,-0.05235987755982833,-1.3519745432018753,180,180,180,180,180,180,180
32.27324891090393,0.5783096947421426,4.128794189818492,0.2617993877991417,-0.05235987755982833,-1.3519745432018753,180,180,180,180,180,180,180
32.28519034385681,0.5783096947421426,4.128794189818492,0.2617993877991417,-0.05235987755982833,-1.3519745432018753,180,180,180,180,180,180,180
32.295403242111206,0.5764279117256722,4.120362287565821,0.2617993877991417,-0.05235987755982833,-1.3503854649231088,180,180,180,180,180,180,180
32.30561542510986,0.5764279117256722,4.120362287565821,0.2617993877991417,-0.05235987755982833,-1.3503854649231088,180,180,180,180,180,130,180
32.3158392906189,0.5764279117256722,4.120362287565821,0.2617993877991417,-0.05235987755982833,-1.3503854649231088,180,180,180,180,180,130,180
32.32605028152466,0.5764279117256722,4.120362287565821,0.2617993877991417,-0.05235987755982833,-1.3503854649231088,180,180,180,180,180,130,180
32.33628797531128,0.5744727633145027,4.111665916080177,0.2617993877991417,-0.05235987755982833,-1.3487497388528682,180,180,180,180,180,130,180
32.34648561477661,0.5744727633145027,4.111665916080177,0.2617993877991417,-0.05235987755982833,-1.3487497388528682,180,180,180,180,180,130,180
32.3566734790802,0.5744727633145027,4.111665916080177,0.2617993877991417,-0.05235987755982833,-1.3487497388528682,180,180,180,180,180,130,180
32.366865396499634,0.5725592293664115,4.103216675325152,0.2617993877991417,-0.05235987755982833,-1.3471426990264281,180,180,180,180,180,130,180
32.37708282470703,0.5725592293664115,4.103216675325152,0.2617993877991417,-0.05235987755982833,-1.3471426990264281,180,180,180,180,180,130,180
32.388163805007935,0.5725592293664115,4.103216675325152,0.2617993877991417,-0.05235987755982833,-1.3471426990264281,180,180,180,180,180,130,180
32.39837861061096,0.5706298586699139,4.094763429172547,0.2617993877991417,-0.05235987755982833,-1.3455096586116337,180,180,180,180,180,130,180
32.40858054161072,0.5706298586699139,4.094763429172547,0.2617993877991417,-0.05235987755982833,-1.3455096586116337,180,180,180,180,180,130,180
32.418784856796265,0.5706298586699139,4.094763429172547,0.2617993877991417,-0.05235987755982833,-1.3455096586116337,180,180,180,180,180,180,180
32.42899703979492,0.5686259210015604,4.086055898485361,0.2617993877991417,-0.05235987755982833,-1.3437387378829921,180,180,180,180,180,180,180
32.43919777870178,0.5686259210015604,4.086055898485361,0.2617993877991417,-0.05235987755982833,-1.3437387378829921,180,180,180,180,180,180,180
32.449400424957275,0.5686259210015604,4.086055898485361,0.2617993877991417,-0.05235987755982833,-1.3437387378829921,180,180,180,180,180,180,180
32.45958375930786,0.5666716004155851,4.077620571358231,0.2617993877991417,-0.05235987755982833,-1.3418190971857689,180,180,180,180,180,130,180
32.46977925300598,0.5666716004155851,4.077620571358231,0.2617993877991417,-0.05235987755982833,-1.3418190971857689,180,180,180,180,180,130,180
32.48115587234497,0.5666716004155851,4.077620571358231,0.2617993877991417,-0.06981317007977111,-1.3418190971857689,180,180,180,180,180,130,180
32.49137473106384,0.5666716004155851,4.077620571358231,0.2617993877991417,-0.06981317007977111,-1.3418190971857689,180,180,180,180,180,130,180
32.501566648483276,0.5647059486291988,4.069225354834185,0.2617993877991417,-0.06981317007977111,-1.339598277292453,180,180,180,180,180,130,180
32.511757612228394,0.5647059486291988,4.069225354834185,0.2617993877991417,-0.06981317007977111,-1.339598277292453,180,180,180,180,180,130,180
32.53108286857605,0.5626525076192366,4.0605473201066555,0.2617993877991417,-0.08726646259971389,-1.3370103436400507,180,180,180,180,180,130,180
32.54129886627197,0.5626525076192366,4.0605473201066555,0.2617993877991417,-0.08726646259971389,-1.3370103436400507,180,180,180,180,180,130,180
32.55322313308716,0.5626525076192366,4.0605473201066555,0.2617993877991417,-0.08726646259971389,-1.3370103436400507,180,180,180,180,180,130,180
32.5634880065918,0.560646339095266,4.05215796803323,0.2617993877991417,-0.08726646259971389,-1.33415274805184,180,180,180,180,180,130,180
32.57369112968445,0.560646339095266,4.05215796803323,0.2617993877991417,-0.08726646259971389,-1.33415274805184,180,180,180,180,180,130,180
32.58573889732361,0.560646339095266,4.05215796803323,0.2617993877991417,-0.08726646259971389,-1.33415274805184,180,180,180,180,180,130,180
32.595964431762695,0.5586170908259175,4.043786034885939,0.2617993877991417,-0.08726646259971389,-1.3314247349543522,180,180,180,180,180,130,180
32.606157064437866,0.5586170908259175,4.043786034885939,0.2617993877991417,-0.10471975511965666,-1.3314247349543522,180,180,180,180,180,130,180
32.6163809299469,0.5586170908259175,4.043786034885939,0.2617993877991417,-0.10471975511965666,-1.3314247349543522,180,180,180,180,180,130,180
32.63282346725464,0.5586170908259175,4.043786034885939,0.2617993877991417,-0.10471975511965666,-1.3314247349543522,180,180,180,180,180,130,180
32.64306974411011,0.5564973755395629,4.035150302900259,0.2617993877991417,-0.10471975511965666,-1.328562611345852,180,180,180,180,180,130,180
32.65326929092407,0.5564973755395629,4.035150302900259,0.2617993877991417,-0.10471975511965666,-1.328562611345852,180,190,180,180,180,140,180
32.66357374191284,0.5544113938501865,4.026764148720695,0.2617993877991417,-0.10471975511965666,-1.3252521568759341,180,190,180,180,180,140,180
32.67382550239563,0.5544113938501865,4.026764148720695,0.2617993877991417,-0.10471975511965666,-1.3252521568759341,180,190,180,180,180,140,180
32.68408155441284,0.5544113938501865,4.026764148720695,0.2617993877991417,-0.10471975511965666,-1.3252521568759341,180,190,180,180,180,140,180
32.69439148902893,0.5522950608842413,4.01837193296069,0.2617993877991417,-0.10471975511965666,-1.321907606677211,180,190,180,180,180,140,180
32.704561948776245,0.5522950608842413,4.01837193296069,0.2617993877991417,-0.10471975511965666,-1.321907606677211,180,190,180,180,180,140,180
32.71509289741516,0.5522950608842413,4.01837193296069,0.2617993877991417,-0.12217304763959944,-1.321907606677211,180,180,180,180,180,130,180
32.73318839073181,0.5522950608842413,4.01837193296069,0.2617993877991417,-0.12217304763959944,-1.321907606677211,180,180,180,180,180,130,180
32.74360656738281,0.5500818872640332,4.009720606121781,0.2617993877991417,-0.12217304763959944,-1.3184576589146242,180,180,180,180,180,130,180
32.75379943847656,0.5500818872640332,4.009720606121781,0.2617993877991417,-0.12217304763959944,-1.3184576589146242,180,180,180,180,180,130,180
32.764036655426025,0.5478986116775916,4.001315409145034,0.2617993877991417,-0.12217304763959944,-1.314534337587908,190,180,180,180,180,130,180
32.78152894973755,0.5478986116775916,4.001315409145034,0.2617993877991417,-0.12217304763959944,-1.314534337587908,190,180,180,180,180,130,180
32.791797399520874,0.5478986116775916,4.001315409145034,0.2617993877991417,-0.13962634015954223,-1.314534337587908,190,180,180,180,180,130,180
32.801987648010254,0.545678835253849,3.9929082739948956,0.2617993877991417,-0.13962634015954223,-1.3105637754338986,190,180,180,180,180,130,180
32.812159299850464,0.545678835253849,3.9929082739948956,0.2617993877991417,-0.13962634015954223,-1.3105637754338986,190,180,180,180,180,130,180
32.8223512172699,0.545678835253849,3.9929082739948956,0.2617993877991417,-0.13962634015954223,-1.3105637754338986,190,180,180,180,180,130,180
32.833799839019775,0.5433512386719687,3.9842458790257784,0.2617993877991417,-0.13962634015954223,-1.3058422839005916,190,180,180,180,180,130,180
32.84399366378784,0.5433512386719687,3.9842458790257784,0.2617993877991417,-0.13962634015954223,-1.3058422839005916,190,180,180,180,180,130,180
32.85416507720947,0.5433512386719687,3.9842458790257784,0.2617993877991417,-0.13962634015954223,-1.3058422839005916,190,180,180,130,180,130,180
32.864336252212524,0.5410521227223374,3.9758505785641747,0.2617993877991417,-0.13962634015954223,-1.3011470386905013,190,180,180,130,180,130,180
32.87451410293579,0.5410521227223374,3.9758505785641747,0.2617993877991417,-0.13962634015954223,-1.3011470386905013,190,180,180,130,180,130,180
32.88468408584595,0.5410521227223374,3.9758505785641747,0.2617993877991417,-0.13962634015954223,-1.3011470386905013,190,180,180,130,180,130,180
32.89488387107849,0.5387236899199158,3.9674948091144255,0.2617993877991417,-0.13962634015954223,-1.2962630310536094,190,180,180,130,180,130,180
32.90509366989136,0.5387236899199158,3.9674948091144255,0.2617993877991417,-0.13962634015954223,-1.2962630310536094,180,180,180,130,180,120,180
32.91535782814026,0.5387236899199158,3.9674948091144255,0.2617993877991417,-0.13962634015954223,-1.2962630310536094,180,180,180,130,180,120,180
32.93163800239563,0.5387236899199158,3.9674948091144255,0.2617993877991417,-0.13962634015954223,-1.2962630310536094,180,180,180,130,180,120,180
32.94181418418884,0.5362916574090665,3.958920952751145,0.2617993877991417,-0.13962634015954223,-1.2913087948306465,180,180,180,130,180,120,180
32.95198917388916,0.5362916574090665,3.958920952751145,0.2617993877991417,-0.13962634015954223,-1.2913087948306465,180,180,180,130,180,120,180
32.962198972702026,0.5338921597963335,3.950631811041741,0.2617993877991417,-0.13962634015954223,-1.2867547683115266,180,180,180,180,180,130,180
32.97998571395874,0.5338921597963335,3.950631811041741,0.2617993877991417,-0.13962634015954223,-1.2867547683115266,180,180,180,180,180,130,180
32.990172386169434,0.5338921597963335,3.950631811041741,0.2617993877991417,-0.13962634015954223,-1.2867547683115266,180,180,180,180,180,130,180
33.00035881996155,0.5314537834501397,3.942350989530106,0.2617993877991417,-0.13962634015954223,-1.2822501648103164,180,190,180,180,180,130,180
33.010536193847656,0.5314537834501397,3.942350989530106,0.2617993877991417,-0.13962634015954223,-1.2822501648103164,180,190,180,180,180,130,180
33.02070188522339,0.5314537834501397,3.942350989530106,0.2617993877991417,-0.13962634015954223,-1.2822501648103164,180,190,180,180,180,130,180
33.03348994255066,0.5314537834501397,3.942350989530106,0.2617993877991417,-0.13962634015954223,-1.2822501648103164,180,190,180,180,180,130,180
33.04369902610779,0.5289004023403417,3.9338173535263197,0.2617993877991417,-0.13962634015954223,-1.277569454365962,180,190,180,180,180,130,180
33.05396056175232,0.5289004023403417,3.9338173535263197,0.2617993877991417,-0.13962634015954223,-1.277569454365962,180,180,180,180,180,120,180
33.06501245498657,0.5263813161174337,3.925536259779726,0.2617993877991417,-0.13962634015954223,-1.2730240578520235,180,180,180,180,180,120,180
33.08140444755554,0.5263813161174337,3.925536259779726,0.2617993877991417,-0.13962634015954223,-1.2730240578520235,180,180,180,180,180,120,180
33.09177875518799,0.5263813161174337,3.925536259779726,0.2617993877991417,-0.13962634015954223,-1.2730240578520235,180,180,180,180,180,120,180
33.10214042663574,0.5238210123288367,3.917255315583013,0.2617993877991417,-0.13962634015954223,-1.268469411268411,180,180,180,180,180,120,180
33.11247158050537,0.5238210123288367,3.917255315583013,0.2617993877991417,-0.13962634015954223,-1.268469411268411,180,180,180,180,180,180,180
33.13253116607666,0.5238210123288367,3.917255315583013,0.2617993877991417,-0.13962634015954223,-1.268469411268411,180,180,180,180,180,180,180
33.14303541183472,0.521139710373737,3.9087236113308856,0.2617993877991417,-0.13962634015954223,-1.2637650389085253,180,180,180,180,180,180,180
33.153239727020264,0.521139710373737,3.9087236113308856,0.2617993877991417,-0.13962634015954223,-1.2637650389085253,180,180,180,180,180,120,180
33.1634566783905,0.5184948181439214,3.900443210634112,0.2617993877991417,-0.13962634015954223,-1.2591863569674029,180,180,180,180,180,120,180
33.1736626625061,0.5184948181439214,3.900443210634112,0.2617993877991417,-0.13962634015954223,-1.2591863569674029,180,180,180,180,180,120,180
33.18385195732117,0.5184948181439214,3.900443210634112,0.2617993877991417,-0.13962634015954223,-1.2591863569674029,180,180,180,180,180,120,180
33.19406056404114,0.5158080085799449,3.8921640922527247,0.2617993877991417,-0.13962634015954223,-1.254594989311797,180,180,180,180,180,120,180
33.204283475875854,0.5158080085799449,3.8921640922527247,0.2617993877991417,-0.13962634015954223,-1.254594989311797,180,180,180,180,180,120,180
33.21452736854553,0.5158080085799449,3.8921640922527247,0.2617993877991417,-0.13962634015954223,-1.254594989311797,180,180,180,180,120,120,180
33.22982716560364,0.5158080085799449,3.8921640922527247,0.2617993877991417,-0.13962634015954223,-1.254594989311797,180,180,180,180,120,120,180
33.24035310745239,0.5129965682577116,3.883638639162722,0.2617993877991417,-0.13962634015954223,-1.2498543363515708,180,180,180,180,120,120,180
33.25062584877014,0.5129965682577116,3.883638639162722,0.2617993877991417,-0.13962634015954223,-1.2498543363515708,180,180,180,180,130,120,180
33.26088619232178,0.5102292638061926,3.8753798002668076,0.2617993877991417,-0.12217304763959944,-1.245253780174899,180,180,180,180,130,120,180
33.27114462852478,0.5102292638061926,3.8753798002668076,0.2617993877991417,-0.12217304763959944,-1.245253780174899,180,180,180,180,130,120,180
33.28321194648743,0.5102292638061926,3.8753798002668076,0.2617993877991417,-0.12217304763959944,-1.245253780174899,180,180,180,180,130,120,180
33.29353904724121,0.5074303255552562,3.867151734795376,0.2617993877991417,-0.12217304763959944,-1.2412234732119611,180,180,180,180,130,120,180
33.30383348464966,0.5074303255552562,3.867151734795376,0.2617993877991417,-0.12217304763959944,-1.2412234732119611,190,190,180,180,190,190,180
33.31408739089966,0.5074303255552562,3.867151734795376,0.2617993877991417,-0.10471975511965666,-1.2412234732119611,190,190,180,180,190,190,180
33.33541703224182,0.5074303255552562,3.867151734795376,0.2617993877991417,-0.08726646259971389,-1.2412234732119611,190,190,180,180,190,190,180
33.34716248512268,0.5045319083744059,3.858726502417769,0.2617993877991417,-0.06981317007977111,-1.237160279215797,190,190,180,180,190,190,180
33.35740566253662,0.5045319083744059,3.858726502417769,0.2617993877991417,-0.06981317007977111,-1.237160279215797,180,180,180,180,190,180,180
33.36769700050354,0.5017070003659895,3.850618038295412,0.2617993877991417,-0.06981317007977111,-1.2339576590698675,180,180,180,180,190,180,180
33.38409948348999,0.5017070003659895,3.850618038295412,0.2617993877991417,-0.05235987755982833,-1.2339576590698675,180,180,180,180,190,180,180
33.39433932304382,0.49884757512227046,3.842488564885678,0.2617993877991417,-0.05235987755982833,-1.231635993857865,180,180,180,180,190,180,180
33.40461587905884,0.49884757512227046,3.842488564885678,0.2617993877991417,0.0,-1.231635993857865,180,180,180,180,190,180,180
33.41483736038208,0.49884757512227046,3.842488564885678,0.2617993877991417,0.0,-1.231635993857865,180,180,180,180,180,120,180
33.43387532234192,0.49884757512227046,3.842488564885678,0.2617993877991417,0.0,-1.231635993857865,180,180,180,180,180,120,180
33.44423484802246,0.49588399852586273,3.83411445927692,0.2617993877991417,0.0,-1.2298246092801326,180,180,180,180,180,120,180
33.45444297790527,0.49588399852586273,3.83411445927692,0.2617993877991417,0.0,-1.2298246092801326,180,180,180,180,180,180,180
33.46465182304382,0.49300036380741163,3.8259887901582488,0.2617993877991417,0.0,-1.229669160658485,180,180,180,180,180,180,180
33.48133683204651,0.49300036380741163,3.8259887901582488,0.2617993877991417,0.0,-1.229669160658485,180,180,180,180,180,180,180
33.49152874946594,0.49300036380741163,3.8259887901582488,0.2617993877991417,0.0,-1.229669160658485,180,180,180,180,180,180,180
33.50171136856079,0.49011215338158015,3.8178505295341503,0.2617993877991417,0.0,-1.2296437299608074,180,180,180,180,180,180,180
33.51196336746216,0.49011215338158015,3.8178505295341503,0.2617993877991417,0.0,-1.2296437299608074,180,180,180,180,180,180,180
33.52221941947937,0.49011215338158015,3.8178505295341503,0.2617993877991417,0.0,-1.2296437299608074,180,180,180,180,180,180,180
33.53240489959717,0.4871326846969138,3.809455896710749,0.2617993877991417,0.0,-1.2296165527451308,180,180,180,180,180,180,180
33.54259014129639,0.4871326846969138,3.809455896710749,0.2617993877991417,0.0,-1.2296165527451308,180,180,180,180,180,180,180
33.55276942253113,0.4871326846969138,3.809455896710749,0.2617993877991417,0.0,-1.2296165527451308,180,180,180,180,180,180,180
33.56295371055603,0.4842372241317231,3.8012988219930315,0.2617993877991417,0.0,-1.2295904833864766,180,180,180,180,180,180,180
33.57314920425415,0.4842372241317231,3.8012988219930315,0.2617993877991417,0.0,-1.2295904833864766,180,180,180,180,180,180,180
33.583375692367554,0.4842372241317231,3.8012988219930315,0.2617993877991417,0.0,-1.2295904833864766,180,180,180,180,180,180,180
33.59357047080994,0.48133773053295265,3.7931327994469903,0.2617993877991417,0.0,-1.229570126802523,180,180,180,180,180,180,180
33.60377073287964,0.48133773053295265,3.7931327994469903,0.2617993877991417,0.0,-1.229570126802523,180,180,180,180,180,180,180
33.61400127410889,0.48133773053295265,3.7931327994469903,0.2617993877991417,0.0,-1.229570126802523,180,180,180,180,180,180,180
33.63224768638611,0.48133773053295265,3.7931327994469903,0.2617993877991417,0.0,-1.229570126802523,180,180,180,180,180,180,180
33.64266276359558,0.47834704822116864,3.7847125022251396,0.2617993877991417,0.0,-1.2295635677790782,180,180,180,180,180,180,180
33.65286636352539,0.47834704822116864,3.7847125022251396,0.2617993877991417,0.0,-1.2295635677790782,190,180,180,180,180,180,180
33.66306948661804,0.47544463737851994,3.776545131749325,0.2617993877991417,0.0,-1.2295883298546537,190,180,180,180,180,180,180
33.68081259727478,0.47544463737851994,3.776545131749325,0.2617993877991417,0.0,-1.2295883298546537,190,180,180,180,180,180,180
33.69103288650513,0.472548568724814,3.7683951912189255,0.2617993877991417,0.0,-1.2296514893785355,190,180,180,180,180,180,180
33.70124888420105,0.472548568724814,3.7683951912189255,0.2617993877991417,0.0,-1.2296514893785355,190,180,180,180,180,180,180
33.71146535873413,0.472548568724814,3.7683951912189255,0.2617993877991417,0.0,-1.2296514893785355,190,190,190,190,190,180,190
33.72168445587158,0.472548568724814,3.7683951912189255,0.2617993877991417,0.0,-1.2296514893785355,190,190,190,190,190,180,190
33.73410892486572,0.46958598130353274,3.760037861098514,0.2617993877991417,0.0,-1.229695368258385,190,190,190,190,190,180,190
33.744365215301514,0.46958598130353274,3.760037861098514,0.2617993877991417,0.0,-1.229695368258385,190,190,190,190,190,180,190
33.754557847976685,0.46958598130353274,3.760037861098514,0.2617993877991417,0.0,-1.229695368258385,190,190,190,190,190,180,190
33.76481652259827,0.46670937720904676,3.7519311713742987,0.2617993877991417,0.0,-1.2296618892331381,190,190,190,190,190,180,190
33.7751042842865,0.46670937720904676,3.7519311713742987,0.2617993877991417,0.0,-1.2296618892331381,190,190,190,190,190,180,190
33.78530764579773,0.46670937720904676,3.7519311713742987,0.2617993877991417,0.0,-1.2296618892331381,190,190,190,190,190,180,190
33.79549741744995,0.46383031431929717,3.7438199871647537,0.2617993877991417,0.0,-1.229619773737501,190,190,190,190,190,180,190
33.80567646026611,0.46383031431929717,3.7438199871647537,0.2617993877991417,0.0,-1.229619773737501,190,190,180,180,180,180,180
33.81672430038452,0.46383031431929717,3.7438199871647537,0.2617993877991417,0.0,-1.229619773737501,190,190,180,180,180,180,180
33.833799600601196,0.4608608774354855,3.7354547751281557,0.2617993877991417,0.0,-1.2295849854862897,190,190,180,180,180,180,180
33.84403705596924,0.4608608774354855,3.7354547751281557,0.2617993877991417,0.0,-1.2295849854862897,190,190,180,180,180,180,180
33.85425066947937,0.4608608774354855,3.7354547751281557,0.2617993877991417,0.0,-1.2295849854862897,190,190,180,180,180,180,180
33.86443734169006,0.4579750532624889,3.727325516854071,0.2617993877991417,0.0,-1.229557012657723,190,190,180,180,180,180,180
33.88152098655701,0.4579750532624889,3.727325516854071,0.2617993877991417,0.0,-1.229557012657723,190,190,180,180,180,180,180
33.89173340797424,0.4579750532624889,3.727325516854071,0.2617993877991417,0.0,-1.229557012657723,190,190,180,180,180,180,180
33.90191912651062,0.45508551489072646,3.7191864262499124,0.2617993877991417,0.0,-1.229531545789317,190,190,180,190,180,180,180
33.912166595458984,0.45508551489072646,3.7191864262499124,0.2617993877991417,0.0,-1.229531545789317,190,190,180,190,180,180,180
33.92242360115051,0.45508551489072646,3.7191864262499124,0.2617993877991417,0.0,-1.229531545789317,190,190,180,190,180,180,180
33.932658195495605,0.4521046896013049,3.710790959617662,0.2617993877991417,0.0,-1.2295042538956877,190,190,180,190,180,180,180
33.942864418029785,0.4521046896013049,3.710790959617662,0.2617993877991417,0.0,-1.2295042538956877,190,190,180,190,180,180,180
33.953054428100586,0.4521046896013049,3.710790959617662,0.2617993877991417,0.0,-1.2295042538956877,190,190,180,190,190,180,180
33.963253021240234,0.4492079185776244,3.702633135638465,0.2617993877991417,0.0,-1.2294781648363944,190,190,180,190,190,180,180
33.97349500656128,0.4492079185776244,3.702633135638465,0.2617993877991417,0.0,-1.2294781648363944,190,190,180,190,190,180,180
33.98375630378723,0.4492079185776244,3.702633135638465,0.2617993877991417,0.0,-1.2294781648363944,190,190,180,190,190,180,180
33.99395823478699,0.44630700508258764,3.6944664841256505,0.2617993877991417,0.0,-1.229457135377036,190,190,180,190,190,180,180
34.00415110588074,0.44630700508258764,3.6944664841256505,0.2617993877991417,0.0,-1.229457135377036,190,190,180,190,190,180,180
34.01501941680908,0.44630700508258764,3.6944664841256505,0.2617993877991417,0.0,-1.229457135377036,190,190,180,190,190,180,190
34.03097081184387,0.44331523066167494,3.6860462853435916,0.2617993877991417,0.0,-1.2294528871379977,190,190,180,190,190,180,190
34.041263580322266,0.44331523066167494,3.6860462853435916,0.2617993877991417,0.0,-1.2294528871379977,190,190,180,190,190,180,190
34.05148100852966,0.44331523066167494,3.6860462853435916,0.2617993877991417,0.0,-1.2294528871379977,190,190,180,190,190,180,190
34.06170630455017,0.4404119670857489,3.677880665759161,0.2617993877991417,0.0,-1.2294775268399616,190,190,190,190,190,180,190
34.07192540168762,0.4404119670857489,3.677880665759161,0.2617993877991417,0.0,-1.2294775268399616,190,190,190,190,190,180,190
34.082157135009766,0.4404119670857489,3.677880665759161,0.2617993877991417,0.0,-1.2294775268399616,190,190,190,190,190,180,190
34.09236693382263,0.4375159201225817,3.669734735419679,0.2617993877991417,0.0,-1.2295498549732318,190,190,190,190,190,180,190
34.10255837440491,0.4375159201225817,3.669734735419679,0.2617993877991417,0.0,-1.2295498549732318,190,190,190,190,190,190,190
34.11290454864502,0.4375159201225817,3.669734735419679,0.2617993877991417,0.0,-1.2295498549732318,190,190,190,190,190,190,190
34.130998611450195,0.4375159201225817,3.669734735419679,0.2617993877991417,0.0,-1.2295498549732318,190,190,190,190,190,190,190
34.14128041267395,0.43455504600389844,3.661381852605732,0.2617993877991417,0.0,-1.2295631336311232,190,190,190,190,190,190,190
34.15156149864197,0.43455504600389844,3.661381852605732,0.2617993877991417,0.0,-1.2295631336311232,190,190,190,190,190,190,190
34.16208863258362,0.4316768003180203,3.653273718908697,0.2617993877991417,0.0,-1.2295403400533225,190,200,190,190,190,190,190
34.17230248451233,0.4316768003180203,3.653273718908697,0.2617993877991417,0.0,-1.2295403400533225,190,200,190,190,190,190,190
34.1865017414093,0.4316768003180203,3.653273718908697,0.2617993877991417,0.0,-1.2295403400533225,190,200,190,190,190,190,190
34.19671940803528,0.42879630674665725,3.645162348035608,0.2617993877991417,0.0,-1.2294994125742345,190,200,190,190,190,190,190
34.206918478012085,0.42879630674665725,3.645162348035608,0.2617993877991417,0.0,-1.2294994125742345,180,190,180,180,190,190,190
34.217161655426025,0.42879630674665725,3.645162348035608,0.2617993877991417,0.0,-1.2294994125742345,180,190,180,180,190,190,190
34.23147201538086,0.42879630674665725,3.645162348035608,0.2617993877991417,0.0,-1.2294994125742345,180,190,180,180,190,190,190
34.24178886413574,0.4258254903132047,3.6367963601299023,0.2617993877991417,0.0,-1.2294649454187185,180,190,180,180,190,190,190
34.25199794769287,0.4258254903132047,3.6367963601299023,0.2617993877991417,0.0,-1.2294649454187185,180,190,180,190,190,190,190
34.262192249298096,0.4229382612609497,3.6286662064913586,0.2617993877991417,0.0,-1.2294378270842192,180,190,180,190,190,190,190
34.27237915992737,0.4229382612609497,3.6286662064913586,0.2617993877991417,0.0,-1.2294378270842192,180,190,180,190,190,190,190
34.28256344795227,0.4229382612609497,3.6286662064913586,0.2617993877991417,0.0,-1.2294378270842192,180,190,180,190,190,190,190
34.29275155067444,0.42004735490670786,3.6205263502967733,0.2617993877991417,0.0,-1.2294122002861274,180,190,180,190,190,190,190
34.30294990539551,0.42004735490670786,3.6205263502967733,0.2617993877991417,0.0,-1.2294122002861274,180,190,180,190,190,190,190
34.31316900253296,0.42004735490670786,3.6205263502967733,0.2617993877991417,0.0,-1.2294122002861274,180,190,180,190,190,190,190
34.331101179122925,0.41706511320921485,3.612130082557111,0.2617993877991417,0.0,-1.229384985870672,180,190,180,190,190,190,190
34.34131622314453,0.41706511320921485,3.612130082557111,0.2617993877991417,0.0,-1.229384985870672,180,190,180,190,190,190,190
34.35150623321533,0.41706511320921485,3.612130082557111,0.2617993877991417,0.0,-1.229384985870672,180,190,180,190,190,190,190
34.36177372932434,0.4141669350087068,3.603971517642702,0.2617993877991417,0.0,-1.2293592743245771,180,190,180,190,190,190,190
34.38242292404175,0.4141669350087068,3.603971517642702,0.2617993877991417,0.0,-1.2293592743245771,180,190,180,190,190,190,190
34.39263367652893,0.41126460191650877,3.5958041829953933,0.2617993877991417,0.0,-1.2293394100784896,180,190,180,190,190,190,190
34.40282917022705,0.41126460191650877,3.5958041829953933,0.2617993877991417,0.0,-1.2293394100784896,180,190,190,190,190,190,190
34.413042068481445,0.41126460191650877,3.5958041829953933,0.2617993877991417,0.0,-1.2293394100784896,180,190,190,190,190,190,190
34.43161988258362,0.40827177657177305,3.58738430757838,0.2617993877991417,0.0,-1.229339274927995,180,190,190,190,190,190,190
34.441887855529785,0.40827177657177305,3.58738430757838,0.2617993877991417,0.0,-1.229339274927995,180,190,190,190,190,190,190
34.45207333564758,0.40827177657177305,3.58738430757838,0.2617993877991417,0.0,-1.229339274927995,180,190,190,190,190,190,190
34.46235918998718,0.4053677315486099,3.5792208457749712,0.2617993877991417,0.0,-1.2293664569888794,180,180,190,190,190,190,190
34.48230838775635,0.4053677315486099,3.5792208457749712,0.2617993877991417,0.0,-1.2293664569888794,180,180,190,190,190,190,190
34.492549896240234,0.40247243470260113,3.5710791970283537,0.2617993877991417,0.0,-1.2294508536082362,180,180,190,190,190,190,190
34.50274586677551,0.40247243470260113,3.5710791970283537,0.2617993877991417,0.0,-1.2294508536082362,180,180,190,190,190,190,190
34.512943506240845,0.40247243470260113,3.5710791970283537,0.2617993877991417,0.0,-1.2294508536082362,190,190,190,190,190,190,190
34.523144483566284,0.40247243470260113,3.5710791970283537,0.2617993877991417,0.0,-1.2294508536082362,190,190,190,190,190,190,190
34.53518342971802,0.40247243470260113,3.5710791970283537,0.2617993877991417,0.0,-1.2294508536082362,190,190,190,190,190,190,190
34.54533672332764,0.39951236879679114,3.5627300316128316,0.2617993877991417,0.0,-1.2294340354880728,190,190,190,190,190,190,190
34.5555317401886,0.39951236879679114,3.5627300316128316,0.2617993877991417,0.0,-1.2294340354880728,190,190,190,190,190,190,190
34.5657172203064,0.3966327274421561,3.5546206332688066,0.2617993877991417,0.0,-1.2294193677541005,190,190,190,190,190,190,190
34.58478927612305,0.3966327274421561,3.5546206332688066,0.2617993877991417,0.0,-1.2294193677541005,190,190,190,190,190,190,190
34.59502291679382,0.3937508643945462,3.5465087766297088,0.2617993877991417,0.0,-1.2293803880158154,190,190,190,190,190,190,190
34.60521388053894,0.3937508643945462,3.5465087766297088,0.2617993877991417,0.0,-1.2293803880158154,180,180,180,180,190,190,180
34.61554670333862,0.3937508643945462,3.5465087766297088,0.2617993877991417,0.0,-1.2293803880158154,180,180,180,180,190,190,180
34.63124394416809,0.3937508643945462,3.5465087766297088,0.2617993877991417,0.0,-1.2293803880158154,180,180,180,180,190,190,180
34.641566038131714,0.3907786523666794,3.538141962840514,0.2617993877991417,0.0,-1.2293461473851288,180,180,180,180,190,190,180
34.651780128479004,0.3907786523666794,3.538141962840514,0.2617993877991417,0.0,-1.2293461473851288,180,180,180,180,190,190,180
34.66199541091919,0.38789002595763705,3.5300109177487893,0.2617993877991417,0.0,-1.229319408908886,180,180,180,180,180,180,180
34.6721670627594,0.38789002595763705,3.5300109177487893,0.2617993877991417,0.0,-1.229319408908886,180,180,180,180,180,180,180
34.68377089500427,0.38789002595763705,3.5300109177487893,0.2617993877991417,0.0,-1.229319408908886,180,180,180,180,180,180,180
34.69395589828491,0.384997754848924,3.5218702865728977,0.2617993877991417,0.0,-1.2292933120375893,180,180,180,180,180,180,180
34.704134702682495,0.384997754848924,3.5218702865728977,0.2617993877991417,0.0,-1.2292933120375893,180,180,190,180,180,180,180
34.71465182304382,0.384997754848924,3.5218702865728977,0.2617993877991417,0.0,-1.2292933120375893,180,180,190,180,180,180,180
34.730406045913696,0.3820140998972788,3.5134732199468064,0.2617993877991417,0.0,-1.2292657941408671,180,180,190,180,180,180,180
34.74060773849487,0.3820140998972788,3.5134732199468064,0.2617993877991417,0.0,-1.2292657941408671,180,180,190,180,180,180,180
34.75080490112305,0.3820140998972788,3.5134732199468064,0.2617993877991417,0.0,-1.2292657941408671,180,180,190,180,180,180,180
34.76104021072388,0.3791144983646697,3.505313913980838,0.2617993877991417,0.0,-1.2292401653297262,180,180,190,180,180,180,180
34.77126359939575,0.3791144983646697,3.505313913980838,0.2617993877991417,0.0,-1.2292401653297262,180,180,190,180,180,180,180
34.78351306915283,0.3791144983646697,3.505313913980838,0.2617993877991417,0.0,-1.2292401653297262,180,180,190,180,180,180,180
34.79371380805969,0.3762107669150192,3.4971459483963647,0.2617993877991417,0.0,-1.2292212077225044,180,180,190,180,180,180,180
34.803893089294434,0.3762107669150192,3.4971459483963647,0.2617993877991417,0.0,-1.2292212077225044,180,180,190,180,180,180,180
34.814178705215454,0.3762107669150192,3.4971459483963647,0.2617993877991417,0.0,-1.2292212077225044,180,190,190,180,180,180,180
34.82443380355835,0.3762107669150192,3.4971459483963647,0.2617993877991417,0.0,-1.2292212077225044,180,190,190,180,180,180,180
34.834683418273926,0.37321693270808143,3.488726649115101,0.2617993877991417,0.0,-1.2292250865712036,180,190,190,180,180,180,180
34.844905853271484,0.37321693270808143,3.488726649115101,0.2617993877991417,0.0,-1.2292250865712036,180,190,190,180,180,180,180
34.8551390171051,0.37321693270808143,3.488726649115101,0.2617993877991417,0.0,-1.2292250865712036,180,190,190,180,180,180,180
34.865347385406494,0.37031228015887296,3.480565441286147,0.2617993877991417,0.0,-1.2292549777667678,190,190,190,190,190,180,180
34.87559127807617,0.37031228015887296,3.480565441286147,0.2617993877991417,0.0,-1.2292549777667678,190,190,190,190,190,180,180
34.886425256729126,0.37031228015887296,3.480565441286147,0.2617993877991417,0.0,-1.2292549777667678,190,190,190,190,190,180,180
34.89662265777588,0.367418404783355,3.4724284007229858,0.2617993877991417,0.0,-1.2293512370799322,190,190,190,190,190,180,180
34.90679216384888,0.367418404783355,3.4724284007229858,0.2617993877991417,0.0,-1.2293512370799322,190,190,190,190,190,180,180
34.917184591293335,0.367418404783355,3.4724284007229858,0.2617993877991417,0.0,-1.2293512370799322,190,190,190,190,190,190,180
34.933483600616455,0.36445786448710704,3.464081966029984,0.2617993877991417,0.0,-1.2293089859694197,190,190,190,190,190,190,180
34.94370365142822,0.36445786448710704,3.464081966029984,0.2617993877991417,0.0,-1.2293089859694197,190,190,190,190,190,190,180
34.953908920288086,0.36445786448710704,3.464081966029984,0.2617993877991417,0.0,-1.2293089859694197,190,190,190,190,190,190,180
34.964173555374146,0.3615770266840307,3.4559717232936484,0.2617993877991417,0.0,-1.229298149128678,190,190,190,190,190,190,180
34.984023571014404,0.3615770266840307,3.4559717232936484,0.2617993877991417,0.0,-1.229298149128678,190,190,190,190,190,190,180
34.99437880516052,0.35869388312366823,3.447859241978443,0.2617993877991417,0.0,-1.2292609689860514,190,190,190,190,190,190,180
35.00458788871765,0.35869388312366823,3.447859241978443,0.2617993877991417,0.0,-1.2292609689860514,190,190,190,190,180,190,180
35.014803647994995,0.35869388312366823,3.447859241978443,0.2617993877991417,0.0,-1.2292609689860514,190,190,190,190,180,190,180
35.032389640808105,0.3557202586822238,3.439491560652174,0.2617993877991417,0.0,-1.2292275379893045,190,190,190,190,180,190,180
35.04261136054993,0.3557202586822238,3.439491560652174,0.2617993877991417,0.0,-1.2292275379893045,190,190,190,190,180,190,180
35.05281591415405,0.3557202586822238,3.439491560652174,0.2617993877991417,0.0,-1.2292275379893045,190,190,190,190,190,180,180
35.063032388687134,0.35283023960476956,3.431359633090854,0.2617993877991417,0.0,-1.2292015025415763,190,190,190,190,190,180,180
35.07323718070984,0.35283023960476956,3.431359633090854,0.2617993877991417,0.0,-1.2292015025415763,190,190,190,190,190,180,180
35.08362531661987,0.35283023960476956,3.431359633090854,0.2617993877991417,0.0,-1.2292015025415763,190,190,190,190,190,180,180
35.09388732910156,0.34993660765881573,3.4232182183861726,0.2617993877991417,0.0,-1.229175411648533,190,190,190,190,190,180,180
35.10409331321716,0.34993660765881573,3.4232182183861726,0.2617993877991417,0.0,-1.229175411648533,190,190,190,190,190,190,180
35.11489987373352,0.34993660765881573,3.4232182183861726,0.2617993877991417,0.0,-1.229175411648533,190,190,190,190,190,190,180
35.13073492050171,0.34695154908773873,3.414820353555496,0.2617993877991417,0.0,-1.229148023329541,190,190,190,190,190,190,180
35.140958309173584,0.34695154908773873,3.414820353555496,0.2617993877991417,0.0,-1.229148023329541,190,190,190,190,190,190,180
35.15155100822449,0.34695154908773873,3.414820353555496,0.2617993877991417,0.0,-1.229148023329541,190,190,190,190,190,190,180
35.16182899475098,0.34405052089494664,3.4066603042146975,0.2617993877991417,0.0,-1.229122953435851,180,190,190,180,190,190,180
35.18173933029175,0.34405052089494664,3.4066603042146975,0.2617993877991417,0.0,-1.229122953435851,180,190,190,180,190,190,180
35.1919960975647,0.3411454280119914,3.39849175072019,0.2617993877991417,0.0,-1.2291052889665277,180,190,190,180,190,190,180
35.20219135284424,0.3411454280119914,3.39849175072019,0.2617993877991417,0.0,-1.2291052889665277,180,190,190,180,180,190,180
35.21239972114563,0.3411454280119914,3.39849175072019,0.2617993877991417,0.0,-1.2291052889665277,180,190,190,180,180,190,180
35.23049020767212,0.3381506283583784,3.39007327615971,0.2617993877991417,0.0,-1.2291133123214708,180,190,190,180,180,190,180
35.24077320098877,0.3381506283583784,3.39007327615971,0.2617993877991417,0.0,-1.2291133123214708,180,190,190,180,180,190,180
35.25096035003662,0.3381506283583784,3.39007327615971,0.2617993877991417,0.0,-1.2291133123214708,180,190,190,180,180,190,180
35.261176347732544,0.3352457183949019,3.381914316179107,0.2617993877991417,0.0,-1.2291468388891764,190,190,190,190,180,190,180
35.2713782787323,0.3352457183949019,3.381914316179107,0.2617993877991417,0.0,-1.2291468388891764,190,190,190,190,180,190,180
35.285393953323364,0.3352457183949019,3.381914316179107,0.2617993877991417,0.0,-1.2291468388891764,190,190,190,190,180,190,180
35.29562282562256,0.3323537675607064,3.373782236475188,0.2617993877991417,0.0,-1.2292518191803357,190,190,190,190,180,190,180
35.30582809448242,0.3323537675607064,3.373782236475188,0.2617993877991417,0.0,-1.2292518191803357,190,190,190,190,180,190,180
35.31657266616821,0.3323537675607064,3.373782236475188,0.2617993877991417,0.0,-1.2292518191803357,190,190,190,190,190,190,180
35.33257269859314,0.32939165376613383,3.3654372844595937,0.2617993877991417,0.0,-1.2291922701060598,190,190,190,190,190,190,180
35.34278631210327,0.32939165376613383,3.3654372844595937,0.2617993877991417,0.0,-1.2291922701060598,190,190,190,190,190,190,180
35.35299825668335,0.32939165376613383,3.3654372844595937,0.2617993877991417,0.0,-1.2291922701060598,190,190,190,190,190,190,180
35.36321187019348,0.3265097805962478,3.3573267466187287,0.2617993877991417,0.0,-1.2291788866717426,190,190,190,190,190,190,190
35.373536825180054,0.3265097805962478,3.3573267466187287,0.2617993877991417,0.0,-1.2291788866717426,190,190,190,190,190,190,190
35.38382124900818,0.3265097805962478,3.3573267466187287,0.2617993877991417,0.0,-1.2291788866717426,190,190,190,190,190,190,190
35.394049882888794,0.32362543604225,3.3492135994793646,0.2617993877991417,0.0,-1.2291427860483697,190,190,190,190,190,190,190
35.40426707267761,0.32362543604225,3.3492135994793646,0.2617993877991417,0.0,-1.2291427860483697,190,190,190,190,190,190,190
35.41451144218445,0.32362543604225,3.3492135994793646,0.2617993877991417,0.0,-1.2291427860483697,190,190,190,190,180,180,190
35.43033719062805,0.32065040055040545,3.3408450268192884,0.2617993877991417,0.05235987755982833,-1.229109859608956,190,190,190,190,180,180,190
35.44056010246277,0.32065040055040545,3.3408450268192884,0.2617993877991417,0.05235987755982833,-1.229109859608956,190,190,190,190,180,180,190
35.45075273513794,0.32065040055040545,3.3408450268192884,0.2617993877991417,0.05235987755982833,-1.229109859608956,190,190,190,190,190,180,190
35.46096706390381,0.31776901999410195,3.332722655822755,0.2617993877991417,0.05235987755982833,-1.2306633218472616,190,190,190,190,190,180,190
35.47139120101929,0.31776901999410195,3.332722655822755,0.2617993877991417,0.05235987755982833,-1.2306633218472616,190,190,190,190,190,180,190
35.482709646224976,0.31776901999410195,3.332722655822755,0.2617993877991417,0.05235987755982833,-1.2306633218472616,190,190,190,190,190,180,190
35.49294304847717,0.3148969106760763,3.324583962846923,0.2617993877991417,0.05235987755982833,-1.2323447134994028,190,190,190,190,190,180,190
35.50314688682556,0.3148969106760763,3.324583962846923,0.2617993877991417,0.05235987755982833,-1.2323447134994028,190,190,190,190,190,180,190
35.51337385177612,0.3148969106760763,3.324583962846923,0.2617993877991417,0.05235987755982833,-1.2323447134994028,190,190,190,190,190,180,190
35.53076982498169,0.3119468082331484,3.3161823981297376,0.2617993877991417,0.05235987755982833,-1.234078206181692,190,190,190,190,190,180,190
35.54099798202515,0.3119468082331484,3.3161823981297376,0.2617993877991417,0.05235987755982833,-1.234078206181692,190,190,190,190,190,180,190
35.55121731758118,0.3119468082331484,3.3161823981297376,0.2617993877991417,0.05235987755982833,-1.234078206181692,190,190,190,190,190,180,190
35.561768770217896,0.30909175847859904,3.3080126942537667,0.2617993877991417,0.05235987755982833,-1.2357588192489404,190,190,190,190,190,180,190
35.57208061218262,0.30909175847859904,3.3080126942537667,0.2617993877991417,0.05235987755982833,-1.2357588192489404,190,190,190,190,190,180,190
35.58268213272095,0.30909175847859904,3.3080126942537667,0.2617993877991417,0.05235987755982833,-1.2357588192489404,190,190,190,190,190,180,190
35.59285020828247,0.30624599922845797,3.2998292311318,0.2617993877991417,0.05235987755982833,-1.2374601437932848,190,190,190,190,190,180,190
35.60304832458496,0.30624599922845797,3.2998292311318,0.2617993877991417,0.05235987755982833,-1.2374601437932848,190,190,190,190,190,180,190
35.61333727836609,0.30624599922845797,3.2998292311318,0.2617993877991417,0.05235987755982833,-1.2374601437932848,190,190,190,190,190,180,190
35.631155014038086,0.30624599922845797,3.2998292311318,0.2617993877991417,0.05235987755982833,-1.2374601437932848,190,190,190,190,190,180,190
35.641340017318726,0.3033283644892241,3.2913903610181228,0.2617993877991417,0.05235987755982833,-1.239235219531378,190,190,190,190,190,180,190
35.651559352874756,0.3033283644892241,3.2913903610181228,0.2617993877991417,0.05235987755982833,-1.239235219531378,190,190,190,190,190,180,190
35.66178226470947,0.30051174060461905,3.2832075861836825,0.2617993877991417,0.05235987755982833,-1.2409826543762363,190,190,190,190,190,180,190
35.67199659347534,0.30051174060461905,3.2832075861836825,0.2617993877991417,0.05235987755982833,-1.2409826543762363,190,190,190,190,190,180,190
35.686976194381714,0.30051174060461905,3.2832075861836825,0.2617993877991417,0.05235987755982833,-1.2409826543762363,190,190,190,190,190,180,190
35.697205543518066,0.29772538293782363,3.275049627404883,0.2617993877991417,0.05235987755982833,-1.2427793071356403,190,190,190,190,190,180,190
35.70740509033203,0.29772538293782363,3.275049627404883,0.2617993877991417,0.05235987755982833,-1.2427793071356403,190,190,190,190,190,180,190
35.71773624420166,0.29772538293782363,3.275049627404883,0.2617993877991417,0.05235987755982833,-1.2427793071356403,190,190,190,190,190,190,190
35.73228144645691,0.29772538293782363,3.275049627404883,0.2617993877991417,0.05235987755982833,-1.2427793071356403,190,190,190,190,190,190,190
35.742624282836914,0.29488880331936485,3.2666765104864397,0.2617993877991417,0.05235987755982833,-1.2445210640024322,190,190,190,190,190,190,190
35.75304913520813,0.29488880331936485,3.2666765104864397,0.2617993877991417,0.05235987755982833,-1.2445210640024322,190,190,190,190,190,190,190
35.76332378387451,0.29214346315936984,3.2585373534601403,0.2617993877991417,0.05235987755982833,-1.2462211475329477,190,190,190,190,190,190,190
35.781988859176636,0.29214346315936984,3.2585373534601403,0.2617993877991417,0.05235987755982833,-1.2462211475329477,190,190,190,190,190,190,190
35.79221796989441,0.28940961434253476,3.2503874841864993,0.2617993877991417,0.05235987755982833,-1.2479192900101865,190,190,190,190,190,190,190
35.80242705345154,0.28940961434253476,3.2503874841864993,0.2617993877991417,0.05235987755982833,-1.2479192900101865,190,190,190,180,180,180,190
35.8126654624939,0.28940961434253476,3.2503874841864993,0.2617993877991417,0.05235987755982833,-1.2479192900101865,190,190,190,180,180,180,190
35.830265283584595,0.28940961434253476,3.2503874841864993,0.2617993877991417,0.05235987755982833,-1.2479192900101865,190,190,190,180,180,180,190
35.840476274490356,0.2866038859972213,3.2419745659206938,0.2617993877991417,0.05235987755982833,-1.2496698158248665,190,190,190,180,180,180,190
35.85075521469116,0.2866038859972213,3.2419745659206938,0.2617993877991417,0.05235987755982833,-1.2496698158248665,180,190,190,180,180,180,190
35.86098074913025,0.2838907597365781,3.2337924506318463,0.2617993877991417,0.05235987755982833,-1.2513690788937217,180,190,190,180,180,180,190
35.87122702598572,0.2838907597365781,3.2337924506318463,0.2617993877991417,0.05235987755982833,-1.2513690788937217,180,190,190,180,180,180,190
35.88395309448242,0.2838907597365781,3.2337924506318463,0.2617993877991417,0.05235987755982833,-1.2513690788937217,180,190,190,180,180,180,190
35.89418339729309,0.28118752525336305,3.2255946811156155,0.2617993877991417,0.05235987755982833,-1.2530741719117833,180,190,190,180,180,180,190
35.90439248085022,0.28118752525336305,3.2255946811156155,0.2617993877991417,0.05235987755982833,-1.2530741719117833,180,190,190,180,180,180,180
35.91462993621826,0.28118752525336305,3.2255946811156155,0.2617993877991417,0.05235987755982833,-1.2530741719117833,180,190,190,180,180,180,180
35.93182992935181,0.28118752525336305,3.2255946811156155,0.2617993877991417,0.05235987755982833,-1.2530741719117833,180,190,190,180,180,180,180
35.94215679168701,0.27841211267200006,3.217132958879959,0.2617993877991417,0.05235987755982833,-1.2548325759179815,180,190,190,180,180,180,180
35.95235252380371,0.27841211267200006,3.217132958879959,0.2617993877991417,0.05235987755982833,-1.2548325759179815,180,190,190,180,180,180,180
35.9625723361969,0.27572623052357453,3.2089044258833352,0.2617993877991417,0.05235987755982833,-1.2565370190689789,180,190,190,180,180,180,180
35.982226848602295,0.27572623052357453,3.2089044258833352,0.2617993877991417,0.05235987755982833,-1.2565370190689789,180,190,190,180,180,180,180
35.992451906204224,0.27305090202558,3.200662798785128,0.2617993877991417,0.05235987755982833,-1.2582481961115266,180,190,190,180,180,180,180
36.00263833999634,0.27305090202558,3.200662798785128,0.2617993877991417,0.05235987755982833,-1.2582481961115266,180,190,190,180,180,180,180
36.01281666755676,0.27305090202558,3.200662798785128,0.2617993877991417,0.05235987755982833,-1.2582481961115266,180,190,190,180,180,180,180
36.02301645278931,0.27305090202558,3.200662798785128,0.2617993877991417,0.05235987755982833,-1.2582481961115266,180,190,190,180,180,180,180
36.03417730331421,0.2703092405486201,3.1921662031938105,0.2617993877991417,0.05235987755982833,-1.2599987749830168,180,190,190,180,180,180,180
36.04436111450195,0.2703092405486201,3.1921662031938105,0.2617993877991417,0.05235987755982833,-1.2599987749830168,180,190,190,180,180,180,180
36.05458903312683,0.2703092405486201,3.1921662031938105,0.2617993877991417,0.05235987755982833,-1.2599987749830168,180,190,190,180,180,180,180
36.06482791900635,0.26766340146013706,3.1839301761416507,0.2617993877991417,0.05235987755982833,-1.2616807877235277,180,190,190,180,180,180,180
36.08311653137207,0.26766340146013706,3.1839301761416507,0.2617993877991417,0.05235987755982833,-1.2616807877235277,180,190,190,180,180,180,180
36.0933403968811,0.26505209560440535,3.175727607692828,0.2617993877991417,0.05235987755982833,-1.263213429574472,180,190,190,180,180,180,180
36.10372042655945,0.26505209560440535,3.175727607692828,0.2617993877991417,0.05235987755982833,-1.263213429574472,180,190,190,180,180,180,180
36.1140558719635,0.26505209560440535,3.175727607692828,0.2617993877991417,0.05235987755982833,-1.263213429574472,180,190,190,180,180,180,180
36.13324451446533,0.26238507091705504,3.1672932097476014,0.2617993877991417,0.05235987755982833,-1.2650063958278752,180,190,190,180,180,180,180
36.143468141555786,0.26238507091705504,3.1672932097476014,0.2617993877991417,0.05235987755982833,-1.2650063958278752,180,190,190,180,180,180,180
36.15364384651184,0.26238507091705504,3.1672932097476014,0.2617993877991417,0.05235987755982833,-1.2650063958278752,180,190,190,180,180,180,180
36.16387438774109,0.2598060050408633,3.159099558992424,0.2617993877991417,0.05235987755982833,-1.2667216559177468,180,190,190,180,180,180,180
36.174153566360474,0.2598060050408633,3.159099558992424,0.2617993877991417,0.05235987755982833,-1.2667216559177468,180,190,190,180,180,180,180
36.18539500236511,0.2598060050408633,3.159099558992424,0.2617993877991417,0.05235987755982833,-1.2667216559177468,180,190,190,180,180,180,180
36.195600271224976,0.2572395792369109,3.1508942097164714,0.2617993877991417,0.05235987755982833,-1.2684477293110652,180,190,190,180,180,180,180
36.20577621459961,0.2572395792369109,3.1508942097164714,0.2617993877991417,0.05235987755982833,-1.2684477293110652,180,180,190,180,180,180,180
36.21596837043762,0.2572395792369109,3.1508942097164714,0.2617993877991417,0.05235987755982833,-1.2684477293110652,180,180,190,180,180,180,180
36.23160123825073,0.2546069019996058,3.1424242431879126,0.2617993877991417,0.05235987755982833,-1.2702283628012585,180,180,190,180,180,180,180
36.24179148674011,0.2546069019996058,3.1424242431879126,0.2617993877991417,0.05235987755982833,-1.2702283628012585,180,180,190,180,180,180,180
36.25197505950928,0.2546069019996058,3.1424242431879126,0.2617993877991417,0.05235987755982833,-1.2702283628012585,180,180,190,180,180,180,180
36.26220417022705,0.2520623063923219,3.1341869326442966,0.2617993877991417,0.05235987755982833,-1.271955847480651,180,180,190,180,180,180,180
36.27244830131531,0.2520623063923219,3.1341869326442966,0.2617993877991417,0.05235987755982833,-1.271955847480651,180,180,190,180,180,180,180
36.28342866897583,0.2520623063923219,3.1341869326442966,0.2617993877991417,0.05235987755982833,-1.271955847480651,180,180,190,180,180,180,180
36.293639183044434,0.2495281196004969,3.125933819780203,0.2617993877991417,0.05235987755982833,-1.2736849478930616,180,180,190,180,180,180,180
36.30386304855347,0.2495281196004969,3.125933819780203,0.2617993877991417,0.05235987755982833,-1.2736849478930616,180,180,190,120,180,180,180
36.31474280357361,0.2495281196004969,3.125933819780203,0.2617993877991417,0.05235987755982833,-1.2736849478930616,180,180,190,120,180,180,180
36.33190584182739,0.2495281196004969,3.125933819780203,0.2617993877991417,0.05235987755982833,-1.2736849478930616,180,180,190,120,180,180,180
36.34227442741394,0.24692742313122346,3.117416038323536,0.2617993877991417,0.05235987755982833,-1.2754668539313416,180,180,190,120,180,180,180
36.35248112678528,0.24692742313122346,3.117416038323536,0.2617993877991417,0.05235987755982833,-1.2754668539313416,180,180,190,120,180,180,180
36.36268162727356,0.24441136723105883,3.109132823982326,0.2617993877991417,0.05235987755982833,-1.2771947235959962,180,180,190,120,180,180,180
36.37290811538696,0.24441136723105883,3.109132823982326,0.2617993877991417,0.05235987755982833,-1.2771947235959962,180,180,190,120,180,180,180
36.38375210762024,0.24441136723105883,3.109132823982326,0.2617993877991417,0.05235987755982833,-1.2771947235959962,180,180,190,120,180,180,180
36.39400339126587,0.24190715046789213,3.100838151466667,0.2617993877991417,0.05235987755982833,-1.278908040198479,180,180,190,120,180,180,180
36.40420341491699,0.24190715046789213,3.100838151466667,0.2617993877991417,0.05235987755982833,-1.278908040198479,180,180,190,120,180,180,180
36.414405822753906,0.24190715046789213,3.100838151466667,0.2617993877991417,0.05235987755982833,-1.278908040198479,180,180,120,180,120,180,180
36.424625635147095,0.24190715046789213,3.100838151466667,0.2617993877991417,0.05235987755982833,-1.278908040198479,180,180,120,180,120,180,180
36.43482708930969,0.2393419183508592,3.092290459321603,0.2617993877991417,0.05235987755982833,-1.2806240684918386,180,180,120,180,120,180,180
36.445005655288696,0.2393419183508592,3.092290459321603,0.2617993877991417,0.05235987755982833,-1.2806240684918386,180,180,120,180,120,180,180
36.45521306991577,0.2393419183508592,3.092290459321603,0.2617993877991417,0.05235987755982833,-1.2806240684918386,180,180,120,180,180,180,180
36.465392112731934,0.2368716093138774,3.084011291732966,0.2617993877991417,0.05235987755982833,-1.2821866767276435,180,180,120,180,180,180,180
36.47557210922241,0.2368716093138774,3.084011291732966,0.2617993877991417,0.05235987755982833,-1.2821866767276435,180,180,120,180,180,180,180
36.485748052597046,0.2368716093138774,3.084011291732966,0.2617993877991417,0.05235987755982833,-1.2821866767276435,180,180,120,180,180,180,180
36.495951414108276,0.2344332078373399,3.075759979336057,0.2617993877991417,0.05235987755982833,-1.2836938817365904,180,180,120,180,180,180,180
36.50616908073425,0.2344332078373399,3.075759979336057,0.2617993877991417,0.05235987755982833,-1.2836938817365904,180,180,120,180,180,110,180
36.51634955406189,0.2344332078373399,3.075759979336057,0.2617993877991417,0.05235987755982833,-1.2836938817365904,180,180,120,180,180,110,180
36.532094955444336,0.2344332078373399,3.075759979336057,0.2617993877991417,0.05235987755982833,-1.2836938817365904,180,180,120,180,180,110,180
36.542283058166504,0.23193699101510537,3.067269646723049,0.2617993877991417,0.05235987755982833,-1.2854830026701927,180,180,120,180,180,110,180
36.55250644683838,0.23193699101510537,3.067269646723049,0.2617993877991417,0.05235987755982833,-1.2854830026701927,180,180,120,180,120,180,180
36.562700271606445,0.2295262772288332,3.0590228098778782,0.2617993877991417,0.05235987755982833,-1.2872328254252505,180,180,120,180,120,180,180
36.58070659637451,0.2295262772288332,3.0590228098778782,0.2617993877991417,0.05235987755982833,-1.2872328254252505,180,180,120,180,120,180,180
36.590919733047485,0.2295262772288332,3.0590228098778782,0.2617993877991417,0.05235987755982833,-1.2872328254252505,180,180,120,180,120,180,180
36.601139307022095,0.22712859924359957,3.050765646128746,0.2617993877991417,0.05235987755982833,-1.2890020007024114,180,180,120,180,120,180,180
36.61135768890381,0.22712859924359957,3.050765646128746,0.2617993877991417,0.05235987755982833,-1.2890020007024114,180,180,120,180,120,180,180
36.62155723571777,0.22712859924359957,3.050765646128746,0.2617993877991417,0.05235987755982833,-1.2890020007024114,180,180,120,180,120,180,180
36.63513422012329,0.22467054800755898,3.042242473380804,0.2617993877991417,0.05235987755982833,-1.2908251865204168,180,180,120,180,120,180,180
36.6453857421875,0.22467054800755898,3.042242473380804,0.2617993877991417,0.05235987755982833,-1.2908251865204168,180,180,120,180,120,180,180
36.65565061569214,0.22467054800755898,3.042242473380804,0.2617993877991417,0.05235987755982833,-1.2908251865204168,180,180,120,180,120,180,180
36.666555643081665,0.22229601451291964,3.033953603874767,0.2617993877991417,0.05235987755982833,-1.2925887411982089,180,180,120,180,180,180,180
36.68229269981384,0.22229601451291964,3.033953603874767,0.2617993877991417,0.05235987755982833,-1.2925887411982089,180,180,120,180,180,180,180
36.692482233047485,0.21993245198616176,3.0256489795102803,0.2617993877991417,0.05235987755982833,-1.2943447451506533,180,180,120,180,180,180,180
36.70266342163086,0.21993245198616176,3.0256489795102803,0.2617993877991417,0.05235987755982833,-1.2943447451506533,180,180,120,180,180,180,180
36.71290683746338,0.21993245198616176,3.0256489795102803,0.2617993877991417,0.05235987755982833,-1.2943447451506533,180,180,120,180,180,180,180
36.723081827163696,0.21993245198616176,3.0256489795102803,0.2617993877991417,0.05235987755982833,-1.2943447451506533,180,180,120,180,180,180,180
36.73410201072693,0.21750789801863454,3.0170784803902286,0.2617993877991417,0.05235987755982833,-1.29615167689749,180,180,120,180,180,180,180
36.744290828704834,0.21750789801863454,3.0170784803902286,0.2617993877991417,0.05235987755982833,-1.29615167689749,180,180,120,180,180,180,180
36.75447463989258,0.21750789801863454,3.0170784803902286,0.2617993877991417,0.05235987755982833,-1.29615167689749,180,180,120,180,120,180,180
36.76477813720703,0.2151638784455647,3.0087449047445642,0.2617993877991417,0.05235987755982833,-1.2979003115308145,180,180,120,180,120,180,180
36.775007486343384,0.2151638784455647,3.0087449047445642,0.2617993877991417,0.05235987755982833,-1.2979003115308145,180,180,120,180,120,180,180
36.785184383392334,0.2151638784455647,3.0087449047445642,0.2617993877991417,0.05235987755982833,-1.2979003115308145,180,180,120,180,120,180,180
36.79536843299866,0.21283272878764214,3.0004023388333527,0.2617993877991417,0.05235987755982833,-1.2996065065710836,180,180,120,180,120,180,180
36.80554699897766,0.21283272878764214,3.0004023388333527,0.2617993877991417,0.05235987755982833,-1.2996065065710836,180,180,120,120,180,180,180
36.816253662109375,0.21283272878764214,3.0004023388333527,0.2617993877991417,0.05235987755982833,-1.2996065065710836,180,180,120,120,180,180,180
36.83350443840027,0.21283272878764214,3.0004023388333527,0.2617993877991417,0.05235987755982833,-1.2996065065710836,180,180,120,120,180,180,180
36.84369444847107,0.2104467988317579,2.991808858911001,0.2617993877991417,0.05235987755982833,-1.3012743387157992,180,180,120,120,180,180,180
36.853869915008545,0.2104467988317579,2.991808858911001,0.2617993877991417,0.05235987755982833,-1.3012743387157992,180,180,120,120,180,180,180
36.864203691482544,0.20815828747327647,2.9835005583214707,0.2617993877991417,0.05235987755982833,-1.3026652616149037,180,180,180,110,180,180,180
36.88271760940552,0.20815828747327647,2.9835005583214707,0.2617993877991417,0.05235987755982833,-1.3026652616149037,180,180,180,110,180,180,180
36.89295434951782,0.20588757648617642,2.9751882548319526,0.2617993877991417,0.05235987755982833,-1.3042030836891094,180,180,180,110,180,180,180
36.90320110321045,0.20588757648617642,2.9751882548319526,0.2617993877991417,0.05235987755982833,-1.3042030836891094,180,180,180,110,180,180,180
36.91338300704956,0.20588757648617642,2.9751882548319526,0.2617993877991417,0.05235987755982833,-1.3042030836891094,180,180,120,110,110,180,180
36.93267059326172,0.20356457277670525,2.9666436183124802,0.2617993877991417,0.05235987755982833,-1.3059784901309728,180,180,120,110,110,180,180
36.9428813457489,0.20356457277670525,2.9666436183124802,0.2617993877991417,0.05235987755982833,-1.3059784901309728,180,180,120,110,110,180,180
36.95307159423828,0.20356457277670525,2.9666436183124802,0.2617993877991417,0.05235987755982833,-1.3059784901309728,180,180,120,110,110,180,180
36.963250160217285,0.20132417069760197,2.9583473682602484,0.2617993877991417,0.05235987755982833,-1.3077579741642813,180,180,120,110,110,180,180
36.98118829727173,0.20132417069760197,2.9583473682602484,0.2617993877991417,0.05235987755982833,-1.3077579741642813,180,180,120,110,110,180,180
36.99139714241028,0.20132417069760197,2.9583473682602484,0.2617993877991417,0.05235987755982833,-1.3077579741642813,180,180,120,110,110,180,180
37.001580476760864,0.19909635449949917,2.950041819623583,0.2617993877991417,0.05235987755982833,-1.3095660865105347,180,180,120,110,180,180,180
37.01175498962402,0.19909635449949917,2.950041819623583,0.2617993877991417,0.05235987755982833,-1.3095660865105347,180,180,120,110,180,180,180
37.02192163467407,0.19909635449949917,2.950041819623583,0.2617993877991417,0.05235987755982833,-1.3095660865105347,180,180,120,110,180,180,180
37.03436756134033,0.1968140731366844,2.9414696679436667,0.2617993877991417,0.05235987755982833,-1.3114294986517283,180,180,120,110,180,180,180
37.04457926750183,0.1968140731366844,2.9414696679436667,0.2617993877991417,0.05235987755982833,-1.3114294986517283,180,180,120,110,180,180,180
37.05479550361633,0.1968140731366844,2.9414696679436667,0.2617993877991417,0.05235987755982833,-1.3114294986517283,180,180,180,110,120,180,180
37.06498670578003,0.19461085366441683,2.9331330239061706,0.2617993877991417,0.05235987755982833,-1.3132298760976187,180,180,180,110,120,180,180
37.08219528198242,0.19461085366441683,2.9331330239061706,0.2617993877991417,0.05235987755982833,-1.3132298760976187,180,180,180,110,120,180,180
37.09252190589905,0.1924190466666479,2.924781500954251,0.2617993877991417,0.05235987755982833,-1.3150133683043772,180,180,180,110,120,180,180
37.10284209251404,0.1924190466666479,2.924781500954251,0.2617993877991417,0.05235987755982833,-1.3150133683043772,180,180,180,110,120,180,180
37.11318898200989,0.1924190466666479,2.924781500954251,0.2617993877991417,0.05235987755982833,-1.3150133683043772,180,180,140,180,130,180,180
37.12340259552002,0.1924190466666479,2.924781500954251,0.2617993877991417,0.05235987755982833,-1.3150133683043772,180,180,140,180,130,180,180
37.13519811630249,0.19017178093120643,2.916161793034632,0.2617993877991417,0.05235987755982833,-1.3168442239125384,180,180,140,180,130,180,180
37.14547657966614,0.19017178093120643,2.916161793034632,0.2617993877991417,0.05235987755982833,-1.3168442239125384,180,180,140,180,130,180,180
37.15568208694458,0.19017178093120643,2.916161793034632,0.2617993877991417,0.05235987755982833,-1.3168442239125384,180,180,140,120,120,180,180
37.166332721710205,0.18800142969447148,2.9077824889694637,0.2617993877991417,0.05235987755982833,-1.3186047623907913,180,180,140,120,120,180,180
37.18208622932434,0.18800142969447148,2.9077824889694637,0.2617993877991417,0.0,-1.3186047623907913,180,180,140,120,120,180,180
37.19229817390442,0.18584456397228655,2.8993974432715146,0.2617993877991417,0.0,-1.3202942788083831,180,180,140,120,120,180,180
37.2025249004364,0.18584456397228655,2.8993974432715146,0.2617993877991417,0.0,-1.3202942788083831,180,180,120,120,130,180,180
37.212740659713745,0.18584456397228655,2.8993974432715146,0.2617993877991417,0.0,-1.3202942788083831,180,180,120,120,130,180,180
37.23296499252319,0.18584456397228655,2.8993974432715146,0.2617993877991417,0.0,-1.3202942788083831,180,180,120,120,130,180,180
37.243319034576416,0.18363202323045824,2.890721033492784,0.2617993877991417,0.0,-1.3205405320831307,180,180,120,120,130,180,180
37.253501415252686,0.18363202323045824,2.890721033492784,0.2617993877991417,0.0,-1.3205405320831307,180,180,140,110,130,180,180
37.26373863220215,0.1814874214764591,2.8823408756117805,0.2617993877991417,0.0,-1.3203561200550338,180,180,140,110,130,180,180
37.28124928474426,0.1814874214764591,2.8823408756117805,0.2617993877991417,0.0,-1.3203561200550338,180,180,140,110,130,180,180
37.291563510894775,0.1814874214764591,2.8823408756117805,0.2617993877991417,0.0,-1.3203561200550338,180,180,140,110,130,180,180
37.30178356170654,0.17934913632586127,2.8739780800554646,0.2617993877991417,0.0,-1.3201791162021659,180,180,140,110,130,180,180
37.312087535858154,0.17934913632586127,2.8739780800554646,0.2617993877991417,0.0,-1.3201791162021659,180,180,130,90,180,180,180
37.332104206085205,0.17934913632586127,2.8739780800554646,0.2617993877991417,0.0,-1.3201791162021659,180,180,130,90,180,180,180
37.342519998550415,0.17715010180641189,2.8653808965356777,0.2617993877991417,0.0,-1.320171494177462,180,180,130,90,180,180,180
37.35272979736328,0.17715010180641189,2.8653808965356777,0.2617993877991417,0.0,-1.320171494177462,180,180,130,90,180,180,180
37.36296606063843,0.17501629879524422,2.8570388121126644,0.2617993877991417,0.0,-1.3202346582154267,180,180,110,90,180,180,180
37.380626916885376,0.17501629879524422,2.8570388121126644,0.2617993877991417,0.0,-1.3202346582154267,180,180,110,90,180,180,180
37.39083671569824,0.17501629879524422,2.8570388121126644,0.2617993877991417,0.0,-1.3202346582154267,180,180,110,90,180,180,180
37.4010272026062,0.17288114460512097,2.848691799867788,0.2617993877991417,0.0,-1.3203202602926802,180,180,110,90,180,180,180
37.41127252578735,0.17288114460512097,2.848691799867788,0.2617993877991417,0.0,-1.3203202602926802,180,180,110,90,130,180,180
37.421462535858154,0.17288114460512097,2.848691799867788,0.2617993877991417,0.0,-1.3203202602926802,180,180,110,90,130,180,180
37.43375587463379,0.17288114460512097,2.848691799867788,0.2617993877991417,0.0,-1.3203202602926802,180,180,110,90,130,180,180
37.443963289260864,0.17067974075901507,2.8400820207533384,0.2617993877991417,0.0,-1.3204039279424171,180,180,110,90,130,180,180
37.45418190956116,0.17067974075901507,2.8400820207533384,0.2617993877991417,0.0,-1.3204039279424171,180,150,110,100,180,180,110
37.46436619758606,0.16854091040442346,2.831714324769203,0.2617993877991417,0.0,-1.320474857148727,180,150,110,100,180,180,110
37.47457528114319,0.16854091040442346,2.831714324769203,0.2617993877991417,0.0,-1.320474857148727,180,150,110,100,180,180,110
37.485151529312134,0.16854091040442346,2.831714324769203,0.2617993877991417,0.0,-1.320474857148727,180,150,110,100,180,180,110
37.49536418914795,0.16640008854645952,2.8233372167192203,0.2617993877991417,0.0,-1.3205413844765332,180,150,110,100,180,180,110
37.50554585456848,0.16640008854645952,2.8233372167192203,0.2617993877991417,0.0,-1.3205413844765332,180,150,120,110,180,180,100
37.515730142593384,0.16640008854645952,2.8233372167192203,0.2617993877991417,0.0,-1.3205413844765332,180,150,120,110,180,180,100
37.53518319129944,0.1641922982889943,2.8146967333817017,0.2617993877991417,0.0,-1.3206000788864434,180,150,120,110,180,180,100
37.54539942741394,0.1641922982889943,2.8146967333817017,0.2617993877991417,0.0,-1.3206000788864434,180,150,120,110,180,180,100
37.55559849739075,0.1641922982889943,2.8146967333817017,0.2617993877991417,0.0,-1.3206000788864434,180,150,120,110,180,180,100
37.565847396850586,0.16204785623310664,2.806303641876804,0.2617993877991417,0.0,-1.3206290609278868,180,150,110,100,180,180,100
37.58281970024109,0.16204785623310664,2.806303641876804,0.2617993877991417,0.0,-1.3206290609278868,180,150,110,100,180,180,100
37.59304666519165,0.15990270500245682,2.7979117754938634,0.2617993877991417,0.0,-1.320576668909847,180,150,110,100,180,180,100
37.603273153305054,0.15990270500245682,2.7979117754938634,0.2617993877991417,0.0,-1.320576668909847,180,160,110,100,180,180,90
37.61348795890808,0.15990270500245682,2.7979117754938634,0.2617993877991417,0.0,-1.320576668909847,180,160,110,100,180,180,90
37.63185691833496,0.15990270500245682,2.7979117754938634,0.2617993877991417,0.0,-1.320576668909847,180,160,110,100,180,180,90
37.64215421676636,0.1576988066148349,2.789281353684893,0.2617993877991417,0.0,-1.3203215495302671,180,160,110,100,180,180,90
37.652353286743164,0.1576988066148349,2.789281353684893,0.2617993877991417,0.0,-1.3203215495302671,180,160,110,100,180,180,90
37.66256141662598,0.15556042717270824,2.7809309681902734,0.2617993877991417,0.0,-1.3199665990655243,180,160,110,100,180,180,90
37.67277908325195,0.15556042717270824,2.7809309681902734,0.2617993877991417,0.0,-1.3199665990655243,180,170,150,100,180,180,180
37.68537521362305,0.15556042717270824,2.7809309681902734,0.2617993877991417,0.0,-1.3199665990655243,180,170,150,100,180,180,180
37.695643186569214,0.1534246007206691,2.7725657114668256,0.2617993877991417,0.0,-1.3198045567778143,180,170,150,100,180,180,180
37.70583939552307,0.1534246007206691,2.7725657114668256,0.2617993877991417,0.0,-1.3198045567778143,180,170,150,100,180,180,180
37.716071367263794,0.1534246007206691,2.7725657114668256,0.2617993877991417,0.0,-1.3198045567778143,180,180,100,100,180,180,180
37.73142075538635,0.15122127988905612,2.7639704781744308,0.2617993877991417,0.0,-1.319809752380114,180,180,100,100,180,180,180
37.74169683456421,0.15122127988905612,2.7639704781744308,0.2617993877991417,0.0,-1.319809752380114,180,180,100,100,180,180,180
37.751890420913696,0.15122127988905612,2.7639704781744308,0.2617993877991417,0.0,-1.319809752380114,180,180,100,100,180,180,180
37.76213812828064,0.14908385729528856,2.7556285983756044,0.2617993877991417,0.0,-1.3198757110556525,180,180,150,180,180,180,180
37.772340297698975,0.14908385729528856,2.7556285983756044,0.2617993877991417,0.0,-1.3198757110556525,180,180,150,180,180,180,180
37.78387999534607,0.14908385729528856,2.7556285983756044,0.2617993877991417,0.0,-1.3198757110556525,180,180,150,180,180,180,180
37.79409432411194,0.1469454919391641,2.7472813931507347,0.2617993877991417,0.0,-1.3199613576778007,180,180,150,180,180,180,180
37.80455732345581,0.1469454919391641,2.7472813931507347,0.2617993877991417,0.0,-1.3199613576778007,180,180,150,180,180,180,180
37.81481671333313,0.1469454919391641,2.7472813931507347,0.2617993877991417,0.0,-1.3199613576778007,180,180,160,180,180,180,180
37.83374333381653,0.1469454919391641,2.7472813931507347,0.2617993877991417,0.05235987755982833,-1.3199613576778007,180,180,160,180,180,180,180
37.84407830238342,0.14474068641372823,2.7386710630874482,0.2617993877991417,0.05235987755982833,-1.3200435521688574,180,180,160,180,180,180,180
37.85427165031433,0.14474068641372823,2.7386710630874482,0.2617993877991417,0.05235987755982833,-1.3200435521688574,180,180,160,180,180,180,180
37.86448645591736,0.14259850804320173,2.7303030332436626,0.2617993877991417,0.05235987755982833,-1.3201136029163023,180,180,170,180,180,180,180
37.87470483779907,0.14259850804320173,2.7303030332436626,0.2617993877991417,0.05235987755982833,-1.3201136029163023,180,180,170,180,180,180,180
37.88568091392517,0.14259850804320173,2.7303030332436626,0.2617993877991417,0.05235987755982833,-1.3201136029163023,180,180,170,180,180,180,180
37.895896911621094,0.14046197705218008,2.7219338404778255,0.2617993877991417,0.05235987755982833,-1.3217938711688466,180,180,170,180,180,180,180
37.90610861778259,0.14046197705218008,2.7219338404778255,0.2617993877991417,0.05235987755982833,-1.3217938711688466,180,180,120,180,180,180,180
37.916308879852295,0.14046197705218008,2.7219338404778255,0.2617993877991417,0.05235987755982833,-1.3217938711688466,180,180,120,180,180,180,180
37.93460702896118,0.14046197705218008,2.7219338404778255,0.2617993877991417,0.05235987755982833,-1.3217938711688466,180,180,120,180,180,180,180
37.94481801986694,0.1382720630413716,2.713296540777111,0.2617993877991417,0.05235987755982833,-1.3236332185087758,180,180,120,180,180,180,180
37.95500469207764,0.1382720630413716,2.713296540777111,0.2617993877991417,0.05235987755982833,-1.3236332185087758,180,180,120,180,180,180,180
37.96525287628174,0.13615844015234577,2.704902165288739,0.2617993877991417,0.05235987755982833,-1.3253818725706075,180,180,160,180,180,180,180
37.98329830169678,0.13615844015234577,2.704902165288739,0.2617993877991417,0.05235987755982833,-1.3253818725706075,180,180,160,180,180,180,180
37.99351620674133,0.13406038378261687,2.696506074999975,0.2617993877991417,0.05235987755982833,-1.3270478516168864,180,180,160,180,180,180,180
38.003713607788086,0.13406038378261687,2.696506074999975,0.2617993877991417,0.05235987755982833,-1.3270478516168864,180,180,130,180,180,180,180
38.01391005516052,0.13406038378261687,2.696506074999975,0.2617993877991417,0.05235987755982833,-1.3270478516168864,180,180,130,180,180,180,180
38.03115630149841,0.13406038378261687,2.696506074999975,0.2617993877991417,0.05235987755982833,-1.3270478516168864,180,180,130,180,180,180,180
38.04147934913635,0.1319235785628924,2.687882684635125,0.2617993877991417,0.05235987755982833,-1.328474053703837,180,180,130,180,180,180,180
38.05185055732727,0.1319235785628924,2.687882684635125,0.2617993877991417,0.05235987755982833,-1.328474053703837,180,180,130,180,180,180,180
38.06213688850403,0.12986116961668018,2.6795148400923128,0.2617993877991417,0.05235987755982833,-1.3298665212133045,180,180,160,180,180,180,180
38.08102035522461,0.12986116961668018,2.6795148400923128,0.2617993877991417,0.05235987755982833,-1.3298665212133045,180,180,160,180,180,180,180
38.09123134613037,0.12986116961668018,2.6795148400923128,0.2617993877991417,0.05235987755982833,-1.3298665212133045,180,180,160,180,180,180,180
38.10145688056946,0.12781862179321105,2.6711435458401054,0.2617993877991417,0.06981317007977111,-1.331408138996208,180,180,160,180,180,180,180
38.111767292022705,0.12781862179321105,2.6711435458401054,0.2617993877991417,0.06981317007977111,-1.331408138996208,180,180,170,180,180,180,180
38.12202477455139,0.12781862179321105,2.6711435458401054,0.2617993877991417,0.06981317007977111,-1.331408138996208,180,180,170,180,180,180,180
38.13224244117737,0.12572482141135075,2.6625192709481307,0.2617993877991417,0.08726646259971389,-1.3336314296090506,180,180,170,180,180,180,180
38.142452001571655,0.12572482141135075,2.6625192709481307,0.2617993877991417,0.08726646259971389,-1.3336314296090506,180,180,170,180,180,180,180
38.15263819694519,0.12572482141135075,2.6625192709481307,0.2617993877991417,0.08726646259971389,-1.3336314296090506,180,180,180,180,180,180,180
38.16283869743347,0.12371835593190111,2.6541685342962333,0.2617993877991417,0.08726646259971389,-1.3360352961630773,180,180,180,180,180,180,180
38.17305111885071,0.12371835593190111,2.6541685342962333,0.2617993877991417,0.08726646259971389,-1.3360352961630773,180,180,180,180,180,180,180
38.1845064163208,0.12371835593190111,2.6541685342962333,0.2617993877991417,0.08726646259971389,-1.3360352961630773,180,180,180,180,180,180,180
38.19473958015442,0.12173198115904926,2.6458075338537475,0.2617993877991417,0.08726646259971389,-1.3389989727693243,180,180,180,180,180,180,180
38.20493674278259,0.12173198115904926,2.6458075338537475,0.2617993877991417,0.08726646259971389,-1.3389989727693243,180,180,180,180,180,180,180
38.215667963027954,0.12173198115904926,2.6458075338537475,0.2617993877991417,0.08726646259971389,-1.3389989727693243,180,180,180,180,180,180,180
38.23163151741028,0.11970957188871323,2.6371774800593366,0.2617993877991417,0.08726646259971389,-1.342081357371533,180,180,180,180,180,180,180
38.24185132980347,0.11970957188871323,2.6371774800593366,0.2617993877991417,0.08726646259971389,-1.342081357371533,180,180,180,180,180,180,180
38.25203824043274,0.11970957188871323,2.6371774800593366,0.2617993877991417,0.08726646259971389,-1.342081357371533,180,180,180,180,180,180,180
38.2622435092926,0.11776914447645728,2.6287828075155093,0.2617993877991417,0.08726646259971389,-1.3450663576897592,180,180,180,180,180,180,180
38.28130841255188,0.11776914447645728,2.6287828075155093,0.2617993877991417,0.08726646259971389,-1.3450663576897592,180,180,180,180,180,180,180
38.29153609275818,0.11776914447645728,2.6287828075155093,0.2617993877991417,0.08726646259971389,-1.3450663576897592,180,180,180,180,180,180,180
38.301724910736084,0.11585085437423674,2.620371479369904,0.2617993877991417,0.08726646259971389,-1.3480325707865128,180,180,180,180,180,180,180
38.31190776824951,0.11585085437423674,2.620371479369904,0.2617993877991417,0.08726646259971389,-1.3480325707865128,180,180,180,180,180,180,180
38.322107791900635,0.11585085437423674,2.620371479369904,0.2617993877991417,0.08726646259971389,-1.3480325707865128,180,180,180,180,180,180,180
38.33229398727417,0.11389707511940411,2.6116900048497027,0.2617993877991417,0.08726646259971389,-1.3510617658574606,180,180,180,180,180,180,180
38.34252882003784,0.11389707511940411,2.6116900048497027,0.2617993877991417,0.08726646259971389,-1.3510617658574606,180,180,180,180,180,180,180
38.35277533531189,0.11389707511940411,2.6116900048497027,0.2617993877991417,0.08726646259971389,-1.3510617658574606,180,180,170,180,180,180,180
38.36296796798706,0.11202344847736133,2.6032528140904425,0.2617993877991417,0.08726646259971389,-1.3539617083319166,180,180,170,180,180,180,180
38.3825798034668,0.11202344847736133,2.6032528140904425,0.2617993877991417,0.08726646259971389,-1.3539617083319166,180,180,170,180,180,180,180
38.39290714263916,0.11018041828517686,2.594820760778596,0.2617993877991417,0.08726646259971389,-1.356685772468031,180,180,170,180,180,180,180
38.40310525894165,0.11018041828517686,2.594820760778596,0.2617993877991417,0.08726646259971389,-1.356685772468031,180,180,180,180,180,180,180
38.413591384887695,0.11018041828517686,2.594820760778596,0.2617993877991417,0.08726646259971389,-1.356685772468031,180,180,180,180,180,180,180
38.42938780784607,0.11018041828517686,2.594820760778596,0.2617993877991417,0.08726646259971389,-1.356685772468031,180,180,180,180,180,180,180
38.4397349357605,0.10830781570864353,2.586171984072969,0.2617993877991417,0.08726646259971389,-1.3590974583794575,180,180,180,180,180,180,180
38.449955463409424,0.10830781570864353,2.586171984072969,0.2617993877991417,0.08726646259971389,-1.3590974583794575,180,180,180,180,180,180,180
38.46016836166382,0.10650629309297203,2.577738926227454,0.2617993877991417,0.08726646259971389,-1.361668582261089,180,180,180,180,180,180,180
38.47039818763733,0.10650629309297203,2.577738926227454,0.2617993877991417,0.08726646259971389,-1.361668582261089,180,180,180,180,180,180,180
38.4817430973053,0.10650629309297203,2.577738926227454,0.2617993877991417,0.08726646259971389,-1.361668582261089,180,180,180,180,180,180,180
38.491966247558594,0.10650629309297203,2.577738926227454,0.2617993877991417,0.08726646259971389,-1.361668582261089,180,180,180,180,180,180,180
38.50228452682495,0.10473566327485137,2.5693050312158583,0.2617993877991417,0.08726646259971389,-1.364293742092737,180,180,180,180,180,180,180
38.51251006126404,0.10473566327485137,2.5693050312158583,0.2617993877991417,0.08726646259971389,-1.364293742092737,180,180,180,180,180,180,180
38.522688150405884,0.10473566327485137,2.5693050312158583,0.2617993877991417,0.08726646259971389,-1.364293742092737,180,180,180,180,180,180,180
38.53353190422058,0.10293078103913968,2.560619481087386,0.2617993877991417,0.08726646259971389,-1.367153687407182,180,180,180,180,180,180,180
38.543760776519775,0.10293078103913968,2.560619481087386,0.2617993877991417,0.08726646259971389,-1.367153687407182,180,180,180,180,180,180,180
38.55394911766052,0.10293078103913968,2.560619481087386,0.2617993877991417,0.08726646259971389,-1.367153687407182,180,180,180,180,180,180,180
38.564122676849365,0.1012084601698297,2.552205094673966,0.2617993877991417,0.08726646259971389,-1.370142084264413,180,180,180,180,180,180,180
38.58360958099365,0.1012084601698297,2.552205094673966,0.2617993877991417,0.08726646259971389,-1.370142084264413,180,180,180,180,180,180,180
38.593910455703735,0.0995080683112874,2.5437783201819397,0.2617993877991417,0.08726646259971389,-1.373153542860174,180,180,180,180,180,180,180
38.60435891151428,0.0995080683112874,2.5437783201819397,0.2617993877991417,0.08726646259971389,-1.373153542860174,180,180,180,180,180,180,180
38.614859104156494,0.0995080683112874,2.5437783201819397,0.2617993877991417,0.08726646259971389,-1.373153542860174,180,180,180,180,180,180,180
38.6253502368927,0.0995080683112874,2.5437783201819397,0.2617993877991417,0.08726646259971389,-1.373153542860174,180,180,180,180,180,180,180
38.636993169784546,0.09778123547340846,2.5350828354144013,0.2617993877991417,0.08726646259971389,-1.3762751257162777,180,180,180,180,180,180,180
38.647233963012695,0.09778123547340846,2.5350828354144013,0.2617993877991417,0.08726646259971389,-1.3762751257162777,180,180,180,180,180,180,180
38.6574604511261,0.09778123547340846,2.5350828354144013,0.2617993877991417,0.08726646259971389,-1.3762751257162777,180,180,180,180,180,180,180
38.6676926612854,0.09612885312761021,2.526626213813011,0.2617993877991417,0.08726646259971389,-1.3793000404371158,180,180,180,180,180,180,180
38.68441939353943,0.09612885312761021,2.526626213813011,0.2617993877991417,0.08726646259971389,-1.3793000404371158,180,180,180,180,180,180,180
38.69465208053589,0.09449928152457988,2.5181552718941376,0.2617993877991417,0.08726646259971389,-1.382298334151521,180,180,180,180,180,180,180
38.70486640930176,0.09449928152457988,2.5181552718941376,0.2617993877991417,0.08726646259971389,-1.382298334151521,180,180,180,180,180,180,180
38.715096950531006,0.09449928152457988,2.5181552718941376,0.2617993877991417,0.08726646259971389,-1.382298334151521,180,180,180,180,180,180,180
38.725335121154785,0.09449928152457988,2.5181552718941376,0.2617993877991417,0.08726646259971389,-1.382298334151521,180,180,180,180,180,180,180
38.739036321640015,0.09284420714698628,2.509415029552612,0.2617993877991417,0.08726646259971389,-1.385357215423195,180,180,180,180,180,180,180
38.74926018714905,0.09284420714698628,2.509415029552612,0.2617993877991417,0.08726646259971389,-1.385357215423195,180,180,180,180,180,180,180
38.75950503349304,0.09126800938613236,2.5009282880826156,0.2617993877991417,0.08726646259971389,-1.3882195438558127,180,180,180,180,180,180,180
38.76972460746765,0.09126800938613236,2.5009282880826156,0.2617993877991417,0.08726646259971389,-1.3882195438558127,180,180,180,180,180,180,180
38.78364706039429,0.09126800938613236,2.5009282880826156,0.2617993877991417,0.08726646259971389,-1.3882195438558127,180,180,180,180,180,180,180
38.79395318031311,0.08971957172431774,2.4924810568664593,0.2617993877991417,0.08726646259971389,-1.390678667806976,180,180,180,180,180,180,180
38.80415487289429,0.08971957172431774,2.4924810568664593,0.2617993877991417,0.08726646259971389,-1.390678667806976,180,180,180,180,180,180,180
38.8143675327301,0.08971957172431774,2.4924810568664593,0.2617993877991417,0.08726646259971389,-1.390678667806976,180,180,180,180,180,180,180
38.824650049209595,0.08971957172431774,2.4924810568664593,0.2617993877991417,0.08726646259971389,-1.390678667806976,180,180,180,180,180,180,180
38.83492946624756,0.08971957172431774,2.4924810568664593,0.2617993877991417,0.08726646259971389,-1.390678667806976,180,180,180,180,180,180,180
38.84511208534241,0.08971957172431774,2.4924810568664593,0.2617993877991417,0.08726646259971389,-1.390678667806976,180,180,180,180,180,180,180
38.85529708862305,0.08814198958293111,2.4837543327436675,0.2617993877991417,0.08726646259971389,-1.3932951621190515,180,180,180,180,180,180,180
38.86552095413208,0.08662824178879881,2.4752663369939643,0.2617993877991417,0.08726646259971389,-1.395855644213406,180,180,180,180,180,180,180
38.883524656295776,0.08662824178879881,2.4752663369939643,0.2617993877991417,0.08726646259971389,-1.395855644213406,180,180,180,180,180,180,180
38.89374041557312,0.08514348649214327,2.4667711493281033,0.2617993877991417,0.08726646259971389,-1.3984708770473733,180,180,180,180,180,180,180
38.903928995132446,0.08514348649214327,2.4667711493281033,0.2617993877991417,0.06981317007977111,-1.3984708770473733,180,180,180,180,180,180,180
38.914135217666626,0.08514348649214327,2.4667711493281033,0.2617993877991417,0.06981317007977111,-1.3984708770473733,180,180,180,180,180,180,180
38.92436504364014,0.08514348649214327,2.4667711493281033,0.2617993877991417,0.06981317007977111,-1.3984708770473733,180,180,180,180,180,180,180
38.934592485427856,0.08363721110175364,2.4580158430433072,0.2617993877991417,0.05235987755982833,-1.4012894985760482,180,180,180,180,180,180,180
38.94478678703308,0.08363721110175364,2.4580158430433072,0.2617993877991417,0.05235987755982833,-1.4012894985760482,180,180,180,180,180,180,180
38.955005168914795,0.08363721110175364,2.4580158430433072,0.2617993877991417,0.05235987755982833,-1.4012894985760482,180,180,180,180,180,180,180
38.96541452407837,0.08219902078242829,2.449545922725307,0.2617993877991417,0.05235987755982833,-1.4037916534122694,180,180,180,180,180,180,180
38.98228120803833,0.08219902078242829,2.449545922725307,0.2617993877991417,0.0,-1.4037916534122694,180,180,180,180,180,180,180
38.99249815940857,0.08077691130987345,2.441052532133805,0.2617993877991417,0.0,-1.4056881329322697,180,180,180,180,180,180,180
39.00268602371216,0.08077691130987345,2.441052532133805,0.2617993877991417,0.0,-1.4056881329322697,180,180,180,180,180,180,180
39.01289248466492,0.08077691130987345,2.441052532133805,0.2617993877991417,0.0,-1.4056881329322697,180,180,180,180,180,180,180
39.03065896034241,0.0793202127094962,2.432292884902745,0.2617993877991417,0.0,-1.4060493891039996,180,180,180,180,180,180,180
39.04082226753235,0.0793202127094962,2.432292884902745,0.2617993877991417,0.0,-1.4060493891039996,180,180,180,180,180,180,180
39.05142307281494,0.0793202127094962,2.432292884902745,0.2617993877991417,0.0,-1.4060493891039996,180,180,180,180,180,180,180
39.061715841293335,0.0779047677646684,2.4237709617615577,0.2617993877991417,0.0,-1.4062145430327677,180,180,180,180,180,180,180
39.08100438117981,0.0779047677646684,2.4237709617615577,0.2617993877991417,0.0,-1.4062145430327677,180,180,180,180,180,180,180
39.091264963150024,0.0779047677646684,2.4237709617615577,0.2617993877991417,0.0,-1.4062145430327677,180,180,180,180,180,180,180
39.10145711898804,0.07648919601922638,2.415241200385731,0.2617993877991417,0.0,-1.4063424820670267,180,190,180,180,180,180,180
39.11167359352112,0.07648919601922638,2.415241200385731,0.2617993877991417,0.0,-1.4063424820670267,180,190,180,180,180,180,180
39.12189602851868,0.07648919601922638,2.415241200385731,0.2617993877991417,0.0,-1.4063424820670267,180,190,180,180,180,180,180
39.13216185569763,0.0750310799943677,2.40645276014636,0.2617993877991417,0.0,-1.4064033985186226,180,190,180,180,180,180,180
39.142375230789185,0.0750310799943677,2.40645276014636,0.2617993877991417,0.0,-1.4064033985186226,180,190,180,180,180,180,180
39.15298914909363,0.0750310799943677,2.40645276014636,0.2617993877991417,0.0,-1.4064033985186226,180,190,180,180,180,180,180
39.16356444358826,0.07362314171921726,2.397938910240609,0.2617993877991417,0.0,-1.40627149699405,180,190,180,180,180,180,180
39.179351568222046,0.07362314171921726,2.397938910240609,0.2617993877991417,0.0,-1.40627149699405,180,190,180,180,180,180,180
39.18957996368408,0.07362314171921726,2.397938910240609,0.2617993877991417,0.0,-1.40627149699405,180,190,180,180,180,180,180
39.1998085975647,0.07221514562145279,2.389458324968028,0.2617993877991417,0.0,-1.4058480484431104,180,190,180,180,180,180,180
39.21002674102783,0.07221514562145279,2.389458324968028,0.2617993877991417,0.0,-1.4058480484431104,180,190,180,180,180,180,180
39.22021842002869,0.07221514562145279,2.389458324968028,0.2617993877991417,0.0,-1.4058480484431104,180,190,180,180,180,180,180
39.23086452484131,0.07075565549848511,2.3806797924697456,0.2617993877991417,0.0,-1.4056407126212056,180,190,180,180,180,180,180
39.24109148979187,0.07075565549848511,2.3806797924697456,0.2617993877991417,0.0,-1.4056407126212056,180,190,180,180,180,180,180
39.251312255859375,0.07075565549848511,2.3806797924697456,0.2617993877991417,0.0,-1.4056407126212056,180,190,180,180,180,180,180
39.261603593826294,0.0693341698583186,2.3721558331906563,0.2617993877991417,0.0,-1.4054142563244467,180,190,180,180,180,180,180
39.271812200546265,0.0693341698583186,2.3721558331906563,0.2617993877991417,0.0,-1.4054142563244467,180,190,180,180,180,180,180
39.28505611419678,0.0693341698583186,2.3721558331906563,0.2617993877991417,0.0,-1.4054142563244467,180,190,180,180,180,180,180
39.29526948928833,0.06791054171080592,2.363629983969499,0.2617993877991417,0.0,-1.4052482686867587,180,190,180,180,180,180,180
39.305479288101196,0.06791054171080592,2.363629983969499,0.2617993877991417,0.0,-1.4052482686867587,180,190,180,180,180,180,180
39.31577658653259,0.06791054171080592,2.363629983969499,0.2617993877991417,0.0,-1.4052482686867587,180,190,180,180,180,180,180
39.3336443901062,0.06791054171080592,2.363629983969499,0.2617993877991417,0.0,-1.4052482686867587,180,190,180,180,180,180,180
39.343844175338745,0.06644780775032061,2.3548491208528812,0.2617993877991417,0.0,-1.4051770851049215,180,190,180,180,180,180,180
39.35403299331665,0.06644780775032061,2.3548491208528812,0.2617993877991417,0.0,-1.4051770851049215,180,190,180,180,180,180,180
39.364222049713135,0.06502773196441618,2.3463437639433806,0.2617993877991417,0.0,-1.4052844426143114,180,190,180,180,180,180,180
39.384891748428345,0.06502773196441618,2.3463437639433806,0.2617993877991417,0.0,-1.4052844426143114,180,190,180,180,180,180,180
39.39515733718872,0.06360831124772875,2.337837396853771,0.2617993877991417,0.0,-1.405439300101307,180,190,180,180,180,180,180
39.40533494949341,0.06360831124772875,2.337837396853771,0.2617993877991417,0.0,-1.405439300101307,180,190,180,180,180,180,180
39.41551685333252,0.06360831124772875,2.337837396853771,0.2617993877991417,0.0,-1.405439300101307,180,190,180,180,180,180,180
39.43126177787781,0.06360831124772875,2.337837396853771,0.2617993877991417,0.0,-1.405439300101307,180,190,180,180,180,180,180
39.44148635864258,0.06214609836581011,2.3290676946074957,0.2617993877991417,0.0,-1.4056207521826598,180,190,180,180,180,180,180
39.45200848579407,0.06214609836581011,2.3290676946074957,0.2617993877991417,0.0,-1.4056207521826598,180,190,180,180,180,180,180
39.46232843399048,0.060726827427170026,2.3205454982342912,0.2617993877991417,0.0,-1.4057850720124552,180,190,180,180,180,180,180
39.47964882850647,0.060726827427170026,2.3205454982342912,0.2617993877991417,0.0,-1.4057850720124552,180,190,180,180,180,180,180
39.489827156066895,0.060726827427170026,2.3205454982342912,0.2617993877991417,0.0,-1.4057850720124552,180,190,180,180,180,180,180
39.500036001205444,0.05930764721047193,2.3120159049243574,0.2617993877991417,0.0,-1.4059075408395583,180,190,180,180,180,180,180
39.510297536849976,0.05930764721047193,2.3120159049243574,0.2617993877991417,0.0,-1.4059075408395583,180,180,180,180,180,180,180
39.52048468589783,0.05930764721047193,2.3120159049243574,0.2617993877991417,0.0,-1.4059075408395583,180,180,180,180,180,180,180
39.532674074172974,0.05930764721047193,2.3120159049243574,0.2617993877991417,0.0,-1.4059075408395583,180,180,180,180,180,180,180
39.542940855026245,0.05784575024995719,2.3032286432337803,0.2617993877991417,0.0,-1.4059561876833264,180,180,180,180,180,180,180
39.55312180519104,0.05784575024995719,2.3032286432337803,0.2617993877991417,0.0,-1.4059561876833264,180,180,180,180,180,180,180
39.56331133842468,0.05643512604292419,2.294720751807487,0.2617993877991417,0.0,-1.4057768026357358,180,180,180,180,180,180,180
39.57838559150696,0.05643512604292419,2.294720751807487,0.2617993877991417,0.0,-1.4057768026357358,180,180,180,180,180,180,180
39.58861231803894,0.05643512604292419,2.294720751807487,0.2617993877991417,0.0,-1.4057768026357358,180,180,180,180,180,180,180
39.59880614280701,0.055022593857305985,2.2862378135717463,0.2617993877991417,0.0,-1.40536917999143,180,180,180,180,180,180,180
39.60898184776306,0.055022593857305985,2.2862378135717463,0.2617993877991417,0.0,-1.40536917999143,180,180,180,180,180,180,180
39.619858503341675,0.055022593857305985,2.2862378135717463,0.2617993877991417,0.0,-1.40536917999143,180,180,180,180,180,180,180
39.635995388031006,0.05355857498355801,2.2774596405001732,0.2617993877991417,0.0,-1.4051558049982313,180,180,180,180,180,180,180
39.64620113372803,0.05355857498355801,2.2774596405001732,0.2617993877991417,0.0,-1.4051558049982313,180,180,180,180,180,180,180
39.65641260147095,0.05355857498355801,2.2774596405001732,0.2617993877991417,0.0,-1.4051558049982313,180,180,180,180,180,180,180
39.66659474372864,0.05213272153175224,2.268935590043805,0.2617993877991417,0.0,-1.404933555431267,180,180,180,180,180,180,180
39.67678427696228,0.05213272153175224,2.268935590043805,0.2617993877991417,0.0,-1.404933555431267,180,180,180,180,180,180,180
39.69232249259949,0.05213272153175224,2.268935590043805,0.2617993877991417,0.0,-1.404933555431267,180,180,180,180,180,180,180
39.70251226425171,0.05070494429044258,2.2604106674938804,0.2617993877991417,0.0,-1.404777596626176,180,180,180,180,180,180,180
39.71290612220764,0.05070494429044258,2.2604106674938804,0.2617993877991417,0.0,-1.404777596626176,180,180,180,180,180,180,180
39.72321367263794,0.05070494429044258,2.2604106674938804,0.2617993877991417,0.0,-1.404777596626176,180,180,180,180,180,180,180
39.73862934112549,0.04923856933058349,2.251631244098464,0.2617993877991417,0.0,-1.4047201937108675,180,180,180,180,180,180,180
39.74886465072632,0.04923856933058349,2.251631244098464,0.2617993877991417,0.0,-1.4047201937108675,180,180,180,180,180,180,180
39.75907588005066,0.04923856933058349,2.251631244098464,0.2617993877991417,0.0,-1.4047201937108675,180,180,180,180,180,180,180
39.76933932304382,0.04781504416407794,2.2431283735017464,0.2617993877991417,0.0,-1.4048462310875482,180,180,180,180,180,180,180
39.78871941566467,0.04781504416407794,2.2431283735017464,0.2617993877991417,0.0,-1.4048462310875482,180,180,180,180,180,180,180
39.7989284992218,0.04639161076365155,2.2346219285529365,0.2617993877991417,0.0,-1.4050032937848131,180,180,180,180,180,180,180
39.8091094493866,0.04639161076365155,2.2346219285529365,0.2617993877991417,0.0,-1.4050032937848131,180,180,180,180,180,180,180
39.819292068481445,0.04639161076365155,2.2346219285529365,0.2617993877991417,0.0,-1.4050032937848131,180,180,180,180,180,180,180
39.83080792427063,0.04492541887703859,2.225851846838404,0.2617993877991417,0.0,-1.4051845394157962,180,180,180,180,180,180,180
39.840991497039795,0.04492541887703859,2.225851846838404,0.2617993877991417,0.0,-1.4051845394157962,180,180,180,180,180,180,180
39.851166009902954,0.04492541887703859,2.225851846838404,0.2617993877991417,0.0,-1.4051845394157962,180,180,180,180,180,180,180
39.86133170127869,0.04350221512253636,2.217329014763733,0.2617993877991417,0.0,-1.405345349638969,180,180,180,180,180,180,180
39.871926069259644,0.04350221512253636,2.217329014763733,0.2617993877991417,0.0,-1.405345349638969,180,180,180,180,180,180,180
39.882171869277954,0.04350221512253636,2.217329014763733,0.2617993877991417,0.0,-1.405345349638969,180,180,180,180,180,180,180
39.89232540130615,0.042079230232520734,2.208799707829065,0.2617993877991417,0.0,-1.4054615703762996,180,180,180,180,180,180,180
39.90251612663269,0.042079230232520734,2.208799707829065,0.2617993877991417,0.0,-1.4054615703762996,180,180,180,180,180,180,180
39.9127037525177,0.042079230232520734,2.208799707829065,0.2617993877991417,0.0,-1.4054615703762996,180,180,180,180,180,180,180
39.93102216720581,0.0406137200693505,2.200013807441462,0.2617993877991417,0.0,-1.4054968690530938,180,180,180,180,180,180,180
39.94126081466675,0.0406137200693505,2.200013807441462,0.2617993877991417,0.0,-1.4054968690530938,180,180,180,180,180,180,180
39.95148587226868,0.0406137200693505,2.200013807441462,0.2617993877991417,0.05235987755982833,-1.4054968690530938,180,180,180,180,180,180,180
39.96166276931763,0.03919987394917091,2.1915126455531766,0.2617993877991417,0.05235987755982833,-1.4052656880153505,180,180,180,180,180,180,180
39.97183847427368,0.03919987394917091,2.1915126455531766,0.2617993877991417,0.05235987755982833,-1.4052656880153505,180,180,180,180,180,180,180
39.9854052066803,0.03919987394917091,2.1915126455531766,0.2617993877991417,0.06981317007977111,-1.4052656880153505,180,180,180,180,180,180,180
39.99569058418274,0.03779869766651794,2.1831008834062686,0.2617993877991417,0.06981317007977111,-1.4059444525055007,180,180,180,180,180,180,180
40.00594139099121,0.03779869766651794,2.1831008834062686,0.2617993877991417,0.06981317007977111,-1.4059444525055007,180,180,180,180,180,180,180
40.0161337852478,0.03779869766651794,2.1831008834062686,0.2617993877991417,0.08726646259971389,-1.4059444525055007,180,180,180,180,180,180,180
40.03461790084839,0.03779869766651794,2.1831008834062686,0.2617993877991417,0.08726646259971389,-1.4059444525055007,180,180,180,180,180,180,180
40.045002460479736,0.03634983818722141,2.174353982190506,0.2617993877991417,0.08726646259971389,-1.4078871212585689,180,180,180,180,180,180,180
40.05520963668823,0.03634983818722141,2.174353982190506,0.2617993877991417,0.08726646259971389,-1.4078871212585689,180,180,180,180,180,180,180
40.06543779373169,0.034959925184401594,2.1658428637116947,0.2617993877991417,0.08726646259971389,-1.4104520066196122,180,180,180,180,180,180,180
40.081045389175415,0.034959925184401594,2.1658428637116947,0.2617993877991417,0.08726646259971389,-1.4104520066196122,180,180,180,180,180,180,180
40.09129452705383,0.034959925184401594,2.1658428637116947,0.2617993877991417,0.08726646259971389,-1.4104520066196122,180,180,180,180,180,180,180
40.10149264335632,0.03359952620051064,2.1573236087635523,0.2617993877991417,0.08726646259971389,-1.413095649997599,180,180,180,180,180,180,180
40.1117000579834,0.03359952620051064,2.1573236087635523,0.2617993877991417,0.08726646259971389,-1.413095649997599,180,180,180,180,180,180,180
40.12201976776123,0.03359952620051064,2.1573236087635523,0.2617993877991417,0.08726646259971389,-1.413095649997599,180,180,180,180,180,180,180
40.13377022743225,0.03359952620051064,2.1573236087635523,0.2617993877991417,0.08726646259971389,-1.413095649997599,180,180,180,180,180,180,180
40.14396095275879,0.03359952620051064,2.1573236087635523,0.2617993877991417,0.08726646259971389,-1.413095649997599,180,180,180,180,180,180,180
40.15415334701538,0.0322209297140787,2.148544528934985,0.2617993877991417,0.08726646259971389,-1.4159481101024678,180,180,180,180,180,180,180
40.164368629455566,0.0309069721297591,2.1400398365336475,0.2617993877991417,0.08726646259971389,-1.4189294470571976,180,180,180,180,180,180,180
40.178648471832275,0.0309069721297591,2.1400398365336475,0.2617993877991417,0.08726646259971389,-1.4189294470571976,180,180,180,180,180,180,180
40.18884634971619,0.0309069721297591,2.1400398365336475,0.2617993877991417,0.08726646259971389,-1.4189294470571976,180,180,180,180,180,180,180
40.19905638694763,0.02961896247051603,2.1315338864109004,0.2617993877991417,0.08726646259971389,-1.4219928756117979,180,180,180,180,180,180,180
40.20932722091675,0.02961896247051603,2.1315338864109004,0.2617993877991417,0.08726646259971389,-1.4219928756117979,180,180,180,180,180,180,180
40.21951603889465,0.02961896247051603,2.1315338864109004,0.2617993877991417,0.08726646259971389,-1.4219928756117979,180,180,180,180,180,180,180
40.23056101799011,0.028317963499480434,2.1227601354065113,0.2617993877991417,0.08726646259971389,-1.4251743456795047,180,180,180,180,180,180,180
40.24074053764343,0.028317963499480434,2.1227601354065113,0.2617993877991417,0.08726646259971389,-1.4251743456795047,180,180,180,180,180,180,180
40.2509241104126,0.028317963499480434,2.1227601354065113,0.2617993877991417,0.08726646259971389,-1.4251743456795047,180,180,180,180,180,180,180
40.26113820075989,0.027079596126493823,2.1142316906508976,0.2617993877991417,0.08726646259971389,-1.4282447756929513,180,180,180,180,180,180,180
40.27145218849182,0.027079596126493823,2.1142316906508976,0.2617993877991417,0.08726646259971389,-1.4282447756929513,180,180,180,180,180,180,180
40.28164529800415,0.027079596126493823,2.1142316906508976,0.2617993877991417,0.08726646259971389,-1.4282447756929513,180,180,180,180,180,180,180
40.291823625564575,0.027079596126493823,2.1142316906508976,0.2617993877991417,0.08726646259971389,-1.4282447756929513,180,180,180,180,180,180,180
40.30201959609985,0.025866144692707097,2.1056949875446715,0.2617993877991417,0.08726646259971389,-1.4312659128784504,180,180,180,180,180,180,180
40.312294483184814,0.025866144692707097,2.1056949875446715,0.2617993877991417,0.08726646259971389,-1.4312659128784504,180,180,180,180,180,180,180
40.322508335113525,0.025866144692707097,2.1056949875446715,0.2617993877991417,0.08726646259971389,-1.4312659128784504,180,180,180,180,180,180,180
40.33281850814819,0.02465025836490506,2.096903002887847,0.2617993877991417,0.08726646259971389,-1.4342100030122134,180,180,180,180,180,180,180
40.3430449962616,0.02465025836490506,2.096903002887847,0.2617993877991417,0.08726646259971389,-1.4342100030122134,180,180,180,180,180,180,180
40.35347032546997,0.02465025836490506,2.096903002887847,0.2617993877991417,0.06981317007977111,-1.4342100030122134,180,180,180,180,180,180,180
40.36377286911011,0.023494891397360055,2.088411399992667,0.2617993877991417,0.06981317007977111,-1.4366405678671352,180,180,180,180,180,180,180
40.38253903388977,0.023494891397360055,2.088411399992667,0.2617993877991417,0.06981317007977111,-1.4366405678671352,180,180,180,180,180,180,180
40.39310884475708,0.023494891397360055,2.088411399992667,0.2617993877991417,0.06981317007977111,-1.4366405678671352,180,180,180,180,180,180,180
40.403300523757935,0.022352573697955024,2.079873473530464,0.2617993877991417,0.05235987755982833,-1.4387446696353894,180,180,180,180,180,180,180
40.41351294517517,0.022352573697955024,2.079873473530464,0.2617993877991417,0.05235987755982833,-1.4387446696353894,180,180,180,180,180,180,180
40.42382097244263,0.022352573697955024,2.079873473530464,0.2617993877991417,0.05235987755982833,-1.4387446696353894,180,180,180,180,180,180,180
40.436169385910034,0.022352573697955024,2.079873473530464,0.2617993877991417,0.05235987755982833,-1.4387446696353894,180,180,180,180,180,180,180
40.44651699066162,0.021188901149774342,2.071064351848874,0.2617993877991417,0.05235987755982833,-1.440288245074044,180,180,180,180,180,180,180
40.456719636917114,0.021188901149774342,2.071064351848874,0.2617993877991417,0.05235987755982833,-1.440288245074044,180,180,180,180,180,180,180
40.46692872047424,0.020070477407502355,2.0625037416287753,0.2617993877991417,0.05235987755982833,-1.4417749620963964,180,180,180,180,180,180,180
40.48182797431946,0.020070477407502355,2.0625037416287753,0.2617993877991417,0.05235987755982833,-1.4417749620963964,180,180,180,180,180,180,180
40.49207806587219,0.020070477407502355,2.0625037416287753,0.2617993877991417,0.05235987755982833,-1.4417749620963964,180,180,180,180,180,180,180
40.502349853515625,0.0189662846165372,2.053935419592133,0.2617993877991417,0.05235987755982833,-1.4433086773541037,180,180,180,180,180,180,180
40.51255774497986,0.0189662846165372,2.053935419592133,0.2617993877991417,0.05235987755982833,-1.4433086773541037,180,180,180,180,180,180,180
40.5316047668457,0.0189662846165372,2.053935419592133,0.2617993877991417,0.05235987755982833,-1.4433086773541037,180,180,180,180,180,180,180
40.54201078414917,0.017847254084098582,2.045104699524031,0.2617993877991417,0.05235987755982833,-1.444996432520073,180,180,180,180,180,180,180
40.552207708358765,0.017847254084098582,2.045104699524031,0.2617993877991417,0.05235987755982833,-1.444996432520073,180,180,180,180,180,180,180
40.56240630149841,0.01677322908519835,2.036541461650482,0.2617993877991417,0.05235987755982833,-1.446776842662313,180,180,180,180,180,180,180
40.58034348487854,0.01677322908519835,2.036541461650482,0.2617993877991417,0.0,-1.446776842662313,180,180,180,180,180,180,180
40.590543031692505,0.01677322908519835,2.036541461650482,0.2617993877991417,0.0,-1.446776842662313,180,180,180,180,180,180,180
40.60073137283325,0.015717171093090454,2.027992763935509,0.2617993877991417,0.0,-1.4487179357028956,180,180,180,180,180,180,180
40.6109983921051,0.015717171093090454,2.027992763935509,0.2617993877991417,0.0,-1.4487179357028956,180,180,180,180,180,180,180
40.621243476867676,0.015717171093090454,2.027992763935509,0.2617993877991417,0.0,-1.4487179357028956,180,180,180,180,180,180,180
40.63156294822693,0.01463870284364635,2.0191785349652953,0.2617993877991417,0.0,-1.4491680965388714,180,180,180,180,180,180,180
40.64178228378296,0.01463870284364635,2.0191785349652953,0.2617993877991417,0.0,-1.4491680965388714,180,180,180,180,180,180,180
40.65197134017944,0.01463870284364635,2.0191785349652953,0.2617993877991417,0.0,-1.4491680965388714,180,180,180,180,180,180,180
40.66218829154968,0.013592048583509635,2.0106044979440494,0.2617993877991417,0.0,-1.4493570384415795,180,180,180,180,180,180,180
40.672404766082764,0.013592048583509635,2.0106044979440494,0.2617993877991417,0.0,-1.4493570384415795,180,180,180,180,180,180,180
40.68256855010986,0.013592048583509635,2.0106044979440494,0.2617993877991417,0.0,-1.4493570384415795,180,180,180,180,180,180,180
40.69273376464844,0.01254717195553751,2.0020304742413613,0.2617993877991417,0.0,-1.4494439662171759,180,180,180,180,180,180,180
40.702940940856934,0.01254717195553751,2.0020304742413613,0.2617993877991417,0.0,-1.4494439662171759,180,180,180,180,180,180,180
40.71314549446106,0.01254717195553751,2.0020304742413613,0.2617993877991417,0.0,-1.4494439662171759,180,180,180,180,180,180,180
40.723353147506714,0.01254717195553751,2.0020304742413613,0.2617993877991417,0.0,-1.4494439662171759,180,180,180,180,180,180,180
40.735137701034546,0.011477802597474067,1.9932250283451929,0.2617993877991417,0.0,-1.449250349972121,180,180,180,180,180,180,180
40.74538564682007,0.011477802597474067,1.9932250283451929,0.2617993877991417,0.0,-1.449250349972121,180,180,180,180,180,180,180
40.756187438964844,0.011477802597474067,1.9932250283451929,0.2617993877991417,0.0,-1.449250349972121,180,180,180,180,180,180,180
40.76638579368591,0.010436286955615846,1.9846944763490875,0.2617993877991417,0.0,-1.4489044004127785,180,180,180,180,180,180,180
40.77662396430969,0.010436286955615846,1.9846944763490875,0.2617993877991417,0.0,-1.4489044004127785,180,180,180,180,180,180,180
40.78683519363403,0.010436286955615846,1.9846944763490875,0.2617993877991417,0.0,-1.4489044004127785,180,180,180,180,180,180,180
40.7970666885376,0.009388698944541883,1.976127916991518,0.2617993877991417,0.0,-1.4487401501250692,180,180,180,180,180,180,180
40.807347774505615,0.009388698944541883,1.976127916991518,0.2617993877991417,0.0,-1.4487401501250692,180,180,180,180,180,180,180
40.81761598587036,0.009388698944541883,1.976127916991518,0.2617993877991417,0.0,-1.4487401501250692,180,180,180,180,180,180,180
40.83607268333435,0.009388698944541883,1.976127916991518,0.2617993877991417,0.0,-1.4487401501250692,180,180,180,180,180,180,180
40.84657669067383,0.008305353796093616,1.9672952579878602,0.2617993877991417,0.0,-1.4485449672759847,180,180,180,180,180,180,180
40.85682129859924,0.008305353796093616,1.9672952579878602,0.2617993877991417,0.0,-1.4485449672759847,180,180,180,180,180,180,180
40.8670756816864,0.007250362287127676,1.958712220948394,0.2617993877991417,0.0,-1.4483739518787027,180,180,180,180,180,180,180
40.880332708358765,0.007250362287127676,1.958712220948394,0.2617993877991417,0.0,-1.4483739518787027,180,180,180,180,180,180,180
40.89061784744263,0.007250362287127676,1.958712220948394,0.2617993877991417,0.0,-1.4483739518787027,180,180,180,180,180,180,180
40.90081548690796,0.006193569048433423,1.9501248396088946,0.2617993877991417,0.0,-1.4482424138343706,180,180,180,180,180,180,180
40.91104245185852,0.006193569048433423,1.9501248396088946,0.2617993877991417,0.0,-1.4482424138343706,180,180,180,180,180,180,180
40.92127346992493,0.006193569048433423,1.9501248396088946,0.2617993877991417,0.0,-1.4482424138343706,180,180,180,180,180,180,180
40.93173050880432,0.005106504222362176,1.9412808177887868,0.2617993877991417,0.0,-1.4481937651577705,180,180,180,180,180,180,180
40.94195818901062,0.005106504222362176,1.9412808177887868,0.2617993877991417,0.0,-1.4481937651577705,180,180,180,180,180,180,180
40.95216250419617,0.005106504222362176,1.9412808177887868,0.2617993877991417,0.0,-1.4481937651577705,180,180,180,180,180,180,180
40.96240592002869,0.004052746205616279,1.9327093069034331,0.2617993877991417,0.05235987755982833,-1.4482900847542486,180,180,180,180,180,180,180
40.97306561470032,0.004052746205616279,1.9327093069034331,0.2617993877991417,0.05235987755982833,-1.4482900847542486,180,180,180,180,180,180,180
40.983320474624634,0.004052746205616279,1.9327093069034331,0.2617993877991417,0.05235987755982833,-1.4482900847542486,180,180,180,180,180,180,180
40.99352526664734,0.0030059812917259546,1.9241450763339714,0.2617993877991417,0.06981317007977111,-1.450029644574982,180,180,180,180,180,180,180
41.00371789932251,0.0030059812917259546,1.9241450763339714,0.2617993877991417,0.06981317007977111,-1.450029644574982,180,180,180,180,180,180,180
41.0146701335907,0.0030059812917259546,1.9241450763339714,0.2617993877991417,0.06981317007977111,-1.450029644574982,180,180,180,180,180,180,180
41.03055167198181,0.0019467464538509734,1.91533225049437,0.2617993877991417,0.08726646259971389,-1.4526206954422554,180,180,180,180,180,180,180
41.04076886177063,0.0019467464538509734,1.91533225049437,0.2617993877991417,0.08726646259971389,-1.4526206954422554,180,180,180,180,180,180,180
41.0511736869812,0.0019467464538509734,1.91533225049437,0.2617993877991417,0.08726646259971389,-1.4526206954422554,180,180,180,180,180,180,180
41.06321406364441,0.0009423936853172109,1.9067743552311387,0.2617993877991417,0.08726646259971389,-1.4557005600513402,180,180,180,180,180,180,180
41.080320596694946,0.0009423936853172109,1.9067743552311387,0.2617993877991417,0.08726646259971389,-1.4557005600513402,180,180,180,180,180,180,180
41.09058713912964,0.0009423936853172109,1.9067743552311387,0.2617993877991417,0.08726646259971389,-1.4557005600513402,180,180,180,180,180,180,180
41.10081243515015,-2.8919186461493353e-05,1.8982174626858466,0.2617993877991417,0.08726646259971389,-1.458667725527685,180,180,180,180,180,180,180
41.111077547073364,-2.8919186461493353e-05,1.8982174626858466,0.2617993877991417,0.08726646259971389,-1.458667725527685,180,180,180,180,180,180,180
41.12125515937805,-2.8919186461493353e-05,1.8982174626858466,0.2617993877991417,0.08726646259971389,-1.458667725527685,180,180,180,180,180,180,180
41.131545543670654,-0.0010028246983939224,1.8894371071900407,0.2617993877991417,0.06981317007977111,-1.4613074130556878,180,180,180,180,180,180,180
41.14177179336548,-0.0010028246983939224,1.8894371071900407,0.2617993877991417,0.06981317007977111,-1.4613074130556878,180,180,180,180,180,180,180
41.151989221572876,-0.0010028246983939224,1.8894371071900407,0.2617993877991417,0.06981317007977111,-1.4613074130556878,180,180,180,180,180,180,180
41.1622154712677,-0.0019284253043301209,1.8809006884699002,0.2617993877991417,0.06981317007977111,-1.4638948334545303,180,180,180,180,180,180,180
41.172430992126465,-0.0019284253043301209,1.8809006884699002,0.2617993877991417,0.05235987755982833,-1.4638948334545303,180,180,180,180,180,180,180
41.188562870025635,-0.0019284253043301209,1.8809006884699002,0.2617993877991417,0.05235987755982833,-1.4638948334545303,180,180,180,180,180,180,180
41.19878363609314,-0.002837760257623521,1.8723370075668815,0.2617993877991417,0.05235987755982833,-1.4659992229831067,180,180,180,180,180,180,180
41.208980083465576,-0.002837760257623521,1.8723370075668815,0.2617993877991417,0.05235987755982833,-1.4659992229831067,180,180,180,180,180,180,180
41.219218492507935,-0.002837760257623521,1.8723370075668815,0.2617993877991417,0.0,-1.4659992229831067,180,180,180,180,180,180,180
41.23138070106506,-0.003761300831992412,1.8634972582493798,0.2617993877991417,0.0,-1.4675745181019497,180,180,180,180,180,180,180
41.241589069366455,-0.003761300831992412,1.8634972582493798,0.2617993877991417,0.0,-1.4675745181019497,180,180,180,180,180,180,180
41.25180506706238,-0.003761300831992412,1.8634972582493798,0.2617993877991417,0.0,-1.4675745181019497,180,180,180,180,180,180,180
41.26200318336487,-0.004650872599392931,1.8548982033712804,0.2617993877991417,0.0,-1.467518875527997,180,180,180,180,180,180,180
41.272226095199585,-0.004650872599392931,1.8548982033712804,0.2617993877991417,0.0,-1.467518875527997,180,180,180,180,180,180,180
41.283743381500244,-0.004650872599392931,1.8548982033712804,0.2617993877991417,0.0,-1.467518875527997,180,180,180,180,180,180,180
41.29396414756775,-0.0055425727078488,1.846290145750948,0.2617993877991417,0.0,-1.4674006658362888,180,180,180,180,180,180,180
41.30416297912598,-0.0055425727078488,1.846290145750948,0.2617993877991417,0.0,-1.4674006658362888,180,180,180,180,180,180,180
41.31438183784485,-0.0055425727078488,1.846290145750948,0.2617993877991417,0.0,-1.4674006658362888,180,180,180,180,180,180,180
41.32984185218811,-0.0055425727078488,1.846290145750948,0.2617993877991417,0.0,-1.4674006658362888,180,180,180,180,180,180,180
41.34014439582825,-0.006459907908857178,1.8374231387073274,0.2617993877991417,0.0,-1.4673562804298435,180,180,180,180,180,180,180
41.35035800933838,-0.006459907908857178,1.8374231387073274,0.2617993877991417,0.0,-1.4673562804298435,180,180,180,180,180,180,180
41.3605535030365,-0.0073497047914245035,1.8288253114228266,0.2617993877991417,0.0,-1.4674275797456309,180,180,180,180,180,180,180
41.37075138092041,-0.0073497047914245035,1.8288253114228266,0.2617993877991417,0.0,-1.4674275797456309,180,180,180,180,180,180,180
41.38274598121643,-0.0073497047914245035,1.8288253114228266,0.2617993877991417,0.0,-1.4674275797456309,180,180,180,180,180,180,180
41.392966985702515,-0.008237029994624102,1.820242094368246,0.2617993877991417,0.0,-1.4676475524508266,180,180,180,180,180,180,180
41.4032244682312,-0.008237029994624102,1.820242094368246,0.2617993877991417,0.0,-1.4676475524508266,180,180,180,180,180,180,180
41.41352963447571,-0.008237029994624102,1.820242094368246,0.2617993877991417,0.0,-1.4676475524508266,180,180,180,180,180,180,180
41.42385697364807,-0.008237029994624102,1.820242094368246,0.2617993877991417,0.0,-1.4676475524508266,180,180,180,180,180,180,180
41.43413043022156,-0.009151717674368516,1.8113947945420945,0.2617993877991417,0.0,-1.4678812941284918,180,180,180,180,180,180,180
41.44433379173279,-0.009151717674368516,1.8113947945420945,0.2617993877991417,0.0,-1.4678812941284918,180,180,180,180,180,180,180
41.45463466644287,-0.009151717674368516,1.8113947945420945,0.2617993877991417,0.0,-1.4678812941284918,180,180,180,180,180,180,180
41.46525311470032,-0.01003783140316091,1.8028050752907587,0.2617993877991417,0.0,-1.468047406144731,180,180,180,180,180,180,180
41.482343912124634,-0.01003783140316091,1.8028050752907587,0.2617993877991417,0.0,-1.468047406144731,180,180,180,180,180,180,180
41.49257040023804,-0.01091796655678426,1.7942242816356182,0.2617993877991417,0.0,-1.4680542534029122,180,180,180,180,180,180,180
41.502787351608276,-0.01091796655678426,1.7942242816356182,0.2617993877991417,0.0,-1.4680542534029122,190,190,180,180,180,180,180
41.51347327232361,-0.01091796655678426,1.7942242816356182,0.2617993877991417,0.0,-1.4680542534029122,190,190,180,180,180,180,180
41.52933406829834,-0.011824432941203337,1.7854295074424829,0.2617993877991417,0.0,-1.4676719918974193,190,190,180,180,180,180,180
41.53955078125,-0.011824432941203337,1.7854295074424829,0.2617993877991417,0.0,-1.4676719918974193,190,190,180,180,180,180,180
41.54973864555359,-0.011824432941203337,1.7854295074424829,0.2617993877991417,0.0,-1.4676719918974193,190,190,180,180,180,180,180
41.55989360809326,-0.012709694607746772,1.7768546525486377,0.2617993877991417,0.0,-1.4675148549295989,190,190,180,180,180,180,180
41.57007551193237,-0.012709694607746772,1.7768546525486377,0.2617993877991417,0.0,-1.4675148549295989,190,190,180,180,180,180,180
41.58435392379761,-0.012709694607746772,1.7768546525486377,0.2617993877991417,0.0,-1.4675148549295989,190,190,180,180,180,180,180
41.5945520401001,-0.013598746328848894,1.768272372685957,0.2617993877991417,0.0,-1.467343344020835,190,190,180,180,180,180,180
41.60476112365723,-0.013598746328848894,1.768272372685957,0.2617993877991417,0.0,-1.467343344020835,190,190,180,180,180,180,180
41.61496949195862,-0.013598746328848894,1.768272372685957,0.2617993877991417,0.0,-1.467343344020835,190,190,180,180,180,180,180
41.633607625961304,-0.014517841403935663,1.7594181388461025,0.2617993877991417,0.0,-1.4671753185045433,190,190,180,180,180,180,180
41.64384722709656,-0.014517841403935663,1.7594181388461025,0.2617993877991417,0.0,-1.4671753185045433,190,190,180,180,180,180,180
41.65403366088867,-0.014517841403935663,1.7594181388461025,0.2617993877991417,0.0,-1.4671753185045433,190,190,180,180,180,180,180
41.66423964500427,-0.015412828615242265,1.7508141308260254,0.2617993877991417,0.0,-1.4670275409755476,190,190,180,180,180,180,180
41.68599987030029,-0.015412828615242265,1.7508141308260254,0.2617993877991417,0.0,-1.4670275409755476,190,190,180,180,180,180,180
41.69624710083008,-0.016309437941338056,1.7422056632289313,0.2617993877991417,0.05235987755982833,-1.4669116120966808,190,190,180,180,180,180,180
41.706449031829834,-0.016309437941338056,1.7422056632289313,0.2617993877991417,0.05235987755982833,-1.4669116120966808,190,180,180,180,180,180,180
41.71665334701538,-0.016309437941338056,1.7422056632289313,0.2617993877991417,0.05235987755982833,-1.4669116120966808,190,180,180,180,180,180,180
41.7302360534668,-0.016309437941338056,1.7422056632289313,0.2617993877991417,0.05235987755982833,-1.4669116120966808,190,180,180,180,180,180,180
41.740440368652344,-0.016309437941338056,1.7422056632289313,0.2617993877991417,0.05235987755982833,-1.4669116120966808,190,180,180,180,180,180,180
41.750624895095825,-0.01723214551216059,1.7333396151683864,0.2617993877991417,0.06981317007977111,-1.4668767179314508,190,180,180,180,180,180,180
41.76081895828247,-0.018131579275800704,1.7246693212507405,0.2617993877991417,0.06981317007977111,-1.4679987784175748,190,180,180,180,180,180,180
41.77102255821228,-0.018131579275800704,1.7246693212507405,0.2617993877991417,0.06981317007977111,-1.4679987784175748,190,180,180,180,180,180,180
41.78309941291809,-0.018131579275800704,1.7246693212507405,0.2617993877991417,0.06981317007977111,-1.4679987784175748,190,180,180,180,180,180,180
41.7932813167572,-0.019007094786744772,1.7160780052207578,0.2617993877991417,0.06981317007977111,-1.47038839388408,190,180,180,180,180,180,180
41.803487062454224,-0.019007094786744772,1.7160780052207578,0.2617993877991417,0.06981317007977111,-1.47038839388408,190,180,180,180,180,180,180
41.813689947128296,-0.019007094786744772,1.7160780052207578,0.2617993877991417,0.06981317007977111,-1.47038839388408,180,180,180,180,180,180,180
41.83202409744263,-0.019007094786744772,1.7160780052207578,0.2617993877991417,0.06981317007977111,-1.47038839388408,180,180,180,180,180,180,180
41.842238903045654,-0.019886663459081633,1.7072456639967393,0.2617993877991417,0.06981317007977111,-1.473029633733968,180,180,180,180,180,180,180
41.8524432182312,-0.019886663459081633,1.7072456639967393,0.2617993877991417,0.06981317007977111,-1.473029633733968,180,180,180,180,180,180,180
41.862693309783936,-0.020714014122461058,1.6986676570856396,0.2617993877991417,0.06981317007977111,-1.4755560846919715,180,180,180,180,180,180,180
41.881123781204224,-0.020714014122461058,1.6986676570856396,0.2617993877991417,0.06981317007977111,-1.4755560846919715,180,180,180,180,180,180,180
41.89131021499634,-0.020714014122461058,1.6986676570856396,0.2617993877991417,0.06981317007977111,-1.4755560846919715,180,180,180,180,180,180,180
41.901504039764404,-0.02151752604494201,1.6901035780207925,0.2617993877991417,0.06981317007977111,-1.4778129425594984,180,180,180,180,180,180,180
41.91169357299805,-0.02151752604494201,1.6901035780207925,0.2617993877991417,0.06981317007977111,-1.4778129425594984,180,180,180,180,180,180,180
41.92188549041748,-0.02151752604494201,1.6901035780207925,0.2617993877991417,0.08726646259971389,-1.4778129425594984,180,180,180,180,180,180,180
41.9337944984436,-0.022326745046211825,1.6813144088820169,0.2617993877991417,0.08726646259971389,-1.4797911764908924,180,180,180,180,180,180,180
41.9440279006958,-0.022326745046211825,1.6813144088820169,0.2617993877991417,0.12217304763959944,-1.4797911764908924,180,180,180,180,180,180,180
41.95420694351196,-0.022326745046211825,1.6813144088820169,0.2617993877991417,0.13962634015954223,-1.4797911764908924,180,180,180,180,180,180,180
41.96441149711609,-0.023095326861819802,1.6727500098943462,0.2617993877991417,0.13962634015954223,-1.4824472740287913,180,180,180,180,180,180,180
41.98295593261719,-0.023095326861819802,1.6727500098943462,0.2617993877991417,0.157079632679485,-1.4824472740287913,180,180,180,180,180,180,180
41.99315166473389,-0.02383584437266964,1.6641915632394075,0.2617993877991417,0.17453292519942779,-1.4866734534683292,180,180,180,180,180,180,180
42.00334548950195,-0.02383584437266964,1.6641915632394075,0.2617993877991417,0.19198621771937055,-1.4866734534683292,180,180,180,180,180,180,180
42.01355600357056,-0.02383584437266964,1.6641915632394075,0.2617993877991417,0.19198621771937055,-1.4866734534683292,180,180,180,180,180,180,180
42.031561851501465,-0.02383584437266964,1.6641915632394075,0.2617993877991417,0.19198621771937055,-1.4866734534683292,180,180,180,180,180,180,180
42.04188680648804,-0.024555643003390717,1.6553644712185862,0.2617993877991417,0.19198621771937055,-1.4923367079072851,180,180,180,180,180,180,180
42.05208611488342,-0.024555643003390717,1.6553644712185862,0.2617993877991417,0.17453292519942779,-1.4923367079072851,180,180,180,180,180,180,180
42.06264877319336,-0.025204311838301945,1.6467872105906969,0.2617993877991417,0.17453292519942779,-1.4984666882349282,180,180,180,180,180,180,180
42.07327961921692,-0.025204311838301945,1.6467872105906969,0.2617993877991417,0.12217304763959944,-1.4984666882349282,180,180,180,180,180,180,180
42.083903551101685,-0.025204311838301945,1.6467872105906969,0.2617993877991417,0.08726646259971389,-1.4984666882349282,180,180,180,180,180,180,180
42.094096422195435,-0.02580363843030073,1.638193166633072,0.2617993877991417,0.06981317007977111,-1.5040937968038666,180,180,180,180,180,180,180
42.10432267189026,-0.02580363843030073,1.638193166633072,0.2617993877991417,0.06981317007977111,-1.5040937968038666,180,180,180,180,180,180,180
42.11452102661133,-0.02580363843030073,1.638193166633072,0.2617993877991417,0.05235987755982833,-1.5040937968038666,180,180,180,180,180,180,180
42.12471795082092,-0.02580363843030073,1.638193166633072,0.2617993877991417,0.05235987755982833,-1.5040937968038666,180,180,180,180,180,180,180
42.13495063781738,-0.026371939481866842,1.6294878243752875,0.2617993877991417,0.0,-1.5054438187810273,180,180,180,180,180,180,180
42.145139932632446,-0.026371939481866842,1.6294878243752875,0.2617993877991417,0.0,-1.5054438187810273,180,180,180,180,180,180,180
42.15535306930542,-0.026371939481866842,1.6294878243752875,0.2617993877991417,0.0,-1.5054438187810273,180,180,180,180,180,180,180
42.16556358337402,-0.026923727701609168,1.6210176769411773,0.2617993877991417,0.0,-1.5055756789943786,180,180,180,180,180,180,180
42.18139410018921,-0.026923727701609168,1.6210176769411773,0.2617993877991417,0.0,-1.5055756789943786,180,180,180,180,180,180,180
42.19165825843811,-0.026923727701609168,1.6210176769411773,0.2617993877991417,0.0,-1.5055756789943786,180,180,180,180,180,180,180
42.201921701431274,-0.0274806508466524,1.6124584483107824,0.2617993877991417,0.0,-1.5062412301713248,180,180,180,180,180,180,180
42.212202310562134,-0.0274806508466524,1.6124584483107824,0.2617993877991417,0.0,-1.5062412301713248,180,180,180,180,180,180,180
42.22241830825806,-0.0274806508466524,1.6124584483107824,0.2617993877991417,0.0,-1.5062412301713248,180,180,180,180,180,180,180
42.23397088050842,-0.02805324570303214,1.6035790465747926,0.2617993877991417,0.0,-1.506441555751434,180,180,180,180,180,180,180
42.24417233467102,-0.02805324570303214,1.6035790465747926,0.2617993877991417,0.06981317007977111,-1.506441555751434,180,180,180,180,180,180,180
42.25436019897461,-0.02805324570303214,1.6035790465747926,0.2617993877991417,0.17453292519942779,-1.506441555751434,180,180,180,180,180,180,180
42.26474666595459,-0.028606181251446837,1.5949721004097295,0.2617993877991417,0.17453292519942779,-1.5065470039831539,180,180,180,180,140,180,180
42.28482365608215,-0.028606181251446837,1.5949721004097295,0.2617993877991417,0.17453292519942779,-1.5065470039831539,180,180,180,180,140,180,180
42.29505801200867,-0.02913254542212045,1.586616487877957,0.2617993877991417,0.19198621771937055,-1.5090315129457892,180,180,180,180,140,180,180
42.30525612831116,-0.02913254542212045,1.586616487877957,0.2617993877991417,0.20943951023931331,-1.5090315129457892,180,180,180,180,140,180,180
42.31554627418518,-0.02913254542212045,1.586616487877957,0.2617993877991417,0.20943951023931331,-1.5090315129457892,180,180,180,180,180,180,180
42.33390927314758,-0.02913254542212045,1.586616487877957,0.2617993877991417,0.20943951023931331,-1.5090315129457892,180,180,180,180,180,180,180
42.34468913078308,-0.029639617791400504,1.5780405460252747,0.2617993877991417,0.2268928027592561,-1.5138242678617775,180,180,180,180,180,180,180
42.354880571365356,-0.029639617791400504,1.5780405460252747,0.2617993877991417,0.2268928027592561,-1.5138242678617775,180,180,180,180,180,180,180
42.36509680747986,-0.03009968474742918,1.5695276226282804,0.2617993877991417,0.2268928027592561,-1.5202768150279362,180,180,180,180,180,180,180
42.37531018257141,-0.03009968474742918,1.5695276226282804,0.2617993877991417,0.2268928027592561,-1.5202768150279362,180,180,180,180,180,180,180
42.38551902770996,-0.03009968474742918,1.5695276226282804,0.2617993877991417,0.2268928027592561,-1.5202768150279362,180,180,180,180,180,180,180
42.39570450782776,-0.03050064030524529,1.5609679213236325,0.2617993877991417,0.2268928027592561,-1.5275588884123668,180,180,180,180,180,180,180
42.40593767166138,-0.03050064030524529,1.5609679213236325,0.2617993877991417,0.2268928027592561,-1.5275588884123668,180,180,180,180,180,180,180
42.416152238845825,-0.03050064030524529,1.5609679213236325,0.2617993877991417,0.2268928027592561,-1.5275588884123668,180,180,180,180,180,180,180
42.432061195373535,-0.03084956278632645,1.5521343060118045,0.2617993877991417,0.2268928027592561,-1.5351058210552797,180,180,180,180,180,180,180
42.442267179489136,-0.03084956278632645,1.5521343060118045,0.2617993877991417,0.2268928027592561,-1.5351058210552797,180,180,180,180,180,180,180
42.45258712768555,-0.03084956278632645,1.5521343060118045,0.2617993877991417,0.2268928027592561,-1.5351058210552797,180,180,180,180,180,180,180
42.46280336380005,-0.031125034621143403,1.5435462446464032,0.2617993877991417,0.2268928027592561,-1.5424548412997219,180,180,180,180,180,180,180
42.473063468933105,-0.031125034621143403,1.5435462446464032,0.2617993877991417,0.2268928027592561,-1.5424548412997219,180,180,180,180,180,180,180
42.48371243476868,-0.031125034621143403,1.5435462446464032,0.2617993877991417,0.20943951023931331,-1.5424548412997219,180,180,180,180,180,180,180
42.49391961097717,-0.031337929338688245,1.534945719261676,0.2617993877991417,0.20943951023931331,-1.5498269666496955,180,180,180,180,180,180,180
42.50413250923157,-0.031337929338688245,1.534945719261676,0.2617993877991417,0.20943951023931331,-1.5498269666496955,180,180,180,180,180,180,180
42.51493740081787,-0.031337929338688245,1.534945719261676,0.2617993877991417,0.20943951023931331,-1.5498269666496955,180,180,180,180,180,180,180
42.53144407272339,-0.031494112922161116,1.5260704342167541,0.2617993877991417,0.06981317007977111,-1.556891928358334,180,180,180,180,180,180,180
42.541675329208374,-0.031494112922161116,1.5260704342167541,0.2617993877991417,0.06981317007977111,-1.556891928358334,180,180,180,180,180,180,180
42.551870346069336,-0.031494112922161116,1.5260704342167541,0.2617993877991417,0.05235987755982833,-1.556891928358334,180,180,180,180,180,180,180
42.56209087371826,-0.03158881723789132,1.5174436735981565,0.2617993877991417,0.0,-1.5632019427248087,180,180,180,180,180,180,180
42.57232213020325,-0.03158881723789132,1.5174436735981565,0.2617993877991417,0.0,-1.5632019427248087,180,180,180,180,180,180,180
42.58358287811279,-0.03158881723789132,1.5174436735981565,0.2617993877991417,0.0,-1.5632019427248087,180,180,180,180,180,180,180
42.593788385391235,-0.03158881723789132,1.5174436735981565,0.2617993877991417,0.0,-1.5632019427248087,180,180,180,180,180,180,180
42.6039879322052,-0.031625523494368785,1.5088925913887115,0.2617993877991417,0.0,-1.567849781840896,180,180,180,180,180,130,180
42.6141996383667,-0.031625523494368785,1.5088925913887115,0.2617993877991417,0.0,-1.567849781840896,180,180,180,180,180,130,180
42.62442088127136,-0.031625523494368785,1.5088925913887115,0.2617993877991417,0.0,-1.567849781840896,180,180,180,180,180,130,180
42.63548946380615,-0.03162909557733099,1.5001743024938097,0.2617993877991417,0.0,-1.570446474587936,180,180,180,180,180,130,180
42.6456983089447,-0.03162909557733099,1.5001743024938097,0.2617993877991417,0.0,-1.570446474587936,180,180,180,180,180,130,180
42.6558940410614,-0.03162909557733099,1.5001743024938097,0.2617993877991417,0.0,-1.570446474587936,180,180,180,180,180,130,180
42.666419982910156,-0.03162999763038672,1.4916099053849767,0.2617993877991417,0.0,-1.5708037500994998,180,180,180,180,180,180,180
42.68526077270508,-0.03162999763038672,1.4916099053849767,0.2617993877991417,0.0,-1.5708037500994998,180,180,180,180,180,180,180
42.69551873207092,-0.031627441166003,1.4829989103273284,0.2617993877991417,0.0,-1.5708014362392435,180,180,180,180,180,180,180
42.705734729766846,-0.031627441166003,1.4829989103273284,0.2617993877991417,0.0,-1.5708014362392435,180,180,180,180,180,180,180
42.71610450744629,-0.031627441166003,1.4829989103273284,0.2617993877991417,0.0,-1.5708014362392435,180,180,180,180,180,180,180
42.734585762023926,-0.03162666603897453,1.4741257162395223,0.2617993877991417,0.0,-1.5707522309013442,180,180,180,180,180,180,180
42.74483251571655,-0.03162666603897453,1.4741257162395223,0.2617993877991417,0.0,-1.5707522309013442,180,180,180,180,180,180,180
42.75502943992615,-0.03162666603897453,1.4741257162395223,0.2617993877991417,0.0,-1.5707522309013442,180,180,180,180,180,130,180
42.765254497528076,-0.03162641464348093,1.4655035162155425,0.2617993877991417,0.0,-1.5707084232432915,180,180,180,180,180,130,180
42.78164744377136,-0.03162641464348093,1.4655035162155425,0.2617993877991417,0.0,-1.5707084232432915,180,180,180,180,180,130,180
42.79189586639404,-0.03162641464348093,1.4655035162155425,0.2617993877991417,0.0,-1.5707084232432915,180,180,180,180,180,130,180
42.802114963531494,-0.03162644581351824,1.4568701927315495,0.2617993877991417,0.0,-1.5706721039676097,180,180,180,180,180,130,180
42.812328577041626,-0.03162644581351824,1.4568701927315495,0.2617993877991417,0.0,-1.5706721039676097,180,180,180,180,180,130,180
42.822582721710205,-0.03162644581351824,1.4568701927315495,0.2617993877991417,0.0,-1.5706721039676097,180,180,180,180,180,130,180
42.832799196243286,-0.031626798477255656,1.4479645351107755,0.2617993877991417,0.0,-1.570636138309548,180,180,180,180,180,130,180
42.84299898147583,-0.031626798477255656,1.4479645351107755,0.2617993877991417,0.0,-1.570636138309548,180,180,180,180,180,130,180
42.85318422317505,-0.031626798477255656,1.4479645351107755,0.2617993877991417,0.0,-1.570636138309548,180,180,180,180,180,130,180
42.86427855491638,-0.03162752736891542,1.4393106412207297,0.2617993877991417,0.0,-1.5706038512427496,180,180,180,180,180,130,180
42.88005018234253,-0.03162752736891542,1.4393106412207297,0.2617993877991417,0.0,-1.5706038512427496,180,180,180,180,180,130,180
42.89027690887451,-0.03162752736891542,1.4393106412207297,0.2617993877991417,0.0,-1.5706038512427496,180,180,180,180,180,130,180
42.90051984786987,-0.03162891417303079,1.4306465212217367,0.2617993877991417,0.0,-1.570584393196381,180,180,180,180,180,130,180
42.91072154045105,-0.03162891417303079,1.4306465212217367,0.2617993877991417,0.0,-1.570584393196381,180,180,180,180,180,130,180
42.920926094055176,-0.03162891417303079,1.4306465212217367,0.2617993877991417,0.0,-1.570584393196381,180,180,180,180,180,130,180
42.933483600616455,-0.03162891417303079,1.4306465212217367,0.2617993877991417,0.0,-1.570584393196381,180,180,180,180,180,130,180
42.943867206573486,-0.03163047273259702,1.4217128577789382,0.2617993877991417,0.0,-1.5705748373845183,180,180,180,180,180,130,180
42.95407199859619,-0.03163047273259702,1.4217128577789382,0.2617993877991417,0.0,-1.5705748373845183,180,180,180,180,180,130,180
42.96432280540466,-0.03163364017931856,1.4130441000116505,0.2617993877991417,0.0,-1.5705918180626786,180,180,180,180,180,130,180
42.98267936706543,-0.03163364017931856,1.4130441000116505,0.2617993877991417,0.0,-1.5705918180626786,180,180,180,180,180,130,180
42.992955684661865,-0.031634128682176174,1.4043866567365415,0.2617993877991417,0.12217304763959944,-1.5706388401169413,180,180,180,180,180,130,180
43.003135204315186,-0.031634128682176174,1.4043866567365415,0.2617993877991417,0.12217304763959944,-1.5706388401169413,180,180,180,180,180,130,180
43.013339042663574,-0.031634128682176174,1.4043866567365415,0.2617993877991417,0.27925268031908446,-1.5706388401169413,180,180,180,180,180,130,180
43.02352809906006,-0.031634128682176174,1.4043866567365415,0.2617993877991417,0.27925268031908446,-1.5706388401169413,180,180,180,180,180,130,180
43.03478527069092,-0.03162959830840888,1.3955233763942134,0.2617993877991417,0.3839724354387411,-1.5716002942029201,180,180,180,180,180,130,180
43.045032024383545,-0.03162959830840888,1.3955233763942134,0.2617993877991417,0.43633231299856945,-1.5716002942029201,180,180,180,180,180,130,180
43.055258989334106,-0.03162959830840888,1.3955233763942134,0.2617993877991417,0.43633231299856945,-1.5716002942029201,180,180,180,180,180,130,180
43.06550621986389,-0.0316066177670764,1.3871119087340187,0.2617993877991417,0.43633231299856945,-1.575017904678371,180,180,180,180,180,130,180
43.07573580741882,-0.0316066177670764,1.3871119087340187,0.2617993877991417,0.43633231299856945,-1.575017904678371,180,180,180,180,180,130,180
43.085939168930054,-0.0316066177670764,1.3871119087340187,0.2617993877991417,0.43633231299856945,-1.575017904678371,180,180,180,180,180,130,180
43.09615206718445,-0.031539246095281886,1.378871901852905,0.2617993877991417,0.43633231299856945,-1.5836210432399296,180,180,180,180,180,130,180
43.106383085250854,-0.031539246095281886,1.378871901852905,0.2617993877991417,0.41887902047862663,-1.5836210432399296,180,180,180,180,180,130,180
43.11660981178284,-0.031539246095281886,1.378871901852905,0.2617993877991417,0.41887902047862663,-1.5836210432399296,180,180,180,180,180,180,180
43.13333225250244,-0.03137323695168444,1.370267164220193,0.2617993877991417,0.2967059728390272,-1.5974202621018356,180,180,180,180,180,180,180
43.143558740615845,-0.03137323695168444,1.370267164220193,0.2617993877991417,0.20943951023931331,-1.5974202621018356,180,180,180,180,180,180,180
43.15375590324402,-0.03137323695168444,1.370267164220193,0.2617993877991417,0.08726646259971389,-1.5974202621018356,180,180,180,180,180,180,180
43.16446924209595,-0.031098296338343514,1.361755202901794,0.2617993877991417,0.08726646259971389,-1.6072479151634178,180,180,180,180,180,180,180
43.18017840385437,-0.031098296338343514,1.361755202901794,0.2617993877991417,0.06981317007977111,-1.6072479151634178,180,180,180,180,180,180,180
43.190375328063965,-0.031098296338343514,1.361755202901794,0.2617993877991417,0.05235987755982833,-1.6072479151634178,180,180,180,180,180,180,180
43.20058870315552,-0.030763100677998634,1.353156857516298,0.2617993877991417,0.0,-1.6111895512931727,180,180,180,180,180,180,180
43.21079063415527,-0.030763100677998634,1.353156857516298,0.2617993877991417,0.0,-1.6111895512931727,180,180,180,180,180,180,180
43.220967054367065,-0.030763100677998634,1.353156857516298,0.2617993877991417,0.0,-1.6111895512931727,180,180,180,180,180,180,180
43.232619762420654,-0.030396357967770907,1.3442681776235976,0.2617993877991417,0.0,-1.613022749647626,180,180,180,180,180,180,180
43.24284601211548,-0.030396357967770907,1.3442681776235976,0.2617993877991417,0.0,-1.613022749647626,180,180,180,180,180,180,180
43.253028869628906,-0.030396357967770907,1.3442681776235976,0.2617993877991417,0.0,-1.613022749647626,180,180,180,180,180,180,180
43.26338720321655,-0.030029251249871897,1.3356200052032252,0.2617993877991417,0.0,-1.6131798246792817,180,180,180,180,180,180,180
43.282283306121826,-0.030029251249871897,1.3356200052032252,0.2617993877991417,0.0,-1.6131798246792817,180,180,180,180,180,180,180
43.29251670837402,-0.029661847381525587,1.3269598056774525,0.2617993877991417,0.0,-1.6132246036792879,180,180,180,180,180,180,180
43.30273699760437,-0.029661847381525587,1.3269598056774525,0.2617993877991417,0.0,-1.6132246036792879,180,180,180,180,180,180,180
43.31296229362488,-0.029661847381525587,1.3269598056774525,0.2617993877991417,0.0,-1.6132246036792879,180,180,180,180,180,180,180
43.33257579803467,-0.029661847381525587,1.3269598056774525,0.2617993877991417,0.0,-1.6132246036792879,180,180,180,180,180,180,180
43.3430233001709,-0.029283173614595093,1.3180302315856918,0.2617993877991417,0.0,-1.6132591411032056,180,180,180,180,180,180,180
43.353264570236206,-0.029283173614595093,1.3180302315856918,0.2617993877991417,0.0,-1.6132591411032056,180,180,180,180,180,180,180
43.36354923248291,-0.02891771640582351,1.30936580338684,0.2617993877991417,0.0,-1.6132622465310102,180,180,180,180,180,180,180
43.37377858161926,-0.02891771640582351,1.30936580338684,0.2617993877991417,0.0,-1.6132622465310102,180,180,180,180,180,180,180
43.38400959968567,-0.02891771640582351,1.30936580338684,0.2617993877991417,0.0,-1.6132622465310102,180,180,180,180,180,180,180
43.39436674118042,-0.028556407126993776,1.3007101911738268,0.2617993877991417,0.0,-1.6133065924880985,180,180,180,180,180,180,180
43.40459322929382,-0.028556407126993776,1.3007101911738268,0.2617993877991417,0.0,-1.6133065924880985,180,180,180,180,180,180,180
43.41479563713074,-0.028556407126993776,1.3007101911738268,0.2617993877991417,0.0,-1.6133065924880985,180,180,180,180,180,180,180
43.433966636657715,-0.028556407126993776,1.3007101911738268,0.2617993877991417,0.0,-1.6133065924880985,180,180,180,180,180,180,180
43.444202184677124,-0.028556407126993776,1.3007101911738268,0.2617993877991417,0.0,-1.6133065924880985,180,180,180,180,180,180,180
43.45443034172058,-0.028173579510798297,1.291841620282216,0.2617993877991417,0.0,-1.6133870867313367,180,180,180,180,180,180,180
43.46469783782959,-0.027805070275795242,1.2832588807417729,0.2617993877991417,0.0,-1.6134785666051086,180,180,180,180,180,180,180
43.48245358467102,-0.027805070275795242,1.2832588807417729,0.2617993877991417,0.0,-1.6134785666051086,180,180,180,180,180,180,180
43.492658376693726,-0.027437240959944716,1.2746609802359232,0.2617993877991417,0.0,-1.6135143358831274,180,180,180,180,180,180,180
43.50287961959839,-0.027437240959944716,1.2746609802359232,0.2617993877991417,0.0,-1.6135143358831274,180,180,180,180,180,180,180
43.513097286224365,-0.027437240959944716,1.2746609802359232,0.2617993877991417,0.0,-1.6135143358831274,180,180,180,180,180,180,180
43.531575202941895,-0.027437240959944716,1.2746609802359232,0.2617993877991417,0.0,-1.6135143358831274,180,180,180,180,180,180,180
43.54197931289673,-0.027057128399501293,1.2657942877193316,0.2617993877991417,0.0,-1.613553753786849,180,180,180,180,180,180,180
43.55217123031616,-0.027057128399501293,1.2657942877193316,0.2617993877991417,0.0,-1.613553753786849,180,180,180,180,180,180,180
43.5623722076416,-0.026687323968115326,1.257176783622628,0.2617993877991417,0.0,-1.6135835725436602,180,180,180,180,180,180,180
43.580257177352905,-0.026687323968115326,1.257176783622628,0.2617993877991417,0.0,-1.6135835725436602,180,180,180,180,180,180,180
43.5904860496521,-0.026687323968115326,1.257176783622628,0.2617993877991417,0.0,-1.6135835725436602,180,180,180,180,180,180,180
43.600724935531616,-0.026316982906933885,1.2485494364994871,0.2617993877991417,0.0,-1.6136125174845828,180,180,180,180,180,180,180
43.61090803146362,-0.026316982906933885,1.2485494364994871,0.2617993877991417,0.0,-1.6136125174845828,180,180,180,180,180,180,180
43.62110614776611,-0.026316982906933885,1.2485494364994871,0.2617993877991417,0.0,-1.6136125174845828,180,180,180,180,180,180,180
43.632317543029785,-0.025934794130740648,1.23965002994445,0.2617993877991417,0.0,-1.6136413719579128,180,180,180,180,180,180,180
43.642539501190186,-0.025934794130740648,1.23965002994445,0.2617993877991417,0.0,-1.6136413719579128,180,180,180,180,180,180,180
43.652754068374634,-0.025934794130740648,1.23965002994445,0.2617993877991417,0.0,-1.6136413719579128,180,180,180,180,180,180,180
43.66297268867493,-0.025563340849071692,1.2310012637003354,0.2617993877991417,0.0,-1.6136731594686113,180,180,180,180,180,180,180
43.67321848869324,-0.025563340849071692,1.2310012637003354,0.2617993877991417,0.0,-1.6136731594686113,180,180,180,180,180,180,180
43.68347525596619,-0.025563340849071692,1.2310012637003354,0.2617993877991417,0.0,-1.6136731594686113,180,180,180,180,180,180,180
43.69368529319763,-0.025191494593225634,1.2223423835913452,0.2617993877991417,0.0,-1.6137046763917398,180,180,180,180,180,180,180
43.703925132751465,-0.025191494593225634,1.2223423835913452,0.2617993877991417,0.0,-1.6137046763917398,180,180,180,180,180,180,180
43.714162826538086,-0.025191494593225634,1.2223423835913452,0.2617993877991417,0.0,-1.6137046763917398,180,180,180,180,180,180,180
43.73420190811157,-0.025191494593225634,1.2223423835913452,0.2617993877991417,0.0,-1.6137046763917398,180,180,180,180,180,180,180
43.74458169937134,-0.02480861249551255,1.2134137759524424,0.2617993877991417,0.0,-1.613716373969498,180,180,180,180,180,180,180
43.75479602813721,-0.02480861249551255,1.2134137759524424,0.2617993877991417,0.0,-1.613716373969498,180,180,180,180,180,180,180
43.76502990722656,-0.024439269700248935,1.204750646995165,0.2617993877991417,0.0,-1.6136977369835603,180,180,180,180,180,180,180
43.78346800804138,-0.024439269700248935,1.204750646995165,0.2617993877991417,0.0,-1.6136977369835603,180,180,180,180,180,180,180
43.793646574020386,-0.024073498648748415,1.1960965305978826,0.2617993877991417,0.0,-1.6137490236154017,180,180,180,180,180,180,180
43.80385065078735,-0.024073498648748415,1.1960965305978826,0.2617993877991417,0.0,-1.6137490236154017,180,180,180,180,180,180,180
43.81407809257507,-0.024073498648748415,1.1960965305978826,0.2617993877991417,0.0,-1.6137490236154017,180,180,180,180,180,180,180
43.833942890167236,-0.02368821358807507,1.1872377325066044,0.2617993877991417,0.0,-1.613834881084229,180,180,180,180,180,180,180
43.844167709350586,-0.02368821358807507,1.1872377325066044,0.2617993877991417,0.0,-1.613834881084229,180,180,180,180,180,180,180
43.85436415672302,-0.02368821358807507,1.1872377325066044,0.2617993877991417,0.0,-1.613834881084229,180,180,180,180,180,180,180
43.86495852470398,-0.02331623203758221,1.1786516839524472,0.2617993877991417,0.0,-1.6139192150494626,180,180,180,180,180,180,180
43.88074803352356,-0.02331623203758221,1.1786516839524472,0.2617993877991417,0.0,-1.6139192150494626,180,180,180,180,180,180,180
43.890947341918945,-0.02331623203758221,1.1786516839524472,0.2617993877991417,0.0,-1.6139192150494626,180,180,180,180,180,180,180
43.90152978897095,-0.02294458422508745,1.1700539582246319,0.2617993877991417,0.0,-1.6139665615580352,180,180,180,180,180,180,180
43.91192269325256,-0.02294458422508745,1.1700539582246319,0.2617993877991417,0.0,-1.6139665615580352,180,180,180,180,180,180,180
43.92237448692322,-0.02294458422508745,1.1700539582246319,0.2617993877991417,0.0,-1.6139665615580352,180,180,180,180,180,180,180
43.93259263038635,-0.02256039553950439,1.161186299430127,0.2617993877991417,0.0,-1.6140141411716191,180,180,180,180,180,180,180
43.94289970397949,-0.02256039553950439,1.161186299430127,0.2617993877991417,0.0,-1.6140141411716191,180,180,180,180,180,180,180
43.95310091972351,-0.02256039553950439,1.161186299430127,0.2617993877991417,0.0,-1.6140141411716191,180,180,180,180,180,180,180
43.96333909034729,-0.022186526127553445,1.1525678588156878,0.2617993877991417,0.0,-1.6140455491457164,180,180,180,180,180,180,180
43.98029828071594,-0.022186526127553445,1.1525678588156878,0.2617993877991417,0.0,-1.6140455491457164,180,180,180,180,180,180,180
43.99049997329712,-0.022186526127553445,1.1525678588156878,0.2617993877991417,0.0,-1.6140455491457164,180,180,180,180,180,180,180
44.000702142715454,-0.02181215094118567,1.1439395302473072,0.2617993877991417,0.0,-1.614074806432816,180,180,180,180,180,180,180
44.01094055175781,-0.02181215094118567,1.1439395302473072,0.2617993877991417,0.0,-1.614074806432816,180,180,180,180,180,180,180
44.021218061447144,-0.02181215094118567,1.1439395302473072,0.2617993877991417,0.0,-1.614074806432816,180,180,180,180,180,180,180
44.03194546699524,-0.021425809430830667,1.1350391568742535,0.2617993877991417,0.0,-1.6141034666246754,180,180,180,180,180,180,180
44.04217267036438,-0.021425809430830667,1.1350391568742535,0.2617993877991417,0.0,-1.6141034666246754,180,180,180,180,180,180,180
44.05237865447998,-0.021425809430830667,1.1350391568742535,0.2617993877991417,0.0,-1.6141034666246754,180,180,180,180,180,180,180
44.062729835510254,-0.021050338791094043,1.1263895683032432,0.2617993877991417,0.0,-1.6141342469502113,180,180,180,180,180,180,180
44.07306098937988,-0.021050338791094043,1.1263895683032432,0.2617993877991417,0.0,-1.6141342469502113,180,180,180,180,180,180,180
44.08331036567688,-0.021050338791094043,1.1263895683032432,0.2617993877991417,0.0,-1.6141342469502113,180,180,180,180,180,180,180
44.0935161113739,-0.02067455279112798,1.1177300653836961,0.2617993877991417,0.0,-1.6141631674380121,180,180,180,180,180,180,180
44.103981494903564,-0.02067455279112798,1.1177300653836961,0.2617993877991417,0.0,-1.6141631674380121,180,190,180,180,180,180,180
44.1142840385437,-0.02067455279112798,1.1177300653836961,0.2617993877991417,0.0,-1.6141631674380121,180,190,180,180,180,180,180
44.124916553497314,-0.02067455279112798,1.1177300653836961,0.2617993877991417,0.0,-1.6141631674380121,180,190,180,180,180,180,180
44.136990785598755,-0.020287694251961814,1.108801292965594,0.2617993877991417,0.0,-1.6141674265152448,180,190,180,180,180,180,180
44.14719033241272,-0.020287694251961814,1.108801292965594,0.2617993877991417,0.0,-1.6141674265152448,180,190,180,180,180,180,180
44.15733480453491,-0.020287694251961814,1.108801292965594,0.2617993877991417,0.0,-1.6141674265152448,180,180,180,180,180,180,180
44.16754603385925,-0.01991495237045501,1.1001395537661267,0.2617993877991417,0.0,-1.6141462908455002,180,180,180,180,180,180,180
44.179537534713745,-0.01991495237045501,1.1001395537661267,0.2617993877991417,0.0,-1.6141462908455002,180,180,180,180,180,180,180
44.18974423408508,-0.01991495237045501,1.1001395537661267,0.2617993877991417,0.0,-1.6141462908455002,180,180,180,180,180,180,180
44.19993257522583,-0.019545102752103735,1.0914875793274408,0.2617993877991417,0.0,-1.6142075403586553,180,180,180,180,180,180,180
44.21017241477966,-0.019545102752103735,1.0914875793274408,0.2617993877991417,0.0,-1.6142075403586553,180,180,180,180,180,180,180
44.220345973968506,-0.019545102752103735,1.0914875793274408,0.2617993877991417,0.0,-1.6142075403586553,180,180,180,180,180,180,180
44.2326226234436,-0.019155232109674805,1.0826388422831599,0.2617993877991417,0.0,-1.614310290336831,180,180,180,180,180,180,180
44.24282479286194,-0.019155232109674805,1.0826388422831599,0.2617993877991417,0.0,-1.614310290336831,180,180,180,180,180,180,180
44.253013372421265,-0.019155232109674805,1.0826388422831599,0.2617993877991417,0.0,-1.614310290336831,180,180,180,180,180,180,180
44.26329827308655,-0.018779603393781298,1.0740478935144742,0.2617993877991417,0.0,-1.6143668901455885,180,180,180,180,180,180,180
44.2813515663147,-0.018779603393781298,1.0740478935144742,0.2617993877991417,0.0,-1.6143668901455885,180,180,180,180,180,180,180
44.29158854484558,-0.018779603393781298,1.0740478935144742,0.2617993877991417,0.0,-1.6143668901455885,180,180,180,180,180,180,180
44.30179786682129,-0.018404161686463943,1.0654499105006372,0.2617993877991417,0.0,-1.614417661578563,180,180,180,180,180,180,180
44.31205463409424,-0.018404161686463943,1.0654499105006372,0.2617993877991417,0.0,-1.614417661578563,180,180,180,180,180,180,180
44.33280825614929,-0.018015869279061562,1.056581074265907,0.2617993877991417,0.0,-1.6144662279563493,180,180,180,180,180,180,180
44.34307551383972,-0.018015869279061562,1.056581074265907,0.2617993877991417,0.0,-1.6144662279563493,180,180,180,180,180,180,180
44.35324811935425,-0.018015869279061562,1.056581074265907,0.2617993877991417,0.0,-1.6144662279563493,180,180,180,180,130,130,180
44.363556146621704,-0.017638077397141898,1.0479615885941866,0.2617993877991417,0.0,-1.6144972930796375,180,180,180,180,130,130,180
44.38269805908203,-0.017638077397141898,1.0479615885941866,0.2617993877991417,0.0,-1.6144972930796375,180,180,180,180,130,130,180
44.392911195755005,-0.01725975825033759,1.039332201837396,0.2617993877991417,0.0,-1.6145265834766527,180,180,180,180,130,130,180
44.40310978889465,-0.01725975825033759,1.039332201837396,0.2617993877991417,0.0,-1.6145265834766527,180,180,180,180,120,130,180
44.41328978538513,-0.01725975825033759,1.039332201837396,0.2617993877991417,0.0,-1.6145265834766527,180,180,180,180,120,130,180
44.42347311973572,-0.01725975825033759,1.039332201837396,0.2617993877991417,0.0,-1.6145265834766527,180,180,180,180,120,130,180
44.435465574264526,-0.0168693593284017,1.0304306971991901,0.2617993877991417,0.0,-1.6145554060373566,180,180,180,180,120,130,180
44.44567632675171,-0.0168693593284017,1.0304306971991901,0.2617993877991417,0.0,-1.6145554060373566,180,180,180,180,120,130,180
44.45587611198425,-0.0168693593284017,1.0304306971991901,0.2617993877991417,0.0,-1.6145554060373566,180,180,180,180,120,130,180
44.46607756614685,-0.016489953515682217,1.0217800307561682,0.2617993877991417,0.0,-1.6145862238054247,180,180,180,180,120,180,180
44.48321986198425,-0.016489953515682217,1.0217800307561682,0.2617993877991417,0.0,-1.6145862238054247,180,180,180,180,120,180,180
44.49345564842224,-0.01611031765479403,1.0131196798615822,0.2617993877991417,0.0,-1.6146134270560417,180,180,180,180,120,180,180
44.50364065170288,-0.01611031765479403,1.0131196798615822,0.2617993877991417,0.0,-1.6146134270560417,180,180,180,180,120,180,180
44.514198541641235,-0.01611031765479403,1.0131196798615822,0.2617993877991417,0.0,-1.6146134270560417,180,180,180,180,120,180,180
44.52989673614502,-0.015719561168711288,1.004190879596424,0.2617993877991417,0.0,-1.614612025370028,180,180,180,180,120,180,180
44.54011297225952,-0.015719561168711288,1.004190879596424,0.2617993877991417,0.0,-1.614612025370028,180,180,180,180,120,180,180
44.5503191947937,-0.015719561168711288,1.004190879596424,0.2617993877991417,0.0,-1.614612025370028,180,180,180,180,120,180,180
44.56050157546997,-0.015343649526041737,0.9955304788432957,0.2617993877991417,0.0,-1.6145922798048022,180,180,180,180,120,180,180
44.57069945335388,-0.015343649526041737,0.9955304788432957,0.2617993877991417,0.0,-1.6145922798048022,180,180,180,180,120,180,180
44.582563400268555,-0.015343649526041737,0.9955304788432957,0.2617993877991417,0.0,-1.6145922798048022,180,180,180,180,120,180,180
44.59275698661804,-0.014969511860735384,0.9868813213768131,0.2617993877991417,0.0,-1.6146626521106882,180,180,180,180,120,180,180
44.602965116500854,-0.014969511860735384,0.9868813213768131,0.2617993877991417,0.0,-1.6146626521106882,180,180,180,180,120,180,180
44.61316633224487,-0.014969511860735384,0.9868813213768131,0.2617993877991417,0.0,-1.6146626521106882,180,180,180,180,120,180,180
44.62337875366211,-0.014969511860735384,0.9868813213768131,0.2617993877991417,0.0,-1.6146626521106882,180,180,180,180,120,180,180
44.633585691452026,-0.014575604485793535,0.9780410244564615,0.2617993877991417,0.0,-1.614780897465877,180,180,180,180,120,180,180
44.643778800964355,-0.014575604485793535,0.9780410244564615,0.2617993877991417,0.0,-1.614780897465877,180,180,180,180,120,180,180
44.65398192405701,-0.014575604485793535,0.9780410244564615,0.2617993877991417,0.0,-1.614780897465877,180,180,180,180,120,180,180
44.66419816017151,-0.01419608977793942,0.9694462857394845,0.2617993877991417,0.0,-1.6148128436653475,180,180,180,180,120,180,140
44.68283534049988,-0.01419608977793942,0.9694462857394845,0.2617993877991417,0.0,-1.6148128436653475,180,180,180,180,120,180,140
44.69337320327759,-0.013816708605403428,0.9608474421732716,0.2617993877991417,0.0,-1.6148620093005843,180,180,180,180,120,180,140
44.70373797416687,-0.013816708605403428,0.9608474421732716,0.2617993877991417,0.0,-1.6148620093005843,180,180,180,180,120,180,140
44.713961124420166,-0.013816708605403428,0.9608474421732716,0.2617993877991417,0.0,-1.6148620093005843,180,180,180,180,120,180,140
44.72420287132263,-0.013816708605403428,0.9608474421732716,0.2617993877991417,0.0,-1.6148620093005843,180,130,180,180,120,180,140
44.738571643829346,-0.013424350242744172,0.9519773763195358,0.2617993877991417,0.0,-1.6149086650167983,180,130,180,180,120,180,140
44.74884247779846,-0.013424350242744172,0.9519773763195358,0.2617993877991417,0.0,-1.6149086650167983,180,130,180,180,120,180,140
44.75905466079712,-0.013424350242744172,0.9519773763195358,0.2617993877991417,0.0,-1.6149086650167983,180,130,180,180,180,180,140
44.76934862136841,-0.013042749918027903,0.9433568551375102,0.2617993877991417,0.0,-1.614939201496051,180,130,180,180,180,180,140
44.78725552558899,-0.013042749918027903,0.9433568551375102,0.2617993877991417,0.0,-1.614939201496051,180,130,180,180,180,180,140
44.797468185424805,-0.01266057563024863,0.9347264575136753,0.2617993877991417,0.0,-1.614968360410824,180,130,180,180,180,180,140
44.8077187538147,-0.01266057563024863,0.9347264575136753,0.2617993877991417,0.0,-1.614968360410824,180,180,180,180,180,180,180
44.81791162490845,-0.01266057563024863,0.9347264575136753,0.2617993877991417,0.0,-1.614968360410824,180,180,180,180,180,180,180
44.829225301742554,-0.012266211769192754,0.925823829755672,0.2617993877991417,0.0,-1.614997539913533,180,180,180,180,180,180,180
44.839471101760864,-0.012266211769192754,0.925823829755672,0.2617993877991417,0.0,-1.614997539913533,180,180,180,180,180,180,180
44.84971809387207,-0.012266211769192754,0.925823829755672,0.2617993877991417,0.0,-1.614997539913533,180,180,180,180,180,180,180
44.859917879104614,-0.011882958137878027,0.917172078445537,0.2617993877991417,0.0,-1.6150287055969552,180,180,180,180,180,180,180
44.87012267112732,-0.011882958137878027,0.917172078445537,0.2617993877991417,0.0,-1.6150287055969552,180,180,180,180,180,180,180
44.88292574882507,-0.011882958137878027,0.917172078445537,0.2617993877991417,0.0,-1.6150287055969552,180,180,180,180,180,180,180
44.8932523727417,-0.011499544830769821,0.908510880812722,0.2617993877991417,0.0,-1.6150543889311177,180,180,180,180,180,180,180
44.90347123146057,-0.011499544830769821,0.908510880812722,0.2617993877991417,0.0,-1.6150543889311177,180,130,180,180,180,180,130
44.91376519203186,-0.011499544830769821,0.908510880812722,0.2617993877991417,0.0,-1.6150543889311177,180,130,180,180,180,180,130
44.92969059944153,-0.011105036776207111,0.8995823150262088,0.2617993877991417,0.0,-1.615048215856412,180,130,180,180,180,180,130
44.93988609313965,-0.011105036776207111,0.8995823150262088,0.2617993877991417,0.0,-1.615048215856412,180,130,180,180,180,180,130
44.95010542869568,-0.011105036776207111,0.8995823150262088,0.2617993877991417,0.0,-1.615048215856412,180,130,180,180,180,180,130
44.960299491882324,-0.010726066778339906,0.8909232022848661,0.2617993877991417,0.0,-1.6150329222289652,180,130,180,180,180,180,130
44.97056770324707,-0.010726066778339906,0.8909232022848661,0.2617993877991417,0.0,-1.6150329222289652,180,180,180,180,180,180,180
44.98526859283447,-0.010726066778339906,0.8909232022848661,0.2617993877991417,0.0,-1.6150329222289652,180,180,180,180,180,180,180
44.99550795555115,-0.01034736312998279,0.8822780117819287,0.2617993877991417,0.0,-1.6151087642453512,180,180,180,180,180,180,180
45.00572609901428,-0.01034736312998279,0.8822780117819287,0.2617993877991417,0.0,-1.6151087642453512,180,180,180,180,180,180,180
45.0159969329834,-0.01034736312998279,0.8822780117819287,0.2617993877991417,0.0,-1.6151087642453512,180,180,180,180,180,180,180
45.03366708755493,-0.009949883509465064,0.8734438723949132,0.2617993877991417,-0.05235987755982833,-1.6152379237885457,180,180,180,180,180,180,180
45.04390621185303,-0.009949883509465064,0.8734438723949132,0.2617993877991417,-0.05235987755982833,-1.6152379237885457,180,180,180,180,180,180,180
45.05414795875549,-0.009949883509465064,0.8734438723949132,0.2617993877991417,-0.05235987755982833,-1.6152379237885457,180,180,180,180,180,180,180
45.0644268989563,-0.009571871237916335,0.8648843385535381,0.2617993877991417,-0.05235987755982833,-1.614046642643052,180,180,180,180,180,180,180
45.082966327667236,-0.009571871237916335,0.8648843385535381,0.2617993877991417,-0.05235987755982833,-1.614046642643052,180,180,180,180,180,180,180
45.09328246116638,-0.009207715276492013,0.8562740841787,0.2617993877991417,-0.05235987755982833,-1.6123576954392584,180,180,180,180,180,180,180
45.103501081466675,-0.009207715276492013,0.8562740841787,0.2617993877991417,-0.05235987755982833,-1.6123576954392584,180,180,180,180,180,180,180
45.113747358322144,-0.009207715276492013,0.8562740841787,0.2617993877991417,-0.05235987755982833,-1.6123576954392584,180,180,180,180,180,180,180
45.13190460205078,-0.009207715276492013,0.8562740841787,0.2617993877991417,-0.05235987755982833,-1.6123576954392584,180,180,180,180,180,180,180
45.14217686653137,-0.008845549007182346,0.8473924062844085,0.2617993877991417,-0.05235987755982833,-1.6106345295353348,180,180,180,180,180,180,180
45.15237760543823,-0.008845549007182346,0.8473924062844085,0.2617993877991417,-0.05235987755982833,-1.6106345295353348,180,180,180,180,180,180,180
45.162564754486084,-0.008507636345706029,0.8387602814129891,0.2617993877991417,-0.05235987755982833,-1.6089592512443998,180,180,180,180,180,180,180
45.17278265953064,-0.008507636345706029,0.8387602814129891,0.2617993877991417,-0.05235987755982833,-1.6089592512443998,180,180,180,180,180,180,180
45.183788776397705,-0.008507636345706029,0.8387602814129891,0.2617993877991417,-0.05235987755982833,-1.6089592512443998,180,180,180,180,180,180,180
45.193978786468506,-0.008183330392477912,0.8301147367373654,0.2617993877991417,-0.05235987755982833,-1.6072748992988315,180,180,180,180,180,180,180
45.20418572425842,-0.008183330392477912,0.8301147367373654,0.2617993877991417,-0.05235987755982833,-1.6072748992988315,180,180,180,180,180,180,180
45.21476197242737,-0.008183330392477912,0.8301147367373654,0.2617993877991417,-0.05235987755982833,-1.6072748992988315,180,180,180,180,180,180,180
45.23065233230591,-0.007864546724680486,0.821194824372109,0.2617993877991417,-0.05235987755982833,-1.6055397516830074,180,180,180,180,180,180,180
45.24087953567505,-0.007864546724680486,0.821194824372109,0.2617993877991417,-0.05235987755982833,-1.6055397516830074,180,180,180,180,180,180,180
45.251123905181885,-0.007864546724680486,0.821194824372109,0.2617993877991417,-0.05235987755982833,-1.6055397516830074,180,180,180,180,180,180,140
45.261343240737915,-0.007569960683206498,0.8125243502543253,0.2617993877991417,-0.05235987755982833,-1.6038467250692594,180,180,180,180,180,180,140
45.27198886871338,-0.007569960683206498,0.8125243502543253,0.2617993877991417,-0.05235987755982833,-1.6038467250692594,180,180,180,180,180,180,140
45.283108949661255,-0.007569960683206498,0.8125243502543253,0.2617993877991417,-0.05235987755982833,-1.6038467250692594,180,180,180,180,180,180,140
45.29333209991455,-0.007290309827552462,0.8038427647929893,0.2617993877991417,-0.05235987755982833,-1.6021428828542539,180,180,180,180,180,180,140
45.30352282524109,-0.007290309827552462,0.8038427647929893,0.2617993877991417,-0.05235987755982833,-1.6021428828542539,180,180,180,180,180,180,140
45.31411337852478,-0.007290309827552462,0.8038427647929893,0.2617993877991417,-0.05235987755982833,-1.6021428828542539,180,180,180,180,180,180,150
45.329983711242676,-0.007018233164341385,0.7948936657305743,0.2617993877991417,-0.05235987755982833,-1.6003750183636918,180,180,180,180,180,180,150
