time,goal_x,goal_y,linear_x,angular_z,yaw,deadends
2.0339484214782715,0.0051373738542225544,10.992560755526123,0.0,0.0,-1.602466663846553,180,180,180,180,180,180,180
2.044278144836426,0.0051373738542225544,10.992560755526123,0.0,0.0,-1.602466663846553,180,180,180,180,180,180,180
2.0545785427093506,0.0051373738542225544,10.992560755526123,0.0,0.0,-1.602466663846553,180,180,180,180,180,180,180
2.0649170875549316,0.005138632785447508,10.992551171774167,0.0,0.0,-1.6024770432091757,180,180,180,180,180,180,180
2.0794386863708496,0.005138632785447508,10.992551171774167,0.0,0.0,-1.6024770432091757,180,180,180,180,180,180,180
2.089688301086426,0.005138632785447508,10.992551171774167,0.0,0.0,-1.6024770432091757,180,180,180,180,180,180,180
2.0999226570129395,0.005139930273677703,10.992541285562623,0.0,0.0,-1.6024877454854458,180,180,180,180,180,180,180
2.1102240085601807,0.005139930273677703,10.992541285562623,0.0,0.0,-1.6024877454854458,180,180,180,180,180,180,180
2.1285674571990967,0.005139930273677703,10.992541285562623,0.0,0.0,-1.6024877454854458,180,180,180,180,180,180,180
2.138986825942993,0.005141189996387672,10.992531678417837,0.0,0.0,-1.6024981411094819,180,180,180,180,180,180,180
2.1492936611175537,0.005141189996387672,10.992531678417837,0.0,0.0,-1.6024981411094819,180,180,180,180,180,180,180
2.159660577774048,0.005141189996387672,10.992531678417837,0.0,0.0,-1.6024981411094819,180,180,180,180,180,180,180
2.1751301288604736,0.005142450109671221,10.992522059730238,0.0,0.0,-1.6025085447312544,180,180,180,180,180,180,180
2.1854257583618164,0.005142450109671221,10.992522059730238,0.0,0.0,-1.6025085447312544,180,180,180,180,180,180,180
2.195835828781128,0.005142450109671221,10.992522059730238,0.0,0.0,-1.6025085447312544,180,180,180,180,180,180,180
2.206178903579712,0.0051437488174534765,10.992512137482109,0.0,0.0,-1.6025192719851953,180,180,180,180,180,180,180
2.223294258117676,0.0051437488174534765,10.992512137482109,0.0,0.0,-1.6025192719851953,180,180,180,180,180,180,180
2.2335915565490723,0.005145009726214733,10.992502495350092,0.0,0.0,-1.602529691936541,180,180,180,180,180,180,180
2.243842363357544,0.005145009726214733,10.992502495350092,0.0,0.0,-1.602529691936541,180,180,180,180,180,180,180
2.2541048526763916,0.005145009726214733,10.992502495350092,0.0,0.0,-1.602529691936541,180,180,180,180,180,180,180
2.2678894996643066,0.005145009726214733,10.992502495350092,0.0,0.0,-1.602529691936541,180,180,180,180,180,180,180
2.2781147956848145,0.005146271026296138,10.99249284167154,0.0,0.0,-1.6025401199684617,180,180,180,180,180,180,180
2.2883052825927734,0.005146271026296138,10.99249284167154,0.0,0.0,-1.6025401199684617,180,180,180,180,180,180,180
2.2985482215881348,0.005147570957482412,10.992482883366627,0.0,0.0,-1.6025508724496362,180,180,180,180,180,180,180
2.3179092407226562,0.005147570957482412,10.992482883366627,0.0,0.0,-1.6025508724496362,180,180,180,180,180,180,180
2.328221559524536,0.005147570957482412,10.992482883366627,0.0,0.0,-1.6025508724496362,180,180,180,180,180,180,180
2.3392179012298584,0.005148833053874001,10.992473206204487,0.0,0.0,-1.6025613168794857,180,180,180,180,180,180,180
2.3495404720306396,0.005148833053874001,10.992473206204487,0.0,0.0,-1.6025613168794857,180,180,180,180,180,180,180
2.364832639694214,0.005148833053874001,10.992473206204487,0.0,0.0,-1.6025613168794857,180,180,180,180,180,180,180
2.3795909881591797,0.005150095543389865,10.992463517455814,0.0,0.0,-1.6025717693836417,180,180,180,180,180,180,180
2.3898959159851074,0.005150095543389865,10.992463517455814,0.0,0.0,-1.6025717693836417,180,180,180,180,180,180,180
2.40012526512146,0.005151396701959717,10.992453522976234,0.0,0.0,-1.6025825470737312,180,180,180,180,180,180,180
2.410438060760498,0.005151396701959717,10.992453522976234,0.0,0.0,-1.6025825470737312,180,180,180,180,180,180,180
2.4207279682159424,0.005151396701959717,10.992453522976234,0.0,0.0,-1.6025825470737312,180,180,180,180,180,180,180
2.4309732913970947,0.005152659991450143,10.992443810662762,0.0,0.0,-1.6025930159663972,180,180,180,180,180,180,180
2.44124698638916,0.005152659991450143,10.992443810662762,0.0,0.0,-1.6025930159663972,180,180,180,180,180,180,180
2.451706647872925,0.005152659991450143,10.992443810662762,0.0,0.0,-1.6025930159663972,180,180,180,180,180,180,180
2.4699859619140625,0.005152659991450143,10.992443810662762,0.0,0.0,-1.6025930159663972,180,180,180,180,180,180,180
2.48036527633667,0.005153923675855864,10.9924340867227,0.0,0.0,-1.6026034929285533,180,180,180,180,180,180,180
2.4906961917877197,0.005153923675855864,10.9924340867227,0.0,0.0,-1.6026034929285533,180,180,180,180,180,180,180
2.5012269020080566,0.005155226067402511,10.992424055943381,0.0,0.0,-1.6026142958126808,180,180,180,180,180,180,180
2.5200376510620117,0.005155226067402511,10.992424055943381,0.0,0.0,-1.6026142958126808,180,180,180,180,180,180,180
2.5303497314453125,0.005156490555432494,10.992414308357064,0.0,0.0,-1.6026247891532497,180,180,180,180,180,180,180
2.5407168865203857,0.005156490555432494,10.992414308357064,0.0,0.0,-1.6026247891532497,180,180,180,180,180,180,180
2.551072597503662,0.005156490555432494,10.992414308357064,0.0,0.0,-1.6026247891532497,180,180,180,180,180,180,180
2.56897234916687,0.005156490555432494,10.992414308357064,0.0,0.0,-1.6026247891532497,180,180,180,180,180,180,180
2.579512596130371,0.005157755440178373,10.99240454910398,0.0,0.0,-1.6026352905581958,180,180,180,180,180,180,180
2.5897886753082275,0.005157755440178373,10.99240454910398,0.0,0.0,-1.6026352905581958,180,180,180,180,180,180,180
2.6005966663360596,0.005159059070325647,10.9923944818995,0.0,0.0,-1.602646118620327,180,180,180,180,180,180,180
2.6169092655181885,0.005159059070325647,10.9923944818995,0.0,0.0,-1.602646118620327,180,180,180,180,180,180,180
2.6272804737091064,0.005159059070325647,10.9923944818995,0.0,0.0,-1.602646118620327,180,180,180,180,180,180,180
2.637629985809326,0.005160324762360542,10.992384698918487,0.0,0.0,-1.6026566363929322,180,180,180,180,180,180,180
2.648366928100586,0.005160324762360542,10.992384698918487,0.0,0.0,-1.6026566363929322,180,180,180,180,180,180,180
2.666001081466675,0.0051615908529208925,10.992374904230427,0.0,0.0,-1.6026671622244215,180,180,180,180,180,180,180
2.676301956176758,0.0051615908529208925,10.992374904230427,0.0,0.0,-1.6026671622244215,180,180,180,180,180,180,180
2.6865828037261963,0.0051615908529208925,10.992374904230427,0.0,0.0,-1.6026671622244215,180,180,180,180,180,180,180
2.6970412731170654,0.005162895727317017,10.992364800475002,0.0,0.0,-1.6026780154474212,180,180,180,180,180,180,180
2.711591958999634,0.005162895727317017,10.992364800475002,0.0,0.0,-1.6026780154474212,180,180,180,180,180,180,180
2.721853017807007,0.005162895727317017,10.992364800475002,0.0,0.0,-1.6026780154474212,180,180,180,180,180,180,180
2.7321298122406006,0.005164162628847058,10.992354981977101,0.0,0.0,-1.6026885576350784,180,180,180,180,180,180,180
2.742436170578003,0.005164162628847058,10.992354981977101,0.0,0.0,-1.6026885576350784,180,180,180,180,180,180,180
2.7564196586608887,0.005164162628847058,10.992354981977101,0.0,0.0,-1.6026885576350784,180,180,180,180,180,180,180
2.7668025493621826,0.005165429930718141,10.992345151731753,0.0,0.0,-1.6026991078758077,180,180,180,180,180,180,180
2.7770583629608154,0.005165429930718141,10.992345151731753,0.0,0.0,-1.6026991078758077,180,180,180,180,180,180,180
2.7873334884643555,0.005165429930718141,10.992345151731753,0.0,0.0,-1.6026991078758077,180,180,180,180,180,180,180
2.8022351264953613,0.0051667360550350615,10.992335011299254,0.0,0.0,-1.6027099862414784,180,180,180,180,180,180,180
2.812518835067749,0.0051667360550350615,10.992335011299254,0.0,0.0,-1.6027099862414784,180,180,180,180,180,180,180
2.8227791786193848,0.0051667360550350615,10.992335011299254,0.0,0.0,-1.6027099862414784,180,180,180,180,180,180,180
2.8330914974212646,0.005168004171572232,10.992325157161927,0.0,0.0,-1.6027205528261619,180,180,180,180,180,180,180
2.8459548950195312,0.005168004171572232,10.992325157161927,0.0,0.0,-1.6027205528261619,180,180,180,180,180,180,180
2.8564631938934326,0.005168004171572232,10.992325157161927,0.0,0.0,-1.6027205528261619,180,180,180,180,180,180,180
2.8668572902679443,0.005169272690276042,10.99231529123664,0.0,0.0,-1.602731127457709,180,180,180,180,180,180,180
2.877114772796631,0.005169272690276042,10.99231529123664,0.0,0.0,-1.602731127457709,180,180,180,180,180,180,180
2.890791654586792,0.005169272690276042,10.99231529123664,0.0,0.0,-1.602731127457709,180,180,180,180,180,180,180
2.9010987281799316,0.005170580070209593,10.992305114000583,0.0,0.0,-1.602742030946729,180,180,180,180,180,180,180
2.9113810062408447,0.005170580070209593,10.992305114000583,0.0,0.0,-1.602742030946729,180,180,180,180,180,180,180
2.92169451713562,0.005170580070209593,10.992305114000583,0.0,0.0,-1.602742030946729,180,180,180,180,180,180,180
2.9354946613311768,0.005170580070209593,10.992305114000583,0.0,0.0,-1.602742030946729,180,180,180,180,180,180,180
2.946068286895752,0.00517184940729048,10.99229522410095,0.0,0.0,-1.6027526219093053,180,180,180,180,180,180,180
2.9563286304473877,0.00517184940729048,10.99229522410095,0.0,0.0,-1.6027526219093053,180,180,180,180,180,180,180
2.966667890548706,0.005173119148369753,10.992285322372734,0.0,0.0,-1.60276322091221,180,180,180,180,180,180,180
2.9807629585266113,0.005173119148369753,10.992285322372734,0.0,0.0,-1.60276322091221,180,180,180,180,180,180,180
2.991076707839966,0.005173119148369753,10.992285322372734,0.0,0.0,-1.60276322091221,180,180,180,180,180,180,180
3.0013246536254883,0.005174427789624039,10.992275108205893,0.0,0.0,-1.6027741494754615,180,180,180,180,180,180,180
3.011608600616455,0.005174427789624039,10.992275108205893,0.0,0.0,-1.6027741494754615,180,180,180,180,180,180,180
3.025996208190918,0.005174427789624039,10.992275108205893,0.0,0.0,-1.6027741494754615,180,180,180,180,180,180,180
3.036308765411377,0.005175698353396723,10.992265182418045,0.0,0.0,-1.6027847645778601,180,180,180,180,180,180,180
3.046604871749878,0.005175698353396723,10.992265182418045,0.0,0.0,-1.6027847645778601,180,180,180,180,180,180,180
3.056964159011841,0.005175698353396723,10.992265182418045,0.0,0.0,-1.6027847645778601,180,180,180,180,180,180,180
3.0675883293151855,0.005176969323575238,10.992255244758324,0.0,0.0,-1.6027953875006846,180,180,180,180,180,180,180
3.086890459060669,0.005176969323575238,10.992255244758324,0.0,0.0,-1.6027953875006846,180,180,180,180,180,180,180
3.09741473197937,0.005178279233767924,10.99224499352621,0.0,0.0,-1.602806340506818,180,180,180,180,180,180,180
3.1091766357421875,0.005178279233767924,10.99224499352621,0.0,0.0,-1.602806340506818,180,180,180,180,180,180,180
3.1194908618927,0.005178279233767924,10.99224499352621,0.0,0.0,-1.602806340506818,180,180,180,180,180,180,180
3.1321909427642822,0.005178279233767924,10.99224499352621,0.0,0.0,-1.602806340506818,180,180,180,180,180,180,180
3.1425557136535645,0.005179551031055625,10.992235031721513,0.0,0.0,-1.602816979299137,180,180,180,180,180,180,180
3.1528282165527344,0.005179551031055625,10.992235031721513,0.0,0.0,-1.602816979299137,180,180,180,180,180,180,180
3.1631176471710205,0.005180823236641424,10.992225058004065,0.0,0.0,-1.602827625903801,180,180,180,180,180,180,180
3.1796905994415283,0.005180823236641424,10.992225058004065,0.0,0.0,-1.602827625903801,180,180,180,180,180,180,180
3.189997434616089,0.005180823236641424,10.992225058004065,0.0,0.0,-1.602827625903801,180,180,180,180,180,180,180
3.2002716064453125,0.005182134421602506,10.992214769578759,0.0,0.0,-1.6028386033009634,180,180,180,180,180,180,180
3.210625648498535,0.005182134421602506,10.992214769578759,0.0,0.0,-1.6028386033009634,180,180,180,180,180,180,180
3.2210335731506348,0.005182134421602506,10.992214769578759,0.0,0.0,-1.6028386033009634,180,180,180,180,180,180,180
3.2314975261688232,0.005183407458038882,10.992204771633213,0.0,0.0,-1.602849265758556,180,180,180,180,180,180,180
3.2423527240753174,0.005183407458038882,10.992204771633213,0.0,0.0,-1.602849265758556,180,180,180,180,180,180,180
3.2527599334716797,0.005183407458038882,10.992204771633213,0.0,0.0,-1.602849265758556,180,180,180,180,180,180,180
3.2630958557128906,0.005184680904628316,10.992194761733913,0.0,0.0,-1.602859936020046,180,180,180,180,180,180,180
3.273397922515869,0.005184680904628316,10.992194761733913,0.0,0.0,-1.602859936020046,180,180,180,180,180,180,180
3.283757209777832,0.005184680904628316,10.992194761733913,0.0,0.0,-1.602859936020046,180,180,180,180,180,180,180
3.2957637310028076,0.005184680904628316,10.992194761733913,0.0,0.0,-1.602859936020046,180,180,180,180,180,180,180
3.306107997894287,0.0051859933701404876,10.992184435987419,0.0,0.0,-1.6028709377819719,180,180,180,180,180,180,180
3.316668748855591,0.0051859933701404876,10.992184435987419,0.0,0.0,-1.6028709377819719,180,180,180,180,180,180,180
3.327141046524048,0.0051859933701404876,10.992184435987419,0.0,0.0,-1.6028709377819719,180,180,180,180,180,180,180
3.345895528793335,0.0051872676513515835,10.99217440177667,0.0,0.0,-1.6028816238789019,180,180,180,180,180,180,180
3.3562419414520264,0.0051872676513515835,10.99217440177667,0.0,0.0,-1.6028816238789019,180,180,180,180,180,180,180
3.366542100906372,0.005188542344575739,10.992164355571052,0.0,0.0,-1.6028923177709489,180,180,180,180,180,180,180
3.3768928050994873,0.005188542344575739,10.992164355571052,0.0,0.0,-1.6028923177709489,180,180,180,180,180,180,180
3.3903791904449463,0.005188542344575739,10.992164355571052,0.0,0.0,-1.6028923177709489,180,180,180,180,180,180,180
3.400742769241333,0.0051898560964492736,10.992153992375021,0.0,0.0,-1.6029033438701945,180,180,180,180,180,180,180
3.411067008972168,0.0051898560964492736,10.992153992375021,0.0,0.0,-1.6029033438701945,180,180,180,180,180,180,180
3.421457052230835,0.0051898560964492736,10.992153992375021,0.0,0.0,-1.6029033438701945,180,180,180,180,180,180,180
3.4380295276641846,0.00519113162808094,10.99214392177438,0.0,0.0,-1.6029140535794637,180,180,180,180,180,180,180
3.4483728408813477,0.00519113162808094,10.99214392177438,0.0,0.0,-1.6029140535794637,180,180,180,180,180,180,180
3.4586989879608154,0.00519113162808094,10.99214392177438,0.0,0.0,-1.6029140535794637,180,180,180,180,180,180,180
3.4690470695495605,0.00519240757359472,10.992133839137658,0.0,0.0,-1.6029247710746644,180,180,180,180,180,180,180
3.487521171569824,0.00519240757359472,10.992133839137658,0.0,0.0,-1.6029247710746644,180,180,180,180,180,180,180
3.4978394508361816,0.005193722617662032,10.992123438363386,0.0,0.0,-1.6029358214825724,180,180,180,180,180,180,180
3.508132219314575,0.005193722617662032,10.992123438363386,0.0,0.0,-1.6029358214825724,180,180,180,180,180,180,180
3.5184690952301025,0.005193722617662032,10.992123438363386,0.0,0.0,-1.6029358214825724,180,180,180,180,180,180,180
3.5316662788391113,0.005194999405384123,10.992113331247833,0.0,0.0,-1.6029465547759587,180,180,180,180,180,180,180
3.541997194290161,0.005194999405384123,10.992113331247833,0.0,0.0,-1.6029465547759587,180,180,180,180,180,180,180
3.5523157119750977,0.005194999405384123,10.992113331247833,0.0,0.0,-1.6029465547759587,180,180,180,180,180,180,180
3.562685251235962,0.005196276608863659,10.992103212054861,0.0,0.0,-1.602957295845738,180,180,180,180,180,180,180
3.577598810195923,0.005196276608863659,10.992103212054861,0.0,0.0,-1.602957295845738,180,180,180,180,180,180,180
3.587955951690674,0.005196276608863659,10.992103212054861,0.0,0.0,-1.602957295845738,180,180,180,180,180,180,180
3.5982697010040283,0.0051975929509817664,10.992092773573308,0.0,0.0,-1.6029683705324769,180,180,180,180,180,180,180
3.6086487770080566,0.0051975929509817664,10.992092773573308,0.0,0.0,-1.6029683705324769,180,180,180,180,180,180,180
3.622960090637207,0.0051975929509817664,10.992092773573308,0.0,0.0,-1.6029683705324769,180,180,180,180,180,180,180
3.6333184242248535,0.00519887100048587,10.992082629817478,0.0,0.0,-1.6029791273806315,180,180,180,180,180,180,180
3.6437017917633057,0.00519887100048587,10.992082629817478,0.0,0.0,-1.6029791273806315,180,180,180,180,180,180,180
3.6540682315826416,0.00519887100048587,10.992082629817478,0.0,0.0,-1.6029791273806315,180,180,180,180,180,180,180
3.6686599254608154,0.0052001494676312005,10.992072473942786,0.0,0.0,-1.6029898919952177,180,180,180,180,180,180,180
3.679058313369751,0.0052001494676312005,10.992072473942786,0.0,0.0,-1.6029898919952177,180,180,180,180,180,180,180
3.6893701553344727,0.0052001494676312005,10.992072473942786,0.0,0.0,-1.6029898919952177,180,180,180,180,180,180,180
3.6997249126434326,0.005201467113679701,10.992061997624559,0.0,0.0,-1.6030009909296832,180,180,180,180,180,180,180
3.71610164642334,0.005201467113679701,10.992061997624559,0.0,0.0,-1.6030009909296832,180,180,180,180,180,180,180
3.7264246940612793,0.005201467113679701,10.992061997624559,0.0,0.0,-1.6030009909296832,180,180,180,180,180,180,180
3.736710786819458,0.0052027464306808584,10.992051817102748,0.0,0.0,-1.6030117713020293,180,180,180,180,180,180,180
3.747008800506592,0.0052027464306808584,10.992051817102748,0.0,0.0,-1.6030117713020293,180,180,180,180,180,180,180
3.760887861251831,0.0052027464306808584,10.992051817102748,0.0,0.0,-1.6030117713020293,180,180,180,180,180,180,180
3.7712156772613525,0.005204026167214483,10.99204162442052,0.0,0.0,-1.603022559430345,180,180,180,180,180,180,180
3.781531810760498,0.005204026167214483,10.99204162442052,0.0,0.0,-1.603022559430345,180,180,180,180,180,180,180
3.791837692260742,0.005204026167214483,10.99204162442052,0.0,0.0,-1.603022559430345,180,180,180,180,180,180,180
3.80369234085083,0.0052053451231439205,10.992031110135859,0.0,0.0,-1.6030336825742655,180,180,180,180,180,180,180
3.814016342163086,0.0052053451231439205,10.992031110135859,0.0,0.0,-1.6030336825742655,180,180,180,180,180,180,180
3.8243534564971924,0.0052053451231439205,10.992031110135859,0.0,0.0,-1.6030336825742655,180,180,180,180,180,180,180
3.834691286087036,0.005206625713152268,10.992020892722067,0.0,0.0,-1.6030444864342133,180,180,180,180,180,180,180
3.8486318588256836,0.005206625713152268,10.992020892722067,0.0,0.0,-1.6030444864342133,180,180,180,180,180,180,180
3.8589799404144287,0.005206625713152268,10.992020892722067,0.0,0.0,-1.6030444864342133,180,180,180,180,180,180,180
3.8692893981933594,0.00520790672459374,10.992010663106278,0.0,0.0,-1.6030552980413455,180,180,180,180,180,180,180
3.879626989364624,0.00520790672459374,10.992010663106278,0.0,0.0,-1.6030552980413455,180,180,180,180,180,180,180
3.895966053009033,0.00520922699598748,10.992000110725341,0.0,0.0,-1.603066445372133,180,180,180,180,180,180,180
3.9062960147857666,0.00520922699598748,10.992000110725341,0.0,0.0,-1.603066445372133,180,180,180,180,180,180,180
3.9165070056915283,0.00520922699598748,10.992000110725341,0.0,0.0,-1.603066445372133,180,180,180,180,180,180,180
3.9267661571502686,0.00520922699598748,10.992000110725341,0.0,0.0,-1.603066445372133,180,180,180,180,180,180,180
3.943726062774658,0.005210508864949123,10.991989856293412,0.0,0.0,-1.6030772726974314,180,180,180,180,180,180,180
3.954071044921875,0.005210508864949123,10.991989856293412,0.0,0.0,-1.6030772726974314,180,180,180,180,180,180,180
3.964409112930298,0.005211791157225075,10.9919795896177,0.0,0.0,-1.6030881077588486,180,180,180,180,180,180,180
3.9747331142425537,0.005211791157225075,10.9919795896177,0.0,0.0,-1.6030881077588486,180,180,180,180,180,180,180
3.9885311126708984,0.005211791157225075,10.9919795896177,0.0,0.0,-1.6030881077588486,180,180,180,180,180,180,180
3.99887752532959,0.00521311275025982,10.99196899901008,0.0,0.0,-1.603099279242801,180,180,180,180,180,180,180
4.009197235107422,0.00521311275025982,10.99196899901008,0.0,0.0,-1.603099279242801,180,180,180,180,180,180,180
4.0194830894470215,0.00521311275025982,10.99196899901008,0.0,0.0,-1.603099279242801,180,180,180,180,180,180,180
4.032595872879028,0.005214395903932906,10.991958707433298,0.0,0.0,-1.6031101299992407,180,180,180,180,180,180,180
4.042908430099487,0.005214395903932906,10.991958707433298,0.0,0.0,-1.6031101299992407,180,180,180,180,180,180,180
4.053190469741821,0.005214395903932906,10.991958707433298,0.0,0.0,-1.6031101299992407,180,180,180,180,180,180,180
4.06355357170105,0.005215679482834228,10.991948403570852,0.0,0.0,-1.6031209884802127,180,180,180,180,180,180,180
4.076667785644531,0.005215679482834228,10.991948403570852,0.0,0.0,-1.6031209884802127,180,180,180,180,180,180,180
4.087008237838745,0.005215679482834228,10.991948403570852,0.0,0.0,-1.6031209884802127,180,180,180,180,180,180,180
4.098734378814697,0.005217002403486796,10.991937774605772,0.0,0.0,-1.6031321840811068,180,180,180,180,180,180,180
4.11874794960022,0.005217002403486796,10.991937774605772,0.0,0.0,-1.6031321840811068,180,180,180,180,180,180,180
4.129106760025024,0.005218286847678168,10.991927445757089,0.0,0.0,-1.6031430582331165,180,180,180,180,180,180,180
4.139356851577759,0.005218286847678168,10.991927445757089,0.0,0.0,-1.6031430582331165,180,180,180,180,180,180,180
4.1495935916900635,0.005218286847678168,10.991927445757089,0.0,0.0,-1.6031430582331165,180,180,180,180,180,180,180
4.160491704940796,0.005218286847678168,10.991927445757089,0.0,0.0,-1.6031430582331165,180,180,180,180,180,180,180
4.170842885971069,0.005219571719237591,10.991917104581155,0.0,0.0,-1.6031539400956916,180,180,180,180,180,180,180
4.181098222732544,0.005219571719237591,10.991917104581155,0.0,0.0,-1.6031539400956916,180,180,180,180,180,180,180
4.191378355026245,0.005219571719237591,10.991917104581155,0.0,0.0,-1.6031539400956916,180,180,180,180,180,180,180
4.201911449432373,0.005220895980159469,10.991906437158447,0.0,0.0,-1.6031651597008747,180,180,180,180,180,180,180
4.212183952331543,0.005220895980159469,10.991906437158447,0.0,0.0,-1.6031651597008747,180,180,180,180,180,180,180
4.222474813461304,0.005220895980159469,10.991906437158447,0.0,0.0,-1.6031651597008747,180,180,180,180,180,180,180
4.232727527618408,0.005222181726216144,10.991896070982756,0.0,0.0,-1.6031760570597142,180,180,180,180,180,180,180
4.243177175521851,0.005222181726216144,10.991896070982756,0.0,0.0,-1.6031760570597142,180,180,180,180,180,180,180
4.2611188888549805,0.005222181726216144,10.991896070982756,0.0,0.0,-1.6031760570597142,180,180,180,180,180,180,180
4.271484375,0.0052234679001386475,10.991885692480837,0.0,0.0,-1.6031869620245254,180,180,180,180,180,180,180
4.281785249710083,0.0052234679001386475,10.991885692480837,0.06981317007977111,0.0,-1.6031869620245254,180,180,180,180,180,180,180
4.2920708656311035,0.0052234679001386475,10.991885692480837,0.06981317007977111,0.0,-1.6031869620245254,180,180,180,180,180,180,180
4.309715270996094,0.005224793497541275,10.99187498657643,0.2617993877991417,0.0,-1.603198205383459,180,180,180,180,180,180,180
4.319995880126953,0.005224793497541275,10.99187498657643,0.2617993877991417,0.0,-1.603198205383459,180,180,180,180,180,180,180
4.330211162567139,0.005240062640825971,10.991380005535127,0.2617993877991417,0.0,-1.6032902976793915,180,180,180,180,180,180,180
4.3404600620269775,0.005240062640825971,10.991380005535127,0.2617993877991417,0.0,-1.6032902976793915,180,180,180,180,180,180,180
4.352945804595947,0.005240062640825971,10.991380005535127,0.2617993877991417,0.0,-1.6032902976793915,180,180,180,180,180,180,180
4.363291025161743,0.00528706309024648,10.989949310349019,0.2617993877991417,0.0,-1.6035761515142486,180,180,180,180,180,180,180
4.373517036437988,0.00528706309024648,10.989949310349019,0.2617993877991417,0.0,-1.6035761515142486,180,180,180,180,180,180,180
4.383779048919678,0.00528706309024648,10.989949310349019,0.2617993877991417,0.0,-1.6035761515142486,180,180,180,180,180,180,180
4.397368669509888,0.005367930931454093,10.98751483293011,0.2617993877991417,0.0,-1.6040139010689467,180,180,180,180,180,180,180
4.407609224319458,0.005367930931454093,10.98751483293011,0.2617993877991417,0.0,-1.6040139010689467,180,180,180,180,180,180,180
4.417816877365112,0.005367930931454093,10.98751483293011,0.2617993877991417,0.0,-1.6040139010689467,180,180,180,180,180,180,180
4.428088665008545,0.005367930931454093,10.98751483293011,0.2617993877991417,0.0,-1.6040139010689467,180,180,180,180,180,180,180
4.444595098495483,0.005477202925105856,10.984255145192193,0.2617993877991417,0.0,-1.6043962013309692,180,180,180,180,180,180,180
4.454982757568359,0.005477202925105856,10.984255145192193,0.2617993877991417,0.0,-1.6043962013309692,180,180,180,180,180,180,180
4.465419054031372,0.005614701443245685,10.980174957533695,0.2617993877991417,0.0,-1.6044954390007893,180,180,180,180,180,180,180
4.475949048995972,0.005614701443245685,10.980174957533695,0.2617993877991417,0.0,-1.6044954390007893,180,180,180,180,180,180,180
4.4955894947052,0.005614701443245685,10.980174957533695,0.2617993877991417,0.0,-1.6044954390007893,180,180,180,180,180,180,180
4.50593900680542,0.005780202605842338,10.975222468795604,0.2617993877991417,0.0,-1.6040010852530675,180,180,180,180,180,180,180
4.516186952590942,0.005780202605842338,10.975222468795604,0.2617993877991417,0.0,-1.6040010852530675,180,180,180,180,180,180,180
4.526527643203735,0.005780202605842338,10.975222468795604,0.2617993877991417,0.0,-1.6040010852530675,180,180,180,180,180,180,180
4.5437235832214355,0.005952211724592411,10.969850909385457,0.2617993877991417,0.0,-1.6026341961372252,180,180,180,180,180,180,180
4.55403470993042,0.005952211724592411,10.969850909385457,0.2617993877991417,0.0,-1.6026341961372252,180,180,180,180,180,180,180
4.564302921295166,0.006124630525869812,10.964145300550832,0.2617993877991417,0.0,-1.600130571468999,180,180,180,180,180,180,180
4.5745415687561035,0.006124630525869812,10.964145300550832,0.2617993877991417,0.0,-1.600130571468999,180,180,180,180,180,180,180
4.5901548862457275,0.006124630525869812,10.964145300550832,0.2617993877991417,0.0,-1.600130571468999,180,180,180,180,180,180,180
4.6004297733306885,0.006294315830021775,10.958121620022307,0.2617993877991417,0.0,-1.5972833149216363,180,180,180,180,180,180,180
4.610672235488892,0.006294315830021775,10.958121620022307,0.2617993877991417,0.0,-1.5972833149216363,180,180,180,180,180,180,180
4.620961904525757,0.006294315830021775,10.958121620022307,0.2617993877991417,0.0,-1.5972833149216363,180,180,180,180,180,180,180
4.633490324020386,0.006463841137563108,10.952123288689691,0.2617993877991417,0.0,-1.5963969302392225,180,180,180,180,180,180,180
4.6437811851501465,0.006463841137563108,10.952123288689691,0.2617993877991417,0.0,-1.5963969302392225,180,180,180,180,180,180,180
4.654030084609985,0.006463841137563108,10.952123288689691,0.2617993877991417,0.0,-1.5963969302392225,180,180,180,180,180,180,180
4.664440870285034,0.006635575236448258,10.945773285789624,0.2617993877991417,0.0,-1.5973817012813172,180,180,180,180,180,180,180
4.68083930015564,0.006635575236448258,10.945773285789624,0.2617993877991417,0.0,-1.5973817012813172,180,180,180,180,180,180,180
4.691138982772827,0.006635575236448258,10.945773285789624,0.2617993877991417,0.0,-1.5973817012813172,180,180,180,180,180,180,180
4.701415300369263,0.006832985699060372,10.938642457658496,0.2617993877991417,0.0,-1.5993003701630826,180,180,180,180,180,180,180
4.711904525756836,0.006832985699060372,10.938642457658496,0.2617993877991417,0.0,-1.5993003701630826,180,180,180,180,180,180,180
4.722162246704102,0.006832985699060372,10.938642457658496,0.2617993877991417,0.0,-1.5993003701630826,180,180,180,180,180,180,180
4.732342004776001,0.007061389430757341,10.930972288967624,0.2617993877991417,0.0,-1.6016619467080244,180,180,180,180,180,180,180
4.7425806522369385,0.007061389430757341,10.930972288967624,0.2617993877991417,0.0,-1.6016619467080244,180,180,180,180,180,180,180
4.752803325653076,0.007061389430757341,10.930972288967624,0.2617993877991417,0.0,-1.6016619467080244,180,180,180,180,180,180,180
4.76309061050415,0.0073278868963375186,10.922560399052074,0.2617993877991417,0.0,-1.6029754769333815,180,190,180,180,180,180,180
4.780542373657227,0.0073278868963375186,10.922560399052074,0.2617993877991417,0.0,-1.6029754769333815,180,190,180,180,180,180,180
4.790829420089722,0.0073278868963375186,10.922560399052074,0.2617993877991417,0.0,-1.6029754769333815,180,190,180,180,180,180,180
4.801113605499268,0.007615757476850463,10.913659697338787,0.2617993877991417,0.0,-1.6030155521397758,180,190,180,180,180,180,190
4.811437606811523,0.007615757476850463,10.913659697338787,0.2617993877991417,0.0,-1.6030155521397758,180,190,180,180,180,180,190
4.823458909988403,0.007615757476850463,10.913659697338787,0.2617993877991417,0.0,-1.6030155521397758,180,190,180,180,180,180,190
4.833671808242798,0.007895336069267345,10.905011391755497,0.2617993877991417,0.0,-1.603051961669117,180,190,180,180,180,180,190
4.844078779220581,0.007895336069267345,10.905011391755497,0.2617993877991417,0.0,-1.603051961669117,180,190,180,180,180,180,190
4.854510307312012,0.007895336069267345,10.905011391755497,0.2617993877991417,0.0,-1.603051961669117,180,190,180,150,180,180,190
4.871398210525513,0.008175136255067453,10.896353025723226,0.2617993877991417,0.0,-1.603075277146273,180,190,180,150,180,180,190
4.881767749786377,0.008175136255067453,10.896353025723226,0.2617993877991417,0.0,-1.603075277146273,180,190,180,150,180,180,190
4.892717599868774,0.008175136255067453,10.896353025723226,0.2617993877991417,0.0,-1.603075277146273,180,190,180,150,180,180,190
4.9033708572387695,0.008463186725074678,10.887422762142844,0.2617993877991417,0.0,-1.6030733867017972,180,190,180,150,180,180,190
4.923245191574097,0.008463186725074678,10.887422762142844,0.2617993877991417,0.0,-1.6030733867017972,180,190,180,150,180,180,190
4.933518886566162,0.008741371938329228,10.878754623473014,0.2617993877991417,0.0,-1.6030283496163493,180,190,180,150,180,180,190
4.943779706954956,0.008741371938329228,10.878754623473014,0.2617993877991417,0.0,-1.6030283496163493,180,190,180,150,180,180,190
4.954110860824585,0.008741371938329228,10.878754623473014,0.2617993877991417,0.0,-1.6030283496163493,180,120,180,140,180,180,190
4.971134185791016,0.008741371938329228,10.878754623473014,0.2617993877991417,0.0,-1.6030283496163493,180,120,180,140,180,180,190
4.981503009796143,0.009020566438548693,10.870093979695412,0.2617993877991417,0.0,-1.603008479651992,180,120,180,140,180,180,190
4.991730213165283,0.009020566438548693,10.870093979695412,0.2617993877991417,0.0,-1.603008479651992,180,120,180,140,180,180,190
5.002122640609741,0.009308318149967867,10.861210235709441,0.2617993877991417,0.0,-1.602975492918979,180,180,180,180,180,180,180
5.020996570587158,0.009308318149967867,10.861210235709441,0.2617993877991417,0.0,-1.602975492918979,180,180,180,180,180,180,180
5.0312819480896,0.00958690343702583,10.852630753172416,0.2617993877991417,0.0,-1.6031234333064739,180,180,180,180,180,180,180
5.041540145874023,0.00958690343702583,10.852630753172416,0.2617993877991417,0.0,-1.6031234333064739,180,180,180,180,180,180,180
5.051780700683594,0.00958690343702583,10.852630753172416,0.2617993877991417,0.0,-1.6031234333064739,180,180,180,180,180,180,150
5.068298101425171,0.00958690343702583,10.852630753172416,0.2617993877991417,0.0,-1.6031234333064739,180,180,180,180,180,180,150
5.078625440597534,0.009867116331992207,10.844026068150256,0.2617993877991417,0.0,-1.6031506357918006,180,180,180,180,180,180,150
5.088827133178711,0.009867116331992207,10.844026068150256,0.2617993877991417,0.0,-1.6031506357918006,180,180,180,180,180,180,140
5.0990214347839355,0.010155267518958549,10.835157447846196,0.2617993877991417,0.0,-1.6032157972939023,180,180,180,180,180,180,140
5.1115028858184814,0.010155267518958549,10.835157447846196,0.2617993877991417,0.0,-1.6032157972939023,180,180,180,180,180,180,140
5.121714353561401,0.010155267518958549,10.835157447846196,0.2617993877991417,0.0,-1.6032157972939023,180,180,180,180,180,180,140
5.131887674331665,0.010436068218367959,10.82653903334157,0.2617993877991417,0.0,-1.6032685331444556,180,180,180,180,180,180,140
5.142085075378418,0.010436068218367959,10.82653903334157,0.2617993877991417,0.0,-1.6032685331444556,180,180,180,180,180,180,140
5.156919956207275,0.010436068218367959,10.82653903334157,0.2617993877991417,0.0,-1.6032685331444556,180,180,180,180,180,180,140
5.167147397994995,0.010717430494216914,10.817909647076807,0.2617993877991417,0.0,-1.6033092923550956,180,180,180,180,180,180,140
5.177385568618774,0.010717430494216914,10.817909647076807,0.2617993877991417,0.0,-1.6033092923550956,180,180,180,180,180,180,140
5.187607049942017,0.010717430494216914,10.817909647076807,0.2617993877991417,0.0,-1.6033092923550956,180,180,180,180,180,180,180
5.200908899307251,0.01100791201398801,10.80900836838643,0.2617993877991417,0.0,-1.603349535459823,180,180,180,180,180,180,180
5.211121082305908,0.01100791201398801,10.80900836838643,0.2617993877991417,0.0,-1.603349535459823,180,180,180,180,180,180,180
5.221315860748291,0.01100791201398801,10.80900836838643,0.2617993877991417,0.0,-1.603349535459823,180,180,180,180,180,180,180
5.2317116260528564,0.011290332085182087,10.800358052463197,0.2617993877991417,0.0,-1.603389911341822,180,180,180,180,180,180,180
5.250962972640991,0.011290332085182087,10.800358052463197,0.2617993877991417,0.0,-1.603389911341822,180,180,180,180,180,180,180
5.261189937591553,0.011290332085182087,10.800358052463197,0.2617993877991417,0.0,-1.603389911341822,180,180,180,180,180,180,180
5.271420001983643,0.011573127985759478,10.791697575398203,0.2617993877991417,0.0,-1.6034281052707393,180,180,180,180,180,180,180
5.281711101531982,0.011573127985759478,10.791697575398203,0.2617993877991417,0.0,-1.6034281052707393,180,180,180,180,180,180,180
5.300954580307007,0.011864279146088676,10.782767022394983,0.2617993877991417,0.0,-1.6034402151654297,180,180,180,180,180,180,180
5.311162233352661,0.011864279146088676,10.782767022394983,0.2617993877991417,0.0,-1.6034402151654297,180,180,180,180,180,180,180
5.321367263793945,0.011864279146088676,10.782767022394983,0.2617993877991417,0.0,-1.6034402151654297,180,180,180,180,180,180,160
5.340815782546997,0.012144947872695558,10.774100178934622,0.2617993877991417,0.0,-1.6034029391338407,180,180,180,180,180,180,160
5.351034879684448,0.012144947872695558,10.774100178934622,0.2617993877991417,0.0,-1.6034029391338407,180,180,180,180,180,180,160
5.36125373840332,0.012144947872695558,10.774100178934622,0.2617993877991417,0.0,-1.6034029391338407,180,180,180,180,180,180,160
5.371502876281738,0.012424294323388803,10.765440170539328,0.2617993877991417,0.0,-1.6034049718242656,180,180,140,180,180,180,180
5.385937213897705,0.012424294323388803,10.765440170539328,0.2617993877991417,0.0,-1.6034049718242656,180,180,140,180,180,180,180
5.39616322517395,0.012424294323388803,10.765440170539328,0.2617993877991417,0.0,-1.6034049718242656,180,180,140,180,180,180,180
5.406411409378052,0.012716591115685863,10.756563363227437,0.2617993877991417,0.0,-1.6033722958680725,180,180,150,180,160,180,180
5.416668176651001,0.012716591115685863,10.756563363227437,0.2617993877991417,0.0,-1.6033722958680725,180,180,150,180,160,180,180
5.4269914627075195,0.012716591115685863,10.756563363227437,0.2617993877991417,0.0,-1.6033722958680725,180,180,150,180,160,180,180
5.437208890914917,0.012998311580519582,10.747980930487651,0.2617993877991417,0.0,-1.6035050900432153,180,180,150,180,160,180,180
5.447566747665405,0.012998311580519582,10.747980930487651,0.2617993877991417,0.0,-1.6035050900432153,180,180,180,180,150,180,180
5.466622829437256,0.01328162016872652,10.73937711854773,0.2617993877991417,0.0,-1.6035455323046788,180,180,180,180,150,180,180
5.47693133354187,0.01328162016872652,10.73937711854773,0.2617993877991417,0.0,-1.6035455323046788,180,180,180,180,150,180,180
5.487179517745972,0.01328162016872652,10.73937711854773,0.2617993877991417,0.0,-1.6035455323046788,180,180,180,180,160,180,180
5.505565166473389,0.01357335521979442,10.730507403379207,0.2617993877991417,0.0,-1.6036109838848625,180,180,180,180,160,180,180
5.515760183334351,0.01357335521979442,10.730507403379207,0.2617993877991417,0.0,-1.6036109838848625,180,180,180,180,160,180,180
5.5259528160095215,0.01357335521979442,10.730507403379207,0.2617993877991417,0.0,-1.6036109838848625,180,180,180,180,160,180,180
5.536175012588501,0.013857598760572541,10.721887686107518,0.2617993877991417,0.0,-1.6036615867742963,180,180,180,180,150,180,180
5.551732540130615,0.013857598760572541,10.721887686107518,0.2617993877991417,0.0,-1.6036615867742963,180,180,180,180,150,180,180
5.561986923217773,0.013857598760572541,10.721887686107518,0.2617993877991417,0.0,-1.6036615867742963,180,180,180,180,150,180,180
5.572537422180176,0.014142379232461137,10.713257196769316,0.2617993877991417,0.0,-1.6037023595883424,180,180,170,180,160,180,180
5.582897186279297,0.014142379232461137,10.713257196769316,0.2617993877991417,0.0,-1.6037023595883424,180,180,170,180,160,180,180
5.593140125274658,0.014142379232461137,10.713257196769316,0.2617993877991417,0.0,-1.6037023595883424,180,180,170,180,160,180,180
5.6033854484558105,0.014436384344517399,10.704354726046201,0.2617993877991417,0.0,-1.6037426309014275,180,180,170,180,160,180,180
5.61363410949707,0.014436384344517399,10.704354726046201,0.2617993877991417,0.0,-1.6037426309014275,180,180,170,180,160,180,170
5.632646799087524,0.014436384344517399,10.704354726046201,0.2617993877991417,0.0,-1.6037426309014275,180,180,170,180,160,180,170
5.64301323890686,0.014722217998602327,10.695703191485084,0.2617993877991417,0.0,-1.6037833249366396,180,180,170,180,160,180,170
5.653270959854126,0.014722217998602327,10.695703191485084,0.2617993877991417,0.0,-1.6037833249366396,180,180,180,180,170,180,170
5.6717774868011475,0.015008395205487062,10.687041721421465,0.2617993877991417,0.0,-1.6038203573759333,180,180,180,180,170,180,170
5.68197774887085,0.015008395205487062,10.687041721421465,0.2617993877991417,0.0,-1.6038203573759333,180,180,180,180,170,180,170
5.692385911941528,0.015008395205487062,10.687041721421465,0.2617993877991417,0.0,-1.6038203573759333,180,180,180,180,170,180,170
5.702690839767456,0.015302935144720026,10.67811085178192,0.2617993877991417,0.0,-1.603826218919063,180,180,180,180,170,180,170
5.7182817459106445,0.015302935144720026,10.67811085178192,0.2617993877991417,0.0,-1.603826218919063,180,180,180,180,170,180,170
5.728499174118042,0.015302935144720026,10.67811085178192,0.2617993877991417,0.0,-1.603826218919063,180,180,180,180,170,180,170
5.738903522491455,0.015586580808572986,10.669444837006374,0.2617993877991417,0.0,-1.6037867487496476,180,180,140,170,170,180,170
5.749159336090088,0.015586580808572986,10.669444837006374,0.2617993877991417,0.0,-1.6037867487496476,180,180,140,170,170,180,170
5.759425401687622,0.015586580808572986,10.669444837006374,0.2617993877991417,0.0,-1.6037867487496476,180,180,140,170,170,180,170
5.769792318344116,0.01586910816694198,10.66078651991793,0.2617993877991417,0.0,-1.6037954348556813,180,180,140,170,170,180,170
5.779998302459717,0.01586910816694198,10.66078651991793,0.2617993877991417,0.0,-1.6037954348556813,180,180,140,170,170,180,170
5.790197849273682,0.01586910816694198,10.66078651991793,0.2617993877991417,0.0,-1.6037954348556813,180,180,140,170,170,180,170
5.80513072013855,0.01586910816694198,10.66078651991793,0.2617993877991417,0.0,-1.6037954348556813,180,180,140,170,170,180,170
5.8155107498168945,0.016165749305294377,10.651918384829111,0.2617993877991417,0.0,-1.6037801559421276,180,180,140,170,170,180,170
5.825714588165283,0.016165749305294377,10.651918384829111,0.2617993877991417,0.0,-1.6037801559421276,180,180,140,170,170,180,170
5.83606219291687,0.016450995073652403,10.643331884298604,0.2617993877991417,0.0,-1.6038854539206526,180,180,140,180,160,180,160
5.854902744293213,0.016450995073652403,10.643331884298604,0.2617993877991417,0.0,-1.6038854539206526,180,180,140,180,160,180,160
5.865148067474365,0.016737191873030726,10.634729138644323,0.2617993877991417,0.0,-1.6039388111167308,180,180,140,180,160,180,160
5.875375986099243,0.016737191873030726,10.634729138644323,0.2617993877991417,0.0,-1.6039388111167308,180,180,130,180,150,180,180
5.885582685470581,0.016737191873030726,10.634729138644323,0.2617993877991417,0.0,-1.6039388111167308,180,180,130,180,150,180,180
5.895779609680176,0.016737191873030726,10.634729138644323,0.2617993877991417,0.0,-1.6039388111167308,180,180,130,180,150,180,180
5.90597939491272,0.01703247145098378,10.625858348750622,0.2617993877991417,0.0,-1.6040039897994687,180,180,130,180,150,180,180
5.916255950927734,0.01703247145098378,10.625858348750622,0.2617993877991417,0.0,-1.6040039897994687,180,180,180,180,140,180,180
5.926450490951538,0.01703247145098378,10.625858348750622,0.2617993877991417,0.0,-1.6040039897994687,180,180,180,180,140,180,180
5.936866283416748,0.01732013034371119,10.617237385850512,0.2617993877991417,0.0,-1.6040525695756014,180,180,180,180,140,180,180
5.947107315063477,0.01732013034371119,10.617237385850512,0.2617993877991417,0.0,-1.6040525695756014,180,180,180,180,140,180,180
5.9573516845703125,0.01732013034371119,10.617237385850512,0.2617993877991417,0.0,-1.6040525695756014,180,180,180,180,140,180,180
5.967578887939453,0.017608313127466694,10.608605863446446,0.2617993877991417,0.0,-1.6040934038426407,180,180,120,180,150,180,180
5.982595205307007,0.017608313127466694,10.608605863446446,0.2617993877991417,0.0,-1.6040934038426407,180,180,120,180,150,180,180
5.992912769317627,0.017608313127466694,10.608605863446446,0.2617993877991417,0.0,-1.6040934038426407,180,180,120,180,150,180,180
6.003127098083496,0.017905819533920966,10.599702247473278,0.2617993877991417,0.0,-1.6041337642612383,180,180,130,180,180,180,180
6.013346195220947,0.017905819533920966,10.599702247473278,0.2617993877991417,0.0,-1.6041337642612383,180,180,130,180,180,180,180
6.0268824100494385,0.017905819533920966,10.599702247473278,0.2617993877991417,0.0,-1.6041337642612383,180,180,130,180,180,180,180
6.037081003189087,0.018195048881372022,10.59104956742635,0.2617993877991417,0.0,-1.604174668305079,180,180,130,180,180,180,180
6.047259569168091,0.018195048881372022,10.59104956742635,0.2617993877991417,0.0,-1.604174668305079,180,180,140,180,180,180,180
6.057441711425781,0.018195048881372022,10.59104956742635,0.2617993877991417,0.0,-1.604174668305079,180,180,140,180,180,180,180
6.069699287414551,0.018484570001699868,10.582387191375929,0.2617993877991417,0.0,-1.6042102639795641,180,180,140,180,180,180,180
6.079883813858032,0.018484570001699868,10.582387191375929,0.2617993877991417,0.0,-1.6042102639795641,180,180,140,180,180,180,180
6.090072870254517,0.018484570001699868,10.582387191375929,0.2617993877991417,0.0,-1.6042102639795641,180,180,140,180,180,180,180
6.100299596786499,0.018782432922035058,10.57345618153999,0.2617993877991417,0.0,-1.6042094808736784,180,180,140,180,170,180,180
6.116616249084473,0.018782432922035058,10.57345618153999,0.2617993877991417,0.0,-1.6042094808736784,180,180,140,180,170,180,180
6.126864671707153,0.018782432922035058,10.57345618153999,0.2617993877991417,0.0,-1.6042094808736784,180,180,140,180,170,180,180
6.137095212936401,0.01906905858723691,10.564791061514558,0.2617993877991417,0.0,-1.60416971718921,180,180,140,150,140,180,180
6.147324323654175,0.01906905858723691,10.564791061514558,0.2617993877991417,0.0,-1.60416971718921,180,180,140,150,140,180,180
6.1576454639434814,0.01906905858723691,10.564791061514558,0.2617993877991417,0.0,-1.60416971718921,180,180,140,150,140,180,180
6.167899131774902,0.01935507681696229,10.556135205293675,0.2617993877991417,0.0,-1.6041813510311465,180,180,140,150,140,180,180
6.178119897842407,0.01935507681696229,10.556135205293675,0.2617993877991417,0.0,-1.6041813510311465,140,180,130,170,150,180,170
6.188362121582031,0.01935507681696229,10.556135205293675,0.2617993877991417,0.0,-1.6041813510311465,140,180,130,170,150,180,170
6.2004783153533936,0.019655641542338995,10.547275490914497,0.2617993877991417,0.0,-1.6041933645480058,140,180,130,170,150,180,170
6.210730791091919,0.019655641542338995,10.547275490914497,0.2617993877991417,0.0,-1.6041933645480058,140,180,130,170,150,180,170
6.220932722091675,0.019655641542338995,10.547275490914497,0.2617993877991417,0.0,-1.6041933645480058,160,150,140,170,170,180,170
6.239877462387085,0.019655641542338995,10.547275490914497,0.2617993877991417,0.0,-1.6041933645480058,160,150,140,170,170,180,170
6.250265121459961,0.019944609492536004,10.538684475890268,0.2617993877991417,0.0,-1.6042681684630384,160,150,140,170,170,180,170
6.260523080825806,0.019944609492536004,10.538684475890268,0.2617993877991417,0.0,-1.6042681684630384,150,140,130,170,170,180,160
6.270745515823364,0.020233598149294523,10.53008245217133,0.2617993877991417,0.0,-1.6043306756803988,150,140,130,170,170,180,160
6.2831408977508545,0.020233598149294523,10.53008245217133,0.2617993877991417,0.0,-1.6043306756803988,150,140,130,170,170,180,160
6.293370723724365,0.020233598149294523,10.53008245217133,0.2617993877991417,0.0,-1.6043306756803988,150,140,130,170,170,180,160
6.303756237030029,0.020532408686760074,10.521210504418674,0.2617993877991417,0.0,-1.6043953144008398,130,140,120,170,170,180,150
6.314049005508423,0.020532408686760074,10.521210504418674,0.2617993877991417,0.0,-1.6043953144008398,130,140,120,170,170,180,150
6.324305534362793,0.020532408686760074,10.521210504418674,0.2617993877991417,0.0,-1.6043953144008398,130,140,120,170,170,180,150
6.334506988525391,0.020823468367282133,10.512588227650351,0.2617993877991417,0.0,-1.604441935227171,130,140,120,170,170,180,150
6.344717025756836,0.020823468367282133,10.512588227650351,0.2617993877991417,0.0,-1.604441935227171,120,140,130,160,170,180,160
6.354909420013428,0.020823468367282133,10.512588227650351,0.2617993877991417,0.0,-1.604441935227171,120,140,130,160,170,180,160
6.36604642868042,0.0211150435512914,10.503955606631433,0.2617993877991417,0.0,-1.6044827987247263,120,140,130,160,170,180,160
6.3762335777282715,0.0211150435512914,10.503955606631433,0.2617993877991417,0.0,-1.6044827987247263,120,140,130,160,170,180,160
6.386451721191406,0.0211150435512914,10.503955606631433,0.2617993877991417,0.0,-1.6044827987247263,120,140,130,160,170,180,160
6.39669942855835,0.021416037931764602,10.495050763301206,0.2617993877991417,0.0,-1.6045233878800575,130,180,130,160,180,180,170
6.415048360824585,0.021416037931764602,10.495050763301206,0.2617993877991417,0.0,-1.6045233878800575,130,180,130,160,180,180,170
6.4252846240997314,0.021416037931764602,10.495050763301206,0.2617993877991417,0.0,-1.6045233878800575,130,180,130,160,180,180,170
6.435467958450317,0.021708649846694242,10.486396895477114,0.2617993877991417,0.0,-1.6045644219854442,160,180,130,160,180,150,160
6.44565486907959,0.021708649846694242,10.486396895477114,0.2617993877991417,0.0,-1.6045644219854442,160,180,130,160,180,150,160
6.463214159011841,0.021708649846694242,10.486396895477114,0.2617993877991417,0.0,-1.6045644219854442,160,180,130,160,180,150,160
6.473398447036743,0.022001485786988715,10.477733597784354,0.2617993877991417,0.0,-1.6045980651219094,160,180,130,160,180,150,160
6.4835710525512695,0.022001485786988715,10.477733597784354,0.2617993877991417,0.0,-1.6045980651219094,160,180,130,160,180,150,160
6.493786334991455,0.022001485786988715,10.477733597784354,0.2617993877991417,0.0,-1.6045980651219094,170,180,140,170,180,150,160
6.503960609436035,0.022302603776203602,10.46880257402264,0.2617993877991417,0.0,-1.604590226035621,170,180,140,170,180,150,160
6.5166497230529785,0.022302603776203602,10.46880257402264,0.2617993877991417,0.0,-1.604590226035621,170,180,140,170,180,150,160
6.526832103729248,0.022302603776203602,10.46880257402264,0.2617993877991417,0.0,-1.604590226035621,170,180,140,170,180,150,160
6.537012100219727,0.022592399178680816,10.46013836040976,0.2617993877991417,0.0,-1.6045524744215474,170,180,140,170,180,150,160
6.5472092628479,0.022592399178680816,10.46013836040976,0.2617993877991417,0.0,-1.6045524744215474,180,180,140,170,180,150,170
6.5657336711883545,0.022881994323543656,10.451486023928801,0.2617993877991417,0.0,-1.6045608518431622,180,180,140,170,180,150,170
6.575927734375,0.022881994323543656,10.451486023928801,0.2617993877991417,0.0,-1.6045608518431622,180,180,140,170,180,150,170
6.5861077308654785,0.022881994323543656,10.451486023928801,0.2617993877991417,0.0,-1.6045608518431622,110,180,130,180,180,180,180
6.5963380336761475,0.022881994323543656,10.451486023928801,0.2617993877991417,0.0,-1.6045608518431622,110,180,130,180,180,180,180
6.606515169143677,0.023185973164246976,10.442634148947164,0.2617993877991417,0.0,-1.6046062403979073,110,180,130,180,180,180,180
6.61815619468689,0.023185973164246976,10.442634148947164,0.2617993877991417,0.0,-1.6046062403979073,110,180,130,180,180,180,180
6.628376722335815,0.023185973164246976,10.442634148947164,0.2617993877991417,0.0,-1.6046062403979073,110,180,130,180,180,180,180
6.638663053512573,0.023478600450959838,10.434039201033574,0.2617993877991417,0.0,-1.6046575469127173,110,180,130,180,180,180,180
6.648888349533081,0.023478600450959838,10.434039201033574,0.2617993877991417,0.0,-1.6046575469127173,120,180,120,110,120,180,170
6.666695833206177,0.02377069322928596,10.425436988523785,0.2617993877991417,0.0,-1.604722854929401,120,180,120,110,120,180,170
6.67735743522644,0.02377069322928596,10.425436988523785,0.2617993877991417,0.0,-1.604722854929401,120,180,120,110,120,180,170
6.6875691413879395,0.02377069322928596,10.425436988523785,0.2617993877991417,0.0,-1.604722854929401,120,180,120,110,120,180,170
6.697784900665283,0.024073036800165374,10.416563926463473,0.2617993877991417,0.0,-1.604786766417603,120,180,180,110,120,180,160
6.708004713058472,0.024073036800165374,10.416563926463473,0.2617993877991417,0.0,-1.604786766417603,120,180,180,110,120,180,160
6.718250274658203,0.024073036800165374,10.416563926463473,0.2617993877991417,0.0,-1.604786766417603,120,180,180,110,120,180,160
6.72845721244812,0.024073036800165374,10.416563926463473,0.2617993877991417,0.0,-1.604786766417603,120,180,180,110,120,180,160
6.738659381866455,0.024367498370287673,10.40794042612482,0.2617993877991417,0.0,-1.6048317212433354,120,180,180,110,120,180,160
6.748870134353638,0.024367498370287673,10.40794042612482,0.2617993877991417,0.0,-1.6048317212433354,120,170,180,110,120,180,160
6.7638468742370605,0.024367498370287673,10.40794042612482,0.2617993877991417,0.0,-1.6048317212433354,120,170,180,110,120,180,160
6.7742109298706055,0.024662465438520704,10.3993067556451,0.2617993877991417,0.0,-1.6048724880158125,120,170,180,110,120,180,160
6.784389495849609,0.024662465438520704,10.3993067556451,0.2617993877991417,0.0,-1.6048724880158125,120,170,180,110,120,180,160
6.794637680053711,0.024662465438520704,10.3993067556451,0.2617993877991417,0.0,-1.6048724880158125,180,120,120,180,130,180,160
6.804840803146362,0.02496694882706583,10.390400742873839,0.2617993877991417,0.0,-1.6049133185732347,180,120,120,180,130,180,160
6.815807104110718,0.02496694882706583,10.390400742873839,0.2617993877991417,0.0,-1.6049133185732347,180,120,120,180,130,180,160
6.825987339019775,0.02496694882706583,10.390400742873839,0.2617993877991417,0.0,-1.6049133185732347,180,120,120,180,130,180,160
6.836175918579102,0.025262942381648754,10.381745776177357,0.2617993877991417,0.0,-1.6049542939716805,180,120,120,180,130,180,160
6.847097158432007,0.025262942381648754,10.381745776177357,0.2617993877991417,0.0,-1.6049542939716805,180,130,160,110,140,140,160
6.8632917404174805,0.025559088238826175,10.373081643296235,0.2617993877991417,0.0,-1.6049854583692411,180,130,160,110,140,140,160
6.873470067977905,0.025559088238826175,10.373081643296235,0.2617993877991417,0.0,-1.6049854583692411,180,130,160,110,140,140,160
6.883655548095703,0.025559088238826175,10.373081643296235,0.2617993877991417,0.0,-1.6049854583692411,180,140,170,170,140,140,160
6.893946170806885,0.025559088238826175,10.373081643296235,0.2617993877991417,0.0,-1.6049854583692411,180,140,170,170,140,140,160
6.9041221141815186,0.02586341741991691,10.364150806228828,0.2617993877991417,0.0,-1.6049704135710514,180,140,170,170,140,140,160
6.9143218994140625,0.02586341741991691,10.364150806228828,0.2617993877991417,0.0,-1.6049704135710514,180,140,170,170,140,140,160
6.924516201019287,0.02586341741991691,10.364150806228828,0.2617993877991417,0.0,-1.6049704135710514,180,140,170,170,140,140,160
6.934699535369873,0.026156668524988227,10.355487506966,0.2617993877991417,0.0,-1.6049369936219546,180,140,170,170,140,140,160
6.9448840618133545,0.026156668524988227,10.355487506966,0.2617993877991417,0.0,-1.6049369936219546,180,170,180,180,140,140,170
6.955079078674316,0.026156668524988227,10.355487506966,0.2617993877991417,0.0,-1.6049369936219546,180,170,180,180,140,140,170
6.965634346008301,0.026449740836110687,10.346839946260978,0.2617993877991417,0.0,-1.6049346510474363,180,170,180,180,140,140,170
6.975829601287842,0.026449740836110687,10.346839946260978,0.2617993877991417,0.0,-1.6049346510474363,180,170,180,180,140,140,170
6.98601770401001,0.026449740836110687,10.346839946260978,0.2617993877991417,0.0,-1.6049346510474363,180,170,180,180,140,140,170
6.996197938919067,0.026449740836110687,10.346839946260978,0.2617993877991417,0.0,-1.6049346510474363,180,180,180,90,130,140,160
7.015243768692017,0.02675677714869748,10.337994723051903,0.2617993877991417,0.0,-1.6050161674162369,180,180,180,90,130,140,160
7.025421142578125,0.02675677714869748,10.337994723051903,0.2617993877991417,0.0,-1.6050161674162369,180,180,180,90,130,140,160
7.035595893859863,0.027052986782480446,10.329396043716375,0.2617993877991417,0.0,-1.605049240105735,180,180,180,90,130,140,160
7.045778036117554,0.027052986782480446,10.329396043716375,0.2617993877991417,0.0,-1.605049240105735,180,180,180,90,130,140,160
7.0559587478637695,0.027052986782480446,10.329396043716375,0.2617993877991417,0.0,-1.605049240105735,180,180,180,90,130,140,160
7.0686211585998535,0.027052986782480446,10.329396043716375,0.2617993877991417,0.0,-1.605049240105735,180,180,180,90,130,140,160
7.078796863555908,0.027348486595664544,10.320792916792634,0.2617993877991417,0.0,-1.6051140446179313,180,180,180,90,130,140,160
7.089023590087891,0.027348486595664544,10.320792916792634,0.2617993877991417,0.0,-1.6051140446179313,180,180,180,90,130,140,160
7.099244594573975,0.027654366972405368,10.311918663444116,0.2617993877991417,0.0,-1.6051769102964917,180,180,180,180,120,180,180
7.1164350509643555,0.027654366972405368,10.311918663444116,0.2617993877991417,0.0,-1.6051769102964917,180,180,180,180,120,180,180
7.126613616943359,0.027654366972405368,10.311918663444116,0.2617993877991417,0.0,-1.6051769102964917,180,180,180,180,120,180,180
7.136805772781372,0.027952219954011072,10.30329389721729,0.2617993877991417,0.0,-1.6052204300560813,180,180,180,180,120,180,180
7.147566556930542,0.027952219954011072,10.30329389721729,0.2617993877991417,0.0,-1.6052204300560813,180,180,180,180,110,150,180
7.164864778518677,0.028250570778782073,10.29465910905716,0.2617993877991417,0.0,-1.6052610890722616,180,180,180,180,110,150,180
7.17507791519165,0.028250570778782073,10.29465910905716,0.2617993877991417,0.0,-1.6052610890722616,180,180,180,180,110,150,180
7.18526554107666,0.028250570778782073,10.29465910905716,0.2617993877991417,0.0,-1.6052610890722616,180,180,180,180,110,150,180
7.195443630218506,0.028250570778782073,10.29465910905716,0.2617993877991417,0.0,-1.6052610890722616,180,180,180,180,110,160,180
7.212703704833984,0.028558535758127147,10.285751846214891,0.2617993877991417,0.0,-1.6053022896737061,180,180,180,180,110,160,180
7.222946882247925,0.028558535758127147,10.285751846214891,0.2617993877991417,0.0,-1.6053022896737061,180,180,180,180,110,160,180
7.2331297397613525,0.02885790114481071,10.277095744954057,0.2617993877991417,0.0,-1.6053431023783786,180,180,180,180,110,160,180
7.243301868438721,0.02885790114481071,10.277095744954057,0.2617993877991417,0.0,-1.6053431023783786,180,180,180,180,110,160,180
7.262503147125244,0.02885790114481071,10.277095744954057,0.2617993877991417,0.0,-1.6053431023783786,180,180,180,180,110,160,180
7.272674560546875,0.029157347796150035,10.268430793769907,0.2617993877991417,0.0,-1.6053711008897602,180,180,180,180,110,160,180
7.282847881317139,0.029157347796150035,10.268430793769907,0.2617993877991417,0.0,-1.6053711008897602,180,180,180,180,110,160,180
7.293219089508057,0.029157347796150035,10.268430793769907,0.2617993877991417,0.0,-1.6053711008897602,180,180,180,180,140,170,180
7.303403615951538,0.029464844991174903,10.259500278737441,0.2617993877991417,0.0,-1.6053490227808263,180,180,180,180,140,170,180
7.3136210441589355,0.029464844991174903,10.259500278737441,0.2617993877991417,0.0,-1.6053490227808263,180,180,180,180,140,170,180
7.323809623718262,0.029464844991174903,10.259500278737441,0.2617993877991417,0.0,-1.6053490227808263,180,180,180,180,140,170,180
7.333998918533325,0.029761749761665086,10.250837857124878,0.2617993877991417,0.0,-1.60532198942953,180,180,180,180,140,170,180
7.344298362731934,0.029761749761665086,10.250837857124878,0.2617993877991417,0.0,-1.60532198942953,180,180,180,180,140,180,180
7.354507684707642,0.029761749761665086,10.250837857124878,0.2617993877991417,0.0,-1.60532198942953,180,180,180,180,140,180,180
7.36598801612854,0.030058323885500907,10.242196372454558,0.2617993877991417,0.0,-1.6053037523551983,180,180,180,180,140,180,180
7.376172304153442,0.030058323885500907,10.242196372454558,0.2617993877991417,0.0,-1.6053037523551983,180,180,180,180,140,180,180
7.386348009109497,0.030058323885500907,10.242196372454558,0.2617993877991417,0.0,-1.6053037523551983,180,180,180,180,140,180,180
7.3966004848480225,0.0303680698741543,10.233355715612861,0.2617993877991417,0.0,-1.6054178649552073,180,180,180,180,160,180,180
7.413382530212402,0.0303680698741543,10.233355715612861,0.2617993877991417,0.0,-1.6054178649552073,180,180,180,180,160,180,180
7.423563241958618,0.0303680698741543,10.233355715612861,0.2617993877991417,0.0,-1.6054178649552073,180,180,180,180,160,180,180
7.433757543563843,0.03066785421633173,10.22475445281361,0.2617993877991417,0.0,-1.605442313482408,180,180,180,180,160,180,180
7.444126844406128,0.03066785421633173,10.22475445281361,0.2617993877991417,0.0,-1.605442313482408,180,180,180,180,170,180,180
7.454337120056152,0.03066785421633173,10.22475445281361,0.2617993877991417,0.0,-1.605442313482408,180,180,180,180,170,180,180
7.465098857879639,0.030966901310827778,10.216150210780448,0.2617993877991417,0.0,-1.6055063358621833,180,180,180,180,170,180,180
7.4752771854400635,0.030966901310827778,10.216150210780448,0.2617993877991417,0.0,-1.6055063358621833,180,180,180,180,170,180,180
7.485456466674805,0.030966901310827778,10.216150210780448,0.2617993877991417,0.0,-1.6055063358621833,180,180,180,180,180,180,180
7.4956347942352295,0.030966901310827778,10.216150210780448,0.2617993877991417,0.0,-1.6055063358621833,180,180,180,180,180,180,180
7.505816221237183,0.031276361351863735,10.207274772127795,0.2617993877991417,0.0,-1.6055675319278628,180,180,180,180,180,180,180
7.515995025634766,0.031276361351863735,10.207274772127795,0.2617993877991417,0.0,-1.6055675319278628,180,180,180,180,180,180,180
7.526244401931763,0.031276361351863735,10.207274772127795,0.2617993877991417,0.0,-1.6055675319278628,180,180,180,180,180,180,180
7.536443710327148,0.03157757510785151,10.198648871136875,0.2617993877991417,0.0,-1.6056102552296647,180,180,180,180,180,180,180
7.546628713607788,0.03157757510785151,10.198648871136875,0.2617993877991417,0.0,-1.6056102552296647,180,180,180,180,180,180,180
7.562265396118164,0.03157757510785151,10.198648871136875,0.2617993877991417,0.0,-1.6056102552296647,180,180,180,180,180,180,180
7.572441339492798,0.03187931846136889,10.190013024169009,0.2617993877991417,0.0,-1.6056507489782332,180,180,180,180,180,180,180
7.582614421844482,0.03187931846136889,10.190013024169009,0.2617993877991417,0.0,-1.6056507489782332,180,180,180,180,180,180,180
7.592813968658447,0.03187931846136889,10.190013024169009,0.2617993877991417,0.0,-1.6056507489782332,180,180,180,180,180,180,180
7.602982759475708,0.032190772495502194,10.181104573333165,0.2617993877991417,0.0,-1.6056923050726983,180,180,180,180,180,180,180
7.613175630569458,0.032190772495502194,10.181104573333165,0.2617993877991417,0.0,-1.6056923050726983,180,180,180,180,180,180,180
7.62337327003479,0.032190772495502194,10.181104573333165,0.2617993877991417,0.0,-1.6056923050726983,180,180,180,180,180,180,180
7.633553743362427,0.032493515450139066,10.172447428265789,0.2617993877991417,0.0,-1.605732757431041,180,180,180,180,180,180,180
7.644161939620972,0.032493515450139066,10.172447428265789,0.2617993877991417,0.0,-1.605732757431041,180,180,180,180,180,180,180
7.65435791015625,0.032493515450139066,10.172447428265789,0.2617993877991417,0.0,-1.605732757431041,180,180,180,180,180,180,180
7.665167331695557,0.032796269446649984,10.16378179964882,0.2617993877991417,0.0,-1.605756829824605,180,180,180,180,180,180,180
7.675386667251587,0.032796269446649984,10.16378179964882,0.2617993877991417,0.0,-1.605756829824605,180,180,180,180,180,180,180
7.6855714321136475,0.032796269446649984,10.16378179964882,0.2617993877991417,0.0,-1.605756829824605,180,180,180,180,180,180,180
7.696090459823608,0.032796269446649984,10.16378179964882,0.2617993877991417,0.0,-1.605756829824605,130,180,180,180,170,180,170
7.715191602706909,0.03310691812838272,10.154851777752029,0.2617993877991417,0.0,-1.6057283224090468,130,180,180,180,170,180,170
7.725390911102295,0.03310691812838272,10.154851777752029,0.2617993877991417,0.0,-1.6057283224090468,130,180,180,180,170,180,170
7.735621690750122,0.033407322608088326,10.146190217309279,0.2617993877991417,0.0,-1.6057089087593128,130,180,180,180,170,180,170
7.745851278305054,0.033407322608088326,10.146190217309279,0.2617993877991417,0.0,-1.6057089087593128,130,180,180,180,170,180,170
7.7650368213653564,0.033407322608088326,10.146190217309279,0.2617993877991417,0.0,-1.6057089087593128,130,180,180,180,170,180,170
7.775273323059082,0.0337079968322933,10.137555961968022,0.2617993877991417,0.0,-1.6056740210101588,130,180,180,180,170,180,170
7.785477161407471,0.0337079968322933,10.137555961968022,0.2617993877991417,0.0,-1.6056740210101588,180,180,180,180,170,180,180
7.795667409896851,0.0337079968322933,10.137555961968022,0.2617993877991417,0.0,-1.6056740210101588,180,180,180,180,170,180,180
7.8112733364105225,0.03402017602304171,10.128717513188736,0.2617993877991417,0.0,-1.605813460015427,180,180,180,180,170,180,180
7.8214943408966064,0.03402017602304171,10.128717513188736,0.2617993877991417,0.0,-1.605813460015427,180,180,180,180,170,180,180
7.831717014312744,0.034323498690135956,10.120114287069793,0.2617993877991417,0.0,-1.6058340461707203,180,180,180,180,170,180,180
7.841913223266602,0.034323498690135956,10.120114287069793,0.2617993877991417,0.0,-1.6058340461707203,180,180,180,170,170,180,180
7.852108716964722,0.034323498690135956,10.120114287069793,0.2617993877991417,0.0,-1.6058340461707203,180,180,180,170,170,180,180
7.863546848297119,0.034323498690135956,10.120114287069793,0.2617993877991417,0.0,-1.6058340461707203,180,180,180,170,170,180,180
7.8739423751831055,0.0346260913244996,10.111508926120763,0.2617993877991417,0.0,-1.6058985833680748,180,180,180,170,170,180,180
7.884132146835327,0.0346260913244996,10.111508926120763,0.2617993877991417,0.0,-1.6058985833680748,180,180,180,180,170,180,180
7.894469499588013,0.0346260913244996,10.111508926120763,0.2617993877991417,0.0,-1.6058985833680748,180,180,180,180,170,180,180
7.913751840591431,0.03493913136572204,10.102632228206602,0.2617993877991417,0.0,-1.6059579011042835,180,180,180,180,170,180,180
7.924000978469849,0.03493913136572204,10.102632228206602,0.2617993877991417,0.0,-1.6059579011042835,180,180,180,180,170,180,180
7.934223413467407,0.03524370185699397,10.094005187357197,0.2617993877991417,0.0,-1.6060002361439172,180,180,180,170,170,180,180
7.94458794593811,0.03524370185699397,10.094005187357197,0.2617993877991417,0.0,-1.6060002361439172,180,180,180,170,170,180,180
7.954779863357544,0.03524370185699397,10.094005187357197,0.2617993877991417,0.0,-1.6060002361439172,180,180,180,170,170,180,180
7.965121269226074,0.0355488436890037,10.08536822184146,0.2617993877991417,0.0,-1.6060405875500523,180,180,180,170,170,180,180
7.975326061248779,0.0355488436890037,10.08536822184146,0.2617993877991417,0.0,-1.6060405875500523,180,180,180,170,170,180,180
7.985549449920654,0.0355488436890037,10.08536822184146,0.2617993877991417,0.0,-1.6060405875500523,180,180,180,170,170,180,180
7.995783090591431,0.0355488436890037,10.08536822184146,0.2617993877991417,0.0,-1.6060405875500523,180,180,180,170,170,180,180
8.006022453308105,0.03586378934530359,10.076458521229934,0.2617993877991417,0.0,-1.6060825291273026,180,180,180,170,170,180,180
8.01620864868164,0.03586378934530359,10.076458521229934,0.2617993877991417,0.0,-1.6060825291273026,180,180,180,170,170,180,180
8.026381492614746,0.03586378934530359,10.076458521229934,0.2617993877991417,0.0,-1.6060825291273026,180,180,180,170,170,180,180
8.036755561828613,0.036169910960667136,10.06780032428075,0.2617993877991417,0.0,-1.606122384847972,180,180,180,170,170,180,180
8.047098398208618,0.036169910960667136,10.06780032428075,0.2617993877991417,0.0,-1.606122384847972,180,180,180,160,170,180,180
8.057389974594116,0.036169910960667136,10.06780032428075,0.2617993877991417,0.0,-1.606122384847972,180,180,180,160,170,180,180
8.067594766616821,0.03647596381520628,10.059134091577853,0.2617993877991417,0.0,-1.6061415751574928,180,180,180,160,170,180,180
8.077808380126953,0.03647596381520628,10.059134091577853,0.2617993877991417,0.0,-1.6061415751574928,180,180,180,160,170,180,180
8.088000774383545,0.03647596381520628,10.059134091577853,0.2617993877991417,0.0,-1.6061415751574928,120,170,180,150,170,180,180
8.098179340362549,0.03678973375753844,10.050204666461092,0.2617993877991417,0.0,-1.6061073585353192,120,170,180,150,170,180,180
8.11622953414917,0.03678973375753844,10.050204666461092,0.2617993877991417,0.0,-1.6061073585353192,120,170,180,150,170,180,180
8.1264328956604,0.03678973375753844,10.050204666461092,0.2617993877991417,0.0,-1.6061073585353192,120,170,180,150,170,180,180
8.136647701263428,0.03709322406922918,10.041544039979453,0.2617993877991417,0.0,-1.6060959917355355,120,160,180,160,170,180,180
8.14682674407959,0.03709322406922918,10.041544039979453,0.2617993877991417,0.0,-1.6060959917355355,120,160,180,160,170,180,180
8.157026529312134,0.03709322406922918,10.041544039979453,0.2617993877991417,0.0,-1.6060959917355355,120,160,180,160,170,180,180
8.167578220367432,0.03709322406922918,10.041544039979453,0.2617993877991417,0.0,-1.6060959917355355,120,160,180,160,170,180,180
8.177930355072021,0.037398594655765685,10.03291777869153,0.2617993877991417,0.0,-1.6060496048924593,120,160,180,160,170,180,180
8.188127756118774,0.037398594655765685,10.03291777869153,0.2617993877991417,0.0,-1.6060496048924593,120,160,180,150,170,180,180
8.198322296142578,0.037713275750527145,10.024079577636368,0.2617993877991417,0.0,-1.6062030321353462,120,160,180,150,170,180,180
8.212801933288574,0.037713275750527145,10.024079577636368,0.2617993877991417,0.0,-1.6062030321353462,120,160,180,150,170,180,180
8.222992181777954,0.037713275750527145,10.024079577636368,0.2617993877991417,0.0,-1.6062030321353462,120,160,180,150,170,180,180
8.233181476593018,0.03801992515052092,10.015476294258708,0.2617993877991417,0.0,-1.6062311790610035,120,160,180,150,170,180,180
8.243383884429932,0.03801992515052092,10.015476294258708,0.2617993877991417,0.0,-1.6062311790610035,180,170,180,150,170,180,170
8.263554573059082,0.03801992515052092,10.015476294258708,0.2617993877991417,0.0,-1.6062311790610035,180,170,180,150,170,180,170
8.273890018463135,0.03832607240773728,10.00686993231604,0.2617993877991417,0.0,-1.606296123138669,180,170,180,150,170,180,170
8.2840576171875,0.03832607240773728,10.00686993231604,0.2617993877991417,0.0,-1.606296123138669,180,170,180,150,170,180,170
8.294294357299805,0.03832607240773728,10.00686993231604,0.2617993877991417,0.0,-1.606296123138669,180,170,180,160,170,180,180
8.304490804672241,0.03864270998881619,9.997992006353703,0.2617993877991417,0.0,-1.6063533997151274,180,170,180,160,170,180,180
8.314685583114624,0.03864270998881619,9.997992006353703,0.2617993877991417,0.0,-1.6063533997151274,180,170,180,160,170,180,180
8.324856758117676,0.03864270998881619,9.997992006353703,0.2617993877991417,0.0,-1.6063533997151274,180,170,180,160,170,180,180
8.335052967071533,0.038950697965533285,9.989363899360313,0.2617993877991417,0.0,-1.6063953811707479,180,160,170,170,170,180,180
8.345266580581665,0.038950697965533285,9.989363899360313,0.2617993877991417,0.0,-1.6063953811707479,180,160,170,170,170,180,180
8.36470890045166,0.038950697965533285,9.989363899360313,0.2617993877991417,0.0,-1.6063953811707479,180,160,170,170,170,180,180
8.375101566314697,0.039259282108528394,9.980725871164612,0.2617993877991417,0.0,-1.6064355623736517,180,160,170,170,170,180,180
8.385278701782227,0.039259282108528394,9.980725871164612,0.2617993877991417,0.0,-1.6064355623736517,180,160,170,170,170,180,180
8.395529747009277,0.039259282108528394,9.980725871164612,0.2617993877991417,0.0,-1.6064355623736517,180,160,160,160,170,170,180
8.413069725036621,0.039577762607274004,9.971814972440221,0.2617993877991417,0.0,-1.6064779260034954,180,160,160,160,170,170,180
8.423316240310669,0.039577762607274004,9.971814972440221,0.2617993877991417,0.0,-1.6064779260034954,180,160,160,160,170,170,180
8.433567523956299,0.03988730321466027,9.963155794164837,0.2617993877991417,0.0,-1.6065170092451386,180,160,160,160,170,170,180
8.443796873092651,0.03988730321466027,9.963155794164837,0.2617993877991417,0.0,-1.6065170092451386,180,160,160,160,160,170,180
8.454026222229004,0.03988730321466027,9.963155794164837,0.2617993877991417,0.0,-1.6065170092451386,180,160,160,160,160,170,180
8.464812278747559,0.04019669283770347,9.954489120444997,0.2617993877991417,0.0,-1.6065308908094442,180,160,160,160,160,170,180
8.475032091140747,0.04019669283770347,9.954489120444997,0.2617993877991417,0.0,-1.6065308908094442,180,160,160,160,160,170,180
8.485219717025757,0.04019669283770347,9.954489120444997,0.2617993877991417,0.0,-1.6065308908094442,180,160,170,160,150,170,180
8.495422840118408,0.04019669283770347,9.954489120444997,0.2617993877991417,0.0,-1.6065308908094442,180,160,170,160,150,170,180
8.505626201629639,0.04051359253399835,9.945560424063723,0.2617993877991417,0.0,-1.6064922867038534,180,160,170,160,150,170,180
8.516738414764404,0.04051359253399835,9.945560424063723,0.2617993877991417,0.0,-1.6064922867038534,180,160,170,160,150,170,180
8.526904106140137,0.04051359253399835,9.945560424063723,0.2617993877991417,0.0,-1.6064922867038534,180,160,170,160,150,170,180
8.537104606628418,0.040820038179885935,9.93690095816228,0.2617993877991417,0.0,-1.6064889770411546,180,160,170,160,150,170,180
8.547970294952393,0.040820038179885935,9.93690095816228,0.2617993877991417,0.0,-1.6064889770411546,170,160,160,160,160,170,180
8.564816951751709,0.04113012227309066,9.928282948449123,0.2617993877991417,0.0,-1.6064421019605775,170,160,160,160,160,170,180
8.575057744979858,0.04113012227309066,9.928282948449123,0.2617993877991417,0.0,-1.6064421019605775,170,160,160,160,160,170,180
8.585256099700928,0.04113012227309066,9.928282948449123,0.2617993877991417,0.0,-1.6064421019605775,170,160,170,170,150,170,180
8.595482349395752,0.04113012227309066,9.928282948449123,0.2617993877991417,0.0,-1.6064421019605775,170,160,170,170,150,170,180
8.613903522491455,0.041447737900846736,9.919443094838833,0.2617993877991417,0.0,-1.6065910676998465,170,160,170,170,150,170,180
8.624112129211426,0.041447737900846736,9.919443094838833,0.2617993877991417,0.0,-1.6065910676998465,170,160,170,170,150,170,180
8.634319543838501,0.04175763920382374,9.910839918365884,0.2617993877991417,0.0,-1.6066279321768662,170,160,160,160,150,170,180
8.644603729248047,0.04175763920382374,9.910839918365884,0.2617993877991417,0.0,-1.6066279321768662,170,160,160,160,150,170,180
8.663705110549927,0.04175763920382374,9.910839918365884,0.2617993877991417,0.0,-1.6066279321768662,170,160,160,160,150,170,180
8.67394208908081,0.04206729370739038,9.902232502377558,0.2617993877991417,0.0,-1.6066929951276345,170,160,160,160,150,170,180
8.68412709236145,0.04206729370739038,9.902232502377558,0.2617993877991417,0.0,-1.6066929951276345,170,160,160,160,160,160,170
8.694448232650757,0.04206729370739038,9.902232502377558,0.2617993877991417,0.0,-1.6066929951276345,170,160,160,160,160,160,170
8.704642534255981,0.04238751110713067,9.893353235646135,0.2617993877991417,0.0,-1.6067479721940583,170,160,160,160,160,160,170
8.714882373809814,0.04238751110713067,9.893353235646135,0.2617993877991417,0.0,-1.6067479721940583,170,160,160,160,160,160,170
8.725080490112305,0.04238751110713067,9.893353235646135,0.2617993877991417,0.0,-1.6067479721940583,170,160,160,160,160,160,170
8.735272884368896,0.04269892222474884,9.884724024021047,0.2617993877991417,0.0,-1.6067898265348535,170,160,160,160,160,160,170
8.745624303817749,0.04269892222474884,9.884724024021047,0.2617993877991417,0.0,-1.6067898265348535,170,160,160,160,160,160,170
8.762845277786255,0.04269892222474884,9.884724024021047,0.2617993877991417,0.0,-1.6067898265348535,170,160,160,160,160,160,170
8.773083925247192,0.04301094276322035,9.876084855851188,0.2617993877991417,0.0,-1.6068299706302578,170,160,160,160,160,160,170
8.7832932472229,0.04301094276322035,9.876084855851188,0.2617993877991417,0.0,-1.6068299706302578,170,170,170,160,160,170,170
8.793506622314453,0.04301094276322035,9.876084855851188,0.2617993877991417,0.0,-1.6068299706302578,170,170,170,160,160,170,170
8.803682327270508,0.043332955310085915,9.867172697496287,0.2617993877991417,0.0,-1.6068727449168778,170,170,170,160,160,170,170
8.81551742553711,0.043332955310085915,9.867172697496287,0.2617993877991417,0.0,-1.6068727449168778,170,170,170,160,160,170,170
8.82577919960022,0.043332955310085915,9.867172697496287,0.2617993877991417,0.0,-1.6068727449168778,170,170,170,160,160,170,170
8.836018323898315,0.04364589799674537,9.858512517374674,0.2617993877991417,0.0,-1.6069107700104521,170,170,170,160,160,160,170
8.846253633499146,0.04364589799674537,9.858512517374674,0.2617993877991417,0.0,-1.6069107700104521,170,170,170,160,160,160,170
8.864349603652954,0.04364589799674537,9.858512517374674,0.2617993877991417,0.0,-1.6069107700104521,170,170,170,160,160,160,170
8.874706745147705,0.043958605826562004,9.849845499566982,0.2617993877991417,0.0,-1.6069187363802007,170,170,170,160,160,160,170
8.884897232055664,0.043958605826562004,9.849845499566982,0.2617993877991417,0.0,-1.6069187363802007,170,170,160,160,160,160,160
8.895095109939575,0.043958605826562004,9.849845499566982,0.2617993877991417,0.0,-1.6069187363802007,170,170,160,160,160,160,160
8.905283451080322,0.04427859886263091,9.84091760629872,0.2617993877991417,0.0,-1.6068772058385783,170,170,160,160,160,160,160
8.915501356124878,0.04427859886263091,9.84091760629872,0.2617993877991417,0.0,-1.6068772058385783,170,170,160,160,160,160,160
8.925693273544312,0.04427859886263091,9.84091760629872,0.2617993877991417,0.0,-1.6068772058385783,170,170,160,160,160,160,160
8.93588924407959,0.04458816250983402,9.832259756208721,0.2617993877991417,0.0,-1.606880537867532,170,170,160,160,160,160,160
8.946191310882568,0.04458816250983402,9.832259756208721,0.2617993877991417,0.0,-1.606880537867532,170,160,160,160,160,160,160
8.965020656585693,0.04458816250983402,9.832259756208721,0.2617993877991417,0.0,-1.606880537867532,170,160,160,160,160,160,160
8.975411176681519,0.044902589288345375,9.823649994272724,0.2617993877991417,0.0,-1.6068460266936095,170,160,160,160,160,160,160
8.985596656799316,0.044902589288345375,9.823649994272724,0.2617993877991417,0.0,-1.6068460266936095,170,160,160,160,160,160,170
8.996394634246826,0.044902589288345375,9.823649994272724,0.2617993877991417,0.0,-1.6068460266936095,170,160,160,160,160,160,170
9.013575315475464,0.04522361648734304,9.814806992299735,0.2617993877991417,0.0,-1.6069743373063812,170,160,160,160,160,160,170
9.023769617080688,0.04522361648734304,9.814806992299735,0.2617993877991417,0.0,-1.6069743373063812,170,160,160,160,160,160,170
9.03396725654602,0.045536563055424306,9.806204593763766,0.2617993877991417,0.0,-1.6070231179121148,170,170,160,150,160,160,170
9.044185638427734,0.045536563055424306,9.806204593763766,0.2617993877991417,0.0,-1.6070231179121148,170,170,160,150,160,160,170
9.062037467956543,0.045536563055424306,9.806204593763766,0.2617993877991417,0.0,-1.6070231179121148,170,170,160,150,160,160,170
9.072298288345337,0.045849682175360534,9.797596161392425,0.2617993877991417,0.0,-1.607088004232114,170,170,160,150,160,160,170
9.082470417022705,0.045849682175360534,9.797596161392425,0.2617993877991417,0.0,-1.607088004232114,170,170,160,150,160,160,170
9.09265685081482,0.045849682175360534,9.797596161392425,0.2617993877991417,0.0,-1.607088004232114,170,160,160,150,150,160,150
9.102828979492188,0.04617344333799901,9.788715604174005,0.2617993877991417,0.0,-1.6071407132781248,170,160,160,150,150,160,150
9.115602493286133,0.04617344333799901,9.788715604174005,0.2617993877991417,0.0,-1.6071407132781248,170,160,160,150,150,160,150
9.125781297683716,0.04617344333799901,9.788715604174005,0.2617993877991417,0.0,-1.6071407132781248,170,160,160,150,150,160,150
9.13595986366272,0.04648827350205686,9.780085366762663,0.2617993877991417,0.0,-1.6071825847644654,170,170,160,160,160,150,150
9.146966457366943,0.04648827350205686,9.780085366762663,0.2617993877991417,0.0,-1.6071825847644654,170,170,160,160,160,150,150
9.162533044815063,0.04648827350205686,9.780085366762663,0.2617993877991417,0.0,-1.6071825847644654,170,170,160,160,160,150,150
9.172720909118652,0.046803711660031055,9.77144510563035,0.2617993877991417,0.0,-1.6072227644349542,170,170,160,160,160,150,150
9.182907342910767,0.046803711660031055,9.77144510563035,0.2617993877991417,0.0,-1.6072227644349542,170,170,160,160,160,150,150
9.193090915679932,0.046803711660031055,9.77144510563035,0.2617993877991417,0.0,-1.6072227644349542,170,160,160,160,160,150,150
9.203267574310303,0.047129241077209644,9.762531771540122,0.2617993877991417,0.0,-1.6072657836050288,170,160,160,160,160,150,150
9.214747667312622,0.047129241077209644,9.762531771540122,0.2617993877991417,0.0,-1.6072657836050288,170,160,160,160,160,150,150
9.224933862686157,0.047129241077209644,9.762531771540122,0.2617993877991417,0.0,-1.6072657836050288,170,160,160,160,160,150,150
9.235137462615967,0.047445551073219946,9.753870687251524,0.2617993877991417,0.0,-1.6073024289322855,170,160,150,150,160,150,150
9.245489835739136,0.047445551073219946,9.753870687251524,0.2617993877991417,0.0,-1.6073024289322855,170,160,150,150,160,150,150
9.25571870803833,0.047445551073219946,9.753870687251524,0.2617993877991417,0.0,-1.6073024289322855,170,160,150,150,160,150,150
9.26593279838562,0.04776151969312485,9.745203496561253,0.2617993877991417,0.0,-1.6073039626635008,170,160,150,150,160,150,150
9.276163339614868,0.04776151969312485,9.745203496561253,0.2617993877991417,0.0,-1.6073039626635008,170,160,150,150,160,150,150
9.286360025405884,0.04776151969312485,9.745203496561253,0.2617993877991417,0.0,-1.6073039626635008,160,160,160,160,160,150,160
9.296575546264648,0.04808461070518846,9.736276482958665,0.2617993877991417,0.0,-1.6072612642965214,160,160,160,160,160,150,160
9.315334796905518,0.04808461070518846,9.736276482958665,0.2617993877991417,0.0,-1.6072612642965214,160,160,160,160,160,150,160
9.325624227523804,0.04808461070518846,9.736276482958665,0.2617993877991417,0.0,-1.6072612642965214,160,160,160,160,160,150,160
9.335847854614258,0.048397596067156094,9.727620994105003,0.2617993877991417,0.0,-1.6072676258583236,150,150,160,140,160,150,160
9.346126556396484,0.048397596067156094,9.727620994105003,0.2617993877991417,0.0,-1.6072676258583236,150,150,160,140,160,150,160
9.36394715309143,0.048397596067156094,9.727620994105003,0.2617993877991417,0.0,-1.6072676258583236,150,150,160,140,160,150,160
9.374329328536987,0.04871592400734297,9.71901933263009,0.2617993877991417,0.0,-1.607257361340128,150,150,160,140,160,150,160
9.384535789489746,0.04871592400734297,9.71901933263009,0.2617993877991417,0.0,-1.607257361340128,150,150,160,140,160,150,160
9.395029544830322,0.04871592400734297,9.71901933263009,0.2617993877991417,0.0,-1.607257361340128,150,150,160,140,160,150,160
9.405257225036621,0.049040715983380716,9.71017228560275,0.2617993877991417,0.0,-1.6073571154556188,150,150,160,140,160,150,160
9.415489435195923,0.049040715983380716,9.71017228560275,0.2617993877991417,0.0,-1.6073571154556188,150,150,160,140,160,150,160
9.425663709640503,0.049040715983380716,9.71017228560275,0.2617993877991417,0.0,-1.6073571154556188,150,150,160,140,160,150,160
9.435847043991089,0.049356498161149676,9.701570723698527,0.2617993877991417,0.0,-1.6074168600931478,150,140,160,150,160,160,170
9.446043014526367,0.049356498161149676,9.701570723698527,0.2617993877991417,0.0,-1.6074168600931478,150,140,160,150,160,160,170
9.463052034378052,0.049356498161149676,9.701570723698527,0.2617993877991417,0.0,-1.6074168600931478,150,140,160,150,160,160,170
9.473363161087036,0.049673064661685515,9.692961196784255,0.2617993877991417,0.0,-1.6074813162665915,150,140,160,150,160,160,170
9.483568668365479,0.049673064661685515,9.692961196784255,0.2617993877991417,0.0,-1.6074813162665915,150,140,160,150,160,160,170
9.493805170059204,0.049673064661685515,9.692961196784255,0.2617993877991417,0.0,-1.6074813162665915,150,140,160,140,160,160,160
9.513549327850342,0.050000351910089405,9.68407928766829,0.2617993877991417,0.0,-1.6075318841743107,150,140,160,140,160,160,160
9.52375864982605,0.050000351910089405,9.68407928766829,0.2617993877991417,0.0,-1.6075318841743107,150,140,160,140,160,160,160
9.533974409103394,0.05031859419889402,9.675447968217796,0.2617993877991417,0.0,-1.6075738333739922,150,140,160,150,100,150,160
9.544170141220093,0.05031859419889402,9.675447968217796,0.2617993877991417,0.0,-1.6075738333739922,150,140,160,150,100,150,160
9.563192129135132,0.05031859419889402,9.675447968217796,0.2617993877991417,0.0,-1.6075738333739922,150,140,160,150,100,150,160
9.57397198677063,0.050637437292705936,9.666806534304257,0.2617993877991417,0.0,-1.6076141843093836,150,140,160,150,100,150,160
9.584157228469849,0.050637437292705936,9.666806534304257,0.2617993877991417,0.0,-1.6076141843093836,150,140,160,150,100,150,160
9.594349384307861,0.050637437292705936,9.666806534304257,0.2617993877991417,0.0,-1.6076141843093836,140,140,160,160,160,150,150
9.604517221450806,0.05096647236982164,9.657891980925395,0.2617993877991417,0.0,-1.6076573636009697,140,140,160,160,160,150,150
9.617289543151855,0.05096647236982164,9.657891980925395,0.2617993877991417,0.0,-1.6076573636009697,140,140,160,160,160,150,150
9.627466678619385,0.05096647236982164,9.657891980925395,0.2617993877991417,0.0,-1.6076573636009697,140,140,160,160,160,150,150
9.637643575668335,0.051286119822619006,9.64922998209805,0.2617993877991417,0.0,-1.6076921492635432,140,140,160,160,160,150,150
9.64791989326477,0.051286119822619006,9.64922998209805,0.2617993877991417,0.0,-1.6076921492635432,150,140,160,160,160,150,140
9.665037870407104,0.05160528108968023,9.640562734780847,0.2617993877991417,0.0,-1.6076867575499698,150,140,160,160,160,150,140
9.675257205963135,0.05160528108968023,9.640562734780847,0.2617993877991417,0.0,-1.6076867575499698,150,140,160,160,160,150,140
9.685442924499512,0.05160528108968023,9.640562734780847,0.2617993877991417,0.0,-1.6076867575499698,150,140,160,160,110,150,150
9.695656776428223,0.05160528108968023,9.640562734780847,0.2617993877991417,0.0,-1.6076867575499698,150,140,160,160,110,150,150
9.71473503112793,0.05193165920421187,9.631636617291171,0.2617993877991417,0.0,-1.6076451222971786,150,140,160,160,110,150,150
9.724926471710205,0.05193165920421187,9.631636617291171,0.2617993877991417,0.0,-1.6076451222971786,150,140,160,160,110,150,150
9.735114812850952,0.05224818578508413,9.622984507545352,0.2617993877991417,0.0,-1.6076485309981283,150,140,160,160,160,150,140
9.745311260223389,0.05224818578508413,9.622984507545352,0.2617993877991417,0.0,-1.6076485309981283,150,140,160,160,160,150,140
9.755502462387085,0.05224818578508413,9.622984507545352,0.2617993877991417,0.0,-1.6076485309981283,150,140,160,160,160,150,140
9.765684604644775,0.05256991676727968,9.614390510992845,0.2617993877991417,0.0,-1.6076705345628137,150,140,160,160,160,150,140
9.775860786437988,0.05256991676727968,9.614390510992845,0.2617993877991417,0.0,-1.6076705345628137,150,140,160,160,160,150,140
9.786040306091309,0.05256991676727968,9.614390510992845,0.2617993877991417,0.0,-1.6076705345628137,140,150,160,160,160,150,150
9.796236276626587,0.05256991676727968,9.614390510992845,0.2617993877991417,0.0,-1.6076705345628137,140,150,160,160,160,150,150
9.806409358978271,0.05289852293345243,9.605539001551064,0.2617993877991417,0.0,-1.607741465383799,140,150,160,160,160,150,150
9.816602230072021,0.05289852293345243,9.605539001551064,0.2617993877991417,0.0,-1.607741465383799,140,150,160,160,160,150,150
9.826792240142822,0.05289852293345243,9.605539001551064,0.2617993877991417,0.0,-1.607741465383799,140,150,160,160,160,150,150
9.836987972259521,0.05321723396790796,9.596937762618989,0.2617993877991417,0.0,-1.6078069910287804,140,140,160,160,160,160,150
9.847172260284424,0.05321723396790796,9.596937762618989,0.2617993877991417,0.0,-1.6078069910287804,140,140,160,160,160,160,150
9.864822149276733,0.053537213620560985,9.588327164824598,0.2617993877991417,0.0,-1.6078706421693318,140,140,160,160,160,160,150
9.875025272369385,0.053537213620560985,9.588327164824598,0.2617993877991417,0.0,-1.6078706421693318,140,140,160,160,160,160,150
9.885215759277344,0.053537213620560985,9.588327164824598,0.2617993877991417,0.0,-1.6078706421693318,140,140,160,160,150,160,130
9.89540433883667,0.053537213620560985,9.588327164824598,0.2617993877991417,0.0,-1.6078706421693318,140,140,160,160,150,160,130
9.91407561302185,0.053867990005720706,9.579443981493828,0.2617993877991417,0.0,-1.6079192747803743,140,140,160,160,150,160,130
9.92427945137024,0.053867990005720706,9.579443981493828,0.2617993877991417,0.0,-1.6079192747803743,140,140,160,160,150,160,130
9.934476613998413,0.05418960729934886,9.570811627900028,0.2617993877991417,0.0,-1.6079611499818889,140,130,160,160,160,150,130
9.944688081741333,0.05418960729934886,9.570811627900028,0.2617993877991417,0.0,-1.6079611499818889,140,130,160,160,160,150,130
9.954903602600098,0.05418960729934886,9.570811627900028,0.2617993877991417,0.0,-1.6079611499818889,140,130,160,160,160,150,130
9.965164184570312,0.05451181959372702,9.562169066387561,0.2617993877991417,0.0,-1.608001733684693,140,130,160,160,160,150,130
9.975378036499023,0.05451181959372702,9.562169066387561,0.2617993877991417,0.0,-1.608001733684693,140,130,160,160,160,150,130
9.985566139221191,0.05451181959372702,9.562169066387561,0.2617993877991417,0.0,-1.608001733684693,140,130,160,160,160,150,130
9.995752096176147,0.05451181959372702,9.562169066387561,0.2617993877991417,0.0,-1.608001733684693,150,130,160,160,160,150,130
10.015801191329956,0.05484432206818371,9.553253372488324,0.2617993877991417,0.0,-1.608044938559251,150,130,160,160,160,150,130
10.025999069213867,0.05484432206818371,9.553253372488324,0.2617993877991417,0.0,-1.608044938559251,150,130,160,160,160,150,130
10.03620457649231,0.055167264452093245,9.544590535565508,0.2617993877991417,0.0,-1.608077416081092,150,140,170,160,160,160,140
10.047050714492798,0.055167264452093245,9.544590535565508,0.2617993877991417,0.0,-1.608077416081092,150,140,170,160,160,160,140
10.063198328018188,0.055167264452093245,9.544590535565508,0.2617993877991417,0.0,-1.608077416081092,150,140,170,160,160,160,140
10.073554754257202,0.055489532741970035,9.535923422329915,0.2617993877991417,0.0,-1.6080649310726123,150,140,170,160,160,160,140
10.084333658218384,0.055489532741970035,9.535923422329915,0.2617993877991417,0.0,-1.6080649310726123,150,140,170,160,160,160,140
10.094658374786377,0.055489532741970035,9.535923422329915,0.2617993877991417,0.0,-1.6080649310726123,150,140,160,160,160,170,140
10.112565517425537,0.05581943727423853,9.526998217613748,0.2617993877991417,0.0,-1.608026853310453,150,140,160,160,160,170,140
10.122830152511597,0.05581943727423853,9.526998217613748,0.2617993877991417,0.0,-1.608026853310453,150,140,160,160,160,170,140
10.133030891418457,0.05613935244341905,9.518350659934605,0.2617993877991417,0.0,-1.6080202577183718,170,150,150,150,160,160,140
10.143248081207275,0.05613935244341905,9.518350659934605,0.2617993877991417,0.0,-1.6080202577183718,170,150,150,150,160,160,140
10.15345025062561,0.05613935244341905,9.518350659934605,0.2617993877991417,0.0,-1.6080202577183718,170,150,150,150,160,160,140
10.163652181625366,0.05646407945648206,9.509763610736217,0.2617993877991417,0.0,-1.6080805893120342,170,150,150,150,160,160,140
10.173848867416382,0.05646407945648206,9.509763610736217,0.2617993877991417,0.0,-1.6080805893120342,170,150,150,150,160,160,140
10.184032440185547,0.05646407945648206,9.509763610736217,0.2617993877991417,0.0,-1.6080805893120342,170,150,150,150,160,160,140
10.194303035736084,0.05646407945648206,9.509763610736217,0.2617993877991417,0.0,-1.6080805893120342,160,150,150,150,160,160,140
10.20450234413147,0.05679637614497893,9.500908095365727,0.2617993877991417,0.0,-1.6081299173814545,160,150,150,150,160,160,140
10.214690446853638,0.05679637614497893,9.500908095365727,0.2617993877991417,0.0,-1.6081299173814545,160,150,150,150,160,160,140
10.224894285202026,0.05679637614497893,9.500908095365727,0.2617993877991417,0.0,-1.6081299173814545,160,150,150,150,160,160,140
10.235070943832397,0.05711836167769695,9.492306242450006,0.2617993877991417,0.0,-1.6081962606608788,160,150,150,150,160,160,140
10.245268106460571,0.05711836167769695,9.492306242450006,0.2617993877991417,0.0,-1.6081962606608788,160,150,160,150,160,160,130
10.263586521148682,0.05711836167769695,9.492306242450006,0.2617993877991417,0.0,-1.6081962606608788,160,150,160,150,160,160,130
10.273871660232544,0.057441756141617506,9.483694511933106,0.2617993877991417,0.0,-1.608259021340549,160,150,160,150,160,160,130
10.284055948257446,0.057441756141617506,9.483694511933106,0.2617993877991417,0.0,-1.608259021340549,160,150,150,150,160,160,140
10.294270753860474,0.057441756141617506,9.483694511933106,0.2617993877991417,0.0,-1.608259021340549,160,150,150,150,160,160,140
10.304471015930176,0.05777601828316723,9.47481002025348,0.2617993877991417,0.0,-1.6083060114464083,160,150,150,150,160,160,140
10.314693450927734,0.05777601828316723,9.47481002025348,0.2617993877991417,0.0,-1.6083060114464083,160,150,150,150,160,160,140
10.324902057647705,0.05777601828316723,9.47481002025348,0.2617993877991417,0.0,-1.6083060114464083,160,150,150,150,160,160,140
10.335116147994995,0.05810100582639462,9.466176562219523,0.2617993877991417,0.0,-1.6083477900713592,160,160,140,130,160,160,140
10.34547758102417,0.05810100582639462,9.466176562219523,0.2617993877991417,0.0,-1.6083477900713592,160,160,140,130,160,160,140
10.355786323547363,0.05810100582639462,9.466176562219523,0.2617993877991417,0.0,-1.6083477900713592,160,160,140,130,160,160,140
10.3660569190979,0.05842658388783365,9.457532799684701,0.2617993877991417,0.0,-1.6083887113249338,160,160,140,130,160,160,140
10.376271486282349,0.05842658388783365,9.457532799684701,0.2617993877991417,0.0,-1.6083887113249338,160,160,140,130,160,160,140
10.386470556259155,0.05842658388783365,9.457532799684701,0.2617993877991417,0.0,-1.6083887113249338,140,160,140,130,160,150,150
10.396798849105835,0.05876254725347461,9.44861593725129,0.2617993877991417,0.0,-1.6084317822653875,140,160,140,130,160,150,150
10.407067060470581,0.05876254725347461,9.44861593725129,0.2617993877991417,0.0,-1.6084317822653875,140,160,140,130,160,150,150
10.417236804962158,0.05876254725347461,9.44861593725129,0.2617993877991417,0.0,-1.6084317822653875,140,160,140,130,160,150,150
10.42749571800232,0.05876254725347461,9.44861593725129,0.2617993877991417,0.0,-1.6084317822653875,140,160,140,130,160,150,150
10.437690258026123,0.05908877556803669,9.43995228061507,0.2617993877991417,0.0,-1.6084611976021859,140,170,160,160,160,150,140
10.447869539260864,0.05908877556803669,9.43995228061507,0.2617993877991417,0.0,-1.6084611976021859,140,170,160,160,160,150,140
10.464608907699585,0.05941410484752799,9.431285422994504,0.2617993877991417,0.0,-1.6084415303406814,140,170,160,160,160,150,140
10.474806785583496,0.05941410484752799,9.431285422994504,0.2617993877991417,0.0,-1.6084415303406814,140,170,160,160,160,150,140
10.484988451004028,0.05941410484752799,9.431285422994504,0.2617993877991417,0.0,-1.6084415303406814,140,170,160,160,160,150,140
10.49518084526062,0.05941410484752799,9.431285422994504,0.2617993877991417,0.0,-1.6084415303406814,140,160,160,160,150,140,140
10.512058734893799,0.05974776517405485,9.422361124835689,0.2617993877991417,0.0,-1.6084090080476816,140,160,160,160,150,140,140
10.522273063659668,0.05974776517405485,9.422361124835689,0.2617993877991417,0.0,-1.6084090080476816,140,160,160,160,150,140,140
10.53246259689331,0.06007101074778117,9.413719435314913,0.2617993877991417,0.0,-1.6083861471208512,140,160,160,160,150,140,140
10.542678833007812,0.06007101074778117,9.413719435314913,0.2617993877991417,0.0,-1.6083861471208512,140,130,150,170,160,160,140
10.552868604660034,0.06007101074778117,9.413719435314913,0.2617993877991417,0.0,-1.6083861471208512,140,130,150,170,160,160,140
10.564854145050049,0.06039843514634398,9.405137834120545,0.2617993877991417,0.0,-1.6084848060778922,140,130,150,170,160,160,140
10.575066089630127,0.06039843514634398,9.405137834120545,0.2617993877991417,0.0,-1.6084848060778922,140,130,150,170,160,160,140
10.585260391235352,0.06039843514634398,9.405137834120545,0.2617993877991417,0.0,-1.6084848060778922,140,130,150,170,160,160,140
10.595474004745483,0.06039843514634398,9.405137834120545,0.2617993877991417,0.0,-1.6084848060778922,140,140,150,170,160,160,140
10.612273693084717,0.0607343682941972,9.396278791131213,0.2617993877991417,0.0,-1.6085182452412585,140,140,150,170,160,160,140
10.622473239898682,0.0607343682941972,9.396278791131213,0.2617993877991417,0.0,-1.6085182452412585,140,140,150,170,160,160,140
10.632682085037231,0.06105981485460493,9.38767589868812,0.2617993877991417,0.0,-1.6085835159282922,150,130,160,160,160,160,150
10.643088102340698,0.06105981485460493,9.38767589868812,0.2617993877991417,0.0,-1.6085835159282922,150,130,160,160,160,160,150
10.653297424316406,0.06105981485460493,9.38767589868812,0.2617993877991417,0.0,-1.6085835159282922,150,130,160,160,160,160,150
10.664117813110352,0.0613866160470452,9.379063063517332,0.2617993877991417,0.0,-1.6086449693213032,150,130,160,160,160,160,150
10.674327850341797,0.0613866160470452,9.379063063517332,0.2617993877991417,0.0,-1.6086449693213032,150,130,160,160,160,160,150
10.684509038925171,0.0613866160470452,9.379063063517332,0.2617993877991417,0.0,-1.6086449693213032,150,140,160,160,160,160,160
10.69471001625061,0.0613866160470452,9.379063063517332,0.2617993877991417,0.0,-1.6086449693213032,150,140,160,160,160,160,160
10.71217155456543,0.06172433014730864,9.370177356518123,0.2617993877991417,0.0,-1.6086906308755804,150,140,160,160,160,160,160
10.72237491607666,0.06172433014730864,9.370177356518123,0.2617993877991417,0.0,-1.6086906308755804,150,140,160,160,160,160,160
10.732589960098267,0.06205266762204465,9.361542849028316,0.2617993877991417,0.0,-1.608732240700939,160,150,160,160,160,160,160
10.742787837982178,0.06205266762204465,9.361542849028316,0.2617993877991417,0.0,-1.608732240700939,160,150,160,160,160,160,160
10.752976417541504,0.06205266762204465,9.361542849028316,0.2617993877991417,0.0,-1.608732240700939,160,150,160,160,160,160,160
10.77044129371643,0.06205266762204465,9.361542849028316,0.2617993877991417,0.0,-1.608732240700939,160,150,160,160,160,160,160
10.780820369720459,0.06238159079514524,9.352897937543343,0.2617993877991417,0.0,-1.6087735249025823,160,150,160,160,160,160,160
10.791118621826172,0.06238159079514524,9.352897937543343,0.2617993877991417,0.0,-1.6087735249025823,160,150,160,160,160,160,160
10.801460027694702,0.06272099171181553,9.343979991825469,0.2617993877991417,0.0,-1.6088162955981482,160,160,160,160,160,160,160
10.821455001831055,0.06272099171181553,9.343979991825469,0.2617993877991417,0.0,-1.6088162955981482,160,160,160,160,160,160,160
10.831796884536743,0.06305048662541016,9.335315649627777,0.2617993877991417,0.0,-1.6088419451827156,160,160,160,160,160,160,160
10.84205412864685,0.06305048662541016,9.335315649627777,0.2617993877991417,0.0,-1.6088419451827156,160,150,150,150,160,160,160
10.852257251739502,0.06305048662541016,9.335315649627777,0.2617993877991417,0.0,-1.6088419451827156,160,150,150,150,160,160,160
10.865695714950562,0.06337883052562131,9.326649210809926,0.2617993877991417,0.0,-1.6088156046303057,160,150,150,150,160,160,160
10.875935316085815,0.06337883052562131,9.326649210809926,0.2617993877991417,0.0,-1.6088156046303057,160,150,150,150,160,160,160
10.886155128479004,0.06337883052562131,9.326649210809926,0.2617993877991417,0.0,-1.6088156046303057,160,140,160,160,160,160,160
10.896975994110107,0.06337883052562131,9.326649210809926,0.2617993877991417,0.0,-1.6088156046303057,160,140,160,160,160,160,160
10.912761926651001,0.06371610735226063,9.317725817358006,0.2617993877991417,0.0,-1.6087900253666276,160,140,160,160,160,160,160
10.922966003417969,0.06371610735226063,9.317725817358006,0.2617993877991417,0.0,-1.6087900253666276,160,140,160,160,160,160,160
10.933172941207886,0.06404315032438408,9.309091129951202,0.2617993877991417,0.0,-1.6087489000495208,160,140,160,160,160,160,160
10.94344711303711,0.06404315032438408,9.309091129951202,0.2617993877991417,0.0,-1.6087489000495208,160,130,160,160,160,160,160
10.963417530059814,0.06404315032438408,9.309091129951202,0.2617993877991417,0.0,-1.6087489000495208,160,130,160,160,160,160,160
10.973637819290161,0.06437288786694914,9.300512790593125,0.2617993877991417,0.0,-1.6088794243625382,160,130,160,160,160,160,160
10.983831644058228,0.06437288786694914,9.300512790593125,0.2617993877991417,0.0,-1.6088794243625382,160,120,160,160,160,160,150
10.994120597839355,0.06437288786694914,9.300512790593125,0.2617993877991417,0.0,-1.6088794243625382,160,120,160,160,160,160,150
11.004346370697021,0.06471242691483042,9.291650988206877,0.2617993877991417,0.0,-1.6089033929313357,160,120,160,160,160,160,150
11.014538764953613,0.06471242691483042,9.291650988206877,0.2617993877991417,0.0,-1.6089033929313357,160,120,160,160,160,160,150
11.024730920791626,0.06471242691483042,9.291650988206877,0.2617993877991417,0.0,-1.6089033929313357,160,120,160,160,160,160,150
11.034913301467896,0.06504136739991705,9.283046940923601,0.2617993877991417,0.0,-1.6089683210494008,160,150,150,140,160,160,150
11.045292377471924,0.06504136739991705,9.283046940923601,0.2617993877991417,0.0,-1.6089683210494008,160,150,150,140,160,160,150
11.06501030921936,0.06504136739991705,9.283046940923601,0.2617993877991417,0.0,-1.6089683210494008,160,150,150,140,160,160,150
11.07521390914917,0.06537158864085804,9.274432887104407,0.2617993877991417,0.0,-1.6090278919501049,160,150,150,140,160,160,150
11.085395812988281,0.06537158864085804,9.274432887104407,0.2617993877991417,0.0,-1.6090278919501049,160,150,150,140,160,160,150
11.095575094223022,0.06537158864085804,9.274432887104407,0.2617993877991417,0.0,-1.6090278919501049,160,150,160,160,160,160,150
11.105860471725464,0.06571269877234923,9.265545973348257,0.2617993877991417,0.0,-1.609072840282062,160,150,160,160,160,160,150
11.117222309112549,0.06571269877234923,9.265545973348257,0.2617993877991417,0.0,-1.609072840282062,160,150,160,160,160,160,150
11.128163576126099,0.06571269877234923,9.265545973348257,0.2617993877991417,0.0,-1.609072840282062,160,150,160,160,160,160,150
11.138358354568481,0.06604436983859216,9.25691035299604,0.2617993877991417,0.0,-1.609114294076731,160,150,160,160,160,160,150
11.14855146408081,0.06604436983859216,9.25691035299604,0.2617993877991417,0.0,-1.609114294076731,160,150,160,170,160,170,160
11.168675661087036,0.06604436983859216,9.25691035299604,0.2617993877991417,0.0,-1.609114294076731,160,150,160,170,160,170,160
11.17997431755066,0.06637661874909133,9.248264218793572,0.2617993877991417,0.0,-1.609156037754006,160,150,160,170,160,170,160
11.190360069274902,0.06637661874909133,9.248264218793572,0.2617993877991417,0.0,-1.609156037754006,160,150,160,170,160,170,160
11.20066213607788,0.06671943559550464,9.239345167036063,0.2617993877991417,0.0,-1.6091983308193223,160,150,170,170,160,170,160
11.211033821105957,0.06671943559550464,9.239345167036063,0.2617993877991417,0.0,-1.6091983308193223,160,150,170,170,160,170,160
11.223281145095825,0.06671943559550464,9.239345167036063,0.2617993877991417,0.0,-1.6091983308193223,160,150,170,170,160,170,160
11.233642101287842,0.06705216987911566,9.2306802063679,0.2617993877991417,0.0,-1.6092193444290752,160,150,170,170,160,170,160
11.243964672088623,0.06705216987911566,9.2306802063679,0.2617993877991417,0.0,-1.6092193444290752,160,150,170,170,160,170,160
11.254420518875122,0.06705216987911566,9.2306802063679,0.2617993877991417,0.0,-1.6092193444290752,160,120,170,160,160,160,160
11.269229888916016,0.06705216987911566,9.2306802063679,0.2617993877991417,0.0,-1.6092193444290752,160,120,170,160,160,160,160
11.27965497970581,0.06738348062726592,9.222014289510266,0.2617993877991417,0.0,-1.609186976057764,160,120,170,160,160,160,160
11.290100336074829,0.06738348062726592,9.222014289510266,0.2617993877991417,0.0,-1.609186976057764,160,120,170,160,160,160,160
11.300380945205688,0.0677239042400034,9.213091858806271,0.2617993877991417,0.0,-1.6091689736879378,160,140,160,160,150,160,160
11.315805673599243,0.0677239042400034,9.213091858806271,0.2617993877991417,0.0,-1.6091689736879378,160,140,160,160,150,160,160
11.326022386550903,0.0677239042400034,9.213091858806271,0.2617993877991417,0.0,-1.6091689736879378,160,140,160,160,150,160,160
11.33641767501831,0.06805543459450686,9.20446478651862,0.2617993877991417,0.0,-1.6091152824033943,160,160,160,160,160,160,140
11.346670627593994,0.06805543459450686,9.20446478651862,0.2617993877991417,0.0,-1.6091152824033943,160,160,160,160,160,160,140
11.363612413406372,0.06805543459450686,9.20446478651862,0.2617993877991417,0.0,-1.6091152824033943,160,160,160,160,160,160,140
11.373925685882568,0.0683873183174312,9.195887598815592,0.2617993877991417,0.0,-1.6092644931690652,160,160,160,160,160,160,140
11.384112358093262,0.0683873183174312,9.195887598815592,0.2617993877991417,0.0,-1.6092644931690652,160,160,160,160,160,160,140
11.394320726394653,0.0683873183174312,9.195887598815592,0.2617993877991417,0.0,-1.6092644931690652,160,160,160,160,160,170,130
11.414400815963745,0.06873039672201847,9.187024212513812,0.2617993877991417,0.0,-1.609286887607092,160,160,160,160,160,170,130
11.424625158309937,0.06873039672201847,9.187024212513812,0.2617993877991417,0.0,-1.609286887607092,160,160,160,160,160,170,130
11.434811353683472,0.06906279541685541,9.17841913664992,0.2617993877991417,0.0,-1.6093523324299663,160,140,160,160,160,170,160
11.445016860961914,0.06906279541685541,9.17841913664992,0.2617993877991417,0.0,-1.6093523324299663,160,140,160,160,160,170,160
11.462010860443115,0.06906279541685541,9.17841913664992,0.2617993877991417,0.0,-1.6093523324299663,160,140,160,160,160,170,160
11.472220420837402,0.0693964161539515,9.169803902069503,0.2617993877991417,0.0,-1.6094099045844086,160,140,160,160,160,170,160
11.482418298721313,0.0693964161539515,9.169803902069503,0.2617993877991417,0.0,-1.6094099045844086,160,140,160,160,160,170,160
11.492618799209595,0.0693964161539515,9.169803902069503,0.2617993877991417,0.0,-1.6094099045844086,160,150,160,160,160,160,160
11.502944946289062,0.06974091560020734,9.160915890228395,0.2617993877991417,0.0,-1.609454440539841,160,150,160,160,160,160,160
11.513530254364014,0.06974091560020734,9.160915890228395,0.2617993877991417,0.0,-1.609454440539841,160,150,160,160,160,160,160
11.523724555969238,0.06974091560020734,9.160915890228395,0.2617993877991417,0.0,-1.609454440539841,160,150,160,160,160,160,160
11.533925771713257,0.07007591471615718,9.152279216507377,0.2617993877991417,0.0,-1.6094957199969746,160,150,170,170,160,160,160
11.544120788574219,0.07007591471615718,9.152279216507377,0.2617993877991417,0.0,-1.6094957199969746,160,150,170,170,160,160,160
11.55430555343628,0.07007591471615718,9.152279216507377,0.2617993877991417,0.0,-1.6094957199969746,160,150,170,170,160,160,160
11.564776420593262,0.07041148101516588,9.1436319314877,0.2617993877991417,0.0,-1.6095378389932813,160,150,170,170,160,160,160
11.57498049736023,0.07041148101516588,9.1436319314877,0.2617993877991417,0.0,-1.6095378389932813,160,150,170,170,160,160,160
11.585195064544678,0.07041148101516588,9.1436319314877,0.2617993877991417,0.0,-1.6095378389932813,160,150,170,170,160,160,160
11.595404624938965,0.07041148101516588,9.1436319314877,0.2617993877991417,0.0,-1.6095378389932813,160,150,170,170,160,160,160
11.614477157592773,0.07075770427563773,9.134711876121205,0.2617993877991417,0.0,-1.6095793685218993,160,150,170,170,160,160,160
11.624767541885376,0.07075770427563773,9.134711876121205,0.2617993877991417,0.0,-1.6095793685218993,160,150,170,170,160,160,160
11.634978294372559,0.0710936602322339,9.12604646063496,0.2617993877991417,0.0,-1.6095950115658584,170,150,170,160,150,160,160
11.645174741744995,0.0710936602322339,9.12604646063496,0.2617993877991417,0.0,-1.6095950115658584,170,150,170,160,150,160,160
11.655403852462769,0.0710936602322339,9.12604646063496,0.2617993877991417,0.0,-1.6095950115658584,170,150,170,160,150,160,160
11.665598630905151,0.0714278956676584,9.117381193701856,0.2617993877991417,0.0,-1.609557604251112,170,150,170,160,150,160,160
11.676448106765747,0.0714278956676584,9.117381193701856,0.2617993877991417,0.0,-1.609557604251112,170,150,170,160,150,160,160
11.686646699905396,0.0714278956676584,9.117381193701856,0.2617993877991417,0.0,-1.609557604251112,170,150,170,160,150,170,160
11.696837186813354,0.07177123863835994,9.108459939214447,0.2617993877991417,0.0,-1.6095472091745424,170,150,170,160,150,170,160
11.715083837509155,0.07177123863835994,9.108459939214447,0.2617993877991417,0.0,-1.6095472091745424,170,150,170,160,150,170,160
11.725275993347168,0.07177123863835994,9.108459939214447,0.2617993877991417,0.0,-1.6095472091745424,170,150,170,160,150,170,160
11.735475778579712,0.07210739035044787,9.099840806626936,0.2617993877991417,0.0,-1.6094905803114006,170,150,160,160,150,150,160
11.745671272277832,0.07210739035044787,9.099840806626936,0.2617993877991417,0.0,-1.6094905803114006,170,150,160,160,150,150,160
11.755882501602173,0.07210739035044787,9.099840806626936,0.2617993877991417,0.0,-1.6094905803114006,170,150,160,160,150,150,160
11.766075134277344,0.0724418111478654,9.091262774039162,0.2617993877991417,0.0,-1.609641148200981,170,150,160,160,150,150,160
11.77627968788147,0.0724418111478654,9.091262774039162,0.2617993877991417,0.0,-1.609641148200981,170,150,160,160,150,150,160
11.786758184432983,0.0724418111478654,9.091262774039162,0.2617993877991417,0.0,-1.609641148200981,170,150,160,160,150,150,160
11.797003269195557,0.07278830918432397,9.08239935355361,0.2617993877991417,0.0,-1.6096728813621075,170,150,170,170,150,150,160
11.812055587768555,0.07278830918432397,9.08239935355361,0.2617993877991417,0.0,-1.6096728813621075,170,150,170,170,150,150,160
11.822251081466675,0.07278830918432397,9.08239935355361,0.2617993877991417,0.0,-1.6096728813621075,170,150,170,170,150,150,160
11.832444190979004,0.07312415423591476,9.0737932711067,0.2617993877991417,0.0,-1.609739350314208,170,150,170,170,150,150,160
11.84266185760498,0.07312415423591476,9.0737932711067,0.2617993877991417,0.0,-1.609739350314208,160,160,170,160,150,140,160
11.852907419204712,0.07312415423591476,9.0737932711067,0.2617993877991417,0.0,-1.609739350314208,160,160,170,160,150,140,160
11.863250970840454,0.07346117757848435,9.065176828763907,0.2617993877991417,0.0,-1.6097953299964127,160,160,170,160,150,140,160
11.873475790023804,0.07346117757848435,9.065176828763907,0.2617993877991417,0.0,-1.6097953299964127,160,160,170,160,150,140,160
11.883657455444336,0.07346117757848435,9.065176828763907,0.2617993877991417,0.0,-1.6097953299964127,160,140,170,170,150,150,160
11.894112586975098,0.07346117757848435,9.065176828763907,0.2617993877991417,0.0,-1.6097953299964127,160,140,170,170,150,150,160
11.904292583465576,0.07380912112123274,9.056287680003077,0.2617993877991417,0.0,-1.609839688893958,160,140,170,170,150,150,160
11.91489028930664,0.07380912112123274,9.056287680003077,0.2617993877991417,0.0,-1.609839688893958,160,140,170,170,150,150,160
11.925076961517334,0.07380912112123274,9.056287680003077,0.2617993877991417,0.0,-1.609839688893958,160,140,170,170,150,150,160
11.935259819030762,0.0741474813784265,9.047649886787116,0.2617993877991417,0.0,-1.609880901495037,160,140,170,170,150,150,160
11.94553518295288,0.0741474813784265,9.047649886787116,0.2617993877991417,0.0,-1.609880901495037,150,160,170,170,160,170,160
11.955729484558105,0.0741474813784265,9.047649886787116,0.2617993877991417,0.0,-1.609880901495037,150,160,170,170,160,170,160
11.965962409973145,0.07448639949877985,9.03900141828007,0.2617993877991417,0.0,-1.6099232506941372,150,160,170,170,160,170,160
11.976159811019897,0.07448639949877985,9.03900141828007,0.2617993877991417,0.0,-1.6099232506941372,150,160,170,170,160,170,160
11.986366748809814,0.07448639949877985,9.03900141828007,0.2617993877991417,0.0,-1.6099232506941372,150,160,170,170,160,160,140
11.997056007385254,0.07483605300987574,9.03008036187715,0.2617993877991417,0.0,-1.6099635425124312,150,160,170,170,160,160,140
12.012784481048584,0.07483605300987574,9.03008036187715,0.2617993877991417,-0.05235987755982833,-1.6099635425124312,150,160,170,170,160,160,140
12.023016929626465,0.07483605300987574,9.03008036187715,0.2617993877991417,-0.05235987755982833,-1.6099635425124312,150,160,170,170,160,160,140
12.03319764137268,0.07517524381746288,9.021414585872805,0.2617993877991417,-0.06981317007977111,-1.6099729541014596,150,160,170,170,160,160,140
12.043437480926514,0.07517524381746288,9.021414585872805,0.2617993877991417,-0.10471975511965666,-1.6099729541014596,140,150,180,180,160,150,140
12.053661108016968,0.07517524381746288,9.021414585872805,0.2617993877991417,-0.10471975511965666,-1.6099729541014596,140,150,180,180,160,150,140
12.06413197517395,0.07517524381746288,9.021414585872805,0.2617993877991417,-0.12217304763959944,-1.6099729541014596,140,150,180,180,160,150,140
12.074318170547485,0.07550877721435124,9.012711376815815,0.2617993877991417,-0.157079632679485,-1.6081452715207094,140,150,180,180,160,150,140
12.084501266479492,0.07550877721435124,9.012711376815815,0.2617993877991417,-0.157079632679485,-1.6081452715207094,150,160,180,170,160,160,150
12.094678163528442,0.07550877721435124,9.012711376815815,0.2617993877991417,-0.17453292519942779,-1.6081452715207094,150,160,180,170,160,160,150
12.113324642181396,0.07583027896225773,9.003711646299305,0.2617993877991417,-0.20943951023931331,-1.6046648627929667,150,160,180,170,160,160,150
12.123537302017212,0.07583027896225773,9.003711646299305,0.2617993877991417,-0.20943951023931331,-1.6046648627929667,150,160,180,170,160,160,150
12.133732318878174,0.07610908310984385,8.995020167022034,0.2617993877991417,-0.20943951023931331,-1.6004050550028357,140,170,180,170,160,170,150
12.144062280654907,0.07610908310984385,8.995020167022034,0.2617993877991417,-0.2268928027592561,-1.6004050550028357,140,170,180,170,160,170,150
12.154253721237183,0.07610908310984385,8.995020167022034,0.2617993877991417,-0.2268928027592561,-1.6004050550028357,140,170,180,170,160,170,150
12.164908647537231,0.07634250477988361,8.986456546001683,0.2617993877991417,-0.2268928027592561,-1.594402604407033,140,170,180,170,160,170,150
12.175110816955566,0.07634250477988361,8.986456546001683,0.2617993877991417,-0.2268928027592561,-1.594402604407033,140,170,180,170,160,170,150
12.185300588607788,0.07634250477988361,8.986456546001683,0.2617993877991417,-0.05235987755982833,-1.594402604407033,140,170,180,170,160,170,150
12.195480346679688,0.07634250477988361,8.986456546001683,0.2617993877991417,-0.05235987755982833,-1.594402604407033,140,160,180,170,150,170,150
12.215144872665405,0.07651950501373558,8.977546712280912,0.2617993877991417,0.0,-1.5868899528962614,140,160,180,170,150,170,150
12.225411891937256,0.07651950501373558,8.977546712280912,0.2617993877991417,0.0,-1.5868899528962614,140,160,180,170,150,170,150
12.235586643218994,0.07664200486798212,8.968924828311636,0.2617993877991417,0.0,-1.5844250893029939,130,150,180,180,160,160,150
12.245775699615479,0.07664200486798212,8.968924828311636,0.2617993877991417,0.0,-1.5844250893029939,130,150,180,180,160,160,150
12.255957126617432,0.07664200486798212,8.968924828311636,0.2617993877991417,0.0,-1.5844250893029939,130,150,180,180,160,160,150
12.268141031265259,0.07664200486798212,8.968924828311636,0.2617993877991417,0.0,-1.5844250893029939,130,150,180,180,160,160,150
12.278324365615845,0.07676094144527185,8.960313837385648,0.2617993877991417,0.0,-1.5846861745806324,130,150,180,180,160,160,150
12.288589239120483,0.07676094144527185,8.960313837385648,0.2617993877991417,0.0,-1.5846861745806324,130,150,170,180,150,140,150
12.29877519607544,0.07688540403619272,8.951417228617066,0.2617993877991417,0.0,-1.5847075214394994,130,150,170,180,150,140,150
12.308985948562622,0.07688540403619272,8.951417228617066,0.2617993877991417,0.0,-1.5847075214394994,130,150,170,180,150,140,150
12.319155931472778,0.07688540403619272,8.951417228617066,0.2617993877991417,0.0,-1.5847075214394994,130,150,170,180,150,140,150
12.32947826385498,0.0770065483992505,8.942772075305955,0.2617993877991417,0.0,-1.5847267395851787,130,150,170,180,150,140,150
12.339697360992432,0.0770065483992505,8.942772075305955,0.2617993877991417,0.0,-1.5847267395851787,130,160,170,180,150,140,150
12.350002765655518,0.0770065483992505,8.942772075305955,0.2617993877991417,0.0,-1.5847267395851787,130,160,170,180,150,140,150
12.364817142486572,0.0770065483992505,8.942772075305955,0.2617993877991417,0.0,-1.5847267395851787,130,160,170,180,150,140,150
12.375282764434814,0.0771277951601185,8.934116151349569,0.2617993877991417,0.0,-1.584749106113379,130,160,170,180,150,140,150
12.38548231124878,0.0771277951601185,8.934116151349569,0.2617993877991417,0.0,-1.584749106113379,130,150,170,140,140,150,150
12.39587926864624,0.0771277951601185,8.934116151349569,0.2617993877991417,0.0,-1.584749106113379,130,150,170,140,140,150,150
12.406328916549683,0.07725269133514866,8.925187258155624,0.2617993877991417,0.0,-1.5847734283687374,130,150,170,140,140,150,150
12.416550397872925,0.07725269133514866,8.925187258155624,0.2617993877991417,0.0,-1.5847734283687374,130,150,170,140,140,150,150
12.42672872543335,0.07725269133514866,8.925187258155624,0.2617993877991417,0.0,-1.5847734283687374,130,150,170,140,140,150,150
12.436937808990479,0.07737339680617439,8.916513336121938,0.2617993877991417,0.0,-1.5847827684170803,130,150,180,180,150,160,160
12.447852611541748,0.07737339680617439,8.916513336121938,0.2617993877991417,0.0,-1.5847827684170803,130,150,180,180,150,160,160
12.465064525604248,0.0774920327824383,8.907843458445207,0.2617993877991417,0.0,-1.5847753778810898,130,150,180,180,150,160,160
12.475273847579956,0.0774920327824383,8.907843458445207,0.2617993877991417,0.0,-1.5847753778810898,130,150,180,180,150,160,160
12.485475063323975,0.0774920327824383,8.907843458445207,0.2617993877991417,0.0,-1.5847753778810898,160,150,180,190,180,180,170
12.495668411254883,0.0774920327824383,8.907843458445207,0.2617993877991417,0.0,-1.5847753778810898,160,150,180,190,180,180,170
12.513224601745605,0.0776091248192744,8.89892187992799,0.2617993877991417,0.0,-1.5848612956785564,160,150,180,190,180,180,170
12.523436784744263,0.0776091248192744,8.89892187992799,0.2617993877991417,0.0,-1.5848612956785564,160,150,180,190,180,180,170
12.533632755279541,0.07773677579158107,8.890322873578786,0.2617993877991417,0.0,-1.5850460035243132,180,160,180,190,190,190,190
12.544017314910889,0.07773677579158107,8.890322873578786,0.2617993877991417,0.0,-1.5850460035243132,180,160,180,190,190,190,190
12.554259300231934,0.07773677579158107,8.890322873578786,0.2617993877991417,0.0,-1.5850460035243132,180,160,180,190,190,190,190
12.564721822738647,0.07786067506212326,8.881724666596583,0.2617993877991417,0.0,-1.585090720447546,180,160,180,190,190,190,190
12.574935913085938,0.07786067506212326,8.881724666596583,0.2617993877991417,0.0,-1.585090720447546,180,160,180,190,190,190,190
12.585145950317383,0.07786067506212326,8.881724666596583,0.2617993877991417,0.0,-1.585090720447546,180,190,190,190,190,190,190
12.595346927642822,0.07786067506212326,8.881724666596583,0.2617993877991417,0.0,-1.585090720447546,180,190,190,190,190,190,190
12.612722396850586,0.07798794209718204,8.872859194302093,0.2617993877991417,0.0,-1.5851323449788346,180,190,190,190,190,190,190
12.622921466827393,0.07798794209718204,8.872859194302093,0.2617993877991417,0.0,-1.5851323449788346,180,190,190,190,190,190,190
12.633125305175781,0.07811259536015451,8.864244382120525,0.2617993877991417,0.0,-1.5851628634836725,180,190,190,180,190,190,190
12.643319606781006,0.07811259536015451,8.864244382120525,0.2617993877991417,0.0,-1.5851628634836725,180,190,190,180,190,190,190
12.653501033782959,0.07811259536015451,8.864244382120525,0.2617993877991417,0.0,-1.5851628634836725,180,190,190,180,190,190,190
12.667819261550903,0.07811259536015451,8.864244382120525,0.2617993877991417,0.0,-1.5851628634836725,180,190,190,180,190,190,190
12.678049087524414,0.0782375767743667,8.855618270150593,0.2617993877991417,0.0,-1.585185292565991,180,190,190,180,190,190,190
12.688418626785278,0.0782375767743667,8.855618270150593,0.2617993877991417,0.0,-1.585185292565991,180,190,190,180,190,190,190
12.698761940002441,0.0783665847412213,8.846720471292082,0.2617993877991417,0.0,-1.5852066552486506,180,190,190,190,190,190,190
12.716062068939209,0.0783665847412213,8.846720471292082,0.2617993877991417,0.0,-1.5852066552486506,180,190,190,190,190,190,190
12.726279497146606,0.0783665847412213,8.846720471292082,0.2617993877991417,0.0,-1.5852066552486506,180,190,190,190,190,190,190
12.736514806747437,0.07849204467435561,8.838074091410107,0.2617993877991417,0.0,-1.585226112789753,180,190,190,190,190,190,190
12.74675965309143,0.07849204467435561,8.838074091410107,0.2617993877991417,0.0,-1.585226112789753,190,190,190,190,190,190,190
12.762030124664307,0.07849204467435561,8.838074091410107,0.2617993877991417,0.0,-1.585226112789753,190,190,190,190,190,190,190
12.772326469421387,0.07861760379711007,8.829416877343366,0.2617993877991417,0.0,-1.5852491936938655,190,190,190,190,190,190,190
12.782535552978516,0.07861760379711007,8.829416877343366,0.2617993877991417,0.0,-1.5852491936938655,180,180,190,180,190,190,190
12.792738676071167,0.07861760379711007,8.829416877343366,0.2617993877991417,0.0,-1.5852491936938655,180,180,190,180,190,190,190
12.802958965301514,0.07874688567801601,8.820486886252112,0.2617993877991417,0.0,-1.585273130539603,180,180,190,180,190,190,190
12.814361333847046,0.07874688567801601,8.820486886252112,0.2617993877991417,0.0,-1.585273130539603,180,180,190,180,190,190,190
12.824785470962524,0.07874688567801601,8.820486886252112,0.2617993877991417,0.0,-1.585273130539603,180,180,190,180,190,190,190
12.835355520248413,0.07887186606473798,8.811812659024552,0.2617993877991417,0.0,-1.5852793430156777,130,140,180,180,180,180,170
12.84567379951477,0.07887186606473798,8.811812659024552,0.2617993877991417,0.0,-1.5852793430156777,130,140,180,180,180,180,170
12.861295223236084,0.07887186606473798,8.811812659024552,0.2617993877991417,0.0,-1.5852793430156777,130,140,180,180,180,180,170
12.872776985168457,0.07899406753088886,8.803144108595191,0.2617993877991417,0.0,-1.5852737635073713,130,140,180,180,180,180,170
12.883073568344116,0.07899406753088886,8.803144108595191,0.2617993877991417,0.0,-1.5852737635073713,130,130,180,180,180,150,150
12.893270015716553,0.07899406753088886,8.803144108595191,0.2617993877991417,0.0,-1.5852737635073713,130,130,180,180,180,150,150
12.903496742248535,0.07911567628671737,8.794224552004252,0.2617993877991417,0.0,-1.5853813490700162,130,130,180,180,180,150,150
12.915317296981812,0.07911567628671737,8.794224552004252,0.2617993877991417,0.0,-1.5853813490700162,130,130,180,180,180,150,150
12.925522089004517,0.07911567628671737,8.794224552004252,0.2617993877991417,0.0,-1.5853813490700162,130,130,180,180,180,150,150
12.935725927352905,0.07924859423389816,8.785635339882592,0.2617993877991417,0.0,-1.5855612613997048,130,130,180,180,180,140,150
12.945937871932983,0.07924859423389816,8.785635339882592,0.2617993877991417,0.0,-1.5855612613997048,130,130,180,180,180,140,150
12.963192701339722,0.07924859423389816,8.785635339882592,0.2617993877991417,0.0,-1.5855612613997048,130,130,180,180,180,140,150
12.973544120788574,0.07937658721973415,8.777033641583298,0.2617993877991417,0.0,-1.5855961069887732,130,130,180,180,180,140,150
12.983768224716187,0.07937658721973415,8.777033641583298,0.2617993877991417,0.0,-1.5855961069887732,130,130,180,180,180,140,150
12.994013786315918,0.07937658721973415,8.777033641583298,0.2617993877991417,0.0,-1.5855961069887732,130,130,180,180,180,140,150
13.004212141036987,0.07950843958967314,8.7681671512198,0.2617993877991417,0.0,-1.5856365561741088,130,130,180,180,180,140,150
13.016319274902344,0.07950843958967314,8.7681671512198,0.2617993877991417,0.0,-1.5856365561741088,130,130,180,180,180,140,150
13.026562690734863,0.07950843958967314,8.7681671512198,0.2617993877991417,0.0,-1.5856365561741088,130,130,180,180,180,140,150
13.036750316619873,0.07963747121763684,8.759551030297585,0.2617993877991417,0.0,-1.5856659388789192,140,140,180,180,180,190,190
13.046998500823975,0.07963747121763684,8.759551030297585,0.2617993877991417,0.0,-1.5856659388789192,140,140,180,180,180,190,190
13.064768314361572,0.07963747121763684,8.759551030297585,0.2617993877991417,0.0,-1.5856659388789192,140,140,180,180,180,190,190
13.075113534927368,0.07976680063283736,8.750923802978411,0.2617993877991417,0.0,-1.585688120521786,140,140,180,180,180,190,190
13.08538007736206,0.07976680063283736,8.750923802978411,0.2617993877991417,0.0,-1.585688120521786,140,140,180,180,180,190,190
13.095654487609863,0.07976680063283736,8.750923802978411,0.2617993877991417,0.0,-1.585688120521786,180,140,180,180,180,190,190
13.114267110824585,0.07990029433999454,8.742024855241546,0.2617993877991417,0.0,-1.5857094249553976,180,140,180,180,180,190,190
13.124542713165283,0.07990029433999454,8.742024855241546,0.2617993877991417,0.0,-1.5857094249553976,180,140,180,180,180,190,190
13.134743213653564,0.08003009819812237,8.733377305683923,0.2617993877991417,0.0,-1.5857291655370604,140,140,190,180,180,180,180
13.144949674606323,0.08003009819812237,8.733377305683923,0.2617993877991417,0.0,-1.5857291655370604,140,140,190,180,180,180,180
13.162601947784424,0.08003009819812237,8.733377305683923,0.2617993877991417,0.0,-1.5857291655370604,140,140,190,180,180,180,180
13.172979593276978,0.08016000265358132,8.724718901885971,0.2617993877991417,0.0,-1.5857527439231833,140,140,190,180,180,180,180
13.18318796157837,0.08016000265358132,8.724718901885971,0.2617993877991417,0.0,-1.5857527439231833,140,140,190,180,180,180,180
13.19343638420105,0.08016000265358132,8.724718901885971,0.2617993877991417,0.0,-1.5857527439231833,180,140,190,180,180,180,180
13.20366096496582,0.08029369392270337,8.71578790383003,0.2617993877991417,0.0,-1.5857757454203172,180,140,190,180,180,180,180
13.215611457824707,0.08029369392270337,8.71578790383003,0.2617993877991417,0.0,-1.5857757454203172,180,140,190,180,180,180,180
13.225847959518433,0.08029369392270337,8.71578790383003,0.2617993877991417,0.0,-1.5857757454203172,180,140,190,180,180,180,180
13.236059188842773,0.08042295909382405,8.707113639086629,0.2617993877991417,0.0,-1.58577881103754,180,140,180,180,180,150,160
13.24628210067749,0.08042295909382405,8.707113639086629,0.2617993877991417,0.0,-1.58577881103754,180,140,180,180,180,150,160
13.256558179855347,0.08042295909382405,8.707113639086629,0.2617993877991417,0.0,-1.58577881103754,180,140,180,180,180,150,160
13.266748666763306,0.08054869688298572,8.698446471353517,0.2617993877991417,0.0,-1.5857765211508028,180,140,180,180,180,150,160
13.27696418762207,0.08054869688298572,8.698446471353517,0.2617993877991417,0.0,-1.5857765211508028,180,140,180,180,180,150,160
13.287176847457886,0.08054869688298572,8.698446471353517,0.2617993877991417,0.0,-1.5857765211508028,180,140,180,180,180,160,170
13.297367811203003,0.08067521600702227,8.68952985839986,0.2617993877991417,0.0,-1.5859050095527953,180,140,180,180,180,160,170
13.312555313110352,0.08067521600702227,8.68952985839986,0.2617993877991417,0.0,-1.5859050095527953,180,140,180,180,180,160,170
13.32281494140625,0.08067521600702227,8.68952985839986,0.2617993877991417,0.0,-1.5859050095527953,180,140,180,180,180,160,170
13.333037614822388,0.08081293884139175,8.680947942766633,0.2617993877991417,0.0,-1.586079000294353,180,140,180,180,180,160,160
13.343242406845093,0.08081293884139175,8.680947942766633,0.2617993877991417,0.0,-1.586079000294353,180,140,180,180,180,160,160
13.353453636169434,0.08081293884139175,8.680947942766633,0.2617993877991417,0.0,-1.586079000294353,180,140,180,180,180,160,160
13.367024898529053,0.08094534257650426,8.672343351374035,0.2617993877991417,0.0,-1.5860984604022788,180,140,180,180,180,160,160
13.377243995666504,0.08094534257650426,8.672343351374035,0.2617993877991417,0.0,-1.5860984604022788,180,140,180,180,180,160,160
13.387468099594116,0.08094534257650426,8.672343351374035,0.2617993877991417,0.0,-1.5860984604022788,180,140,180,180,180,150,170
13.397693395614624,0.08108178458600984,8.663475726288738,0.2617993877991417,0.0,-1.5861382642841322,180,140,180,180,180,150,170
13.413994073867798,0.08108178458600984,8.663475726288738,0.2617993877991417,0.0,-1.5861382642841322,180,140,180,180,180,150,170
13.424203872680664,0.08108178458600984,8.663475726288738,0.2617993877991417,0.0,-1.5861382642841322,180,140,180,180,180,150,170
13.434366941452026,0.081215179035829,8.654858211795919,0.2617993877991417,0.0,-1.5861666156322634,180,140,180,180,180,150,170
13.444567441940308,0.081215179035829,8.654858211795919,0.2617993877991417,0.0,-1.5861666156322634,180,140,180,180,180,160,170
13.45478343963623,0.081215179035829,8.654858211795919,0.2617993877991417,0.0,-1.5861666156322634,180,140,180,180,180,160,170
13.466403484344482,0.08134882997290263,8.646229843726468,0.2617993877991417,0.0,-1.5861885711649888,180,140,180,180,180,160,170
13.476648807525635,0.08134882997290263,8.646229843726468,0.2617993877991417,0.0,-1.5861885711649888,180,140,180,180,180,160,170
13.486860036849976,0.08134882997290263,8.646229843726468,0.2617993877991417,0.0,-1.5861885711649888,180,140,180,170,170,160,170
13.497315168380737,0.08148678997868893,8.637329683587481,0.2617993877991417,0.0,-1.5862098358149854,180,140,180,170,170,160,170
13.512939214706421,0.08148678997868893,8.637329683587481,0.2617993877991417,0.0,-1.5862098358149854,180,140,180,170,170,160,170
13.52314805984497,0.08148678997868893,8.637329683587481,0.2617993877991417,0.0,-1.5862098358149854,180,140,180,170,170,160,170
13.533341407775879,0.08162091706252486,8.628680883932365,0.2617993877991417,0.0,-1.5862300117239636,180,140,180,170,170,160,170
13.54359483718872,0.08162091706252486,8.628680883932365,0.2617993877991417,0.0,-1.5862300117239636,180,140,160,170,160,160,170
13.553825378417969,0.08162091706252486,8.628680883932365,0.2617993877991417,0.0,-1.5862300117239636,180,140,160,170,160,160,170
13.56446361541748,0.08175514680957922,8.62002124565236,0.2617993877991417,0.0,-1.5862540838816306,180,140,160,170,160,160,170
13.574685335159302,0.08175514680957922,8.62002124565236,0.2617993877991417,0.0,-1.5862540838816306,180,140,160,170,160,160,170
13.58486270904541,0.08175514680957922,8.62002124565236,0.2617993877991417,0.0,-1.5862540838816306,180,140,160,170,160,160,170
13.595132112503052,0.08175514680957922,8.62002124565236,0.2617993877991417,0.0,-1.5862540838816306,180,140,170,170,170,180,170
13.605391263961792,0.08189322562412195,8.611089218200686,0.2617993877991417,0.0,-1.5862758162788062,180,140,170,170,170,180,170
13.615598440170288,0.08189322562412195,8.611089218200686,0.2617993877991417,0.0,-1.5862758162788062,180,140,170,170,170,180,170
13.625817060470581,0.08189322562412195,8.611089218200686,0.2617993877991417,0.0,-1.5862758162788062,180,140,170,170,170,180,170
13.636112451553345,0.08202669884329666,8.602415144278428,0.2617993877991417,0.0,-1.5862758825087295,180,140,170,170,170,180,170
13.646340608596802,0.08202669884329666,8.602415144278428,0.2617993877991417,0.0,-1.5862758825087295,180,150,180,180,180,180,170
13.665130615234375,0.08215595725699908,8.593749346437313,0.2617993877991417,0.0,-1.586278951405265,180,150,180,180,180,180,170
13.67538046836853,0.08215595725699908,8.593749346437313,0.2617993877991417,0.0,-1.586278951405265,180,150,180,180,180,180,170
13.68558382987976,0.08215595725699908,8.593749346437313,0.2617993877991417,0.0,-1.586278951405265,180,150,180,180,180,180,180
13.695846557617188,0.08215595725699908,8.593749346437313,0.2617993877991417,0.0,-1.586278951405265,180,150,180,180,180,180,180
13.71277642250061,0.08228802123242736,8.5848370521084,0.2617993877991417,0.0,-1.5864260838373268,180,150,180,180,180,180,180
13.72298550605774,0.08228802123242736,8.5848370521084,0.2617993877991417,0.0,-1.5864260838373268,180,150,180,180,180,180,180
13.733198404312134,0.08242980990875275,8.576259403060764,0.2617993877991417,0.0,-1.5865880615442443,180,160,180,180,180,180,170
13.743411779403687,0.08242980990875275,8.576259403060764,0.2617993877991417,0.0,-1.5865880615442443,180,160,180,180,180,180,170
13.753656148910522,0.08242980990875275,8.576259403060764,0.2617993877991417,0.0,-1.5865880615442443,180,160,180,180,180,180,170
13.765095472335815,0.0825667818078068,8.567653299870237,0.2617993877991417,0.0,-1.5865982956861984,180,160,180,180,180,180,170
13.775316715240479,0.0825667818078068,8.567653299870237,0.2617993877991417,0.0,-1.5865982956861984,180,160,180,180,180,180,170
13.785504817962646,0.0825667818078068,8.567653299870237,0.2617993877991417,0.0,-1.5865982956861984,180,160,180,180,180,180,170
13.795714616775513,0.0825667818078068,8.567653299870237,0.2617993877991417,0.0,-1.5865982956861984,170,140,180,180,180,170,170
13.80592131614685,0.08270778047967234,8.558784621887817,0.2617993877991417,0.0,-1.5866381729610477,170,140,180,180,180,170,170
13.816674709320068,0.08270778047967234,8.558784621887817,0.2617993877991417,0.0,-1.5866381729610477,170,140,180,180,180,170,170
13.826897144317627,0.08270778047967234,8.558784621887817,0.2617993877991417,0.0,-1.5866381729610477,170,140,180,180,180,170,170
13.837107181549072,0.08284551578862341,8.550165760751344,0.2617993877991417,0.0,-1.5866650589891576,170,140,180,180,180,170,170
13.847625017166138,0.08284551578862341,8.550165760751344,0.2617993877991417,0.0,-1.5866650589891576,170,160,180,180,180,180,180
13.866579294204712,0.08298346790658956,8.541536328738868,0.2617993877991417,0.0,-1.5866869729526096,170,160,180,180,180,180,180
13.876848459243774,0.08298346790658956,8.541536328738868,0.2617993877991417,0.0,-1.5866869729526096,170,160,180,180,180,180,180
13.887057542800903,0.08298346790658956,8.541536328738868,0.2617993877991417,0.0,-1.5866869729526096,170,160,180,170,180,180,180
13.897265434265137,0.08312587550934988,8.532635021278193,0.2617993877991417,0.0,-1.58670816671391,170,160,180,170,180,180,180
13.91483759880066,0.08312587550934988,8.532635021278193,0.2617993877991417,0.0,-1.58670816671391,170,160,180,170,180,180,180
13.925079345703125,0.08312587550934988,8.532635021278193,0.2617993877991417,0.0,-1.58670816671391,170,160,180,170,180,180,180
13.935294389724731,0.0832643082332098,8.523985026822388,0.2617993877991417,0.0,-1.5867288077155621,170,160,180,170,180,180,180
13.945529699325562,0.0832643082332098,8.523985026822388,0.2617993877991417,0.0,-1.5867288077155621,150,160,180,160,180,180,180
13.964821100234985,0.0832643082332098,8.523985026822388,0.2617993877991417,0.0,-1.5867288077155621,150,160,180,160,180,180,180
13.975181102752686,0.08340284355611356,8.515324239434825,0.2617993877991417,0.0,-1.5867532411768557,150,160,180,160,180,180,180
13.985429763793945,0.08340284355611356,8.515324239434825,0.2617993877991417,0.0,-1.5867532411768557,150,160,180,160,180,180,180
13.995646953582764,0.08340284355611356,8.515324239434825,0.2617993877991417,0.0,-1.5867532411768557,130,160,180,180,180,180,180
14.012872219085693,0.0835452938771875,8.506391275428857,0.2617993877991417,0.0,-1.5867734286224273,130,160,180,180,180,180,180
14.02312970161438,0.0835452938771875,8.506391275428857,0.2617993877991417,0.0,-1.5867734286224273,130,160,180,180,180,180,180
14.033334255218506,0.08368289088775376,8.49771767218342,0.2617993877991417,0.0,-1.5867705599949666,130,160,180,180,180,180,180
14.043598413467407,0.08368289088775376,8.49771767218342,0.2617993877991417,0.0,-1.5867705599949666,160,180,180,180,180,180,180
14.063940048217773,0.08368289088775376,8.49771767218342,0.2617993877991417,0.0,-1.5867705599949666,160,180,180,180,180,180,180
14.074358224868774,0.08381567997934893,8.489053206612219,0.2617993877991417,0.0,-1.5867814568811685,160,180,180,180,180,180,180
14.08454179763794,0.08381567997934893,8.489053206612219,0.2617993877991417,0.0,-1.5867814568811685,180,180,180,180,180,180,180
14.09512209892273,0.08381567997934893,8.489053206612219,0.2617993877991417,0.0,-1.5867814568811685,180,180,180,180,180,180,180
14.110887050628662,0.08395410909109724,8.480147050404993,0.2617993877991417,0.0,-1.586942997703668,180,180,180,180,180,180,180
14.121070146560669,0.08395410909109724,8.480147050404993,0.2617993877991417,0.0,-1.586942997703668,180,180,180,180,180,180,180
14.131252765655518,0.08409918470529539,8.471570185896926,0.2617993877991417,0.0,-1.587083050909973,180,180,180,180,180,180,180
14.14149022102356,0.08409918470529539,8.471570185896926,0.2617993877991417,0.0,-1.587083050909973,170,150,180,180,180,180,180
14.151904106140137,0.08409918470529539,8.471570185896926,0.2617993877991417,0.0,-1.587083050909973,170,150,180,180,180,180,180
14.169044494628906,0.08409918470529539,8.471570185896926,0.2617993877991417,0.0,-1.587083050909973,170,150,180,180,180,180,180
14.179387092590332,0.08424068549350186,8.462963912878958,0.2617993877991417,0.0,-1.5870955846917465,170,150,180,180,180,180,180
14.189578771591187,0.08424068549350186,8.462963912878958,0.2617993877991417,-0.05235987755982833,-1.5870955846917465,170,180,180,180,180,180,180
14.199787616729736,0.08438620896350929,8.454094144914334,0.2617993877991417,-0.05235987755982833,-1.5871354591176308,170,180,180,180,180,180,180
14.21601414680481,0.08438620896350929,8.454094144914334,0.2617993877991417,-0.06981317007977111,-1.5871354591176308,170,180,180,180,180,180,180
14.226223945617676,0.08438620896350929,8.454094144914334,0.2617993877991417,-0.17453292519942779,-1.5871354591176308,170,180,180,180,180,180,180
14.23651647567749,0.08452193781600652,8.445470804982424,0.2617993877991417,-0.19198621771937055,-1.5855917557100436,170,140,180,130,130,180,180
14.24686574935913,0.08452193781600652,8.445470804982424,0.2617993877991417,-0.19198621771937055,-1.5855917557100436,170,140,180,130,130,180,180
14.257169008255005,0.08452193781600652,8.445470804982424,0.2617993877991417,-0.20943951023931331,-1.5855917557100436,170,140,180,130,130,180,180
14.267390966415405,0.08463670410403527,8.436807673722125,0.2617993877991417,-0.20943951023931331,-1.5818543056080427,170,140,180,130,130,180,180
14.277620315551758,0.08463670410403527,8.436807673722125,0.2617993877991417,-0.33161255787891275,-1.5818543056080427,170,140,180,130,130,180,180
14.287818193435669,0.08463670410403527,8.436807673722125,0.2617993877991417,-0.34906585039885557,-1.5818543056080427,170,140,180,130,140,180,180
14.298043251037598,0.08470910610399467,8.42784264811626,0.2617993877991417,-0.34906585039885557,-1.5751041367294258,170,140,180,130,140,180,180
14.315566301345825,0.08470910610399467,8.42784264811626,0.2617993877991417,-0.34906585039885557,-1.5751041367294258,170,140,180,130,140,180,180
14.326327562332153,0.08470910610399467,8.42784264811626,0.2617993877991417,-0.34906585039885557,-1.5751041367294258,170,140,180,130,140,180,180
14.336543321609497,0.08470633118563398,8.41910564838619,0.2617993877991417,-0.34906585039885557,-1.5645296732279583,170,140,180,130,140,180,180
14.346786737442017,0.08470633118563398,8.41910564838619,0.2617993877991417,-0.34906585039885557,-1.5645296732279583,170,140,140,130,150,180,180
14.364661455154419,0.0846025833302129,8.410342883235494,0.2617993877991417,0.0,-1.5530482965373764,170,140,140,130,150,180,180
14.37493085861206,0.0846025833302129,8.410342883235494,0.2617993877991417,0.0,-1.5530482965373764,170,140,140,130,150,180,180
14.3851318359375,0.0846025833302129,8.410342883235494,0.2617993877991417,0.0,-1.5530482965373764,180,130,140,130,180,180,180
14.39531922340393,0.0846025833302129,8.410342883235494,0.2617993877991417,0.0,-1.5530482965373764,180,130,140,130,180,180,180
14.405864238739014,0.08440490538227544,8.401299511496013,0.2617993877991417,0.0,-1.5458271729550606,180,130,140,130,180,180,180
14.416617393493652,0.08440490538227544,8.401299511496013,0.2617993877991417,0.0,-1.5458271729550606,180,130,140,130,180,180,180
14.42681336402893,0.08440490538227544,8.401299511496013,0.2617993877991417,0.0,-1.5458271729550606,180,130,140,130,180,180,180
14.437015056610107,0.08417855840211806,8.392555272038088,0.2617993877991417,0.0,-1.5444694473394862,180,140,180,130,180,180,180
14.447206735610962,0.08417855840211806,8.392555272038088,0.2617993877991417,0.0,-1.5444694473394862,180,140,180,130,180,180,180
14.463874578475952,0.08394668561286611,8.383884439416844,0.2617993877991417,0.0,-1.5443930399205068,180,140,180,130,180,180,180
14.474368572235107,0.08394668561286611,8.383884439416844,0.2617993877991417,0.0,-1.5443930399205068,180,140,180,130,180,180,180
14.484713554382324,0.08394668561286611,8.383884439416844,0.2617993877991417,0.0,-1.5443930399205068,180,140,180,140,180,180,180
14.494906663894653,0.08394668561286611,8.383884439416844,0.2617993877991417,0.0,-1.5443930399205068,180,140,180,140,180,180,180
14.505118131637573,0.08370908922220892,8.374988422116893,0.2617993877991417,0.0,-1.5443313502974563,180,140,180,140,180,180,180
14.516198873519897,0.08370908922220892,8.374988422116893,0.2617993877991417,0.0,-1.5443313502974563,180,140,180,140,180,180,180
14.526414394378662,0.08370908922220892,8.374988422116893,0.2617993877991417,0.0,-1.5443313502974563,180,140,180,140,180,180,180
14.536629915237427,0.08348397154387134,8.366405438780431,0.2617993877991417,0.0,-1.5442102126781014,180,140,180,140,180,180,180
14.547091484069824,0.08348397154387134,8.366405438780431,0.2617993877991417,0.0,-1.5442102126781014,180,140,180,140,180,180,180
14.557342767715454,0.08348397154387134,8.366405438780431,0.2617993877991417,0.0,-1.5442102126781014,180,140,180,140,180,180,180
14.567548274993896,0.08325718385584893,8.357799162025707,0.2617993877991417,0.0,-1.5441894605164888,180,140,180,140,180,180,180
14.577745914459229,0.08325718385584893,8.357799162025707,0.2617993877991417,0.0,-1.5441894605164888,180,140,180,140,180,180,180
14.58793830871582,0.08325718385584893,8.357799162025707,0.2617993877991417,0.0,-1.5441894605164888,180,140,180,140,180,180,180
14.5982985496521,0.08302152930984212,8.348929133027191,0.2617993877991417,0.0,-1.5441474913732172,180,140,180,140,180,180,180
14.608606100082397,0.08302152930984212,8.348929133027191,0.2617993877991417,0.0,-1.5441474913732172,180,140,180,140,180,180,180
14.618835210800171,0.08302152930984212,8.348929133027191,0.2617993877991417,0.0,-1.5441474913732172,180,140,180,140,180,180,180
14.629050970077515,0.08302152930984212,8.348929133027191,0.2617993877991417,0.0,-1.5441474913732172,180,140,180,140,180,180,180
14.639272689819336,0.08279254470063671,8.34030982071394,0.2617993877991417,0.0,-1.5441108058373398,180,140,180,140,180,180,180
14.649491786956787,0.08279254470063671,8.34030982071394,0.2617993877991417,0.0,-1.5441108058373398,180,140,180,140,180,180,180
14.659765005111694,0.08279254470063671,8.34030982071394,0.2617993877991417,0.0,-1.5441108058373398,180,140,180,140,180,180,140
14.674991846084595,0.08256304577351395,8.331679592747157,0.2617993877991417,0.0,-1.5440797669002617,180,140,180,140,180,180,140
14.685193300247192,0.08256304577351395,8.331679592747157,0.2617993877991417,0.0,-1.5440797669002617,180,140,180,140,180,180,140
14.695392847061157,0.08256304577351395,8.331679592747157,0.2617993877991417,0.0,-1.5440797669002617,190,140,180,140,190,190,180
14.70559573173523,0.08232602454737818,8.322777345032819,0.2617993877991417,0.0,-1.5440470255735106,190,140,180,140,190,190,180
14.717087745666504,0.08232602454737818,8.322777345032819,0.2617993877991417,0.0,-1.5440470255735106,190,140,180,140,190,190,180
14.727275609970093,0.08232602454737818,8.322777345032819,0.2617993877991417,0.0,-1.5440470255735106,190,140,180,140,190,190,180
14.737459182739258,0.08209539747603072,8.31412687124349,0.2617993877991417,0.0,-1.5440150518099358,140,140,180,140,190,190,190
14.747657537460327,0.08209539747603072,8.31412687124349,0.2617993877991417,0.0,-1.5440150518099358,140,140,180,140,190,190,190
14.76486849784851,0.08186374638678386,8.305466716127963,0.2617993877991417,0.0,-1.5439853715258798,140,140,180,140,190,190,190
14.775073766708374,0.08186374638678386,8.305466716127963,0.2617993877991417,0.0,-1.5439853715258798,140,140,180,140,190,190,190
14.785259485244751,0.08186374638678386,8.305466716127963,0.2617993877991417,0.0,-1.5439853715258798,140,140,180,140,180,180,180
14.795454263687134,0.08186374638678386,8.305466716127963,0.2617993877991417,0.0,-1.5439853715258798,140,140,180,140,180,180,180
14.814435482025146,0.08162386753828134,8.296535097367583,0.2617993877991417,0.0,-1.5439655537374832,140,140,180,140,180,180,180
14.824617862701416,0.08162386753828134,8.296535097367583,0.2617993877991417,0.0,-1.5439655537374832,140,140,180,140,180,180,180
14.834794044494629,0.0813899773341171,8.28786683471554,0.2617993877991417,0.0,-1.5439767622636826,140,140,180,140,180,180,180
14.84509825706482,0.0813899773341171,8.28786683471554,0.2617993877991417,0.0,-1.5439767622636826,140,140,180,140,180,180,180
14.855303049087524,0.0813899773341171,8.28786683471554,0.2617993877991417,0.0,-1.5439767622636826,140,140,180,140,180,180,180
14.865546226501465,0.08115683830822759,8.279211151428171,0.2617993877991417,0.0,-1.5439965820638513,140,140,180,140,180,180,180
14.875740766525269,0.08115683830822759,8.279211151428171,0.2617993877991417,0.0,-1.5439965820638513,140,140,180,140,180,180,180
14.885944843292236,0.08115683830822759,8.279211151428171,0.2617993877991417,0.0,-1.5439965820638513,140,140,180,140,180,180,180
14.89676570892334,0.08115683830822759,8.279211151428171,0.2617993877991417,0.0,-1.5439965820638513,140,140,180,140,180,180,180
14.914253234863281,0.08092147799317764,8.270328622553029,0.2617993877991417,0.0,-1.544015304292204,140,140,180,140,180,180,180
14.924459218978882,0.08092147799317764,8.270328622553029,0.2617993877991417,0.0,-1.544015304292204,140,140,180,140,180,180,180
14.934645652770996,0.08069193104540277,8.261741217525545,0.2617993877991417,0.0,-1.5438991119344208,140,140,180,140,180,180,180
14.944871664047241,0.08069193104540277,8.261741217525545,0.2617993877991417,0.0,-1.5438991119344208,140,140,180,140,180,180,180
14.955105781555176,0.08069193104540277,8.261741217525545,0.2617993877991417,0.0,-1.5438991119344208,140,140,180,140,180,180,180
14.965304613113403,0.08046238706006952,8.253135827590336,0.2617993877991417,0.0,-1.5438665136865815,140,140,180,140,180,180,180
14.975524187088013,0.08046238706006952,8.253135827590336,0.2617993877991417,0.0,-1.5438665136865815,140,140,180,140,180,180,180
14.985778331756592,0.08046238706006952,8.253135827590336,0.2617993877991417,0.0,-1.5438665136865815,140,130,140,140,180,180,180
14.996003866195679,0.08046238706006952,8.253135827590336,0.2617993877991417,0.0,-1.5438665136865815,140,130,140,140,180,180,180
15.006232500076294,0.0802239397625676,8.24426513145851,0.2617993877991417,0.0,-1.5438221111347374,140,130,140,140,180,180,180
15.018415212631226,0.0802239397625676,8.24426513145851,0.2617993877991417,0.0,-1.5438221111347374,140,130,140,140,180,180,180
15.028944253921509,0.0802239397625676,8.24426513145851,0.2617993877991417,0.0,-1.5438221111347374,140,130,140,140,180,180,180
15.039175987243652,0.0799921304383496,8.235644832502775,0.2617993877991417,0.0,-1.5437840218632628,140,120,140,130,190,190,180
15.049400806427002,0.0799921304383496,8.235644832502775,0.2617993877991417,0.0,-1.5437840218632628,140,120,140,130,190,190,180
15.065080642700195,0.07975978160317909,8.227013495706082,0.2617993877991417,0.0,-1.5437522293243553,140,120,140,130,190,190,180
15.075304985046387,0.07975978160317909,8.227013495706082,0.2617993877991417,0.0,-1.5437522293243553,140,120,140,130,190,190,180
15.085575342178345,0.07975978160317909,8.227013495706082,0.2617993877991417,0.0,-1.5437522293243553,190,120,140,120,190,180,180
15.095870971679688,0.07975978160317909,8.227013495706082,0.2617993877991417,0.0,-1.5437522293243553,190,120,140,120,190,180,180
15.106217861175537,0.07951980798662983,8.218110064718253,0.2617993877991417,0.0,-1.5437190324294487,190,120,140,120,190,180,180
15.116543769836426,0.07951980798662983,8.218110064718253,0.2617993877991417,0.0,-1.5437190324294487,190,120,140,120,190,180,180
15.126760244369507,0.07951980798662983,8.218110064718253,0.2617993877991417,0.0,-1.5437190324294487,190,120,140,120,190,180,180
15.136958599090576,0.0792863026538487,8.209458466127955,0.2617993877991417,0.0,-1.5436869251118575,190,120,130,120,180,190,180
15.147200584411621,0.0792863026538487,8.209458466127955,0.2617993877991417,0.0,-1.5436869251118575,190,120,130,120,180,190,180
15.15747880935669,0.0792863026538487,8.209458466127955,0.2617993877991417,0.0,-1.5436869251118575,190,120,130,120,180,190,180
15.167639970779419,0.07905171699300377,8.200797130990303,0.2617993877991417,0.0,-1.5436591823754613,190,120,130,120,180,190,180
15.177835702896118,0.07905171699300377,8.200797130990303,0.2617993877991417,0.0,-1.5436591823754613,190,120,130,120,180,190,180
15.188058137893677,0.07905171699300377,8.200797130990303,0.2617993877991417,0.0,-1.5436591823754613,190,120,130,120,190,190,190
15.198347091674805,0.07880884958250609,8.191865000836934,0.2617993877991417,0.0,-1.5436441177218627,190,120,130,120,190,190,190
15.215213537216187,0.07880884958250609,8.191865000836934,0.2617993877991417,0.0,-1.5436441177218627,190,120,130,120,190,190,190
15.225454330444336,0.07880884958250609,8.191865000836934,0.2617993877991417,0.0,-1.5436441177218627,190,120,130,120,190,190,190
15.235645532608032,0.07857197258481573,8.183197832253683,0.2617993877991417,0.0,-1.543659416831551,190,120,190,130,190,190,190
15.245824337005615,0.07857197258481573,8.183197832253683,0.2617993877991417,0.0,-1.543659416831551,190,120,190,130,190,190,190
15.256008625030518,0.07857197258481573,8.183197832253683,0.2617993877991417,0.0,-1.543659416831551,190,120,190,130,190,190,190
15.268136501312256,0.07857197258481573,8.183197832253683,0.2617993877991417,0.0,-1.543659416831551,190,120,190,130,190,190,190
15.278450727462769,0.07833629975784742,8.174544156468073,0.2617993877991417,0.0,-1.5436789970531422,190,120,190,130,190,190,190
15.2886381149292,0.07833629975784742,8.174544156468073,0.2617993877991417,0.0,-1.5436789970531422,130,120,190,120,190,190,190
15.298835515975952,0.07809960234989421,8.165669391277138,0.2617993877991417,0.0,-1.5436826896393425,130,120,190,120,190,190,190
15.309042692184448,0.07809960234989421,8.165669391277138,0.2617993877991417,0.0,-1.5436826896393425,130,120,190,120,190,190,190
15.322123050689697,0.07809960234989421,8.165669391277138,0.2617993877991417,0.0,-1.5436826896393425,130,120,190,120,190,190,190
15.332311153411865,0.07786664619008725,8.157078504106412,0.2617993877991417,0.0,-1.5435836595198955,130,120,190,120,190,190,190
15.342527627944946,0.07786664619008725,8.157078504106412,0.2617993877991417,0.0,-1.5435836595198955,120,120,130,120,190,190,190
15.352771759033203,0.07786664619008725,8.157078504106412,0.2617993877991417,0.0,-1.5435836595198955,120,120,130,120,190,190,190
15.363025665283203,0.0776340097445086,8.148473963397652,0.2617993877991417,0.0,-1.543541805953649,120,120,130,120,190,190,190
15.374614238739014,0.0776340097445086,8.148473963397652,0.2617993877991417,0.0,-1.543541805953649,120,120,130,120,190,190,190
15.384803295135498,0.0776340097445086,8.148473963397652,0.2617993877991417,0.0,-1.543541805953649,120,120,130,120,190,190,190
15.395149946212769,0.0776340097445086,8.148473963397652,0.2617993877991417,0.0,-1.543541805953649,120,120,130,120,190,190,190
15.405413627624512,0.07739269795592069,8.139602162778328,0.2617993877991417,0.0,-1.5434984271292311,120,120,130,120,190,190,180
15.424102783203125,0.07739269795592069,8.139602162778328,0.2617993877991417,0.0,-1.5434984271292311,120,120,130,120,190,190,180
15.434295654296875,0.07715807754891614,8.130980632985239,0.2617993877991417,0.0,-1.5434610723590574,120,120,130,120,190,190,180
15.444484233856201,0.07715807754891614,8.130980632985239,0.2617993877991417,0.0,-1.5434610723590574,120,180,120,120,190,190,180
15.454692840576172,0.07715807754891614,8.130980632985239,0.2617993877991417,0.0,-1.5434610723590574,120,180,120,120,190,190,180
15.468522548675537,0.07715807754891614,8.130980632985239,0.2617993877991417,0.0,-1.5434610723590574,120,180,120,120,190,190,180
15.478826761245728,0.07692290922756598,8.12234814277811,0.2617993877991417,0.0,-1.5434293767620206,120,180,120,120,190,190,180
15.489011287689209,0.07692290922756598,8.12234814277811,0.2617993877991417,0.0,-1.5434293767620206,120,180,120,120,190,190,180
15.49921703338623,0.07668002516457283,8.113443579441228,0.2617993877991417,0.0,-1.5433959952974357,120,180,180,120,180,180,180
15.51436996459961,0.07668002516457283,8.113443579441228,0.2617993877991417,0.0,-1.5433959952974357,120,180,180,120,180,180,180
15.524601697921753,0.07668002516457283,8.113443579441228,0.2617993877991417,0.0,-1.5433959952974357,120,180,180,120,180,180,180
15.534791707992554,0.07644368160129249,8.104790917734787,0.2617993877991417,0.0,-1.5433639400039283,120,120,120,120,190,180,180
15.545159816741943,0.07644368160129249,8.104790917734787,0.2617993877991417,0.0,-1.5433639400039283,120,120,120,120,190,180,180
15.565059900283813,0.07644368160129249,8.104790917734787,0.2617993877991417,0.0,-1.5433639400039283,120,120,120,120,190,180,180
15.575377941131592,0.07620615539904635,8.096128556225985,0.2617993877991417,0.0,-1.5433371013180743,120,120,120,120,190,180,180
15.585560321807861,0.07620615539904635,8.096128556225985,0.2617993877991417,0.0,-1.5433371013180743,120,180,120,120,190,190,180
15.595790147781372,0.07620615539904635,8.096128556225985,0.2617993877991417,0.0,-1.5433371013180743,120,180,120,120,190,190,180
15.606032371520996,0.07596034380142486,8.087196054684796,0.2617993877991417,0.0,-1.543325149493619,120,180,120,120,190,190,180
15.616209745407104,0.07596034380142486,8.087196054684796,0.2617993877991417,0.0,-1.543325149493619,120,180,120,120,190,190,180
15.626376867294312,0.07596034380142486,8.087196054684796,0.2617993877991417,0.0,-1.543325149493619,120,180,120,120,190,190,180
15.636565685272217,0.07572044938057201,8.078530136063584,0.2617993877991417,0.0,-1.5433427386274194,190,180,130,100,190,190,180
15.646748542785645,0.07572044938057201,8.078530136063584,0.2617993877991417,0.0,-1.5433427386274194,190,180,130,100,190,190,180
15.663596153259277,0.07572044938057201,8.078530136063584,0.2617993877991417,0.0,-1.5433427386274194,190,180,130,100,190,190,180
15.67392897605896,0.07548161767028794,8.06987886957566,0.2617993877991417,0.0,-1.543361418811095,190,180,130,100,190,190,180
15.68412184715271,0.07548161767028794,8.06987886957566,0.2617993877991417,0.0,-1.543361418811095,190,180,190,110,190,190,190
15.694302558898926,0.07548161767028794,8.06987886957566,0.2617993877991417,0.0,-1.543361418811095,190,180,190,110,190,190,190
15.70452618598938,0.07524357253146488,8.061011836389788,0.2617993877991417,0.0,-1.5433424792505448,190,180,190,110,190,190,190
15.714745998382568,0.07524357253146488,8.061011836389788,0.2617993877991417,0.0,-1.5433424792505448,190,180,190,110,190,190,190
15.725499629974365,0.07524357253146488,8.061011836389788,0.2617993877991417,0.0,-1.5433424792505448,190,180,190,110,190,190,190
15.735666275024414,0.07500775227925387,8.052416991238305,0.2617993877991417,0.0,-1.543266232943174,190,190,190,100,190,190,190
15.746067523956299,0.07500775227925387,8.052416991238305,0.2617993877991417,0.0,-1.543266232943174,190,190,190,100,190,190,190
15.7562575340271,0.07500775227925387,8.052416991238305,0.2617993877991417,0.0,-1.543266232943174,190,190,190,100,190,190,190
15.766996622085571,0.07477195164015116,8.043813006023306,0.2617993877991417,0.0,-1.5432184669886102,190,190,190,100,190,190,190
15.777148962020874,0.07477195164015116,8.043813006023306,0.2617993877991417,0.0,-1.5432184669886102,190,190,190,100,190,190,190
15.787332773208618,0.07477195164015116,8.043813006023306,0.2617993877991417,0.0,-1.5432184669886102,190,190,190,100,190,190,190
15.797508478164673,0.07452777082190094,8.034940003268531,0.2617993877991417,0.0,-1.543175622129582,190,190,190,100,190,190,190
15.807657480239868,0.07452777082190094,8.034940003268531,0.2617993877991417,0.0,-1.543175622129582,190,180,180,110,190,190,190
15.821972131729126,0.07452777082190094,8.034940003268531,0.2617993877991417,0.0,-1.543175622129582,190,180,180,110,190,190,190
15.832199811935425,0.07429034563000986,8.026317175454572,0.2617993877991417,0.0,-1.5431390384243604,190,180,180,110,190,190,190
15.842384099960327,0.07429034563000986,8.026317175454572,0.2617993877991417,0.0,-1.5431390384243604,190,180,180,110,180,180,180
15.852577686309814,0.07429034563000986,8.026317175454572,0.2617993877991417,0.0,-1.5431390384243604,190,180,180,110,180,180,180
15.86498236656189,0.07405236235463823,8.017683489284298,0.2617993877991417,0.0,-1.5431073140996676,190,180,180,110,180,180,180
15.875182151794434,0.07405236235463823,8.017683489284298,0.2617993877991417,0.0,-1.5431073140996676,190,180,180,110,180,180,180
15.88537859916687,0.07405236235463823,8.017683489284298,0.2617993877991417,0.0,-1.5431073140996676,120,180,180,100,180,180,180
15.895589351654053,0.07405236235463823,8.017683489284298,0.2617993877991417,0.0,-1.5431073140996676,120,180,180,100,180,180,180
15.912639379501343,0.07380657190876082,8.0087777321185,0.2617993877991417,0.0,-1.5430737771457208,120,180,180,100,180,180,180
15.922836065292358,0.07380657190876082,8.0087777321185,0.2617993877991417,0.0,-1.5430737771457208,120,180,180,100,180,180,180
15.933004140853882,0.07356738129428242,8.00012395407105,0.2617993877991417,0.0,-1.5430418779613522,190,180,180,100,180,180,180
15.94318437576294,0.07356738129428242,8.00012395407105,0.2617993877991417,0.0,-1.5430418779613522,190,180,180,100,180,180,180
15.953429460525513,0.07356738129428242,8.00012395407105,0.2617993877991417,0.0,-1.5430418779613522,190,180,180,100,180,180,180
15.964360237121582,0.07332692690770345,7.991460521185276,0.2617993877991417,0.0,-1.5430160813103322,190,180,180,100,180,180,180
15.974541425704956,0.07332692690770345,7.991460521185276,0.2617993877991417,0.0,-1.5430160813103322,190,180,180,100,180,180,180
15.984751462936401,0.07332692690770345,7.991460521185276,0.2617993877991417,0.0,-1.5430160813103322,190,180,180,100,180,180,180
15.994932651519775,0.07332692690770345,7.991460521185276,0.2617993877991417,0.0,-1.5430160813103322,190,180,180,100,190,190,180
16.00515365600586,0.07307819001866703,7.98252778410664,0.2617993877991417,0.0,-1.5430078287162403,190,180,180,100,190,190,180
16.016348123550415,0.07307819001866703,7.98252778410664,0.2617993877991417,0.0,-1.5430078287162403,190,180,180,100,190,190,180
16.026542901992798,0.07307819001866703,7.98252778410664,0.2617993877991417,0.0,-1.5430078287162403,190,180,180,100,190,190,180
16.036731958389282,0.07283528395537099,7.973863275807276,0.2617993877991417,0.0,-1.543027425033551,190,180,180,90,190,190,180
16.04694366455078,0.07283528395537099,7.973863275807276,0.2617993877991417,0.0,-1.543027425033551,190,180,180,90,190,190,180
16.06348943710327,0.07283528395537099,7.973863275807276,0.2617993877991417,0.0,-1.543027425033551,190,180,180,90,190,190,180
16.073819637298584,0.07259337550702075,7.965214823983277,0.2617993877991417,0.0,-1.5430457160348707,190,180,180,90,190,190,180
16.084026336669922,0.07259337550702075,7.965214823983277,0.2617993877991417,0.0,-1.5430457160348707,190,180,180,90,190,190,180
16.09423804283142,0.07259337550702075,7.965214823983277,0.2617993877991417,0.0,-1.5430457160348707,190,180,180,100,190,190,180
16.11308240890503,0.07235358403528158,7.956355112352692,0.2617993877991417,0.0,-1.5429988235239276,190,180,180,100,190,190,180
16.123295068740845,0.07235358403528158,7.956355112352692,0.2617993877991417,0.0,-1.5429988235239276,190,180,180,100,190,190,180
16.13349413871765,0.07211529709083153,7.947756614868054,0.2617993877991417,0.0,-1.542947000045287,190,180,180,100,190,190,180
16.143656730651855,0.07211529709083153,7.947756614868054,0.2617993877991417,0.0,-1.542947000045287,190,180,180,100,190,190,180
16.153877019882202,0.07211529709083153,7.947756614868054,0.2617993877991417,0.0,-1.542947000045287,190,180,180,100,190,190,180
16.169063806533813,0.07211529709083153,7.947756614868054,0.2617993877991417,0.0,-1.542947000045287,190,180,180,100,190,190,180
16.17944025993347,0.07187629323036655,7.9391525641065455,0.2617993877991417,0.0,-1.5428974778144693,190,180,180,100,190,190,180
16.189645051956177,0.07187629323036655,7.9391525641065455,0.2617993877991417,0.0,-1.5428974778144693,190,190,180,100,190,190,180
16.19987916946411,0.07162927592236353,7.930278429503789,0.2617993877991417,0.0,-1.5428544793273808,190,190,180,100,190,190,180
16.21007204055786,0.07162927592236353,7.930278429503789,0.2617993877991417,0.0,-1.5428544793273808,190,190,180,100,190,190,180
16.2202627658844,0.07162927592236353,7.930278429503789,0.2617993877991417,0.0,-1.5428544793273808,190,190,180,100,190,190,180
16.230441093444824,0.07138905871255981,7.921654363710157,0.2617993877991417,0.0,-1.54281863874428,190,190,190,100,190,190,180
16.240620851516724,0.07138905871255981,7.921654363710157,0.2617993877991417,0.0,-1.54281863874428,190,190,190,100,190,190,180
16.252323150634766,0.07138905871255981,7.921654363710157,0.2617993877991417,0.0,-1.54281863874428,190,190,190,100,190,190,180
16.26250147819519,0.07114827464433689,7.913019565568566,0.2617993877991417,0.0,-1.5427867354304958,190,190,190,100,190,190,180
16.272727251052856,0.07114827464433689,7.913019565568566,0.2617993877991417,0.0,-1.5427867354304958,190,190,180,100,190,190,180
16.2916476726532,0.07114827464433689,7.913019565568566,0.2617993877991417,0.0,-1.5427867354304958,190,190,180,100,190,190,180
16.301835775375366,0.07089959213339125,7.904112683258713,0.2617993877991417,0.0,-1.5427530296240655,190,190,180,100,190,190,180
16.312020540237427,0.07089959213339125,7.904112683258713,0.2617993877991417,0.0,-1.5427530296240655,190,180,180,80,190,180,180
16.322202682495117,0.07089959213339125,7.904112683258713,0.2617993877991417,0.0,-1.5427530296240655,190,180,180,80,190,180,180
16.334531545639038,0.07089959213339125,7.904112683258713,0.2617993877991417,0.0,-1.5427530296240655,190,180,180,80,190,180,180
16.34472966194153,0.07065755103845409,7.89545783965496,0.2617993877991417,0.0,-1.5427212844405462,190,180,180,80,190,180,180
16.35491633415222,0.07065755103845409,7.89545783965496,0.2617993877991417,0.0,-1.5427212844405462,190,180,180,80,190,180,180
16.365128755569458,0.07041420181359098,7.886793408720218,0.2617993877991417,0.0,-1.5426964421697233,190,180,180,90,180,180,180
16.381080389022827,0.07041420181359098,7.886793408720218,0.2617993877991417,0.0,-1.5426964421697233,190,180,180,90,180,180,180
16.39129376411438,0.07041420181359098,7.886793408720218,0.2617993877991417,0.0,-1.5426964421697233,190,180,180,90,180,180,180
16.401479959487915,0.07016256039755184,7.8778606714352835,0.2617993877991417,0.0,-1.5426923478720873,190,180,180,120,180,180,180
16.41166925430298,0.07016256039755184,7.8778606714352835,0.2617993877991417,0.0,-1.5426923478720873,190,180,180,120,180,180,180
16.422876834869385,0.07016256039755184,7.8778606714352835,0.2617993877991417,0.0,-1.5426923478720873,190,180,180,120,180,180,180
16.43306875228882,0.06991682260726732,7.869197777703762,0.2617993877991417,0.0,-1.542713841026506,190,180,180,120,180,180,180
16.443288564682007,0.06991682260726732,7.869197777703762,0.2617993877991417,0.0,-1.542713841026506,190,180,180,170,180,180,180
16.45349407196045,0.06991682260726732,7.869197777703762,0.2617993877991417,0.0,-1.542713841026506,190,180,180,170,180,180,180
16.469085931777954,0.06967216749234599,7.860552690143095,0.2617993877991417,0.0,-1.5427331863900444,190,180,180,170,180,180,180
16.479313373565674,0.06967216749234599,7.860552690143095,0.2617993877991417,0.0,-1.5427331863900444,190,180,180,170,180,180,180
16.489590883255005,0.06967216749234599,7.860552690143095,0.2617993877991417,0.0,-1.5427331863900444,190,180,180,100,180,180,180
16.500423192977905,0.06942992034242476,7.851699322130689,0.2617993877991417,0.0,-1.5426579685394213,190,180,180,100,180,180,180
16.51609516143799,0.06942992034242476,7.851699322130689,0.2617993877991417,0.0,-1.5426579685394213,190,180,180,100,180,180,180
16.526275396347046,0.06942992034242476,7.851699322130689,0.2617993877991417,0.0,-1.5426579685394213,190,180,180,100,180,180,180
16.53645420074463,0.06918934154710452,7.84309776709315,0.2617993877991417,0.0,-1.5426265793189635,190,180,180,180,180,180,180
16.546640634536743,0.06918934154710452,7.84309776709315,0.2617993877991417,0.0,-1.5426265793189635,190,180,180,180,180,180,180
16.56532382965088,0.06918934154710452,7.84309776709315,0.2617993877991417,0.0,-1.5426265793189635,190,180,180,180,180,180,180
16.575546741485596,0.06894724585225019,7.834493006759097,0.2617993877991417,0.0,-1.5425777642760024,190,180,180,180,180,180,180
16.585781574249268,0.06894724585225019,7.834493006759097,0.2617993877991417,0.0,-1.5425777642760024,190,180,180,180,180,180,180
16.596384286880493,0.0686974089656883,7.825617672034997,0.2617993877991417,0.0,-1.5425348765903966,190,180,180,180,180,180,180
16.615450620651245,0.0686974089656883,7.825617672034997,0.2617993877991417,0.0,-1.5425348765903966,190,180,180,180,180,180,180
16.625646352767944,0.0686974089656883,7.825617672034997,0.2617993877991417,0.0,-1.5425348765903966,190,180,180,180,180,180,180
16.635830402374268,0.0684544087323708,7.8169922938054865,0.2617993877991417,0.0,-1.5424998773427583,190,180,180,170,180,180,180
16.646122932434082,0.0684544087323708,7.8169922938054865,0.2617993877991417,0.0,-1.5424998773427583,190,180,180,170,180,180,180
16.65630602836609,0.0684544087323708,7.8169922938054865,0.2617993877991417,0.0,-1.5424998773427583,190,180,180,170,180,180,180
16.666489601135254,0.06821083418637035,7.8083563413697386,0.2617993877991417,0.0,-1.5424676650549136,190,180,180,170,180,180,180
16.67666721343994,0.06821083418637035,7.8083563413697386,0.2617993877991417,0.0,-1.5424676650549136,190,180,180,170,180,180,180
16.686861276626587,0.06821083418637035,7.8083563413697386,0.2617993877991417,0.0,-1.5424676650549136,180,180,180,170,180,180,180
16.6970431804657,0.06795926993604356,7.799448274267332,0.2617993877991417,0.0,-1.5424338327383023,180,180,180,170,180,180,180
16.715088605880737,0.06795926993604356,7.799448274267332,0.2617993877991417,0.0,-1.5424338327383023,180,180,180,170,180,180,180
16.725343704223633,0.06795926993604356,7.799448274267332,0.2617993877991417,0.0,-1.5424338327383023,180,180,180,170,180,180,180
16.735541582107544,0.06771437006343946,7.790792299297726,0.2617993877991417,0.0,-1.5424023536660887,180,180,180,170,180,180,180
16.745793342590332,0.06771437006343946,7.790792299297726,0.2617993877991417,0.0,-1.5424023536660887,180,180,180,170,180,180,180
16.767354249954224,0.06746814986504343,7.782126854994416,0.2617993877991417,0.0,-1.5423786147691718,180,180,180,170,180,180,180
16.777565002441406,0.06746814986504343,7.782126854994416,0.2617993877991417,0.0,-1.5423786147691718,180,180,180,170,180,180,180
16.787752628326416,0.06746814986504343,7.782126854994416,0.2617993877991417,0.0,-1.5423786147691718,180,180,180,170,180,180,180
16.797925233840942,0.06721358622393592,7.7731943195019975,0.2617993877991417,0.0,-1.542379013082327,180,180,180,180,190,180,180
16.80812644958496,0.06721358622393592,7.7731943195019975,0.2617993877991417,0.0,-1.542379013082327,180,180,180,180,190,180,180
16.818637371063232,0.06721358622393592,7.7731943195019975,0.2617993877991417,0.0,-1.542379013082327,180,180,180,180,190,180,180
16.82880663871765,0.06721358622393592,7.7731943195019975,0.2617993877991417,0.0,-1.542379013082327,180,180,180,180,190,180,180
16.83899235725403,0.06696531910599642,7.764533152940491,0.2617993877991417,0.0,-1.5424018005825169,180,180,180,180,190,180,180
16.84915328025818,0.06696531910599642,7.764533152940491,0.2617993877991417,0.0,-1.5424018005825169,180,180,180,180,190,180,180
16.859339237213135,0.06696531910599642,7.764533152940491,0.2617993877991417,0.0,-1.5424018005825169,180,180,180,180,180,180,180
16.875027418136597,0.06671852498353648,7.755892156589348,0.2617993877991417,0.0,-1.5424247102046815,180,180,180,180,180,180,180
16.8852322101593,0.06671852498353648,7.755892156589348,0.2617993877991417,0.0,-1.5424247102046815,180,180,180,180,180,180,180
16.895408868789673,0.06671852498353648,7.755892156589348,0.2617993877991417,0.0,-1.5424247102046815,180,180,180,180,180,180,180
16.905595541000366,0.06647293639645328,7.747043537003586,0.2617993877991417,0.0,-1.5423253463110889,180,180,180,180,180,180,180
16.919647455215454,0.06647293639645328,7.747043537003586,0.2617993877991417,0.0,-1.5423253463110889,180,180,180,180,180,180,180
16.929832935333252,0.06623001583047673,7.738439699056833,0.2617993877991417,0.0,-1.542306357417075,180,180,180,180,180,180,180
16.940027952194214,0.06623001583047673,7.738439699056833,0.2617993877991417,0.0,-1.542306357417075,180,180,180,180,180,180,180
16.95023250579834,0.06623001583047673,7.738439699056833,0.2617993877991417,0.0,-1.542306357417075,180,180,180,170,180,180,180
16.967211484909058,0.06598503001377509,7.7298339912624545,0.2617993877991417,0.0,-1.5422590218848538,180,180,180,170,180,180,180
16.97742009162903,0.06598503001377509,7.7298339912624545,0.2617993877991417,0.0,-1.5422590218848538,180,180,180,170,180,180,180
16.987596035003662,0.06598503001377509,7.7298339912624545,0.2617993877991417,0.0,-1.5422590218848538,180,180,180,170,180,180,180
16.997795343399048,0.06573236895118241,7.720957502087681,0.2617993877991417,0.0,-1.5422163204933104,180,180,180,170,180,180,180
17.01753830909729,0.06573236895118241,7.720957502087681,0.2617993877991417,0.0,-1.5422163204933104,180,180,180,170,180,180,180
17.027726650238037,0.06573236895118241,7.720957502087681,0.2617993877991417,0.0,-1.5422163204933104,180,180,180,170,180,180,180
17.03792643547058,0.06548659319495533,7.712330897586866,0.2617993877991417,0.0,-1.5421819492187556,180,180,180,170,180,180,180
17.04828429222107,0.06548659319495533,7.712330897586866,0.2617993877991417,0.0,-1.5421819492187556,180,180,180,170,180,180,180
17.06541109085083,0.06524023590581901,7.703693863889303,0.2617993877991417,0.0,-1.5421493698171063,180,180,180,170,180,180,180
17.07564425468445,0.06524023590581901,7.703693863889303,0.2617993877991417,0.0,-1.5421493698171063,180,180,180,170,180,180,180
17.0858633518219,0.06524023590581901,7.703693863889303,0.2617993877991417,0.0,-1.5421493698171063,180,180,180,170,180,180,180
17.09604239463806,0.06524023590581901,7.703693863889303,0.2617993877991417,0.0,-1.5421493698171063,180,180,180,170,180,180,180
17.11420702934265,0.06498579768357128,7.6947846815145855,0.2617993877991417,0.0,-1.542115391934195,180,180,180,170,180,180,180
17.124796628952026,0.06498579768357128,7.6947846815145855,0.2617993877991417,0.0,-1.542115391934195,180,180,180,170,180,180,180
17.134993314743042,0.06473803575438693,7.686127629899698,0.2617993877991417,0.0,-1.5420843078389959,180,180,180,170,180,180,180
17.145183801651,0.06473803575438693,7.686127629899698,0.2617993877991417,0.0,-1.5420843078389959,180,180,180,170,180,180,180
17.155418395996094,0.06473803575438693,7.686127629899698,0.2617993877991417,0.0,-1.5420843078389959,180,180,180,170,180,180,180
17.16561007499695,0.06448896396619117,7.677461286475717,0.2617993877991417,0.0,-1.5420619437056298,180,180,180,170,180,180,180
17.175812482833862,0.06448896396619117,7.677461286475717,0.2617993877991417,0.0,-1.5420619437056298,180,180,180,170,180,180,180
17.18598175048828,0.06448896396619117,7.677461286475717,0.2617993877991417,0.0,-1.5420619437056298,180,180,180,170,180,180,180
17.1961567401886,0.06448896396619117,7.677461286475717,0.2617993877991417,0.0,-1.5420619437056298,180,180,180,160,180,180,180
17.20636510848999,0.06423143349208099,7.668529221143239,0.2617993877991417,0.0,-1.5420668405992615,180,180,180,160,180,180,180
17.216631650924683,0.06423143349208099,7.668529221143239,0.2617993877991417,0.0,-1.5420668405992615,180,180,180,160,180,180,180
17.22681474685669,0.06423143349208099,7.668529221143239,0.2617993877991417,0.0,-1.5420668405992615,180,180,180,160,180,180,180
17.237043619155884,0.06398096852429465,7.659869845181665,0.2617993877991417,0.0,-1.5420904693587922,180,180,180,150,180,180,180
17.247217178344727,0.06398096852429465,7.659869845181665,0.2617993877991417,0.0,-1.5420904693587922,180,180,180,150,180,180,180
17.25739884376526,0.06398096852429465,7.659869845181665,0.2617993877991417,0.0,-1.5420904693587922,180,180,180,150,180,180,180
17.268831253051758,0.06373267955703713,7.651233794869652,0.2617993877991417,0.0,-1.5421182142194265,180,180,180,150,180,180,180
17.279041528701782,0.06373267955703713,7.651233794869652,0.2617993877991417,0.0,-1.5421182142194265,180,180,180,150,180,180,180
17.289224863052368,0.06373267955703713,7.651233794869652,0.2617993877991417,0.0,-1.5421182142194265,180,180,180,160,180,180,180
17.29968523979187,0.0634829772342527,7.642388014670564,0.2617993877991417,0.0,-1.5420017688003356,180,180,180,160,180,180,180
17.309975147247314,0.0634829772342527,7.642388014670564,0.2617993877991417,0.0,-1.5420017688003356,180,180,180,160,180,180,180
17.32028889656067,0.0634829772342527,7.642388014670564,0.2617993877991417,0.0,-1.5420017688003356,180,180,180,160,180,180,180
17.330496549606323,0.06323752525595579,7.633782769609698,0.2617993877991417,0.0,-1.5419864619068613,180,180,180,160,180,180,180
17.340731382369995,0.06323752525595579,7.633782769609698,0.2617993877991417,0.0,-1.5419864619068613,180,180,180,160,180,180,180
17.35095739364624,0.06323752525595579,7.633782769609698,0.2617993877991417,0.0,-1.5419864619068613,180,180,180,160,180,180,180
17.366968870162964,0.06298981488447306,7.625176075895302,0.2617993877991417,0.0,-1.5419397596124509,180,180,180,160,180,180,180
17.377227783203125,0.06298981488447306,7.625176075895302,0.2617993877991417,0.0,-1.5419397596124509,180,180,180,160,180,180,180
17.387474298477173,0.06298981488447306,7.625176075895302,0.2617993877991417,0.0,-1.5419397596124509,180,180,180,160,180,180,180
17.397670030593872,0.06273431218677158,7.616298367013662,0.2617993877991417,0.0,-1.5418972592918485,180,180,180,160,180,180,180
17.407898902893066,0.06273431218677158,7.616298367013662,0.2617993877991417,0.0,-1.5418972592918485,180,180,180,160,180,180,180
17.418145656585693,0.06273431218677158,7.616298367013662,0.2617993877991417,0.0,-1.5418972592918485,180,180,180,160,180,180,180
17.428370714187622,0.06273431218677158,7.616298367013662,0.2617993877991417,0.0,-1.5418972592918485,180,180,180,160,180,180,180
17.43859624862671,0.06248575211952086,7.607670501591628,0.2617993877991417,0.0,-1.5418633087554063,180,180,180,160,180,180,180
17.448795795440674,0.06248575211952086,7.607670501591628,0.2617993877991417,0.0,-1.5418633087554063,180,180,180,160,180,180,180
17.459020614624023,0.06248575211952086,7.607670501591628,0.2617993877991417,0.0,-1.5418633087554063,180,180,180,160,180,180,180
17.47381615638733,0.06223660470218262,7.599032320787734,0.2617993877991417,0.0,-1.5418304220405694,180,180,180,160,180,180,180
17.484023809432983,0.06223660470218262,7.599032320787734,0.2617993877991417,0.0,-1.5418304220405694,180,180,180,160,180,180,180
17.494215726852417,0.06223660470218262,7.599032320787734,0.2617993877991417,0.0,-1.5418304220405694,180,180,180,160,180,180,180
17.504626512527466,0.06197928323291356,7.590121966852574,0.2617993877991417,0.0,-1.5417963398086327,180,180,180,160,180,180,180
17.521193265914917,0.06197928323291356,7.590121966852574,0.2617993877991417,0.0,-1.5417963398086327,180,180,180,160,180,180,180
17.531412839889526,0.06172864078884377,7.581463776138038,0.2617993877991417,0.0,-1.5417659602645994,180,180,180,160,180,180,180
17.54161524772644,0.06172864078884377,7.581463776138038,0.2617993877991417,0.0,-1.5417659602645994,180,180,180,160,180,180,180
17.551838159561157,0.06172864078884377,7.581463776138038,0.2617993877991417,0.0,-1.5417659602645994,180,180,180,160,180,180,180
17.56206727027893,0.06172864078884377,7.581463776138038,0.2617993877991417,0.0,-1.5417659602645994,180,180,180,160,180,180,180
17.574668169021606,0.0614767161446183,7.572796575727033,0.2617993877991417,0.0,-1.541745529729001,180,180,180,160,180,180,180
17.584858179092407,0.0614767161446183,7.572796575727033,0.2617993877991417,0.0,-1.541745529729001,180,180,180,160,180,180,180
17.595054626464844,0.0614767161446183,7.572796575727033,0.2617993877991417,0.0,-1.541745529729001,180,180,180,160,180,180,180
17.605281591415405,0.06121617439899332,7.5638651998381246,0.2617993877991417,0.0,-1.541755044060113,180,180,180,160,180,180,180
17.62127161026001,0.06121617439899332,7.5638651998381246,0.2617993877991417,0.0,-1.541755044060113,180,180,180,160,180,180,180
17.631497621536255,0.06096375128362406,7.555207628311278,0.2617993877991417,0.0,-1.5417788652655813,180,180,180,160,180,180,180
17.641735315322876,0.06096375128362406,7.555207628311278,0.2617993877991417,0.0,-1.5417788652655813,180,180,180,160,180,180,180
17.651958227157593,0.06096375128362406,7.555207628311278,0.2617993877991417,0.0,-1.5417788652655813,180,180,180,160,180,180,180
17.667157888412476,0.06096375128362406,7.555207628311278,0.2617993877991417,0.0,-1.5417788652655813,180,180,180,160,180,180,180
17.677526235580444,0.06071424809466805,7.5465774027183326,0.2617993877991417,0.0,-1.541810031860636,180,180,180,160,180,180,180
17.687724351882935,0.06071424809466805,7.5465774027183326,0.2617993877991417,0.0,-1.541810031860636,180,180,180,170,180,180,180
17.698009967803955,0.06046010688816764,7.537732292829194,0.2617993877991417,0.0,-1.5416856916416728,180,180,180,170,180,180,180
17.708390474319458,0.06046010688816764,7.537732292829194,0.2617993877991417,0.0,-1.5416856916416728,180,180,180,170,180,180,180
17.71859312057495,0.06046010688816764,7.537732292829194,0.2617993877991417,0.0,-1.5416856916416728,180,180,180,170,180,180,180
17.728803873062134,0.06046010688816764,7.537732292829194,0.2617993877991417,0.0,-1.5416856916416728,180,180,180,170,180,180,180
17.73904538154602,0.060211921789862,7.529126862858377,0.2617993877991417,0.0,-1.5416643114945807,180,180,180,170,180,180,180
17.749297380447388,0.060211921789862,7.529126862858377,0.2617993877991417,0.0,-1.5416643114945807,180,180,180,170,180,180,180
17.764099836349487,0.060211921789862,7.529126862858377,0.2617993877991417,0.0,-1.5416643114945807,180,180,180,170,180,180,180
17.77449369430542,0.05996151724204069,7.520519280754984,0.2617993877991417,0.0,-1.5416179014074127,180,180,180,170,180,180,180
17.784714460372925,0.05996151724204069,7.520519280754984,0.2617993877991417,0.0,-1.5416179014074127,190,130,180,150,180,180,180
17.794946670532227,0.05996151724204069,7.520519280754984,0.2617993877991417,0.0,-1.5416179014074127,190,130,180,150,180,180,180
17.805200338363647,0.0597031368825917,7.511640391306933,0.2617993877991417,0.0,-1.541575677228498,190,130,180,150,180,180,180
17.8174307346344,0.0597031368825917,7.511640391306933,0.2617993877991417,0.0,-1.541575677228498,190,130,180,150,180,180,180
17.827662467956543,0.0597031368825917,7.511640391306933,0.2617993877991417,0.0,-1.541575677228498,190,130,180,150,180,180,180
17.837905645370483,0.05945176958791727,7.5030113494971475,0.2617993877991417,0.0,-1.5415419901287675,180,130,180,150,180,180,180
17.84819006919861,0.05945176958791727,7.5030113494971475,0.2617993877991417,0.0,-1.5415419901287675,180,130,180,150,180,180,180
17.863937377929688,0.059199810447281724,7.494372080014959,0.2617993877991417,0.0,-1.5415088368570067,180,130,180,150,180,180,180
17.87418484687805,0.059199810447281724,7.494372080014959,0.2617993877991417,0.0,-1.5415088368570067,180,130,180,150,180,180,180
17.88439702987671,0.059199810447281724,7.494372080014959,0.2617993877991417,0.0,-1.5415088368570067,180,180,180,160,180,180,180
17.894792556762695,0.059199810447281724,7.494372080014959,0.2617993877991417,0.0,-1.5415088368570067,180,180,180,160,180,180,180
17.905510187149048,0.05893958310558527,7.485460625239825,0.2617993877991417,0.0,-1.5414746538762585,180,180,180,160,180,180,180
17.915739059448242,0.05893958310558527,7.485460625239825,0.2617993877991417,0.0,-1.5414746538762585,180,180,180,160,180,180,180
17.9259672164917,0.05893958310558527,7.485460625239825,0.2617993877991417,0.0,-1.5414746538762585,180,180,180,160,180,180,180
17.93616771697998,0.05868603469304133,7.476801360688942,0.2617993877991417,0.0,-1.5414451077024744,180,180,180,160,180,180,180
17.94639015197754,0.05868603469304133,7.476801360688942,0.2617993877991417,0.0,-1.5414451077024744,180,180,180,160,180,180,180
17.956587314605713,0.05868603469304133,7.476801360688942,0.2617993877991417,0.0,-1.5414451077024744,180,180,180,160,180,180,180
17.968812942504883,0.05868603469304133,7.476801360688942,0.2617993877991417,0.0,-1.5414451077024744,180,180,180,160,180,180,180
17.9790780544281,0.05843124152412798,7.468133469446957,0.2617993877991417,0.0,-1.5414270002282533,180,180,180,160,180,180,180
17.98925232887268,0.05843124152412798,7.468133469446957,0.2617993877991417,0.0,-1.5414270002282533,180,180,180,160,180,180,180
17.999457597732544,0.05816765060075355,7.459203028141749,0.2617993877991417,0.0,-1.5414409040350099,180,180,180,160,180,180,180
18.01936650276184,0.05816765060075355,7.459203028141749,0.2617993877991417,0.0,-1.5414409040350099,180,180,180,160,180,180,180
18.02957797050476,0.057913116932026366,7.450547316181756,0.2617993877991417,0.0,-1.5414643373195427,180,180,180,160,180,180,180
18.039769649505615,0.057913116932026366,7.450547316181756,0.2617993877991417,0.0,-1.5414643373195427,180,180,180,160,180,180,180
18.049978256225586,0.057913116932026366,7.450547316181756,0.2617993877991417,0.0,-1.5414643373195427,190,180,180,160,180,180,180
18.067376375198364,0.057662435229330164,7.441923795720936,0.2617993877991417,0.0,-1.5414940654250078,190,180,180,160,180,180,180
18.077609062194824,0.057662435229330164,7.441923795720936,0.2617993877991417,0.0,-1.5414940654250078,190,180,180,160,180,180,180
18.087811708450317,0.057662435229330164,7.441923795720936,0.2617993877991417,0.0,-1.5414940654250078,190,180,180,150,180,180,180
18.098074197769165,0.05740400286548275,7.433077035492674,0.2617993877991417,0.0,-1.5413736148680337,190,180,180,150,180,180,180
18.11572551727295,0.05740400286548275,7.433077035492674,0.2617993877991417,0.0,-1.5413736148680337,190,180,180,150,180,180,180
18.125967264175415,0.05740400286548275,7.433077035492674,0.2617993877991417,0.0,-1.5413736148680337,190,180,180,150,180,180,180
18.136138677597046,0.05715297663411374,7.424471860904602,0.2617993877991417,0.0,-1.5413446772904018,190,180,180,150,180,180,180
18.146342754364014,0.05715297663411374,7.424471860904602,0.2617993877991417,0.0,-1.5413446772904018,180,180,180,150,180,180,180
18.168222904205322,0.05689985536793498,7.415863306590397,0.2617993877991417,0.0,-1.5412985332581823,180,180,180,150,180,180,180
18.178417205810547,0.05689985536793498,7.415863306590397,0.2617993877991417,0.0,-1.5412985332581823,180,180,180,150,180,180,180
18.18860411643982,0.05689985536793498,7.415863306590397,0.2617993877991417,0.0,-1.5412985332581823,180,180,160,140,160,180,180
18.19879174232483,0.05663861367528401,7.4069831197659735,0.2617993877991417,0.0,-1.5412569518587327,180,180,160,140,160,180,180
18.216737270355225,0.05663861367528401,7.4069831197659735,0.2617993877991417,0.0,-1.5412569518587327,180,180,160,140,160,180,180
18.226966857910156,0.05663861367528401,7.4069831197659735,0.2617993877991417,0.0,-1.5412569518587327,180,180,160,140,160,180,180
18.237173318862915,0.056384460532445266,7.39835283347112,0.2617993877991417,0.0,-1.5412235928529627,180,180,160,140,160,180,180
18.24739384651184,0.056384460532445266,7.39835283347112,0.2617993877991417,0.0,-1.5412235928529627,190,120,110,140,150,180,180
18.26921010017395,0.056129711777075667,7.3897124069469955,0.2617993877991417,0.0,-1.5411902513841664,190,120,110,140,150,180,180
18.279414176940918,0.056129711777075667,7.3897124069469955,0.2617993877991417,0.0,-1.5411902513841664,190,120,110,140,150,180,180
18.289605379104614,0.056129711777075667,7.3897124069469955,0.2617993877991417,0.0,-1.5411902513841664,190,120,110,140,180,180,180
18.29981803894043,0.05586660176813913,7.380799795829634,0.2617993877991417,0.0,-1.5411560641787359,190,120,110,140,180,180,180
18.315788984298706,0.05586660176813913,7.380799795829634,0.2617993877991417,0.0,-1.5411560641787359,190,120,110,140,180,180,180
18.3259699344635,0.05586660176813913,7.380799795829634,0.2617993877991417,0.0,-1.5411560641787359,190,120,110,140,180,180,180
18.33613610267639,0.05561015370429455,7.372139421203442,0.2617993877991417,0.0,-1.5411274846115999,190,120,110,140,180,180,180
18.34635829925537,0.05561015370429455,7.372139421203442,0.2617993877991417,0.0,-1.5411274846115999,190,120,110,140,160,180,180
18.364306211471558,0.05561015370429455,7.372139421203442,0.2617993877991417,0.0,-1.5411274846115999,190,120,110,140,160,180,180
18.374486684799194,0.0553525226953558,7.3634709281890816,0.2617993877991417,0.0,-1.5411120343029796,190,120,110,140,160,180,180
18.38466453552246,0.0553525226953558,7.3634709281890816,0.2617993877991417,0.0,-1.5411120343029796,190,120,110,140,160,180,180
18.394837141036987,0.0553525226953558,7.3634709281890816,0.2617993877991417,0.0,-1.5411120343029796,190,120,110,150,170,180,180
18.40500235557556,0.05508592222681524,7.354541564621826,0.2617993877991417,0.0,-1.541129634185622,190,120,110,150,170,180,180
18.417398691177368,0.05508592222681524,7.354541564621826,0.2617993877991417,0.0,-1.541129634185622,190,120,110,150,170,180,180
18.427581787109375,0.05508592222681524,7.354541564621826,0.2617993877991417,0.0,-1.541129634185622,190,120,110,150,170,180,180
18.43775463104248,0.05482872128989832,7.3458878883971055,0.2617993877991417,0.0,-1.5411523700478609,190,120,110,150,170,180,180
18.447962999343872,0.05482872128989832,7.3458878883971055,0.2617993877991417,0.0,-1.5411523700478609,180,180,120,140,180,180,180
18.462769746780396,0.05482872128989832,7.3458878883971055,0.2617993877991417,0.0,-1.5411523700478609,180,180,120,140,180,180,180
18.472959756851196,0.05457706478278851,7.337271669999808,0.2617993877991417,0.0,-1.5411731661759227,180,180,120,140,180,180,180
18.483131647109985,0.05457706478278851,7.337271669999808,0.2617993877991417,0.0,-1.5411731661759227,180,180,120,140,180,180,180
18.493306159973145,0.05457706478278851,7.337271669999808,0.2617993877991417,0.0,-1.5411731661759227,190,180,120,140,160,180,180
18.503499269485474,0.05431501025284911,7.3284228588514715,0.2617993877991417,0.0,-1.5410584490447279,190,180,120,140,160,180,180
18.51677942276001,0.05431501025284911,7.3284228588514715,0.2617993877991417,0.0,-1.5410584490447279,190,180,120,140,160,180,180
18.526995420455933,0.05431501025284911,7.3284228588514715,0.2617993877991417,0.0,-1.5410584490447279,190,180,120,140,160,180,180
18.53719472885132,0.054060872746480394,7.319818588316696,0.2617993877991417,0.0,-1.5410194473712922,190,180,120,140,160,180,180
18.54741096496582,0.054060872746480394,7.319818588316696,0.2617993877991417,0.0,-1.5410194473712922,180,180,140,140,180,180,180
18.565285205841064,0.05380493856858093,7.311209025245377,0.2617993877991417,0.0,-1.5409742601224448,180,180,140,140,180,180,180
18.57547163963318,0.05380493856858093,7.311209025245377,0.2617993877991417,0.0,-1.5409742601224448,180,180,140,140,180,180,180
18.585672616958618,0.05380493856858093,7.311209025245377,0.2617993877991417,0.0,-1.5409742601224448,180,180,140,140,180,180,180
18.596115350723267,0.05354078677563088,7.3023275890342365,0.2617993877991417,0.0,-1.540933371403615,190,180,150,180,180,180,180
18.61613392829895,0.05354078677563088,7.3023275890342365,0.2617993877991417,0.0,-1.540933371403615,190,180,150,180,180,180,180
18.626366138458252,0.05354078677563088,7.3023275890342365,0.2617993877991417,0.0,-1.540933371403615,190,180,150,180,180,180,180
18.636577606201172,0.05328380631286704,7.293696143325873,0.2617993877991417,0.0,-1.5409001996720115,190,180,150,180,180,180,180
18.64689326286316,0.05328380631286704,7.293696143325873,0.2617993877991417,0.0,-1.5409001996720115,180,130,150,140,180,180,180
18.664315223693848,0.05302622566947359,7.285054624619481,0.2617993877991417,0.0,-1.5408666768505417,180,130,150,140,180,180,180
18.674512147903442,0.05302622566947359,7.285054624619481,0.2617993877991417,0.0,-1.5408666768505417,180,130,150,140,180,180,180
18.68471121788025,0.05302622566947359,7.285054624619481,0.2617993877991417,0.0,-1.5408666768505417,180,180,140,140,180,180,180
18.695084810256958,0.05302622566947359,7.285054624619481,0.2617993877991417,0.0,-1.5408666768505417,180,180,140,140,180,180,180
18.705331563949585,0.05276018504329662,7.276140922652268,0.2617993877991417,0.0,-1.5408325423899427,180,180,140,140,180,180,180
18.71584987640381,0.05276018504329662,7.276140922652268,0.2617993877991417,0.0,-1.5408325423899427,180,180,140,140,180,180,180
18.726030111312866,0.05276018504329662,7.276140922652268,0.2617993877991417,0.0,-1.5408325423899427,180,180,140,140,180,180,180
18.7362117767334,0.05250079318217163,7.26747952302874,0.2617993877991417,0.0,-1.5408049741961878,180,180,140,140,180,180,180
18.746410369873047,0.05250079318217163,7.26747952302874,0.2617993877991417,0.0,-1.5408049741961878,180,180,150,180,180,180,180
18.7566499710083,0.05250079318217163,7.26747952302874,0.2617993877991417,0.0,-1.5408049741961878,180,180,150,180,180,180,180
18.76722812652588,0.05224029473815928,7.2588106160475965,0.2617993877991417,0.0,-1.5407924929164136,180,180,150,180,180,180,180
18.777459859848022,0.05224029473815928,7.2588106160475965,0.2617993877991417,0.0,-1.5407924929164136,180,180,150,180,180,180,180
18.78765034675598,0.05224029473815928,7.2588106160475965,0.2617993877991417,0.0,-1.5407924929164136,180,180,150,180,180,180,180
18.797860145568848,0.05197062699562929,7.249882505275786,0.2617993877991417,0.0,-1.5408131701698013,180,180,150,140,180,180,180
18.816418170928955,0.05197062699562929,7.249882505275786,0.2617993877991417,0.0,-1.5408131701698013,180,180,150,140,180,180,180
18.826653718948364,0.05197062699562929,7.249882505275786,0.2617993877991417,0.0,-1.5408131701698013,180,180,150,140,180,180,180
18.836877822875977,0.05171027442445513,7.241231192524961,0.2617993877991417,0.0,-1.540835255027363,190,180,150,140,140,180,180
18.847094774246216,0.05171027442445513,7.241231192524961,0.2617993877991417,0.0,-1.540835255027363,190,180,150,140,140,180,180
18.863975286483765,0.05145757917662198,7.2326224614225,0.2617993877991417,0.0,-1.5408379657805884,190,180,150,140,140,180,180
18.87418246269226,0.05145757917662198,7.2326224614225,0.2617993877991417,0.0,-1.5408379657805884,190,180,150,140,140,180,180
18.884388208389282,0.05145757917662198,7.2326224614225,0.2617993877991417,0.0,-1.5408379657805884,190,180,150,140,140,180,180
18.89460015296936,0.05145757917662198,7.2326224614225,0.2617993877991417,0.0,-1.5408379657805884,180,180,150,140,180,180,180
18.90484309196472,0.05119230872780238,7.223769933384008,0.2617993877991417,0.0,-1.540743072930837,180,180,150,140,180,180,180
18.917433738708496,0.05119230872780238,7.223769933384008,0.2617993877991417,0.0,-1.540743072930837,180,180,150,140,180,180,180
18.927755117416382,0.05119230872780238,7.223769933384008,0.2617993877991417,0.0,-1.540743072930837,180,180,150,140,180,180,180
18.938103914260864,0.05093507826414889,7.215166369998445,0.2617993877991417,0.0,-1.5406960770292673,180,180,150,140,130,140,180
18.94840097427368,0.05093507826414889,7.215166369998445,0.2617993877991417,0.0,-1.5406960770292673,180,180,150,140,130,140,180
18.965655088424683,0.05093507826414889,7.215166369998445,0.2617993877991417,0.0,-1.5406960770292673,180,180,150,140,130,140,180
18.976402521133423,0.050676350188399916,7.206555654689842,0.2617993877991417,0.0,-1.5406521971323757,180,180,150,140,130,140,180
18.98717212677002,0.050676350188399916,7.206555654689842,0.2617993877991417,0.0,-1.5406521971323757,180,180,150,140,130,140,180
18.997474193572998,0.05040931027599858,7.197672889982227,0.2617993877991417,0.0,-1.5406121052610031,180,180,160,140,180,150,180
19.016360759735107,0.05040931027599858,7.197672889982227,0.2617993877991417,0.0,-1.5406121052610031,180,180,160,140,180,150,180
19.026653051376343,0.05040931027599858,7.197672889982227,0.2617993877991417,0.0,-1.5406121052610031,180,180,160,140,180,150,180
19.036850214004517,0.05014951920677357,7.189040237710978,0.2617993877991417,0.0,-1.5405790287521766,180,180,160,140,180,150,180
19.047104835510254,0.05014951920677357,7.189040237710978,0.2617993877991417,0.0,-1.5405790287521766,180,180,160,140,180,150,180
19.066124439239502,0.04988912272564973,7.180397565597285,0.2617993877991417,0.0,-1.540545360635239,180,180,160,140,180,150,180
19.076348543167114,0.04988912272564973,7.180397565597285,0.2617993877991417,0.0,-1.540545360635239,180,180,160,140,180,150,180
19.086561918258667,0.04988912272564973,7.180397565597285,0.2617993877991417,0.0,-1.540545360635239,180,180,160,140,170,180,180
19.096768379211426,0.049620156631983214,7.171482717882613,0.2617993877991417,0.0,-1.5405114048410768,180,180,160,140,170,180,180
19.106952667236328,0.049620156631983214,7.171482717882613,0.2617993877991417,0.0,-1.5405114048410768,180,180,160,140,170,180,180
19.118424892425537,0.049620156631983214,7.171482717882613,0.2617993877991417,0.0,-1.5405114048410768,180,180,160,140,170,180,180
19.12864661216736,0.049620156631983214,7.171482717882613,0.2617993877991417,0.0,-1.5405114048410768,180,180,160,140,170,180,180
19.138842582702637,0.04935783814396598,7.162820262168989,0.2617993877991417,0.0,-1.5404850266699661,180,180,160,140,170,160,180
19.14906644821167,0.04935783814396598,7.162820262168989,0.2617993877991417,0.0,-1.5404850266699661,180,180,160,140,170,160,180
19.15927290916443,0.04935783814396598,7.162820262168989,0.2617993877991417,0.0,-1.5404850266699661,180,180,160,140,170,160,180
19.169503211975098,0.04909450640453365,7.154151056482801,0.2617993877991417,0.0,-1.5404759607330114,180,180,160,140,170,160,180
19.179713010787964,0.04909450640453365,7.154151056482801,0.2617993877991417,0.0,-1.5404759607330114,180,180,160,140,170,160,180
19.189911127090454,0.04909450640453365,7.154151056482801,0.2617993877991417,0.0,-1.5404759607330114,180,180,160,140,170,160,180
19.200149536132812,0.04882179958768618,7.14522433876397,0.2617993877991417,0.0,-1.5404991944877262,180,180,160,140,170,160,180
19.21510362625122,0.04882179958768618,7.14522433876397,0.2617993877991417,0.0,-1.5404991944877262,180,180,160,140,170,160,180
19.22532844543457,0.04882179958768618,7.14522433876397,0.2617993877991417,0.0,-1.5404991944877262,180,180,160,140,170,160,180
19.235533475875854,0.04855832239394115,7.1365758091203295,0.2617993877991417,0.0,-1.5405213191116316,180,180,160,140,150,160,180
19.24576163291931,0.04855832239394115,7.1365758091203295,0.2617993877991417,0.0,-1.5405213191116316,180,180,160,140,150,160,180
19.264512062072754,0.04855832239394115,7.1365758091203295,0.2617993877991417,0.0,-1.5405213191116316,180,180,160,140,150,160,180
19.274721145629883,0.0483041631793672,7.1279743578364805,0.2617993877991417,0.0,-1.5404970034431869,180,180,160,140,150,160,180
19.285006999969482,0.0483041631793672,7.1279743578364805,0.2617993877991417,0.0,-1.5404970034431869,180,180,160,140,150,160,180
19.295242309570312,0.0483041631793672,7.1279743578364805,0.2617993877991417,0.0,-1.5404970034431869,180,180,150,140,140,160,180
19.314358949661255,0.04803624216285062,7.119118123117404,0.2617993877991417,0.0,-1.5404265850918755,180,180,150,140,140,160,180
19.324597120285034,0.04803624216285062,7.119118123117404,0.2617993877991417,0.0,-1.5404265850918755,180,180,150,140,140,160,180
19.334819316864014,0.047775828183974446,7.110514822658251,0.2617993877991417,0.0,-1.540375808934162,180,180,150,140,140,160,180
19.34502124786377,0.047775828183974446,7.110514822658251,0.2617993877991417,0.0,-1.540375808934162,180,170,160,140,180,160,180
19.365488290786743,0.04751432656994226,7.101902992235696,0.2617993877991417,0.0,-1.5403320778162248,180,170,160,140,180,160,180
19.375842332839966,0.04751432656994226,7.101902992235696,0.2617993877991417,0.0,-1.5403320778162248,180,170,160,140,180,160,180
19.38605809211731,0.04751432656994226,7.101902992235696,0.2617993877991417,0.0,-1.5403320778162248,180,170,160,140,180,160,180
19.396284341812134,0.04751432656994226,7.101902992235696,0.2617993877991417,0.0,-1.5403320778162248,180,170,160,140,180,160,180
19.406592845916748,0.047244416954189745,7.093018965385981,0.2617993877991417,0.0,-1.540292715895669,180,170,160,140,180,160,180
19.4196879863739,0.047244416954189745,7.093018965385981,0.2617993877991417,0.0,-1.540292715895669,180,170,160,140,180,160,180
19.429919481277466,0.04698183194295642,7.084385192325395,0.2617993877991417,0.0,-1.5402595729881299,180,170,160,140,180,160,180
19.440114974975586,0.04698183194295642,7.084385192325395,0.2617993877991417,0.0,-1.5402595729881299,180,170,150,140,180,180,180
19.450327157974243,0.04698183194295642,7.084385192325395,0.2617993877991417,0.0,-1.5402595729881299,180,170,150,140,180,180,180
19.46819519996643,0.04698183194295642,7.084385192325395,0.2617993877991417,0.0,-1.5402595729881299,180,170,150,140,180,180,180
19.47851037979126,0.046718635683093535,7.075741433391261,0.2617993877991417,0.0,-1.5402257441352338,180,170,150,140,180,180,180
19.48871421813965,0.046718635683093535,7.075741433391261,0.2617993877991417,0.0,-1.5402257441352338,180,170,150,140,180,180,180
19.498945236206055,0.046446747689844546,7.066825498672597,0.2617993877991417,0.0,-1.5401920371328595,180,170,150,140,180,180,180
19.50913906097412,0.046446747689844546,7.066825498672597,0.2617993877991417,0.0,-1.5401920371328595,180,170,150,140,180,180,180
19.519319534301758,0.046446747689844546,7.066825498672597,0.2617993877991417,0.0,-1.5401920371328595,180,170,150,140,180,180,180
19.529574155807495,0.046181534775057966,7.058162068135366,0.2617993877991417,0.0,-1.5401668581668824,180,170,150,140,180,180,180
19.539788722991943,0.046181534775057966,7.058162068135366,0.2617993877991417,0.0,-1.5401668581668824,180,180,150,140,180,150,180
19.549994230270386,0.046181534775057966,7.058162068135366,0.2617993877991417,0.0,-1.5401668581668824,180,180,150,140,180,150,180
19.566100120544434,0.045915398283083705,7.049492781092958,0.2617993877991417,0.0,-1.5401617435157262,180,180,150,140,180,150,180
19.576327800750732,0.045915398283083705,7.049492781092958,0.2617993877991417,0.0,-1.5401617435157262,180,180,150,140,180,150,180
19.586555242538452,0.045915398283083705,7.049492781092958,0.2617993877991417,0.0,-1.5401617435157262,180,180,150,140,180,150,180
19.59679889678955,0.045639835842419436,7.040567663753147,0.2617993877991417,0.0,-1.5401873578302945,180,180,140,130,180,180,180
19.61655831336975,0.045639835842419436,7.040567663753147,0.2617993877991417,0.0,-1.5401873578302945,180,180,140,130,180,180,180
19.62689781188965,0.045639835842419436,7.040567663753147,0.2617993877991417,0.0,-1.5401873578302945,180,180,140,130,180,180,180
19.637208938598633,0.045373450408936526,7.031922428486834,0.2617993877991417,0.0,-1.5402109387065246,180,180,140,140,120,180,180
19.64760398864746,0.045373450408936526,7.031922428486834,0.2617993877991417,0.0,-1.5402109387065246,180,180,140,140,120,180,180
19.667088270187378,0.045117133431639166,7.023327579460296,0.2617993877991417,0.0,-1.540155229800918,180,180,140,140,120,180,180
19.67743945121765,0.045117133431639166,7.023327579460296,0.2617993877991417,0.0,-1.540155229800918,180,180,140,140,120,180,180
19.687663078308105,0.045117133431639166,7.023327579460296,0.2617993877991417,0.0,-1.540155229800918,180,180,140,130,120,140,180
19.69787907600403,0.044846745162997546,7.014468486521854,0.2617993877991417,0.0,-1.5401054706444086,180,180,140,130,120,140,180
19.716825008392334,0.044846745162997546,7.014468486521854,0.2617993877991417,0.0,-1.5401054706444086,180,180,140,130,120,140,180
19.727108478546143,0.044846745162997546,7.014468486521854,0.2617993877991417,0.0,-1.5401054706444086,180,180,140,130,120,140,180
19.737298488616943,0.044583189117660134,7.005864723217448,0.2617993877991417,0.0,-1.5400542757329858,180,180,140,130,120,140,180
19.747530460357666,0.044583189117660134,7.005864723217448,0.2617993877991417,0.0,-1.5400542757329858,180,180,140,130,120,180,180
19.765819311141968,0.044318937850006845,6.997251721022208,0.2617993877991417,0.0,-1.5400105914562234,180,180,140,130,120,180,180
19.77607536315918,0.044318937850006845,6.997251721022208,0.2617993877991417,0.0,-1.5400105914562234,180,180,140,130,120,180,180
19.786319494247437,0.044318937850006845,6.997251721022208,0.2617993877991417,0.0,-1.5400105914562234,180,180,140,130,120,180,180
19.796538591384888,0.044318937850006845,6.997251721022208,0.2617993877991417,0.0,-1.5400105914562234,180,180,150,130,180,180,180
19.807024002075195,0.04404614373586163,6.988366340355503,0.2617993877991417,0.0,-1.5399721702320985,180,180,150,130,180,180,180
19.817344665527344,0.04404614373586163,6.988366340355503,0.2617993877991417,0.0,-1.5399721702320985,180,180,150,130,180,180,180
19.82756996154785,0.04404614373586163,6.988366340355503,0.2617993877991417,0.0,-1.5399721702320985,180,180,150,130,180,180,180
19.837810039520264,0.04378075056770459,6.979731401219631,0.2617993877991417,0.0,-1.5399388665873621,180,180,150,130,180,180,180
19.848151445388794,0.04378075056770459,6.979731401219631,0.2617993877991417,0.0,-1.5399388665873621,180,180,140,130,130,140,180
19.85840606689453,0.04378075056770459,6.979731401219631,0.2617993877991417,0.0,-1.5399388665873621,180,180,140,130,130,140,180
19.86862874031067,0.04351474064934067,6.971086497302051,0.2617993877991417,0.0,-1.5399049280945174,180,180,140,130,130,140,180
19.878825187683105,0.04351474064934067,6.971086497302051,0.2617993877991417,0.0,-1.5399049280945174,180,180,140,130,130,140,180
19.88902974128723,0.04351474064934067,6.971086497302051,0.2617993877991417,0.0,-1.5399049280945174,180,180,140,140,180,140,180
19.899255990982056,0.04323990183849862,6.9621694070305535,0.2617993877991417,0.0,-1.5398715248183061,180,180,140,140,180,140,180
19.909488439559937,0.04323990183849862,6.9621694070305535,0.2617993877991417,0.0,-1.5398715248183061,180,180,140,140,180,140,180
19.919764041900635,0.04323990183849862,6.9621694070305535,0.2617993877991417,0.0,-1.5398715248183061,180,180,140,140,180,140,180
19.929952144622803,0.04297178954555524,6.953504980312764,0.2617993877991417,0.0,-1.5398475017126654,180,180,140,140,180,140,180
19.940155029296875,0.04297178954555524,6.953504980312764,0.2617993877991417,0.0,-1.5398475017126654,180,180,140,140,180,140,180
19.950427055358887,0.04297178954555524,6.953504980312764,0.2617993877991417,0.0,-1.5398475017126654,180,180,140,140,180,140,180
19.960749864578247,0.04297178954555524,6.953504980312764,0.2617993877991417,0.0,-1.5398475017126654,180,180,140,140,180,140,180
19.971011877059937,0.042702817753211275,6.9448358057969966,0.2617993877991417,0.0,-1.539846970086291,180,180,140,140,180,140,180
19.981205940246582,0.042702817753211275,6.9448358057969966,0.2617993877991417,0.0,-1.539846970086291,180,180,140,140,180,140,180
19.99139928817749,0.042702817753211275,6.9448358057969966,0.2617993877991417,0.0,-1.539846970086291,180,180,140,140,180,140,180
20.001693964004517,0.04242463625984067,6.935912402873747,0.2617993877991417,0.0,-1.5398739193200603,180,170,140,140,140,180,180
20.015645265579224,0.04242463625984067,6.935912402873747,0.2617993877991417,0.0,-1.5398739193200603,180,170,140,140,140,180,180
20.025898933410645,0.04242463625984067,6.935912402873747,0.2617993877991417,0.0,-1.5398739193200603,180,170,140,140,140,180,180
20.03611993789673,0.04215585509823702,6.92727111117944,0.2617993877991417,0.0,-1.5399012725546046,180,170,140,140,140,180,180
20.046335220336914,0.04215585509823702,6.92727111117944,0.2617993877991417,0.0,-1.5399012725546046,180,160,140,130,140,180,180
20.056573390960693,0.04215585509823702,6.92727111117944,0.2617993877991417,0.0,-1.5399012725546046,180,160,140,130,140,180,180
20.06717586517334,0.041896473802133925,6.918681724094929,0.2617993877991417,0.0,-1.53981555566329,180,160,140,130,140,180,180
20.077403783798218,0.041896473802133925,6.918681724094929,0.2617993877991417,0.0,-1.53981555566329,180,160,140,130,140,180,180
20.087591886520386,0.041896473802133925,6.918681724094929,0.2617993877991417,0.0,-1.53981555566329,180,160,140,130,140,180,180
20.097905158996582,0.04162365986783191,6.9098202345397715,0.2617993877991417,0.0,-1.539781108679556,180,160,130,120,120,140,180
20.116798877716064,0.04162365986783191,6.9098202345397715,0.2617993877991417,0.0,-1.539781108679556,180,160,130,120,120,140,180
20.127108097076416,0.04162365986783191,6.9098202345397715,0.2617993877991417,0.0,-1.539781108679556,180,160,130,120,120,140,180
20.137348413467407,0.04135707581507489,6.901215652092224,0.2617993877991417,0.0,-1.5397307905321456,180,170,130,130,180,140,180
20.14758062362671,0.04135707581507489,6.901215652092224,0.2617993877991417,0.0,-1.5397307905321456,180,170,130,130,180,140,180
20.16652250289917,0.041090052931345204,6.892601523502789,0.2617993877991417,0.0,-1.539687361211731,180,170,130,130,180,140,180
20.176758289337158,0.041090052931345204,6.892601523502789,0.2617993877991417,0.0,-1.539687361211731,180,170,130,130,180,140,180
20.186947107315063,0.041090052931345204,6.892601523502789,0.2617993877991417,0.0,-1.539687361211731,180,170,130,130,180,140,180
20.197144269943237,0.0408143563593484,6.883714860456595,0.2617993877991417,0.0,-1.5396498105009284,180,170,130,130,120,180,180
20.214296102523804,0.0408143563593484,6.883714860456595,0.2617993877991417,0.0,-1.5396498105009284,180,170,130,130,120,180,180
20.224547386169434,0.0408143563593484,6.883714860456595,0.2617993877991417,0.0,-1.5396498105009284,180,170,130,130,120,180,180
20.23475694656372,0.04054613991150155,6.875078841300548,0.2617993877991417,0.0,-1.539616187250677,180,170,130,130,120,180,180
20.24498748779297,0.04054613991150155,6.875078841300548,0.2617993877991417,0.0,-1.539616187250677,180,180,140,130,110,130,180
20.255221366882324,0.04054613991150155,6.875078841300548,0.2617993877991417,0.0,-1.539616187250677,180,180,140,130,110,130,180
20.267430067062378,0.040277300458648295,6.866432860857426,0.2617993877991417,0.0,-1.5395821259774831,180,180,140,130,110,130,180
20.27765130996704,0.040277300458648295,6.866432860857426,0.2617993877991417,0.0,-1.5395821259774831,180,180,140,130,110,130,180
20.28784418106079,0.040277300458648295,6.866432860857426,0.2617993877991417,0.0,-1.5395821259774831,180,170,170,120,120,130,180
20.298274040222168,0.03999948109447784,6.857514673615855,0.2617993877991417,0.0,-1.539549072869858,180,170,170,120,120,130,180
20.308656215667725,0.03999948109447784,6.857514673615855,0.2617993877991417,0.0,-1.539549072869858,180,170,170,120,120,130,180
20.31904649734497,0.03999948109447784,6.857514673615855,0.2617993877991417,0.0,-1.539549072869858,180,170,170,120,120,130,180
20.329252243041992,0.03999948109447784,6.857514673615855,0.2617993877991417,0.0,-1.539549072869858,180,170,170,120,120,130,180
20.339495182037354,0.03972846948678511,6.848849341541687,0.2617993877991417,0.0,-1.5395262365383198,180,160,180,120,120,180,140
20.34972381591797,0.03972846948678511,6.848849341541687,0.2617993877991417,0.0,-1.5395262365383198,180,160,180,120,120,180,140
20.36705207824707,0.039456592876588786,6.84018056151398,0.2617993877991417,0.0,-1.539530561545348,180,160,180,120,120,180,140
20.3773090839386,0.039456592876588786,6.84018056151398,0.2617993877991417,0.0,-1.539530561545348,180,160,180,120,120,180,140
20.38750910758972,0.039456592876588786,6.84018056151398,0.2617993877991417,0.0,-1.539530561545348,180,160,140,120,110,180,180
20.39773201942444,0.03917606951989621,6.831258950377351,0.2617993877991417,0.0,-1.5395584241917695,180,160,140,120,110,180,180
20.414568185806274,0.03917606951989621,6.831258950377351,0.2617993877991417,0.0,-1.5395584241917695,180,160,140,120,110,180,180
20.424758195877075,0.03917606951989621,6.831258950377351,0.2617993877991417,0.0,-1.5395584241917695,180,160,140,120,110,180,180
20.43519115447998,0.03890555802186691,6.822622416591448,0.2617993877991417,0.0,-1.5395912846207052,180,160,140,120,110,180,180
20.445478439331055,0.03890555802186691,6.822622416591448,0.2617993877991417,0.0,-1.5395912846207052,180,160,140,120,120,130,140
20.455676555633545,0.03890555802186691,6.822622416591448,0.2617993877991417,0.0,-1.5395912846207052,180,160,140,120,120,130,140
20.467023611068726,0.038642257363572276,6.814036865539258,0.2617993877991417,0.0,-1.5394808658497465,180,160,140,120,120,130,140
20.47727632522583,0.038642257363572276,6.814036865539258,0.2617993877991417,0.0,-1.5394808658497465,180,160,140,120,120,130,140
20.487414598464966,0.038642257363572276,6.814036865539258,0.2617993877991417,0.0,-1.5394808658497465,180,160,140,120,120,130,140
20.49763035774231,0.03836688146794148,6.805173207524534,0.2617993877991417,0.0,-1.5394572716531019,180,160,160,120,120,180,140
20.514959573745728,0.03836688146794148,6.805173207524534,0.2617993877991417,0.0,-1.5394572716531019,180,160,160,120,120,180,140
20.525198459625244,0.03836688146794148,6.805173207524534,0.2617993877991417,0.0,-1.5394572716531019,180,160,160,120,120,180,140
20.53539252281189,0.0380974296464849,6.796567615494208,0.2617993877991417,0.0,-1.539408206546589,180,160,160,120,120,180,140
20.545593738555908,0.0380974296464849,6.796567615494208,0.2617993877991417,0.0,-1.539408206546589,180,160,170,110,120,180,140
20.56555676460266,0.0380974296464849,6.796567615494208,0.2617993877991417,0.0,-1.539408206546589,180,160,170,110,120,180,140
20.57594347000122,0.03782763226369732,6.787952313093024,0.2617993877991417,0.0,-1.5393649645339422,180,160,170,110,120,180,140
20.586137056350708,0.03782763226369732,6.787952313093024,0.2617993877991417,0.0,-1.5393649645339422,180,160,170,110,120,180,140
20.59648895263672,0.03782763226369732,6.787952313093024,0.2617993877991417,0.0,-1.5393649645339422,180,180,170,110,120,180,140
20.606907606124878,0.037549036547611825,6.7790643329757145,0.2617993877991417,0.0,-1.5393280548769677,180,180,170,110,120,180,140
20.61711812019348,0.037549036547611825,6.7790643329757145,0.2617993877991417,0.0,-1.5393280548769677,180,180,170,110,120,180,140
20.62736487388611,0.037549036547611825,6.7790643329757145,0.2617993877991417,0.0,-1.5393280548769677,180,180,170,110,120,180,140
20.637601613998413,0.03727799899733985,6.770427178458206,0.2617993877991417,0.0,-1.5392940959782722,170,180,170,110,120,180,140
20.648156881332397,0.03727799899733985,6.770427178458206,0.2617993877991417,0.0,-1.5392940959782722,170,180,170,110,120,180,140
20.65843653678894,0.03727799899733985,6.770427178458206,0.2617993877991417,0.0,-1.5392940959782722,170,180,170,110,120,180,140
20.66900086402893,0.03700633161088401,6.761780066484519,0.2617993877991417,0.0,-1.5392599426519151,170,180,170,110,120,180,140
20.679194688796997,0.03700633161088401,6.761780066484519,0.2617993877991417,0.0,-1.5392599426519151,170,180,170,110,120,180,140
20.689382553100586,0.03700633161088401,6.761780066484519,0.2617993877991417,0.0,-1.5392599426519151,170,180,170,110,120,180,140
20.699601411819458,0.0367255200317327,6.752860716854411,0.2617993877991417,0.0,-1.5392275453659305,180,180,120,110,120,180,140
20.72083616256714,0.0367255200317327,6.752860716854411,0.2617993877991417,0.0,-1.5392275453659305,180,180,120,110,120,180,140
20.731059551239014,0.03645162487478735,6.744194512946118,0.2617993877991417,0.0,-1.5392065205695358,180,180,120,110,120,180,140
20.74130129814148,0.03645162487478735,6.744194512946118,0.2617993877991417,0.0,-1.5392065205695358,180,180,120,110,120,180,140
20.751501083374023,0.03645162487478735,6.744194512946118,0.2617993877991417,0.0,-1.5392065205695358,180,180,120,120,110,180,180
20.76719856262207,0.03617680168673111,6.735526345812403,0.2617993877991417,0.0,-1.5392158887475025,180,180,120,120,110,180,180
20.777433156967163,0.03617680168673111,6.735526345812403,0.2617993877991417,0.0,-1.5392158887475025,180,180,120,120,110,180,180
20.78763484954834,0.03617680168673111,6.735526345812403,0.2617993877991417,0.0,-1.5392158887475025,180,180,120,120,120,180,180
20.797963619232178,0.03589420485175431,6.72660659506336,0.2617993877991417,0.0,-1.5392444870057165,180,180,120,120,120,180,180
20.814614057540894,0.03589420485175431,6.72660659506336,0.2617993877991417,0.0,-1.5392444870057165,180,180,120,120,120,180,180
20.824836015701294,0.03589420485175431,6.72660659506336,0.2617993877991417,0.0,-1.5392444870057165,180,180,120,120,120,180,180
20.835041284561157,0.03562248166809611,6.717975693998031,0.2617993877991417,0.0,-1.5392824471920086,180,180,120,120,120,180,180
20.845364332199097,0.03562248166809611,6.717975693998031,0.2617993877991417,0.0,-1.5392824471920086,180,180,120,100,130,180,180
20.865207195281982,0.03562248166809611,6.717975693998031,0.2617993877991417,0.0,-1.5392824471920086,180,180,120,100,130,180,180
20.875606060028076,0.035354764097204415,6.709392116410674,0.2617993877991417,0.0,-1.5391557063601906,180,180,120,100,130,180,180
20.88581657409668,0.035354764097204415,6.709392116410674,0.2617993877991417,0.0,-1.5391557063601906,180,180,180,100,140,180,180
20.896130800247192,0.035354764097204415,6.709392116410674,0.2617993877991417,0.0,-1.5391557063601906,180,180,180,100,140,180,180
20.906330347061157,0.0350766054447969,6.700526966634532,0.2617993877991417,0.0,-1.5391352302904406,180,180,180,100,140,180,180
20.91651725769043,0.0350766054447969,6.700526966634532,0.2617993877991417,0.0,-1.5391352302904406,180,180,180,100,140,180,180
20.92672371864319,0.0350766054447969,6.700526966634532,0.2617993877991417,0.0,-1.5391352302904406,180,180,180,100,140,180,180
20.936915636062622,0.03480442172968327,6.691920438784818,0.2617993877991417,0.0,-1.5390867827469905,180,180,180,100,140,180,180
20.947118520736694,0.03480442172968327,6.691920438784818,0.2617993877991417,0.0,-1.5390867827469905,180,180,180,110,180,180,180
20.957353830337524,0.03480442172968327,6.691920438784818,0.2617993877991417,0.0,-1.5390867827469905,180,180,180,110,180,180,180
20.968097686767578,0.0345318419212943,6.683304003195649,0.2617993877991417,0.0,-1.5390437899667795,180,180,180,110,180,180,180
20.978275060653687,0.0345318419212943,6.683304003195649,0.2617993877991417,0.0,-1.5390437899667795,180,180,180,110,180,180,180
20.988408088684082,0.0345318419212943,6.683304003195649,0.2617993877991417,0.0,-1.5390437899667795,180,180,180,100,180,180,180
20.9986093044281,0.03425035587916912,6.674414799945685,0.2617993877991417,0.0,-1.5390072859782848,180,180,180,100,180,180,180
21.008827209472656,0.03425035587916912,6.674414799945685,0.2617993877991417,0.0,-1.5390072859782848,180,180,180,100,180,180,180
21.019145965576172,0.03425035587916912,6.674414799945685,0.2617993877991417,0.0,-1.5390072859782848,180,180,180,100,180,180,180
21.029433012008667,0.03397650862386588,6.665776567439569,0.2617993877991417,0.0,-1.5389730451760304,180,180,180,100,180,180,180
21.039648056030273,0.03397650862386588,6.665776567439569,0.2617993877991417,0.0,-1.5389730451760304,180,180,180,120,180,180,180
21.050438404083252,0.03397650862386588,6.665776567439569,0.2617993877991417,0.0,-1.5389730451760304,180,180,180,120,180,180,180
21.067692518234253,0.03397650862386588,6.665776567439569,0.2617993877991417,0.0,-1.5389730451760304,180,180,180,120,180,180,180
21.077919483184814,0.03370202330577757,6.657128391842685,0.2617993877991417,0.0,-1.5389387960294525,180,180,180,120,180,180,180
21.088106870651245,0.03370202330577757,6.657128391842685,0.2617993877991417,0.0,-1.5389387960294525,180,180,180,120,180,180,180
21.098329782485962,0.03341822567562048,6.648207942397118,0.2617993877991417,0.0,-1.5389072125114107,180,180,180,100,180,180,180
21.116935968399048,0.03341822567562048,6.648207942397118,0.2617993877991417,0.0,-1.5389072125114107,180,180,180,100,180,180,180
21.127155542373657,0.03341822567562048,6.648207942397118,0.2617993877991417,0.0,-1.5389072125114107,180,180,180,100,180,180,180
21.13737201690674,0.03314146537822828,6.639541028019485,0.2617993877991417,0.0,-1.5388884701019385,180,180,180,100,100,180,180
21.147554636001587,0.03314146537822828,6.639541028019485,0.2617993877991417,0.0,-1.5388884701019385,180,180,180,100,100,180,180
21.15782070159912,0.03314146537822828,6.639541028019485,0.2617993877991417,0.0,-1.5388884701019385,180,180,180,100,100,180,180
21.16805338859558,0.032863684027502206,6.630873720621327,0.2617993877991417,0.0,-1.5389027119846757,180,180,180,100,100,180,180
21.178266525268555,0.032863684027502206,6.630873720621327,0.2617993877991417,0.0,-1.5389027119846757,180,180,180,100,100,180,180
21.18847417831421,0.032863684027502206,6.630873720621327,0.2617993877991417,0.0,-1.5389027119846757,180,180,180,90,130,180,180
21.198728561401367,0.032578969151666956,6.621955886079753,0.2617993877991417,0.0,-1.5389314331595714,180,180,180,90,130,180,180
21.209019899368286,0.032578969151666956,6.621955886079753,0.2617993877991417,0.0,-1.5389314331595714,180,180,180,90,130,180,180
21.219229459762573,0.032578969151666956,6.621955886079753,0.2617993877991417,0.0,-1.5389314331595714,180,180,180,90,130,180,180
21.22948122024536,0.03230622026034204,6.613331409311557,0.2617993877991417,0.0,-1.5389706308824644,180,180,180,90,130,180,180
21.239666223526,0.03230622026034204,6.613331409311557,0.2617993877991417,0.0,-1.5389706308824644,140,180,180,80,120,180,180
21.25046682357788,0.03230622026034204,6.613331409311557,0.2617993877991417,0.0,-1.5389706308824644,140,180,180,80,120,180,180
21.267547369003296,0.03203411617169853,6.604747529424213,0.2617993877991417,0.0,-1.5388397421258189,140,180,180,80,120,180,180
21.277783155441284,0.03203411617169853,6.604747529424213,0.2617993877991417,0.0,-1.5388397421258189,140,180,180,80,120,180,180
21.28797173500061,0.03203411617169853,6.604747529424213,0.2617993877991417,0.0,-1.5388397421258189,140,180,180,80,120,180,180
21.29818892478943,0.031753086387422955,6.595881915502743,0.2617993877991417,0.0,-1.538814882596399,180,180,180,100,180,180,180
21.308494567871094,0.031753086387422955,6.595881915502743,0.2617993877991417,0.0,-1.538814882596399,180,180,180,100,180,180,180
21.318737268447876,0.031753086387422955,6.595881915502743,0.2617993877991417,0.0,-1.538814882596399,180,180,180,100,180,180,180
21.32889723777771,0.031753086387422955,6.595881915502743,0.2617993877991417,0.0,-1.538814882596399,180,180,180,100,180,180,180
21.33911657333374,0.031478207271670104,6.587274460996424,0.2617993877991417,0.0,-1.5387663718967437,180,180,180,100,180,180,180
21.3493869304657,0.031478207271670104,6.587274460996424,0.2617993877991417,0.0,-1.5387663718967437,180,180,180,130,180,180,180
21.367703199386597,0.031202842815797577,6.5786568114768915,0.2617993877991417,0.0,-1.5387237517649757,180,180,180,130,180,180,180
21.377925157546997,0.031202842815797577,6.5786568114768915,0.2617993877991417,0.0,-1.5387237517649757,180,180,180,130,180,180,180
21.388123512268066,0.031202842815797577,6.5786568114768915,0.2617993877991417,0.0,-1.5387237517649757,180,180,180,180,180,180,180
21.39832830429077,0.030918472602014094,6.569766333710095,0.2617993877991417,0.0,-1.538687577143826,180,180,180,180,180,180,180
21.40862226486206,0.030918472602014094,6.569766333710095,0.2617993877991417,0.0,-1.538687577143826,180,180,180,180,180,180,180
21.418910264968872,0.030918472602014094,6.569766333710095,0.2617993877991417,0.0,-1.538687577143826,180,180,180,180,180,180,180
21.42914128303528,0.030918472602014094,6.569766333710095,0.2617993877991417,0.0,-1.538687577143826,180,180,180,180,180,180,180
21.439512968063354,0.030641821826096843,6.561126955870351,0.2617993877991417,0.0,-1.5386531134976313,180,170,180,180,180,180,180
21.449708700180054,0.030641821826096843,6.561126955870351,0.2617993877991417,0.0,-1.5386531134976313,180,170,180,180,180,180,180
21.46527862548828,0.03036452480716954,6.5524776638759565,0.2617993877991417,0.0,-1.538618834998596,180,170,180,180,180,180,180
21.475483655929565,0.03036452480716954,6.5524776638759565,0.2617993877991417,0.0,-1.538618834998596,180,170,180,180,180,180,180
21.485650300979614,0.03036452480716954,6.5524776638759565,0.2617993877991417,0.0,-1.538618834998596,180,170,180,180,180,180,180
21.496191024780273,0.03036452480716954,6.5524776638759565,0.2617993877991417,0.0,-1.538618834998596,180,180,180,180,180,180,180
21.506587743759155,0.030077736953706177,6.543556063462052,0.2617993877991417,0.0,-1.5385883593645686,180,180,180,180,180,180,180
21.516868352890015,0.030077736953706177,6.543556063462052,0.2617993877991417,0.0,-1.5385883593645686,180,180,180,180,180,180,180
21.527064323425293,0.030077736953706177,6.543556063462052,0.2617993877991417,0.0,-1.5385883593645686,180,180,180,180,180,180,180
21.537291288375854,0.029798128702175786,6.534888523398955,0.2617993877991417,0.0,-1.5385724297787007,180,180,180,180,180,180,180
21.547520399093628,0.029798128702175786,6.534888523398955,0.2617993877991417,0.0,-1.5385724297787007,180,180,180,180,180,180,180
21.563103914260864,0.029517412444243267,6.526222246283114,0.2617993877991417,0.0,-1.5385912366225778,180,180,180,180,180,180,180
21.573304176330566,0.029517412444243267,6.526222246283114,0.2617993877991417,0.0,-1.5385912366225778,180,180,180,180,180,180,180
21.583509922027588,0.029517412444243267,6.526222246283114,0.2617993877991417,0.0,-1.5385912366225778,180,180,180,180,180,180,180
21.593734741210938,0.029517412444243267,6.526222246283114,0.2617993877991417,0.0,-1.5385912366225778,180,180,180,130,180,180,180
21.6039617061615,0.02923007582197476,6.517306405417052,0.2617993877991417,0.0,-1.5386191955307535,180,180,180,130,180,180,180
21.614999532699585,0.02923007582197476,6.517306405417052,0.2617993877991417,0.0,-1.5386191955307535,180,180,180,130,180,180,180
21.625178337097168,0.02923007582197476,6.517306405417052,0.2617993877991417,0.0,-1.5386191955307535,180,180,180,130,180,180,180
21.63539719581604,0.028956454197492612,6.5086889156403185,0.2617993877991417,0.0,-1.538652158686573,180,180,180,130,180,180,180
21.645800828933716,0.028956454197492612,6.5086889156403185,0.2617993877991417,0.0,-1.538652158686573,180,180,180,180,180,180,180
21.66546940803528,0.028956454197492612,6.5086889156403185,0.2617993877991417,0.0,-1.538652158686573,180,180,180,180,180,180,180
21.67586660385132,0.028680400551506495,6.500102699665355,0.2617993877991417,0.0,-1.5385298837723593,180,180,180,180,180,180,180
21.68607211112976,0.028680400551506495,6.500102699665355,0.2617993877991417,0.0,-1.5385298837723593,180,180,180,130,180,180,180
21.69629216194153,0.028396430608740756,6.491237656685687,0.2617993877991417,0.0,-1.5384958497748886,180,180,180,130,180,180,180
21.70664668083191,0.028396430608740756,6.491237656685687,0.2617993877991417,0.0,-1.5384958497748886,180,180,180,130,180,180,180
21.716901540756226,0.028396430608740756,6.491237656685687,0.2617993877991417,0.0,-1.5384958497748886,180,180,180,130,180,180,180
21.72710609436035,0.028396430608740756,6.491237656685687,0.2617993877991417,0.0,-1.5384958497748886,180,180,180,130,180,180,180
21.73728322982788,0.028118807472491417,6.482629250220738,0.2617993877991417,0.0,-1.5384479177173607,180,180,180,120,170,180,180
21.747474670410156,0.028118807472491417,6.482629250220738,0.2617993877991417,0.0,-1.5384479177173607,180,180,180,120,170,180,180
21.757662534713745,0.028118807472491417,6.482629250220738,0.2617993877991417,0.0,-1.5384479177173607,180,180,180,120,170,180,180
21.770216703414917,0.027840665151048178,6.474010397599357,0.2617993877991417,0.0,-1.53840595694721,180,180,180,120,170,180,180
21.780425548553467,0.027840665151048178,6.474010397599357,0.2617993877991417,0.0,-1.53840595694721,180,180,180,120,170,180,180
21.79056167602539,0.027840665151048178,6.474010397599357,0.2617993877991417,0.0,-1.53840595694721,180,180,180,120,170,180,180
21.800723552703857,0.027553430632059787,6.465118712933189,0.2617993877991417,0.0,-1.5383701033571249,180,180,180,180,180,180,180
21.81846261024475,0.027553430632059787,6.465118712933189,0.2617993877991417,0.0,-1.5383701033571249,180,180,180,180,180,180,180
21.828660011291504,0.027553430632059787,6.465118712933189,0.2617993877991417,0.0,-1.5383701033571249,180,180,180,180,180,180,180
21.83915901184082,0.02727399672172264,6.4564782490866754,0.2617993877991417,0.0,-1.5383354592559113,180,180,180,180,180,180,180
21.849477767944336,0.02727399672172264,6.4564782490866754,0.2617993877991417,0.0,-1.5383354592559113,180,180,180,180,180,180,180
21.86625647544861,0.02699390697389047,6.447827903521765,0.2617993877991417,0.0,-1.5383012139824193,180,180,180,180,180,180,180
21.876460313796997,0.02699390697389047,6.447827903521765,0.2617993877991417,0.0,-1.5383012139824193,180,180,180,180,180,180,180
21.886645078659058,0.02699390697389047,6.447827903521765,0.2617993877991417,0.0,-1.5383012139824193,180,180,180,180,180,180,180
21.896838665008545,0.026704142412619203,6.438905245637054,0.2617993877991417,0.0,-1.5382717940612862,180,180,180,180,180,180,180
21.91523241996765,0.026704142412619203,6.438905245637054,0.2617993877991417,0.0,-1.5382717940612862,180,180,180,180,180,180,180
21.925426959991455,0.026704142412619203,6.438905245637054,0.2617993877991417,0.0,-1.5382717940612862,180,180,180,180,180,180,180
21.935619354248047,0.02642171583780413,6.430237256880046,0.2617993877991417,0.0,-1.5382587992380874,180,180,180,180,180,180,180
21.946077823638916,0.02642171583780413,6.430237256880046,0.2617993877991417,0.0,-1.5382587992380874,180,180,180,180,180,180,180
21.95627498626709,0.02642171583780413,6.430237256880046,0.2617993877991417,0.0,-1.5382587992380874,180,180,180,180,180,180,180
21.966464519500732,0.02613809518096356,6.421572164484996,0.2617993877991417,0.0,-1.5382812778786514,180,180,180,180,180,180,180
21.976651191711426,0.02613809518096356,6.421572164484996,0.2617993877991417,0.0,-1.5382812778786514,180,180,180,180,180,180,180
21.986860036849976,0.02613809518096356,6.421572164484996,0.2617993877991417,0.0,-1.5382812778786514,180,180,180,180,180,180,180
21.99708104133606,0.025847593230884043,6.412658597283938,0.2617993877991417,0.0,-1.538308127951083,180,180,180,180,180,180,180
22.01660966873169,0.025847593230884043,6.412658597283938,0.2617993877991417,0.0,-1.538308127951083,180,180,180,180,180,180,180
22.026808977127075,0.025847593230884043,6.412658597283938,0.2617993877991417,0.0,-1.538308127951083,180,180,180,180,180,180,180
22.037004709243774,0.025573104425279446,6.40404834707099,0.2617993877991417,0.0,-1.5383252041860629,180,180,180,180,180,180,180
22.047282218933105,0.025573104425279446,6.40404834707099,0.2617993877991417,0.0,-1.5383252041860629,180,180,180,180,180,180,180
22.065054178237915,0.025293783032739017,6.395458629832074,0.2617993877991417,0.0,-1.5382218816084985,180,180,180,180,180,180,180
22.075281381607056,0.025293783032739017,6.395458629832074,0.2617993877991417,0.0,-1.5382218816084985,180,180,180,180,180,180,180
22.085469007492065,0.025293783032739017,6.395458629832074,0.2617993877991417,0.0,-1.5382218816084985,180,180,180,180,180,180,180
22.095657110214233,0.025293783032739017,6.395458629832074,0.2617993877991417,0.0,-1.5382218816084985,180,180,180,180,180,180,180
22.105842351913452,0.02500676594836148,6.38659454987029,0.2617993877991417,0.0,-1.5381772664554778,180,180,180,180,180,180,180
22.118670225143433,0.02500676594836148,6.38659454987029,0.2617993877991417,0.0,-1.5381772664554778,180,180,180,180,180,180,180
22.1288959980011,0.02500676594836148,6.38659454987029,0.2617993877991417,0.0,-1.5381772664554778,180,180,180,180,180,180,180
22.13908362388611,0.02472636805560968,6.377985054015675,0.2617993877991417,0.0,-1.5381303746317643,180,180,180,180,180,180,180
22.14931297302246,0.02472636805560968,6.377985054015675,0.2617993877991417,0.0,-1.5381303746317643,180,180,180,180,180,180,180
22.166303396224976,0.02472636805560968,6.377985054015675,0.2617993877991417,0.0,-1.5381303746317643,180,180,180,180,180,180,180
22.17656660079956,0.024445454535647847,6.369364923434718,0.2617993877991417,0.0,-1.5380891604333125,180,180,180,180,180,180,180
22.186742067337036,0.024445454535647847,6.369364923434718,0.2617993877991417,0.0,-1.5380891604333125,180,180,180,180,180,180,180
22.196902990341187,0.024155361526536495,6.360471983089603,0.2617993877991417,0.0,-1.5380535356449916,180,180,180,130,130,180,180
22.21679973602295,0.024155361526536495,6.360471983089603,0.2617993877991417,0.0,-1.5380535356449916,180,180,180,130,130,180,180
22.22713303565979,0.024155361526536495,6.360471983089603,0.2617993877991417,0.0,-1.5380535356449916,180,180,180,130,130,180,180
22.23734760284424,0.02387314891429397,6.351830371304284,0.2617993877991417,0.0,-1.5380187487469104,180,180,180,130,130,180,180
22.247571229934692,0.02387314891429397,6.351830371304284,0.2617993877991417,0.0,-1.5380187487469104,180,180,180,130,130,180,180
22.25779128074646,0.02387314891429397,6.351830371304284,0.2617993877991417,0.0,-1.5380187487469104,180,180,180,130,180,180,180
22.27474546432495,0.02359026191062471,6.343178916372702,0.2617993877991417,0.0,-1.537984662768053,180,180,180,130,180,180,180
22.284963607788086,0.02359026191062471,6.343178916372702,0.2617993877991417,0.0,-1.537984662768053,180,180,180,130,180,180,180
22.295366287231445,0.02359026191062471,6.343178916372702,0.2617993877991417,0.0,-1.537984662768053,180,180,180,130,180,180,180
22.30615210533142,0.023297522338747573,6.334255171395773,0.2617993877991417,0.0,-1.5379565355021672,180,180,170,180,180,180,180
22.322373628616333,0.023297522338747573,6.334255171395773,0.2617993877991417,0.0,-1.5379565355021672,180,180,170,180,180,180,180
22.33255934715271,0.023012298870578263,6.325586853830735,0.2617993877991417,0.0,-1.5379470096878713,180,180,170,180,180,180,180
22.342764616012573,0.023012298870578263,6.325586853830735,0.2617993877991417,0.0,-1.5379470096878713,180,180,170,180,180,180,180
22.353248596191406,0.023012298870578263,6.325586853830735,0.2617993877991417,0.0,-1.5379470096878713,180,180,170,180,180,180,180
22.367679834365845,0.023012298870578263,6.325586853830735,0.2617993877991417,0.0,-1.5379470096878713,180,180,170,180,180,180,180
22.377925872802734,0.022725788103112148,6.316923063959134,0.2617993877991417,0.0,-1.5379724738201044,180,180,170,180,180,180,180
22.388137817382812,0.022725788103112148,6.316923063959134,0.2617993877991417,0.0,-1.5379724738201044,180,180,180,140,180,180,180
22.398576498031616,0.022432086184617287,6.308012182479049,0.2617993877991417,0.0,-1.5379989710057027,180,180,180,140,180,180,180
22.415794849395752,0.022432086184617287,6.308012182479049,0.2617993877991417,0.0,-1.5379989710057027,180,180,180,140,180,180,180
22.42601728439331,0.022432086184617287,6.308012182479049,0.2617993877991417,0.0,-1.5379989710057027,180,180,180,140,180,180,180
22.436211347579956,0.022156285545983145,6.299409104769383,0.2617993877991417,0.0,-1.5379906645213453,180,180,180,140,180,180,180
22.446723699569702,0.022156285545983145,6.299409104769383,0.2617993877991417,0.0,-1.5379906645213453,180,180,180,180,180,180,180
22.45691990852356,0.022156285545983145,6.299409104769383,0.2617993877991417,0.0,-1.5379906645213453,180,180,180,180,180,180,180
22.467384099960327,0.02187434038983694,6.2908159798510015,0.2617993877991417,0.0,-1.5379092423922283,180,180,180,180,180,180,180
22.477657318115234,0.02187434038983694,6.2908159798510015,0.2617993877991417,0.0,-1.5379092423922283,180,180,180,180,180,180,180
22.487854719161987,0.02187434038983694,6.2908159798510015,0.2617993877991417,0.0,-1.5379092423922283,120,180,180,180,180,180,180
22.498100996017456,0.021584118847311082,6.281952543084966,0.2617993877991417,0.0,-1.5378575145202775,120,180,180,180,180,180,180
22.508333206176758,0.021584118847311082,6.281952543084966,0.2617993877991417,0.0,-1.5378575145202775,120,180,180,180,180,180,180
22.5185604095459,0.021584118847311082,6.281952543084966,0.2617993877991417,0.0,-1.5378575145202775,120,180,180,180,180,180,180
22.52874994277954,0.021584118847311082,6.281952543084966,0.2617993877991417,0.0,-1.5378575145202775,120,180,180,180,180,180,180
22.538939952850342,0.021300923925386656,6.273341924688333,0.2617993877991417,0.0,-1.5378118006356896,120,180,180,180,180,180,180
22.549728393554688,0.021300923925386656,6.273341924688333,0.2617993877991417,0.0,-1.5378118006356896,120,180,180,180,180,180,180
22.56559944152832,0.02101723371432136,6.264720573855102,0.2617993877991417,0.0,-1.5377713201579712,120,180,180,180,180,180,180
22.57577896118164,0.02101723371432136,6.264720573855102,0.2617993877991417,0.0,-1.5377713201579712,120,180,180,180,180,180,180
22.58595108985901,0.02101723371432136,6.264720573855102,0.2617993877991417,0.0,-1.5377713201579712,120,180,180,180,180,180,180
22.596248149871826,0.02101723371432136,6.264720573855102,0.2617993877991417,0.0,-1.5377713201579712,120,180,180,180,180,180,180
22.616538286209106,0.020724273816734293,6.255826465467167,0.2617993877991417,0.0,-1.5377357720597231,120,180,180,180,180,180,180
22.626814365386963,0.020724273816734293,6.255826465467167,0.2617993877991417,0.0,-1.5377357720597231,120,180,180,180,180,180,180
22.637012243270874,0.020439273481629473,6.247183772469677,0.2617993877991417,0.0,-1.5377008354833444,120,180,180,180,180,180,180
22.647216081619263,0.020439273481629473,6.247183772469677,0.2617993877991417,0.0,-1.5377008354833444,120,180,180,180,180,180,180
22.66538667678833,0.020153568052029815,6.23853127154513,0.2617993877991417,0.0,-1.537667001068424,120,180,180,180,180,180,180
22.676194190979004,0.020153568052029815,6.23853127154513,0.2617993877991417,0.0,-1.537667001068424,120,180,180,180,180,180,180
22.686376333236694,0.020153568052029815,6.23853127154513,0.2617993877991417,0.0,-1.537667001068424,120,180,180,180,180,180,180
22.696635007858276,0.01985785400608638,6.22960652884592,0.2617993877991417,0.0,-1.5376401928596255,120,180,180,180,180,180,180
22.70683217048645,0.01985785400608638,6.22960652884592,0.2617993877991417,0.0,-1.5376401928596255,120,180,180,180,180,180,180
22.717615365982056,0.01985785400608638,6.22960652884592,0.2617993877991417,0.0,-1.5376401928596255,120,180,180,180,180,180,180
22.727813959121704,0.01985785400608638,6.22960652884592,0.2617993877991417,0.0,-1.5376401928596255,120,180,180,180,180,180,180
22.73801326751709,0.01956983681520271,6.2209380999186505,0.2617993877991417,0.0,-1.5376346634958262,130,180,180,180,180,180,180
22.748236417770386,0.01956983681520271,6.2209380999186505,0.2617993877991417,0.0,-1.5376346634958262,130,180,180,180,180,180,180
22.765055656433105,0.01928057216956729,6.212275758689605,0.2617993877991417,0.0,-1.5376625986792043,130,180,180,180,180,180,180
22.775269746780396,0.01928057216956729,6.212275758689605,0.2617993877991417,0.0,-1.5376625986792043,130,180,180,180,180,180,180
22.78548312187195,0.01928057216956729,6.212275758689605,0.2617993877991417,0.0,-1.5376625986792043,140,180,180,180,180,180,180
22.795748233795166,0.01928057216956729,6.212275758689605,0.2617993877991417,0.0,-1.5376625986792043,140,180,180,180,180,180,180
22.80605697631836,0.01898381949592685,6.2033681287026265,0.2617993877991417,0.0,-1.53769038565552,140,180,180,180,180,180,180
22.816248893737793,0.01898381949592685,6.2033681287026265,0.2617993877991417,0.0,-1.53769038565552,140,180,180,180,180,180,180
22.826441287994385,0.01898381949592685,6.2033681287026265,0.2617993877991417,0.0,-1.53769038565552,140,180,180,180,180,180,180
22.83665442466736,0.018706053153322615,6.19477184964915,0.2617993877991417,0.0,-1.5376500455564714,130,140,180,180,140,180,180
22.846861124038696,0.018706053153322615,6.19477184964915,0.2617993877991417,0.0,-1.5376500455564714,130,140,180,180,140,180,180
22.86506485939026,0.01842183279251722,6.186174985571027,0.2617993877991417,0.0,-1.5375953971471317,130,140,180,180,140,180,180
22.875344276428223,0.01842183279251722,6.186174985571027,0.2617993877991417,0.0,-1.5375953971471317,130,140,180,180,140,180,180
22.885608434677124,0.01842183279251722,6.186174985571027,0.2617993877991417,0.0,-1.5375953971471317,130,140,180,180,140,180,180
22.895848274230957,0.01842183279251722,6.186174985571027,0.2617993877991417,0.0,-1.5375953971471317,140,180,180,130,140,180,180
22.906080722808838,0.018128367299628207,6.17731157435362,0.2617993877991417,0.0,-1.5375403812725759,140,180,180,130,140,180,180
22.91844606399536,0.018128367299628207,6.17731157435362,0.2617993877991417,0.0,-1.5375403812725759,140,180,180,130,140,180,180
22.928788661956787,0.018128367299628207,6.17731157435362,0.2617993877991417,0.0,-1.5375403812725759,140,180,180,130,140,180,180
22.939013481140137,0.01784241737913762,6.168699774258207,0.2617993877991417,0.0,-1.5374948498659264,140,180,180,130,140,180,180
22.94923496246338,0.01784241737913762,6.168699774258207,0.2617993877991417,0.0,-1.5374948498659264,140,180,180,130,140,180,180
22.965564250946045,0.01784241737913762,6.168699774258207,0.2617993877991417,0.0,-1.5374948498659264,140,180,180,130,140,180,180
22.975878477096558,0.01755596369844567,6.160077128555499,0.2617993877991417,0.0,-1.5374551923181263,140,180,180,130,140,180,180
22.98608946800232,0.01755596369844567,6.160077128555499,0.2617993877991417,0.0,-1.5374551923181263,140,180,180,130,140,180,180
22.99634337425232,0.01755596369844567,6.160077128555499,0.2617993877991417,0.0,-1.5374551923181263,140,180,180,180,140,180,180
23.006680250167847,0.017260148103957186,6.1511818047474325,0.2617993877991417,0.0,-1.5374196178612527,140,180,180,180,140,180,180
23.016910314559937,0.017260148103957186,6.1511818047474325,0.2617993877991417,0.0,-1.5374196178612527,140,180,180,180,140,180,180
23.027071475982666,0.017260148103957186,6.1511818047474325,0.2617993877991417,0.0,-1.5374196178612527,140,180,180,180,140,180,180
23.037261962890625,0.01697237072685591,6.142537971672586,0.2617993877991417,0.0,-1.5373845693196433,140,180,180,180,140,180,180
23.0480637550354,0.01697237072685591,6.142537971672586,0.2617993877991417,0.0,-1.5373845693196433,140,180,180,180,180,180,180
23.064650297164917,0.01668384702311755,6.133884361702889,0.2617993877991417,0.0,-1.5373511319926083,140,180,180,180,180,180,180
23.074837923049927,0.01668384702311755,6.133884361702889,0.2617993877991417,0.0,-1.5373511319926083,140,180,180,180,180,180,180
23.084978580474854,0.01668384702311755,6.133884361702889,0.2617993877991417,0.0,-1.5373511319926083,140,180,180,180,180,180,180
23.09521722793579,0.01668384702311755,6.133884361702889,0.2617993877991417,0.0,-1.5373511319926083,130,180,180,180,180,180,180
23.105454206466675,0.01638517589602584,6.124958606659053,0.2617993877991417,0.0,-1.5373258003241246,130,180,180,180,180,180,180
23.118592262268066,0.01638517589602584,6.124958606659053,0.2617993877991417,0.0,-1.5373258003241246,130,180,180,180,180,180,180
23.12881112098694,0.01638517589602584,6.124958606659053,0.2617993877991417,0.0,-1.5373258003241246,130,180,180,180,180,180,180
23.139010190963745,0.016094366509684727,6.116290239555058,0.2617993877991417,0.0,-1.5373249946992227,130,180,180,180,180,180,180
23.149261236190796,0.016094366509684727,6.116290239555058,0.2617993877991417,0.0,-1.5373249946992227,130,180,180,180,180,180,180
23.16410732269287,0.016094366509684727,6.116290239555058,0.2617993877991417,0.0,-1.5373249946992227,130,180,180,180,180,180,180
23.174418210983276,0.0158026059867933,6.1076294939968765,0.2617993877991417,0.0,-1.5373546106868994,130,180,180,180,180,180,180
23.18458127975464,0.0158026059867933,6.1076294939968765,0.2617993877991417,0.0,-1.5373546106868994,130,180,180,180,180,180,180
23.19479250907898,0.0158026059867933,6.1076294939968765,0.2617993877991417,0.0,-1.5373546106868994,130,180,180,180,180,180,180
23.205023288726807,0.015503267497670257,6.0987257788374425,0.2617993877991417,0.0,-1.5373864371100743,130,180,180,180,180,180,180
23.216426610946655,0.015503267497670257,6.0987257788374425,0.2617993877991417,0.0,-1.5373864371100743,130,180,180,180,180,180,180
23.226628065109253,0.015503267497670257,6.0987257788374425,0.2617993877991417,0.0,-1.5373864371100743,130,180,180,180,180,180,180
23.23684287071228,0.015222708339056196,6.090135397294276,0.2617993877991417,0.0,-1.5373127958872677,130,140,180,180,180,180,180
23.247087717056274,0.015222708339056196,6.090135397294276,0.2617993877991417,0.0,-1.5373127958872677,130,140,180,180,180,180,180
23.26623272895813,0.014936278112492117,6.081536115348765,0.2617993877991417,0.0,-1.5372748020459401,130,140,180,180,180,180,180
23.276514530181885,0.014936278112492117,6.081536115348765,0.2617993877991417,0.0,-1.5372748020459401,130,140,180,180,180,180,180
23.286729097366333,0.014936278112492117,6.081536115348765,0.2617993877991417,0.0,-1.5372748020459401,130,140,180,180,180,180,180
23.297061920166016,0.014639622721914243,6.07267203751816,0.2617993877991417,0.0,-1.537220300485579,140,140,180,180,180,180,180
23.307358741760254,0.014639622721914243,6.07267203751816,0.2617993877991417,0.0,-1.537220300485579,140,140,180,180,180,180,180
23.31755256652832,0.014639622721914243,6.07267203751816,0.2617993877991417,0.0,-1.537220300485579,140,140,180,180,180,180,180
23.327762126922607,0.014639622721914243,6.07267203751816,0.2617993877991417,0.0,-1.537220300485579,140,140,180,180,180,180,180
23.338000059127808,0.014350936485604482,6.064059130665342,0.2617993877991417,0.0,-1.5371747289315476,140,180,180,180,180,180,180
23.34821605682373,0.014350936485604482,6.064059130665342,0.2617993877991417,0.0,-1.5371747289315476,140,180,180,180,180,180,180
23.367155075073242,0.014061692500545444,6.055435254753668,0.2617993877991417,0.0,-1.5371358594163869,140,180,180,180,180,180,180
23.377389907836914,0.014061692500545444,6.055435254753668,0.2617993877991417,0.0,-1.5371358594163869,140,180,180,180,180,180,180
23.387573719024658,0.014061692500545444,6.055435254753668,0.2617993877991417,0.0,-1.5371358594163869,140,180,180,180,180,180,180
23.398300647735596,0.013762993318350104,6.046538803662331,0.2617993877991417,0.0,-1.537100108358682,170,180,180,180,180,180,180
23.413978576660156,0.013762993318350104,6.046538803662331,0.2617993877991417,0.0,-1.537100108358682,170,180,180,180,180,180,180
23.424182891845703,0.013762993318350104,6.046538803662331,0.2617993877991417,0.0,-1.537100108358682,170,180,180,180,180,180,180
23.434394598007202,0.013472411318264743,6.037893899149074,0.2617993877991417,0.0,-1.5370649399931993,180,180,180,180,180,180,180
23.4446382522583,0.013472411318264743,6.037893899149074,0.2617993877991417,0.0,-1.5370649399931993,180,180,180,180,180,180,180
23.4548602104187,0.013472411318264743,6.037893899149074,0.2617993877991417,0.0,-1.5370649399931993,180,180,180,180,180,180,180
23.4657940864563,0.013181030975937646,6.0292392302582645,0.2617993877991417,0.0,-1.5370319070910525,180,180,180,180,180,180,180
23.476001977920532,0.013181030975937646,6.0292392302582645,0.2617993877991417,0.0,-1.5370319070910525,180,180,180,180,180,180,180
23.486192226409912,0.013181030975937646,6.0292392302582645,0.2617993877991417,0.0,-1.5370319070910525,180,180,180,180,180,180,180
23.496406078338623,0.012879389072954817,6.020312559065178,0.2617993877991417,0.0,-1.5370080540144986,120,180,180,180,180,180,180
23.506606340408325,0.012879389072954817,6.020312559065178,0.2617993877991417,0.0,-1.5370080540144986,120,180,180,180,180,180,180
23.517658948898315,0.012879389072954817,6.020312559065178,0.2617993877991417,0.0,-1.5370080540144986,120,180,180,180,180,180,180
23.527842044830322,0.012879389072954817,6.020312559065178,0.2617993877991417,0.0,-1.5370080540144986,120,180,180,180,180,180,180
23.53802728652954,0.012585712953085701,6.011644535327228,0.2617993877991417,0.0,-1.5370124504948675,120,180,180,180,180,180,180
23.548210382461548,0.012585712953085701,6.011644535327228,0.2617993877991417,0.0,-1.5370124504948675,120,130,180,180,180,180,180
23.566530227661133,0.012585712953085701,6.011644535327228,0.2617993877991417,0.0,-1.5370124504948675,120,130,180,180,180,180,180
23.57682991027832,0.012291713058326117,6.002985477829984,0.2617993877991417,0.0,-1.5370431177063124,120,130,180,180,180,180,180
23.587030172348022,0.012291713058326117,6.002985477829984,0.2617993877991417,0.0,-1.5370431177063124,120,130,180,180,180,180,180
23.59737992286682,0.011990411893706001,5.9940864786878505,0.2617993877991417,0.0,-1.5370812771022648,120,180,180,180,180,180,180
23.60757303237915,0.011990411893706001,5.9940864786878505,0.2617993877991417,0.0,-1.5370812771022648,120,180,180,180,180,180,180
23.617772579193115,0.011990411893706001,5.9940864786878505,0.2617993877991417,0.0,-1.5370812771022648,120,180,180,180,180,180,180
23.628109455108643,0.011990411893706001,5.9940864786878505,0.2617993877991417,0.0,-1.5370812771022648,120,180,180,180,180,180,180
23.638360500335693,0.011706125466418032,5.985500497234376,0.2617993877991417,0.0,-1.5369791359890217,120,120,180,180,180,180,180
23.648693561553955,0.011706125466418032,5.985500497234376,0.2617993877991417,0.0,-1.5369791359890217,120,120,180,180,180,180,180
23.658909797668457,0.011706125466418032,5.985500497234376,0.2617993877991417,0.0,-1.5369791359890217,120,120,180,180,180,180,180
23.670522451400757,0.011417358536627844,5.9768986655995375,0.2617993877991417,0.0,-1.5369552174780252,120,120,180,180,180,180,180
23.680718421936035,0.011417358536627844,5.9768986655995375,0.2617993877991417,0.0,-1.5369552174780252,120,120,180,180,180,180,180
23.69090747833252,0.011417358536627844,5.9768986655995375,0.2617993877991417,0.0,-1.5369552174780252,120,120,180,180,180,180,180
23.70118236541748,0.011117641059274434,5.968033621067937,0.2617993877991417,0.0,-1.5369019810923903,120,120,180,180,180,180,180
23.717332124710083,0.011117641059274434,5.968033621067937,0.2617993877991417,0.0,-1.5369019810923903,120,120,180,180,180,180,180
23.72753882408142,0.011117641059274434,5.968033621067937,0.2617993877991417,0.0,-1.5369019810923903,120,120,180,180,180,180,180
23.737752676010132,0.01082623420859981,5.959419524956592,0.2617993877991417,0.0,-1.5368567042156622,120,120,180,180,180,180,180
23.748056411743164,0.01082623420859981,5.959419524956592,0.2617993877991417,0.0,-1.5368567042156622,120,120,180,180,180,180,180
23.767300128936768,0.01082623420859981,5.959419524956592,0.2617993877991417,0.0,-1.5368567042156622,120,120,180,180,180,180,180
23.777640104293823,0.010534212662505885,5.950794338084018,0.2617993877991417,0.0,-1.5368187647505624,120,120,180,180,180,180,180
23.787830114364624,0.010534212662505885,5.950794338084018,0.2617993877991417,0.0,-1.5368187647505624,120,120,180,180,130,180,180
23.798110961914062,0.01023264559272242,5.941896714494569,0.2617993877991417,0.0,-1.5367827202499558,120,120,180,180,130,180,180
23.81543493270874,0.01023264559272242,5.941896714494569,0.2617993877991417,0.0,-1.5367827202499558,120,120,180,180,130,180,180
23.825682401657104,0.01023264559272242,5.941896714494569,0.2617993877991417,0.0,-1.5367827202499558,120,120,180,180,130,180,180
23.835895538330078,0.009939273930039703,5.933250682121534,0.2617993877991417,0.0,-1.5367474840724318,120,120,180,180,130,180,180
23.846131086349487,0.009939273930039703,5.933250682121534,0.2617993877991417,0.0,-1.5367474840724318,120,120,180,180,180,180,180
23.856339693069458,0.009939273930039703,5.933250682121534,0.2617993877991417,0.0,-1.5367474840724318,120,120,180,180,180,180,180
23.86785387992859,0.00964503619450062,5.924594892771696,0.2617993877991417,0.0,-1.5367149921167864,120,120,180,180,180,180,180
23.878060579299927,0.00964503619450062,5.924594892771696,0.2617993877991417,0.0,-1.5367149921167864,120,120,180,180,180,180,180
23.888252019882202,0.00964503619450062,5.924594892771696,0.2617993877991417,0.0,-1.5367149921167864,120,120,180,180,180,180,180
23.89856791496277,0.009340452028989912,5.915667304240901,0.2617993877991417,0.0,-1.5366927347677592,180,170,180,180,180,180,180
23.917645931243896,0.009340452028989912,5.915667304240901,0.2617993877991417,0.0,-1.5366927347677592,180,170,180,180,180,180,180
23.927860975265503,0.009340452028989912,5.915667304240901,0.2617993877991417,0.0,-1.5366927347677592,180,170,180,180,180,180,180
23.938112020492554,0.009043884618812777,5.906999855805664,0.2617993877991417,0.0,-1.5367025784863346,180,170,180,180,180,180,180
23.948437213897705,0.009043884618812777,5.906999855805664,0.2617993877991417,0.0,-1.5367025784863346,120,170,170,180,180,180,180
23.968419551849365,0.009043884618812777,5.906999855805664,0.2617993877991417,0.0,-1.5367025784863346,120,170,170,180,180,180,180
23.978759050369263,0.008747879374897136,5.898342531506055,0.2617993877991417,0.0,-1.5367337778770902,120,170,170,180,180,180,180
23.988961696624756,0.008747879374897136,5.898342531506055,0.2617993877991417,0.0,-1.5367337778770902,110,170,170,180,180,180,180
23.99916434288025,0.008445265499328931,5.889449007909306,0.2617993877991417,0.0,-1.5367783295912434,110,170,170,180,180,180,180
24.00940990447998,0.008445265499328931,5.889449007909306,0.2617993877991417,0.0,-1.5367783295912434,110,170,170,180,180,180,180
24.019608974456787,0.008445265499328931,5.889449007909306,0.2617993877991417,0.0,-1.5367783295912434,110,170,170,180,180,180,180
24.029765367507935,0.008156569549201001,5.880865562211931,0.2617993877991417,0.0,-1.5366561877388798,110,170,170,180,180,180,180
24.03997492790222,0.008156569549201001,5.880865562211931,0.2617993877991417,0.0,-1.5366561877388798,110,170,170,180,180,180,180
24.050187826156616,0.008156569549201001,5.880865562211931,0.2617993877991417,0.0,-1.5366561877388798,110,170,180,180,180,180,180
24.066542625427246,0.008156569549201001,5.880865562211931,0.2617993877991417,0.0,-1.5366561877388798,110,170,180,180,180,180,180
24.076868772506714,0.007865256851107807,5.8722618338045285,0.2617993877991417,0.0,-1.5366388059830252,110,170,180,180,180,180,180
24.08704662322998,0.007865256851107807,5.8722618338045285,0.2617993877991417,0.0,-1.5366388059830252,110,170,180,180,180,180,180
24.09728479385376,0.007562687797167868,5.863395768778328,0.2617993877991417,0.0,-1.5365867343449062,110,170,180,180,180,180,180
24.115628719329834,0.007562687797167868,5.863395768778328,0.2617993877991417,0.0,-1.5365867343449062,110,170,180,180,180,180,180
24.125835180282593,0.007562687797167868,5.863395768778328,0.2617993877991417,0.0,-1.5365867343449062,110,170,180,180,180,180,180
24.136045455932617,0.007268567059910922,5.854780525903648,0.2617993877991417,0.0,-1.536541844799475,180,180,180,180,180,180,180
24.146275997161865,0.007268567059910922,5.854780525903648,0.2617993877991417,0.0,-1.536541844799475,180,180,180,180,180,180,180
24.156750440597534,0.007268567059910922,5.854780525903648,0.2617993877991417,0.0,-1.536541844799475,180,180,180,180,180,180,180
24.167003393173218,0.006973793486393768,5.8461541162828095,0.2617993877991417,0.0,-1.5365046093755919,180,180,180,180,180,180,180
24.17718482017517,0.006973793486393768,5.8461541162828095,0.2617993877991417,0.0,-1.5365046093755919,180,180,180,180,180,180,180
24.187361001968384,0.006973793486393768,5.8461541162828095,0.2617993877991417,0.0,-1.5365046093755919,100,180,180,180,180,130,180
24.197632789611816,0.006669386232269924,5.837255391749716,0.2617993877991417,0.0,-1.5364682469665738,100,180,180,180,180,130,180
24.21558380126953,0.006669386232269924,5.837255391749716,0.2617993877991417,0.0,-1.5364682469665738,100,180,180,180,180,130,180
24.22580122947693,0.006669386232269924,5.837255391749716,0.2617993877991417,0.0,-1.5364682469665738,100,180,180,180,180,130,180
24.236004114151,0.006373251343376338,5.828608299294007,0.2617993877991417,0.0,-1.5364329350943629,100,180,180,180,180,130,180
24.246171712875366,0.006373251343376338,5.828608299294007,0.2617993877991417,0.0,-1.5364329350943629,180,180,180,180,180,130,180
24.26786756515503,0.006373251343376338,5.828608299294007,0.2617993877991417,0.0,-1.5364329350943629,180,180,180,180,180,130,180
24.27830457687378,0.006076172907918609,5.8199514498384035,0.2617993877991417,0.0,-1.536401119524538,180,180,180,180,180,130,180
24.288520336151123,0.006076172907918609,5.8199514498384035,0.2617993877991417,0.0,-1.536401119524538,180,180,180,180,180,180,180
24.298791646957397,0.005768689751370658,5.811023091604772,0.2617993877991417,0.0,-1.5363808904347473,180,180,180,180,180,180,180
24.309059858322144,0.005768689751370658,5.811023091604772,0.2617993877991417,0.0,-1.5363808904347473,180,180,180,180,180,180,180
24.319217681884766,0.005768689751370658,5.811023091604772,0.2617993877991417,0.0,-1.5363808904347473,180,180,180,180,180,180,180
24.329426288604736,0.005469233291932224,5.802356457408511,0.2617993877991417,0.0,-1.5363959318467162,180,180,180,180,180,180,180
24.339648723602295,0.005469233291932224,5.802356457408511,0.2617993877991417,0.0,-1.5363959318467162,180,180,180,180,180,180,180
24.34988784790039,0.005469233291932224,5.802356457408511,0.2617993877991417,0.0,-1.5363959318467162,110,180,180,180,130,180,180
24.36814260482788,0.005469233291932224,5.802356457408511,0.2617993877991417,0.0,-1.5363959318467162,110,180,180,180,130,180,180
24.37848401069641,0.005171316425043021,5.793700965592679,0.2617993877991417,0.0,-1.5364274909990656,110,180,180,180,130,180,180
24.388683557510376,0.005171316425043021,5.793700965592679,0.2617993877991417,0.0,-1.5364274909990656,110,180,180,180,130,180,180
24.398921012878418,0.004867650231746159,5.784813650742989,0.2617993877991417,0.0,-1.536475136059863,110,180,180,180,130,180,180
24.40928816795349,0.004867650231746159,5.784813650742989,0.2617993877991417,0.0,-1.536475136059863,110,180,180,180,130,180,180
24.419501781463623,0.004867650231746159,5.784813650742989,0.2617993877991417,0.0,-1.536475136059863,110,180,180,180,130,180,180
24.42970061302185,0.004574546429397753,5.776231187372821,0.2617993877991417,0.0,-1.5363396246884362,110,180,180,180,130,180,180
24.4399311542511,0.004574546429397753,5.776231187372821,0.2617993877991417,0.0,-1.5363396246884362,140,180,180,180,130,180,180
24.450249433517456,0.004574546429397753,5.776231187372821,0.2617993877991417,0.0,-1.5363396246884362,140,180,180,180,130,180,180
24.460447311401367,0.004574546429397753,5.776231187372821,0.2617993877991417,0.0,-1.5363396246884362,140,180,180,180,130,180,180
24.47115421295166,0.004574546429397753,5.776231187372821,0.2617993877991417,0.0,-1.5363396246884362,140,180,180,180,130,180,180
24.48145365715027,0.004280393492550447,5.7676271002195705,0.2617993877991417,0.0,-1.5363174706750196,140,180,180,180,130,180,180
24.491934776306152,0.004280393492550447,5.7676271002195705,0.2617993877991417,0.0,-1.5363174706750196,140,180,180,180,130,180,180
24.502224922180176,0.003975013717293042,5.758760066898933,0.2617993877991417,0.0,-1.5362654890842877,180,180,180,180,120,180,180
24.5171902179718,0.003975013717293042,5.758760066898933,0.2617993877991417,0.0,-1.5362654890842877,180,180,180,180,120,180,180
24.527465343475342,0.003975013717293042,5.758760066898933,0.2617993877991417,0.0,-1.5362654890842877,180,180,180,180,120,180,180
24.53768229484558,0.0036781056562296493,5.750143609046274,0.2617993877991417,0.0,-1.5362210473661924,180,170,180,180,120,180,180
24.547861099243164,0.0036781056562296493,5.750143609046274,0.2617993877991417,0.0,-1.5362210473661924,180,170,180,180,120,180,180
24.558058500289917,0.0036781056562296493,5.750143609046274,0.2617993877991417,0.0,-1.5362210473661924,180,170,180,180,120,180,180
24.569830894470215,0.0033805236540361736,5.741515940853395,0.2617993877991417,0.0,-1.5361843350735769,180,170,180,180,120,180,180
24.580069541931152,0.0033805236540361736,5.741515940853395,0.2617993877991417,0.0,-1.5361843350735769,180,170,180,180,120,180,180
24.590243577957153,0.0033805236540361736,5.741515940853395,0.2617993877991417,0.0,-1.5361843350735769,180,170,180,180,120,180,180
24.600950002670288,0.003073220006632878,5.7326160481053074,0.2617993877991417,0.0,-1.5361477268318757,180,170,180,180,120,180,180
24.617233991622925,0.003073220006632878,5.7326160481053074,0.2617993877991417,0.0,-1.5361477268318757,180,170,180,180,120,180,180
24.627455472946167,0.0027742660043484383,5.723967844827881,0.2617993877991417,0.0,-1.5361123950679303,180,170,180,180,120,180,180
24.637691497802734,0.0027742660043484383,5.723967844827881,0.2617993877991417,0.0,-1.5361123950679303,180,170,180,180,120,180,180
24.648410320281982,0.0027742660043484383,5.723967844827881,0.2617993877991417,0.0,-1.5361123950679303,130,180,180,180,180,180,180
24.66563367843628,0.0024742800083832586,5.715309884063986,0.2617993877991417,0.0,-1.5360815571822406,130,180,180,180,180,180,180
24.675875663757324,0.0024742800083832586,5.715309884063986,0.2617993877991417,0.0,-1.5360815571822406,130,180,180,180,180,180,180
24.686075925827026,0.0024742800083832586,5.715309884063986,0.2617993877991417,0.0,-1.5360815571822406,180,170,180,180,180,180,180
24.6962673664093,0.0024742800083832586,5.715309884063986,0.2617993877991417,0.0,-1.5360815571822406,180,170,180,180,180,180,180
24.706589221954346,0.002163853985109966,5.7063808385712615,0.2617993877991417,0.0,-1.5360640304852504,180,170,180,180,180,180,180
24.717809677124023,0.002163853985109966,5.7063808385712615,0.2617993877991417,0.0,-1.5360640304852504,180,170,180,180,180,180,180
24.728013277053833,0.002163853985109966,5.7063808385712615,0.2617993877991417,0.0,-1.5360640304852504,180,170,180,180,180,180,180
24.73822021484375,0.0018614572624445378,5.697715183783402,0.2617993877991417,0.0,-1.536083929718457,180,170,180,180,180,180,180
24.748474597930908,0.0018614572624445378,5.697715183783402,0.2617993877991417,0.0,-1.536083929718457,180,170,180,180,180,180,180
24.758675575256348,0.0018614572624445378,5.697715183783402,0.2617993877991417,0.0,-1.536083929718457,180,170,180,180,180,180,180
24.76901865005493,0.0015612384411948345,5.689061627298059,0.2617993877991417,0.0,-1.5361154072321694,180,170,180,180,180,180,180
24.779231309890747,0.0015612384411948345,5.689061627298059,0.2617993877991417,0.0,-1.5361154072321694,180,170,180,180,180,180,180
24.789425134658813,0.0015612384411948345,5.689061627298059,0.2617993877991417,0.0,-1.5361154072321694,180,170,180,180,180,180,180
24.799697399139404,0.0012565424073358244,5.680181095469004,0.2617993877991417,0.0,-1.5361593760345562,180,170,180,180,180,180,180
24.81595015525818,0.0012565424073358244,5.680181095469004,0.2617993877991417,0.0,-1.5361593760345562,180,170,180,180,180,180,180
24.82613730430603,0.0012565424073358244,5.680181095469004,0.2617993877991417,0.0,-1.5361593760345562,180,170,180,180,180,180,180
24.83633589744568,0.0009593535862507979,5.671597634579836,0.2617993877991417,0.0,-1.5360235425509123,180,170,180,180,180,180,180
24.84656858444214,0.0009593535862507979,5.671597634579836,0.2617993877991417,0.0,-1.5360235425509123,140,170,180,180,180,180,180
24.864893913269043,0.0009593535862507979,5.671597634579836,0.2617993877991417,0.0,-1.5360235425509123,140,170,180,180,180,180,180
24.87512516975403,0.0006622877037775867,5.662993686618896,0.2617993877991417,0.0,-1.5359946018508666,140,170,180,180,180,180,180
24.885342597961426,0.0006622877037775867,5.662993686618896,0.2617993877991417,0.0,-1.5359946018508666,170,170,180,180,180,180,180
24.895533084869385,0.0006622877037775867,5.662993686618896,0.2617993877991417,0.0,-1.5359946018508666,170,170,180,180,180,180,180
24.905746459960938,0.0003540875291678238,5.654125729481185,0.2617993877991417,0.0,-1.5359427949831823,170,170,180,180,180,180,180
24.916208744049072,0.0003540875291678238,5.654125729481185,0.2617993877991417,0.0,-1.5359427949831823,170,170,180,180,180,180,180
24.9264919757843,0.0003540875291678238,5.654125729481185,0.2617993877991417,0.0,-1.5359427949831823,170,170,180,180,180,180,180
24.93675661087036,5.436542105389001e-05,5.645508109350017,0.2617993877991417,0.0,-1.5358987954257275,170,170,180,180,180,180,180
24.947139978408813,5.436542105389001e-05,5.645508109350017,0.2617993877991417,0.0,-1.5358987954257275,180,180,180,180,180,180,180
24.96290898323059,-0.0002460375290228012,5.636879275466939,0.2617993877991417,0.0,-1.5358624000161971,180,180,180,180,180,180,180
24.97312307357788,-0.0002460375290228012,5.636879275466939,0.2617993877991417,0.0,-1.5358624000161971,180,180,180,180,180,180,180
24.983524560928345,-0.0002460375290228012,5.636879275466939,0.2617993877991417,0.0,-1.5358624000161971,180,180,180,180,180,180,180
24.993824005126953,-0.0002460375290228012,5.636879275466939,0.2617993877991417,0.0,-1.5358624000161971,180,180,180,180,180,180,180
25.004061222076416,-0.0005562506319614633,5.627978276364451,0.2617993877991417,0.0,-1.53582557336453,180,180,180,180,180,180,180
25.015679359436035,-0.0005562506319614633,5.627978276364451,0.2617993877991417,0.0,-1.53582557336453,180,180,180,180,180,180,180
25.02588653564453,-0.0005562506319614633,5.627978276364451,0.2617993877991417,0.0,-1.53582557336453,180,180,180,180,180,180,180
25.03613781929016,-0.0008580379563697174,5.619329027222426,0.2617993877991417,0.0,-1.5357902605668121,180,180,180,180,180,180,180
25.046993255615234,-0.0008580379563697174,5.619329027222426,0.2617993877991417,0.0,-1.5357902605668121,180,180,180,180,180,180,180
25.062703132629395,-0.0008580379563697174,5.619329027222426,0.2617993877991417,0.0,-1.5357902605668121,180,180,180,180,180,180,180
25.07288670539856,-0.0011609478003031233,5.610670027617072,0.2617993877991417,0.0,-1.5357605526654183,180,180,180,180,180,180,180
25.08378005027771,-0.0011609478003031233,5.610670027617072,0.2617993877991417,0.0,-1.5357605526654183,180,180,180,180,180,180,180
25.09399127960205,-0.0011609478003031233,5.610670027617072,0.2617993877991417,0.0,-1.5357605526654183,180,180,180,180,180,180,180
25.10419464111328,-0.0014743172474250103,5.6017404821270915,0.2617993877991417,0.0,-1.5357461660810197,180,180,180,180,180,180,180
25.117185831069946,-0.0014743172474250103,5.6017404821270915,0.2617993877991417,0.0,-1.5357461660810197,180,180,180,180,180,180,180
25.12739610671997,-0.0014743172474250103,5.6017404821270915,0.2617993877991417,0.0,-1.5357461660810197,180,180,180,180,180,180,180
25.137593746185303,-0.0017796552646372427,5.593075984658235,0.2617993877991417,0.0,-1.5357703651173982,180,180,180,180,180,180,180
25.147791385650635,-0.0017796552646372427,5.593075984658235,0.2617993877991417,0.0,-1.5357703651173982,180,180,180,180,180,180,180
25.16557812690735,-0.0020827980774438416,5.584424571185452,0.2617993877991417,0.0,-1.5358010770092965,180,180,180,180,180,180,180
25.175811052322388,-0.0020827980774438416,5.584424571185452,0.2617993877991417,0.0,-1.5358010770092965,180,180,180,180,180,180,180
25.18601679801941,-0.0020827980774438416,5.584424571185452,0.2617993877991417,0.0,-1.5358010770092965,180,180,180,180,180,180,180
25.19621968269348,-0.0020827980774438416,5.584424571185452,0.2617993877991417,0.0,-1.5358010770092965,180,180,180,180,180,180,180
25.20647358894348,-0.0023884836397486714,5.575551071077708,0.2617993877991417,0.0,-1.5358317413632592,180,180,180,180,180,180,180
25.216673612594604,-0.0023884836397486714,5.575551071077708,0.2617993877991417,0.0,-1.5358317413632592,180,180,180,180,180,180,180
25.22684669494629,-0.0023884836397486714,5.575551071077708,0.2617993877991417,0.0,-1.5358317413632592,180,180,180,180,180,180,180
25.237050533294678,-0.0026892075910492077,5.566964658679186,0.2617993877991417,0.0,-1.535710418836582,180,180,180,180,180,180,180
25.247231006622314,-0.0026892075910492077,5.566964658679186,0.2617993877991417,0.0,-1.535710418836582,180,180,180,180,180,180,180
25.257405757904053,-0.0026892075910492077,5.566964658679186,0.2617993877991417,0.0,-1.535710418836582,180,180,180,180,180,180,180
25.26780080795288,-0.00298918528428374,5.558361444955717,0.2617993877991417,0.0,-1.5356721040117143,180,180,180,180,180,180,180
25.278037548065186,-0.00298918528428374,5.558361444955717,0.2617993877991417,0.0,-1.5356721040117143,180,180,180,180,180,180,180
25.288238763809204,-0.00298918528428374,5.558361444955717,0.2617993877991417,0.0,-1.5356721040117143,180,180,180,180,180,180,180
25.29846429824829,-0.003300252121349908,5.549492465724094,0.2617993877991417,0.0,-1.5356207062024922,180,180,180,180,180,180,180
25.316803693771362,-0.003300252121349908,5.549492465724094,0.2617993877991417,0.0,-1.5356207062024922,180,180,180,180,180,180,180
25.327058792114258,-0.003300252121349908,5.549492465724094,0.2617993877991417,0.0,-1.5356207062024922,180,180,180,180,180,180,180
25.337238788604736,-0.0036027890357419787,5.5408736014276,0.2617993877991417,0.0,-1.535577279601113,180,180,180,180,180,180,180
25.347445249557495,-0.0036027890357419787,5.5408736014276,0.2617993877991417,0.0,-1.535577279601113,180,180,180,180,180,180,180
25.364500999450684,-0.003906009868792892,5.532243549828629,0.2617993877991417,0.0,-1.535541147573774,180,180,180,180,180,180,180
25.37473201751709,-0.003906009868792892,5.532243549828629,0.2617993877991417,0.0,-1.535541147573774,180,180,180,180,180,180,180
25.38495945930481,-0.003906009868792892,5.532243549828629,0.2617993877991417,0.0,-1.535541147573774,180,180,180,180,180,180,180
25.39516305923462,-0.003906009868792892,5.532243549828629,0.2617993877991417,0.0,-1.535541147573774,180,180,180,180,180,180,180
25.405349016189575,-0.0042191300142931185,5.523341378342453,0.2617993877991417,0.0,-1.535504152180026,180,180,180,180,180,180,180
25.41896414756775,-0.0042191300142931185,5.523341378342453,0.2617993877991417,0.0,-1.535504152180026,180,180,180,180,180,180,180
25.429157495498657,-0.0042191300142931185,5.523341378342453,0.2617993877991417,0.0,-1.535504152180026,180,180,180,180,180,180,180
25.43934917449951,-0.004523756816609841,5.5146910254249395,0.2617993877991417,0.0,-1.535468992453582,180,180,180,180,180,180,180
25.44956660270691,-0.004523756816609841,5.5146910254249395,0.2617993877991417,0.0,-1.535468992453582,180,180,180,180,180,180,180
25.46803569793701,-0.004523756816609841,5.5146910254249395,0.2617993877991417,0.0,-1.535468992453582,180,180,180,180,180,180,180
25.478265047073364,-0.004829589919787509,5.506030957343807,0.2617993877991417,0.0,-1.5354406395558486,180,180,180,180,180,180,180
25.488502740859985,-0.004829589919787509,5.506030957343807,0.2617993877991417,0.0,-1.5354406395558486,180,180,180,180,180,180,180
25.499075651168823,-0.005145885783713905,5.497101036968219,0.2617993877991417,0.0,-1.5354300173131499,180,180,180,180,180,180,180
25.509321689605713,-0.005145885783713905,5.497101036968219,0.2617993877991417,0.0,-1.5354300173131499,180,180,180,180,180,180,180
25.519641876220703,-0.005145885783713905,5.497101036968219,0.2617993877991417,0.0,-1.5354300173131499,180,180,180,180,180,180,180
25.529837608337402,-0.005454140433218298,5.4884378059947725,0.2617993877991417,0.0,-1.5354577257694964,180,180,180,180,180,180,180
25.5400390625,-0.005454140433218298,5.4884378059947725,0.2617993877991417,0.0,-1.5354577257694964,180,180,180,180,180,180,180
25.550254106521606,-0.005454140433218298,5.4884378059947725,0.2617993877991417,0.0,-1.5354577257694964,180,180,180,180,180,180,180
25.56548261642456,-0.005454140433218298,5.4884378059947725,0.2617993877991417,0.0,-1.5354577257694964,180,180,180,180,180,180,180
25.575890064239502,-0.005760459191145994,5.479788875537617,0.2617993877991417,0.0,-1.535487970647475,180,180,180,180,180,180,180
25.586107969284058,-0.005760459191145994,5.479788875537617,0.2617993877991417,0.0,-1.535487970647475,180,180,180,180,180,180,180
25.59631109237671,-0.005760459191145994,5.479788875537617,0.2617993877991417,0.0,-1.535487970647475,180,180,180,180,180,180,180
25.615324020385742,-0.006067371120392702,5.470922565475931,0.2617993877991417,0.0,-1.5354954166599484,180,180,180,180,180,180,180
25.625548362731934,-0.006067371120392702,5.470922565475931,0.2617993877991417,0.0,-1.5354954166599484,180,180,180,180,180,180,180
25.63573384284973,-0.00637102010866783,5.46233242633634,0.2617993877991417,0.0,-1.5353984620881396,180,180,180,180,180,180,180
25.646076202392578,-0.00637102010866783,5.46233242633634,0.2617993877991417,0.0,-1.5353984620881396,180,180,180,180,180,180,180
25.656339406967163,-0.00637102010866783,5.46233242633634,0.2617993877991417,0.0,-1.5353984620881396,180,180,180,180,180,180,180
25.666516542434692,-0.006673996141089536,5.453730122867818,0.2617993877991417,0.0,-1.5353508481058527,180,180,180,180,180,180,180
25.67672038078308,-0.006673996141089536,5.453730122867818,0.2617993877991417,0.0,-1.5353508481058527,180,180,180,180,180,180,180
25.686951160430908,-0.006673996141089536,5.453730122867818,0.2617993877991417,0.0,-1.5353508481058527,180,180,180,180,180,180,180
25.6971595287323,-0.006987973710653187,5.444860057994056,0.2617993877991417,0.0,-1.5353005389824719,180,180,180,180,180,180,180
25.716727018356323,-0.006987973710653187,5.444860057994056,0.2617993877991417,0.0,-1.5353005389824719,180,180,180,180,180,180,180
25.726980924606323,-0.006987973710653187,5.444860057994056,0.2617993877991417,0.0,-1.5353005389824719,180,180,180,180,180,180,180
25.737245082855225,-0.007293307736476953,5.436239974344986,0.2617993877991417,0.0,-1.5352579014551804,180,180,180,180,180,180,180
25.74781107902527,-0.007293307736476953,5.436239974344986,0.2617993877991417,0.0,-1.5352579014551804,180,180,180,180,180,180,180
25.763622760772705,-0.007599327024466275,5.427608776989156,0.2617993877991417,0.0,-1.5352219859599208,180,180,180,180,180,180,180
25.773826599121094,-0.007599327024466275,5.427608776989156,0.2617993877991417,0.0,-1.5352219859599208,180,180,180,180,180,180,180
25.784099578857422,-0.007599327024466275,5.427608776989156,0.2617993877991417,0.0,-1.5352219859599208,180,180,180,180,180,180,180
25.794395208358765,-0.007599327024466275,5.427608776989156,0.2617993877991417,0.0,-1.5352219859599208,180,180,180,180,180,180,180
25.80462908744812,-0.007915334317956695,5.418705497876742,0.2617993877991417,0.0,-1.5351848478575085,180,180,180,180,180,180,180
25.81758213043213,-0.007915334317956695,5.418705497876742,0.2617993877991417,0.0,-1.5351848478575085,180,180,180,180,180,180,180
25.82779312133789,-0.007915334317956695,5.418705497876742,0.2617993877991417,0.0,-1.5351848478575085,180,180,180,180,180,180,180
25.837970495224,-0.008222791653524209,5.4100541047852415,0.2617993877991417,0.0,-1.53514993866016,180,180,180,180,180,180,180
25.848172664642334,-0.008222791653524209,5.4100541047852415,0.2617993877991417,0.0,-1.53514993866016,180,180,180,180,170,170,120
25.86729145050049,-0.008531527010265307,5.401393067926157,0.2617993877991417,0.0,-1.5351228695589187,180,180,180,180,170,170,120
25.877490997314453,-0.008531527010265307,5.401393067926157,0.2617993877991417,0.0,-1.5351228695589187,180,180,180,180,170,170,120
25.887996673583984,-0.008531527010265307,5.401393067926157,0.2617993877991417,0.0,-1.5351228695589187,180,180,180,180,170,170,120
25.898277044296265,-0.008850724454481287,5.3924629900339855,0.2617993877991417,0.0,-1.5351163794155571,180,180,180,180,170,170,180
25.915456533432007,-0.008850724454481287,5.3924629900339855,0.2617993877991417,0.0,-1.5351163794155571,180,180,180,180,170,170,180
25.92567276954651,-0.008850724454481287,5.3924629900339855,0.2617993877991417,0.0,-1.5351163794155571,180,180,180,180,170,170,180
25.935851097106934,-0.009161729598421653,5.383801151098524,0.2617993877991417,0.0,-1.5351468054112258,180,180,180,180,170,170,180
25.94609045982361,-0.009161729598421653,5.383801151098524,0.2617993877991417,0.0,-1.5351468054112258,180,180,180,180,180,170,170
25.963232040405273,-0.009161729598421653,5.383801151098524,0.2617993877991417,0.0,-1.5351468054112258,180,180,180,180,180,170,170
25.973500967025757,-0.009471197967365477,5.375155174853669,0.2617993877991417,0.0,-1.5351775107004226,180,180,180,180,180,170,170
25.983709573745728,-0.009471197967365477,5.375155174853669,0.2617993877991417,0.0,-1.5351775107004226,180,180,180,180,180,170,170
25.993939638137817,-0.009471197967365477,5.375155174853669,0.2617993877991417,0.0,-1.5351775107004226,180,180,180,180,180,170,170
26.004188299179077,-0.009779928553628157,5.366295862524753,0.2617993877991417,0.0,-1.5351537362602687,180,180,180,180,180,170,170
26.01766276359558,-0.009779928553628157,5.366295862524753,0.2617993877991417,0.0,-1.5351537362602687,180,180,180,180,180,170,170
26.027900218963623,-0.009779928553628157,5.366295862524753,0.2617993877991417,0.0,-1.5351537362602687,180,180,180,180,180,170,170
26.038095235824585,-0.010085939267837043,5.357701846057104,0.2617993877991417,0.0,-1.535084614891714,180,180,180,180,180,180,170
26.048306465148926,-0.010085939267837043,5.357701846057104,0.2617993877991417,0.0,-1.535084614891714,180,180,180,180,180,180,170
26.06547498703003,-0.010392042598460587,5.349099986107886,0.2617993877991417,0.0,-1.5350305821881773,180,180,180,180,180,180,170
26.075640201568604,-0.010392042598460587,5.349099986107886,0.2617993877991417,0.0,-1.5350305821881773,180,180,180,180,180,180,170
26.085813522338867,-0.010392042598460587,5.349099986107886,0.2617993877991417,0.0,-1.5350305821881773,180,180,180,180,180,180,170
26.096014499664307,-0.010392042598460587,5.349099986107886,0.2617993877991417,0.0,-1.5350305821881773,180,180,180,180,180,180,170
26.10624933242798,-0.010708923344287823,5.340228704107477,0.2617993877991417,0.0,-1.5349814708395868,180,180,180,180,180,180,170
26.117403030395508,-0.010708923344287823,5.340228704107477,0.2617993877991417,0.0,-1.5349814708395868,180,180,180,180,180,180,170
26.127639055252075,-0.010708923344287823,5.340228704107477,0.2617993877991417,0.0,-1.5349814708395868,180,180,180,180,180,180,170
26.137828826904297,-0.011017043880511303,5.33160732873156,0.2617993877991417,0.0,-1.534939694829126,180,180,180,180,180,180,170
26.14808750152588,-0.011017043880511303,5.33160732873156,0.2617993877991417,0.0,-1.534939694829126,180,180,180,180,170,170,150
26.16574478149414,-0.011325855148383855,5.322974941168838,0.2617993877991417,0.0,-1.5349038843211078,180,180,180,180,170,170,150
26.175966024398804,-0.011325855148383855,5.322974941168838,0.2617993877991417,0.0,-1.5349038843211078,180,180,180,180,170,170,150
26.186224222183228,-0.011325855148383855,5.322974941168838,0.2617993877991417,0.0,-1.5349038843211078,180,180,180,180,170,170,150
26.196453332901,-0.011644743722228032,5.314070493464133,0.2617993877991417,0.0,-1.5348666403264355,180,180,180,180,170,180,170
26.2066867351532,-0.011644743722228032,5.314070493464133,0.2617993877991417,0.0,-1.5348666403264355,180,180,180,180,170,180,170
26.219967365264893,-0.011644743722228032,5.314070493464133,0.2617993877991417,0.0,-1.5348666403264355,180,180,180,180,170,180,170
26.23019576072693,-0.011955034725294848,5.3054180024123845,0.2617993877991417,0.0,-1.5348321726554908,180,180,180,180,170,180,170
26.240347146987915,-0.011955034725294848,5.3054180024123845,0.2617993877991417,0.0,-1.5348321726554908,180,180,180,180,170,180,170
26.250558853149414,-0.011955034725294848,5.3054180024123845,0.2617993877991417,0.0,-1.5348321726554908,180,180,180,180,170,180,170
26.26078152656555,-0.011955034725294848,5.3054180024123845,0.2617993877991417,0.0,-1.5348321726554908,180,180,180,180,170,180,170
26.274564266204834,-0.01226666722846994,5.2967559836268485,0.2617993877991417,0.0,-1.5348065860867834,180,180,180,180,170,180,170
26.284788608551025,-0.01226666722846994,5.2967559836268485,0.2617993877991417,0.0,-1.5348065860867834,180,180,180,180,170,180,170
26.295015335083008,-0.01226666722846994,5.2967559836268485,0.2617993877991417,0.0,-1.5348065860867834,180,180,180,180,170,180,170
26.305241584777832,-0.012588756736142546,5.287825913396912,0.2617993877991417,0.0,-1.5348049716551682,180,180,180,180,180,180,170
26.320698499679565,-0.012588756736142546,5.287825913396912,0.2617993877991417,0.0,-1.5348049716551682,180,180,180,180,180,180,170
26.33092188835144,-0.012902256147635176,5.279165612513868,0.2617993877991417,0.0,-1.5348372747545256,180,180,180,180,180,180,170
26.34112048149109,-0.012902256147635176,5.279165612513868,0.2617993877991417,0.0,-1.5348372747545256,180,180,180,180,180,180,180
26.351365327835083,-0.012902256147635176,5.279165612513868,0.2617993877991417,0.0,-1.5348372747545256,180,180,180,180,180,180,180
26.36391282081604,-0.012902256147635176,5.279165612513868,0.2617993877991417,0.0,-1.5348372747545256,180,180,180,180,180,180,180
26.374237775802612,-0.013214617059804465,5.270523142740975,0.2617993877991417,0.0,-1.5348708173514232,180,180,180,180,180,180,180
26.384453296661377,-0.013214617059804465,5.270523142740975,0.2617993877991417,0.0,-1.5348708173514232,180,180,180,180,180,180,180
26.39468002319336,-0.013214617059804465,5.270523142740975,0.2617993877991417,0.0,-1.5348708173514232,180,180,180,180,170,180,170
26.404908657073975,-0.013525825899178546,5.261670252313387,0.2617993877991417,0.0,-1.5348127882597786,180,180,180,180,170,180,170
26.41698908805847,-0.013525825899178546,5.261670252313387,0.2617993877991417,0.0,-1.5348127882597786,180,180,180,180,170,180,170
26.427230834960938,-0.013525825899178546,5.261670252313387,0.2617993877991417,0.0,-1.5348127882597786,180,180,180,180,170,180,170
26.437482833862305,-0.01383396906857381,5.2530726996601755,0.2617993877991417,0.0,-1.5347686875197966,180,180,180,180,180,180,170
26.447707891464233,-0.01383396906857381,5.2530726996601755,0.2617993877991417,0.0,-1.5347686875197966,180,180,180,180,180,180,170
26.465812921524048,-0.014143228837300658,5.244470595484724,0.2617993877991417,0.0,-1.5347131326948626,180,180,180,180,180,180,170
26.476070880889893,-0.014143228837300658,5.244470595484724,0.2617993877991417,0.0,-1.5347131326948626,180,180,180,180,180,180,170
26.486267805099487,-0.014143228837300658,5.244470595484724,0.2617993877991417,0.0,-1.5347131326948626,180,180,180,180,180,180,180
26.496466159820557,-0.014143228837300658,5.244470595484724,0.2617993877991417,0.0,-1.5347131326948626,180,180,180,180,180,180,180
26.516949892044067,-0.014462959709681235,5.235598133122167,0.2617993877991417,0.0,-1.534664365565916,180,180,180,180,180,180,180
26.52717614173889,-0.014462959709681235,5.235598133122167,0.2617993877991417,0.0,-1.534664365565916,180,180,180,180,180,180,180
26.537360906600952,-0.014773847180826132,5.22697553031207,0.2617993877991417,0.0,-1.5346234062376576,180,180,180,180,180,180,180
26.5476131439209,-0.014773847180826132,5.22697553031207,0.2617993877991417,0.0,-1.5346234062376576,180,180,180,180,180,180,180
26.56582236289978,-0.015085432763604734,5.218342038390137,0.2617993877991417,0.0,-1.5345875439340375,180,180,180,180,180,180,180
26.576087474822998,-0.015085432763604734,5.218342038390137,0.2617993877991417,0.0,-1.5345875439340375,180,180,180,180,180,180,180
26.58634066581726,-0.015085432763604734,5.218342038390137,0.2617993877991417,0.0,-1.5345875439340375,180,180,180,180,180,180,180
26.596579551696777,-0.015407185247261593,5.209436491229452,0.2617993877991417,0.0,-1.5345501848062784,180,180,180,180,180,180,180
26.60679316520691,-0.015407185247261593,5.209436491229452,0.2617993877991417,0.0,-1.5345501848062784,180,180,180,180,180,180,180
26.61903667449951,-0.015407185247261593,5.209436491229452,0.2617993877991417,0.0,-1.5345501848062784,180,180,180,180,180,180,180
26.629249095916748,-0.015407185247261593,5.209436491229452,0.2617993877991417,0.0,-1.5345501848062784,180,180,180,180,180,180,180
26.639564275741577,-0.01572030019258728,5.2007829533584005,0.2617993877991417,0.0,-1.534516166517292,180,180,180,180,180,180,180
26.649943590164185,-0.01572030019258728,5.2007829533584005,0.2617993877991417,0.0,-1.534516166517292,180,180,180,180,180,180,180
26.66711163520813,-0.016034803014626498,5.192120054640149,0.2617993877991417,0.0,-1.5344921717741367,180,180,180,180,180,180,180
26.677335023880005,-0.016034803014626498,5.192120054640149,0.2617993877991417,0.0,-1.5344921717741367,180,180,180,180,180,180,180
26.687573671340942,-0.016034803014626498,5.192120054640149,0.2617993877991417,0.0,-1.5344921717741367,180,180,180,180,180,180,180
26.6981520652771,-0.016359798452443935,5.183190255864244,0.2617993877991417,0.0,-1.5344959841062262,180,180,180,180,180,180,180
26.708429098129272,-0.016359798452443935,5.183190255864244,0.2617993877991417,0.0,-1.5344959841062262,180,180,180,180,180,180,180
26.718759059906006,-0.016359798452443935,5.183190255864244,0.2617993877991417,0.0,-1.5344959841062262,180,180,180,180,180,180,180
26.728970050811768,-0.016359798452443935,5.183190255864244,0.2617993877991417,0.0,-1.5344959841062262,180,180,180,180,180,180,180
26.73914933204651,-0.01667549185007232,5.174531583130335,0.2617993877991417,0.0,-1.534529278292208,180,180,180,180,170,180,180
26.750362157821655,-0.01667549185007232,5.174531583130335,0.2617993877991417,0.0,-1.534529278292208,180,180,180,180,170,180,180
26.766587257385254,-0.016990176820370358,5.1658933422499205,0.2617993877991417,0.0,-1.5345684152723253,180,180,180,180,170,180,180
26.776756763458252,-0.016990176820370358,5.1658933422499205,0.2617993877991417,0.0,-1.5345684152723253,180,180,180,180,170,180,180
26.78710913658142,-0.016990176820370358,5.1658933422499205,0.2617993877991417,0.0,-1.5345684152723253,180,180,180,180,170,180,180
26.79741883277893,-0.017304691568169966,5.157045699121083,0.2617993877991417,0.0,-1.5344784012409272,180,180,180,180,170,180,180
26.816139698028564,-0.017304691568169966,5.157045699121083,0.2617993877991417,0.0,-1.5344784012409272,180,180,180,180,170,180,180
26.82638454437256,-0.017304691568169966,5.157045699121083,0.2617993877991417,0.0,-1.5344784012409272,180,180,180,180,170,180,180
26.836602210998535,-0.017615093505120562,5.148445834382307,0.2617993877991417,0.0,-1.5344471707123852,180,180,180,180,180,180,180
26.846805334091187,-0.017615093505120562,5.148445834382307,0.2617993877991417,0.0,-1.5344471707123852,180,180,180,180,180,180,180
26.864757537841797,-0.017615093505120562,5.148445834382307,0.2617993877991417,0.0,-1.5344471707123852,180,180,180,180,180,180,180
26.874962329864502,-0.017927398567878793,5.139842867011973,0.2617993877991417,0.0,-1.534392809172438,180,180,180,180,180,180,180
26.88517928123474,-0.017927398567878793,5.139842867011973,0.2617993877991417,0.0,-1.534392809172438,180,180,180,180,180,180,180
26.895434617996216,-0.017927398567878793,5.139842867011973,0.2617993877991417,0.0,-1.534392809172438,180,180,180,180,180,180,180
26.914530992507935,-0.018249955047819677,5.130969201587083,0.2617993877991417,0.0,-1.5343440733973912,180,180,180,180,180,180,180
26.9247887134552,-0.018249955047819677,5.130969201587083,0.2617993877991417,0.0,-1.5343440733973912,180,180,180,180,180,180,180
26.934979915618896,-0.018563640276174714,5.122345304252095,0.2617993877991417,0.0,-1.5343039782042698,180,180,180,180,180,180,180
26.945178747177124,-0.018563640276174714,5.122345304252095,0.2617993877991417,0.0,-1.5343039782042698,180,180,180,180,180,180,180
26.955381870269775,-0.018563640276174714,5.122345304252095,0.2617993877991417,0.0,-1.5343039782042698,180,180,180,180,180,180,180
26.96744680404663,-0.018563640276174714,5.122345304252095,0.2617993877991417,0.0,-1.5343039782042698,180,180,180,180,180,180,180
26.977784633636475,-0.018878031365747828,5.113710667198043,0.2617993877991417,0.0,-1.5342679348687747,180,180,180,180,180,180,180
26.98799729347229,-0.018878031365747828,5.113710667198043,0.2617993877991417,0.0,-1.5342679348687747,180,180,180,180,180,180,180
26.998199939727783,-0.019202680442710757,5.104803963978966,0.2617993877991417,0.0,-1.534230502813361,180,180,180,180,180,180,180
27.00840449333191,-0.019202680442710757,5.104803963978966,0.2617993877991417,0.0,-1.534230502813361,180,180,180,180,180,180,180
27.01940393447876,-0.019202680442710757,5.104803963978966,0.2617993877991417,0.0,-1.534230502813361,180,180,180,180,180,180,180
27.029604196548462,-0.019518665951244518,5.096149311289478,0.2617993877991417,0.0,-1.534197080101153,180,180,180,180,180,180,180
27.039811849594116,-0.019518665951244518,5.096149311289478,0.2617993877991417,0.0,-1.534197080101153,180,180,180,180,180,180,180
27.050018072128296,-0.019518665951244518,5.096149311289478,0.2617993877991417,0.0,-1.534197080101153,180,180,180,180,180,180,180
27.065932035446167,-0.019836055943602965,5.08748553693305,0.2617993877991417,0.0,-1.5341749318194813,180,180,180,180,180,180,180
27.076157808303833,-0.019836055943602965,5.08748553693305,0.2617993877991417,0.0,-1.5341749318194813,180,180,180,180,180,180,180
27.086758613586426,-0.019836055943602965,5.08748553693305,0.2617993877991417,0.0,-1.5341749318194813,180,180,180,180,180,180,180
27.097379446029663,-0.020164024095190594,5.0785562368664685,0.2617993877991417,0.0,-1.5341845841288144,180,180,180,180,180,180,180
27.11665678024292,-0.020164024095190594,5.0785562368664685,0.2617993877991417,0.0,-1.5341845841288144,180,180,180,180,180,180,180
27.126879453659058,-0.020164024095190594,5.0785562368664685,0.2617993877991417,0.0,-1.5341845841288144,180,180,180,180,180,180,180
27.137048721313477,-0.020481715676152253,5.069899224532744,0.2617993877991417,0.0,-1.5342182228452768,180,180,180,180,180,180,180
27.14728856086731,-0.020481715676152253,5.069899224532744,0.2617993877991417,0.0,-1.5342182228452768,180,180,180,180,180,180,180
27.166836977005005,-0.020798016623332895,5.06126595342179,0.2617993877991417,0.0,-1.5342645423640742,180,180,180,180,180,180,180
27.177133560180664,-0.020798016623332895,5.06126595342179,0.2617993877991417,0.0,-1.5342645423640742,180,180,180,180,180,180,180
27.18739080429077,-0.020798016623332895,5.06126595342179,0.2617993877991417,0.0,-1.5342645423640742,180,180,180,180,180,180,180
27.1979341506958,-0.02111667625536943,5.052421934278218,0.2617993877991417,0.0,-1.534148960484881,180,180,180,180,180,180,180
27.2129545211792,-0.02111667625536943,5.052421934278218,0.2617993877991417,0.0,-1.534148960484881,180,180,180,180,180,180,180
27.223174571990967,-0.02111667625536943,5.052421934278218,0.2617993877991417,0.0,-1.534148960484881,180,180,180,180,180,180,180
27.23336434364319,-0.02142958984957285,5.0438200857174085,0.2617993877991417,0.0,-1.5341257055421922,180,180,180,180,180,180,180
27.24359655380249,-0.02142958984957285,5.0438200857174085,0.2617993877991417,0.0,-1.5341257055421922,180,180,180,180,180,180,180
27.25383186340332,-0.02142958984957285,5.0438200857174085,0.2617993877991417,0.0,-1.5341257055421922,180,180,180,180,180,180,180
27.26547122001648,-0.02174480264148396,5.035216159846347,0.2617993877991417,0.0,-1.534072632016575,180,180,180,180,180,180,180
27.275731563568115,-0.02174480264148396,5.035216159846347,0.2617993877991417,0.0,-1.534072632016575,180,180,180,180,180,180,180
27.28595495223999,-0.02174480264148396,5.035216159846347,0.2617993877991417,0.0,-1.534072632016575,180,180,180,180,180,180,180
27.296212196350098,-0.02174480264148396,5.035216159846347,0.2617993877991417,0.0,-1.534072632016575,180,180,180,180,180,180,180
27.30648112297058,-0.022070178699588043,5.026341328231788,0.2617993877991417,0.0,-1.5340242080365436,180,180,180,180,180,180,180
27.316709756851196,-0.022070178699588043,5.026341328231788,0.2617993877991417,0.0,-1.5340242080365436,180,180,180,180,180,180,180
27.32692527770996,-0.022070178699588043,5.026341328231788,0.2617993877991417,0.0,-1.5340242080365436,180,180,180,180,180,180,180
27.337120294570923,-0.022386660300254,5.0177161967243915,0.2617993877991417,0.0,-1.5339849832313683,180,180,180,180,180,180,180
27.347299337387085,-0.022386660300254,5.0177161967243915,0.2617993877991417,0.0,-1.5339849832313683,180,180,180,180,180,180,180
27.357539892196655,-0.022386660300254,5.0177161967243915,0.2617993877991417,0.0,-1.5339849832313683,180,180,180,180,180,180,180
27.36934733390808,-0.02270385261480178,5.0090804970790686,0.2617993877991417,0.0,-1.5339486342035762,180,180,180,180,180,180,180
27.379569053649902,-0.02270385261480178,5.0090804970790686,0.2617993877991417,0.0,-1.5339486342035762,180,180,180,180,180,180,180
27.389808654785156,-0.02270385261480178,5.0090804970790686,0.2617993877991417,0.0,-1.5339486342035762,180,180,180,180,180,180,180
27.400073528289795,-0.023031393936715012,5.000172708027665,0.2617993877991417,0.0,-1.5339111332818396,180,180,180,180,180,180,180
27.41868782043457,-0.023031393936715012,5.000172708027665,0.2617993877991417,0.0,-1.5339111332818396,180,180,180,180,180,180,180
27.428950786590576,-0.023031393936715012,5.000172708027665,0.2617993877991417,0.0,-1.5339111332818396,180,180,180,180,180,180,180
27.439207077026367,-0.023350256525884922,4.991517004734667,0.2617993877991417,0.0,-1.5338783598254109,180,180,180,180,180,180,180
27.449454069137573,-0.023350256525884922,4.991517004734667,0.2617993877991417,0.0,-1.5338783598254109,180,180,180,180,180,180,180
27.465787172317505,-0.023350256525884922,4.991517004734667,0.2617993877991417,0.0,-1.5338783598254109,180,180,180,180,180,180,180
27.476072788238525,-0.02367051247135585,4.98285247308011,0.2617993877991417,0.0,-1.5338581501688069,180,180,180,180,180,180,180
27.486311674118042,-0.02367051247135585,4.98285247308011,0.2617993877991417,0.0,-1.5338581501688069,180,180,180,180,180,180,180
27.496581077575684,-0.024001479646066453,4.973923937106545,0.2617993877991417,0.0,-1.5338735231947505,180,180,180,180,180,180,180
27.516912937164307,-0.024001479646066453,4.973923937106545,0.2617993877991417,0.0,-1.5338735231947505,180,180,180,180,180,180,180
27.52721858024597,-0.024001479646066453,4.973923937106545,0.2617993877991417,0.0,-1.5338735231947505,180,180,180,180,180,180,180
27.53786849975586,-0.024321082251455337,4.965268644466685,0.2617993877991417,0.0,-1.5339073139632537,180,180,180,180,180,180,180
27.54814076423645,-0.024321082251455337,4.965268644466685,0.2617993877991417,0.0,-1.5339073139632537,180,180,180,180,180,180,180
27.55841374397278,-0.024321082251455337,4.965268644466685,0.2617993877991417,0.0,-1.5339073139632537,180,180,180,180,180,180,180
27.569292783737183,-0.024638389642709604,4.956641140104379,0.2617993877991417,0.0,-1.533959717464502,180,180,180,180,180,180,180
27.579525470733643,-0.024638389642709604,4.956641140104379,0.2617993877991417,0.0,-1.533959717464502,180,180,180,180,180,180,180
27.58979082107544,-0.024638389642709604,4.956641140104379,0.2617993877991417,0.0,-1.533959717464502,180,180,180,180,180,180,180
27.600053548812866,-0.02496172385328865,4.947798792983379,0.2617993877991417,0.0,-1.5338275334286484,180,180,180,180,180,180,180
27.615144968032837,-0.02496172385328865,4.947798792983379,0.2617993877991417,0.0,-1.5338275334286484,180,180,180,180,180,180,180
27.625364065170288,-0.02496172385328865,4.947798792983379,0.2617993877991417,0.0,-1.5338275334286484,180,180,180,180,180,180,180
27.63560152053833,-0.025277376072145044,4.939195594501288,0.2617993877991417,0.0,-1.5338061340279028,180,180,180,180,180,180,180
27.645859718322754,-0.025277376072145044,4.939195594501288,0.2617993877991417,0.0,-1.5338061340279028,180,180,180,180,180,180,180
27.65606713294983,-0.025277376072145044,4.939195594501288,0.2617993877991417,0.0,-1.5338061340279028,180,180,180,180,180,180,180
27.668344736099243,-0.025277376072145044,4.939195594501288,0.2617993877991417,0.0,-1.5338061340279028,180,180,180,180,180,180,180
27.678648948669434,-0.02559535630314917,4.930590661818115,0.2617993877991417,0.0,-1.5337538493632215,180,180,180,180,180,180,180
27.688897848129272,-0.02559535630314917,4.930590661818115,0.2617993877991417,0.0,-1.5337538493632215,180,180,180,180,180,180,180
27.69919180870056,-0.02592356258166306,4.921714576607312,0.2617993877991417,0.0,-1.5337059555359556,180,180,180,180,180,180,180
27.709439277648926,-0.02592356258166306,4.921714576607312,0.2617993877991417,0.0,-1.5337059555359556,180,180,180,180,180,180,180
27.719667196273804,-0.02592356258166306,4.921714576607312,0.2617993877991417,0.0,-1.5337059555359556,180,180,180,180,180,180,180
27.72990655899048,-0.026242832438098662,4.913088159453029,0.2617993877991417,0.0,-1.5336675040643188,180,180,180,180,180,180,180
27.74011731147766,-0.026242832438098662,4.913088159453029,0.2617993877991417,0.0,-1.5336675040643188,180,180,180,180,180,180,180
27.750328302383423,-0.026242832438098662,4.913088159453029,0.2617993877991417,0.0,-1.5336675040643188,180,180,180,180,180,180,180
27.760650634765625,-0.026242832438098662,4.913088159453029,0.2617993877991417,0.0,-1.5336675040643188,180,180,180,180,180,180,180
27.771409034729004,-0.026562815478901193,4.904451336027691,0.2617993877991417,0.0,-1.5336308929137452,180,180,180,180,180,180,180
27.78161907196045,-0.026562815478901193,4.904451336027691,0.2617993877991417,0.0,-1.5336308929137452,180,180,180,180,180,180,180
27.791858434677124,-0.026562815478901193,4.904451336027691,0.2617993877991417,0.0,-1.5336308929137452,180,180,180,180,180,180,180
27.802115201950073,-0.02689323888802896,4.895542405894882,0.2617993877991417,0.0,-1.5335933835501598,180,180,180,180,180,180,180
27.81640625,-0.02689323888802896,4.895542405894882,0.2617993877991417,0.0,-1.5335933835501598,180,180,180,180,180,180,180
27.82663321495056,-0.02689323888802896,4.895542405894882,0.2617993877991417,0.0,-1.5335933835501598,180,180,180,180,180,180,180
27.836870193481445,-0.027214984714285514,4.886885599250516,0.2617993877991417,0.0,-1.5335615141869396,180,180,180,180,180,180,180
27.847103595733643,-0.027214984714285514,4.886885599250516,0.2617993877991417,0.0,-1.5335615141869396,180,180,180,180,180,180,180
27.857593059539795,-0.027214984714285514,4.886885599250516,0.2617993877991417,0.0,-1.5335615141869396,180,180,180,180,180,180,180
27.867827892303467,-0.027538079253114925,4.878220358463995,0.2617993877991417,0.0,-1.533543652480614,180,180,180,180,180,180,180
27.87800931930542,-0.027538079253114925,4.878220358463995,0.2617993877991417,0.0,-1.533543652480614,180,180,180,180,180,180,180
27.88820481300354,-0.027538079253114925,4.878220358463995,0.2617993877991417,0.0,-1.533543652480614,180,180,180,180,180,180,180
27.898428201675415,-0.02787204393454397,4.869292754336808,0.2617993877991417,0.0,-1.5335644025188717,180,180,180,180,180,180,180
27.915451049804688,-0.02787204393454397,4.869292754336808,0.2617993877991417,0.0,-1.5335644025188717,180,180,180,180,180,180,180
27.9257652759552,-0.02787204393454397,4.869292754336808,0.2617993877991417,0.0,-1.5335644025188717,180,180,180,180,180,180,180
27.935965061187744,-0.02819385774233612,4.860639328105871,0.2617993877991417,0.0,-1.5335976915940894,180,180,180,180,180,180,180
27.946163415908813,-0.02819385774233612,4.860639328105871,0.2617993877991417,0.0,-1.5335976915940894,180,180,180,180,180,180,180
27.957823276519775,-0.02819385774233612,4.860639328105871,0.2617993877991417,0.0,-1.5335976915940894,180,180,180,180,180,180,180
27.968318939208984,-0.028511857396758756,4.852018074249567,0.2617993877991417,0.0,-1.5336514227840214,180,180,180,180,180,180,180
27.978517770767212,-0.028511857396758756,4.852018074249567,0.2617993877991417,0.0,-1.5336514227840214,180,180,180,180,180,180,180
27.98873257637024,-0.028511857396758756,4.852018074249567,0.2617993877991417,0.0,-1.5336514227840214,180,180,180,180,180,180,180
27.999005794525146,-0.0288397235104804,4.843175213151815,0.2617993877991417,0.0,-1.533514977041724,180,180,180,180,180,180,180
28.015780448913574,-0.0288397235104804,4.843175213151815,0.2617993877991417,0.0,-1.533514977041724,180,180,180,180,180,180,180
28.02597975730896,-0.0288397235104804,4.843175213151815,0.2617993877991417,0.0,-1.533514977041724,180,180,180,180,180,180,180
28.036174774169922,-0.029158215795438792,4.834571840928055,0.2617993877991417,0.0,-1.5334885002048118,180,180,180,180,180,180,180
28.0464129447937,-0.029158215795438792,4.834571840928055,0.2617993877991417,0.0,-1.5334885002048118,180,180,180,180,180,180,180
28.056689739227295,-0.029158215795438792,4.834571840928055,0.2617993877991417,0.0,-1.5334885002048118,180,180,180,180,180,180,180
28.06691002845764,-0.029478885814779025,4.825966023629654,0.2617993877991417,0.0,-1.533436180671047,180,180,180,180,180,180,180
28.077112436294556,-0.029478885814779025,4.825966023629654,0.2617993877991417,0.0,-1.533436180671047,180,180,180,180,180,180,180
28.08732032775879,-0.029478885814779025,4.825966023629654,0.2617993877991417,0.0,-1.533436180671047,180,180,180,180,180,180,180
28.097545623779297,-0.029809934470128766,4.817088741868272,0.2617993877991417,0.0,-1.533388794480725,180,180,180,180,180,180,180
28.107776403427124,-0.029809934470128766,4.817088741868272,0.2617993877991417,0.0,-1.533388794480725,180,180,180,180,180,180,180
28.118314027786255,-0.029809934470128766,4.817088741868272,0.2617993877991417,0.0,-1.533388794480725,180,180,180,180,180,180,180
28.128507375717163,-0.029809934470128766,4.817088741868272,0.2617993877991417,0.0,-1.533388794480725,180,180,180,180,180,180,180
28.138708353042603,-0.03013198388028896,4.808461142493394,0.2617993877991417,0.0,-1.5333508172665429,180,180,180,180,180,180,180
28.14910864830017,-0.03013198388028896,4.808461142493394,0.2617993877991417,0.0,-1.5333508172665429,180,180,180,180,180,180,180
28.16947841644287,-0.03013198388028896,4.808461142493394,0.2617993877991417,0.0,-1.5333508172665429,180,180,180,180,180,180,180
28.18006682395935,-0.03045474787942843,4.799823253115387,0.2617993877991417,0.0,-1.5333139880383362,180,180,180,180,180,180,180
28.190380334854126,-0.03045474787942843,4.799823253115387,0.2617993877991417,0.0,-1.5333139880383362,180,180,180,180,180,180,180
28.201516151428223,-0.030788044953122318,4.7909132506493775,0.2617993877991417,0.0,-1.533276487775458,180,180,180,180,180,180,180
28.217878818511963,-0.030788044953122318,4.7909132506493775,0.2617993877991417,0.0,-1.533276487775458,180,180,180,180,180,180,180
28.22808599472046,-0.030788044953122318,4.7909132506493775,0.2617993877991417,0.0,-1.533276487775458,180,180,180,180,180,180,180
28.238304615020752,-0.031112669530300063,4.782255410663553,0.2617993877991417,0.0,-1.5332457011809548,170,170,170,180,180,180,180
28.248539447784424,-0.031112669530300063,4.782255410663553,0.2617993877991417,0.17453292519942779,-1.5332457011809548,170,170,170,180,180,180,180
28.267293214797974,-0.03143858090457242,4.773589661892384,0.2617993877991417,0.31415926535897,-1.533230927321337,170,170,170,180,180,180,180
28.277541399002075,-0.03143858090457242,4.773589661892384,0.2617993877991417,0.31415926535897,-1.533230927321337,170,170,170,180,180,180,180
28.287721395492554,-0.03143858090457242,4.773589661892384,0.2617993877991417,0.34906585039885557,-1.533230927321337,170,170,170,180,180,180,180
28.29794478416443,-0.03176671267859551,4.764616364659439,0.2617993877991417,0.36651914291879834,-1.535896564920215,180,170,170,180,180,180,180
28.315978288650513,-0.03176671267859551,4.764616364659439,0.2617993877991417,0.36651914291879834,-1.535896564920215,180,170,170,180,180,180,180
28.32625412940979,-0.03176671267859551,4.764616364659439,0.2617993877991417,0.3839724354387411,-1.535896564920215,180,170,170,180,180,180,180
28.336458206176758,-0.03205424676995792,4.755844546970699,0.2617993877991417,0.12217304763959944,-1.541416685591282,180,180,180,180,180,180,180
28.346681118011475,-0.03205424676995792,4.755844546970699,0.2617993877991417,0.0,-1.541416685591282,180,180,180,180,180,180,180
28.3568856716156,-0.03205424676995792,4.755844546970699,0.2617993877991417,0.0,-1.541416685591282,180,180,180,180,180,180,180
28.367205142974854,-0.03229548139483754,4.747072051703024,0.2617993877991417,0.0,-1.547171322423674,180,180,180,180,180,180,180
28.377405405044556,-0.03229548139483754,4.747072051703024,0.2617993877991417,0.0,-1.547171322423674,180,180,180,180,180,180,180
28.387616634368896,-0.03229548139483754,4.747072051703024,0.2617993877991417,0.0,-1.547171322423674,180,170,160,180,180,180,180
28.39782428741455,-0.032483121898893255,4.738089173232016,0.2617993877991417,0.0,-1.550434699685262,180,170,160,180,180,180,180
28.4161856174469,-0.032483121898893255,4.738089173232016,0.2617993877991417,0.0,-1.550434699685262,180,170,160,180,180,180,180
28.426384449005127,-0.032483121898893255,4.738089173232016,0.2617993877991417,0.0,-1.550434699685262,180,170,160,180,180,180,180
28.436612844467163,-0.032656725827849634,4.729474222877421,0.2617993877991417,0.0,-1.5504731452858733,180,170,160,180,180,180,180
28.4471173286438,-0.032656725827849634,4.729474222877421,0.2617993877991417,0.0,-1.5504731452858733,180,180,170,180,180,180,180
28.45736265182495,-0.032656725827849634,4.729474222877421,0.2617993877991417,0.0,-1.5504731452858733,180,180,170,180,180,180,180
28.467586040496826,-0.03283087820219395,4.720861269508767,0.2617993877991417,0.0,-1.5504689399296654,180,180,170,180,180,180,180
28.477818489074707,-0.03283087820219395,4.720861269508767,0.2617993877991417,0.0,-1.5504689399296654,180,180,170,180,180,180,180
28.48799777030945,-0.03283087820219395,4.720861269508767,0.2617993877991417,0.0,-1.5504689399296654,180,180,180,180,180,180,180
28.498191833496094,-0.03301052220043274,4.711976657052644,0.2617993877991417,0.0,-1.5504604858066473,180,180,180,180,180,180,180
28.508381843566895,-0.03301052220043274,4.711976657052644,0.2617993877991417,0.0,-1.5504604858066473,180,180,180,180,180,180,180
28.519914865493774,-0.03301052220043274,4.711976657052644,0.2617993877991417,0.0,-1.5504604858066473,180,180,180,180,180,180,180
28.530161380767822,-0.033185186237226084,4.703343519836323,0.2617993877991417,0.0,-1.550450013412994,180,180,180,180,180,180,180
28.540399074554443,-0.033185186237226084,4.703343519836323,0.2617993877991417,0.0,-1.550450013412994,180,180,180,180,180,180,180
28.550665855407715,-0.033185186237226084,4.703343519836323,0.2617993877991417,0.0,-1.550450013412994,180,180,180,180,180,180,180
28.560848236083984,-0.033185186237226084,4.703343519836323,0.2617993877991417,0.0,-1.550450013412994,180,180,180,180,180,180,180
28.571041345596313,-0.03336016192555017,4.694700414941656,0.2617993877991417,0.0,-1.550437637534821,180,180,180,180,180,180,180
28.58128023147583,-0.03336016192555017,4.694700414941656,0.2617993877991417,0.0,-1.550437637534821,180,180,180,180,180,180,180
28.591451406478882,-0.03336016192555017,4.694700414941656,0.2617993877991417,0.0,-1.550437637534821,180,180,180,180,180,180,180
28.601725339889526,-0.033540845171717584,4.685785047814819,0.2617993877991417,0.0,-1.5504227911228343,180,180,180,180,180,180,180
28.61566734313965,-0.033540845171717584,4.685785047814819,0.2617993877991417,0.0,-1.5504227911228343,180,180,180,180,180,180,180
28.625874757766724,-0.033540845171717584,4.685785047814819,0.2617993877991417,0.0,-1.5504227911228343,180,180,180,180,180,180,180
28.636088848114014,-0.03371714953733777,4.677121844438038,0.2617993877991417,0.0,-1.5504024632648918,180,180,180,180,180,180,180
28.64646005630493,-0.03371714953733777,4.677121844438038,0.2617993877991417,0.0,-1.5504024632648918,180,180,180,180,180,180,180
28.666486263275146,-0.03371714953733777,4.677121844438038,0.2617993877991417,0.0,-1.5504024632648918,180,180,180,180,180,180,180
28.676859855651855,-0.03389446002700271,4.668450188256624,0.2617993877991417,0.0,-1.550382176062634,180,180,180,180,180,180,180
28.687072038650513,-0.03389446002700271,4.668450188256624,0.2617993877991417,0.0,-1.550382176062634,180,180,180,180,180,180,180
28.697301626205444,-0.03407834942995489,4.659518679908441,0.2617993877991417,0.0,-1.5503656509667976,180,180,180,180,180,180,180
28.707566738128662,-0.03407834942995489,4.659518679908441,0.2617993877991417,0.0,-1.5503656509667976,180,180,180,180,180,180,180
28.717801332473755,-0.03407834942995489,4.659518679908441,0.2617993877991417,0.0,-1.5503656509667976,180,180,180,180,180,180,180
28.728007078170776,-0.03407834942995489,4.659518679908441,0.2617993877991417,0.0,-1.5503656509667976,180,180,180,180,180,180,180
28.738216876983643,-0.0342611035771562,4.650865431762628,0.2617993877991417,0.0,-1.5503208407139393,180,180,180,180,180,180,180
28.748453855514526,-0.0342611035771562,4.650865431762628,0.2617993877991417,0.0,-1.5503208407139393,180,180,180,180,180,180,180
28.766607999801636,-0.03443457584746034,4.6422556316325405,0.2617993877991417,0.0,-1.5501508881731165,180,180,180,180,180,180,180
28.77689480781555,-0.03443457584746034,4.6422556316325405,0.2617993877991417,0.0,-1.5501508881731165,180,180,180,180,180,180,180
28.78729796409607,-0.03443457584746034,4.6422556316325405,0.2617993877991417,0.0,-1.5501508881731165,180,180,180,180,180,180,180
28.79758310317993,-0.03461565378576434,4.633394176649036,0.2617993877991417,0.0,-1.5501493683776562,150,180,160,180,180,180,180
28.807851314544678,-0.03461565378576434,4.633394176649036,0.2617993877991417,0.0,-1.5501493683776562,150,180,160,180,180,180,180
28.81810235977173,-0.03461565378576434,4.633394176649036,0.2617993877991417,0.0,-1.5501493683776562,150,180,160,180,180,180,180
28.828296661376953,-0.03461565378576434,4.633394176649036,0.2617993877991417,0.0,-1.5501493683776562,150,180,160,180,180,180,180
28.838529586791992,-0.034792959217953855,4.624789334413109,0.2617993877991417,0.0,-1.5501304372160536,180,180,170,180,180,180,180
28.849008798599243,-0.034792959217953855,4.624789334413109,0.2617993877991417,0.0,-1.5501304372160536,180,180,170,180,180,180,180
28.859309673309326,-0.034792959217953855,4.624789334413109,0.2617993877991417,0.0,-1.5501304372160536,180,180,170,180,180,180,180
28.869497060775757,-0.03497019666606722,4.6161758064553515,0.2617993877991417,0.0,-1.5501130293018064,180,180,170,180,180,180,180
28.879666566848755,-0.03497019666606722,4.6161758064553515,0.2617993877991417,0.0,-1.5501130293018064,180,180,170,180,180,180,180
28.88987970352173,-0.03497019666606722,4.6161758064553515,0.2617993877991417,0.0,-1.5501130293018064,180,180,170,180,180,180,180
28.900091648101807,-0.03515304692796667,4.607290498110285,0.2617993877991417,0.0,-1.5501013411868085,180,180,170,180,180,180,180
28.9181010723114,-0.03515304692796667,4.607290498110285,0.2617993877991417,0.0,-1.5501013411868085,180,180,170,180,180,180,180
28.92830753326416,-0.03515304692796667,4.607290498110285,0.2617993877991417,0.0,-1.5501013411868085,180,180,170,180,180,180,180
28.938490629196167,-0.03533083467073368,4.5986563005750165,0.2617993877991417,0.0,-1.5500894878528013,180,180,170,180,180,180,180
28.948702812194824,-0.03533083467073368,4.5986563005750165,0.2617993877991417,0.0,-1.5500894878528013,180,180,170,180,180,180,180
28.9589364528656,-0.03533083467073368,4.5986563005750165,0.2617993877991417,0.0,-1.5500894878528013,180,180,170,180,180,180,180
28.97101092338562,-0.0355089569967966,4.590012113231547,0.2617993877991417,0.0,-1.5500761669230174,180,180,170,180,180,180,180
28.981191158294678,-0.0355089569967966,4.590012113231547,0.2617993877991417,0.0,-1.5500761669230174,180,180,170,180,180,180,180
28.991379499435425,-0.0355089569967966,4.590012113231547,0.2617993877991417,0.0,-1.5500761669230174,180,180,170,180,180,180,180
29.001619577407837,-0.03569287888461234,4.5810956684844335,0.2617993877991417,0.0,-1.5500611303337894,180,180,170,180,180,180,180
29.016554355621338,-0.03569287888461234,4.5810956684844335,0.2617993877991417,0.0,-1.5500611303337894,180,180,170,180,180,180,180
29.026833295822144,-0.03569287888461234,4.5810956684844335,0.2617993877991417,0.0,-1.5500611303337894,180,180,170,180,180,180,180
29.037047863006592,-0.03587239452807929,4.572431472323776,0.2617993877991417,0.0,-1.5500458935266492,180,180,180,170,180,180,180
29.04727816581726,-0.03587239452807929,4.572431472323776,0.2617993877991417,0.0,-1.5500458935266492,180,180,180,170,180,180,180
29.064589977264404,-0.03605286077118622,4.563759343310644,0.2617993877991417,0.0,-1.5500309008284348,180,180,180,170,180,180,180
29.074775218963623,-0.03605286077118622,4.563759343310644,0.2617993877991417,0.0,-1.5500309008284348,180,180,180,170,180,180,180
29.084970235824585,-0.03605286077118622,4.563759343310644,0.2617993877991417,0.0,-1.5500309008284348,180,180,180,160,170,180,180
29.095157384872437,-0.03605286077118622,4.563759343310644,0.2617993877991417,0.0,-1.5500309008284348,180,180,180,160,170,180,180
29.105347156524658,-0.03624026079183731,4.554829313983407,0.2617993877991417,0.0,-1.550017091867952,180,180,180,160,170,180,180
29.116479635238647,-0.03624026079183731,4.554829313983407,0.2617993877991417,0.0,-1.550017091867952,180,180,180,160,170,180,180
29.1267147064209,-0.03624026079183731,4.554829313983407,0.2617993877991417,0.0,-1.550017091867952,180,180,180,160,170,180,180
29.136921644210815,-0.03642537627059349,4.54617908580863,0.2617993877991417,0.0,-1.5499703848450315,140,180,180,160,180,180,180
29.14713454246521,-0.03642537627059349,4.54617908580863,0.2617993877991417,0.0,-1.5499703848450315,140,180,180,160,180,180,180
29.165437698364258,-0.03660150270810966,4.537577659322644,0.2617993877991417,0.0,-1.5497983266158397,140,180,180,160,180,180,180
29.175655126571655,-0.03660150270810966,4.537577659322644,0.2617993877991417,0.0,-1.5497983266158397,140,180,180,160,180,180,180
29.185872077941895,-0.03660150270810966,4.537577659322644,0.2617993877991417,0.0,-1.5497983266158397,140,180,180,160,180,180,180
29.196077823638916,-0.03660150270810966,4.537577659322644,0.2617993877991417,0.0,-1.5497983266158397,140,180,180,170,170,180,180
29.216880559921265,-0.03678586605287,4.528713226214538,0.2617993877991417,0.0,-1.549800314080589,140,180,180,170,170,180,180
29.227121591567993,-0.03678586605287,4.528713226214538,0.2617993877991417,0.0,-1.549800314080589,140,180,180,170,170,180,180
29.237304210662842,-0.03696624505038323,4.52010738119598,0.2617993877991417,0.0,-1.5497764796607014,180,180,180,180,170,180,180
29.247488975524902,-0.03696624505038323,4.52010738119598,0.2617993877991417,0.0,-1.5497764796607014,180,180,180,180,170,180,180
29.257770538330078,-0.03696624505038323,4.52010738119598,0.2617993877991417,0.0,-1.5497764796607014,180,180,180,180,170,180,180
29.268516778945923,-0.03714655303154786,4.5114930629510335,0.2617993877991417,0.0,-1.5497577299015812,180,180,180,180,170,180,180
29.278761386871338,-0.03714655303154786,4.5114930629510335,0.2617993877991417,0.0,-1.5497577299015812,180,180,180,180,170,180,180
29.288978815078735,-0.03714655303154786,4.5114930629510335,0.2617993877991417,0.0,-1.5497577299015812,180,180,180,180,170,180,180
29.299176454544067,-0.03733258401050572,4.502606646483092,0.2617993877991417,0.0,-1.5497450045330132,180,170,180,180,170,180,180
29.318651914596558,-0.03733258401050572,4.502606646483092,0.2617993877991417,0.0,-1.5497450045330132,180,170,180,180,170,180,180
29.328877210617065,-0.03733258401050572,4.502606646483092,0.2617993877991417,0.0,-1.5497450045330132,180,170,180,180,170,180,180
29.339085340499878,-0.03751347636108695,4.4939712930152975,0.2617993877991417,0.0,-1.5497325534689743,180,170,180,180,170,180,180
29.34929060935974,-0.03751347636108695,4.4939712930152975,0.2617993877991417,0.0,-1.5497325534689743,180,170,180,180,170,180,180
29.367282152175903,-0.03769471599477525,4.485325939993974,0.2617993877991417,0.0,-1.5497187918397495,180,170,180,180,170,180,180
29.37752056121826,-0.03769471599477525,4.485325939993974,0.2617993877991417,0.0,-1.5497187918397495,180,170,180,180,170,180,180
29.387750148773193,-0.03769471599477525,4.485325939993974,0.2617993877991417,0.0,-1.5497187918397495,180,170,180,180,170,180,180
29.397944688796997,-0.03788190830682337,4.47640829993061,0.2617993877991417,0.0,-1.5497036936595037,180,170,170,180,170,180,180
29.416226148605347,-0.03788190830682337,4.47640829993061,0.2617993877991417,0.0,-1.5497036936595037,180,170,170,180,170,180,180
29.426501274108887,-0.03788190830682337,4.47640829993061,0.2617993877991417,0.0,-1.5497036936595037,180,170,170,180,170,180,180
29.436705112457275,-0.03806460063264805,4.467742923536543,0.2617993877991417,0.0,-1.5496900285900381,180,170,170,170,170,180,180
29.446916580200195,-0.03806460063264805,4.467742923536543,0.2617993877991417,0.0,-1.5496900285900381,180,170,170,170,170,180,180
29.457162141799927,-0.03806460063264805,4.467742923536543,0.2617993877991417,0.0,-1.5496900285900381,180,170,170,170,170,180,180
29.46734070777893,-0.038248225524600644,4.459070485370646,0.2617993877991417,0.0,-1.5496767616683618,180,170,170,170,170,180,180
29.477542638778687,-0.038248225524600644,4.459070485370646,0.2617993877991417,0.0,-1.5496767616683618,180,170,170,170,170,180,180
29.48776364326477,-0.038248225524600644,4.459070485370646,0.2617993877991417,0.12217304763959944,-1.5496767616683618,180,170,160,150,170,180,180
29.497958660125732,-0.03843926748929373,4.45014213922117,0.2617993877991417,0.2617993877991417,-1.5496630329674876,180,170,160,150,170,180,180
29.516921043395996,-0.03843926748929373,4.45014213922117,0.2617993877991417,0.27925268031908446,-1.5496630329674876,180,170,160,150,170,180,180
29.52715301513672,-0.03843926748929373,4.45014213922117,0.2617993877991417,0.27925268031908446,-1.5496630329674876,180,170,160,150,170,180,180
29.53734254837036,-0.03862569134896546,4.441484461709729,0.2617993877991417,0.31415926535897,-1.5501956354440343,180,170,160,150,170,180,180
29.54757022857666,-0.03862569134896546,4.441484461709729,0.2617993877991417,0.33161255787891275,-1.5501956354440343,180,170,160,180,180,180,180
29.5645694732666,-0.03879333165437446,4.432866497292785,0.2617993877991417,0.2268928027592561,-1.5515020455100588,180,170,160,180,180,180,180
29.574784517288208,-0.03879333165437446,4.432866497292785,0.2617993877991417,0.2268928027592561,-1.5515020455100588,180,170,160,180,180,180,180
29.585015535354614,-0.03879333165437446,4.432866497292785,0.2617993877991417,0.0,-1.5515020455100588,180,170,160,180,180,180,180
29.595213413238525,-0.03879333165437446,4.432866497292785,0.2617993877991417,0.0,-1.5515020455100588,180,170,150,180,180,180,180
29.60540246963501,-0.03894494765268517,4.424041679240896,0.2617993877991417,0.0,-1.5563634682682743,180,170,150,180,180,180,180
29.618218660354614,-0.03894494765268517,4.424041679240896,0.2617993877991417,0.0,-1.5563634682682743,180,170,150,180,180,180,180
29.62842845916748,-0.03894494765268517,4.424041679240896,0.2617993877991417,0.0,-1.5563634682682743,180,170,150,180,180,180,180
29.63860511779785,-0.03904702283204552,4.415533503180776,0.2617993877991417,0.0,-1.559636749249231,180,160,150,170,170,160,180
29.648802518844604,-0.03904702283204552,4.415533503180776,0.2617993877991417,0.0,-1.559636749249231,180,160,150,170,170,160,180
29.6662118434906,-0.03914245816992818,4.406919819844627,0.2617993877991417,0.0,-1.5596515817852217,180,160,150,170,170,160,180
29.67641854286194,-0.03914245816992818,4.406919819844627,0.2617993877991417,0.0,-1.5596515817852217,180,160,150,170,170,160,180
29.686635494232178,-0.03914245816992818,4.406919819844627,0.2617993877991417,0.0,-1.5596515817852217,180,170,180,170,170,150,180
29.6971218585968,-0.039240513660390594,4.398031582836736,0.2617993877991417,0.0,-1.5596575690541064,180,170,180,170,170,150,180
29.707317113876343,-0.039240513660390594,4.398031582836736,0.2617993877991417,0.0,-1.5596575690541064,180,170,180,170,170,150,180
29.71795964241028,-0.039240513660390594,4.398031582836736,0.2617993877991417,0.0,-1.5596575690541064,180,170,180,170,170,150,180
29.728163719177246,-0.039240513660390594,4.398031582836736,0.2617993877991417,0.0,-1.5596575690541064,180,170,180,170,170,150,180
29.73833918571472,-0.039335746670170514,4.389393882410103,0.2617993877991417,0.0,-1.5596668682427233,180,170,180,160,160,160,180
29.74859380722046,-0.039335746670170514,4.389393882410103,0.2617993877991417,0.0,-1.5596668682427233,180,170,180,160,160,160,180
29.767223596572876,-0.03943109914249873,4.380745902603014,0.2617993877991417,0.0,-1.559676207114031,180,170,180,160,160,160,180
29.77745485305786,-0.03943109914249873,4.380745902603014,0.2617993877991417,0.0,-1.559676207114031,180,170,180,160,160,160,180
29.787656784057617,-0.03943109914249873,4.380745902603014,0.2617993877991417,0.0,-1.559676207114031,180,180,180,180,170,170,180
29.79783868789673,-0.03952962801512136,4.37182453159169,0.2617993877991417,0.0,-1.559689739409784,180,180,180,180,170,170,180
29.808019876480103,-0.03952962801512136,4.37182453159169,0.2617993877991417,0.0,-1.559689739409784,180,180,180,180,170,170,180
29.81823468208313,-0.03952962801512136,4.37182453159169,0.2617993877991417,0.0,-1.559689739409784,180,180,180,180,170,170,180
29.828446865081787,-0.03952962801512136,4.37182453159169,0.2617993877991417,0.0,-1.559689739409784,180,180,180,180,170,170,180
29.83862543106079,-0.039625597076543125,4.363156010586194,0.2617993877991417,0.0,-1.559700889768787,180,180,180,180,180,170,180
29.849477767944336,-0.039625597076543125,4.363156010586194,0.2617993877991417,0.0,-1.559700889768787,180,180,180,180,180,170,180
29.865352869033813,-0.03972235899731853,4.354483205967481,0.2617993877991417,0.0,-1.5596848448553238,180,180,180,180,180,170,180
29.87555956840515,-0.03972235899731853,4.354483205967481,0.2617993877991417,0.0,-1.5596848448553238,180,180,180,180,180,170,180
29.885834217071533,-0.03972235899731853,4.354483205967481,0.2617993877991417,0.0,-1.5596848448553238,180,180,180,180,180,170,180
29.896186351776123,-0.03972235899731853,4.354483205967481,0.2617993877991417,0.0,-1.5596848448553238,180,180,180,170,170,170,180
29.915587902069092,-0.039824856118416206,4.3455562524722176,0.2617993877991417,0.0,-1.559624863822814,180,180,180,170,170,170,180
29.925772190093994,-0.039824856118416206,4.3455562524722176,0.2617993877991417,0.0,-1.559624863822814,180,180,180,170,170,170,180
29.9359450340271,-0.03992533591994206,4.336919811143636,0.2617993877991417,0.0,-1.5594225956730963,180,180,180,170,170,170,180
29.946123361587524,-0.03992533591994206,4.336919811143636,0.2617993877991417,0.0,-1.5594225956730963,180,180,180,150,170,160,180
29.964898586273193,-0.03992533591994206,4.336919811143636,0.2617993877991417,0.0,-1.5594225956730963,180,180,180,150,170,160,180
29.975319147109985,-0.040018665035634254,4.328304852695078,0.2617993877991417,0.0,-1.559270775000593,180,180,180,150,170,160,180
29.98557448387146,-0.040018665035634254,4.328304852695078,0.2617993877991417,0.0,-1.559270775000593,180,180,180,150,170,160,180
29.996093273162842,-0.040018665035634254,4.328304852695078,0.2617993877991417,0.0,-1.559270775000593,180,180,180,180,180,180,180
30.00632619857788,-0.04011962765802179,4.319441010493363,0.2617993877991417,0.0,-1.5592741444825382,180,180,180,180,180,180,180
30.016507625579834,-0.04011962765802179,4.319441010493363,0.2617993877991417,0.0,-1.5592741444825382,180,180,180,180,180,180,180
30.026719570159912,-0.04011962765802179,4.319441010493363,0.2617993877991417,0.0,-1.5592741444825382,180,180,180,180,180,180,180
30.036904335021973,-0.04021800654517363,4.310831856718407,0.2617993877991417,0.0,-1.5592815198660992,180,180,180,180,180,180,180
30.047139644622803,-0.04021800654517363,4.310831856718407,0.2617993877991417,0.0,-1.5592815198660992,180,180,180,180,180,180,180
30.057361364364624,-0.04021800654517363,4.310831856718407,0.2617993877991417,0.0,-1.5592815198660992,180,180,180,180,180,180,180
30.067594051361084,-0.04031620806503759,4.302212938893178,0.2617993877991417,0.0,-1.559291313862878,180,180,180,180,180,180,180
30.07781410217285,-0.04031620806503759,4.302212938893178,0.2617993877991417,0.0,-1.559291313862878,180,180,180,180,180,180,180
30.088001251220703,-0.04031620806503759,4.302212938893178,0.2617993877991417,0.0,-1.559291313862878,180,180,180,180,180,180,180
30.098238706588745,-0.04041742649914175,4.293322527644657,0.2617993877991417,0.13962634015954223,-1.5593041241139043,180,180,180,180,180,180,180
30.108444929122925,-0.04041742649914175,4.293322527644657,0.2617993877991417,0.2967059728390272,-1.5593041241139043,180,180,180,180,180,180,180
30.119078159332275,-0.04041742649914175,4.293322527644657,0.2617993877991417,0.2967059728390272,-1.5593041241139043,180,180,180,180,180,180,180
30.129291534423828,-0.04041742649914175,4.293322527644657,0.2617993877991417,0.33161255787891275,-1.5593041241139043,180,180,180,180,180,180,180
30.13959050178528,-0.040503509432261095,4.284693261832443,0.2617993877991417,0.33161255787891275,-1.5631156297638764,180,180,180,180,180,170,180
30.149799585342407,-0.040503509432261095,4.284693261832443,0.2617993877991417,0.33161255787891275,-1.5631156297638764,180,180,180,180,180,170,180
30.167814254760742,-0.040503509432261095,4.284693261832443,0.2617993877991417,-0.12217304763959944,-1.5631156297638764,180,180,180,180,180,170,180
30.178187370300293,-0.040535352038362796,4.27610052559821,0.2617993877991417,0.0,-1.572409972178297,180,180,180,180,180,170,180
30.188379287719727,-0.040535352038362796,4.27610052559821,0.2617993877991417,0.0,-1.572409972178297,130,180,170,180,170,160,180
30.198575496673584,-0.04048718451853501,4.267236774606994,0.2617993877991417,0.0,-1.5783620493425086,130,180,170,180,170,160,180
30.215461492538452,-0.04048718451853501,4.267236774606994,0.2617993877991417,0.0,-1.5783620493425086,130,180,170,180,170,160,180
30.225746393203735,-0.04048718451853501,4.267236774606994,0.2617993877991417,0.0,-1.5783620493425086,130,180,170,180,170,160,180
30.235933303833008,-0.040418724703969976,4.2585869620582,0.2617993877991417,0.0,-1.578886817385457,130,180,170,180,180,170,180
30.246158361434937,-0.040418724703969976,4.2585869620582,0.2617993877991417,0.0,-1.578886817385457,130,180,170,180,180,170,180
30.25637125968933,-0.040418724703969976,4.2585869620582,0.2617993877991417,0.0,-1.578886817385457,130,180,170,180,180,170,180
30.26654624938965,-0.0403496738055122,4.249915540029454,0.2617993877991417,0.0,-1.5788725931554848,130,180,170,180,180,170,180
30.276715755462646,-0.0403496738055122,4.249915540029454,0.2617993877991417,0.0,-1.5788725931554848,130,180,170,180,180,170,180
30.286885738372803,-0.0403496738055122,4.249915540029454,0.2617993877991417,0.0,-1.5788725931554848,130,180,170,180,180,180,180
30.297112703323364,-0.04028074891928248,4.2409846057528,0.2617993877991417,0.0,-1.5788448095290424,130,180,170,180,180,180,180
30.314342975616455,-0.04028074891928248,4.2409846057528,0.2617993877991417,0.0,-1.5788448095290424,130,180,170,180,180,180,180
30.324514627456665,-0.04028074891928248,4.2409846057528,0.2617993877991417,0.0,-1.5788448095290424,130,180,170,180,180,180,180
30.334789991378784,-0.04021333657407309,4.23233283385267,0.2617993877991417,0.0,-1.5788447108157484,130,180,170,180,180,180,180
30.34509038925171,-0.04021333657407309,4.23233283385267,0.2617993877991417,0.0,-1.5788447108157484,130,180,180,180,180,180,180
30.355337381362915,-0.04021333657407309,4.23233283385267,0.2617993877991417,0.0,-1.5788447108157484,130,180,180,180,180,180,180
30.366127729415894,-0.04013935220055075,4.22374380901225,0.2617993877991417,0.0,-1.578928628837922,130,180,180,180,180,180,180
30.376351833343506,-0.04013935220055075,4.22374380901225,0.2617993877991417,0.0,-1.578928628837922,130,180,180,180,180,180,180
30.38656735420227,-0.04013935220055075,4.22374380901225,0.2617993877991417,0.0,-1.578928628837922,180,180,180,180,180,180,180
30.39674973487854,-0.04006540340727367,4.214879710840183,0.2617993877991417,0.0,-1.5789655182461888,180,180,180,180,180,180,180
30.406923294067383,-0.04006540340727367,4.214879710840183,0.2617993877991417,0.0,-1.5789655182461888,180,180,180,180,180,180,180
30.417496919631958,-0.04006540340727367,4.214879710840183,0.2617993877991417,0.0,-1.5789655182461888,180,180,180,180,180,180,180
30.427660703659058,-0.04006540340727367,4.214879710840183,0.2617993877991417,0.0,-1.5789655182461888,180,180,180,180,180,180,180
30.437827110290527,-0.03999434552352221,4.206271385155416,0.2617993877991417,0.0,-1.579030429845067,130,180,180,180,180,180,180
30.44813585281372,-0.03999434552352221,4.206271385155416,0.2617993877991417,0.0,-1.579030429845067,130,180,180,180,180,180,180
30.458304405212402,-0.03999434552352221,4.206271385155416,0.2617993877991417,0.0,-1.579030429845067,130,180,180,180,180,180,180
30.469215631484985,-0.03992220366145741,4.197653092239278,0.2617993877991417,0.0,-1.579091792391868,130,180,180,180,180,180,180
30.47940444946289,-0.03992220366145741,4.197653092239278,0.2617993877991417,0.0,-1.579091792391868,130,180,180,180,180,180,180
30.489588499069214,-0.03992220366145741,4.197653092239278,0.2617993877991417,0.0,-1.579091792391868,180,180,180,180,180,180,180
30.499773263931274,-0.039847194879528036,4.188761751470115,0.2617993877991417,0.0,-1.5791371073889469,180,180,180,180,180,180,180
30.514369010925293,-0.039847194879528036,4.188761751470115,0.2617993877991417,0.0,-1.5791371073889469,180,180,180,180,180,180,180
30.524558067321777,-0.039847194879528036,4.188761751470115,0.2617993877991417,0.0,-1.5791371073889469,180,180,180,180,180,180,180
30.534778118133545,-0.03977414488617581,4.180121735392074,0.2617993877991417,0.0,-1.5791782183305454,180,180,180,180,180,180,180
30.545073747634888,-0.03977414488617581,4.180121735392074,0.2617993877991417,0.0,-1.5791782183305454,180,180,180,180,180,180,180
30.555278778076172,-0.03977414488617581,4.180121735392074,0.2617993877991417,0.0,-1.5791782183305454,180,180,180,180,180,180,180
30.566261529922485,-0.039700816756136306,4.171471320092175,0.2617993877991417,0.0,-1.5792189673654597,180,180,180,180,180,180,180
30.57648015022278,-0.039700816756136306,4.171471320092175,0.2617993877991417,0.0,-1.5792189673654597,180,180,180,180,180,180,180
30.58665704727173,-0.039700816756136306,4.171471320092175,0.2617993877991417,0.0,-1.5792189673654597,180,180,180,180,180,180,180
30.596973180770874,-0.039625082146259996,4.1625476264649155,0.2617993877991417,0.0,-1.5792617182915483,180,180,180,180,180,180,180
30.60720419883728,-0.039625082146259996,4.1625476264649155,0.2617993877991417,0.0,-1.5792617182915483,180,180,180,180,180,180,180
30.617382526397705,-0.039625082146259996,4.1625476264649155,0.2617993877991417,0.0,-1.5792617182915483,180,180,180,180,180,180,180
30.62756872177124,-0.039625082146259996,4.1625476264649155,0.2617993877991417,0.0,-1.5792617182915483,180,180,180,180,180,180,180
30.637840032577515,-0.03955173394588961,4.153877501556841,0.2617993877991417,0.0,-1.5792892977281752,180,180,180,180,180,180,180
30.648571014404297,-0.03955173394588961,4.153877501556841,0.2617993877991417,0.0,-1.5792892977281752,180,180,180,180,180,180,180
30.665833473205566,-0.03947948238610743,4.145204779693772,0.2617993877991417,0.0,-1.579267083691563,180,180,180,180,180,180,180
30.676044940948486,-0.03947948238610743,4.145204779693772,0.2617993877991417,0.0,-1.579267083691563,180,180,180,180,180,180,180
30.686236143112183,-0.03947948238610743,4.145204779693772,0.2617993877991417,0.0,-1.579267083691563,180,180,180,180,180,180,180
30.696446180343628,-0.03947948238610743,4.145204779693772,0.2617993877991417,0.0,-1.579267083691563,180,180,180,180,180,180,180
30.71437978744507,-0.039406290156503154,4.136274578965824,0.2617993877991417,0.0,-1.5792439370421247,180,180,180,180,180,180,180
30.724629163742065,-0.039406290156503154,4.136274578965824,0.2617993877991417,0.0,-1.5792439370421247,180,180,180,180,180,180,180
30.734838008880615,-0.039334955297458084,4.127629570256441,0.2617993877991417,0.0,-1.5792240457842144,180,180,180,180,180,180,180
30.745065450668335,-0.039334955297458084,4.127629570256441,0.2617993877991417,0.0,-1.5792240457842144,180,180,180,180,180,180,180
30.755284309387207,-0.039334955297458084,4.127629570256441,0.2617993877991417,0.0,-1.5792240457842144,180,180,180,180,180,180,180
30.767056703567505,-0.03925825372988222,4.119044759403911,0.2617993877991417,0.0,-1.579342327032174,180,180,180,180,180,180,180
30.77729845046997,-0.03925825372988222,4.119044759403911,0.2617993877991417,0.0,-1.579342327032174,180,180,180,180,180,180,180
30.787517070770264,-0.03925825372988222,4.119044759403911,0.2617993877991417,0.0,-1.579342327032174,180,180,180,180,180,180,180
30.79773449897766,-0.03918060132604128,4.110177776074423,0.2617993877991417,0.0,-1.5793692946423823,120,180,180,180,180,180,180
30.815256357192993,-0.03918060132604128,4.110177776074423,0.2617993877991417,0.0,-1.5793692946423823,120,180,180,180,180,180,180
30.825483560562134,-0.03918060132604128,4.110177776074423,0.2617993877991417,0.0,-1.5793692946423823,120,180,180,180,180,180,180
30.835716009140015,-0.039105919390476945,4.101568201310357,0.2617993877991417,0.0,-1.579433595351784,120,180,180,180,180,180,180
30.84594225883484,-0.039105919390476945,4.101568201310357,0.2617993877991417,0.0,-1.579433595351784,180,180,180,180,180,180,180
30.856125354766846,-0.039105919390476945,4.101568201310357,0.2617993877991417,0.0,-1.579433595351784,180,180,180,180,180,180,180
30.869930744171143,-0.039105919390476945,4.101568201310357,0.2617993877991417,0.0,-1.579433595351784,180,180,180,180,180,180,180
30.880274295806885,-0.03903023816552261,4.092948599622621,0.2617993877991417,0.0,-1.5794931509681933,180,180,180,180,180,180,180
30.89058232307434,-0.03903023816552261,4.092948599622621,0.2617993877991417,0.0,-1.5794931509681933,180,180,180,180,180,180,180
30.900979042053223,-0.03895170238806503,4.084055935397226,0.2617993877991417,0.0,-1.5795376245330832,180,180,180,180,180,180,180
30.911386013031006,-0.03895170238806503,4.084055935397226,0.2617993877991417,0.0,-1.5795376245330832,180,180,180,180,180,180,180
30.925419092178345,-0.03895170238806503,4.084055935397226,0.2617993877991417,0.0,-1.5795376245330832,180,180,180,180,180,180,180
30.93561315536499,-0.03887519527902716,4.075414709167545,0.2617993877991417,0.0,-1.5795785731897778,180,180,180,180,180,180,180
30.94581127166748,-0.03887519527902716,4.075414709167545,0.2617993877991417,0.0,-1.5795785731897778,180,180,180,180,180,180,180
30.956050872802734,-0.03887519527902716,4.075414709167545,0.2617993877991417,0.0,-1.5795785731897778,180,180,180,180,180,180,180
30.967288494110107,-0.03879842005369176,4.066762973659113,0.2617993877991417,0.0,-1.57961977750069,180,180,180,180,180,180,180
30.97749090194702,-0.03879842005369176,4.066762973659113,0.2617993877991417,0.0,-1.57961977750069,180,180,180,180,180,180,180
30.9876549243927,-0.03879842005369176,4.066762973659113,0.2617993877991417,0.0,-1.57961977750069,180,180,180,180,180,180,180
30.997864961624146,-0.03871913954533944,4.057838057092822,0.2617993877991417,0.0,-1.5796621497012424,180,180,180,180,180,180,180
31.01447343826294,-0.03871913954533944,4.057838057092822,0.2617993877991417,0.0,-1.5796621497012424,180,180,180,180,180,180,180
31.024664402008057,-0.03871913954533944,4.057838057092822,0.2617993877991417,0.0,-1.5796621497012424,180,180,180,180,180,180,180
31.034884929656982,-0.03864241079072379,4.049167159815612,0.2617993877991417,0.0,-1.579685520871494,180,180,180,180,180,180,180
31.045089721679688,-0.03864241079072379,4.049167159815612,0.2617993877991417,0.0,-1.579685520871494,180,180,180,180,180,180,180
31.055284023284912,-0.03864241079072379,4.049167159815612,0.2617993877991417,0.0,-1.579685520871494,180,180,180,180,180,180,180
31.06732678413391,-0.038567010539116604,4.04049482616186,0.2617993877991417,0.0,-1.5796571582877816,180,180,180,180,180,180,180
31.07754397392273,-0.038567010539116604,4.04049482616186,0.2617993877991417,0.0,-1.5796571582877816,180,180,180,180,180,180,180
31.087726354599,-0.038567010539116604,4.04049482616186,0.2617993877991417,0.0,-1.5796571582877816,180,180,180,180,180,180,180
31.09793519973755,-0.038490255183907994,4.031565341354969,0.2617993877991417,0.0,-1.5796425005111747,180,130,180,180,180,180,180
31.10824680328369,-0.038490255183907994,4.031565341354969,0.2617993877991417,0.0,-1.5796425005111747,180,130,180,180,180,180,180
31.118420362472534,-0.038490255183907994,4.031565341354969,0.2617993877991417,0.0,-1.5796425005111747,180,130,180,180,180,180,180
31.12860679626465,-0.038490255183907994,4.031565341354969,0.2617993877991417,0.0,-1.5796425005111747,180,130,180,180,180,180,180
31.138842344284058,-0.03841433328481097,4.022927745235991,0.2617993877991417,0.0,-1.5796064570877297,120,120,180,180,180,170,180
31.149038076400757,-0.03841433328481097,4.022927745235991,0.2617993877991417,0.0,-1.5796064570877297,120,120,180,180,180,170,180
31.166431665420532,-0.03833527150161545,4.0143446932412745,0.2617993877991417,0.0,-1.5797479768696852,120,120,180,180,180,170,180
31.17664885520935,-0.03833527150161545,4.0143446932412745,0.2617993877991417,0.0,-1.5797479768696852,120,120,180,180,180,170,180
31.186829328536987,-0.03833527150161545,4.0143446932412745,0.2617993877991417,0.0,-1.5797479768696852,120,120,180,180,180,170,180
31.19719171524048,-0.03825393936508238,4.005476051818819,0.2617993877991417,0.0,-1.57977345965538,120,120,180,180,180,170,180
31.21544885635376,-0.03825393936508238,4.005476051818819,0.2617993877991417,0.0,-1.57977345965538,120,120,180,180,180,170,180
31.22572159767151,-0.03825393936508238,4.005476051818819,0.2617993877991417,0.0,-1.57977345965538,120,120,180,180,180,170,180
31.23593282699585,-0.038175643299518495,3.9968653394500677,0.2617993877991417,0.0,-1.5798381786996412,120,120,180,180,180,180,180
31.246139526367188,-0.038175643299518495,3.9968653394500677,0.2617993877991417,0.0,-1.5798381786996412,120,120,180,180,180,180,180
31.256332397460938,-0.038175643299518495,3.9968653394500677,0.2617993877991417,0.0,-1.5798381786996412,120,120,180,180,180,180,180
31.267420291900635,-0.03809641703699605,3.9882444638714754,0.2617993877991417,0.0,-1.5798957228141648,120,120,180,180,180,180,180
31.27764081954956,-0.03809641703699605,3.9882444638714754,0.2617993877991417,0.0,-1.5798957228141648,120,120,180,180,180,180,180
31.287827253341675,-0.03809641703699605,3.9882444638714754,0.2617993877991417,0.0,-1.5798957228141648,180,120,180,180,180,180,180
31.298022508621216,-0.0380143460827399,3.9793505955352413,0.2617993877991417,0.0,-1.579939720658914,180,120,180,180,180,180,180
31.31571888923645,-0.0380143460827399,3.9793505955352413,0.2617993877991417,0.0,-1.579939720658914,180,120,180,180,180,180,180
31.32593083381653,-0.0380143460827399,3.9793505955352413,0.2617993877991417,0.0,-1.579939720658914,180,120,180,180,180,180,180
31.336145639419556,-0.037934366362652606,3.970708220613757,0.2617993877991417,0.0,-1.579980474738219,120,120,180,180,180,180,180
31.346725940704346,-0.037934366362652606,3.970708220613757,0.2617993877991417,0.0,-1.579980474738219,120,120,180,180,180,180,180
31.363850831985474,-0.03785413145530155,3.9620552353706184,0.2617993877991417,0.0,-1.5800220644648384,120,120,180,180,180,180,180
31.37407374382019,-0.03785413145530155,3.9620552353706184,0.2617993877991417,0.0,-1.5800220644648384,120,120,180,180,180,180,180
31.384280920028687,-0.03785413145530155,3.9620552353706184,0.2617993877991417,0.0,-1.5800220644648384,120,120,180,180,180,180,180
31.39447784423828,-0.03785413145530155,3.9620552353706184,0.2617993877991417,0.0,-1.5800220644648384,120,120,180,180,180,180,180
31.404738903045654,-0.037771291931950675,3.9531291996508817,0.2617993877991417,0.0,-1.5800637923801775,120,120,180,180,180,180,180
31.415696144104004,-0.037771291931950675,3.9531291996508817,0.2617993877991417,0.0,-1.5800637923801775,120,120,180,180,180,180,180
31.425915956497192,-0.037771291931950675,3.9531291996508817,0.2617993877991417,0.0,-1.5800637923801775,120,120,180,180,180,180,180
31.436112642288208,-0.03769117528758979,3.9444576907005224,0.2617993877991417,0.0,-1.5800821718593823,130,120,180,180,180,180,180
31.446343183517456,-0.03769117528758979,3.9444576907005224,0.2617993877991417,0.0,-1.5800821718593823,130,120,180,180,180,180,180
31.45657467842102,-0.03769117528758979,3.9444576907005224,0.2617993877991417,0.0,-1.5800821718593823,130,120,180,180,180,180,180
31.468084573745728,-0.03769117528758979,3.9444576907005224,0.2617993877991417,0.0,-1.5800821718593823,130,120,180,180,180,180,180
31.47846746444702,-0.037612646139348324,3.9357858789740945,0.2617993877991417,0.0,-1.5800485917815932,130,120,180,180,180,180,180
31.488646268844604,-0.037612646139348324,3.9357858789740945,0.2617993877991417,0.0,-1.5800485917815932,180,180,180,180,180,180,180
31.498836994171143,-0.03753269989121362,3.926857255493912,0.2617993877991417,0.0,-1.5800426159843806,180,180,180,180,180,180,180
31.513712406158447,-0.03753269989121362,3.926857255493912,0.2617993877991417,0.0,-1.5800426159843806,180,180,180,180,180,180,180
31.523946523666382,-0.03753269989121362,3.926857255493912,0.2617993877991417,0.0,-1.5800426159843806,180,180,180,180,180,180,180
31.534152269363403,-0.03745172344752317,3.9182277020471847,0.2617993877991417,0.0,-1.5799973522124728,180,180,180,180,180,180,180
31.544386386871338,-0.03745172344752317,3.9182277020471847,0.2617993877991417,0.0,-1.5799973522124728,180,130,180,180,180,180,180
31.554625034332275,-0.03745172344752317,3.9182277020471847,0.2617993877991417,0.0,-1.5799973522124728,180,130,180,180,180,180,180
31.565487146377563,-0.03737019804341818,3.909644137854558,0.2617993877991417,0.0,-1.5801459340337067,180,130,180,180,180,180,180
31.5757155418396,-0.03737019804341818,3.909644137854558,0.2617993877991417,0.0,-1.5801459340337067,180,130,180,180,180,180,180
31.58589005470276,-0.03737019804341818,3.909644137854558,0.2617993877991417,0.0,-1.5801459340337067,180,130,180,180,180,180,180
31.596096515655518,-0.03737019804341818,3.909644137854558,0.2617993877991417,0.0,-1.5801459340337067,130,130,180,180,180,180,180
31.60634183883667,-0.03728524446490252,3.900774187654389,0.2617993877991417,0.0,-1.58017278993036,130,130,180,180,180,180,180
31.617578744888306,-0.03728524446490252,3.900774187654389,0.2617993877991417,0.0,-1.58017278993036,130,130,180,180,180,180,180
31.62778949737549,-0.03728524446490252,3.900774187654389,0.2617993877991417,0.0,-1.58017278993036,130,130,180,180,180,180,180
31.637991666793823,-0.03720341596686517,3.892162332553681,0.2617993877991417,0.0,-1.5802382600421694,130,130,180,180,180,180,180
31.6482412815094,-0.03720341596686517,3.892162332553681,0.2617993877991417,0.0,-1.5802382600421694,130,130,180,180,180,180,180
31.667009353637695,-0.03712070672263208,3.883540136699492,0.2617993877991417,0.0,-1.580293988920907,130,130,180,180,180,180,180
31.677239894866943,-0.03712070672263208,3.883540136699492,0.2617993877991417,0.0,-1.580293988920907,130,130,180,180,180,180,180
31.687421083450317,-0.03712070672263208,3.883540136699492,0.2617993877991417,0.0,-1.580293988920907,180,180,180,180,180,180,180
31.697598457336426,-0.03703511758342568,3.8746450232091676,0.2617993877991417,0.0,-1.5803377202848055,180,180,180,180,180,180,180
31.715359449386597,-0.03703511758342568,3.8746450232091676,0.2617993877991417,0.0,-1.5803377202848055,180,180,180,180,180,180,180
31.72554349899292,-0.03703511758342568,3.8746450232091676,0.2617993877991417,0.0,-1.5803377202848055,180,180,180,180,180,180,180
31.735719919204712,-0.03695170040465569,3.8660014298279624,0.2617993877991417,0.0,-1.5803783761975405,180,180,180,180,180,180,180
31.746062517166138,-0.03695170040465569,3.8660014298279624,0.2617993877991417,0.0,-1.5803783761975405,180,180,180,180,180,180,180
31.756244897842407,-0.03695170040465569,3.8660014298279624,0.2617993877991417,0.0,-1.5803783761975405,180,180,180,180,180,180,180
31.766687393188477,-0.03686804012993409,3.857347144136546,0.2617993877991417,0.0,-1.580420303313647,180,180,180,180,180,180,180
31.776866912841797,-0.03686804012993409,3.857347144136546,0.2617993877991417,0.0,-1.580420303313647,180,180,180,180,180,180,180
31.78704047203064,-0.03686804012993409,3.857347144136546,0.2617993877991417,0.0,-1.580420303313647,180,180,180,180,180,180,180
31.797292470932007,-0.03686804012993409,3.857347144136546,0.2617993877991417,0.0,-1.580420303313647,180,180,180,180,180,180,180
31.816107749938965,-0.036781682209602484,3.8484199762539366,0.2617993877991417,0.0,-1.5804610361588884,180,180,180,180,180,180,180
31.826290130615234,-0.036781682209602484,3.8484199762539366,0.2617993877991417,0.0,-1.5804610361588884,180,180,180,180,180,180,180
31.836462259292603,-0.036698222411194664,3.839747945761672,0.2617993877991417,0.0,-1.5804736599857696,180,180,180,180,180,180,180
31.84664750099182,-0.036698222411194664,3.839747945761672,0.2617993877991417,0.0,-1.5804736599857696,180,180,180,180,180,180,180
31.856849193572998,-0.036698222411194664,3.839747945761672,0.2617993877991417,0.0,-1.5804736599857696,180,180,180,180,180,180,180
31.867035627365112,-0.03661662974102567,3.8310767400086085,0.2617993877991417,0.0,-1.5804359927267777,180,180,180,180,180,180,180
31.877264976501465,-0.03661662974102567,3.8310767400086085,0.2617993877991417,0.0,-1.5804359927267777,180,180,180,180,180,180,180
31.88744306564331,-0.03661662974102567,3.8310767400086085,0.2617993877991417,0.0,-1.5804359927267777,180,180,180,180,180,180,180
31.89778709411621,-0.0365335504091423,3.822149248548569,0.2617993877991417,0.0,-1.5804385628437203,180,110,180,180,180,180,180
31.90810513496399,-0.0365335504091423,3.822149248548569,0.2617993877991417,0.0,-1.5804385628437203,180,110,180,180,180,180,180
31.91837477684021,-0.0365335504091423,3.822149248548569,0.2617993877991417,0.0,-1.5804385628437203,180,110,180,180,180,180,180
31.9285991191864,-0.0365335504091423,3.822149248548569,0.2617993877991417,0.0,-1.5804385628437203,180,110,180,180,180,180,180
31.93880534172058,-0.03644768210590473,3.8135279988217694,0.2617993877991417,0.0,-1.5803951379999999,180,110,180,180,180,180,180
31.94904375076294,-0.03644768210590473,3.8135279988217694,0.2617993877991417,0.0,-1.5803951379999999,180,110,180,180,180,180,180
31.966553211212158,-0.03636318969642845,3.804942611039176,0.2617993877991417,0.0,-1.5805372023487507,180,110,180,180,180,180,180
31.976770877838135,-0.03636318969642845,3.804942611039176,0.2617993877991417,0.0,-1.5805372023487507,180,110,180,180,180,180,180
31.987107753753662,-0.03636318969642845,3.804942611039176,0.2617993877991417,0.0,-1.5805372023487507,180,110,180,180,180,180,180
31.99730920791626,-0.03627487134965856,3.796073281702941,0.2617993877991417,0.0,-1.5805766806748602,180,180,180,180,180,180,180
32.00757098197937,-0.03627487134965856,3.796073281702941,0.2617993877991417,0.0,-1.5805766806748602,180,180,180,180,180,180,180
32.01902961730957,-0.03627487134965856,3.796073281702941,0.2617993877991417,0.0,-1.5805766806748602,180,180,180,180,180,180,180
32.029274225234985,-0.03627487134965856,3.796073281702941,0.2617993877991417,0.0,-1.5805766806748602,180,180,180,180,180,180,180
32.03977584838867,-0.03618951237739318,3.787460355505836,0.2617993877991417,0.0,-1.5806424313222727,180,180,180,180,180,180,180
32.05053210258484,-0.03618951237739318,3.787460355505836,0.2617993877991417,0.0,-1.5806424313222727,180,180,180,180,180,180,180
32.06708025932312,-0.036103303204827644,3.778836844360123,0.2617993877991417,0.0,-1.5806961064028942,180,180,180,180,180,180,180
32.07733106613159,-0.036103303204827644,3.778836844360123,0.2617993877991417,0.0,-1.5806961064028942,180,180,180,180,180,180,180
32.08753848075867,-0.036103303204827644,3.778836844360123,0.2617993877991417,0.0,-1.5806961064028942,180,180,180,180,180,180,180
32.09785342216492,-0.03601414987260902,3.7699405642694788,0.2617993877991417,0.0,-1.580739667581112,180,180,180,180,180,180,190
32.11492967605591,-0.03601414987260902,3.7699405642694788,0.2617993877991417,0.0,-1.580739667581112,180,180,180,180,180,180,190
32.1251540184021,-0.03601414987260902,3.7699405642694788,0.2617993877991417,0.0,-1.580739667581112,180,180,180,180,180,180,190
32.13535499572754,-0.03592726355605033,3.76129580077838,0.2617993877991417,0.0,-1.5807802831133282,180,180,180,180,180,180,190
32.14561462402344,-0.03592726355605033,3.76129580077838,0.2617993877991417,0.0,-1.5807802831133282,180,180,180,180,180,180,190
32.155853271484375,-0.03592726355605033,3.76129580077838,0.2617993877991417,0.0,-1.5807802831133282,180,180,180,180,180,180,190
32.16609048843384,-0.03584014222821359,3.752640285509792,0.2617993877991417,0.0,-1.5808224392518362,180,180,180,180,180,180,190
32.17634034156799,-0.03584014222821359,3.752640285509792,0.2617993877991417,0.0,-1.5808224392518362,180,180,180,180,180,180,190
32.186546087265015,-0.03584014222821359,3.752640285509792,0.2617993877991417,0.0,-1.5808224392518362,180,180,180,180,180,180,190
32.1967499256134,-0.035750246074732074,3.74371207285067,0.2617993877991417,0.0,-1.5808619013259115,180,180,180,180,180,180,190
32.20696806907654,-0.035750246074732074,3.74371207285067,0.2617993877991417,0.0,-1.5808619013259115,180,180,180,180,180,180,190
32.21813893318176,-0.035750246074732074,3.74371207285067,0.2617993877991417,0.0,-1.5808619013259115,180,180,180,180,180,180,190
32.22833037376404,-0.035750246074732074,3.74371207285067,0.2617993877991417,0.0,-1.5808619013259115,180,180,180,180,180,180,190
32.238532066345215,-0.03566342655949797,3.735039689097391,0.2617993877991417,0.0,-1.5808683277701856,180,180,180,180,180,180,190
32.24874186515808,-0.03566342655949797,3.735039689097391,0.2617993877991417,0.0,-1.5808683277701856,190,190,170,180,190,180,190
32.264405250549316,-0.03557874784108636,3.7263691880067444,0.2617993877991417,0.0,-1.5808281457690454,190,190,170,180,190,180,190
32.27462410926819,-0.03557874784108636,3.7263691880067444,0.2617993877991417,0.0,-1.5808281457690454,190,190,170,180,190,180,190
32.284828901290894,-0.03557874784108636,3.7263691880067444,0.2617993877991417,0.0,-1.5808281457690454,190,180,170,180,190,180,190
32.29500436782837,-0.03557874784108636,3.7263691880067444,0.2617993877991417,0.0,-1.5808281457690454,190,180,170,180,190,180,190
32.30519413948059,-0.035492241993901955,3.7174433621023475,0.2617993877991417,0.0,-1.5808373419237212,190,180,170,180,190,180,190
32.3173291683197,-0.035492241993901955,3.7174433621023475,0.2617993877991417,0.0,-1.5808373419237212,190,180,170,180,190,180,190
32.32803511619568,-0.035492241993901955,3.7174433621023475,0.2617993877991417,0.0,-1.5808373419237212,190,180,170,180,190,180,190
32.33821368217468,-0.035401866461440494,3.7088303786916543,0.2617993877991417,0.0,-1.5808087404570978,190,180,180,180,190,180,190
32.34840273857117,-0.035401866461440494,3.7088303786916543,0.2617993877991417,0.0,-1.5808087404570978,190,180,180,180,190,180,190
32.3656804561615,-0.03531398008613523,3.7002422162401034,0.2617993877991417,0.0,-1.580932403800607,190,180,180,180,190,180,190
32.375896692276,-0.03531398008613523,3.7002422162401034,0.2617993877991417,0.0,-1.580932403800607,190,180,180,180,190,180,190
32.386106967926025,-0.03531398008613523,3.7002422162401034,0.2617993877991417,0.0,-1.580932403800607,190,180,180,180,190,180,190
32.39628720283508,-0.03531398008613523,3.7002422162401034,0.2617993877991417,0.0,-1.580932403800607,190,180,180,180,190,180,190
32.40648150444031,-0.03522246552402378,3.691373633746996,0.2617993877991417,0.0,-1.580984072687088,190,180,180,180,190,180,190
32.41879224777222,-0.03522246552402378,3.691373633746996,0.2617993877991417,0.0,-1.580984072687088,190,180,180,180,190,180,190
32.42900204658508,-0.03522246552402378,3.691373633746996,0.2617993877991417,0.0,-1.580984072687088,190,180,180,180,190,180,190
32.43917393684387,-0.03513357102534383,3.682759539152096,0.2617993877991417,0.0,-1.5810494299849174,190,180,180,180,190,180,190
32.449381589889526,-0.03513357102534383,3.682759539152096,0.2617993877991417,0.0,-1.5810494299849174,180,180,180,180,190,180,190
32.4642379283905,-0.03513357102534383,3.682759539152096,0.2617993877991417,0.0,-1.5810494299849174,180,180,180,180,190,180,190
32.4745728969574,-0.035043852000699385,3.674134606665141,0.2617993877991417,0.0,-1.581100757015922,180,180,180,180,190,180,190
32.484790325164795,-0.035043852000699385,3.674134606665141,0.2617993877991417,0.0,-1.581100757015922,190,180,180,180,190,190,190
32.49496912956238,-0.035043852000699385,3.674134606665141,0.2617993877991417,0.0,-1.581100757015922,190,180,180,180,190,190,190
32.505147218704224,-0.034951098978685986,3.6652371154186407,0.2617993877991417,0.0,-1.5811443449377107,190,180,180,180,190,190,190
32.517701864242554,-0.034951098978685986,3.6652371154186407,0.2617993877991417,0.0,-1.5811443449377107,190,180,180,180,190,190,190
32.5279266834259,-0.034951098978685986,3.6652371154186407,0.2617993877991417,0.0,-1.5811443449377107,190,180,180,180,190,190,190
32.53811264038086,-0.034860722944843624,3.6565910969761566,0.2617993877991417,0.0,-1.5811850654024726,190,190,180,180,190,190,190
32.54830622673035,-0.034860722944843624,3.6565910969761566,0.2617993877991417,0.0,-1.5811850654024726,190,190,180,180,190,190,190
32.56625533103943,-0.034770115153006986,3.647934287382637,0.2617993877991417,0.0,-1.5812274876020997,190,190,180,180,190,190,190
32.576507568359375,-0.034770115153006986,3.647934287382637,0.2617993877991417,0.0,-1.5812274876020997,190,190,180,180,190,190,190
32.586697578430176,-0.034770115153006986,3.647934287382637,0.2617993877991417,0.0,-1.5812274876020997,190,190,180,180,190,190,190
32.59692335128784,-0.034770115153006986,3.647934287382637,0.2617993877991417,0.0,-1.5812274876020997,190,190,180,180,190,190,190
32.607144355773926,-0.03467667421250001,3.6390050067090707,0.2617993877991417,0.0,-1.5812654304655713,190,190,180,180,190,190,190
32.617491483688354,-0.03467667421250001,3.6390050067090707,0.2617993877991417,0.0,-1.5812654304655713,190,190,180,180,190,190,190
32.62765550613403,-0.03467667421250001,3.6390050067090707,0.2617993877991417,0.0,-1.5812654304655713,190,190,180,180,190,190,190
32.63784694671631,-0.034586515117444254,3.6303323754955357,0.2617993877991417,0.0,-1.5812652262716858,190,190,180,180,190,190,190
32.648032426834106,-0.034586515117444254,3.6303323754955357,0.2617993877991417,0.0,-1.5812652262716858,190,190,180,180,190,190,190
32.66613149642944,-0.03449867777692495,3.621662608449802,0.2617993877991417,0.0,-1.5812245726029555,190,190,180,180,190,190,190
32.676358222961426,-0.03449867777692495,3.621662608449802,0.2617993877991417,0.0,-1.5812245726029555,190,190,180,180,190,190,190
32.68655180931091,-0.03449867777692495,3.621662608449802,0.2617993877991417,0.0,-1.5812245726029555,190,190,180,180,190,190,190
32.69696235656738,-0.034408397933380394,3.612739262523106,0.2617993877991417,0.0,-1.581236154033402,190,180,180,180,190,190,190
32.70721912384033,-0.034408397933380394,3.612739262523106,0.2617993877991417,0.0,-1.581236154033402,190,180,180,180,190,190,190
32.717745542526245,-0.034408397933380394,3.612739262523106,0.2617993877991417,0.0,-1.581236154033402,190,180,180,180,190,190,190
32.727941036224365,-0.034408397933380394,3.612739262523106,0.2617993877991417,0.0,-1.581236154033402,190,180,180,180,190,190,190
32.7381865978241,-0.03431395431968355,3.60413431037553,0.2617993877991417,0.0,-1.5812337857988326,190,180,180,180,190,190,190
32.74851655960083,-0.03431395431968355,3.60413431037553,0.2617993877991417,0.0,-1.5812337857988326,180,180,180,180,190,190,190
32.76635456085205,-0.034222383268155104,3.5955418502070216,0.2617993877991417,0.0,-1.5813275612486222,180,180,180,180,190,190,190
32.776575565338135,-0.034222383268155104,3.5955418502070216,0.2617993877991417,0.0,-1.5813275612486222,180,180,180,180,190,190,190
32.78680634498596,-0.034222383268155104,3.5955418502070216,0.2617993877991417,0.0,-1.5813275612486222,180,180,180,180,190,190,190
32.797075510025024,-0.03412779704489147,3.586673990282638,0.2617993877991417,0.0,-1.581389860034296,180,180,180,180,190,190,190
32.8156476020813,-0.03412779704489147,3.586673990282638,0.2617993877991417,0.0,-1.581389860034296,180,180,180,180,190,190,190
32.82595634460449,-0.03412779704489147,3.586673990282638,0.2617993877991417,0.0,-1.581389860034296,180,180,180,180,190,190,190
32.83616232872009,-0.034035385303018834,3.578058759010797,0.2617993877991417,0.0,-1.581454617027176,180,180,180,180,180,190,190
32.84637236595154,-0.034035385303018834,3.578058759010797,0.2617993877991417,0.0,-1.581454617027176,180,180,180,180,180,190,190
32.85659670829773,-0.034035385303018834,3.578058759010797,0.2617993877991417,0.0,-1.581454617027176,180,180,180,180,180,190,190
32.86773920059204,-0.034035385303018834,3.578058759010797,0.2617993877991417,0.0,-1.581454617027176,180,180,180,180,180,190,190
32.878416299819946,-0.033942177850500035,3.56943248120938,0.2617993877991417,0.0,-1.5815038227004976,180,180,180,180,180,190,190
32.88866138458252,-0.033942177850500035,3.56943248120938,0.2617993877991417,0.0,-1.5815038227004976,180,180,180,180,180,190,190
32.89909887313843,-0.03384583439230876,3.560533844359503,0.2617993877991417,0.0,-1.5815474131425213,180,180,180,180,180,180,190
32.90939497947693,-0.03384583439230876,3.560533844359503,0.2617993877991417,0.0,-1.5815474131425213,180,180,180,180,180,180,190
32.91991138458252,-0.03384583439230876,3.560533844359503,0.2617993877991417,0.0,-1.5815474131425213,180,180,180,180,180,180,190
32.93019151687622,-0.03375198337458989,3.5518866210584257,0.2617993877991417,0.0,-1.5815882898531741,180,180,180,180,180,180,190
32.940385580062866,-0.03375198337458989,3.5518866210584257,0.2617993877991417,0.0,-1.5815882898531741,180,180,180,180,180,180,190
32.950581073760986,-0.03375198337458989,3.5518866210584257,0.2617993877991417,0.0,-1.5815882898531741,180,180,180,180,180,180,190
32.96607422828674,-0.03365790320680579,3.5432286049866204,0.2617993877991417,0.0,-1.5816307943318568,180,180,180,180,180,180,190
32.976348876953125,-0.03365790320680579,3.5432286049866204,0.2617993877991417,0.0,-1.5816307943318568,180,180,180,180,180,180,190
32.98652672767639,-0.03365790320680579,3.5432286049866204,0.2617993877991417,0.0,-1.5816307943318568,180,180,180,180,180,180,190
32.996715784072876,-0.033560945457587366,3.534298345550854,0.2617993877991417,0.0,-1.5816666993538309,180,180,180,180,180,180,190
33.0069055557251,-0.033560945457587366,3.534298345550854,0.2617993877991417,0.0,-1.5816666993538309,180,180,180,180,180,180,190
33.01827144622803,-0.033560945457587366,3.534298345550854,0.2617993877991417,0.0,-1.5816666993538309,180,180,180,180,180,180,190
33.028472900390625,-0.033560945457587366,3.534298345550854,0.2617993877991417,0.0,-1.5816666993538309,180,180,180,180,180,180,190
33.038657903671265,-0.033467512168039455,3.525625656718608,0.2617993877991417,0.0,-1.5816595497549357,180,180,180,180,190,190,190
33.04884481430054,-0.033467512168039455,3.525625656718608,0.2617993877991417,0.0,-1.5816595497549357,180,180,180,180,190,190,190
33.06518530845642,-0.03337630443168732,3.5169566424875818,0.2617993877991417,0.0,-1.581620729863437,180,180,180,180,190,190,190
33.075408935546875,-0.03337630443168732,3.5169566424875818,0.2617993877991417,0.0,-1.581620729863437,180,180,180,180,190,190,190
33.0855975151062,-0.03337630443168732,3.5169566424875818,0.2617993877991417,0.0,-1.581620729863437,180,180,180,180,190,190,190
33.09577298164368,-0.03337630443168732,3.5169566424875818,0.2617993877991417,0.0,-1.581620729863437,180,180,180,180,190,190,190
33.10595989227295,-0.03328218802541573,3.50803690642896,0.2617993877991417,0.0,-1.5816275845713428,180,180,180,180,190,190,190
33.117682218551636,-0.03328218802541573,3.50803690642896,0.2617993877991417,0.0,-1.5816275845713428,180,180,180,180,190,190,190
33.12787055969238,-0.03328218802541573,3.50803690642896,0.2617993877991417,0.0,-1.5816275845713428,180,180,180,180,190,190,190
33.13805961608887,-0.03318414449396159,3.499439512694607,0.2617993877991417,0.0,-1.5816597950332787,180,180,180,180,190,190,190
33.148252964019775,-0.03318414449396159,3.499439512694607,0.2617993877991417,0.0,-1.5816597950332787,180,180,180,190,190,190,190
33.16613745689392,-0.033088795699682615,3.490842472298049,0.2617993877991417,0.0,-1.5817261086459307,180,180,180,190,190,190,190
33.17639446258545,-0.033088795699682615,3.490842472298049,0.2617993877991417,0.0,-1.5817261086459307,180,180,180,190,190,190,190
33.18660521507263,-0.033088795699682615,3.490842472298049,0.2617993877991417,0.0,-1.5817261086459307,180,180,180,190,190,190,190
33.197020292282104,-0.032991029492653506,3.4819747427481094,0.2617993877991417,0.0,-1.58179427587188,180,180,180,190,190,190,190
33.207539796829224,-0.032991029492653506,3.4819747427481094,0.2617993877991417,0.0,-1.58179427587188,180,180,180,180,190,190,190
33.22467494010925,-0.032991029492653506,3.4819747427481094,0.2617993877991417,0.0,-1.58179427587188,180,180,180,180,190,190,190
33.23485827445984,-0.032895106473589855,3.473358302899017,0.2617993877991417,0.0,-1.5818582578007179,180,180,180,180,190,190,190
33.24506092071533,-0.032895106473589855,3.473358302899017,0.2617993877991417,0.0,-1.5818582578007179,190,180,180,190,190,190,190
33.25528264045715,-0.032895106473589855,3.473358302899017,0.2617993877991417,0.0,-1.5818582578007179,190,180,180,190,190,190,190
33.26696753501892,-0.03279842025832086,3.4647306391627484,0.2617993877991417,0.0,-1.5819056040369122,190,180,180,190,190,190,190
33.27719473838806,-0.03279842025832086,3.4647306391627484,0.2617993877991417,0.0,-1.5819056040369122,190,180,180,190,190,190,190
33.28741669654846,-0.03279842025832086,3.4647306391627484,0.2617993877991417,0.0,-1.5819056040369122,190,180,180,190,190,190,190
33.29771685600281,-0.032698499534565405,3.455830785368062,0.2617993877991417,0.0,-1.5819491614455017,180,180,180,180,190,190,190
33.313462018966675,-0.032698499534565405,3.455830785368062,0.2617993877991417,0.0,-1.5819491614455017,180,180,180,180,190,190,190
33.32367181777954,-0.032698499534565405,3.455830785368062,0.2617993877991417,0.0,-1.5819491614455017,180,180,180,180,190,190,190
33.333904504776,-0.032601184949779115,3.44718227954257,0.2617993877991417,0.0,-1.5819903401707247,180,180,180,180,190,190,190
33.3441686630249,-0.032601184949779115,3.44718227954257,0.2617993877991417,0.0,-1.5819903401707247,180,180,180,180,180,180,180
33.35438942909241,-0.032601184949779115,3.44718227954257,0.2617993877991417,0.0,-1.5819903401707247,180,180,180,180,180,180,180
33.3659884929657,-0.03250364465741094,3.438523019648746,0.2617993877991417,0.0,-1.5820328432663775,180,180,180,180,180,180,180
33.376235008239746,-0.03250364465741094,3.438523019648746,0.2617993877991417,0.0,-1.5820328432663775,180,180,180,180,180,180,180
33.38645339012146,-0.03250364465741094,3.438523019648746,0.2617993877991417,0.0,-1.5820328432663775,180,180,180,180,180,180,180
33.39671230316162,-0.03250364465741094,3.438523019648746,0.2617993877991417,0.0,-1.5820328432663775,180,180,140,180,190,180,180
33.41529703140259,-0.032403188259245874,3.429591774752004,0.2617993877991417,0.0,-1.5820661402234557,180,180,140,180,190,180,180
33.42558288574219,-0.032403188259245874,3.429591774752004,0.2617993877991417,0.0,-1.5820661402234557,180,180,140,180,190,180,180
33.435795307159424,-0.03230653493994701,3.4209191559907315,0.2617993877991417,0.0,-1.582051718898715,180,180,140,180,190,180,180
33.44615364074707,-0.03230653493994701,3.4209191559907315,0.2617993877991417,0.0,-1.582051718898715,180,180,180,180,190,180,180
33.456369161605835,-0.03230653493994701,3.4209191559907315,0.2617993877991417,0.0,-1.582051718898715,180,180,180,180,190,180,180
33.4666006565094,-0.032211687196140794,3.412250872566659,0.2617993877991417,0.0,-1.5820172147645204,180,180,180,180,190,180,180
33.476807832717896,-0.032211687196140794,3.412250872566659,0.2617993877991417,0.0,-1.5820172147645204,180,180,180,180,190,180,180
33.487542390823364,-0.032211687196140794,3.412250872566659,0.2617993877991417,0.0,-1.5820172147645204,180,180,180,180,190,180,180
33.4980206489563,-0.0321138285411908,3.403336033504125,0.2617993877991417,0.0,-1.582011392798284,180,190,180,180,190,190,190
33.51671481132507,-0.0321138285411908,3.403336033504125,0.2617993877991417,0.0,-1.582011392798284,180,190,180,180,190,190,190
33.52705359458923,-0.0321138285411908,3.403336033504125,0.2617993877991417,0.0,-1.582011392798284,180,190,180,180,190,190,190
33.537266969680786,-0.03201258056748736,3.3947452008939694,0.2617993877991417,0.0,-1.5820830387232763,180,190,180,180,190,190,190
33.54752993583679,-0.03201258056748736,3.3947452008939694,0.2617993877991417,0.0,-1.5820830387232763,170,180,180,180,180,180,180
33.55774450302124,-0.03201258056748736,3.3947452008939694,0.2617993877991417,0.0,-1.5820830387232763,170,180,180,180,180,180,180
33.568143129348755,-0.031913555682610575,3.3861439744854493,0.2617993877991417,0.0,-1.5821281442093271,170,180,180,180,180,180,180
33.57833552360535,-0.031913555682610575,3.3861439744854493,0.2617993877991417,0.0,-1.5821281442093271,170,180,180,180,180,180,180
33.588520526885986,-0.031913555682610575,3.3861439744854493,0.2617993877991417,0.0,-1.5821281442093271,180,180,180,180,180,180,180
33.59882998466492,-0.0318123104576521,3.3772755696820846,0.2617993877991417,0.0,-1.5821971276656237,180,180,180,180,180,180,180
33.614513635635376,-0.0318123104576521,3.3772755696820846,0.2617993877991417,0.0,-1.5821971276656237,180,180,180,180,180,180,180
33.6247034072876,-0.0318123104576521,3.3772755696820846,0.2617993877991417,0.0,-1.5821971276656237,180,180,180,180,180,180,180
33.6349241733551,-0.03171288839504933,3.3686579612819667,0.2617993877991417,0.0,-1.582260092174302,180,180,180,180,180,180,180
33.64517164230347,-0.03171288839504933,3.3686579612819667,0.2617993877991417,0.0,-1.582260092174302,180,180,190,180,180,180,190
33.655393838882446,-0.03171288839504933,3.3686579612819667,0.2617993877991417,0.0,-1.582260092174302,180,180,190,180,180,180,190
33.66558074951172,-0.0316127374965114,3.3600289971444726,0.2617993877991417,0.0,-1.5823058092716806,180,180,190,180,180,180,190
33.675795793533325,-0.0316127374965114,3.3600289971444726,0.2617993877991417,0.0,-1.5823058092716806,180,180,190,180,180,180,190
33.68603563308716,-0.0316127374965114,3.3600289971444726,0.2617993877991417,0.0,-1.5823058092716806,180,180,190,180,180,180,190
33.696402072906494,-0.0316127374965114,3.3600289971444726,0.2617993877991417,0.0,-1.5823058092716806,180,180,190,180,180,190,190
33.70658850669861,-0.03150925614897589,3.351127978161679,0.2617993877991417,0.0,-1.5823492317823158,180,180,190,180,180,190,190
33.716763734817505,-0.03150925614897589,3.351127978161679,0.2617993877991417,0.0,-1.5823492317823158,180,180,190,180,180,190,190
33.72695779800415,-0.03150925614897589,3.351127978161679,0.2617993877991417,0.0,-1.5823492317823158,180,180,190,180,180,190,190
33.73716354370117,-0.03140849233364791,3.3424782422706976,0.2617993877991417,0.0,-1.5823907468978469,180,180,190,180,180,190,190
33.7473418712616,-0.03140849233364791,3.3424782422706976,0.2617993877991417,0.0,-1.5823907468978469,180,190,190,180,180,180,190
33.76521039009094,-0.031307507940181535,3.333817822497952,0.2617993877991417,0.0,-1.5824330876060548,180,190,190,180,180,180,190
33.77544856071472,-0.031307507940181535,3.333817822497952,0.2617993877991417,0.0,-1.5824330876060548,180,190,190,180,180,180,190
33.785635471343994,-0.031307507940181535,3.333817822497952,0.2617993877991417,0.0,-1.5824330876060548,140,180,130,180,180,190,190
33.79583406448364,-0.031307507940181535,3.333817822497952,0.2617993877991417,0.0,-1.5824330876060548,140,180,130,180,180,190,190
33.81371879577637,-0.031203564700882428,3.3248857109847307,0.2617993877991417,0.0,-1.5824631075481719,140,180,130,180,180,190,190
33.82397437095642,-0.031203564700882428,3.3248857109847307,0.2617993877991417,0.0,-1.5824631075481719,140,180,130,180,180,190,190
33.83420133590698,-0.031103737498032184,3.3162133347277107,0.2617993877991417,0.0,-1.5824416722754393,140,180,130,180,180,190,190
33.84444284439087,-0.031103737498032184,3.3162133347277107,0.2617993877991417,0.0,-1.5824416722754393,180,190,120,180,190,190,190
33.85464143753052,-0.031103737498032184,3.3162133347277107,0.2617993877991417,0.0,-1.5824416722754393,180,190,120,180,190,190,190
33.86699652671814,-0.031005065401021662,3.3075457517372127,0.2617993877991417,0.0,-1.5824136273777463,180,190,120,180,190,190,190
33.87727904319763,-0.031005065401021662,3.3075457517372127,0.2617993877991417,0.0,-1.5824136273777463,180,190,120,180,190,190,190
33.88748788833618,-0.031005065401021662,3.3075457517372127,0.2617993877991417,0.0,-1.5824136273777463,180,190,130,140,180,190,190
33.89772868156433,-0.0309034464680736,3.2986370699200314,0.2617993877991417,0.0,-1.582390368634601,180,190,130,140,180,190,190
33.91626477241516,-0.0309034464680736,3.2986370699200314,0.2617993877991417,0.0,-1.582390368634601,180,190,130,140,180,190,190
33.92646265029907,-0.0309034464680736,3.2986370699200314,0.2617993877991417,0.0,-1.582390368634601,180,190,130,140,180,190,190
33.93666696548462,-0.030799356034315606,3.290051082031362,0.2617993877991417,0.0,-1.5824994178369132,180,190,130,140,180,190,190
33.946871757507324,-0.030799356034315606,3.290051082031362,0.2617993877991417,0.0,-1.5824994178369132,180,190,130,140,180,190,190
33.957090616226196,-0.030799356034315606,3.290051082031362,0.2617993877991417,0.0,-1.5824994178369132,180,190,120,180,180,190,190
33.97187161445618,-0.030696715443268553,3.281446398482575,0.2617993877991417,0.0,-1.5825305293810652,180,190,120,180,180,190,190
33.98209524154663,-0.030696715443268553,3.281446398482575,0.2617993877991417,0.0,-1.5825305293810652,180,190,120,180,180,190,190
33.99228858947754,-0.030696715443268553,3.281446398482575,0.2617993877991417,0.0,-1.5825305293810652,180,190,120,180,180,190,190
34.00249171257019,-0.030591805232583175,3.272576796451933,0.2617993877991417,0.0,-1.5825986482225631,180,190,130,180,180,180,180
34.01693248748779,-0.030591805232583175,3.272576796451933,0.2617993877991417,0.0,-1.5825986482225631,180,190,130,180,180,180,180
34.02714014053345,-0.030591805232583175,3.272576796451933,0.2617993877991417,0.0,-1.5825986482225631,180,190,130,180,180,180,180
34.03738307952881,-0.030488872067468725,3.263957929452599,0.2617993877991417,0.0,-1.5826601231881485,180,190,130,180,180,180,180
34.048182010650635,-0.030488872067468725,3.263957929452599,0.2617993877991417,0.0,-1.5826601231881485,180,130,120,120,180,180,180
34.06525206565857,-0.030385288698401798,3.2553276491387866,0.2617993877991417,0.0,-1.5827046955246495,180,130,120,120,180,180,180
34.07548236846924,-0.030385288698401798,3.2553276491387866,0.2617993877991417,0.0,-1.5827046955246495,180,130,120,120,180,180,180
34.085840702056885,-0.030385288698401798,3.2553276491387866,0.2617993877991417,0.0,-1.5827046955246495,180,130,120,120,180,180,180
34.096110582351685,-0.030385288698401798,3.2553276491387866,0.2617993877991417,0.0,-1.5827046955246495,180,130,120,130,180,180,180
34.11323118209839,-0.030278257321627696,3.2464253972780237,0.2617993877991417,0.0,-1.5827479830423907,180,130,120,130,180,180,180
34.12345314025879,-0.030278257321627696,3.2464253972780237,0.2617993877991417,0.0,-1.5827479830423907,180,130,120,130,180,180,180
34.13365650177002,-0.03017405582395387,3.2377743554132596,0.2617993877991417,0.0,-1.5827899489038442,180,130,120,130,180,180,180
34.14389514923096,-0.03017405582395387,3.2377743554132596,0.2617993877991417,0.0,-1.5827899489038442,180,180,130,180,160,180,180
34.15416169166565,-0.03017405582395387,3.2377743554132596,0.2617993877991417,0.0,-1.5827899489038442,180,180,130,180,160,180,180
34.166197061538696,-0.030069639608639242,3.2291127479620023,0.2617993877991417,0.0,-1.58283198283401,180,180,130,180,160,180,180
34.1764395236969,-0.030069639608639242,3.2291127479620023,0.2617993877991417,0.0,-1.58283198283401,180,180,130,180,160,180,180
34.186612367630005,-0.030069639608639242,3.2291127479620023,0.2617993877991417,0.0,-1.58283198283401,180,180,130,180,160,180,180
34.19702219963074,-0.029962222617410685,3.220179825396435,0.2617993877991417,0.0,-1.582857861959377,130,120,130,180,170,180,180
34.20723605155945,-0.029962222617410685,3.220179825396435,0.2617993877991417,0.0,-1.582857861959377,130,120,130,180,170,180,180
34.21745705604553,-0.029962222617410685,3.220179825396435,0.2617993877991417,0.0,-1.582857861959377,130,120,130,180,170,180,180
34.22766733169556,-0.029962222617410685,3.220179825396435,0.2617993877991417,0.0,-1.582857861959377,130,120,130,180,170,180,180
34.2378990650177,-0.029859255375194065,3.2115077998211903,0.2617993877991417,0.0,-1.582829888421166,130,130,130,180,180,180,180
34.2481255531311,-0.029859255375194065,3.2115077998211903,0.2617993877991417,0.0,-1.582829888421166,130,130,130,180,180,180,180
34.25834679603577,-0.029859255375194065,3.2115077998211903,0.2617993877991417,0.0,-1.582829888421166,130,130,130,180,180,180,180
34.268577098846436,-0.029756946617856436,3.2028408867900753,0.2617993877991417,0.0,-1.5828097395123613,130,130,130,180,180,180,180
34.27879047393799,-0.029756946617856436,3.2028408867900753,0.2617993877991417,0.0,-1.5828097395123613,130,130,130,180,180,180,180
34.28913974761963,-0.029756946617856436,3.2028408867900753,0.2617993877991417,0.0,-1.5828097395123613,130,130,130,180,180,180,180
34.29943561553955,-0.029650961352353084,3.1939394162641355,0.2617993877991417,0.0,-1.5827690863998,130,120,120,180,180,180,180
34.317166566848755,-0.029650961352353084,3.1939394162641355,0.2617993877991417,0.0,-1.5827690863998,130,120,120,180,180,180,180
34.32738709449768,-0.029650961352353084,3.1939394162641355,0.2617993877991417,0.0,-1.5827690863998,130,120,120,180,180,180,180
34.337620973587036,-0.029544451227115735,3.1853560766204083,0.2617993877991417,0.0,-1.5829066975043429,130,120,120,180,180,180,180
34.3481228351593,-0.029544451227115735,3.1853560766204083,0.2617993877991417,0.0,-1.5829066975043429,130,120,120,180,180,180,180
34.3652822971344,-0.029438269885740123,3.1767488789113503,0.2617993877991417,0.0,-1.5829301749172786,130,120,120,180,180,180,180
34.37551259994507,-0.029438269885740123,3.1767488789113503,0.2617993877991417,0.0,-1.5829301749172786,130,120,120,180,180,180,180
34.38637113571167,-0.029438269885740123,3.1767488789113503,0.2617993877991417,0.0,-1.5829301749172786,130,120,120,180,180,180,180
34.39672827720642,-0.029329668621428096,3.167878051673635,0.2617993877991417,0.0,-1.5829978778928693,130,110,120,110,130,180,180
34.415629148483276,-0.029329668621428096,3.167878051673635,0.2617993877991417,0.0,-1.5829978778928693,130,110,120,110,130,180,180
34.425846338272095,-0.029329668621428096,3.167878051673635,0.2617993877991417,0.0,-1.5829978778928693,130,110,120,110,130,180,180
34.436028242111206,-0.029223227545791014,3.1592579240924406,0.2617993877991417,0.0,-1.5830573576051086,130,110,120,110,130,180,180
34.446512937545776,-0.029223227545791014,3.1592579240924406,0.2617993877991417,0.0,-1.5830573576051086,130,110,110,110,140,180,180
34.46625280380249,-0.029223227545791014,3.1592579240924406,0.2617993877991417,0.0,-1.5830573576051086,130,110,110,110,140,180,180
34.47659611701965,-0.029116259350660936,3.1506264594404607,0.2617993877991417,0.0,-1.583101283563747,130,110,110,110,140,180,180
34.48683953285217,-0.029116259350660936,3.1506264594404607,0.2617993877991417,0.0,-1.583101283563747,130,110,110,110,140,180,180
34.49712896347046,-0.029005697090463186,3.1417230354768084,0.2617993877991417,0.0,-1.5831443831526897,180,110,130,180,140,180,180
34.51532959938049,-0.029005697090463186,3.1417230354768084,0.2617993877991417,0.0,-1.5831443831526897,180,110,130,180,140,180,180
34.52553129196167,-0.029005697090463186,3.1417230354768084,0.2617993877991417,0.0,-1.5831443831526897,180,110,130,180,140,180,180
34.53573942184448,-0.02889807941893924,3.133070746039876,0.2617993877991417,0.0,-1.5831867927489458,130,110,130,120,130,180,180
34.54603695869446,-0.02889807941893924,3.133070746039876,0.2617993877991417,0.0,-1.5831867927489458,130,110,130,120,130,180,180
34.56480669975281,-0.02889807941893924,3.133070746039876,0.2617993877991417,0.0,-1.5831867927489458,130,110,130,120,130,180,180
34.575032472610474,-0.028790252782848802,3.1244080404262635,0.2617993877991417,0.0,-1.5832283261202043,130,110,130,120,130,180,180
34.58521914482117,-0.028790252782848802,3.1244080404262635,0.2617993877991417,0.0,-1.5832283261202043,130,180,120,130,130,180,180
34.59541201591492,-0.028790252782848802,3.1244080404262635,0.2617993877991417,0.0,-1.5832283261202043,130,180,120,130,130,180,180
34.6142954826355,-0.028679386356890716,3.115474466753225,0.2617993877991417,0.0,-1.5832493439290931,130,180,120,130,130,180,180
34.62450456619263,-0.028679386356890716,3.115474466753225,0.2617993877991417,0.0,-1.5832493439290931,130,180,120,130,130,180,180
34.63468933105469,-0.028573331235966875,3.1068029265261132,0.2617993877991417,0.0,-1.5832157492681915,120,130,130,120,130,130,180
34.6448974609375,-0.028573331235966875,3.1068029265261132,0.2617993877991417,0.0,-1.5832157492681915,120,130,130,120,130,130,180
34.65507507324219,-0.028573331235966875,3.1068029265261132,0.2617993877991417,0.0,-1.5832157492681915,120,130,130,120,130,130,180
34.666664838790894,-0.028467857619363237,3.0981367531551776,0.2617993877991417,0.0,-1.5832041551966276,120,130,130,120,130,130,180
34.67690324783325,-0.028467857619363237,3.0981367531551776,0.2617993877991417,0.0,-1.5832041551966276,120,130,130,120,130,130,180
34.68711256980896,-0.028467857619363237,3.0981367531551776,0.2617993877991417,0.0,-1.5832041551966276,120,180,180,120,130,130,180
34.69730806350708,-0.028356847446394724,3.0892431537711404,0.2617993877991417,0.0,-1.5831521097190948,120,180,180,120,130,130,180
34.70752263069153,-0.028356847446394724,3.0892431537711404,0.2617993877991417,0.0,-1.5831521097190948,120,180,180,120,130,130,180
34.71778678894043,-0.028356847446394724,3.0892431537711404,0.2617993877991417,0.0,-1.5831521097190948,120,180,180,120,130,130,180
34.72802233695984,-0.028356847446394724,3.0892431537711404,0.2617993877991417,0.0,-1.5831521097190948,120,180,180,120,130,130,180
34.73823666572571,-0.0282480171804581,3.08066031328338,0.2617993877991417,0.0,-1.5833037916230186,120,180,120,120,120,130,180
34.74844765663147,-0.0282480171804581,3.08066031328338,0.2617993877991417,0.0,-1.5833037916230186,120,180,120,120,120,130,180
34.76538133621216,-0.0282480171804581,3.08066031328338,0.2617993877991417,0.0,-1.5833037916230186,120,180,120,120,120,130,180
34.77566313743591,-0.028138382164169477,3.072051748193645,0.2617993877991417,0.0,-1.5833275361627883,120,180,120,120,120,130,180
34.785863637924194,-0.028138382164169477,3.072051748193645,0.2617993877991417,0.0,-1.5833275361627883,120,180,120,120,120,130,180
34.79607009887695,-0.028138382164169477,3.072051748193645,0.2617993877991417,0.0,-1.5833275361627883,120,180,120,120,120,180,180
34.80626344680786,-0.028026126907684457,3.0631797144493444,0.2617993877991417,0.0,-1.583395515156136,120,180,120,120,120,180,180
34.817163944244385,-0.028026126907684457,3.0631797144493444,0.2617993877991417,0.0,-1.583395515156136,120,180,120,120,120,180,180
34.827377796173096,-0.028026126907684457,3.0631797144493444,0.2617993877991417,0.0,-1.583395515156136,120,180,120,120,120,180,180
34.837563276290894,-0.027916203530270425,3.054558237086719,0.2617993877991417,0.0,-1.583452867759571,120,180,120,120,120,180,180
34.847766637802124,-0.027916203530270425,3.054558237086719,0.2617993877991417,0.0,-1.583452867759571,120,180,120,120,120,180,180
34.866527795791626,-0.027805855466307976,3.0459255625957855,0.2617993877991417,0.0,-1.5834964260302555,120,180,120,120,120,180,180
34.87673354148865,-0.027805855466307976,3.0459255625957855,0.2617993877991417,0.0,-1.5834964260302555,120,180,120,120,120,180,180
34.886942625045776,-0.027805855466307976,3.0459255625957855,0.2617993877991417,0.0,-1.5834964260302555,130,180,110,120,120,130,180
34.89713740348816,-0.02769177351245084,3.037020893574767,0.2617993877991417,0.0,-1.583539422648025,130,180,110,120,120,130,180
34.917088985443115,-0.02769177351245084,3.037020893574767,0.2617993877991417,0.0,-1.583539422648025,130,180,110,120,120,130,180
34.92734479904175,-0.02769177351245084,3.037020893574767,0.2617993877991417,0.0,-1.583539422648025,130,180,110,120,120,130,180
34.93761944770813,-0.027580751560752795,3.028367293701872,0.2617993877991417,0.0,-1.583582299700273,130,180,110,120,120,130,180
34.94784426689148,-0.027580751560752795,3.028367293701872,0.2617993877991417,0.0,-1.583582299700273,130,180,120,120,120,130,180
34.96603584289551,-0.027469527486936474,3.0197034722484317,0.2617993877991417,0.0,-1.583623105100885,130,180,120,120,120,130,180
34.97622990608215,-0.027469527486936474,3.0197034722484317,0.2617993877991417,0.0,-1.583623105100885,130,180,120,120,120,130,180
34.986632347106934,-0.027469527486936474,3.0197034722484317,0.2617993877991417,0.0,-1.583623105100885,130,180,120,120,120,130,180
34.99686050415039,-0.02735523397589049,3.010769332720927,0.2617993877991417,0.0,-1.5836384758089084,120,180,120,120,120,140,180
35.01671075820923,-0.02735523397589049,3.010769332720927,0.2617993877991417,0.0,-1.5836384758089084,120,180,120,120,120,140,180
35.02695870399475,-0.02735523397589049,3.010769332720927,0.2617993877991417,0.0,-1.5836384758089084,120,180,120,120,120,140,180
35.037161350250244,-0.027246139535494474,3.002098358329367,0.2617993877991417,0.0,-1.583600412283673,120,180,110,110,120,130,180
35.04738712310791,-0.027246139535494474,3.002098358329367,0.2617993877991417,0.0,-1.583600412283673,120,180,110,110,120,130,180
35.05764842033386,-0.027246139535494474,3.002098358329367,0.2617993877991417,0.0,-1.583600412283673,120,180,110,110,120,130,180
35.06924319267273,-0.02713769504357331,2.9934331466383695,0.2617993877991417,0.0,-1.583597329925936,120,180,110,110,120,130,180
35.079487323760986,-0.02713769504357331,2.9934331466383695,0.2617993877991417,0.0,-1.583597329925936,120,180,110,110,120,130,180
35.089693784713745,-0.02713769504357331,2.9934331466383695,0.2617993877991417,0.0,-1.583597329925936,120,180,110,110,120,130,180
35.09995365142822,-0.02702164994205186,2.984547696329726,0.2617993877991417,0.0,-1.5835445319025152,110,120,110,110,120,140,180
35.110227823257446,-0.02702164994205186,2.984547696329726,0.2617993877991417,0.0,-1.5835445319025152,110,120,110,110,120,140,180
35.12048387527466,-0.02702164994205186,2.984547696329726,0.2617993877991417,0.0,-1.5835445319025152,110,120,110,110,120,140,180
35.13068866729736,-0.026910131516797765,2.975963354096854,0.2617993877991417,0.0,-1.583691414159994,110,120,110,110,120,140,180
35.14088487625122,-0.026910131516797765,2.975963354096854,0.2617993877991417,0.0,-1.583691414159994,110,110,110,110,120,140,130
35.151116609573364,-0.026910131516797765,2.975963354096854,0.2617993877991417,0.0,-1.583691414159994,110,110,110,110,120,140,130
35.16483783721924,-0.026910131516797765,2.975963354096854,0.2617993877991417,0.0,-1.583691414159994,110,110,110,110,120,140,130
35.17503070831299,-0.026797153427632947,2.9673546964491986,0.2617993877991417,0.0,-1.5837236786026485,110,110,110,110,120,140,130
35.18525242805481,-0.026797153427632947,2.9673546964491986,0.2617993877991417,0.0,-1.5837236786026485,110,110,110,110,120,140,130
35.195435762405396,-0.026797153427632947,2.9673546964491986,0.2617993877991417,0.0,-1.5837236786026485,110,110,110,110,120,140,130
35.20569586753845,-0.026681297980368855,2.9584815644197078,0.2617993877991417,0.0,-1.5837920897309472,120,110,110,110,120,140,120
35.21995735168457,-0.026681297980368855,2.9584815644197078,0.2617993877991417,0.0,-1.5837920897309472,120,110,110,110,120,140,120
35.230220556259155,-0.026567929891961693,2.9498588088968427,0.2617993877991417,0.0,-1.5838475870405209,120,110,110,110,120,140,120
35.24041295051575,-0.026567929891961693,2.9498588088968427,0.2617993877991417,0.0,-1.5838475870405209,120,120,120,120,120,140,130
35.25065040588379,-0.026567929891961693,2.9498588088968427,0.2617993877991417,0.0,-1.5838475870405209,120,120,120,120,120,140,130
35.263293743133545,-0.026567929891961693,2.9498588088968427,0.2617993877991417,0.0,-1.5838475870405209,120,120,120,120,120,140,130
35.273571729660034,-0.026454187372450373,2.941225004967239,0.2617993877991417,0.0,-1.5838909317407508,120,120,120,120,120,140,130
35.28378415107727,-0.026454187372450373,2.941225004967239,0.2617993877991417,0.0,-1.5838909317407508,120,120,120,120,110,140,130
35.29399037361145,-0.026454187372450373,2.941225004967239,0.2617993877991417,0.0,-1.5838909317407508,120,120,120,120,110,140,130
35.304197788238525,-0.026336593655070687,2.9323191439994294,0.2617993877991417,0.0,-1.5839338883323875,120,120,120,120,110,140,130
35.31738638877869,-0.026336593655070687,2.9323191439994294,0.2617993877991417,0.0,-1.5839338883323875,120,120,120,120,110,140,130
35.327589988708496,-0.026336593655070687,2.9323191439994294,0.2617993877991417,0.0,-1.5839338883323875,120,120,120,120,110,140,130
35.33784747123718,-0.026222171535240403,2.923664320376888,0.2617993877991417,0.0,-1.5839770348311695,120,120,120,120,110,140,130
35.348057985305786,-0.026222171535240403,2.923664320376888,0.2617993877991417,0.0,-1.5839770348311695,120,110,120,110,100,130,120
35.36572003364563,-0.026107564244408982,2.914999480421528,0.2617993877991417,0.0,-1.5840167292530143,120,110,120,110,100,130,120
35.37597703933716,-0.026107564244408982,2.914999480421528,0.2617993877991417,0.0,-1.5840167292530143,120,110,120,110,100,130,120
35.386205434799194,-0.026107564244408982,2.914999480421528,0.2617993877991417,0.0,-1.5840167292530143,120,110,120,110,100,130,120
35.396525859832764,-0.025989872041845455,2.906064951791755,0.2617993877991417,0.0,-1.5840258538400198,120,120,120,110,110,180,180
35.40677285194397,-0.025989872041845455,2.906064951791755,0.2617993877991417,0.0,-1.5840258538400198,120,120,120,110,110,180,180
35.41707158088684,-0.025989872041845455,2.906064951791755,0.2617993877991417,0.0,-1.5840258538400198,120,120,120,110,110,180,180
35.427278995513916,-0.025989872041845455,2.906064951791755,0.2617993877991417,0.0,-1.5840258538400198,120,120,120,110,110,180,180
35.43748426437378,-0.02587775159450101,2.897394644446968,0.2617993877991417,0.0,-1.5839847165088003,120,120,120,110,110,180,180
35.447662353515625,-0.02587775159450101,2.897394644446968,0.2617993877991417,0.0,-1.5839847165088003,120,120,120,110,100,180,180
35.457879066467285,-0.02587775159450101,2.897394644446968,0.2617993877991417,0.0,-1.5839847165088003,120,120,120,110,100,180,180
35.46884608268738,-0.02576617642738322,2.888730872634278,0.2617993877991417,0.0,-1.5839884564951658,120,120,120,110,100,180,180
35.4790518283844,-0.02576617642738322,2.888730872634278,0.2617993877991417,0.0,-1.5839884564951658,120,120,120,110,100,180,180
35.489259004592896,-0.02576617642738322,2.888730872634278,0.2617993877991417,0.0,-1.5839884564951658,110,180,120,110,100,180,180
35.49946570396423,-0.025645452055745373,2.879853613352506,0.2617993877991417,0.0,-1.5839475717126916,110,180,120,110,100,180,180
35.516294717788696,-0.025645452055745373,2.879853613352506,0.2617993877991417,0.0,-1.5839475717126916,110,180,120,110,100,180,180
35.52652406692505,-0.025645452055745373,2.879853613352506,0.2617993877991417,0.0,-1.5839475717126916,110,180,120,110,100,180,180
35.536741733551025,-0.025530747978591155,2.871266188223156,0.2617993877991417,0.0,-1.5840738780338397,110,180,120,110,100,180,180
35.547032833099365,-0.025530747978591155,2.871266188223156,0.2617993877991417,0.0,-1.5840738780338397,110,180,120,110,100,180,180
35.56441068649292,-0.02541462238329556,2.8626583054543357,0.2617993877991417,0.0,-1.5841199052247013,110,180,120,110,100,180,180
35.57467532157898,-0.02541462238329556,2.8626583054543357,0.2617993877991417,0.0,-1.5841199052247013,110,180,120,110,100,180,180
35.584877729415894,-0.02541462238329556,2.8626583054543357,0.2617993877991417,0.0,-1.5841199052247013,110,180,120,110,100,180,180
35.595093965530396,-0.02541462238329556,2.8626583054543357,0.2617993877991417,0.0,-1.5841199052247013,110,180,120,110,100,180,180
35.605384826660156,-0.025295194898718232,2.8537840364708327,0.2617993877991417,0.0,-1.584188752074413,110,180,120,110,100,180,180
35.61888241767883,-0.025295194898718232,2.8537840364708327,0.2617993877991417,0.0,-1.584188752074413,110,180,120,110,100,180,180
35.62911343574524,-0.025295194898718232,2.8537840364708327,0.2617993877991417,0.0,-1.584188752074413,110,180,120,110,100,180,180
35.63935732841492,-0.025178394800715383,2.845159922940318,0.2617993877991417,0.0,-1.5842423718613623,100,180,130,110,90,180,180
35.64960956573486,-0.025178394800715383,2.845159922940318,0.2617993877991417,0.0,-1.5842423718613623,100,180,130,110,90,180,180
35.66511821746826,-0.025061243193391546,2.8365249490232927,0.2617993877991417,0.0,-1.584285722672335,100,180,130,110,90,180,180
35.67534279823303,-0.025061243193391546,2.8365249490232927,0.2617993877991417,0.0,-1.584285722672335,100,180,130,110,90,180,180
35.68553876876831,-0.025061243193391546,2.8365249490232927,0.2617993877991417,0.0,-1.584285722672335,100,180,130,110,90,180,180
35.69579100608826,-0.024940136100444734,2.827617823243166,0.2617993877991417,0.0,-1.5843287465244962,100,180,130,110,90,180,180
35.70607924461365,-0.024940136100444734,2.827617823243166,0.2617993877991417,0.0,-1.5843287465244962,90,180,130,110,100,180,180
35.719924211502075,-0.024940136100444734,2.827617823243166,0.2617993877991417,0.0,-1.5843287465244962,90,180,130,110,100,180,180
35.73015356063843,-0.02482230916347424,2.8189617426055693,0.2617993877991417,0.0,-1.5843720277086981,90,180,130,110,100,180,180
35.74035406112671,-0.02482230916347424,2.8189617426055693,0.2617993877991417,0.0,-1.5843720277086981,90,180,130,110,100,180,180
35.75062417984009,-0.02482230916347424,2.8189617426055693,0.2617993877991417,0.0,-1.5843720277086981,100,180,180,110,100,180,180
35.770286083221436,-0.02482230916347424,2.8189617426055693,0.2617993877991417,0.0,-1.5843720277086981,100,180,180,110,100,180,180
35.78056764602661,-0.02470433625193593,2.810295891548032,0.2617993877991417,0.0,-1.584410185537553,100,180,180,110,100,180,180
35.790780782699585,-0.02470433625193593,2.810295891548032,0.2617993877991417,0.0,-1.584410185537553,100,180,180,110,100,180,180
35.801010847091675,-0.02458328973654216,2.8013610702134146,0.2617993877991417,0.0,-1.5844122668915732,180,180,180,100,100,180,180
35.81712508201599,-0.02458328973654216,2.8013610702134146,0.2617993877991417,0.0,-1.5844122668915732,180,180,180,100,100,180,180
35.827351331710815,-0.02458328973654216,2.8013610702134146,0.2617993877991417,0.0,-1.5844122668915732,180,180,180,100,100,180,180
35.83753991127014,-0.024468078228636378,2.792691478516273,0.2617993877991417,0.0,-1.5843696332627129,180,180,180,100,100,180,180
35.84774684906006,-0.024468078228636378,2.792691478516273,0.2617993877991417,0.0,-1.5843696332627129,180,180,180,100,100,180,180
35.86764049530029,-0.024468078228636378,2.792691478516273,0.2617993877991417,0.0,-1.5843696332627129,180,180,180,100,100,180,180
35.87803840637207,-0.024353065454322746,2.7840299038390883,0.2617993877991417,0.0,-1.5843763796025256,180,180,180,100,100,180,180
35.88825488090515,-0.024353065454322746,2.7840299038390883,0.2617993877991417,0.0,-1.5843763796025256,180,180,180,100,100,180,180
35.898431062698364,-0.024228137928079686,2.7751607574315584,0.2617993877991417,0.0,-1.5843587707747149,180,180,180,100,100,180,180
35.90864062309265,-0.024228137928079686,2.7751607574315584,0.2617993877991417,0.0,-1.5843587707747149,180,180,180,110,100,180,180
35.92224407196045,-0.024228137928079686,2.7751607574315584,0.2617993877991417,0.0,-1.5843587707747149,180,180,180,110,100,180,180
35.93244671821594,-0.02410983074837867,2.7665692871981684,0.2617993877991417,0.0,-1.5844564055557067,180,180,180,110,100,180,180
35.942626953125,-0.02410983074837867,2.7665692871981684,0.2617993877991417,0.0,-1.5844564055557067,180,180,180,110,100,180,180
35.95282006263733,-0.02410983074837867,2.7665692871981684,0.2617993877991417,0.0,-1.5844564055557067,180,180,180,180,180,180,180
35.97433161735535,-0.02399085734533051,2.7579624486913588,0.2617993877991417,0.0,-1.584515439528359,180,180,180,180,180,180,180
35.98460340499878,-0.02399085734533051,2.7579624486913588,0.2617993877991417,0.0,-1.584515439528359,180,180,180,180,180,180,180
35.994794845581055,-0.02399085734533051,2.7579624486913588,0.2617993877991417,0.0,-1.584515439528359,180,180,180,180,180,180,180
36.00500416755676,-0.02386789314488805,2.7490870517621167,0.2617993877991417,0.0,-1.5845839444586716,180,180,180,180,180,180,180
36.01695537567139,-0.02386789314488805,2.7490870517621167,0.2617993877991417,0.0,-1.5845839444586716,180,180,180,180,180,180,180
36.027212381362915,-0.02386789314488805,2.7490870517621167,0.2617993877991417,0.0,-1.5845839444586716,180,180,180,180,180,180,180
36.03734874725342,-0.023747685315604703,2.7404616042348007,0.2617993877991417,0.0,-1.5846354582147164,180,180,180,180,180,180,180
36.047605991363525,-0.023747685315604703,2.7404616042348007,0.2617993877991417,0.0,-1.5846354582147164,180,180,180,180,180,180,180
36.06492495536804,-0.023627132039083978,2.7318255297896057,0.2617993877991417,0.0,-1.584678854724085,180,180,180,180,180,180,180
36.07521677017212,-0.023627132039083978,2.7318255297896057,0.2617993877991417,0.0,-1.584678854724085,180,180,180,180,180,180,180
36.08542799949646,-0.023627132039083978,2.7318255297896057,0.2617993877991417,0.0,-1.584678854724085,180,180,180,180,180,180,180
36.09574222564697,-0.023627132039083978,2.7318255297896057,0.2617993877991417,0.0,-1.584678854724085,180,180,180,180,180,180,180
36.114972829818726,-0.02350252852565106,2.7229171833413055,0.2617993877991417,0.0,-1.5847220048360662,180,180,180,180,180,180,180
36.125205755233765,-0.02350252852565106,2.7229171833413055,0.2617993877991417,0.0,-1.5847220048360662,180,180,180,180,180,180,180
36.13540863990784,-0.02338131137552962,2.7142599086925387,0.2617993877991417,0.0,-1.5847653667379291,180,180,180,180,180,180,180
36.14578294754028,-0.02338131137552962,2.7142599086925387,0.2617993877991417,0.0,-1.5847653667379291,180,180,180,180,180,180,180
36.15607190132141,-0.02338131137552962,2.7142599086925387,0.2617993877991417,0.0,-1.5847653667379291,180,180,180,180,180,180,180
36.166242599487305,-0.02326000325491008,2.7055931175103387,0.2617993877991417,0.0,-1.5848016856272842,180,180,180,180,180,180,180
36.17645859718323,-0.02326000325491008,2.7055931175103387,0.2617993877991417,0.0,-1.5848016856272842,180,180,180,180,180,180,180
36.186689376831055,-0.02326000325491008,2.7055931175103387,0.2617993877991417,0.0,-1.5848016856272842,180,180,180,180,180,180,180
36.196892499923706,-0.023135662875303508,2.696658184578414,0.2617993877991417,0.0,-1.5847965339917691,180,180,180,180,180,180,180
36.207098960876465,-0.023135662875303508,2.696658184578414,0.2617993877991417,0.0,-1.5847965339917691,180,180,180,180,180,180,180
36.21909999847412,-0.023135662875303508,2.696658184578414,0.2617993877991417,0.0,-1.5847965339917691,180,180,180,180,180,180,180
36.22931742668152,-0.023135662875303508,2.696658184578414,0.2617993877991417,0.0,-1.5847965339917691,180,180,180,180,180,180,180
36.23961114883423,-0.02301715047154686,2.6879893313707366,0.2617993877991417,0.0,-1.5847548489993772,180,180,180,180,180,180,180
36.2498722076416,-0.02301715047154686,2.6879893313707366,0.2617993877991417,0.0,-1.5847548489993772,180,180,180,180,180,180,180
36.26878118515015,-0.02301715047154686,2.6879893313707366,0.2617993877991417,0.0,-1.5847548489993772,180,180,180,180,180,180,180
36.27910041809082,-0.022898600280032183,2.6793309291732927,0.2617993877991417,0.0,-1.5847588075657348,180,180,180,180,180,180,180
36.289318799972534,-0.022898600280032183,2.6793309291732927,0.2617993877991417,0.0,-1.5847588075657348,180,180,180,180,180,180,180
36.29959583282471,-0.022769989083679193,2.6704696153736447,0.2617993877991417,0.0,-1.5847734585088917,180,180,180,180,180,180,180
36.31805467605591,-0.022769989083679193,2.6704696153736447,0.2617993877991417,0.0,-1.5847734585088917,180,180,180,180,180,180,180
36.32827591896057,-0.022769989083679193,2.6704696153736447,0.2617993877991417,0.0,-1.5847734585088917,180,180,180,180,180,180,180
36.33845782279968,-0.02264787790322605,2.6618742010977003,0.2617993877991417,0.0,-1.5848469738104565,180,180,180,180,180,180,180
36.3486852645874,-0.02264787790322605,2.6618742010977003,0.2617993877991417,0.0,-1.5848469738104565,180,180,180,180,180,180,180
36.36728239059448,-0.02252602719357495,2.6532677565304064,0.2617993877991417,0.0,-1.5849134239915315,180,180,180,180,180,180,180
36.37749767303467,-0.02252602719357495,2.6532677565304064,0.2617993877991417,0.0,-1.5849134239915315,180,180,180,180,180,180,180
36.38766145706177,-0.02252602719357495,2.6532677565304064,0.2617993877991417,0.0,-1.5849134239915315,180,180,180,180,180,180,180
36.397883892059326,-0.022399506555367946,2.644391141800406,0.2617993877991417,0.0,-1.584981210450383,180,180,180,180,180,180,180
36.41603684425354,-0.022399506555367946,2.644391141800406,0.2617993877991417,0.0,-1.584981210450383,180,180,180,180,180,180,180
36.426273822784424,-0.022399506555367946,2.644391141800406,0.2617993877991417,0.0,-1.584981210450383,180,180,180,180,180,180,180
36.43649220466614,-0.022275871195026064,2.635764300698829,0.2617993877991417,0.0,-1.5850307199411546,180,180,180,180,180,180,180
36.44669270515442,-0.022275871195026064,2.635764300698829,0.2617993877991417,0.0,-1.5850307199411546,180,180,180,180,180,180,180
36.456934213638306,-0.022275871195026064,2.635764300698829,0.2617993877991417,0.0,-1.5850307199411546,180,180,180,180,180,180,180
36.46715068817139,-0.0221518973133869,2.6271270636526696,0.2617993877991417,0.0,-1.5850741500294263,180,180,180,180,180,180,180
36.47733998298645,-0.0221518973133869,2.6271270636526696,0.2617993877991417,0.0,-1.5850741500294263,180,180,180,180,180,180,180
36.48751997947693,-0.0221518973133869,2.6271270636526696,0.2617993877991417,0.0,-1.5850741500294263,180,180,180,180,180,180,180
36.49774980545044,-0.022023778365907777,2.6182174135375735,0.2617993877991417,0.0,-1.5851175639188169,180,180,180,180,180,180,180
36.5142707824707,-0.022023778365907777,2.6182174135375735,0.2617993877991417,0.0,-1.5851175639188169,180,180,180,180,180,180,180
36.52444911003113,-0.022023778365907777,2.6182174135375735,0.2617993877991417,0.0,-1.5851175639188169,180,180,180,180,180,180,180
36.53462052345276,-0.02189915280836899,2.609558899892747,0.2617993877991417,0.0,-1.5851609430323754,180,180,180,180,180,180,180
36.545082807540894,-0.02189915280836899,2.609558899892747,0.2617993877991417,0.0,-1.5851609430323754,180,180,180,180,180,180,180
36.56497526168823,-0.02189915280836899,2.609558899892747,0.2617993877991417,0.0,-1.5851609430323754,180,180,180,180,180,180,180
36.57517743110657,-0.02177450188635644,2.60089114832025,0.2617993877991417,0.0,-1.5851948931298518,180,180,180,180,180,180,180
36.5853545665741,-0.02177450188635644,2.60089114832025,0.2617993877991417,0.0,-1.5851948931298518,180,180,180,180,180,180,180
36.595595598220825,-0.02177450188635644,2.60089114832025,0.2617993877991417,0.0,-1.5851948931298518,180,180,180,180,180,180,180
36.60580539703369,-0.02164688983550302,2.591956232449808,0.2617993877991417,0.0,-1.5851821890141775,180,180,180,180,180,180,180
36.61748766899109,-0.02164688983550302,2.591956232449808,0.2617993877991417,0.0,-1.5851821890141775,180,180,180,180,180,180,180
36.6277334690094,-0.02164688983550302,2.591956232449808,0.2617993877991417,0.0,-1.5851821890141775,180,180,180,180,180,180,180
36.63796329498291,-0.021524777158967306,2.5832881045660496,0.2617993877991417,0.0,-1.5851439784218742,180,180,180,180,180,180,180
36.64815807342529,-0.021524777158967306,2.5832881045660496,0.2617993877991417,0.0,-1.5851439784218742,180,180,180,180,180,180,180
36.66784977912903,-0.021524777158967306,2.5832881045660496,0.2617993877991417,0.0,-1.5851439784218742,180,180,180,180,180,180,180
36.678194761276245,-0.021402732434637715,2.5746340504897938,0.2617993877991417,0.0,-1.585137567917617,180,180,180,180,180,180,180
36.68841528892517,-0.021402732434637715,2.5746340504897938,0.2617993877991417,0.0,-1.585137567917617,180,180,180,180,180,180,180
36.69860315322876,-0.02127081622958085,2.565779884050202,0.2617993877991417,0.0,-1.5851909067064471,180,180,180,180,180,180,180
36.70880937576294,-0.02127081622958085,2.565779884050202,0.2617993877991417,0.0,-1.5851909067064471,180,180,180,180,180,180,180
36.71899914741516,-0.02127081622958085,2.565779884050202,0.2617993877991417,0.0,-1.5851909067064471,180,180,180,180,180,180,180
36.729201555252075,-0.02127081622958085,2.565779884050202,0.2617993877991417,0.0,-1.5851909067064471,180,180,180,180,180,180,180
36.73941731452942,-0.021144999447203845,2.557180105382844,0.2617993877991417,0.0,-1.5852413401308185,180,180,180,180,180,180,180
36.74961566925049,-0.021144999447203845,2.557180105382844,0.2617993877991417,0.0,-1.5852413401308185,180,180,180,180,180,180,180
36.75989127159119,-0.021144999447203845,2.557180105382844,0.2617993877991417,0.0,-1.5852413401308185,180,180,180,180,180,180,180
36.77013611793518,-0.021019947857698038,2.5485733136768633,0.2617993877991417,0.0,-1.5853101418555111,180,180,180,180,180,180,180
36.78035497665405,-0.021019947857698038,2.5485733136768633,0.2617993877991417,0.0,-1.5853101418555111,180,180,180,180,180,180,180
36.79057765007019,-0.021019947857698038,2.5485733136768633,0.2617993877991417,0.0,-1.5853101418555111,180,180,180,180,180,180,180
36.800809383392334,-0.020889877718278497,2.5396955201802878,0.2617993877991417,0.0,-1.5853769687847092,180,180,180,180,180,180,180
36.81487798690796,-0.020889877718278497,2.5396955201802878,0.2617993877991417,0.0,-1.5853769687847092,180,180,180,180,180,180,180
36.82508087158203,-0.020889877718278497,2.5396955201802878,0.2617993877991417,0.0,-1.5853769687847092,180,180,180,180,180,180,180
36.83528780937195,-0.0207628261228462,2.5310673741741123,0.2617993877991417,0.0,-1.5854247361386105,180,180,180,180,180,180,180
36.84549379348755,-0.0207628261228462,2.5310673741741123,0.2617993877991417,0.0,-1.5854247361386105,180,180,180,180,180,180,180
36.85570979118347,-0.0207628261228462,2.5310673741741123,0.2617993877991417,0.0,-1.5854247361386105,180,180,180,180,180,180,180
36.866270303726196,-0.020635445826438052,2.522429022938349,0.2617993877991417,0.0,-1.585468062270569,180,180,180,180,180,180,180
36.8764591217041,-0.020635445826438052,2.522429022938349,0.2617993877991417,0.0,-1.585468062270569,180,180,180,180,180,180,180
36.8866491317749,-0.020635445826438052,2.522429022938349,0.2617993877991417,0.0,-1.585468062270569,180,180,180,180,180,180,180
36.896843671798706,-0.020503823770069096,2.5135181237777626,0.2617993877991417,0.0,-1.5855117672594448,180,180,180,180,180,180,180
36.9156060218811,-0.020503823770069096,2.5135181237777626,0.2617993877991417,0.0,-1.5855117672594448,180,180,180,180,180,180,180
36.92583203315735,-0.020503823770069096,2.5135181237777626,0.2617993877991417,0.0,-1.5855117672594448,180,180,180,180,180,180,180
36.93604922294617,-0.020375803720247936,2.5048584563836864,0.2617993877991417,0.0,-1.5855549899309214,180,180,180,180,180,180,180
36.94652247428894,-0.020375803720247936,2.5048584563836864,0.2617993877991417,0.0,-1.5855549899309214,180,180,180,180,180,180,180
36.96635174751282,-0.020247821661265583,2.496189848603082,0.2617993877991417,0.0,-1.585585963012707,180,180,180,180,180,180,180
36.976627826690674,-0.020247821661265583,2.496189848603082,0.2617993877991417,0.0,-1.585585963012707,180,180,180,180,180,180,180
36.98683214187622,-0.020247821661265583,2.496189848603082,0.2617993877991417,0.0,-1.585585963012707,180,180,180,180,180,180,180
36.997089862823486,-0.020116983650973055,2.48725512834244,0.2617993877991417,0.0,-1.5855657716888576,180,180,180,180,180,180,180
37.00728702545166,-0.020116983650973055,2.48725512834244,0.2617993877991417,0.0,-1.5855657716888576,180,180,180,180,180,180,180
37.01838207244873,-0.020116983650973055,2.48725512834244,0.2617993877991417,0.0,-1.5855657716888576,180,180,180,180,180,180,180
37.02858352661133,-0.020116983650973055,2.48725512834244,0.2617993877991417,0.0,-1.5855657716888576,180,180,180,180,180,180,180
37.038798570632935,-0.01999106479793628,2.4785877131627307,0.2617993877991417,0.0,-1.5855332294219076,180,180,180,180,180,180,180
37.0496244430542,-0.01999106479793628,2.4785877131627307,0.2617993877991417,0.0,-1.5855332294219076,180,180,180,180,180,180,180
37.06715798377991,-0.019865626477930835,2.469939244000319,0.2617993877991417,0.0,-1.5855102075830356,180,180,180,180,180,180,180
37.07738494873047,-0.019865626477930835,2.469939244000319,0.2617993877991417,0.0,-1.5855102075830356,180,180,180,180,180,180,180
37.08757042884827,-0.019865626477930835,2.469939244000319,0.2617993877991417,0.0,-1.5855102075830356,180,180,180,180,180,180,180
37.097816944122314,-0.01973066796577388,2.4610908051681726,0.2617993877991417,0.0,-1.5856032985201685,180,180,180,180,180,180,180
37.10804986953735,-0.01973066796577388,2.4610908051681726,0.2617993877991417,0.0,-1.5856032985201685,180,180,180,180,180,180,180
37.11822962760925,-0.01973066796577388,2.4610908051681726,0.2617993877991417,0.0,-1.5856032985201685,180,180,180,180,180,180,180
37.12842130661011,-0.01973066796577388,2.4610908051681726,0.2617993877991417,0.0,-1.5856032985201685,180,180,180,180,180,180,180
37.13865065574646,-0.019601256528469595,2.452486918915361,0.2617993877991417,0.0,-1.5856350794506016,180,180,180,180,180,180,180
37.14886999130249,-0.019601256528469595,2.452486918915361,0.2617993877991417,0.0,-1.5856350794506016,180,180,180,180,180,180,180
37.17002296447754,-0.019472779396711715,2.4438790940021238,0.2617993877991417,0.0,-1.5857032998751337,180,180,180,180,180,180,180
37.18023705482483,-0.019472779396711715,2.4438790940021238,0.2617993877991417,0.0,-1.5857032998751337,180,180,180,180,180,180,180
37.19044327735901,-0.019472779396711715,2.4438790940021238,0.2617993877991417,0.0,-1.5857032998751337,180,180,180,180,180,180,180
37.20066738128662,-0.01933918135229864,2.435000051875813,0.2617993877991417,0.0,-1.5857689413484621,180,180,180,180,180,180,180
37.21638631820679,-0.01933918135229864,2.435000051875813,0.2617993877991417,0.0,-1.5857689413484621,180,180,180,180,180,180,180
37.226601362228394,-0.01933918135229864,2.435000051875813,0.2617993877991417,0.0,-1.5857689413484621,180,180,180,180,180,180,180
37.23681306838989,-0.01920874668801076,2.4263705663990054,0.2617993877991417,0.0,-1.5858152485508157,180,180,180,180,180,180,180
37.247010707855225,-0.01920874668801076,2.4263705663990054,0.2617993877991417,0.0,-1.5858152485508157,180,180,180,180,180,180,180
37.266690254211426,-0.01920874668801076,2.4263705663990054,0.2617993877991417,0.0,-1.5858152485508157,180,180,180,180,180,180,180
37.276936531066895,-0.019077990172321018,2.4177310324169814,0.2617993877991417,0.0,-1.5858584583729431,180,180,180,180,180,180,180
37.28713130950928,-0.019077990172321018,2.4177310324169814,0.2617993877991417,0.0,-1.5858584583729431,180,180,180,180,180,180,180
37.297985792160034,-0.018942896181299365,2.408818808720255,0.2617993877991417,0.0,-1.58590255445768,180,180,180,180,180,180,180
37.31376028060913,-0.018942896181299365,2.408818808720255,0.2617993877991417,0.0,-1.58590255445768,180,180,180,180,180,180,180
37.32398009300232,-0.018942896181299365,2.408818808720255,0.2617993877991417,0.0,-1.58590255445768,180,180,180,180,180,180,180
37.33418369293213,-0.01881151304554676,2.4001579606036962,0.2617993877991417,0.0,-1.5859454652675962,180,180,180,180,180,180,180
37.34439158439636,-0.01881151304554676,2.4001579606036962,0.2617993877991417,0.0,-1.5859454652675962,180,180,180,180,180,180,180
37.354639530181885,-0.01881151304554676,2.4001579606036962,0.2617993877991417,0.0,-1.5859454652675962,180,180,180,180,180,180,180
37.366779804229736,-0.0186802309824769,2.3914885411795757,0.2617993877991417,0.0,-1.585972587353718,180,180,180,180,180,180,180
37.377055406570435,-0.0186802309824769,2.3914885411795757,0.2617993877991417,0.0,-1.585972587353718,180,180,180,180,180,180,180
37.3872811794281,-0.0186802309824769,2.3914885411795757,0.2617993877991417,0.0,-1.585972587353718,180,180,180,180,180,180,180
37.3974883556366,-0.018546221729671613,2.3825541258231686,0.2617993877991417,0.0,-1.5859452503647138,180,180,180,180,180,180,180
37.40772843360901,-0.018546221729671613,2.3825541258231686,0.2617993877991417,0.0,-1.5859452503647138,180,180,180,180,180,180,180
37.41937851905823,-0.018546221729671613,2.3825541258231686,0.2617993877991417,0.0,-1.5859452503647138,180,180,180,180,180,180,180
37.42962431907654,-0.01841665633008546,2.373887398500133,0.2617993877991417,0.0,-1.5859199296961242,180,180,180,180,180,180,180
37.43981909751892,-0.01841665633008546,2.373887398500133,0.2617993877991417,0.0,-1.5859199296961242,180,180,180,180,180,180,180
37.44997811317444,-0.01841665633008546,2.373887398500133,0.2617993877991417,0.0,-1.5859199296961242,120,180,180,180,180,180,180
37.47118425369263,-0.01841665633008546,2.373887398500133,0.2617993877991417,0.0,-1.5859199296961242,120,180,180,180,180,180,180
37.481558322906494,-0.018287393625396754,2.3652456213797914,0.2617993877991417,0.0,-1.5858781345467052,120,180,180,180,180,180,180
37.49175524711609,-0.018287393625396754,2.3652456213797914,0.2617993877991417,0.0,-1.5858781345467052,120,180,180,180,180,180,180
37.501954078674316,-0.01814977114244595,2.356400882800583,0.2617993877991417,0.0,-1.5860053768090878,130,180,180,130,180,180,180
37.51218318939209,-0.01814977114244595,2.356400882800583,0.2617993877991417,0.0,-1.5860053768090878,130,180,180,130,180,180,180
37.52389121055603,-0.01814977114244595,2.356400882800583,0.2617993877991417,0.0,-1.5860053768090878,130,180,180,130,180,180,180
37.53408885002136,-0.018016852013161753,2.3477950103468377,0.2617993877991417,0.0,-1.5860331665263012,130,180,180,130,180,180,180
37.54432559013367,-0.018016852013161753,2.3477950103468377,0.2617993877991417,0.0,-1.5860331665263012,130,180,180,130,180,180,180
37.55451440811157,-0.018016852013161753,2.3477950103468377,0.2617993877991417,0.0,-1.5860331665263012,180,180,180,180,180,180,180
37.57588267326355,-0.017884794906002793,2.339185989258461,0.2617993877991417,0.0,-1.58610051421885,180,180,180,180,180,180,180
37.58615016937256,-0.017884794906002793,2.339185989258461,0.2617993877991417,0.0,-1.58610051421885,180,180,180,180,180,180,180
37.59635829925537,-0.01774761252961885,2.3303057000681586,0.2617993877991417,0.0,-1.5861643819103899,180,180,180,180,180,180,180
37.60668134689331,-0.01774761252961885,2.3303057000681586,0.2617993877991417,0.0,-1.5861643819103899,180,180,180,180,180,180,180
37.617605686187744,-0.01774761252961885,2.3303057000681586,0.2617993877991417,0.0,-1.5861643819103899,180,180,180,180,180,180,180
37.62779188156128,-0.01774761252961885,2.3303057000681586,0.2617993877991417,0.0,-1.5861643819103899,180,180,180,180,180,180,180
37.63798522949219,-0.017613789050654863,2.3216750037444895,0.2617993877991417,0.0,-1.5862097654728244,180,180,180,180,180,180,180
37.648226261138916,-0.017613789050654863,2.3216750037444895,0.2617993877991417,0.0,-1.5862097654728244,180,180,180,180,180,180,180
37.658438205718994,-0.017613789050654863,2.3216750037444895,0.2617993877991417,0.0,-1.5862097654728244,180,180,180,180,180,180,180
37.670589208602905,-0.017479620817972656,2.313034343964659,0.2617993877991417,0.0,-1.5862527907521695,180,180,180,180,180,180,180
37.6808443069458,-0.017479620817972656,2.313034343964659,0.2617993877991417,0.0,-1.5862527907521695,180,180,180,180,180,180,180
37.69103002548218,-0.017479620817972656,2.313034343964659,0.2617993877991417,0.0,-1.5862527907521695,180,180,180,180,180,180,180
37.701210737228394,-0.017341020904770875,2.3041208473949415,0.2617993877991417,0.0,-1.5862973182169082,180,180,180,180,180,180,180
37.711578369140625,-0.017341020904770875,2.3041208473949415,0.2617993877991417,0.0,-1.5862973182169082,180,180,180,180,180,180,180
37.72552299499512,-0.017341020904770875,2.3041208473949415,0.2617993877991417,0.0,-1.5862973182169082,180,180,180,180,180,180,180
37.73573422431946,-0.017206241916537777,2.2954588994451637,0.2617993877991417,0.0,-1.5863397709763107,180,180,180,180,180,180,180
37.74594736099243,-0.017206241916537777,2.2954588994451637,0.2617993877991417,0.0,-1.5863397709763107,180,180,180,180,180,180,180
37.75646424293518,-0.017206241916537777,2.2954588994451637,0.2617993877991417,0.0,-1.5863397709763107,180,180,180,180,180,180,180
37.773526668548584,-0.017206241916537777,2.2954588994451637,0.2617993877991417,0.0,-1.5863397709763107,180,180,180,180,180,180,180
37.783952951431274,-0.01707162553109331,2.2867888178802627,0.2617993877991417,0.0,-1.5863623868553447,180,180,180,180,180,180,180
37.79416012763977,-0.01707162553109331,2.2867888178802627,0.2617993877991417,0.0,-1.5863623868553447,180,180,180,180,180,180,180
37.80460715293884,-0.016934437663398784,2.2778548531765397,0.2617993877991417,0.0,-1.5863287732034959,180,180,180,180,180,180,180
37.815226793289185,-0.016934437663398784,2.2778548531765397,0.2617993877991417,0.0,-1.5863287732034959,180,180,180,180,180,180,180
37.83168911933899,-0.01680166717567163,2.2691888681228924,0.2617993877991417,0.0,-1.5863115386369686,180,180,180,180,180,180,180
37.8419029712677,-0.01680166717567163,2.2691888681228924,0.2617993877991417,0.0,-1.5863115386369686,180,180,180,180,180,180,180
37.8521203994751,-0.01680166717567163,2.2691888681228924,0.2617993877991417,0.0,-1.5863115386369686,180,180,180,180,180,180,180
37.86234188079834,-0.01680166717567163,2.2691888681228924,0.2617993877991417,0.0,-1.5863115386369686,180,180,180,180,180,180,180
37.87964224815369,-0.016667660896428887,2.260554536442538,0.2617993877991417,0.0,-1.5862543797709963,180,180,180,180,180,180,180
37.88984227180481,-0.016667660896428887,2.260554536442538,0.2617993877991417,0.0,-1.5862543797709963,180,180,180,180,180,180,180
37.90001034736633,-0.01652756668207302,2.2517114801835243,0.2617993877991417,0.0,-1.586405363084212,180,180,180,180,180,180,180
37.9102725982666,-0.01652756668207302,2.2517114801835243,0.2617993877991417,0.0,-1.586405363084212,180,180,180,180,180,180,180
37.923213720321655,-0.01652756668207302,2.2517114801835243,0.2617993877991417,0.0,-1.586405363084212,180,180,180,180,180,180,180
37.933390617370605,-0.016391224046918975,2.2431042630769245,0.2617993877991417,0.0,-1.5864331552531192,180,180,180,180,180,180,180
37.94407343864441,-0.016391224046918975,2.2431042630769245,0.2617993877991417,0.0,-1.5864331552531192,180,180,180,180,180,180,180
37.9543035030365,-0.016391224046918975,2.2431042630769245,0.2617993877991417,0.0,-1.5864331552531192,180,180,180,180,180,180,180
37.97237014770508,-0.016255576872042203,2.2344940627265726,0.2617993877991417,0.0,-1.58650051904064,180,180,180,180,180,180,180
37.98265194892883,-0.016255576872042203,2.2344940627265726,0.2617993877991417,0.0,-1.58650051904064,180,180,180,180,180,180,180
37.99288725852966,-0.016255576872042203,2.2344940627265726,0.2617993877991417,0.0,-1.58650051904064,180,180,180,180,180,180,180
38.00309705734253,-0.0161147692198184,2.2256124085444164,0.2617993877991417,0.0,-1.5865622614732109,180,180,180,180,180,180,180
38.01915740966797,-0.0161147692198184,2.2256124085444164,0.2617993877991417,0.0,-1.5865622614732109,180,180,180,180,180,180,180
38.029380559921265,-0.015977551022804598,2.2169804920727456,0.2617993877991417,0.0,-1.5866071003500866,180,180,180,180,180,180,180
38.039573669433594,-0.015977551022804598,2.2169804920727456,0.2617993877991417,0.0,-1.5866071003500866,180,180,180,180,180,180,180
38.04980134963989,-0.015977551022804598,2.2169804920727456,0.2617993877991417,0.0,-1.5866071003500866,180,180,180,180,180,180,180
38.06530237197876,-0.015839944239064513,2.2083386417908866,0.2617993877991417,0.0,-1.5866499716572748,180,180,180,180,180,180,180
38.075525522232056,-0.015839944239064513,2.2083386417908866,0.2617993877991417,0.0,-1.5866499716572748,180,180,180,180,180,180,180
38.085737228393555,-0.015839944239064513,2.2083386417908866,0.2617993877991417,0.0,-1.5866499716572748,180,180,180,180,180,180,180
38.096081018447876,-0.015839944239064513,2.2083386417908866,0.2617993877991417,0.0,-1.5866499716572748,180,180,180,180,180,180,180
38.10639524459839,-0.015697813746802538,2.199423802312455,0.2617993877991417,0.0,-1.5866950037797396,180,180,180,180,180,180,180
38.12368965148926,-0.015697813746802538,2.199423802312455,0.2617993877991417,0.0,-1.5866950037797396,180,180,180,180,180,180,180
38.13390588760376,-0.015559614688591154,2.1907607395945425,0.2617993877991417,0.0,-1.5867367860671835,180,180,180,180,180,180,180
38.14409136772156,-0.015559614688591154,2.1907607395945425,0.2617993877991417,0.0,-1.5867367860671835,180,180,180,180,180,180,180
38.154301166534424,-0.015559614688591154,2.1907607395945425,0.2617993877991417,0.0,-1.5867367860671835,180,180,180,180,180,180,180
38.16890907287598,-0.01542164790531649,2.1820900755180914,0.2617993877991417,0.0,-1.5867540561356022,180,180,180,180,180,180,180
38.17911887168884,-0.01542164790531649,2.1820900755180914,0.2617993877991417,0.0,-1.5867540561356022,180,180,180,180,180,180,180
38.18934488296509,-0.01542164790531649,2.1820900755180914,0.2617993877991417,0.0,-1.5867540561356022,180,180,180,180,180,180,180
38.19966793060303,-0.015281294566342956,2.173156644660301,0.2617993877991417,0.0,-1.5867152110367808,180,180,180,180,180,180,180
38.217037200927734,-0.015281294566342956,2.173156644660301,0.2617993877991417,0.0,-1.5867152110367808,180,180,180,180,180,180,180
38.22722673416138,-0.015281294566342956,2.173156644660301,0.2617993877991417,0.0,-1.5867152110367808,180,180,180,180,180,180,180
38.23743796348572,-0.015145543063799095,2.164491609259593,0.2617993877991417,0.0,-1.5867061183164266,180,180,180,180,180,180,180
38.247697591781616,-0.015145543063799095,2.164491609259593,0.2617993877991417,0.0,-1.5867061183164266,180,180,180,180,180,180,180
38.26605582237244,-0.015006486939424236,2.1558650284101413,0.2617993877991417,0.0,-1.5866429969181084,180,180,180,180,180,180,180
38.27628493309021,-0.015006486939424236,2.1558650284101413,0.2617993877991417,0.0,-1.5866429969181084,180,180,180,180,180,180,180
38.28650689125061,-0.015006486939424236,2.1558650284101413,0.2617993877991417,0.0,-1.5866429969181084,180,180,180,180,180,180,180
38.29670810699463,-0.014863789866843663,2.147021778360277,0.2617993877991417,0.0,-1.5868004189977039,180,180,180,180,180,180,180
38.307334423065186,-0.014863789866843663,2.147021778360277,0.2617993877991417,0.0,-1.5868004189977039,180,180,180,180,180,180,180
38.31787037849426,-0.014863789866843663,2.147021778360277,0.2617993877991417,0.0,-1.5868004189977039,180,180,180,180,180,180,180
38.32803511619568,-0.014863789866843663,2.147021778360277,0.2617993877991417,0.0,-1.5868004189977039,180,180,180,180,180,180,180
38.33824324607849,-0.014724083880739444,2.13841371808195,0.2617993877991417,0.0,-1.5868314230714666,180,180,180,180,180,180,180
38.348482608795166,-0.014724083880739444,2.13841371808195,0.2617993877991417,0.0,-1.5868314230714666,180,180,180,180,180,180,180
38.365490436553955,-0.014584908893749346,2.129802440905962,0.2617993877991417,0.0,-1.5868989904476043,180,180,180,180,180,180,180
38.375672578811646,-0.014584908893749346,2.129802440905962,0.2617993877991417,0.0,-1.5868989904476043,180,180,180,180,180,180,180
38.38590669631958,-0.014584908893749346,2.129802440905962,0.2617993877991417,0.0,-1.5868989904476043,180,180,180,180,180,180,180
38.39612340927124,-0.014584908893749346,2.129802440905962,0.2617993877991417,0.0,-1.5868989904476043,180,180,180,180,180,180,180
38.41631722450256,-0.014440511460275583,2.1209194551509034,0.2617993877991417,0.0,-1.586958589347887,180,180,180,180,180,180,180
38.426518201828,-0.014440511460275583,2.1209194551509034,0.2617993877991417,0.0,-1.586958589347887,180,180,180,180,180,180,180
38.4368200302124,-0.014299898609295186,2.1122864109810333,0.2617993877991417,0.0,-1.5870031036430583,180,180,180,180,180,180,180
38.44699954986572,-0.014299898609295186,2.1122864109810333,0.2617993877991417,0.0,-1.5870031036430583,180,180,180,180,180,180,180
38.4571578502655,-0.014299898609295186,2.1122864109810333,0.2617993877991417,0.0,-1.5870031036430583,180,180,180,180,180,180,180
38.467647552490234,-0.014299898609295186,2.1122864109810333,0.2617993877991417,0.0,-1.5870031036430583,180,180,180,180,180,180,180
38.47794461250305,-0.01415886630128435,2.1036434187064783,0.2617993877991417,0.0,-1.5870458866247092,180,180,180,180,180,180,180
38.488126039505005,-0.01415886630128435,2.1036434187064783,0.2617993877991417,0.0,-1.5870458866247092,180,180,180,180,180,180,180
38.49830961227417,-0.014013216306445912,2.0947273158730155,0.2617993877991417,0.0,-1.5870912723520876,180,180,180,180,180,180,180
38.50857448577881,-0.014013216306445912,2.0947273158730155,0.2617993877991417,0.0,-1.5870912723520876,180,180,180,180,180,180,180
38.51970076560974,-0.014013216306445912,2.0947273158730155,0.2617993877991417,0.0,-1.5870912723520876,180,180,180,180,180,180,180
38.529945850372314,-0.013871613820050326,2.0860632293870816,0.2617993877991417,0.0,-1.5871320536990092,180,180,180,180,180,180,180
38.54013252258301,-0.013871613820050326,2.0860632293870816,0.2617993877991417,0.0,-1.5871320536990092,180,180,180,180,180,180,180
38.55032992362976,-0.013871613820050326,2.0860632293870816,0.2617993877991417,0.0,-1.5871320536990092,180,180,180,180,180,180,180
38.56057596206665,-0.013871613820050326,2.0860632293870816,0.2617993877991417,0.0,-1.5871320536990092,180,180,180,180,180,180,180
38.57081460952759,-0.013730320610946272,2.077392153598975,0.2617993877991417,0.0,-1.5871434078494866,180,180,180,180,180,180,180
38.581029415130615,-0.013730320610946272,2.077392153598975,0.2617993877991417,0.0,-1.5871434078494866,180,180,180,180,180,180,180
38.59125995635986,-0.013730320610946272,2.077392153598975,0.2617993877991417,0.0,-1.5871434078494866,180,180,180,180,180,180,180
38.60149097442627,-0.013586838695040905,2.0684593625679164,0.2617993877991417,0.0,-1.5871007577959113,180,180,180,180,180,180,180
38.61824178695679,-0.013586838695040905,2.0684593625679164,0.2617993877991417,0.0,-1.5871007577959113,180,180,180,180,180,180,180
38.628456830978394,-0.013586838695040905,2.0684593625679164,0.2617993877991417,0.0,-1.5871007577959113,180,180,180,180,180,180,180
38.63865351676941,-0.013448007446521103,2.0597956947491176,0.2617993877991417,0.0,-1.5870985885678839,180,180,180,180,180,180,180
38.64889168739319,-0.013448007446521103,2.0597956947491176,0.2617993877991417,0.0,-1.5870985885678839,180,180,180,180,180,180,180
38.66775393486023,-0.013448007446521103,2.0597956947491176,0.2617993877991417,0.0,-1.5870985885678839,180,180,180,180,180,180,180
38.67816519737244,-0.01330427813254998,2.0511768870220215,0.2617993877991417,0.0,-1.5870419091605525,180,180,180,180,180,180,180
38.68843722343445,-0.01330427813254998,2.0511768870220215,0.2617993877991417,0.0,-1.5870419091605525,180,180,180,180,180,180,180
38.69873762130737,-0.01315853064466758,2.042331677071642,0.2617993877991417,0.0,-1.5871874550605347,180,180,180,180,180,180,180
38.71436882019043,-0.01315853064466758,2.042331677071642,0.2617993877991417,0.0,-1.5871874550605347,180,180,180,180,180,180,180
38.72455143928528,-0.01315853064466758,2.042331677071642,0.2617993877991417,0.0,-1.5871874550605347,180,180,180,180,180,180,180
38.73470973968506,-0.013015594702944892,2.033723808810442,0.2617993877991417,0.0,-1.5872284772055036,180,180,180,180,180,180,180
38.744922399520874,-0.013015594702944892,2.033723808810442,0.2617993877991417,0.0,-1.5872284772055036,180,180,180,180,180,180,180
38.755165100097656,-0.013015594702944892,2.033723808810442,0.2617993877991417,0.0,-1.5872284772055036,180,180,180,180,180,180,180
38.76917791366577,-0.013015594702944892,2.033723808810442,0.2617993877991417,0.0,-1.5872284772055036,180,180,180,180,180,180,180
38.77951264381409,-0.012872936318994846,2.0251114220560904,0.2617993877991417,0.0,-1.5872961711245899,180,180,180,180,180,180,180
38.78977823257446,-0.012872936318994846,2.0251114220560904,0.2617993877991417,0.0,-1.5872961711245899,180,180,180,180,180,180,180
38.800041913986206,-0.012724983882189386,2.016227023253884,0.2617993877991417,0.0,-1.5873535854729983,180,180,180,180,180,180,180
38.815266609191895,-0.012724983882189386,2.016227023253884,0.2617993877991417,0.0,-1.5873535854729983,180,180,180,180,180,180,180
38.8254668712616,-0.012724983882189386,2.016227023253884,0.2617993877991417,0.0,-1.5873535854729983,180,180,180,180,180,180,180
38.835668325424194,-0.012580966053985893,2.0075928102152263,0.2617993877991417,0.0,-1.5873979940843328,180,180,180,180,180,180,180
38.845967054367065,-0.012580966053985893,2.0075928102152263,0.2617993877991417,0.0,-1.5873979940843328,180,180,180,180,180,180,180
38.85620927810669,-0.012580966053985893,2.0075928102152263,0.2617993877991417,0.0,-1.5873979940843328,180,180,180,180,180,180,180
38.86852717399597,-0.012580966053985893,2.0075928102152263,0.2617993877991417,0.0,-1.5873979940843328,180,180,180,180,180,180,180
38.87876009941101,-0.012436518711244736,1.9989485979335702,0.2617993877991417,0.0,-1.5874408290496753,180,180,180,180,180,180,180
38.88902235031128,-0.012436518711244736,1.9989485979335702,0.2617993877991417,0.0,-1.5874408290496753,180,180,180,180,180,180,180
38.89921689033508,-0.012287356614582579,1.9900311816096508,0.2617993877991417,0.0,-1.5874865005346406,180,180,180,180,180,180,180
38.91630721092224,-0.012287356614582579,1.9900311816096508,0.2617993877991417,0.0,-1.5874865005346406,180,180,180,180,180,180,180
38.92650604248047,-0.012287356614582579,1.9900311816096508,0.2617993877991417,0.0,-1.5874865005346406,180,180,180,180,180,180,180
38.937119245529175,-0.012142374866751175,1.9813660642880593,0.2617993877991417,0.0,-1.587525932925885,180,180,180,180,180,180,180
38.94731521606445,-0.012142374866751175,1.9813660642880593,0.2617993877991417,0.0,-1.587525932925885,180,180,180,180,180,180,180
38.95750284194946,-0.012142374866751175,1.9813660642880593,0.2617993877991417,0.0,-1.587525932925885,180,180,180,180,180,180,180
38.96976709365845,-0.011997803480037513,1.9726946729936103,0.2617993877991417,0.0,-1.587530690428804,180,180,180,180,180,180,180
38.979949951171875,-0.011997803480037513,1.9726946729936103,0.2617993877991417,0.0,-1.587530690428804,180,180,180,180,180,180,180
38.99011945724487,-0.011997803480037513,1.9726946729936103,0.2617993877991417,0.0,-1.587530690428804,180,180,180,180,180,180,180
39.000327825546265,-0.01185115625234151,1.9637625691230784,0.2617993877991417,0.0,-1.5874859124671845,180,180,180,180,180,180,180
39.0153329372406,-0.01185115625234151,1.9637625691230784,0.2617993877991417,0.0,-1.5874859124671845,180,180,180,180,180,180,180
39.025535106658936,-0.01185115625234151,1.9637625691230784,0.2617993877991417,0.0,-1.5874859124671845,180,180,180,180,180,180,180
39.035714864730835,-0.011708979844857914,1.955100924174352,0.2617993877991417,0.0,-1.5874875832879252,180,180,180,180,180,180,180
39.04590940475464,-0.011708979844857914,1.955100924174352,0.2617993877991417,0.0,-1.5874875832879252,180,180,180,180,180,180,180
39.0561203956604,-0.011708979844857914,1.955100924174352,0.2617993877991417,0.0,-1.5874875832879252,180,180,180,180,180,180,180
39.06723690032959,-0.011561072281491695,1.9464897773449816,0.2617993877991417,0.0,-1.5874501513651504,180,180,180,180,180,180,180
39.077393770217896,-0.011561072281491695,1.9464897773449816,0.2617993877991417,0.0,-1.5874501513651504,180,180,180,180,180,180,180
39.087613344192505,-0.011561072281491695,1.9464897773449816,0.2617993877991417,0.0,-1.5874501513651504,180,180,180,180,180,180,180
39.097811698913574,-0.011411812576323978,1.9376412545772579,0.2617993877991417,0.0,-1.5875713410830405,180,180,180,180,180,180,180
39.116514444351196,-0.011411812576323978,1.9376412545772579,0.2617993877991417,0.0,-1.5875713410830405,180,180,180,180,180,180,180
39.12689185142517,-0.011411812576323978,1.9376412545772579,0.2617993877991417,0.0,-1.5875713410830405,180,180,180,180,180,180,180
39.13708829879761,-0.01126584362148913,1.9290342098960758,0.2617993877991417,0.0,-1.587625190891936,180,180,180,180,180,180,180
39.147276163101196,-0.01126584362148913,1.9290342098960758,0.2617993877991417,0.0,-1.587625190891936,180,180,180,180,180,180,180
39.157567739486694,-0.01126584362148913,1.9290342098960758,0.2617993877991417,0.0,-1.587625190891936,180,180,180,180,180,180,180
39.175084352493286,-0.01111972928804823,1.9204207632223087,0.2617993877991417,0.0,-1.587692878079076,180,180,180,180,180,180,180
39.18531274795532,-0.01111972928804823,1.9204207632223087,0.2617993877991417,0.0,-1.587692878079076,180,180,180,180,180,180,180
39.195521116256714,-0.01111972928804823,1.9204207632223087,0.2617993877991417,0.0,-1.587692878079076,180,180,180,180,180,180,180
39.20581912994385,-0.01096824383511882,1.9115350212435802,0.2617993877991417,0.0,-1.5877482613625944,180,180,180,180,180,180,180
39.22163105010986,-0.01096824383511882,1.9115350212435802,0.2617993877991417,0.0,-1.5877482613625944,180,180,180,180,180,180,180
39.231858015060425,-0.010820810187414126,1.9028997172939488,0.2617993877991417,0.0,-1.5877926962838527,180,180,180,180,180,180,180
39.242037773132324,-0.010820810187414126,1.9028997172939488,0.2617993877991417,0.0,-1.5877926962838527,180,180,180,180,180,180,180
39.25223755836487,-0.010820810187414126,1.9028997172939488,0.2617993877991417,0.0,-1.5877926962838527,180,180,180,180,180,180,180
39.26798462867737,-0.010672951655798943,1.8942543399230751,0.2617993877991417,0.0,-1.5878356086181282,180,180,180,180,180,180,180
39.27823305130005,-0.010672951655798943,1.8942543399230751,0.2617993877991417,0.0,-1.5878356086181282,180,180,180,180,180,180,180
39.28843903541565,-0.010672951655798943,1.8942543399230751,0.2617993877991417,0.0,-1.5878356086181282,180,180,180,180,180,180,180
39.298665046691895,-0.010520278850576575,1.8853357082098567,0.2617993877991417,0.0,-1.5878813355668895,180,180,180,180,180,180,180
39.31778335571289,-0.010520278850576575,1.8853357082098567,0.2617993877991417,0.0,-1.5878813355668895,180,180,180,180,180,180,180
39.32808303833008,-0.010520278850576575,1.8853357082098567,0.2617993877991417,0.0,-1.5878813355668895,180,180,180,180,180,180,180
39.33830761909485,-0.010371940385489845,1.8766696677106276,0.2617993877991417,0.0,-1.587918974539546,180,180,180,180,180,180,180
39.34848427772522,-0.010371940385489845,1.8766696677106276,0.2617993877991417,0.0,-1.587918974539546,180,180,180,180,180,180,180
39.3683922290802,-0.010371940385489845,1.8766696677106276,0.2617993877991417,0.0,-1.587918974539546,180,180,180,180,180,180,180
39.37876629829407,-0.010224143942185912,1.867998130839547,0.2617993877991417,0.0,-1.5879165651953269,180,180,180,180,180,180,180
39.38898015022278,-0.010224143942185912,1.867998130839547,0.2617993877991417,0.0,-1.5879165651953269,180,180,180,180,180,180,180
39.399192333221436,-0.010074096898662014,1.859066752574597,0.2617993877991417,0.0,-1.5878717299989744,180,180,180,180,180,180,180
39.41693902015686,-0.010074096898662014,1.859066752574597,0.2617993877991417,0.0,-1.5878717299989744,180,180,180,180,180,180,180
39.427135705947876,-0.010074096898662014,1.859066752574597,0.2617993877991417,0.0,-1.5878717299989744,180,180,180,180,180,180,180
39.43731498718262,-0.009928432565403671,1.8504081008265219,0.2617993877991417,0.0,-1.5878714068987443,180,180,180,180,180,180,180
39.447500467300415,-0.009928432565403671,1.8504081008265219,0.2617993877991417,0.0,-1.5878714068987443,180,180,180,180,180,180,180
39.458027839660645,-0.009928432565403671,1.8504081008265219,0.2617993877991417,0.0,-1.5878714068987443,180,180,180,180,180,180,180
39.474881649017334,-0.009776792064150856,1.8418044695233102,0.2617993877991417,0.0,-1.587864035485034,180,180,180,180,180,180,180
39.48507499694824,-0.009776792064150856,1.8418044695233102,0.2617993877991417,0.0,-1.587864035485034,180,180,180,180,180,180,180
39.49524903297424,-0.009776792064150856,1.8418044695233102,0.2617993877991417,0.0,-1.587864035485034,180,180,180,180,180,180,180
39.50544548034668,-0.009623693072037776,1.832951847016862,0.2617993877991417,0.0,-1.5879581257305453,180,180,180,180,180,180,180
39.51847577095032,-0.009623693072037776,1.832951847016862,0.2617993877991417,0.0,-1.5879581257305453,180,180,180,180,180,180,180
39.52867031097412,-0.009623693072037776,1.832951847016862,0.2617993877991417,0.0,-1.5879581257305453,180,180,180,180,180,180,180
39.53884220123291,-0.009474839830135412,1.824345516406535,0.2617993877991417,0.0,-1.5880228854497553,180,180,180,180,180,180,180
39.54937934875488,-0.009474839830135412,1.824345516406535,0.2617993877991417,0.0,-1.5880228854497553,180,180,180,180,180,180,180
39.566354513168335,-0.009325267153101278,1.8157309461826348,0.2617993877991417,0.0,-1.5880903793350511,180,180,180,180,180,180,180
39.57653331756592,-0.009325267153101278,1.8157309461826348,0.2617993877991417,0.0,-1.5880903793350511,180,180,180,180,180,180,180
39.586705923080444,-0.009325267153101278,1.8157309461826348,0.2617993877991417,0.0,-1.5880903793350511,180,180,180,180,180,180,180
39.59691548347473,-0.009170243586560534,1.8068438067736678,0.2617993877991417,0.0,-1.5881439028182431,180,180,180,180,180,180,180
39.607205867767334,-0.009170243586560534,1.8068438067736678,0.2617993877991417,0.0,-1.5881439028182431,180,180,180,180,180,180,180
39.61739182472229,-0.009170243586560534,1.8068438067736678,0.2617993877991417,0.0,-1.5881439028182431,180,180,180,180,180,180,180
39.62757992744446,-0.009170243586560534,1.8068438067736678,0.2617993877991417,0.0,-1.5881439028182431,180,180,180,180,180,180,180
39.637765645980835,-0.00901937974193041,1.7982073540700756,0.2617993877991417,0.0,-1.5881884101525665,180,180,180,180,180,180,180
39.64812421798706,-0.00901937974193041,1.7982073540700756,0.2617993877991417,0.0,-1.5881884101525665,180,180,180,180,180,180,180
39.658393144607544,-0.00901937974193041,1.7982073540700756,0.2617993877991417,0.0,-1.5881884101525665,180,180,180,180,180,180,180
39.670021533966064,-0.008868100880923244,1.7895607400553475,0.2617993877991417,0.0,-1.5882314947927383,180,180,180,180,180,180,180
39.680198431015015,-0.008868100880923244,1.7895607400553475,0.2617993877991417,0.0,-1.5882314947927383,180,180,180,180,180,180,180
39.69037699699402,-0.008868100880923244,1.7895607400553475,0.2617993877991417,0.0,-1.5882314947927383,180,180,180,180,180,180,180
39.70055794715881,-0.008711908338939735,1.7806408604216915,0.2617993877991417,0.0,-1.588277132817073,180,180,180,180,180,180,180
39.71076703071594,-0.008711908338939735,1.7806408604216915,0.2617993877991417,0.0,-1.588277132817073,180,180,180,180,180,180,180
39.722981691360474,-0.008711908338939735,1.7806408604216915,0.2617993877991417,0.0,-1.588277132817073,180,180,180,180,180,180,180
39.73317193984985,-0.008560221964607175,1.7719738856835532,0.2617993877991417,0.0,-1.5883123169572464,180,180,180,180,180,180,180
39.74334716796875,-0.008560221964607175,1.7719738856835532,0.2617993877991417,0.0,-1.5883123169572464,180,180,180,180,180,180,180
39.75352478027344,-0.008560221964607175,1.7719738856835532,0.2617993877991417,0.0,-1.5883123169572464,180,180,180,180,180,180,180
39.76365804672241,-0.008409238234997486,1.7633023228828428,0.2617993877991417,0.0,-1.5883022843688903,180,180,180,180,180,180,180
39.77385902404785,-0.008409238234997486,1.7633023228828428,0.2617993877991417,0.0,-1.5883022843688903,180,180,180,180,180,180,180
39.788607120513916,-0.008409238234997486,1.7633023228828428,0.2617993877991417,0.0,-1.5883022843688903,180,180,180,180,180,180,180
39.798784017562866,-0.008255468816762581,1.7543716684294528,0.2617993877991417,0.0,-1.58825976034286,180,180,180,180,180,180,180
39.80915379524231,-0.008255468816762581,1.7543716684294528,0.2617993877991417,0.0,-1.58825976034286,180,180,180,180,180,180,180
39.81945776939392,-0.008255468816762581,1.7543716684294528,0.2617993877991417,0.0,-1.58825976034286,180,180,180,180,180,180,180
39.82974910736084,-0.008106353821048694,1.7457171836044856,0.2617993877991417,0.0,-1.5882497626749468,180,180,180,180,180,180,180
39.8399498462677,-0.008106353821048694,1.7457171836044856,0.2617993877991417,0.0,-1.5882497626749468,180,180,180,180,180,180,180
39.85021090507507,-0.008106353821048694,1.7457171836044856,0.2617993877991417,0.0,-1.5882497626749468,180,180,180,180,180,180,180
39.86886477470398,-0.008106353821048694,1.7457171836044856,0.2617993877991417,0.0,-1.5882497626749468,180,180,180,180,180,180,180
39.8792519569397,-0.007951416972577676,1.7371207023887303,0.2617993877991417,0.0,-1.5882809618297034,180,180,180,180,180,180,180
39.88946771621704,-0.007951416972577676,1.7371207023887303,0.2617993877991417,0.0,-1.5882809618297034,180,180,180,180,180,180,180
39.89967393875122,-0.007794431808732191,1.7282636108797194,0.2617993877991417,0.0,-1.5883494379025822,180,180,180,180,180,180,180
39.91576957702637,-0.007794431808732191,1.7282636108797194,0.2617993877991417,0.0,-1.5883494379025822,180,180,180,180,180,180,180
39.92601037025452,-0.007794431808732191,1.7282636108797194,0.2617993877991417,0.0,-1.5883494379025822,180,180,180,180,180,180,180
39.93623399734497,-0.007642550260482351,1.7196573742379908,0.2617993877991417,0.0,-1.5884192128345473,180,180,180,180,180,180,180
39.94649624824524,-0.007642550260482351,1.7196573742379908,0.2617993877991417,0.0,-1.5884192128345473,180,180,180,180,180,180,180
39.96389365196228,-0.007642550260482351,1.7196573742379908,0.2617993877991417,0.0,-1.5884192128345473,180,180,180,180,180,180,180
39.97422218322754,-0.007489535903901241,1.711041687663542,0.2617993877991417,0.0,-1.58848587497941,180,180,180,180,180,180,180
39.98444223403931,-0.007489535903901241,1.711041687663542,0.2617993877991417,0.0,-1.58848587497941,180,180,180,180,180,180,180
39.99465990066528,-0.007489535903901241,1.711041687663542,0.2617993877991417,0.0,-1.58848587497941,180,180,180,180,180,180,180
40.00486898422241,-0.007330990614960599,1.7021532228330125,0.2617993877991417,0.0,-1.5885376436092762,180,180,180,180,180,180,180
40.01709985733032,-0.007330990614960599,1.7021532228330125,0.2617993877991417,0.0,-1.5885376436092762,180,180,180,180,180,180,180
40.02730965614319,-0.007330990614960599,1.7021532228330125,0.2617993877991417,0.0,-1.5885376436092762,180,180,180,180,180,180,180
40.037508487701416,-0.007176718732865231,1.6935156735040275,0.2617993877991417,0.0,-1.5885820844857792,180,180,180,180,180,180,180
40.047738552093506,-0.007176718732865231,1.6935156735040275,0.2617993877991417,0.0,-1.5885820844857792,180,180,180,180,180,180,180
40.05796551704407,-0.007176718732865231,1.6935156735040275,0.2617993877991417,0.0,-1.5885820844857792,180,180,180,180,180,180,180
40.06878399848938,-0.007022038207051451,1.6848678639439076,0.2617993877991417,0.0,-1.5886254127631112,180,180,180,180,180,180,180
40.07898712158203,-0.007022038207051451,1.6848678639439076,0.2617993877991417,0.0,-1.5886254127631112,180,180,180,180,180,180,180
40.08920335769653,-0.007022038207051451,1.6848678639439076,0.2617993877991417,0.0,-1.5886254127631112,180,180,180,180,180,180,180
40.099409103393555,-0.006862346151218682,1.6759468013369712,0.2617993877991417,0.0,-1.58867090624149,180,180,180,180,180,180,180
40.11747407913208,-0.006862346151218682,1.6759468013369712,0.2617993877991417,0.0,-1.58867090624149,180,180,180,180,180,180,180
40.12771129608154,-0.006862346151218682,1.6759468013369712,0.2617993877991417,0.0,-1.58867090624149,180,180,180,180,180,180,180
40.13790822029114,-0.0067073286289673,1.6672789728765605,0.2617993877991417,0.0,-1.588703196246237,180,180,180,180,180,180,180
40.14812350273132,-0.0067073286289673,1.6672789728765605,0.2617993877991417,0.0,-1.588703196246237,180,180,180,180,180,180,180
40.16550326347351,-0.006553212446192782,1.6586075560913291,0.2617993877991417,0.0,-1.588685629115105,180,180,180,180,180,180,180
40.17571401596069,-0.006553212446192782,1.6586075560913291,0.2617993877991417,0.0,-1.588685629115105,180,180,180,180,180,180,180
40.18594026565552,-0.006553212446192782,1.6586075560913291,0.2617993877991417,0.0,-1.588685629115105,180,180,180,180,180,180,180
40.19639325141907,-0.006395511160806762,1.6496776174894987,0.2617993877991417,0.0,-1.5886480249607136,180,180,180,180,180,180,180
40.206591844558716,-0.006395511160806762,1.6496776174894987,0.2617993877991417,0.0,-1.5886480249607136,180,180,180,180,180,180,180
40.21681308746338,-0.006395511160806762,1.6496776174894987,0.2617993877991417,0.0,-1.5886480249607136,180,180,180,180,180,180,180
40.227036237716675,-0.006395511160806762,1.6496776174894987,0.2617993877991417,0.0,-1.5886480249607136,180,180,180,180,180,180,180
40.237215518951416,-0.006243099586920154,1.6410284859869906,0.2617993877991417,0.0,-1.5886217318335623,180,180,180,180,180,180,180
40.24741554260254,-0.006243099586920154,1.6410284859869906,0.2617993877991417,0.0,-1.5886217318335623,180,180,180,180,180,180,180
40.25766038894653,-0.006243099586920154,1.6410284859869906,0.2617993877991417,0.0,-1.5886217318335623,180,180,180,180,180,180,180
40.27102518081665,-0.0060851635961424455,1.632438206040322,0.2617993877991417,0.0,-1.5886955828837641,180,180,180,180,180,180,180
40.281280279159546,-0.0060851635961424455,1.632438206040322,0.2617993877991417,0.0,-1.5886955828837641,180,180,180,180,180,180,180
40.29151749610901,-0.0060851635961424455,1.632438206040322,0.2617993877991417,0.0,-1.5886955828837641,180,180,180,180,180,180,180
40.3017144203186,-0.00592444182335345,1.6235768975731422,0.2617993877991417,0.0,-1.588743605862819,180,180,180,180,180,180,180
40.311914682388306,-0.00592444182335345,1.6235768975731422,0.2617993877991417,0.0,-1.588743605862819,180,180,180,180,180,180,180
40.32268261909485,-0.00592444182335345,1.6235768975731422,0.2617993877991417,0.0,-1.588743605862819,180,180,180,180,180,180,180
40.332887172698975,-0.005769225757693293,1.6149698692714918,0.2617993877991417,0.0,-1.5888135566896273,180,180,180,180,180,180,180
40.34319829940796,-0.005769225757693293,1.6149698692714918,0.2617993877991417,0.0,-1.5888135566896273,180,180,180,180,180,180,180
40.353410482406616,-0.005769225757693293,1.6149698692714918,0.2617993877991417,0.0,-1.5888135566896273,180,180,180,180,180,180,180
40.36423206329346,-0.005612778768857579,1.6063529848713622,0.2617993877991417,0.0,-1.588879069755016,180,180,180,180,180,180,180
40.374428272247314,-0.005612778768857579,1.6063529848713622,0.2617993877991417,0.0,-1.588879069755016,180,180,180,180,180,180,180
40.38460731506348,-0.005612778768857579,1.6063529848713622,0.2617993877991417,0.0,-1.588879069755016,180,180,180,180,180,180,180
40.39482879638672,-0.005612778768857579,1.6063529848713622,0.2617993877991417,0.0,-1.588879069755016,180,180,180,180,180,180,180
40.41399335861206,-0.005450730361052917,1.5974631261385523,0.2617993877991417,0.0,-1.5889290906158218,180,180,180,180,180,180,180
40.42420768737793,-0.005450730361052917,1.5974631261385523,0.2617993877991417,0.0,-1.5889290906158218,180,180,180,180,180,180,180
40.43439745903015,-0.005293069852762204,1.5888244081642078,0.2617993877991417,0.0,-1.5889734241950537,180,180,180,180,180,180,180
40.444650411605835,-0.005293069852762204,1.5888244081642078,0.2617993877991417,0.0,-1.5889734241950537,180,180,180,180,180,180,180
40.45485234260559,-0.005293069852762204,1.5888244081642078,0.2617993877991417,0.0,-1.5889734241950537,180,180,180,180,180,180,180
40.46751070022583,-0.0051350075080473755,1.5801753203689004,0.2617993877991417,0.0,-1.5890171391468983,180,180,180,180,180,180,180
40.47776126861572,-0.0051350075080473755,1.5801753203689004,0.2617993877991417,0.0,-1.5890171391468983,180,180,180,180,180,180,180
40.48794984817505,-0.0051350075080473755,1.5801753203689004,0.2617993877991417,0.0,-1.5890171391468983,180,180,180,180,180,180,180
40.49817681312561,-0.00497183779483652,1.5712530341080109,0.2617993877991417,0.0,-1.589062392682032,180,180,180,180,180,180,180
40.50839447975159,-0.00497183779483652,1.5712530341080109,0.2617993877991417,0.0,-1.589062392682032,180,180,180,180,180,180,180
40.51870846748352,-0.00497183779483652,1.5712530341080109,0.2617993877991417,0.0,-1.589062392682032,180,180,180,180,180,180,180
40.52892088890076,-0.00497183779483652,1.5712530341080109,0.2617993877991417,0.0,-1.589062392682032,180,180,180,180,180,180,180
40.53912663459778,-0.004813508399422451,1.562584385836513,0.2617993877991417,0.0,-1.5890910051298637,180,180,180,180,180,180,180
40.549421072006226,-0.004813508399422451,1.562584385836513,0.2617993877991417,0.0,-1.5890910051298637,180,180,180,180,180,180,180
40.5659704208374,-0.004656306651848552,1.5539132144480545,0.2617993877991417,0.0,-1.5890661572361533,180,180,180,180,180,180,180
40.57617950439453,-0.004656306651848552,1.5539132144480545,0.2617993877991417,0.0,-1.5890661572361533,180,180,180,180,180,180,180
40.58636403083801,-0.004656306651848552,1.5539132144480545,0.2617993877991417,0.0,-1.5890661572361533,180,180,180,180,180,180,180
40.596577405929565,-0.004494783573314326,1.5449839742685367,0.2617993877991417,0.0,-1.589035280677719,180,180,180,180,180,180,180
40.60677123069763,-0.004494783573314326,1.5449839742685367,0.2617993877991417,0.0,-1.589035280677719,180,180,180,180,180,180,180
40.62128281593323,-0.004494783573314326,1.5449839742685367,0.2617993877991417,0.0,-1.589035280677719,180,180,180,180,180,180,180
40.631516456604004,-0.004338796205996202,1.5363413101718255,0.2617993877991417,0.0,-1.5889895332992625,180,180,180,180,180,180,180
40.64196991920471,-0.004338796205996202,1.5363413101718255,0.2617993877991417,0.0,-1.5889895332992625,180,180,180,180,180,180,180
40.65253686904907,-0.004338796205996202,1.5363413101718255,0.2617993877991417,0.0,-1.5889895332992625,180,180,180,180,180,180,180
40.66904664039612,-0.004178174241035537,1.5277556046162286,0.2617993877991417,0.0,-1.5891032250029258,180,180,180,180,180,180,180
40.679251194000244,-0.004178174241035537,1.5277556046162286,0.2617993877991417,0.0,-1.5891032250029258,180,180,180,180,180,180,180
40.68945932388306,-0.004178174241035537,1.5277556046162286,0.2617993877991417,0.0,-1.5891032250029258,180,180,180,180,180,180,180
40.699748516082764,-0.004013823052174993,1.518890709314666,0.2617993877991417,0.0,-1.5891362459238203,180,180,180,180,180,180,180
40.71652412414551,-0.004013823052174993,1.518890709314666,0.2617993877991417,0.0,-1.5891362459238203,180,180,180,180,180,180,180
40.726744651794434,-0.004013823052174993,1.518890709314666,0.2617993877991417,0.0,-1.5891362459238203,180,180,180,180,180,180,180
40.736984968185425,-0.0038551149472788163,1.5102825263806605,0.2617993877991417,0.0,-1.5892050383634413,180,180,180,180,180,180,180
40.74720740318298,-0.0038551149472788163,1.5102825263806605,0.2617993877991417,0.0,-1.5892050383634413,180,180,180,180,180,180,180
40.76589512825012,-0.0036952582462103844,1.5016644869728315,0.2617993877991417,0.0,-1.5892691817783262,180,180,180,180,180,180,180
40.77620530128479,-0.0036952582462103844,1.5016644869728315,0.2617993877991417,0.0,-1.5892691817783262,180,180,180,180,180,180,180
40.78640866279602,-0.0036952582462103844,1.5016644869728315,0.2617993877991417,0.0,-1.5892691817783262,180,180,180,180,180,180,180
40.79663348197937,-0.0036952582462103844,1.5016644869728315,0.2617993877991417,0.0,-1.5892691817783262,180,180,180,180,180,180,180
40.814905405044556,-0.003529738499544786,1.4927733284954192,0.2617993877991417,0.0,-1.5893177325130332,180,180,180,180,180,180,180
40.825133323669434,-0.003529738499544786,1.4927733284954192,0.2617993877991417,0.0,-1.5893177325130332,180,180,180,180,180,180,180
40.83534526824951,-0.0033687146461871998,1.4841334967061632,0.2617993877991417,0.0,-1.5893618870593682,180,180,180,180,180,180,180
40.845558404922485,-0.0033687146461871998,1.4841334967061632,0.2617993877991417,0.0,-1.5893618870593682,180,180,180,180,180,180,180
40.855812311172485,-0.0033687146461871998,1.4841334967061632,0.2617993877991417,0.0,-1.5893618870593682,180,180,180,180,180,180,180
40.86986780166626,-0.0033687146461871998,1.4841334967061632,0.2617993877991417,0.0,-1.5893618870593682,180,180,180,180,180,180,180
40.88027787208557,-0.0032072961803057656,1.4754831864472961,0.2617993877991417,0.0,-1.589405997169757,180,180,180,180,180,180,180
40.890538930892944,-0.0032072961803057656,1.4754831864472961,0.2617993877991417,0.0,-1.589405997169757,180,180,180,180,180,180,180
40.90088605880737,-0.003040676334324497,1.466559768927741,0.2617993877991417,0.0,-1.5894508032293508,180,180,180,180,180,180,180
40.91706085205078,-0.003040676334324497,1.466559768927741,0.2617993877991417,0.0,-1.5894508032293508,180,180,180,180,180,180,180
40.92728853225708,-0.003040676334324497,1.466559768927741,0.2617993877991417,0.0,-1.5894508032293508,180,180,180,180,180,180,180
40.93750333786011,-0.0028790610015036523,1.457890450792741,0.2617993877991417,0.0,-1.5894749914873545,180,180,180,180,180,180,180
40.94827151298523,-0.0028790610015036523,1.457890450792741,0.2617993877991417,0.0,-1.5894749914873545,180,180,180,180,180,180,180
40.965681314468384,-0.0027188204194009014,1.449219666361992,0.2617993877991417,0.0,-1.589443464146593,180,180,180,180,180,180,180
40.97610068321228,-0.0027188204194009014,1.449219666361992,0.2617993877991417,0.0,-1.589443464146593,180,180,180,180,180,180,180
40.98629689216614,-0.0027188204194009014,1.449219666361992,0.2617993877991417,0.0,-1.589443464146593,180,180,180,180,180,180,180
40.99653601646423,-0.0025539681025167314,1.4402911813360018,0.2617993877991417,0.0,-1.589420227138255,180,180,180,180,180,180,180
41.01336455345154,-0.0025539681025167314,1.4402911813360018,0.2617993877991417,0.0,-1.589420227138255,180,180,180,180,180,180,180
41.02358651161194,-0.0025539681025167314,1.4402911813360018,0.2617993877991417,0.0,-1.589420227138255,180,180,180,180,180,180,180
41.03381896018982,-0.0023935803633555737,1.4316557140378112,0.2617993877991417,0.0,-1.5893578787011435,180,190,180,180,180,180,180
41.0440137386322,-0.0023935803633555737,1.4316557140378112,0.2617993877991417,0.0,-1.5893578787011435,180,190,180,180,180,180,180
41.05421566963196,-0.0023935803633555737,1.4316557140378112,0.2617993877991417,0.0,-1.5893578787011435,180,190,180,180,180,180,180
41.0658974647522,-0.002230621365365212,1.4230727119397417,0.2617993877991417,0.0,-1.5895013934274984,180,190,180,180,180,180,180
41.07609724998474,-0.002230621365365212,1.4230727119397417,0.2617993877991417,0.0,-1.5895013934274984,180,190,180,180,180,180,180
41.08627462387085,-0.002230621365365212,1.4230727119397417,0.2617993877991417,0.0,-1.5895013934274984,180,190,180,180,180,180,180
41.09649038314819,-0.0020627026942767294,1.4142052193137327,0.2617993877991417,0.0,-1.5895266731495812,180,180,180,180,180,180,180
41.10675835609436,-0.0020627026942767294,1.4142052193137327,0.2617993877991417,0.0,-1.5895266731495812,180,180,180,180,180,180,180
41.11694550514221,-0.0020627026942767294,1.4142052193137327,0.2617993877991417,0.0,-1.5895266731495812,180,180,180,180,180,180,180
41.127140522003174,-0.0020627026942767294,1.4142052193137327,0.2617993877991417,0.0,-1.5895266731495812,180,180,180,180,180,180,180
41.137351512908936,-0.0019004755267548199,1.4055958190774867,0.2617993877991417,0.0,-1.5895951692231929,180,180,180,180,180,180,180
41.14757537841797,-0.0019004755267548199,1.4055958190774867,0.2617993877991417,0.0,-1.5895951692231929,180,180,180,180,180,180,180
41.166420221328735,-0.0017371831354713466,1.3969765067352644,0.2617993877991417,0.0,-1.589657482057906,180,180,180,180,180,180,180
41.17669177055359,-0.0017371831354713466,1.3969765067352644,0.2617993877991417,0.0,-1.589657482057906,180,180,180,180,180,180,180
41.1869056224823,-0.0017371831354713466,1.3969765067352644,0.2617993877991417,0.0,-1.589657482057906,180,180,180,180,180,180,180
41.19711971282959,-0.0015682398855490019,1.3880840609373342,0.2617993877991417,0.0,-1.5897052080294816,180,180,180,180,180,180,180
41.207316875457764,-0.0015682398855490019,1.3880840609373342,0.2617993877991417,0.0,-1.5897052080294816,180,180,180,180,180,180,180
41.2216100692749,-0.0015682398855490019,1.3880840609373342,0.2617993877991417,0.0,-1.5897052080294816,180,180,180,180,180,180,180
41.23194742202759,-0.0014038598367623935,1.379443051540406,0.2617993877991417,0.0,-1.5897491986074648,180,180,180,180,180,180,180
41.24216270446777,-0.0014038598367623935,1.379443051540406,0.2617993877991417,0.0,-1.5897491986074648,180,180,180,180,180,180,180
41.25239896774292,-0.0014038598367623935,1.379443051540406,0.2617993877991417,0.0,-1.5897491986074648,180,180,180,180,180,180,180
41.270246505737305,-0.0012390956098201201,1.3707914495432871,0.2617993877991417,0.0,-1.5897937819904442,180,180,180,180,180,180,180
41.280524253845215,-0.0012390956098201201,1.3707914495432871,0.2617993877991417,0.0,-1.5897937819904442,180,180,180,180,180,180,180
41.29072427749634,-0.0012390956098201201,1.3707914495432871,0.2617993877991417,0.0,-1.5897937819904442,180,180,180,180,180,180,180
41.30093336105347,-0.0010690364695674658,1.3618668852753053,0.2617993877991417,0.0,-1.5898379235687945,180,180,180,180,180,180,180
41.31573820114136,-0.0010690364695674658,1.3618668852753053,0.2617993877991417,0.0,-1.5898379235687945,180,180,180,180,180,180,180
41.3259003162384,-0.0010690364695674658,1.3618668852753053,0.2617993877991417,0.0,-1.5898379235687945,180,180,180,180,180,180,180
41.33608675003052,-0.0009041528072172183,1.3531969729549105,0.2617993877991417,0.0,-1.5898568252385925,180,180,180,180,180,180,180
41.34632587432861,-0.0009041528072172183,1.3531969729549105,0.2617993877991417,0.0,-1.5898568252385925,180,180,180,180,180,180,180
41.356563568115234,-0.0009041528072172183,1.3531969729549105,0.2617993877991417,0.0,-1.5898568252385925,180,180,180,180,180,180,180
41.36754035949707,-0.0007409172450230463,1.3445266582148432,0.2617993877991417,0.0,-1.5898194322480512,180,180,180,180,180,180,180
41.37778162956238,-0.0007409172450230463,1.3445266582148432,0.2617993877991417,0.0,-1.5898194322480512,180,180,180,180,180,180,180
41.388001441955566,-0.0007409172450230463,1.3445266582148432,0.2617993877991417,0.0,-1.5898194322480512,180,180,180,180,180,180,180
41.39821124076843,-0.0005730764145697827,1.335599119536455,0.2617993877991417,0.0,-1.589804042443438,180,180,180,180,180,180,180
41.416590452194214,-0.0005730764145697827,1.335599119536455,0.2617993877991417,0.0,-1.589804042443438,180,180,180,180,180,180,180
41.426809549331665,-0.0005730764145697827,1.335599119536455,0.2617993877991417,0.0,-1.589804042443438,180,180,180,180,180,180,180
41.436976194381714,-0.00040774219747547033,1.3269711781291957,0.2617993877991417,0.0,-1.589733514739421,180,180,180,180,180,180,180
41.44716930389404,-0.00040774219747547033,1.3269711781291957,0.2617993877991417,0.0,-1.589733514739421,180,180,180,180,180,180,180
41.464640378952026,-0.0002425458369715418,1.3183888932767718,0.2617993877991417,0.0,-1.5898894341030734,180,180,180,180,180,180,180
41.47479605674744,-0.0002425458369715418,1.3183888932767718,0.2617993877991417,0.0,-1.5898894341030734,180,180,180,180,180,180,180
41.484928607940674,-0.0002425458369715418,1.3183888932767718,0.2617993877991417,0.0,-1.5898894341030734,180,180,180,180,180,180,180
41.49512434005737,-0.0002425458369715418,1.3183888932767718,0.2617993877991417,0.0,-1.5898894341030734,180,180,180,180,180,180,180
41.505404472351074,-7.113875627073557e-05,1.3095199860985096,0.2617993877991417,0.0,-1.5899148094470676,180,180,180,180,180,180,180
41.524320125579834,-7.113875627073557e-05,1.3095199860985096,0.2617993877991417,0.0,-1.5899148094470676,180,180,180,180,180,180,180
41.53452157974243,9.455745049914802e-05,1.3009095054207003,0.2617993877991417,0.0,-1.5899834552067742,180,180,180,180,180,180,180
41.544692039489746,9.455745049914802e-05,1.3009095054207003,0.2617993877991417,0.0,-1.5899834552067742,180,180,180,180,180,180,180
41.55493092536926,9.455745049914802e-05,1.3009095054207003,0.2617993877991417,0.0,-1.5899834552067742,180,180,180,180,180,180,180
41.57239747047424,0.0002612671624890609,1.2922889196299385,0.2617993877991417,0.0,-1.5900437387308657,180,180,180,180,180,180,180
41.58259177207947,0.0002612671624890609,1.2922889196299385,0.2617993877991417,0.0,-1.5900437387308657,180,180,180,180,180,180,180
41.592777252197266,0.0002612671624890609,1.2922889196299385,0.2617993877991417,0.0,-1.5900437387308657,180,180,180,180,180,180,180
41.60297966003418,0.00043361049901405807,1.283395302127326,0.2617993877991417,0.0,-1.5900909595404837,180,180,180,180,180,180,180
41.6165668964386,0.00043361049901405807,1.283395302127326,0.2617993877991417,0.0,-1.5900909595404837,180,180,180,180,180,180,180
41.626786947250366,0.00043361049901405807,1.283395302127326,0.2617993877991417,0.0,-1.5900909595404837,180,180,180,180,180,180,180
41.63694095611572,0.0006013308267465351,1.274753164129204,0.2617993877991417,0.0,-1.5901348289738535,180,180,180,180,180,180,180
41.64714980125427,0.0006013308267465351,1.274753164129204,0.2617993877991417,0.0,-1.5901348289738535,180,180,180,180,180,180,180
41.657387256622314,0.0006013308267465351,1.274753164129204,0.2617993877991417,0.0,-1.5901348289738535,180,180,180,180,180,180,180
41.66932725906372,0.0007694257927690211,1.2661003407796592,0.2617993877991417,0.0,-1.5901797811541254,180,180,180,180,180,180,180
41.67951798439026,0.0007694257927690211,1.2661003407796592,0.2617993877991417,0.0,-1.5901797811541254,180,180,180,180,180,180,180
41.68970346450806,0.0007694257927690211,1.2661003407796592,0.2617993877991417,0.0,-1.5901797811541254,180,180,180,180,180,180,180
41.69987773895264,0.0009429058177893267,1.2571747203792685,0.2617993877991417,0.0,-1.5902229774876997,180,180,180,180,180,180,180
41.7197630405426,0.0009429058177893267,1.2571747203792685,0.2617993877991417,0.0,-1.5902229774876997,180,180,180,180,180,180,180
41.729994773864746,0.0011110317441434077,1.2485043796514739,0.2617993877991417,0.0,-1.5902360341521535,180,180,180,180,180,180,180
41.74018383026123,0.0011110317441434077,1.2485043796514739,0.2617993877991417,0.0,-1.5902360341521535,180,180,180,180,180,180,180
41.75040245056152,0.0011110317441434077,1.2485043796514739,0.2617993877991417,0.0,-1.5902360341521535,180,180,180,180,180,180,180
41.76373362541199,0.0011110317441434077,1.2485043796514739,0.2617993877991417,0.0,-1.5902360341521535,180,180,180,180,180,180,180
41.77391767501831,0.0012772149377234274,1.2398346449719169,0.2617993877991417,0.0,-1.5901940829104597,180,180,180,180,180,180,180
41.784098625183105,0.0012772149377234274,1.2398346449719169,0.2617993877991417,0.0,-1.5901940829104597,180,180,180,180,180,180,180
41.794280767440796,0.0012772149377234274,1.2398346449719169,0.2617993877991417,0.0,-1.5901940829104597,180,180,180,180,180,180,180
41.804463148117065,0.001448087036822646,1.2309084491802673,0.2617993877991417,0.0,-1.5901855903282909,180,180,180,180,180,180,180
41.81639313697815,0.001448087036822646,1.2309084491802673,0.2617993877991417,0.0,-1.5901855903282909,180,180,180,180,180,180,180
41.82660388946533,0.001448087036822646,1.2309084491802673,0.2617993877991417,0.0,-1.5901855903282909,180,180,180,180,180,180,180
41.83678102493286,0.0016181223666883167,1.2222880280680966,0.2617993877991417,0.0,-1.5901181431926223,180,180,180,180,180,180,180
41.847044706344604,0.0016181223666883167,1.2222880280680966,0.2617993877991417,0.0,-1.5901181431926223,180,180,180,180,180,180,180
41.86523222923279,0.0017859559044090625,1.2137045711153218,0.2617993877991417,0.0,-1.5902674984661693,180,180,180,180,180,180,180
41.87538409233093,0.0017859559044090625,1.2137045711153218,0.2617993877991417,0.0,-1.5902674984661693,180,180,180,180,180,180,180
41.88551211357117,0.0017859559044090625,1.2137045711153218,0.2617993877991417,0.0,-1.5902674984661693,180,180,180,180,180,180,180
41.89569163322449,0.0017859559044090625,1.2137045711153218,0.2617993877991417,0.0,-1.5902674984661693,180,180,180,180,180,180,180
41.905895709991455,0.001960730164504287,1.2048356379804495,0.2617993877991417,0.0,-1.5903025308255871,180,180,180,180,180,180,180
41.916980266571045,0.001960730164504287,1.2048356379804495,0.2617993877991417,0.0,-1.5903025308255871,180,180,180,180,180,180,180
41.927161693573,0.001960730164504287,1.2048356379804495,0.2617993877991417,0.0,-1.5903025308255871,180,180,180,180,180,180,180
41.93742275238037,0.00212985457082342,1.1962240839441567,0.2617993877991417,0.0,-1.590371619410833,180,180,180,180,180,180,180
41.947619915008545,0.00212985457082342,1.1962240839441567,0.2617993877991417,0.0,-1.590371619410833,180,180,180,180,180,180,180
41.95781373977661,0.00212985457082342,1.1962240839441567,0.2617993877991417,0.0,-1.590371619410833,180,180,180,180,180,180,180
41.968995571136475,0.0022999593924868974,1.1876021567683486,0.2617993877991417,0.0,-1.5904299478136086,180,180,180,180,180,180,180
41.979209184646606,0.0022999593924868974,1.1876021567683486,0.2617993877991417,0.0,-1.5904299478136086,180,180,180,180,180,180,180
41.98939371109009,0.0022999593924868974,1.1876021567683486,0.2617993877991417,0.0,-1.5904299478136086,180,180,180,180,180,180,180
41.99958276748657,0.0024757219854042397,1.1787073323684787,0.2617993877991417,0.0,-1.590476934316167,180,180,180,180,180,180,180
42.00978112220764,0.0024757219854042397,1.1787073323684787,0.2617993877991417,0.0,-1.590476934316167,180,180,180,180,180,180,180
42.020020961761475,0.0024757219854042397,1.1787073323684787,0.2617993877991417,0.0,-1.590476934316167,180,180,180,180,180,180,180
42.03635334968567,0.002646784478685637,1.1700639928890373,0.2617993877991417,0.0,-1.5905208103969928,180,180,180,180,180,180,180
42.0466103553772,0.002646784478685637,1.1700639928890373,0.2617993877991417,0.0,-1.5905208103969928,180,180,180,180,180,180,180
42.05679941177368,0.002646784478685637,1.1700639928890373,0.2617993877991417,0.0,-1.5905208103969928,180,180,180,180,180,180,180
42.06700253486633,0.0028182146022279917,1.1614099092059837,0.2617993877991417,0.0,-1.5905660079209838,180,180,180,180,180,180,180
42.08199453353882,0.0028182146022279917,1.1614099092059837,0.2617993877991417,0.0,-1.5905660079209838,180,180,180,180,180,180,180
42.09217548370361,0.0028182146022279917,1.1614099092059837,0.2617993877991417,0.0,-1.5905660079209838,180,180,180,180,180,180,180
42.1023736000061,0.0029951056167209604,1.152483232673005,0.2617993877991417,0.0,-1.5906078260354768,180,180,180,180,180,180,180
42.11257839202881,0.0029951056167209604,1.152483232673005,0.2617993877991417,0.0,-1.5906078260354768,180,180,180,180,180,180,180
42.13112258911133,0.0029951056167209604,1.152483232673005,0.2617993877991417,0.0,-1.5906078260354768,180,180,180,180,180,180,180
42.14144968986511,0.0031664374997984056,1.143812558565725,0.2617993877991417,0.0,-1.5906141978136816,180,180,180,180,180,180,180
42.151652336120605,0.0031664374997984056,1.143812558565725,0.2617993877991417,0.0,-1.5906141978136816,180,180,180,180,180,180,180
42.171308517456055,0.0031664374997984056,1.143812558565725,0.2617993877991417,0.0,-1.5906141978136816,180,180,180,180,180,180,180
42.18197298049927,0.0033355906718855514,1.1351434632910373,0.2617993877991417,0.0,-1.5905691153996275,180,180,180,180,180,180,180
42.19218969345093,0.0033355906718855514,1.1351434632910373,0.2617993877991417,0.0,-1.5905691153996275,180,180,180,180,180,180,180
42.202372312545776,0.003509783300066759,1.126219256495445,0.2617993877991417,0.0,-1.5905645712085605,180,180,180,180,180,180,180
42.21345663070679,0.003509783300066759,1.126219256495445,0.2617993877991417,0.0,-1.5905645712085605,180,180,180,180,180,180,180
42.22593832015991,0.003509783300066759,1.126219256495445,0.2617993877991417,0.0,-1.5905645712085605,180,180,180,180,180,180,180
42.2361421585083,0.0036840080202896787,1.1176062701734468,0.2617993877991417,0.0,-1.5905136735311671,180,180,180,180,180,180,180
42.246341705322266,0.0036840080202896787,1.1176062701734468,0.2617993877991417,0.0,-1.5905136735311671,180,180,180,180,180,180,180
42.25656986236572,0.0036840080202896787,1.1176062701734468,0.2617993877991417,0.0,-1.5905136735311671,180,190,180,180,180,180,180
42.26968431472778,0.0036840080202896787,1.1176062701734468,0.2617993877991417,0.0,-1.5905136735311671,180,190,180,180,180,180,180
42.279865980148315,0.003855036379333642,1.1090206957076763,0.2617993877991417,0.0,-1.590645979609121,180,190,180,180,180,180,180
42.29004669189453,0.003855036379333642,1.1090206957076763,0.2617993877991417,0.0,-1.590645979609121,180,180,180,180,180,180,180
42.30024766921997,0.004032922329496152,1.1001526631937326,0.2617993877991417,0.0,-1.5906947091493566,180,180,180,180,180,180,180
42.31737208366394,0.004032922329496152,1.1001526631937326,0.2617993877991417,0.0,-1.5906947091493566,180,180,180,180,180,180,180
42.327600717544556,0.004032922329496152,1.1001526631937326,0.2617993877991417,0.0,-1.5906947091493566,180,180,180,180,180,180,180
42.33775067329407,0.00420546874500171,1.0915400640541542,0.2617993877991417,0.0,-1.5907636528677995,180,180,180,180,180,180,180
42.347936391830444,0.00420546874500171,1.0915400640541542,0.2617993877991417,0.0,-1.5907636528677995,180,180,180,180,180,180,180
42.35812759399414,0.00420546874500171,1.0915400640541542,0.2617993877991417,0.0,-1.5907636528677995,180,180,180,180,180,180,180
42.368356227874756,0.00437897605111986,1.0829168228943282,0.2617993877991417,0.0,-1.5908198413663195,180,180,180,180,180,180,180
42.37854027748108,0.00437897605111986,1.0829168228943282,0.2617993877991417,0.0,-1.5908198413663195,180,180,180,180,180,180,180
42.38873314857483,0.00437897605111986,1.0829168228943282,0.2617993877991417,0.0,-1.5908198413663195,180,180,180,180,180,180,180
42.39890694618225,0.004558208781289714,1.0740208697203064,0.2617993877991417,0.0,-1.590866693457016,180,180,180,180,180,180,180
42.409098863601685,0.004558208781289714,1.0740208697203064,0.2617993877991417,0.0,-1.590866693457016,180,180,180,180,180,180,180
42.42085075378418,0.004558208781289714,1.0740208697203064,0.2617993877991417,0.0,-1.590866693457016,180,180,180,180,180,180,180
42.431021213531494,0.004732643410815435,1.0653763730400256,0.2617993877991417,0.0,-1.590910637702873,180,180,180,180,180,180,180
42.441203594207764,0.004732643410815435,1.0653763730400256,0.2617993877991417,0.0,-1.590910637702873,180,180,180,180,180,180,180
42.451497316360474,0.004732643410815435,1.0653763730400256,0.2617993877991417,0.0,-1.590910637702873,180,180,180,180,180,180,180
42.469741344451904,0.004732643410815435,1.0653763730400256,0.2617993877991417,0.0,-1.590910637702873,180,180,180,180,180,180,180
42.4799222946167,0.004907441841195938,1.0567210993760257,0.2617993877991417,0.0,-1.5909559890576899,180,180,180,180,180,180,180
42.490100145339966,0.004907441841195938,1.0567210993760257,0.2617993877991417,0.0,-1.5909559890576899,180,180,180,180,180,130,180
42.500287771224976,0.005087758979312885,1.0477934558800994,0.2617993877991417,0.0,-1.5909961551948544,180,180,180,180,180,130,180
42.514885902404785,0.005087758979312885,1.0477934558800994,0.2617993877991417,0.0,-1.5909961551948544,180,180,180,180,180,130,180
42.525105476379395,0.005087758979312885,1.0477934558800994,0.2617993877991417,0.0,-1.5909961551948544,180,180,180,180,180,130,180
42.53529357910156,0.005262281676516412,1.0391226174538304,0.2617993877991417,0.0,-1.5909954815045575,180,180,180,180,180,130,180
42.54547882080078,0.005262281676516412,1.0391226174538304,0.2617993877991417,0.0,-1.5909954815045575,180,180,180,180,130,130,180
42.56518268585205,0.005262281676516412,1.0391226174538304,0.2617993877991417,0.0,-1.5909954815045575,180,180,180,180,130,130,180
42.57538390159607,0.005434621434756376,1.0304542074234022,0.2617993877991417,0.0,-1.5909494160671875,180,180,180,180,130,130,180
42.5855770111084,0.005434621434756376,1.0304542074234022,0.2617993877991417,0.0,-1.5909494160671875,180,180,180,180,120,130,180
42.59575414657593,0.005434621434756376,1.0304542074234022,0.2617993877991417,0.0,-1.5909494160671875,180,180,180,180,120,130,180
42.61425757408142,0.005612357070153089,1.0215328707547298,0.2617993877991417,0.0,-1.590943754995659,180,180,180,180,120,130,180
42.62447810173035,0.005612357070153089,1.0215328707547298,0.2617993877991417,0.0,-1.590943754995659,180,180,180,180,120,130,180
42.63465428352356,0.005790247025402165,1.012927235512399,0.2617993877991417,0.0,-1.590920473500818,180,180,180,180,120,180,180
42.644837379455566,0.005790247025402165,1.012927235512399,0.2617993877991417,0.0,-1.590920473500818,180,180,180,180,120,180,180
42.65507221221924,0.005790247025402165,1.012927235512399,0.2617993877991417,0.0,-1.590920473500818,180,180,180,180,120,180,180
42.66727876663208,0.005964882980586053,1.0043372723209438,0.2617993877991417,0.0,-1.5910208589816381,180,180,180,180,120,180,180
42.67746376991272,0.005964882980586053,1.0043372723209438,0.2617993877991417,0.0,-1.5910208589816381,180,180,180,180,120,180,180
42.68764090538025,0.005964882980586053,1.0043372723209438,0.2617993877991417,0.0,-1.5910208589816381,180,180,180,180,120,180,180
42.6979615688324,0.00614572079567852,0.9954701424148111,0.2617993877991417,0.0,-1.5910825622342992,180,180,180,180,120,180,180
42.70828342437744,0.00614572079567852,0.9954701424148111,0.2617993877991417,0.0,-1.5910825622342992,180,180,180,180,120,180,180
42.71847486495972,0.00614572079567852,0.9954701424148111,0.2617993877991417,0.0,-1.5910825622342992,180,180,180,180,120,180,180
42.72869110107422,0.00614572079567852,0.9954701424148111,0.2617993877991417,0.0,-1.5910825622342992,180,180,180,180,120,180,180
42.73889660835266,0.006321642803168,0.9868564099922219,0.2617993877991417,0.0,-1.5911510108592808,180,180,180,180,120,180,180
42.749168395996094,0.006321642803168,0.9868564099922219,0.2617993877991417,0.0,-1.5911510108592808,180,180,180,180,120,180,180
42.76705551147461,0.006321642803168,0.9868564099922219,0.2617993877991417,0.0,-1.5911510108592808,180,180,180,180,120,180,180
42.777454137802124,0.006498503119543312,0.9782317764962571,0.2617993877991417,0.0,-1.5912049701879056,180,180,180,180,120,180,180
42.78765940666199,0.006498503119543312,0.9782317764962571,0.2617993877991417,0.0,-1.5912049701879056,180,180,140,180,180,180,180
42.79813766479492,0.0066811764124317125,0.9693346484950007,0.2617993877991417,0.0,-1.5912518892544976,180,180,140,180,180,180,180
42.80842709541321,0.0066811764124317125,0.9693346484950007,0.2617993877991417,0.0,-1.5912518892544976,180,180,140,180,180,180,180
42.8187620639801,0.0066811764124317125,0.9693346484950007,0.2617993877991417,0.0,-1.5912518892544976,180,180,140,180,180,180,180
42.82897472381592,0.0066811764124317125,0.9693346484950007,0.2617993877991417,0.0,-1.5912518892544976,180,180,140,180,180,180,180
42.83919024467468,0.006858944001204126,0.9606889116066655,0.2617993877991417,0.0,-1.5912960477391487,180,130,180,180,120,180,140
42.849406242370605,0.006858944001204126,0.9606889116066655,0.2617993877991417,0.0,-1.5912960477391487,180,130,180,180,120,180,140
42.859647035598755,0.006858944001204126,0.9606889116066655,0.2617993877991417,0.0,-1.5912960477391487,180,130,180,180,120,180,140
42.86983108520508,0.0070370718027245255,0.9520324022367217,0.2617993877991417,0.0,-1.5913414811347304,180,130,180,180,120,180,140
42.88003873825073,0.0070370718027245255,0.9520324022367217,0.2617993877991417,0.0,-1.5913414811347304,180,130,180,180,120,180,140
42.89027428627014,0.0070370718027245255,0.9520324022367217,0.2617993877991417,0.0,-1.5913414811347304,180,130,180,180,180,180,140
42.90047359466553,0.007220757929844212,0.9431037781116314,0.2617993877991417,0.0,-1.5913794871795857,180,130,180,180,180,180,140
42.91576266288757,0.007220757929844212,0.9431037781116314,0.2617993877991417,0.0,-1.5913794871795857,180,130,180,180,180,180,140
42.925984621047974,0.007220757929844212,0.9431037781116314,0.2617993877991417,0.0,-1.5913794871795857,180,130,180,180,180,180,140
42.93616795539856,0.007398384472939959,0.9344328886240807,0.2617993877991417,0.0,-1.5913713196930948,180,130,180,180,180,180,140
42.94640254974365,0.007398384472939959,0.9344328886240807,0.2617993877991417,0.0,-1.5913713196930948,180,180,180,180,180,180,140
42.96416091918945,0.007398384472939959,0.9344328886240807,0.2617993877991417,0.0,-1.5913713196930948,180,180,180,180,180,180,140
42.974483489990234,0.00757416823292781,0.9257651549650494,0.2617993877991417,0.0,-1.5913266967455844,180,180,180,180,180,180,140
42.984699964523315,0.00757416823292781,0.9257651549650494,0.2617993877991417,0.0,-1.5913266967455844,180,180,180,180,180,120,180
42.99518847465515,0.00757416823292781,0.9257651549650494,0.2617993877991417,0.0,-1.5913266967455844,180,180,180,180,180,120,180
43.0053915977478,0.007755386985915028,0.9168477867762208,0.2617993877991417,0.0,-1.5913127358386085,180,180,180,180,180,120,180
43.01598787307739,0.007755386985915028,0.9168477867762208,0.2617993877991417,0.0,-1.5913127358386085,180,180,180,180,180,120,180
43.02618670463562,0.007755386985915028,0.9168477867762208,0.2617993877991417,0.0,-1.5913127358386085,180,180,180,180,180,120,180
43.03639578819275,0.007936524661793686,0.908249226302007,0.2617993877991417,0.0,-1.5913264369668634,180,180,180,180,180,180,180
43.04661154747009,0.007936524661793686,0.908249226302007,0.2617993877991417,0.0,-1.5913264369668634,180,180,180,180,180,180,180
43.06598925590515,0.007936524661793686,0.908249226302007,0.2617993877991417,0.0,-1.5913264369668634,180,180,180,180,180,180,180
43.07636570930481,0.008114945758082862,0.8996553453672309,0.2617993877991417,0.0,-1.5914036761809645,180,180,180,180,180,180,180
43.08657717704773,0.008114945758082862,0.8996553453672309,0.2617993877991417,0.0,-1.5914036761809645,180,180,180,180,180,120,130
43.09679341316223,0.008298716616005293,0.8907886644030354,0.2617993877991417,0.0,-1.5914732773510756,180,180,180,180,180,120,130
43.107101917266846,0.008298716616005293,0.8907886644030354,0.2617993877991417,0.0,-1.5914732773510756,180,180,180,180,180,120,130
43.117289781570435,0.008298716616005293,0.8907886644030354,0.2617993877991417,0.0,-1.5914732773510756,180,180,180,180,180,120,130
43.12748908996582,0.008298716616005293,0.8907886644030354,0.2617993877991417,0.0,-1.5914732773510756,180,180,180,180,180,120,130
43.1376953125,0.008478033950147904,0.8821738285190293,0.2617993877991417,0.0,-1.591540952752993,180,180,180,180,180,180,180
43.14789938926697,0.008478033950147904,0.8821738285190293,0.2617993877991417,0.0,-1.591540952752993,180,180,180,180,180,180,180
43.16712522506714,0.008658265558030124,0.8735478818372635,0.2617993877991417,0.0,-1.5915929037249665,180,180,180,180,180,180,180
43.17736887931824,0.008658265558030124,0.8735478818372635,0.2617993877991417,0.0,-1.5915929037249665,180,180,180,180,180,180,180
43.18756723403931,0.008658265558030124,0.8735478818372635,0.2617993877991417,0.0,-1.5915929037249665,180,180,180,180,180,180,180
43.19777798652649,0.008844405207613731,0.8646496393973933,0.2617993877991417,0.0,-1.5916398028009122,180,180,180,180,180,180,180
43.20797276496887,0.008844405207613731,0.8646496393973933,0.2617993877991417,0.0,-1.5916398028009122,180,180,180,180,180,180,180
43.21817898750305,0.008844405207613731,0.8646496393973933,0.2617993877991417,0.0,-1.5916398028009122,180,180,180,180,180,180,180
43.228405714035034,0.008844405207613731,0.8646496393973933,0.2617993877991417,0.0,-1.5916398028009122,180,180,180,180,180,180,180
43.238614320755005,0.009025528365923964,0.8560027145404421,0.2617993877991417,0.0,-1.5916842067333787,180,180,180,180,180,180,180
43.24881148338318,0.009025528365923964,0.8560027145404421,0.2617993877991417,0.0,-1.5916842067333787,180,180,180,180,180,180,180
43.26841902732849,0.009025528365923964,0.8560027145404421,0.2617993877991417,0.0,-1.5916842067333787,180,180,180,180,180,180,180
43.278714179992676,0.00920700683565491,0.8473450550258073,0.2617993877991417,0.0,-1.5917295491322385,180,180,180,180,180,180,180
43.288920164108276,0.00920700683565491,0.8473450550258073,0.2617993877991417,0.0,-1.5917295491322385,180,180,180,180,180,180,180
43.299113512039185,0.009394078403083365,0.8384155483361773,0.2617993877991417,0.0,-1.591764787866704,180,180,180,180,180,180,180
43.31817936897278,0.009394078403083365,0.8384155483361773,0.2617993877991417,0.0,-1.591764787866704,180,180,180,180,180,180,180
43.32837271690369,0.009394078403083365,0.8384155483361773,0.2617993877991417,0.0,-1.591764787866704,180,180,180,180,180,180,180
43.338571071624756,0.009574793693175179,0.8297447807252607,0.2617993877991417,0.0,-1.5917489809504404,180,180,180,180,180,180,180
43.349576234817505,0.009574793693175179,0.8297447807252607,0.2617993877991417,0.0,-1.5917489809504404,180,180,180,180,180,180,180
43.365989446640015,0.009754324113844125,0.8210777341104851,0.2617993877991417,0.0,-1.5917081836886147,180,180,180,180,180,180,180
43.37619233131409,0.009754324113844125,0.8210777341104851,0.2617993877991417,0.0,-1.5917081836886147,180,180,180,180,180,180,180
43.38636875152588,0.009754324113844125,0.8210777341104851,0.2617993877991417,0.0,-1.5917081836886147,180,180,180,180,180,180,140
43.39655327796936,0.009754324113844125,0.8210777341104851,0.2617993877991417,0.0,-1.5917081836886147,180,180,180,180,180,180,140
43.41612958908081,0.009938878233211868,0.8121655424520493,0.2617993877991417,0.0,-1.591678546814179,180,180,180,180,180,180,140
43.42636322975159,0.009938878233211868,0.8121655424520493,0.2617993877991417,0.0,-1.591678546814179,180,180,180,180,180,180,140
43.43658709526062,0.010123092679583029,0.8035733854199418,0.2617993877991417,0.0,-1.5917364219160897,180,180,180,180,180,180,140
43.44708490371704,0.010123092679583029,0.8035733854199418,0.2617993877991417,0.0,-1.5917364219160897,180,180,180,180,180,180,150
43.457345962524414,0.010123092679583029,0.8035733854199418,0.2617993877991417,0.0,-1.5917364219160897,180,180,180,180,180,180,150
43.46752572059631,0.010305242083426792,0.7949758101129332,0.2617993877991417,0.0,-1.5917963491460754,180,180,180,180,180,180,150
