time,goal_x,goal_y,linear_x,angular_z,yaw,deadends
6.937045335769653,0.00042305677495786627,10.990585853544701,0.0,0.0,-1.5830208578241203,180,180,190,190,190,210,210
6.947402715682983,0.00042305677495786627,10.990585853544701,0.0,0.0,-1.5830208578241203,180,180,190,190,190,210,210
6.9577085971832275,0.00042305677495786627,10.990585853544701,0.0,0.0,-1.5830208578241203,180,180,190,190,190,210,210
6.968003749847412,0.0004240498544374591,10.990562127669008,0.0,0.0,-1.5830336316596674,180,180,190,190,190,210,210
6.978334426879883,0.0004240498544374591,10.990562127669008,0.0,0.0,-1.5830336316596674,180,180,190,190,190,210,210
6.988602638244629,0.0004240498544374591,10.990562127669008,0.0,0.0,-1.5830336316596674,180,180,190,190,190,210,210
7.003612518310547,0.0004240498544374591,10.990562127669008,0.0,0.0,-1.5830336316596674,180,180,190,190,190,210,210
7.01399827003479,0.0004250143128969791,10.990539089043315,0.0,0.0,-1.583045784591364,180,180,190,190,190,210,210
7.024195909500122,0.0004250143128969791,10.990539089043315,0.0,0.0,-1.583045784591364,180,180,190,190,190,210,210
7.034475088119507,0.00042597933521121636,10.990516039983955,0.0,0.0,-1.583057695856515,180,180,190,190,190,210,210
7.0501649379730225,0.00042597933521121636,10.990516039983955,0.0,0.0,-1.583057695856515,180,180,190,190,190,210,210
7.060541868209839,0.00042597933521121636,10.990516039983955,0.0,0.0,-1.583057695856515,180,180,190,190,190,210,210
7.070933818817139,0.0004269741768679797,10.990492281536692,0.0,0.0,-1.5830697151530415,180,180,190,190,190,210,210
7.08121132850647,0.0004269741768679797,10.990492281536692,0.0,0.0,-1.5830697151530415,180,180,190,190,190,210,210
7.099629640579224,0.0004269741768679797,10.990492281536692,0.0,0.0,-1.5830697151530415,180,180,190,190,190,210,210
7.11004900932312,0.00042794048447850384,10.990469211188554,0.0,0.0,-1.5830811315150062,180,180,190,190,190,210,210
7.120645523071289,0.00042794048447850384,10.990469211188554,0.0,0.0,-1.5830811315150062,180,180,190,190,190,210,210
7.141984939575195,0.0004289068290922132,10.990446133669774,0.0,0.0,-1.5830923535875905,180,180,190,190,190,210,210
7.152286767959595,0.0004289068290922132,10.990446133669774,0.0,0.0,-1.5830923535875905,180,180,190,190,190,210,210
7.162552833557129,0.0004289068290922132,10.990446133669774,0.0,0.0,-1.5830923535875905,180,180,190,190,190,210,210
7.172796964645386,0.00042990226936116637,10.990422350756802,0.0,0.0,-1.5831037568200212,180,180,190,190,190,210,210
7.183430194854736,0.00042990226936116637,10.990422350756802,0.0,0.0,-1.5831037568200212,180,180,190,190,190,210,210
7.195352077484131,0.00042990226936116637,10.990422350756802,0.0,0.0,-1.5831037568200212,180,180,190,190,190,210,210
7.20561957359314,0.0004308683192851277,10.990399261458634,0.0,0.0,-1.5831146685760837,180,180,190,190,190,210,210
7.226345777511597,0.0004308683192851277,10.990399261458634,0.0,0.0,-1.5831146685760837,180,180,190,190,190,210,210
7.236624240875244,0.00043183427966353167,10.990376166396935,0.0,0.0,-1.5831254264832832,180,180,190,190,190,210,210
7.246830940246582,0.00043183427966353167,10.990376166396935,0.0,0.0,-1.5831254264832832,180,180,190,190,190,210,210
7.2570960521698,0.00043183427966353167,10.990376166396935,0.0,0.0,-1.5831254264832832,180,180,190,190,190,210,210
7.274088144302368,0.0004328293928562841,10.990352365476515,0.0,0.0,-1.583136349427297,180,180,190,190,190,210,210
7.284337997436523,0.0004328293928562841,10.990352365476515,0.0,0.0,-1.583136349427297,180,180,190,190,190,210,210
7.294576406478882,0.0004328293928562841,10.990352365476515,0.0,0.0,-1.583136349427297,180,180,190,190,190,210,210
7.304817199707031,0.0004337951166877549,10.990329258769751,0.0,0.0,-1.583146794582372,180,180,190,190,190,210,210
7.318217515945435,0.0004337951166877549,10.990329258769751,0.0,0.0,-1.583146794582372,180,180,190,190,190,210,210
7.328423976898193,0.0004337951166877549,10.990329258769751,0.0,0.0,-1.583146794582372,180,180,190,190,190,210,210
7.338609218597412,0.00043476072380546285,10.990306146354591,0.0,0.0,-1.5831570852422154,180,180,190,190,190,210,210
7.348826885223389,0.00043476072380546285,10.990306146354591,0.0,0.0,-1.5831570852422154,180,180,190,190,190,210,210
7.363677740097046,0.00043476072380546285,10.990306146354591,0.0,0.0,-1.5831570852422154,180,180,190,190,190,210,210
7.37392258644104,0.000435755466880614,10.990282327609918,0.0,0.0,-1.5831675258975202,180,180,190,190,190,210,210
7.384142637252808,0.000435755466880614,10.990282327609918,0.0,0.0,-1.5831675258975202,180,180,190,190,190,210,210
7.39436149597168,0.000435755466880614,10.990282327609918,0.0,0.0,-1.5831675258975202,180,180,190,190,190,210,210
7.406585454940796,0.000436720822486977,10.990259203619196,0.0,0.0,-1.5831775023331274,180,180,190,190,190,210,210
7.416852712631226,0.000436720822486977,10.990259203619196,0.08726646259971389,0.0,-1.5831775023331274,180,180,190,190,190,210,210
7.427028179168701,0.000436720822486977,10.990259203619196,0.08726646259971389,0.0,-1.5831775023331274,180,180,190,190,190,210,210
7.43735671043396,0.00043768604524658443,10.990236073823358,0.2617993877991417,0.0,-1.583187323798056,180,180,190,190,190,210,210
7.4521825313568115,0.00043768604524658443,10.990236073823358,0.2617993877991417,0.0,-1.583187323798056,180,180,190,190,190,210,210
7.462378740310669,0.00043768604524658443,10.990236073823358,0.2617993877991417,0.0,-1.583187323798056,180,180,190,190,190,210,210
7.47257661819458,0.00044098030301099785,10.989820445744066,0.2617993877991417,0.0,-1.582144800925869,180,180,190,190,190,210,210
7.493060827255249,0.00044098030301099785,10.989820445744066,0.2617993877991417,0.0,-1.582144800925869,180,180,190,190,190,210,210
7.503333568572998,0.0004519870950201552,10.988709054701372,0.2617993877991417,0.0,-1.5791981140911493,180,180,190,190,190,210,210
7.513551473617554,0.0004519870950201552,10.988709054701372,0.2617993877991417,0.0,-1.5791981140911493,180,180,190,190,190,210,210
7.52375340461731,0.0004519870950201552,10.988709054701372,0.2617993877991417,0.0,-1.5791981140911493,180,180,190,190,190,210,210
7.536964654922485,0.0004616613690893963,10.986946914967163,0.2617993877991417,0.0,-1.5741473098682255,180,180,190,190,190,210,210
7.547152280807495,0.0004616613690893963,10.986946914967163,0.2617993877991417,0.0,-1.5741473098682255,180,180,190,190,190,210,210
7.5574047565460205,0.0004616613690893963,10.986946914967163,0.2617993877991417,0.0,-1.5741473098682255,180,180,190,190,190,210,210
7.567635774612427,0.0004616613690893963,10.986946914967163,0.2617993877991417,0.0,-1.5741473098682255,180,180,190,190,190,210,210
7.581847667694092,0.0004599330381714075,10.984532159311602,0.2617993877991417,0.0,-1.5664521863426224,180,180,190,190,190,210,210
7.592094421386719,0.0004599330381714075,10.984532159311602,0.2617993877991417,0.0,-1.5664521863426224,180,180,190,190,190,210,210
7.6026530265808105,0.0004380818201481447,10.981722952152106,0.2617993877991417,0.0,-1.5561969703193597,180,180,190,190,190,210,210
7.622588396072388,0.0004380818201481447,10.981722952152106,0.2617993877991417,0.0,-1.5561969703193597,180,180,190,190,190,210,210
7.632871627807617,0.00037676984197004154,10.97858599846996,0.2617993877991417,0.0,-1.5432093595506284,180,180,190,190,190,210,210
7.643094062805176,0.00037676984197004154,10.97858599846996,0.2617993877991417,0.0,-1.5432093595506284,180,180,190,190,190,210,210
7.653329133987427,0.00037676984197004154,10.97858599846996,0.2617993877991417,0.0,-1.5432093595506284,180,180,190,190,190,210,210
7.664304733276367,0.00037676984197004154,10.97858599846996,0.2617993877991417,0.0,-1.5432093595506284,180,180,190,190,190,210,210
7.674523115158081,0.00025995059623172654,10.975058215529957,0.2617993877991417,0.0,-1.5290189626402455,180,180,190,190,190,210,210
7.684816837310791,0.00025995059623172654,10.975058215529957,0.2617993877991417,0.0,-1.5290189626402455,180,180,190,190,190,210,210
7.695080995559692,0.00025995059623172654,10.975058215529957,0.2617993877991417,0.0,-1.5290189626402455,180,180,190,190,190,210,210
7.710412502288818,0.00010250525903091149,10.971375505721099,0.2617993877991417,0.0,-1.5171393706328407,180,180,190,190,190,210,210
7.720744848251343,0.00010250525903091149,10.971375505721099,0.2617993877991417,0.0,-1.5171393706328407,180,180,190,190,190,210,210
7.731070518493652,0.00010250525903091149,10.971375505721099,0.2617993877991417,0.0,-1.5171393706328407,180,190,190,190,190,210,210
7.7417261600494385,-0.00012222210015273112,10.967393192165797,0.2617993877991417,0.0,-1.5087790734292044,180,190,190,190,190,210,210
7.7519755363464355,-0.00012222210015273112,10.967393192165797,0.2617993877991417,0.0,-1.5087790734292044,180,190,190,190,190,210,210
7.762191295623779,-0.00012222210015273112,10.967393192165797,0.2617993877991417,0.0,-1.5087790734292044,180,190,190,190,190,210,210
7.772382974624634,-0.00041712701601699133,10.962772377731222,0.2617993877991417,0.0,-1.503690526321786,180,190,190,190,190,210,210
7.792915344238281,-0.00041712701601699133,10.962772377731222,0.2617993877991417,0.0,-1.503690526321786,180,190,190,190,190,210,210
7.803192377090454,-0.0007674212752082187,10.957603412389922,0.2617993877991417,0.0,-1.5015203465375861,180,190,190,190,190,210,210
7.8134071826934814,-0.0007674212752082187,10.957603412389922,0.2617993877991417,0.0,-1.5015203465375861,180,190,190,190,190,210,210
7.8236565589904785,-0.0007674212752082187,10.957603412389922,0.2617993877991417,0.0,-1.5015203465375861,180,190,190,190,190,210,210
7.839731216430664,-0.0011842821827228794,10.951628318949403,0.2617993877991417,0.0,-1.5005678441906845,180,190,190,190,190,210,210
7.849998474121094,-0.0011842821827228794,10.951628318949403,0.2617993877991417,0.0,-1.5005678441906845,180,190,190,190,190,210,210
7.860182523727417,-0.0011842821827228794,10.951628318949403,0.2617993877991417,0.0,-1.5005678441906845,180,190,190,190,190,210,210
7.870474100112915,-0.0016841998816960807,10.94454233638286,0.2617993877991417,0.0,-1.499909325442954,180,190,190,190,190,210,210
7.8855202198028564,-0.0016841998816960807,10.94454233638286,0.2617993877991417,0.0,-1.499909325442954,180,190,190,190,190,210,210
7.895732641220093,-0.0016841998816960807,10.94454233638286,0.2617993877991417,0.0,-1.499909325442954,180,190,190,190,190,210,210
7.905933856964111,-0.0022417056618699487,10.936740104009848,0.2617993877991417,0.0,-1.4986383214937071,180,180,190,190,190,190,210
7.925581216812134,-0.0022417056618699487,10.936740104009848,0.2617993877991417,0.0,-1.4986383214937071,180,180,190,190,190,190,210
7.935863256454468,-0.002859790628540957,10.928250545116084,0.2617993877991417,0.0,-1.4977135389629284,180,180,190,190,190,190,210
7.946059226989746,-0.002859790628540957,10.928250545116084,0.2617993877991417,0.0,-1.4977135389629284,190,190,180,190,190,200,210
7.9666454792022705,-0.002859790628540957,10.928250545116084,0.2617993877991417,0.0,-1.4977135389629284,190,190,180,190,190,200,210
7.977018356323242,-0.0035110775739771506,10.919344316343135,0.2617993877991417,0.0,-1.4977008417362472,190,190,180,190,190,200,210
7.987267255783081,-0.0035110775739771506,10.919344316343135,0.2617993877991417,0.0,-1.4977008417362472,190,190,190,190,200,210,210
7.997530937194824,-0.0035110775739771506,10.919344316343135,0.2617993877991417,0.0,-1.4977008417362472,190,190,190,190,200,210,210
8.007802963256836,-0.0041398604448532874,10.910705921536236,0.2617993877991417,0.0,-1.4975847695081916,190,190,190,190,200,210,210
8.018005609512329,-0.0041398604448532874,10.910705921536236,0.2617993877991417,0.0,-1.4975847695081916,190,190,190,190,200,210,210
8.028237581253052,-0.0041398604448532874,10.910705921536236,0.2617993877991417,0.0,-1.4975847695081916,190,190,190,190,200,210,210
8.038506269454956,-0.0047702546690024175,10.902102436463807,0.2617993877991417,0.0,-1.4972050801381092,190,190,190,190,190,210,200
8.051710367202759,-0.0047702546690024175,10.902102436463807,0.2617993877991417,0.0,-1.4972050801381092,190,190,190,190,190,210,200
8.061936616897583,-0.0047702546690024175,10.902102436463807,0.2617993877991417,0.0,-1.4972050801381092,190,190,190,190,190,210,200
8.072150707244873,-0.0054241956139675085,10.893234641257706,0.2617993877991417,0.0,-1.4969378074140935,190,190,180,190,190,210,190
8.093317031860352,-0.0054241956139675085,10.893234641257706,0.2617993877991417,0.0,-1.4969378074140935,190,190,180,190,190,210,190
8.103594303131104,-0.006055994222248867,10.884626162390578,0.2617993877991417,0.0,-1.4967783746239132,190,190,180,190,190,210,190
8.113842248916626,-0.006055994222248867,10.884626162390578,0.2617993877991417,0.0,-1.4967783746239132,180,190,190,190,180,210,180
8.124072551727295,-0.006055994222248867,10.884626162390578,0.2617993877991417,0.0,-1.4967783746239132,180,190,190,190,180,210,180
8.138936758041382,-0.006690702401692602,10.876038204022317,0.2617993877991417,0.0,-1.4968054951132077,180,190,190,190,180,210,180
8.149170160293579,-0.006690702401692602,10.876038204022317,0.2617993877991417,0.0,-1.4968054951132077,180,190,190,190,180,210,180
8.159390687942505,-0.006690702401692602,10.876038204022317,0.2617993877991417,0.0,-1.4968054951132077,190,190,180,190,210,210,180
8.16963005065918,-0.007345775440956666,10.86718778680045,0.2617993877991417,0.0,-1.496878471897724,190,190,180,190,210,210,180
8.180821180343628,-0.007345775440956666,10.86718778680045,0.2617993877991417,0.0,-1.496878471897724,190,190,180,190,210,210,180
8.191033601760864,-0.007345775440956666,10.86718778680045,0.2617993877991417,0.0,-1.496878471897724,190,190,180,190,210,210,180
8.201216220855713,-0.007981179060222943,10.858590691285048,0.2617993877991417,0.0,-1.4969602516775153,180,190,180,180,210,210,180
8.211456537246704,-0.007981179060222943,10.858590691285048,0.2617993877991417,0.0,-1.4969602516775153,180,190,180,180,210,210,180
8.222915649414062,-0.007981179060222943,10.858590691285048,0.2617993877991417,0.0,-1.4969602516775153,180,190,180,180,210,210,180
8.23311996459961,-0.008616553643330324,10.84998297775844,0.2617993877991417,0.0,-1.4970333163963199,180,190,180,180,210,210,180
8.24332571029663,-0.008616553643330324,10.84998297775844,0.2617993877991417,0.0,-1.4970333163963199,180,190,180,180,210,210,180
8.253576517105103,-0.008616553643330324,10.84998297775844,0.2617993877991417,0.0,-1.4970333163963199,180,190,190,180,200,210,190
8.268743515014648,-0.008616553643330324,10.84998297775844,0.2617993877991417,0.0,-1.4970333163963199,180,190,190,180,200,210,190
8.27905797958374,-0.009271521552900697,10.841103869670327,0.2617993877991417,0.0,-1.4971036872296255,180,190,190,180,200,210,190
8.289353609085083,-0.009271521552900697,10.841103869670327,0.2617993877991417,0.0,-1.4971036872296255,180,190,190,180,200,210,190
8.299583196640015,-0.009907504604495479,10.832476191894607,0.2617993877991417,0.0,-1.497165428166565,180,180,190,180,190,210,190
8.315025568008423,-0.009907504604495479,10.832476191894607,0.2617993877991417,0.0,-1.497165428166565,180,180,190,180,190,210,190
8.325226545333862,-0.009907504604495479,10.832476191894607,0.2617993877991417,0.0,-1.497165428166565,180,180,190,180,190,210,190
8.335428714752197,-0.01054394385828949,10.82383978758909,0.2617993877991417,0.0,-1.497213572416597,180,180,190,180,190,210,190
8.345668077468872,-0.01054394385828949,10.82383978758909,0.2617993877991417,0.0,-1.497213572416597,180,180,190,180,180,210,180
8.359193563461304,-0.01054394385828949,10.82383978758909,0.2617993877991417,0.0,-1.497213572416597,180,180,190,180,180,210,180
8.369401931762695,-0.01119986643873096,10.814938562620405,0.2617993877991417,0.0,-1.4972112909954243,180,180,190,180,180,210,180
8.379603862762451,-0.01119986643873096,10.814938562620405,0.2617993877991417,0.0,-1.4972112909954243,180,180,190,180,180,210,180
8.389804601669312,-0.01119986643873096,10.814938562620405,0.2617993877991417,0.0,-1.4972112909954243,180,180,190,180,180,210,180
8.402526140213013,-0.011836778666340683,10.806303260061974,0.2617993877991417,0.0,-1.4970846498870924,180,180,190,180,180,210,180
8.412709951400757,-0.011836778666340683,10.806303260061974,0.2617993877991417,0.0,-1.4970846498870924,180,180,190,180,180,210,180
8.422903060913086,-0.011836778666340683,10.806303260061974,0.2617993877991417,0.0,-1.4970846498870924,180,180,190,180,180,210,180
8.43322467803955,-0.012471271309576495,10.79770436819084,0.2617993877991417,0.0,-1.4966810446805499,180,180,190,180,190,210,190
8.446693897247314,-0.012471271309576495,10.79770436819084,0.2617993877991417,0.0,-1.4966810446805499,180,180,190,180,190,210,190
8.456880569458008,-0.012471271309576495,10.79770436819084,0.2617993877991417,0.0,-1.4966810446805499,180,180,190,180,190,210,190
8.467095375061035,-0.013128367949379919,10.788831902478856,0.2617993877991417,0.0,-1.496451853638093,180,180,190,190,190,210,190
8.477319240570068,-0.013128367949379919,10.788831902478856,0.2617993877991417,0.0,-1.496451853638093,180,180,190,190,190,210,190
8.48866891860962,-0.013128367949379919,10.788831902478856,0.2617993877991417,0.0,-1.496451853638093,180,180,190,190,190,210,190
8.498882532119751,-0.013128367949379919,10.788831902478856,0.2617993877991417,0.0,-1.496451853638093,180,180,190,190,190,210,190
8.509209156036377,-0.013766165911561623,10.780225170946235,0.2617993877991417,0.0,-1.4963085159166376,180,180,190,190,200,210,190
8.519434928894043,-0.013766165911561623,10.780225170946235,0.2617993877991417,0.0,-1.4963085159166376,180,180,190,190,200,210,190
8.530649662017822,-0.013766165911561623,10.780225170946235,0.2617993877991417,0.0,-1.4963085159166376,180,180,190,190,200,210,190
8.540863275527954,-0.014404133096246545,10.771638735558824,0.2617993877991417,0.0,-1.4963504271633352,180,180,190,190,200,210,190
8.551074743270874,-0.014404133096246545,10.771638735558824,0.2617993877991417,0.0,-1.4963504271633352,180,180,190,190,200,210,190
8.561302423477173,-0.014404133096246545,10.771638735558824,0.2617993877991417,0.0,-1.4963504271633352,180,180,170,180,190,210,190
8.57523488998413,-0.015063263972052359,10.762788086800212,0.2617993877991417,0.0,-1.4964266436031297,180,180,170,180,190,210,190
8.585442066192627,-0.015063263972052359,10.762788086800212,0.2617993877991417,0.0,-1.4964266436031297,180,180,170,180,190,210,190
8.595645427703857,-0.015063263972052359,10.762788086800212,0.2617993877991417,0.0,-1.4964266436031297,180,180,170,180,190,210,190
8.605857849121094,-0.015702619567188516,10.754190097704639,0.2617993877991417,0.0,-1.4965075260013059,180,180,180,180,190,210,190
8.620824575424194,-0.015702619567188516,10.754190097704639,0.2617993877991417,0.0,-1.4965075260013059,180,180,180,180,190,210,190
8.631030797958374,-0.015702619567188516,10.754190097704639,0.2617993877991417,0.0,-1.4965075260013059,180,180,180,180,190,210,190
8.641229152679443,-0.016342010611563363,10.745581321288608,0.2617993877991417,0.0,-1.4965794737703009,180,180,180,180,190,210,190
8.651479959487915,-0.016342010611563363,10.745581321288608,0.2617993877991417,0.0,-1.4965794737703009,180,180,180,190,210,210,190
8.665064096450806,-0.016342010611563363,10.745581321288608,0.2617993877991417,0.0,-1.4965794737703009,180,180,180,190,210,210,190
8.675256252288818,-0.01700111301334019,10.736701314728897,0.2617993877991417,0.0,-1.4966493377137187,180,180,180,190,210,210,190
8.68548583984375,-0.01700111301334019,10.736701314728897,0.2617993877991417,0.0,-1.4966493377137187,180,180,180,190,210,210,190
8.695672512054443,-0.01700111301334019,10.736701314728897,0.2617993877991417,0.0,-1.4966493377137187,180,180,180,190,210,210,190
8.708178758621216,-0.017641135380033274,10.728072827815524,0.2617993877991417,0.0,-1.4967099034538571,180,180,180,190,210,210,190
8.718414068222046,-0.017641135380033274,10.728072827815524,0.2617993877991417,0.0,-1.4967099034538571,180,180,180,190,210,210,190
8.728605508804321,-0.017641135380033274,10.728072827815524,0.2617993877991417,0.0,-1.4967099034538571,180,180,180,190,210,210,190
8.738840103149414,-0.01828161376956231,10.719435818936685,0.2617993877991417,0.0,-1.496755298460421,180,180,180,180,200,210,190
8.752007722854614,-0.01828161376956231,10.719435818936685,0.2617993877991417,0.0,-1.496755298460421,180,180,180,180,200,210,190
8.762337446212769,-0.01828161376956231,10.719435818936685,0.2617993877991417,0.0,-1.496755298460421,180,180,180,180,200,210,190
8.7725350856781,-0.018941778811187845,10.710535044330083,0.2617993877991417,0.0,-1.49674316276876,180,180,180,180,200,210,190
8.782772779464722,-0.018941778811187845,10.710535044330083,0.2617993877991417,0.0,-1.49674316276876,180,180,180,180,200,210,190
8.795445442199707,-0.018941778811187845,10.710535044330083,0.2617993877991417,0.0,-1.49674316276876,180,180,180,180,200,210,190
8.805805206298828,-0.019581860717927113,10.701901689386538,0.2617993877991417,0.0,-1.4965943808918867,180,180,180,180,200,210,190
8.81601357460022,-0.019581860717927113,10.701901689386538,0.2617993877991417,0.0,-1.4965943808918867,180,180,180,180,200,210,190
8.826316118240356,-0.019581860717927113,10.701901689386538,0.2617993877991417,0.0,-1.4965943808918867,180,180,180,180,210,210,190
8.840583324432373,-0.019581860717927113,10.701901689386538,0.2617993877991417,0.0,-1.4965943808918867,180,180,180,180,210,210,190
8.850937366485596,-0.02022123151931405,10.693306994374854,0.2617993877991417,0.05235987755982833,-1.4961736350247483,180,180,180,180,210,210,190
8.861204385757446,-0.02022123151931405,10.693306994374854,0.2617993877991417,0.157079632679485,-1.4961736350247483,180,180,180,180,210,210,190
8.871416568756104,-0.020881212849606243,10.684433589347465,0.2617993877991417,0.19198621771937055,-1.4959630186017148,180,180,180,180,210,210,190
8.88168740272522,-0.020881212849606243,10.684433589347465,0.2617993877991417,0.19198621771937055,-1.4959630186017148,180,180,180,180,210,210,190
8.891868114471436,-0.020881212849606243,10.684433589347465,0.2617993877991417,0.2268928027592561,-1.4959630186017148,180,180,180,180,210,210,190
8.902137041091919,-0.021526171139407933,10.675719566007942,0.2617993877991417,0.24434609527919887,-1.4973765296425374,180,180,180,180,210,210,190
8.912378072738647,-0.021526171139407933,10.675719566007942,0.2617993877991417,0.24434609527919887,-1.4973765296425374,180,180,180,180,210,210,190
8.922591209411621,-0.021526171139407933,10.675719566007942,0.2617993877991417,-0.06981317007977111,-1.4973765296425374,180,180,180,180,210,210,190
8.932791471481323,-0.021526171139407933,10.675719566007942,0.2617993877991417,-0.06981317007977111,-1.4973765296425374,180,180,180,180,210,210,190
8.943008422851562,-0.02215467424677896,10.666887316104251,0.2617993877991417,-0.05235987755982833,-1.502469593907865,180,180,180,180,210,210,190
8.953223705291748,-0.02215467424677896,10.666887316104251,0.2617993877991417,0.0,-1.502469593907865,180,180,180,180,200,200,190
8.964956521987915,-0.02215467424677896,10.666887316104251,0.2617993877991417,0.0,-1.502469593907865,180,180,180,180,200,200,190
8.975168466567993,-0.022744726299563048,10.658013998955923,0.2617993877991417,0.0,-1.5042018523235843,180,180,180,180,200,200,190
8.985368728637695,-0.022744726299563048,10.658013998955923,0.2617993877991417,0.0,-1.5042018523235843,180,180,180,180,200,200,190
8.995588779449463,-0.022744726299563048,10.658013998955923,0.2617993877991417,0.0,-1.5042018523235843,180,180,180,180,200,200,190
9.008239984512329,-0.023318511966771645,10.649419882435222,0.2617993877991417,0.0,-1.504120566291644,180,180,180,180,200,200,190
9.01843810081482,-0.023318511966771645,10.649419882435222,0.2617993877991417,0.0,-1.504120566291644,180,180,180,180,200,200,190
9.028637170791626,-0.023318511966771645,10.649419882435222,0.2617993877991417,0.0,-1.504120566291644,180,180,190,190,210,210,200
9.038855791091919,-0.023892290161159065,10.640806115205734,0.2617993877991417,0.0,-1.5042077721124476,180,180,190,190,210,210,200
9.053594589233398,-0.023892290161159065,10.640806115205734,0.2617993877991417,0.0,-1.5042077721124476,180,180,190,190,210,210,200
9.063807487487793,-0.023892290161159065,10.640806115205734,0.2617993877991417,0.0,-1.5042077721124476,180,180,190,190,210,210,200
9.073967695236206,-0.024483693060585586,10.631920225238922,0.2617993877991417,0.0,-1.5042875910150686,190,180,190,190,210,210,200
9.084189414978027,-0.024483693060585586,10.631920225238922,0.2617993877991417,0.0,-1.5042875910150686,190,180,190,190,210,210,200
9.094618320465088,-0.024483693060585586,10.631920225238922,0.2617993877991417,0.0,-1.5042875910150686,190,180,190,190,210,210,200
9.104839563369751,-0.0250578321667191,10.623286314889503,0.2617993877991417,0.0,-1.5043555238079498,190,180,190,190,210,210,200
9.115045070648193,-0.0250578321667191,10.623286314889503,0.2617993877991417,0.0,-1.5043555238079498,190,180,190,190,210,210,200
9.12526559829712,-0.0250578321667191,10.623286314889503,0.2617993877991417,0.0,-1.5043555238079498,180,180,180,190,190,210,190
9.139158964157104,-0.0250578321667191,10.623286314889503,0.2617993877991417,0.0,-1.5043555238079498,180,180,180,190,190,210,190
9.149502992630005,-0.025632037430570062,10.614645439012424,0.2617993877991417,0.0,-1.5043975805510037,180,180,180,190,190,210,190
9.159907817840576,-0.025632037430570062,10.614645439012424,0.2617993877991417,0.157079632679485,-1.5043975805510037,190,190,180,190,180,210,190
9.170134782791138,-0.026224277617399427,10.605742324089828,0.2617993877991417,0.157079632679485,-1.5043679971295383,190,190,180,190,180,210,190
9.180377960205078,-0.026224277617399427,10.605742324089828,0.2617993877991417,0.2617993877991417,-1.5043679971295383,190,190,180,190,180,210,190
9.190601587295532,-0.026224277617399427,10.605742324089828,0.2617993877991417,0.27925268031908446,-1.5043679971295383,190,190,180,190,180,210,190
9.2008056640625,-0.0267839732049577,10.597227313226874,0.2617993877991417,0.27925268031908446,-1.5057887435937678,190,190,180,190,180,210,190
9.21110725402832,-0.0267839732049577,10.597227313226874,0.2617993877991417,0.31415926535897,-1.5057887435937678,180,190,190,190,190,210,200
9.22846794128418,-0.0267839732049577,10.597227313226874,0.2617993877991417,0.34906585039885557,-1.5057887435937678,180,190,190,190,190,210,200
9.238721370697021,-0.027310094405504533,10.588873747047721,0.2617993877991417,0.34906585039885557,-1.5093083096653572,180,190,190,190,190,210,200
9.248933553695679,-0.027310094405504533,10.588873747047721,0.2617993877991417,0.34906585039885557,-1.5093083096653572,190,190,190,190,190,210,200
9.259137630462646,-0.027310094405504533,10.588873747047721,0.2617993877991417,0.36651914291879834,-1.5093083096653572,190,190,190,190,190,210,200
9.270455360412598,-0.027802323339781394,10.580333382045154,0.2617993877991417,0.34906585039885557,-1.516904005994269,190,190,190,190,190,210,200
9.2806715965271,-0.027802323339781394,10.580333382045154,0.2617993877991417,0.34906585039885557,-1.516904005994269,190,190,190,190,190,210,200
9.29085111618042,-0.027802323339781394,10.580333382045154,0.2617993877991417,0.0,-1.516904005994269,190,190,190,190,190,210,200
9.301090717315674,-0.028213464955473725,10.57188273746804,0.2617993877991417,0.0,-1.5281088571642765,180,190,190,190,190,210,200
9.315093278884888,-0.028213464955473725,10.57188273746804,0.2617993877991417,0.0,-1.5281088571642765,180,190,190,190,190,210,200
9.325275897979736,-0.028213464955473725,10.57188273746804,0.2617993877991417,0.0,-1.5281088571642765,180,190,190,190,190,210,200
9.335462093353271,-0.028522933053485224,10.563604662562163,0.2617993877991417,0.0,-1.5368643943599563,180,180,190,190,190,210,200
9.356542110443115,-0.028522933053485224,10.563604662562163,0.2617993877991417,0.0,-1.5368643943599563,180,180,190,190,190,210,200
9.366764307022095,-0.0287851933899392,10.555254967089553,0.2617993877991417,0.0,-1.5405422961207684,180,180,190,190,190,210,200
9.377197265625,-0.0287851933899392,10.555254967089553,0.2617993877991417,0.0,-1.5405422961207684,180,180,190,190,190,210,200
9.387514114379883,-0.0287851933899392,10.555254967089553,0.2617993877991417,0.0,-1.5405422961207684,180,180,190,180,190,210,200
9.401122331619263,-0.0287851933899392,10.555254967089553,0.2617993877991417,0.0,-1.5405422961207684,180,180,190,180,190,210,200
9.411423206329346,-0.029030947211054987,10.546841422931323,0.2617993877991417,0.0,-1.5419934580071701,180,180,190,180,190,210,200
9.421657085418701,-0.029030947211054987,10.546841422931323,0.2617993877991417,0.0,-1.5419934580071701,180,180,190,180,190,210,200
9.431849718093872,-0.029030947211054987,10.546841422931323,0.2617993877991417,0.0,-1.5419934580071701,190,180,180,180,180,210,200
9.446849584579468,-0.029278631923469925,10.538212701520036,0.2617993877991417,0.0,-1.5421283340212129,190,180,180,180,180,210,200
9.457077980041504,-0.029278631923469925,10.538212701520036,0.2617993877991417,0.0,-1.5421283340212129,190,180,180,180,180,210,200
9.467272758483887,-0.029278631923469925,10.538212701520036,0.2617993877991417,0.0,-1.5421283340212129,190,180,180,180,180,210,200
9.477467060089111,-0.029532641820880338,10.529310673413896,0.2617993877991417,0.0,-1.5422488807564634,190,180,180,180,180,200,200
9.493107318878174,-0.029532641820880338,10.529310673413896,0.2617993877991417,0.0,-1.5422488807564634,190,180,180,180,180,200,200
9.503384590148926,-0.02977862251840521,10.520662297528109,0.2617993877991417,0.0,-1.5423425221018932,190,180,180,180,180,200,200
9.513574838638306,-0.02977862251840521,10.520662297528109,0.2617993877991417,0.0,-1.5423425221018932,190,180,180,180,180,200,200
9.523823022842407,-0.02977862251840521,10.520662297528109,0.2617993877991417,0.0,-1.5423425221018932,180,180,180,170,190,200,200
9.537901401519775,-0.02977862251840521,10.520662297528109,0.2617993877991417,0.0,-1.5423425221018932,180,180,180,170,190,200,200
9.54836916923523,-0.03002404985320628,10.512011697974271,0.2617993877991417,0.0,-1.5423829262003539,180,180,180,170,190,200,200
9.558573484420776,-0.03002404985320628,10.512011697974271,0.2617993877991417,0.0,-1.5423829262003539,180,180,180,170,190,200,200
9.569047451019287,-0.03027284304257406,10.503107985887423,0.2617993877991417,0.0,-1.542285353452171,180,180,180,180,190,190,210
9.579353332519531,-0.03027284304257406,10.503107985887423,0.2617993877991417,0.0,-1.542285353452171,180,180,180,180,190,190,210
9.589571237564087,-0.03027284304257406,10.503107985887423,0.2617993877991417,0.0,-1.542285353452171,180,180,180,180,190,190,210
9.599751710891724,-0.03051850187281262,10.49450803185445,0.2617993877991417,0.0,-1.541824459838331,180,180,180,180,190,190,210
9.609979391098022,-0.03051850187281262,10.49450803185445,0.2617993877991417,0.0,-1.541824459838331,180,180,180,180,190,190,210
9.620190382003784,-0.03051850187281262,10.49450803185445,0.2617993877991417,0.0,-1.541824459838331,180,180,180,180,190,200,210
9.633864164352417,-0.03051850187281262,10.49450803185445,0.2617993877991417,0.0,-1.541824459838331,180,180,180,180,190,200,210
9.64406418800354,-0.030767520734425825,10.485874732052903,0.2617993877991417,0.0,-1.5415644513656594,180,180,180,180,190,200,210
9.654285430908203,-0.030767520734425825,10.485874732052903,0.2617993877991417,0.0,-1.5415644513656594,180,180,180,180,180,190,210
9.674033403396606,-0.030767520734425825,10.485874732052903,0.2617993877991417,0.0,-1.5415644513656594,180,180,180,180,180,190,210
9.684448003768921,-0.031027994434210157,10.476979272219618,0.2617993877991417,0.0,-1.5413442832668707,180,180,180,180,180,190,210
9.694709062576294,-0.031027994434210157,10.476979272219618,0.2617993877991417,0.0,-1.5413442832668707,180,180,180,180,180,200,210
9.714550018310547,-0.03127752149280624,10.468346878576604,0.2617993877991417,0.0,-1.5412125373951184,180,180,180,180,180,200,210
9.724778652191162,-0.03127752149280624,10.468346878576604,0.2617993877991417,0.12217304763959944,-1.5412125373951184,180,180,180,180,180,200,210
9.73497462272644,-0.03153145949756617,10.459726935812942,0.2617993877991417,0.13962634015954223,-1.5412390097735962,180,180,180,180,180,200,210
9.745185852050781,-0.03153145949756617,10.459726935812942,0.2617993877991417,0.13962634015954223,-1.5412390097735962,180,180,180,190,180,200,210
9.763519525527954,-0.03153145949756617,10.459726935812942,0.2617993877991417,0.24434609527919887,-1.5412390097735962,180,180,180,190,180,200,210
9.773739099502563,-0.03178365566102204,10.450790080495945,0.2617993877991417,0.24434609527919887,-1.5449616548689462,180,180,180,190,180,200,210
9.783945322036743,-0.03178365566102204,10.450790080495945,0.2617993877991417,0.2617993877991417,-1.5449616548689462,180,180,180,190,180,200,210
9.794224977493286,-0.03178365566102204,10.450790080495945,0.2617993877991417,0.2617993877991417,-1.5449616548689462,190,180,180,190,180,190,210
9.807287454605103,-0.03197334697001561,10.442216974454007,0.2617993877991417,0.27925268031908446,-1.5527467701549225,190,180,180,190,180,190,210
9.817474603652954,-0.03197334697001561,10.442216974454007,0.2617993877991417,0.27925268031908446,-1.5527467701549225,190,180,180,190,180,190,210
9.82767367362976,-0.03197334697001561,10.442216974454007,0.2617993877991417,0.27925268031908446,-1.5527467701549225,190,180,180,190,180,190,210
9.83792781829834,-0.032088839835326274,10.433661992261555,0.2617993877991417,0.2967059728390272,-1.5620432525477315,200,180,180,180,190,190,210
9.852346181869507,-0.032088839835326274,10.433661992261555,0.2617993877991417,0.2617993877991417,-1.5620432525477315,200,180,180,180,190,190,210
9.862548589706421,-0.032088839835326274,10.433661992261555,0.2617993877991417,0.05235987755982833,-1.5620432525477315,200,180,180,180,190,190,210
9.872762441635132,-0.03212187303772177,10.424842560543496,0.2617993877991417,0.05235987755982833,-1.5722443917015796,190,190,180,180,190,190,200
9.891826629638672,-0.03212187303772177,10.424842560543496,0.2617993877991417,0.0,-1.5722443917015796,190,190,180,180,190,190,200
9.902050018310547,-0.03207763554183938,10.41615674495046,0.2617993877991417,0.0,-1.5777347736173106,190,190,180,180,190,190,200
9.912253141403198,-0.03207763554183938,10.41615674495046,0.2617993877991417,0.0,-1.5777347736173106,190,190,180,180,190,190,200
9.922476053237915,-0.03207763554183938,10.41615674495046,0.2617993877991417,0.0,-1.5777347736173106,190,190,190,180,190,200,210
9.939266920089722,-0.03201432716128617,10.407414639193846,0.2617993877991417,0.0,-1.5784305056062715,190,190,190,180,190,200,210
9.949488639831543,-0.03201432716128617,10.407414639193846,0.2617993877991417,0.0,-1.5784305056062715,190,190,190,180,190,200,210
9.959725379943848,-0.03201432716128617,10.407414639193846,0.2617993877991417,0.0,-1.5784305056062715,190,190,190,180,180,190,200
9.970115900039673,-0.03194439740917441,10.398471604477118,0.2617993877991417,0.0,-1.5786389396862053,190,190,190,180,180,190,200
9.980332374572754,-0.03194439740917441,10.398471604477118,0.2617993877991417,0.0,-1.5786389396862053,190,190,190,180,180,190,200
9.9905366897583,-0.03194439740917441,10.398471604477118,0.2617993877991417,0.0,-1.5786389396862053,190,190,190,180,180,190,200
10.00072693824768,-0.03187496034911017,10.38983605577566,0.2617993877991417,0.0,-1.5784513163919944,190,190,180,180,180,190,200
10.021222114562988,-0.03187496034911017,10.38983605577566,0.2617993877991417,0.0,-1.5784513163919944,190,190,180,180,180,190,200
10.031447887420654,-0.03187496034911017,10.38983605577566,0.2617993877991417,0.0,-1.5784513163919944,190,190,180,180,180,190,200
10.041662693023682,-0.0318094693742744,10.38119528041645,0.2617993877991417,0.0,-1.5782353228281454,190,190,180,180,180,190,200
10.05218505859375,-0.0318094693742744,10.38119528041645,0.2617993877991417,0.0,-1.5782353228281454,190,190,180,180,180,190,200
10.066625833511353,-0.0318094693742744,10.38119528041645,0.2617993877991417,0.0,-1.5782353228281454,190,190,180,180,180,190,200
10.07694673538208,-0.03174441585359424,10.372289734133417,0.2617993877991417,0.0,-1.5780464017065172,190,190,180,180,180,190,200
10.087265491485596,-0.03174441585359424,10.372289734133417,0.2617993877991417,0.0,-1.5780464017065172,190,190,180,180,180,190,200
10.097522497177124,-0.03174441585359424,10.372289734133417,0.2617993877991417,0.0,-1.5780464017065172,180,180,180,180,180,190,200
10.114450693130493,-0.03168334284650557,10.363652287494457,0.2617993877991417,0.0,-1.5779672607330562,180,180,180,180,180,190,200
10.124678373336792,-0.03168334284650557,10.363652287494457,0.2617993877991417,0.0,-1.5779672607330562,180,180,180,180,180,190,200
10.134922742843628,-0.03161749995463327,10.35504831403547,0.2617993877991417,0.0,-1.5781802933087479,180,180,180,180,180,170,200
10.14515233039856,-0.03161749995463327,10.35504831403547,0.2617993877991417,0.0,-1.5781802933087479,180,180,180,180,180,170,200
10.157366514205933,-0.03161749995463327,10.35504831403547,0.2617993877991417,0.0,-1.5781802933087479,180,180,180,180,180,170,200
10.167572736740112,-0.03154862263389803,10.346174575394457,0.2617993877991417,0.0,-1.5783866766507129,180,180,180,180,180,170,200
10.177754878997803,-0.03154862263389803,10.346174575394457,0.2617993877991417,0.0,-1.5783866766507129,180,180,180,180,180,170,190
10.187984466552734,-0.03154862263389803,10.346174575394457,0.2617993877991417,0.0,-1.5783866766507129,180,180,180,180,180,170,190
10.202293872833252,-0.03154862263389803,10.346174575394457,0.2617993877991417,0.0,-1.5783866766507129,180,180,180,180,180,170,190
10.212692260742188,-0.0314819677390676,10.33755164206293,0.2617993877991417,0.0,-1.5785809234830894,180,180,180,180,180,170,190
10.222967624664307,-0.0314819677390676,10.33755164206293,0.2617993877991417,0.0,-1.5785809234830894,180,180,180,180,180,170,190
10.233606815338135,-0.031413505133684363,10.328919430951842,0.2617993877991417,0.0,-1.578771995402417,180,180,180,180,180,170,200
10.249335527420044,-0.031413505133684363,10.328919430951842,0.2617993877991417,0.0,-1.578771995402417,180,180,180,180,180,170,200
10.259540796279907,-0.031413505133684363,10.328919430951842,0.2617993877991417,0.0,-1.578771995402417,180,180,180,180,180,170,200
10.269752025604248,-0.03134127433024632,10.320012988618059,0.2617993877991417,0.0,-1.578945247929038,180,180,180,180,180,170,200
10.280018329620361,-0.03134127433024632,10.320012988618059,0.2617993877991417,0.0,-1.578945247929038,190,180,180,180,180,180,200
10.296521186828613,-0.03134127433024632,10.320012988618059,0.2617993877991417,0.0,-1.578945247929038,190,180,180,180,180,180,200
10.306732654571533,-0.031270095282102915,10.311362399330353,0.2617993877991417,0.0,-1.579065164528541,190,180,180,180,180,180,200
10.316949844360352,-0.031270095282102915,10.311362399330353,0.2617993877991417,0.0,-1.579065164528541,190,180,180,180,180,170,200
10.327166557312012,-0.031270095282102915,10.311362399330353,0.2617993877991417,0.0,-1.579065164528541,190,180,180,180,180,170,200
10.340136528015137,-0.031197432866359287,10.302712424740232,0.2617993877991417,0.0,-1.5791142358360222,190,180,180,180,180,170,200
10.35034465789795,-0.031197432866359287,10.302712424740232,0.2617993877991417,0.0,-1.5791142358360222,190,180,180,180,180,170,200
10.360511064529419,-0.031197432866359287,10.302712424740232,0.2617993877991417,0.0,-1.5791142358360222,190,180,190,180,180,180,200
10.370718717575073,-0.0311205355356703,10.293806113572952,0.2617993877991417,0.0,-1.5790530079764835,190,180,190,180,180,180,200
10.387937784194946,-0.0311205355356703,10.293806113572952,0.2617993877991417,0.0,-1.5790530079764835,190,180,190,180,180,180,200
10.398198127746582,-0.0311205355356703,10.293806113572952,0.2617993877991417,0.0,-1.5790530079764835,190,180,190,180,180,180,200
10.408375978469849,-0.031047647370358915,10.285172519399401,0.2617993877991417,0.0,-1.578854116848084,190,180,190,180,180,180,200
10.418590307235718,-0.031047647370358915,10.285172519399401,0.2617993877991417,0.0,-1.578854116848084,190,180,190,180,180,180,200
10.437569379806519,-0.031047647370358915,10.285172519399401,0.2617993877991417,0.0,-1.578854116848084,190,180,190,180,180,180,200
10.447954893112183,-0.030978647681307144,10.276533136546895,0.2617993877991417,0.0,-1.5786323073352557,190,180,190,180,180,180,200
10.458209753036499,-0.030978647681307144,10.276533136546895,0.2617993877991417,0.0,-1.5786323073352557,190,180,190,180,180,180,200
10.468465089797974,-0.030909756473050765,10.267628963663139,0.2617993877991417,0.0,-1.5784535153341404,190,180,190,180,180,180,200
10.48587441444397,-0.030909756473050765,10.267628963663139,0.2617993877991417,0.0,-1.5784535153341404,190,180,190,180,180,180,200
10.496108531951904,-0.030909756473050765,10.267628963663139,0.2617993877991417,0.0,-1.5784535153341404,190,180,190,180,180,180,200
10.506385564804077,-0.030844411663802494,10.25899328599101,0.2617993877991417,0.0,-1.5783910220956827,190,180,190,180,180,180,200
10.516891717910767,-0.030844411663802494,10.25899328599101,0.2617993877991417,0.0,-1.5783910220956827,190,180,190,180,180,180,200
10.537604093551636,-0.030844411663802494,10.25899328599101,0.2617993877991417,0.0,-1.5783910220956827,190,180,190,180,180,180,200
10.548007488250732,-0.03077506165715318,10.250395143640834,0.2617993877991417,0.0,-1.57865096016712,190,180,190,180,180,180,200
10.558224201202393,-0.03077506165715318,10.250395143640834,0.2617993877991417,0.0,-1.57865096016712,190,190,190,180,190,180,200
10.568371772766113,-0.03070170161212613,10.24151817375266,0.2617993877991417,0.0,-1.5788416087979669,190,190,190,180,190,180,200
10.578584909439087,-0.03070170161212613,10.24151817375266,0.2617993877991417,0.0,-1.5788416087979669,190,190,190,180,190,180,200
10.590514659881592,-0.03070170161212613,10.24151817375266,0.2617993877991417,0.0,-1.5788416087979669,190,190,190,180,190,180,200
10.60072660446167,-0.030631314248796254,10.23289451738877,0.2617993877991417,0.0,-1.5790369498039531,190,190,190,180,190,180,200
10.610962390899658,-0.030631314248796254,10.23289451738877,0.2617993877991417,0.0,-1.5790369498039531,190,190,180,180,190,180,200
10.621212005615234,-0.030631314248796254,10.23289451738877,0.2617993877991417,0.0,-1.5790369498039531,190,190,180,180,190,180,200
10.635647296905518,-0.030631314248796254,10.23289451738877,0.2617993877991417,0.0,-1.5790369498039531,190,190,180,180,190,180,200
10.645857572555542,-0.03055886549850212,10.224260924064138,0.2617993877991417,0.0,-1.5792271781656064,190,190,180,180,190,180,200
10.656050682067871,-0.03055886549850212,10.224260924064138,0.2617993877991417,0.0,-1.5792271781656064,190,190,180,180,190,180,200
10.666224241256714,-0.030482648445022943,10.215353454158832,0.2617993877991417,0.0,-1.5793954317265568,190,190,180,180,190,180,200
10.67638087272644,-0.030482648445022943,10.215353454158832,0.2617993877991417,0.0,-1.5793954317265568,190,190,180,180,190,180,200
10.690390586853027,-0.030482648445022943,10.215353454158832,0.2617993877991417,0.0,-1.5793954317265568,190,190,180,180,190,180,200
10.700628995895386,-0.030407735196972676,10.20670282571115,0.2617993877991417,0.0,-1.5795076543401283,190,190,180,180,190,180,200
10.710841655731201,-0.030407735196972676,10.20670282571115,0.2617993877991417,0.0,-1.5795076543401283,190,180,180,180,190,180,200
10.721058368682861,-0.030407735196972676,10.20670282571115,0.2617993877991417,0.0,-1.5795076543401283,190,180,180,180,190,180,200
10.731244087219238,-0.030407735196972676,10.20670282571115,0.2617993877991417,0.0,-1.5795076543401283,190,180,180,180,190,180,200
10.744805574417114,-0.03033019097293119,10.198052893654442,0.2617993877991417,0.0,-1.579548993615997,190,180,180,180,190,180,200
10.755024433135986,-0.03033019097293119,10.198052893654442,0.2617993877991417,0.0,-1.579548993615997,190,180,180,180,190,180,200
10.765235185623169,-0.03033019097293119,10.198052893654442,0.2617993877991417,0.0,-1.579548993615997,180,180,180,180,190,180,190
10.775421857833862,-0.030249959707907472,10.189149372728199,0.2617993877991417,0.0,-1.5794594816441088,180,180,180,180,190,180,190
10.790642261505127,-0.030249959707907472,10.189149372728199,0.2617993877991417,0.0,-1.5794594816441088,180,180,180,180,190,180,190
10.800837278366089,-0.030173821631339564,10.180514780928217,0.2617993877991417,0.0,-1.5792609841579877,180,180,180,180,190,180,190
10.811037302017212,-0.030173821631339564,10.180514780928217,0.2617993877991417,0.0,-1.5792609841579877,190,180,180,180,190,180,190
10.821267366409302,-0.030173821631339564,10.180514780928217,0.2617993877991417,0.0,-1.5792609841579877,190,180,180,180,190,180,190
10.839695930480957,-0.030173821631339564,10.180514780928217,0.2617993877991417,0.0,-1.5792609841579877,190,180,180,180,190,180,190
10.85002613067627,-0.03010157306391927,10.17187465864099,0.2617993877991417,0.0,-1.5790391497313725,190,180,180,180,190,180,190
10.860219717025757,-0.03010157306391927,10.17187465864099,0.2617993877991417,0.0,-1.5790391497313725,190,180,180,190,190,180,190
10.870413541793823,-0.03002903932999195,10.162970805720196,0.2617993877991417,0.0,-1.5788710197002245,190,180,180,190,190,180,190
10.888308048248291,-0.03002903932999195,10.162970805720196,0.2617993877991417,0.0,-1.5788710197002245,190,180,180,190,190,180,190
10.89857029914856,-0.03002903932999195,10.162970805720196,0.2617993877991417,0.0,-1.5788710197002245,190,180,180,190,190,180,190
10.908791065216064,-0.029959191672803503,10.154337082593315,0.2617993877991417,0.0,-1.5788300983200703,190,180,180,190,190,180,190
10.919010639190674,-0.029959191672803503,10.154337082593315,0.2617993877991417,0.0,-1.5788300983200703,190,180,180,180,190,180,190
10.929227113723755,-0.029959191672803503,10.154337082593315,0.2617993877991417,0.0,-1.5788300983200703,190,180,180,180,190,180,190
10.940545320510864,-0.029959191672803503,10.154337082593315,0.2617993877991417,0.0,-1.5788300983200703,190,180,180,180,190,180,190
10.951461791992188,-0.029886625845909093,10.145743282497929,0.2617993877991417,0.0,-1.57912287514707,190,180,180,180,190,180,190
10.961668968200684,-0.029886625845909093,10.145743282497929,0.2617993877991417,0.0,-1.57912287514707,190,190,180,180,190,180,190
10.971874237060547,-0.029809213763898605,10.136863058079035,0.2617993877991417,0.0,-1.5792998530239408,190,190,180,180,190,180,190
10.987396717071533,-0.029809213763898605,10.136863058079035,0.2617993877991417,0.0,-1.5792998530239408,190,190,180,180,190,180,190
10.997677326202393,-0.029809213763898605,10.136863058079035,0.2617993877991417,0.0,-1.5792998530239408,190,190,180,180,190,180,190
11.007857084274292,-0.029734890249301565,10.128238294490945,0.2617993877991417,0.0,-1.5794945738924369,190,190,180,180,190,180,190
11.018079042434692,-0.029734890249301565,10.128238294490945,0.2617993877991417,0.0,-1.5794945738924369,200,190,180,180,190,180,190
11.028316020965576,-0.029734890249301565,10.128238294490945,0.2617993877991417,0.0,-1.5794945738924369,200,190,180,180,190,180,190
11.039644241333008,-0.02965846083519641,10.11960322788331,0.2617993877991417,0.0,-1.5796835075219025,200,190,180,180,190,180,190
11.049841403961182,-0.02965846083519641,10.11960322788331,0.2617993877991417,0.0,-1.5796835075219025,200,190,180,180,190,180,190
11.060327053070068,-0.02965846083519641,10.11960322788331,0.2617993877991417,0.0,-1.5796835075219025,200,190,180,180,190,180,190
11.070568561553955,-0.029578217502874694,10.11069472456149,0.2617993877991417,0.0,-1.5798472397778063,190,190,180,180,190,180,190
11.080760478973389,-0.029578217502874694,10.11069472456149,0.2617993877991417,0.0,-1.5798472397778063,190,190,180,180,190,180,190
11.094706535339355,-0.029578217502874694,10.11069472456149,0.2617993877991417,0.0,-1.5798472397778063,190,190,180,180,190,180,190
11.104923963546753,-0.029499605865559005,10.102044158168198,0.2617993877991417,0.0,-1.5799515519944465,190,190,180,180,190,180,190
11.115129947662354,-0.029499605865559005,10.102044158168198,0.2617993877991417,0.0,-1.5799515519944465,190,190,180,180,190,180,190
11.12537932395935,-0.029499605865559005,10.102044158168198,0.2617993877991417,0.0,-1.5799515519944465,190,190,180,180,190,180,190
11.143694400787354,-0.02941722523558631,10.093394284996315,0.2617993877991417,0.0,-1.579985345417027,190,190,180,180,190,180,190
11.153958559036255,-0.02941722523558631,10.093394284996315,0.2617993877991417,0.0,-1.579985345417027,190,190,180,180,190,180,190
11.164168119430542,-0.02941722523558631,10.093394284996315,0.2617993877991417,0.0,-1.579985345417027,190,190,180,180,190,180,190
11.174413204193115,-0.02933374355806016,10.084493747208239,0.2617993877991417,0.0,-1.5798671270700588,190,190,180,180,190,180,190
11.187816381454468,-0.02933374355806016,10.084493747208239,0.2617993877991417,0.0,-1.5798671270700588,190,190,180,180,190,180,190
11.198041439056396,-0.02933374355806016,10.084493747208239,0.2617993877991417,0.0,-1.5798671270700588,190,190,180,180,190,180,190
11.20830488204956,-0.029254324503326525,10.075858068035451,0.2617993877991417,0.0,-1.5796701298265199,190,180,180,180,190,180,190
11.21867060661316,-0.029254324503326525,10.075858068035451,0.2617993877991417,0.0,-1.5796701298265199,190,180,180,180,190,180,190
11.228933811187744,-0.029254324503326525,10.075858068035451,0.2617993877991417,0.0,-1.5796701298265199,190,180,180,180,190,180,190
11.239156007766724,-0.02917869920317402,10.067217163154304,0.2617993877991417,0.0,-1.5794502397181498,190,180,180,180,190,180,190
11.249375581741333,-0.02917869920317402,10.067217163154304,0.2617993877991417,0.0,-1.5794502397181498,190,180,180,180,190,180,190
11.259551048278809,-0.02917869920317402,10.067217163154304,0.2617993877991417,0.0,-1.5794502397181498,190,180,180,180,190,180,190
11.2698073387146,-0.02910254626430433,10.058313714688275,0.2617993877991417,0.0,-1.5792930838626997,200,180,180,180,190,180,210
11.280009746551514,-0.02910254626430433,10.058313714688275,0.2617993877991417,0.0,-1.5792930838626997,200,180,180,180,190,180,210
11.292410373687744,-0.02910254626430433,10.058313714688275,0.2617993877991417,0.0,-1.5792930838626997,200,180,180,180,190,180,210
11.302613735198975,-0.029027882050924964,10.049682541390544,0.2617993877991417,0.0,-1.579277382063041,200,180,180,180,190,180,210
11.312801361083984,-0.029027882050924964,10.049682541390544,0.2617993877991417,0.0,-1.579277382063041,200,180,180,180,190,180,210
11.323063135147095,-0.029027882050924964,10.049682541390544,0.2617993877991417,0.0,-1.579277382063041,200,180,180,180,190,180,210
11.34194827079773,-0.029027882050924964,10.049682541390544,0.2617993877991417,0.0,-1.579277382063041,200,180,180,180,190,180,210
11.35222578048706,-0.028952170935174996,10.041091666618167,0.2617993877991417,0.0,-1.5795934490404655,200,180,180,180,190,180,210
11.362459659576416,-0.028952170935174996,10.041091666618167,0.2617993877991417,0.0,-1.5795934490404655,200,180,180,180,190,180,210
11.37270188331604,-0.02887093159711689,10.032208488900583,0.2617993877991417,0.0,-1.5797582632976084,200,180,180,180,190,180,210
11.386531114578247,-0.02887093159711689,10.032208488900583,0.2617993877991417,0.0,-1.5797582632976084,200,180,180,180,190,180,210
11.396782875061035,-0.02887093159711689,10.032208488900583,0.2617993877991417,0.0,-1.5797582632976084,200,180,180,180,190,180,210
11.407001495361328,-0.028792549304066287,10.023582546677027,0.2617993877991417,0.0,-1.5799518337015614,200,180,180,180,190,180,210
11.41722297668457,-0.028792549304066287,10.023582546677027,0.2617993877991417,0.0,-1.5799518337015614,200,180,180,180,190,180,210
11.427407026290894,-0.028792549304066287,10.023582546677027,0.2617993877991417,0.0,-1.5799518337015614,200,180,180,180,190,180,210
11.443516492843628,-0.028792549304066287,10.023582546677027,0.2617993877991417,0.0,-1.5799518337015614,200,180,180,180,190,180,210
11.453770160675049,-0.028712158528413977,10.01494600755085,0.2617993877991417,0.0,-1.5801386596977935,200,180,180,180,190,180,210
11.463980913162231,-0.028712158528413977,10.01494600755085,0.2617993877991417,0.0,-1.5801386596977935,200,180,180,180,190,180,210
11.474196672439575,-0.0286278776291135,10.006036542213598,0.2617993877991417,0.0,-1.580297242904563,190,180,180,180,190,180,200
11.49221658706665,-0.0286278776291135,10.006036542213598,0.2617993877991417,0.0,-1.580297242904563,190,180,180,180,190,180,200
11.502893209457397,-0.028545604051977657,9.997386082808227,0.2617993877991417,0.0,-1.5803930742582688,190,180,180,180,190,180,200
11.513161420822144,-0.028545604051977657,9.997386082808227,0.2617993877991417,0.0,-1.5803930742582688,190,180,180,180,190,180,200
11.523934125900269,-0.028545604051977657,9.997386082808227,0.2617993877991417,0.0,-1.5803930742582688,190,180,180,170,180,180,200
11.54133152961731,-0.028458660998186357,9.988736284247583,0.2617993877991417,0.0,-1.580418660299759,190,180,180,170,180,180,200
11.551614046096802,-0.028458660998186357,9.988736284247583,0.2617993877991417,0.0,-1.580418660299759,190,180,180,170,180,180,200
11.561805725097656,-0.028458660998186357,9.988736284247583,0.2617993877991417,0.0,-1.580418660299759,190,180,180,180,190,180,210
11.5724937915802,-0.028371843528611117,9.979838441356817,0.2617993877991417,0.0,-1.5802741689881659,190,180,180,180,190,180,210
11.588963985443115,-0.028371843528611117,9.979838441356817,0.2617993877991417,0.0,-1.5802741689881659,190,180,180,180,190,180,210
11.599249124526978,-0.02828910064976618,9.971201794481427,0.2617993877991417,0.0,-1.5800772872880942,190,180,180,180,190,180,210
11.609459161758423,-0.02828910064976618,9.971201794481427,0.2617993877991417,0.0,-1.5800772872880942,190,180,180,180,190,180,210
11.619919538497925,-0.02828910064976618,9.971201794481427,0.2617993877991417,0.0,-1.5800772872880942,190,180,180,170,190,180,200
11.639233112335205,-0.02828910064976618,9.971201794481427,0.2617993877991417,0.0,-1.5800772872880942,190,180,180,170,190,180,200
11.649519443511963,-0.02821002480021784,9.962560143718015,0.2617993877991417,0.0,-1.5798610576873744,190,180,180,170,190,180,200
11.659753322601318,-0.02821002480021784,9.962560143718015,0.2617993877991417,0.0,-1.5798610576873744,180,180,170,170,180,180,170
11.669963598251343,-0.028130285149802595,9.953657133761904,0.2617993877991417,0.0,-1.5797152799490557,180,180,170,170,180,180,170
11.68738055229187,-0.028130285149802595,9.953657133761904,0.2617993877991417,0.0,-1.5797152799490557,180,180,170,170,180,180,170
11.697609186172485,-0.028130285149802595,9.953657133761904,0.2617993877991417,0.0,-1.5797152799490557,180,180,170,170,180,180,170
11.70780348777771,-0.02805089089911303,9.945029184763936,0.2617993877991417,0.0,-1.579729795851723,180,180,170,170,180,180,170
11.717989444732666,-0.02805089089911303,9.945029184763936,0.2617993877991417,0.0,-1.579729795851723,180,180,170,170,180,170,170
11.728216648101807,-0.02805089089911303,9.945029184763936,0.2617993877991417,0.0,-1.579729795851723,180,180,170,170,180,170,170
11.74130916595459,-0.02805089089911303,9.945029184763936,0.2617993877991417,0.0,-1.579729795851723,180,180,170,170,180,170,170
11.751656293869019,-0.027971848280709834,9.936439221820958,0.2617993877991417,0.0,-1.580056064666647,180,180,170,170,180,170,170
11.76183533668518,-0.027971848280709834,9.936439221820958,0.2617993877991417,0.0,-1.580056064666647,180,180,170,170,180,170,170
11.772014617919922,-0.027886765977172615,9.927553715373897,0.2617993877991417,0.0,-1.580213533582069,180,180,170,170,180,170,170
11.782254934310913,-0.027886765977172615,9.927553715373897,0.2617993877991417,0.0,-1.580213533582069,180,180,170,170,180,170,170
11.796974658966064,-0.027886765977172615,9.927553715373897,0.2617993877991417,0.0,-1.580213533582069,180,180,170,170,180,170,170
11.807173013687134,-0.02780433657107283,9.91892672315457,0.2617993877991417,0.0,-1.5804071249990468,180,180,170,170,180,170,170
11.81737470626831,-0.02780433657107283,9.91892672315457,0.2617993877991417,0.0,-1.5804071249990468,180,180,170,170,180,170,170
11.82766842842102,-0.02780433657107283,9.91892672315457,0.2617993877991417,0.0,-1.5804071249990468,170,170,170,170,170,170,160
11.842657327651978,-0.027720011776212628,9.910288838751004,0.2617993877991417,0.0,-1.580591995298248,170,170,170,170,170,170,160
11.852853536605835,-0.027720011776212628,9.910288838751004,0.2617993877991417,0.0,-1.580591995298248,170,170,170,170,170,170,160
11.863044261932373,-0.027720011776212628,9.910288838751004,0.2617993877991417,0.0,-1.580591995298248,180,170,170,160,170,170,160
11.873260974884033,-0.02763170643940221,9.901378607273909,0.2617993877991417,0.0,-1.5807453478084363,180,170,170,160,170,170,160
11.89143991470337,-0.02763170643940221,9.901378607273909,0.2617993877991417,0.0,-1.5807453478084363,180,170,170,160,170,170,160
11.901633024215698,-0.027545784666471257,9.892728340192365,0.2617993877991417,0.0,-1.5808324846034276,180,170,170,160,170,170,160
11.911848783493042,-0.027545784666471257,9.892728340192365,0.2617993877991417,0.0,-1.5808324846034276,180,170,170,160,170,170,160
11.922117948532104,-0.027545784666471257,9.892728340192365,0.2617993877991417,0.0,-1.5808324846034276,180,170,170,170,170,170,160
11.940165281295776,-0.027454802910318387,9.884078810361906,0.2617993877991417,0.0,-1.5808487129423225,180,170,170,170,170,170,160
11.950390815734863,-0.027454802910318387,9.884078810361906,0.2617993877991417,0.0,-1.5808487129423225,180,170,170,170,170,170,160
11.960569143295288,-0.027454802910318387,9.884078810361906,0.2617993877991417,0.0,-1.5808487129423225,180,170,170,170,170,170,160
11.97078537940979,-0.027364226031457675,9.875183129762103,0.2617993877991417,0.0,-1.5806827276521025,180,170,170,170,170,170,160
11.990164756774902,-0.027364226031457675,9.875183129762103,0.2617993877991417,0.0,-1.5806827276521025,180,170,170,170,170,170,160
12.000501155853271,-0.027278111457993352,9.86654589355781,0.2617993877991417,0.0,-1.580483430082913,180,170,170,170,170,170,160
12.010707378387451,-0.027278111457993352,9.86654589355781,0.2617993877991417,0.0,-1.580483430082913,180,170,170,170,170,170,160
12.020934581756592,-0.027278111457993352,9.86654589355781,0.2617993877991417,0.0,-1.580483430082913,180,170,170,170,170,170,160
12.039374589920044,-0.027195546499181655,9.857903626032066,0.2617993877991417,0.0,-1.5802724023729495,180,170,170,170,170,170,160
12.04962706565857,-0.027195546499181655,9.857903626032066,0.2617993877991417,0.0,-1.5802724023729495,180,170,170,170,170,170,160
12.05981969833374,-0.027195546499181655,9.857903626032066,0.2617993877991417,0.0,-1.5802724023729495,180,170,170,170,170,170,160
12.070030689239502,-0.027112237186713205,9.84900117309191,0.2617993877991417,0.0,-1.5801380772198659,170,170,170,170,170,170,160
12.089218616485596,-0.027112237186713205,9.84900117309191,0.2617993877991417,0.0,-1.5801380772198659,170,170,170,170,170,170,160
12.099520921707153,-0.027028578018361206,9.840377304714558,0.2617993877991417,0.0,-1.5801881833208193,170,170,170,170,170,170,160
12.109718799591064,-0.027028578018361206,9.840377304714558,0.2617993877991417,0.0,-1.5801881833208193,180,180,170,170,180,180,160
12.119903326034546,-0.027028578018361206,9.840377304714558,0.2617993877991417,0.0,-1.5801881833208193,180,180,170,170,180,180,160
12.130104064941406,-0.027028578018361206,9.840377304714558,0.2617993877991417,0.0,-1.5801881833208193,180,180,170,170,180,180,160
12.14194941520691,-0.027028578018361206,9.840377304714558,0.2617993877991417,0.0,-1.5801881833208193,180,180,170,170,180,180,160
12.152207851409912,-0.026945783043537053,9.831785529317118,0.2617993877991417,0.0,-1.5805057498249337,180,180,170,170,180,180,160
12.162386655807495,-0.026945783043537053,9.831785529317118,0.2617993877991417,0.0,-1.5805057498249337,200,180,170,170,190,180,160
12.1725754737854,-0.026856833482785905,9.822899087100424,0.2617993877991417,0.0,-1.5806652473655376,200,180,170,170,190,180,160
12.182786703109741,-0.026856833482785905,9.822899087100424,0.2617993877991417,0.0,-1.5806652473655376,200,180,170,170,190,180,160
12.193492412567139,-0.026856833482785905,9.822899087100424,0.2617993877991417,0.0,-1.5806652473655376,200,180,170,170,190,180,160
12.203673124313354,-0.0267704181902336,9.814271085445863,0.2617993877991417,0.0,-1.5808585829106703,200,180,170,170,190,180,160
12.213865041732788,-0.0267704181902336,9.814271085445863,0.2617993877991417,0.0,-1.5808585829106703,180,180,170,170,190,180,160
12.22407841682434,-0.0267704181902336,9.814271085445863,0.2617993877991417,0.0,-1.5808585829106703,180,180,170,170,190,180,160
12.243051528930664,-0.026682200131341996,9.805631759614219,0.2617993877991417,0.0,-1.5810406771227958,180,180,170,170,190,180,160
12.253281354904175,-0.026682200131341996,9.805631759614219,0.2617993877991417,0.0,-1.5810406771227958,180,180,170,170,190,180,160
12.263472557067871,-0.026682200131341996,9.805631759614219,0.2617993877991417,0.0,-1.5810406771227958,170,180,170,170,180,180,160
12.273856163024902,-0.026589919673507385,9.796720841198916,0.2617993877991417,0.0,-1.581188010559253,170,180,170,170,180,180,160
12.290040969848633,-0.026589919673507385,9.796720841198916,0.2617993877991417,0.0,-1.581188010559253,170,180,170,170,180,180,160
12.300241947174072,-0.02650034159371927,9.788070763719237,0.2617993877991417,0.0,-1.5812661376272374,170,180,170,170,180,180,160
12.310483694076538,-0.02650034159371927,9.788070763719237,0.2617993877991417,0.0,-1.5812661376272374,170,180,170,170,180,180,160
12.320690870285034,-0.02650034159371927,9.788070763719237,0.2617993877991417,0.0,-1.5812661376272374,170,180,170,170,180,180,160
12.330936670303345,-0.02650034159371927,9.788070763719237,0.2617993877991417,0.0,-1.5812661376272374,170,180,170,170,180,180,160
12.341342210769653,-0.02640579534308089,9.779421711449828,0.2617993877991417,0.0,-1.581271070159518,170,180,170,170,180,180,160
12.351492166519165,-0.02640579534308089,9.779421711449828,0.2617993877991417,0.0,-1.581271070159518,170,180,170,170,180,180,160
12.361626625061035,-0.02640579534308089,9.779421711449828,0.2617993877991417,0.0,-1.581271070159518,170,180,170,170,180,180,160
12.371846675872803,-0.026311191361931555,9.7705273235869,0.2617993877991417,0.0,-1.5810892629065625,170,180,170,170,180,180,170
12.389528274536133,-0.026311191361931555,9.7705273235869,0.2617993877991417,0.0,-1.5810892629065625,170,180,170,170,180,180,170
12.39972734451294,-0.026221763127736396,9.761889676071167,0.2617993877991417,0.0,-1.5808843490811617,170,180,170,170,180,180,170
12.40993595123291,-0.026221763127736396,9.761889676071167,0.2617993877991417,0.0,-1.5808843490811617,180,180,170,170,180,180,170
12.420155048370361,-0.026221763127736396,9.761889676071167,0.2617993877991417,0.0,-1.5808843490811617,180,180,170,170,180,180,170
12.438099384307861,-0.026221763127736396,9.761889676071167,0.2617993877991417,0.0,-1.5808843490811617,180,180,170,170,180,180,170
12.448344230651855,-0.026135716331265452,9.753247058230752,0.2617993877991417,0.0,-1.5806802386127157,180,180,170,170,180,180,170
12.458542823791504,-0.026135716331265452,9.753247058230752,0.2617993877991417,0.0,-1.5806802386127157,180,180,170,170,180,180,170
12.468739748001099,-0.02604887606473162,9.74434529495258,0.2617993877991417,0.0,-1.5805581852012838,180,180,170,170,180,180,170
12.478941917419434,-0.02604887606473162,9.74434529495258,0.2617993877991417,0.0,-1.5805581852012838,180,180,170,170,180,180,170
12.489733219146729,-0.02604887606473162,9.74434529495258,0.2617993877991417,0.0,-1.5805581852012838,180,180,170,170,180,180,170
12.499912977218628,-0.02604887606473162,9.74434529495258,0.2617993877991417,0.0,-1.5805581852012838,180,180,170,170,180,180,170
12.51019835472107,-0.025961257001393467,9.735726348093436,0.2617993877991417,0.0,-1.5806499556707925,180,180,170,170,180,180,170
12.520376920700073,-0.025961257001393467,9.735726348093436,0.2617993877991417,0.0,-1.5806499556707925,180,180,170,170,180,180,180
12.538272857666016,-0.025961257001393467,9.735726348093436,0.2617993877991417,0.0,-1.5806499556707925,180,180,170,170,180,180,180
12.54852843284607,-0.025874329869512297,9.727130276279738,0.2617993877991417,0.0,-1.5809429838587676,180,180,170,170,180,180,180
12.558666229248047,-0.025874329869512297,9.727130276279738,0.2617993877991417,0.0,-1.5809429838587676,180,180,170,170,180,180,180
12.56885838508606,-0.02578159022792339,9.718244196777711,0.2617993877991417,0.0,-1.5811132684655482,170,180,170,170,170,180,170
12.57906436920166,-0.02578159022792339,9.718244196777711,0.2617993877991417,0.0,-1.5811132684655482,170,180,170,170,170,180,170
12.592177391052246,-0.02578159022792339,9.718244196777711,0.2617993877991417,0.0,-1.5811132684655482,170,180,170,170,170,180,170
12.602416038513184,-0.025691277503729792,9.709615188225838,0.2617993877991417,0.0,-1.581306535864736,170,180,170,170,170,180,170
12.612612247467041,-0.025691277503729792,9.709615188225838,0.2617993877991417,0.0,-1.581306535864736,170,180,170,170,170,180,170
12.622803211212158,-0.025691277503729792,9.709615188225838,0.2617993877991417,0.0,-1.581306535864736,170,170,170,170,170,170,160
12.63308310508728,-0.025691277503729792,9.709615188225838,0.2617993877991417,0.0,-1.581306535864736,170,170,170,170,170,170,160
12.645272731781006,-0.025599199635181837,9.70097444317216,0.2617993877991417,0.0,-1.581485915052481,170,170,170,170,170,170,160
12.655493259429932,-0.025599199635181837,9.70097444317216,0.2617993877991417,0.0,-1.581485915052481,170,170,170,170,170,170,160
12.665687084197998,-0.025502985933073888,9.692063004109713,0.2617993877991417,0.0,-1.5816271056194955,170,160,160,160,170,180,160
12.675924301147461,-0.025502985933073888,9.692063004109713,0.2617993877991417,0.0,-1.5816271056194955,170,160,160,160,170,180,160
12.689465761184692,-0.025502985933073888,9.692063004109713,0.2617993877991417,0.0,-1.5816271056194955,170,160,160,160,170,180,160
12.699671030044556,-0.025409530767706995,9.683413191885798,0.2617993877991417,0.0,-1.5816961709887047,170,160,160,160,170,180,160
12.71011233329773,-0.025409530767706995,9.683413191885798,0.2617993877991417,0.0,-1.5816961709887047,170,160,160,160,170,180,160
12.72069501876831,-0.025409530767706995,9.683413191885798,0.2617993877991417,0.0,-1.5816961709887047,170,160,170,160,170,170,160
12.730950593948364,-0.025409530767706995,9.683413191885798,0.2617993877991417,0.0,-1.5816961709887047,170,160,170,160,170,170,160
12.741395473480225,-0.025311627201312546,9.67476501474135,0.2617993877991417,0.0,-1.5816873117843246,170,160,170,160,170,170,160
12.751616477966309,-0.025311627201312546,9.67476501474135,0.2617993877991417,0.0,-1.5816873117843246,170,160,170,160,170,170,160
12.761808395385742,-0.025311627201312546,9.67476501474135,0.2617993877991417,0.0,-1.5816873117843246,160,160,160,160,170,170,160
12.772009372711182,-0.02521302256983187,9.665871190805056,0.2617993877991417,0.0,-1.5814948232106827,160,160,160,160,170,170,160
12.787143230438232,-0.02521302256983187,9.665871190805056,0.2617993877991417,0.0,-1.5814948232106827,160,160,160,160,170,170,160
12.797338485717773,-0.02521302256983187,9.665871190805056,0.2617993877991417,0.0,-1.5814948232106827,160,160,160,160,170,170,160
12.80753493309021,-0.025120369351773166,9.657233230624932,0.2617993877991417,0.0,-1.581283233141239,160,160,170,160,170,180,160
12.817785739898682,-0.025120369351773166,9.657233230624932,0.2617993877991417,0.0,-1.581283233141239,160,160,170,160,170,180,160
12.827975749969482,-0.025120369351773166,9.657233230624932,0.2617993877991417,0.0,-1.581283233141239,160,160,170,160,170,180,160
12.838202476501465,-0.02503081894245423,9.648590582130486,0.2617993877991417,0.0,-1.581086707678528,160,160,170,160,170,180,160
12.848369121551514,-0.02503081894245423,9.648590582130486,0.2617993877991417,0.0,-1.581086707678528,160,160,170,160,170,180,160
12.85854458808899,-0.02503081894245423,9.648590582130486,0.2617993877991417,0.0,-1.581086707678528,160,160,160,160,170,180,160
12.868747234344482,-0.024940501941820348,9.639689717431205,0.2617993877991417,0.0,-1.5809780589572116,160,160,160,160,170,180,160
12.87907075881958,-0.024940501941820348,9.639689717431205,0.2617993877991417,0.0,-1.5809780589572116,160,160,160,160,170,180,160
12.889615297317505,-0.024940501941820348,9.639689717431205,0.2617993877991417,0.0,-1.5809780589572116,160,160,160,160,170,180,160
12.899814128875732,-0.02484895591755272,9.631076473351051,0.2617993877991417,0.0,-1.581116159712417,160,160,160,160,170,180,160
12.910018920898438,-0.02484895591755272,9.631076473351051,0.2617993877991417,0.0,-1.581116159712417,170,170,170,160,170,180,170
12.920261144638062,-0.02484895591755272,9.631076473351051,0.2617993877991417,0.0,-1.581116159712417,170,170,170,160,170,180,170
12.93047547340393,-0.02484895591755272,9.631076473351051,0.2617993877991417,0.0,-1.581116159712417,170,170,170,160,170,180,170
12.943400859832764,-0.02484895591755272,9.631076473351051,0.2617993877991417,0.0,-1.581116159712417,170,170,170,160,170,180,170
12.95377254486084,-0.024757532180216587,9.622475525532675,0.2617993877991417,0.0,-1.5813817975720323,170,170,170,160,170,180,170
12.963994979858398,-0.024757532180216587,9.622475525532675,0.2617993877991417,0.0,-1.5813817975720323,170,170,170,160,170,180,170
12.974254608154297,-0.024661261312106275,9.613590499523092,0.2617993877991417,0.0,-1.5815658049293269,170,170,170,160,170,180,170
12.990557193756104,-0.024661261312106275,9.613590499523092,0.2617993877991417,0.0,-1.5815658049293269,170,170,170,160,170,180,170
13.000771522521973,-0.024567053938776097,9.6049604650918,0.2617993877991417,0.0,-1.5817584085823828,170,170,170,160,170,180,170
13.01096796989441,-0.024567053938776097,9.6049604650918,0.2617993877991417,0.0,-1.5817584085823828,170,170,170,160,170,180,170
13.02120590209961,-0.024567053938776097,9.6049604650918,0.2617993877991417,0.0,-1.5817584085823828,160,170,170,160,170,180,170
13.038706541061401,-0.024567053938776097,9.6049604650918,0.2617993877991417,0.0,-1.5817584085823828,160,170,170,160,170,180,170
13.049073219299316,-0.024471080085018318,9.596318322586555,0.2617993877991417,0.0,-1.5819342838052914,160,170,170,160,170,180,170
13.059263706207275,-0.024471080085018318,9.596318322586555,0.2617993877991417,0.0,-1.5819342838052914,160,170,170,160,170,180,170
13.069657802581787,-0.02437092739184474,9.587406489664229,0.2617993877991417,0.0,-1.5820685748124907,160,170,170,160,170,170,170
13.079922199249268,-0.02437092739184474,9.587406489664229,0.2617993877991417,0.0,-1.5820685748124907,160,170,170,160,170,170,170
13.090140342712402,-0.02437092739184474,9.587406489664229,0.2617993877991417,0.0,-1.5820685748124907,160,170,170,160,170,170,170
13.100356578826904,-0.024273223752491673,9.57875688457328,0.2617993877991417,0.0,-1.5821285769815712,160,170,170,160,170,170,170
13.110559225082397,-0.024273223752491673,9.57875688457328,0.2617993877991417,0.0,-1.5821285769815712,160,170,170,160,170,170,170
13.120867729187012,-0.024273223752491673,9.57875688457328,0.2617993877991417,0.0,-1.5821285769815712,150,160,170,160,160,170,160
13.135823965072632,-0.024273223752491673,9.57875688457328,0.2617993877991417,0.0,-1.5821285769815712,150,160,170,160,160,170,160
13.146028757095337,-0.024273223752491673,9.57875688457328,0.2617993877991417,0.0,-1.5821285769815712,150,160,170,160,160,170,160
13.156259059906006,-0.024172000628618375,9.570110097304632,0.2617993877991417,0.0,-1.582101979523994,150,160,170,160,160,170,160
13.166455745697021,-0.02406957893025437,9.561216194278327,0.2617993877991417,0.0,-1.5819025555428554,150,150,160,160,160,170,160
13.17668628692627,-0.02406957893025437,9.561216194278327,0.2617993877991417,0.0,-1.5819025555428554,150,150,160,160,160,170,160
13.188582181930542,-0.02406957893025437,9.561216194278327,0.2617993877991417,0.0,-1.5819025555428554,150,150,160,160,160,170,160
13.19879698753357,-0.02406957893025437,9.561216194278327,0.2617993877991417,0.0,-1.5819025555428554,150,150,160,160,160,170,160
13.209026336669922,-0.023973758571835195,9.552577965753294,0.2617993877991417,0.0,-1.5816853277326373,150,150,160,160,160,170,160
13.2192702293396,-0.023973758571835195,9.552577965753294,0.2617993877991417,0.0,-1.5816853277326373,150,160,160,160,160,170,160
13.229454517364502,-0.023973758571835195,9.552577965753294,0.2617993877991417,0.0,-1.5816853277326373,150,160,160,160,160,170,160
13.244362831115723,-0.0238806285548886,9.54393537687946,0.2617993877991417,0.0,-1.581497150077387,150,160,160,160,160,170,160
13.25468635559082,-0.0238806285548886,9.54393537687946,0.2617993877991417,0.0,-1.581497150077387,150,160,160,160,160,170,160
13.265113115310669,-0.0238806285548886,9.54393537687946,0.2617993877991417,0.0,-1.581497150077387,150,150,160,160,160,170,160
13.278523445129395,-0.023786751503633383,9.535035587930107,0.2617993877991417,0.0,-1.5814036811077246,150,150,160,160,160,170,160
13.291573524475098,-0.023786751503633383,9.535035587930107,0.2617993877991417,0.0,-1.5814036811077246,150,150,160,160,160,170,160
13.304037094116211,-0.023691256846060688,9.526428459596092,0.2617993877991417,0.0,-1.5815907164462806,150,150,160,160,160,170,160
13.314307689666748,-0.023691256846060688,9.526428459596092,0.2617993877991417,0.0,-1.5815907164462806,150,150,160,160,160,170,160
13.32461953163147,-0.023691256846060688,9.526428459596092,0.2617993877991417,0.0,-1.5815907164462806,150,150,160,160,160,160,160
13.343330144882202,-0.023691256846060688,9.526428459596092,0.2617993877991417,0.0,-1.5815907164462806,150,150,160,160,160,160,160
13.353745937347412,-0.023595302909958756,9.517820858147013,0.2617993877991417,0.0,-1.5818180794989762,150,150,160,160,160,160,160
13.363981008529663,-0.023595302909958756,9.517820858147013,0.2617993877991417,0.0,-1.5818180794989762,150,140,160,160,160,160,160
13.374248504638672,-0.023495617620442395,9.50893653849351,0.2617993877991417,0.0,-1.582013535320474,150,140,160,160,160,160,160
13.38455867767334,-0.023495617620442395,9.50893653849351,0.2617993877991417,0.0,-1.582013535320474,150,140,160,160,160,160,160
13.39485788345337,-0.023495617620442395,9.50893653849351,0.2617993877991417,0.0,-1.582013535320474,150,140,160,160,160,160,160
13.405122995376587,-0.023397539264469712,9.50030530746226,0.2617993877991417,0.0,-1.582205861245194,150,140,160,160,160,160,160
13.415679216384888,-0.023397539264469712,9.50030530746226,0.2617993877991417,0.0,-1.582205861245194,150,140,160,160,160,160,160
13.425894260406494,-0.023397539264469712,9.50030530746226,0.2617993877991417,0.0,-1.582205861245194,160,150,160,160,160,160,160
13.444143056869507,-0.023297735669891476,9.491661875377112,0.2617993877991417,0.0,-1.582377674905774,160,150,160,160,160,160,160
13.454414129257202,-0.023297735669891476,9.491661875377112,0.2617993877991417,0.0,-1.582377674905774,160,150,160,160,160,160,160
13.464653730392456,-0.023297735669891476,9.491661875377112,0.2617993877991417,0.0,-1.582377674905774,160,150,160,160,160,160,160
13.474920272827148,-0.023193734262962947,9.482749788413058,0.2617993877991417,0.0,-1.582505040699931,160,150,160,160,160,160,160
13.490334033966064,-0.023193734262962947,9.482749788413058,0.2617993877991417,0.0,-1.582505040699931,160,150,160,160,160,160,160
13.500538349151611,-0.023091522086801822,9.474100339600838,0.2617993877991417,0.0,-1.5825569295216926,160,150,160,160,160,160,160
13.510739803314209,-0.023091522086801822,9.474100339600838,0.2617993877991417,0.0,-1.5825569295216926,160,150,160,160,160,160,160
13.520983695983887,-0.023091522086801822,9.474100339600838,0.2617993877991417,0.0,-1.5825569295216926,160,150,150,160,160,160,160
13.53858232498169,-0.023091522086801822,9.474100339600838,0.2617993877991417,0.0,-1.5825569295216926,160,150,150,160,160,160,160
13.548916339874268,-0.02298704163292365,9.465455618514955,0.2617993877991417,0.0,-1.5825080469237547,160,150,150,160,160,160,160
13.55915117263794,-0.02298704163292365,9.465455618514955,0.2617993877991417,0.0,-1.5825080469237547,160,150,150,160,160,160,160
13.569372415542603,-0.022881077764110337,9.456561205131495,0.2617993877991417,0.0,-1.5823051286481276,160,130,160,170,160,160,160
13.588937520980835,-0.022881077764110337,9.456561205131495,0.2617993877991417,0.0,-1.5823051286481276,160,130,160,170,160,160,160
13.599242448806763,-0.02278216025992517,9.447922473346829,0.2617993877991417,0.0,-1.5820845022540047,160,130,160,170,160,160,160
13.609444379806519,-0.02278216025992517,9.447922473346829,0.2617993877991417,0.0,-1.5820845022540047,160,150,160,170,160,160,160
13.619682550430298,-0.02278216025992517,9.447922473346829,0.2617993877991417,0.0,-1.5820845022540047,160,150,160,170,160,160,160
13.637321472167969,-0.022685476382326347,9.43928008781953,0.2617993877991417,0.0,-1.581905338221712,160,150,160,170,160,160,160
13.64754867553711,-0.022685476382326347,9.43928008781953,0.2617993877991417,0.0,-1.581905338221712,160,150,160,170,160,160,160
13.65787672996521,-0.022685476382326347,9.43928008781953,0.2617993877991417,0.0,-1.581905338221712,160,150,160,170,160,160,160
13.668163299560547,-0.022587764460153432,9.430381690717166,0.2617993877991417,0.0,-1.5818289738616822,170,160,170,170,160,160,160
13.67841911315918,-0.022587764460153432,9.430381690717166,0.2617993877991417,0.0,-1.5818289738616822,170,160,170,170,160,160,160
13.689286708831787,-0.022587764460153432,9.430381690717166,0.2617993877991417,0.0,-1.5818289738616822,170,160,170,170,160,160,160
13.699533462524414,-0.02248860268831058,9.42178060397032,0.2617993877991417,0.0,-1.582062952314145,170,160,170,170,160,160,160
13.709739446640015,-0.02248860268831058,9.42178060397032,0.2617993877991417,0.0,-1.582062952314145,170,160,170,170,160,160,160
13.720037460327148,-0.02248860268831058,9.42178060397032,0.2617993877991417,0.0,-1.582062952314145,160,160,160,160,160,160,160
13.730215311050415,-0.02248860268831058,9.42178060397032,0.2617993877991417,0.0,-1.582062952314145,160,160,160,160,160,160,160
13.7415771484375,-0.022388237472183454,9.413168168842756,0.2617993877991417,0.0,-1.582265154048841,160,160,160,160,160,160,160
13.751782417297363,-0.022388237472183454,9.413168168842756,0.2617993877991417,0.0,-1.582265154048841,160,160,160,160,160,160,160
13.762002229690552,-0.022388237472183454,9.413168168842756,0.2617993877991417,0.0,-1.582265154048841,160,160,160,160,160,160,160
13.7723388671875,-0.02228503549303918,9.404283770488945,0.2617993877991417,0.0,-1.5824658462432744,160,160,170,180,170,170,160
13.789687633514404,-0.02228503549303918,9.404283770488945,0.2617993877991417,0.0,-1.5824658462432744,160,160,170,180,170,170,160
13.799890518188477,-0.022183008950970105,9.395651147272677,0.2617993877991417,0.0,-1.5826574056257758,160,160,170,180,170,170,160
13.81008768081665,-0.022183008950970105,9.395651147272677,0.2617993877991417,0.0,-1.5826574056257758,160,170,170,170,170,170,170
13.820282697677612,-0.022183008950970105,9.395651147272677,0.2617993877991417,0.0,-1.5826574056257758,160,170,170,170,170,170,170
13.837092876434326,-0.02207937116837648,9.387006611970433,0.2617993877991417,0.0,-1.5828241482648695,160,170,170,170,170,170,170
13.847343683242798,-0.02207937116837648,9.387006611970433,0.2617993877991417,0.0,-1.5828241482648695,160,170,170,170,170,170,170
13.857539892196655,-0.02207937116837648,9.387006611970433,0.2617993877991417,0.0,-1.5828241482648695,160,170,170,170,170,170,170
13.867748498916626,-0.021971543175351996,9.378094387574102,0.2617993877991417,0.0,-1.5829439901796238,160,170,170,170,170,170,170
13.877955436706543,-0.021971543175351996,9.378094387574102,0.2617993877991417,0.0,-1.5829439901796238,160,170,170,170,170,170,170
13.891716003417969,-0.021971543175351996,9.378094387574102,0.2617993877991417,0.0,-1.5829439901796238,160,170,170,170,170,170,170
13.901932001113892,-0.021864586808026377,9.369445009908546,0.2617993877991417,0.0,-1.5829880783251546,160,170,170,170,170,170,170
13.91213870048523,-0.021864586808026377,9.369445009908546,0.2617993877991417,0.0,-1.5829880783251546,160,160,170,170,170,170,160
13.922370195388794,-0.021864586808026377,9.369445009908546,0.2617993877991417,0.0,-1.5829880783251546,160,160,170,170,170,170,160
13.938313007354736,-0.021756878127102978,9.360802861232333,0.2617993877991417,0.0,-1.5829128050237589,160,160,170,170,170,170,160
13.948511838912964,-0.021756878127102978,9.360802861232333,0.2617993877991417,0.0,-1.5829128050237589,160,160,170,170,170,170,160
13.958731412887573,-0.021756878127102978,9.360802861232333,0.2617993877991417,0.0,-1.5829128050237589,160,160,170,170,170,170,160
13.968958139419556,-0.02164755624669955,9.351907587294853,0.2617993877991417,0.0,-1.582708921575007,160,160,170,170,170,170,160
13.981654644012451,-0.02164755624669955,9.351907587294853,0.2617993877991417,0.0,-1.582708921575007,160,160,170,170,170,170,160
13.992106914520264,-0.02164755624669955,9.351907587294853,0.2617993877991417,0.0,-1.582708921575007,160,160,170,170,170,170,160
14.002408027648926,-0.021545447090093754,9.34326813206511,0.2617993877991417,0.0,-1.5824875060966301,160,160,170,170,170,170,160
14.012779474258423,-0.021545447090093754,9.34326813206511,0.2617993877991417,0.0,-1.5824875060966301,160,160,170,170,170,170,160
14.023100137710571,-0.021545447090093754,9.34326813206511,0.2617993877991417,0.0,-1.5824875060966301,160,160,170,170,170,170,150
14.04136872291565,-0.021545447090093754,9.34326813206511,0.2617993877991417,0.0,-1.5824875060966301,160,160,170,170,170,170,150
14.054721593856812,-0.0214452132005971,9.334626027180366,0.2617993877991417,0.0,-1.5823181755703943,160,160,170,170,170,170,150
14.065045595169067,-0.0214452132005971,9.334626027180366,0.2617993877991417,0.0,-1.5823181755703943,160,160,170,170,170,170,160
14.075366973876953,-0.02134319520754246,9.325729353010665,0.2617993877991417,0.0,-1.58226185485242,160,160,170,170,170,170,160
14.092816591262817,-0.02134319520754246,9.325729353010665,0.2617993877991417,0.0,-1.58226185485242,160,160,170,170,170,170,160
14.103140830993652,-0.021240684778679863,9.317133414270735,0.2617993877991417,0.0,-1.582535772362762,160,160,170,170,170,170,160
14.11344051361084,-0.021240684778679863,9.317133414270735,0.2617993877991417,0.0,-1.582535772362762,160,160,170,180,170,170,160
14.125022649765015,-0.021240684778679863,9.317133414270735,0.2617993877991417,0.0,-1.582535772362762,160,160,170,180,170,170,160
14.13539457321167,-0.021136086770633757,9.30851722220052,0.2617993877991417,0.0,-1.5827211000332444,160,160,170,180,170,170,160
14.145875692367554,-0.021136086770633757,9.30851722220052,0.2617993877991417,0.0,-1.5827211000332444,160,160,170,180,170,170,160
14.156124114990234,-0.021136086770633757,9.30851722220052,0.2617993877991417,0.0,-1.5827211000332444,160,160,170,180,170,170,160
14.166330099105835,-0.021029057234324605,9.299632096905997,0.2617993877991417,0.0,-1.582923300118878,160,160,160,170,170,170,160
14.17653751373291,-0.021029057234324605,9.299632096905997,0.2617993877991417,0.0,-1.582923300118878,160,160,160,170,170,170,160
14.188074588775635,-0.021029057234324605,9.299632096905997,0.2617993877991417,0.0,-1.582923300118878,160,160,160,170,170,170,160
14.198307275772095,-0.021029057234324605,9.299632096905997,0.2617993877991417,0.0,-1.582923300118878,160,160,160,170,170,170,160
14.208517074584961,-0.020923037230630166,9.290998067694929,0.2617993877991417,0.0,-1.583113975295176,160,160,160,170,170,160,160
14.218736410140991,-0.020923037230630166,9.290998067694929,0.2617993877991417,0.0,-1.583113975295176,160,160,160,170,170,160,160
14.237271547317505,-0.020923037230630166,9.290998067694929,0.2617993877991417,0.0,-1.583113975295176,160,160,160,170,170,160,160
14.247605085372925,-0.0208155018829646,9.282352569114662,0.2617993877991417,0.0,-1.5832763285955187,160,160,160,170,170,160,160
14.257822513580322,-0.0208155018829646,9.282352569114662,0.2617993877991417,0.0,-1.5832763285955187,160,160,160,170,170,160,160
14.268045425415039,-0.02070383864251034,9.273440389606408,0.2617993877991417,0.0,-1.5833880711927741,160,160,160,170,170,160,160
14.278248310089111,-0.02070383864251034,9.273440389606408,0.2617993877991417,0.0,-1.5833880711927741,160,160,160,170,170,160,160
14.290453910827637,-0.02070383864251034,9.273440389606408,0.2617993877991417,0.0,-1.5833880711927741,160,160,160,170,170,160,160
14.300661087036133,-0.020591988240953978,9.264791108670344,0.2617993877991417,0.0,-1.5834245343868119,160,160,160,170,170,160,160
14.310879230499268,-0.020591988240953978,9.264791108670344,0.2617993877991417,0.0,-1.5834245343868119,160,160,160,170,170,160,160
14.321109533309937,-0.020591988240953978,9.264791108670344,0.2617993877991417,0.0,-1.5834245343868119,170,160,170,170,170,170,170
14.338167190551758,-0.020591988240953978,9.264791108670344,0.2617993877991417,0.0,-1.5834245343868119,170,160,170,170,170,170,170
14.348373174667358,-0.020481096354562668,9.256151921651078,0.2617993877991417,0.0,-1.5833207709133654,170,160,170,170,170,170,170
14.358579874038696,-0.020481096354562668,9.256151921651078,0.2617993877991417,0.0,-1.5833207709133654,180,170,170,180,180,170,170
14.368784427642822,-0.02036842651368054,9.247255608736136,0.2617993877991417,0.0,-1.583117940448376,180,170,170,180,180,170,170
14.378993511199951,-0.02036842651368054,9.247255608736136,0.2617993877991417,0.0,-1.583117940448376,180,170,170,180,180,170,170
14.390349388122559,-0.02036842651368054,9.247255608736136,0.2617993877991417,0.0,-1.583117940448376,180,170,170,180,180,170,170
14.400552034378052,-0.02026296762743464,9.23861535037467,0.2617993877991417,0.0,-1.582897730499322,180,170,170,180,180,170,170
14.41074013710022,-0.02026296762743464,9.23861535037467,0.2617993877991417,0.0,-1.582897730499322,170,170,170,180,170,170,170
14.420982360839844,-0.02026296762743464,9.23861535037467,0.2617993877991417,0.0,-1.582897730499322,170,170,170,180,170,170,170
14.439250230789185,-0.020159185941633663,9.229973596533636,0.2617993877991417,0.0,-1.5827387502814187,170,170,170,180,170,170,170
14.449467897415161,-0.020159185941633663,9.229973596533636,0.2617993877991417,0.0,-1.5827387502814187,170,170,170,180,170,170,170
14.459680557250977,-0.020159185941633663,9.229973596533636,0.2617993877991417,0.0,-1.5827387502814187,170,170,170,180,170,170,170
14.469980955123901,-0.020052422229153283,9.221079172050047,0.2617993877991417,0.0,-1.5827055996627193,170,170,170,160,160,170,160
14.480177402496338,-0.020052422229153283,9.221079172050047,0.2617993877991417,0.0,-1.5827055996627193,170,170,170,160,160,170,160
14.49247145652771,-0.020052422229153283,9.221079172050047,0.2617993877991417,0.0,-1.5827055996627193,170,170,170,160,160,170,160
14.502687215805054,-0.019946747734703184,9.212487084239761,0.2617993877991417,0.0,-1.583010074701262,170,170,170,160,160,170,160
14.512869119644165,-0.019946747734703184,9.212487084239761,0.2617993877991417,0.0,-1.583010074701262,170,170,170,160,160,170,160
14.523083448410034,-0.019946747734703184,9.212487084239761,0.2617993877991417,0.0,-1.583010074701262,170,170,170,160,160,170,160
14.538853645324707,-0.019838208177248785,9.203866621767915,0.2617993877991417,0.0,-1.583174102135888,170,170,170,160,160,170,160
14.549061059951782,-0.019838208177248785,9.203866621767915,0.2617993877991417,0.0,-1.583174102135888,170,170,170,160,160,170,160
14.559276819229126,-0.019838208177248785,9.203866621767915,0.2617993877991417,0.0,-1.583174102135888,170,170,170,160,160,170,160
14.569507598876953,-0.019727162448880457,9.194980399393781,0.2617993877991417,0.0,-1.5833754332128727,170,170,170,160,160,170,160
14.588146448135376,-0.019727162448880457,9.194980399393781,0.2617993877991417,0.0,-1.5833754332128727,170,170,170,160,160,170,160
14.59844708442688,-0.019727162448880457,9.194980399393781,0.2617993877991417,0.0,-1.5833754332128727,170,170,170,160,160,170,160
14.608685970306396,-0.019617210440659946,9.186344948566727,0.2617993877991417,0.0,-1.5835642743520015,170,170,170,170,170,170,160
14.61888861656189,-0.019617210440659946,9.186344948566727,0.2617993877991417,0.0,-1.5835642743520015,170,170,170,170,170,170,160
14.629122972488403,-0.019617210440659946,9.186344948566727,0.2617993877991417,0.0,-1.5835642743520015,170,170,170,170,170,170,160
14.64052152633667,-0.019505804527533126,9.177698521898215,0.2617993877991417,0.0,-1.583721594744206,170,170,170,170,170,170,160
14.650999784469604,-0.019505804527533126,9.177698521898215,0.2617993877991417,0.0,-1.583721594744206,170,170,170,170,170,170,160
14.66140103340149,-0.019505804527533126,9.177698521898215,0.2617993877991417,0.0,-1.583721594744206,170,170,170,170,170,170,160
14.671839237213135,-0.019390396920585886,9.168786454258434,0.2617993877991417,0.0,-1.583824660563235,170,170,170,170,170,170,160
14.690244436264038,-0.019390396920585886,9.168786454258434,0.2617993877991417,0.0,-1.583824660563235,170,170,170,170,170,170,160
14.700519561767578,-0.019273892081760453,9.160137267847702,0.2617993877991417,0.0,-1.5838529807740307,170,170,170,170,170,170,160
14.710748672485352,-0.019273892081760453,9.160137267847702,0.2617993877991417,0.0,-1.5838529807740307,180,180,170,170,170,180,170
14.720952987670898,-0.019273892081760453,9.160137267847702,0.2617993877991417,0.0,-1.5838529807740307,180,180,170,170,170,180,170
14.731214761734009,-0.019273892081760453,9.160137267847702,0.2617993877991417,0.0,-1.5838529807740307,180,180,170,170,170,180,170
14.7413911819458,-0.019159852014700687,9.151500935961057,0.2617993877991417,0.0,-1.5837217863564932,180,180,170,170,170,180,170
14.751596212387085,-0.019159852014700687,9.151500935961057,0.2617993877991417,0.0,-1.5837217863564932,180,180,170,170,170,180,170
14.761866807937622,-0.019159852014700687,9.151500935961057,0.2617993877991417,0.0,-1.5837217863564932,180,180,170,180,180,180,170
14.772088766098022,-0.01904385916547427,9.14260354837604,0.2617993877991417,0.0,-1.5835197941714234,180,180,170,180,180,180,170
14.790830850601196,-0.01904385916547427,9.14260354837604,0.2617993877991417,0.0,-1.5835197941714234,180,180,170,180,180,180,170
14.8010573387146,-0.018935010278296527,9.133962484362375,0.2617993877991417,0.0,-1.5833024589836426,180,180,170,180,180,180,170
14.811269998550415,-0.018935010278296527,9.133962484362375,0.2617993877991417,0.0,-1.5833024589836426,180,180,170,170,180,180,170
14.821859359741211,-0.018935010278296527,9.133962484362375,0.2617993877991417,0.0,-1.5833024589836426,180,180,170,170,180,180,170
14.838239192962646,-0.018827775483272035,9.125321115167868,0.2617993877991417,0.0,-1.5831543233512968,180,180,170,170,180,180,170
14.84846544265747,-0.018827775483272035,9.125321115167868,0.2617993877991417,0.0,-1.5831543233512968,180,180,170,170,180,180,170
14.858722448348999,-0.018827775483272035,9.125321115167868,0.2617993877991417,0.0,-1.5831543233512968,180,180,170,170,180,180,170
14.869693517684937,-0.018716129025110242,9.116429531811425,0.2617993877991417,0.0,-1.583148791033171,180,170,170,170,170,180,160
14.879957675933838,-0.018716129025110242,9.116429531811425,0.2617993877991417,0.0,-1.583148791033171,180,170,170,170,170,180,160
14.890174150466919,-0.018716129025110242,9.116429531811425,0.2617993877991417,0.0,-1.583148791033171,180,170,170,170,170,180,160
14.900373458862305,-0.018607445126979275,9.107839317376989,0.2617993877991417,0.0,-1.5834702383420398,180,170,170,170,170,180,160
14.910572052001953,-0.018607445126979275,9.107839317376989,0.2617993877991417,0.0,-1.5834702383420398,170,170,170,160,170,170,160
14.920874834060669,-0.018607445126979275,9.107839317376989,0.2617993877991417,0.0,-1.5834702383420398,170,170,170,160,170,170,160
14.939573049545288,-0.018607445126979275,9.107839317376989,0.2617993877991417,0.0,-1.5834702383420398,170,170,170,160,170,170,160
14.94991159439087,-0.01849515427346874,9.099216668033325,0.2617993877991417,0.0,-1.583627590181715,170,170,170,160,170,170,160
14.960131168365479,-0.01849515427346874,9.099216668033325,0.2617993877991417,0.0,-1.583627590181715,170,170,170,160,170,170,160
14.97032642364502,-0.018379954704542224,9.090329271486695,0.2617993877991417,0.0,-1.5838282738360325,170,170,170,160,170,170,160
14.9805269241333,-0.018379954704542224,9.090329271486695,0.2617993877991417,0.0,-1.5838282738360325,170,170,170,160,170,170,160
14.993324518203735,-0.018379954704542224,9.090329271486695,0.2617993877991417,0.0,-1.5838282738360325,170,170,170,160,170,170,160
15.003560304641724,-0.018266081551227553,9.081692449274367,0.2617993877991417,0.0,-1.5840151972824295,170,170,170,160,170,170,160
15.013773202896118,-0.018266081551227553,9.081692449274367,0.2617993877991417,0.0,-1.5840151972824295,170,170,170,160,170,170,160
15.023987293243408,-0.018266081551227553,9.081692449274367,0.2617993877991417,0.0,-1.5840151972824295,170,170,170,160,170,170,160
15.04133129119873,-0.018266081551227553,9.081692449274367,0.2617993877991417,0.0,-1.5840151972824295,170,170,170,160,170,170,160
15.05158257484436,-0.01815078472721806,9.073045185134058,0.2617993877991417,0.0,-1.5841675765918852,170,170,170,160,170,170,160
15.06181788444519,-0.01815078472721806,9.073045185134058,0.2617993877991417,0.0,-1.5841675765918852,170,170,170,160,170,170,160
15.072073221206665,-0.018031639886812466,9.06413330305249,0.2617993877991417,0.0,-1.5842619161366769,180,170,170,160,170,180,170
15.090496063232422,-0.018031639886812466,9.06413330305249,0.2617993877991417,0.0,-1.5842619161366769,180,170,170,160,170,180,170
15.100786447525024,-0.017910987848025955,9.05548436478278,0.2617993877991417,0.0,-1.584281184762384,180,170,170,160,170,180,170
15.11098599433899,-0.017910987848025955,9.05548436478278,0.2617993877991417,0.0,-1.584281184762384,180,170,170,160,170,180,170
15.121182918548584,-0.017910987848025955,9.05548436478278,0.2617993877991417,0.0,-1.584281184762384,180,170,170,160,170,180,170
15.131398439407349,-0.017910987848025955,9.05548436478278,0.2617993877991417,0.0,-1.584281184762384,180,170,170,160,170,180,170
15.142168998718262,-0.01779342812552821,9.046850459088652,0.2617993877991417,0.0,-1.5841267944357564,180,170,170,160,170,180,170
15.152377367019653,-0.01779342812552821,9.046850459088652,0.2617993877991417,0.0,-1.5841267944357564,180,170,170,160,170,180,170
15.162601232528687,-0.01779342812552821,9.046850459088652,0.2617993877991417,0.0,-1.5841267944357564,180,170,170,170,170,180,170
15.172834157943726,-0.017674017107984392,9.037952271779563,0.2617993877991417,0.0,-1.5839237055197974,180,170,170,170,170,180,170
15.189223766326904,-0.017674017107984392,9.037952271779563,0.2617993877991417,0.0,-1.5839237055197974,180,170,170,170,170,180,170
15.199467420578003,-0.017561699993912928,9.029310533087056,0.2617993877991417,0.0,-1.5837107883352664,180,170,170,170,170,180,170
15.209707975387573,-0.017561699993912928,9.029310533087056,0.2617993877991417,0.0,-1.5837107883352664,180,170,180,170,170,180,150
15.219916582107544,-0.017561699993912928,9.029310533087056,0.2617993877991417,0.0,-1.5837107883352664,180,170,180,170,170,180,150
15.23011589050293,-0.017561699993912928,9.029310533087056,0.2617993877991417,0.0,-1.5837107883352664,180,170,180,170,170,180,150
15.241024017333984,-0.017451021904475676,9.020669635734578,0.2617993877991417,0.0,-1.5835735491722707,180,170,180,170,170,180,150
15.251240730285645,-0.017451021904475676,9.020669635734578,0.2617993877991417,0.0,-1.5835735491722707,180,170,180,170,170,180,150
15.261430263519287,-0.017451021904475676,9.020669635734578,0.2617993877991417,0.0,-1.5835735491722707,180,170,180,170,170,180,150
15.271644353866577,-0.017334763074341376,9.011781691375116,0.2617993877991417,0.0,-1.5836006143641037,180,180,180,170,170,180,150
15.281863689422607,-0.017334763074341376,9.011781691375116,0.2617993877991417,0.0,-1.5836006143641037,180,180,180,170,170,180,150
15.29226565361023,-0.017334763074341376,9.011781691375116,0.2617993877991417,0.0,-1.5836006143641037,180,180,180,170,170,180,150
15.302524089813232,-0.017222614173605634,9.00319117231917,0.2617993877991417,0.0,-1.58392381971275,180,180,180,170,170,180,150
15.312729120254517,-0.017222614173605634,9.00319117231917,0.2617993877991417,0.0,-1.58392381971275,180,180,180,170,170,180,150
15.322926759719849,-0.017222614173605634,9.00319117231917,0.2617993877991417,0.0,-1.58392381971275,180,180,180,180,180,180,150
15.341237783432007,-0.017222614173605634,9.00319117231917,0.2617993877991417,0.0,-1.58392381971275,180,180,180,180,180,180,150
15.351491928100586,-0.017106652444915917,8.994566709924474,0.2617993877991417,0.0,-1.5840766647402937,180,180,180,180,180,180,150
15.36168909072876,-0.017106652444915917,8.994566709924474,0.2617993877991417,0.0,-1.5840766647402937,180,180,180,180,180,180,150
15.371934652328491,-0.01698733836048809,8.985678238673003,0.2617993877991417,0.0,-1.5842769172875046,180,180,180,180,180,180,150
15.391637325286865,-0.01698733836048809,8.985678238673003,0.2617993877991417,0.0,-1.5842769172875046,180,180,180,180,180,180,150
15.40188455581665,-0.01686958797468329,8.97703999636969,0.2617993877991417,0.0,-1.5844612144309582,180,180,180,180,180,180,150
15.412203311920166,-0.01686958797468329,8.97703999636969,0.2617993877991417,0.0,-1.5844612144309582,180,180,180,180,180,180,150
15.422515630722046,-0.01686958797468329,8.97703999636969,0.2617993877991417,0.0,-1.5844612144309582,180,180,170,180,180,180,150
15.442717790603638,-0.01686958797468329,8.97703999636969,0.2617993877991417,0.0,-1.5844612144309582,180,180,170,180,180,180,150
15.453020572662354,-0.016750445421401194,8.96839201458862,0.2617993877991417,0.0,-1.5846079005986888,180,180,170,180,180,180,150
15.463219404220581,-0.016750445421401194,8.96839201458862,0.2617993877991417,0.0,-1.5846079005986888,180,170,170,170,180,180,150
15.47343921661377,-0.016627590439587035,8.959480334314385,0.2617993877991417,0.0,-1.5846930362271732,180,170,170,170,180,180,150
15.489962816238403,-0.016627590439587035,8.959480334314385,0.2617993877991417,0.0,-1.5846930362271732,180,170,170,170,180,180,150
15.500355005264282,-0.01650331400033504,8.950831834644177,0.2617993877991417,0.0,-1.5847014207421064,180,170,170,170,180,180,150
15.510549068450928,-0.01650331400033504,8.950831834644177,0.2617993877991417,0.0,-1.5847014207421064,180,170,170,170,180,180,150
15.520752429962158,-0.01650331400033504,8.950831834644177,0.2617993877991417,0.0,-1.5847014207421064,180,170,170,160,170,170,150
15.538366556167603,-0.01638190435854643,8.942199550914419,0.2617993877991417,0.0,-1.5845293685094006,180,170,170,160,170,170,150
15.548590898513794,-0.01638190435854643,8.942199550914419,0.2617993877991417,0.0,-1.5845293685094006,180,170,170,160,170,170,150
15.558798789978027,-0.01638190435854643,8.942199550914419,0.2617993877991417,0.0,-1.5845293685094006,180,170,170,160,170,170,150
15.569046020507812,-0.0162590944071019,8.933300870885507,0.2617993877991417,0.0,-1.5843220427948073,180,170,170,170,180,180,150
15.590222358703613,-0.0162590944071019,8.933300870885507,0.2617993877991417,0.0,-1.5843220427948073,180,170,170,170,180,180,150
15.600459814071655,-0.016143335668208383,8.924658596296156,0.2617993877991417,0.0,-1.5841152018346982,180,170,170,170,180,180,150
15.610656261444092,-0.016143335668208383,8.924658596296156,0.2617993877991417,0.0,-1.5841152018346982,180,170,170,170,180,180,150
15.621015548706055,-0.016143335668208383,8.924658596296156,0.2617993877991417,0.0,-1.5841152018346982,180,170,170,170,170,180,160
15.638400554656982,-0.016029252074898262,8.916018268162844,0.2617993877991417,0.0,-1.5839892957287605,180,170,170,170,170,180,160
15.648612022399902,-0.016029252074898262,8.916018268162844,0.2617993877991417,0.0,-1.5839892957287605,180,170,170,170,170,180,160
15.658802509307861,-0.016029252074898262,8.916018268162844,0.2617993877991417,0.0,-1.5839892957287605,180,170,180,170,180,180,170
15.66899585723877,-0.015908835500612156,8.907134786627395,0.2617993877991417,0.0,-1.5840549666198358,180,170,180,170,180,180,170
15.67920732498169,-0.015908835500612156,8.907134786627395,0.2617993877991417,0.0,-1.5840549666198358,180,170,180,170,180,180,170
15.690661191940308,-0.015908835500612156,8.907134786627395,0.2617993877991417,0.0,-1.5840549666198358,180,170,180,170,180,180,170
15.70085859298706,-0.015792718196785856,8.898541948949902,0.2617993877991417,0.0,-1.58436686141824,180,170,180,170,180,180,170
15.711078405380249,-0.015792718196785856,8.898541948949902,0.2617993877991417,0.0,-1.58436686141824,180,180,180,180,180,180,180
15.721433877944946,-0.015792718196785856,8.898541948949902,0.2617993877991417,0.0,-1.58436686141824,180,180,180,180,180,180,180
15.731720447540283,-0.015673116987079284,8.889917239617471,0.2617993877991417,0.0,-1.584526147032844,180,180,180,180,180,180,180
15.741904497146606,-0.015673116987079284,8.889917239617471,0.2617993877991417,0.0,-1.584526147032844,180,180,180,180,180,180,180
15.752084732055664,-0.015673116987079284,8.889917239617471,0.2617993877991417,0.0,-1.584526147032844,180,180,180,180,180,180,180
15.762267112731934,-0.015673116987079284,8.889917239617471,0.2617993877991417,0.0,-1.584526147032844,180,190,180,190,190,180,200
15.773232221603394,-0.015549729679439123,8.881027753707663,0.2617993877991417,0.0,-1.5847265174647047,180,190,180,190,190,180,200
15.788993120193481,-0.015549729679439123,8.881027753707663,0.2617993877991417,0.0,-1.5847265174647047,180,190,180,190,190,180,200
15.799183130264282,-0.015428099653486965,8.87238811383775,0.2617993877991417,0.0,-1.5849082542343191,180,190,180,190,190,180,200
15.809384822845459,-0.015428099653486965,8.87238811383775,0.2617993877991417,0.0,-1.5849082542343191,180,190,180,190,190,180,200
15.819642782211304,-0.015428099653486965,8.87238811383775,0.2617993877991417,0.0,-1.5849082542343191,180,190,180,190,180,180,200
15.82983684539795,-0.015428099653486965,8.87238811383775,0.2617993877991417,0.0,-1.5849082542343191,180,190,180,190,180,180,200
15.84008264541626,-0.015428099653486965,8.87238811383775,0.2617993877991417,0.0,-1.5849082542343191,180,190,180,190,180,180,200
15.850371837615967,-0.015305113406022834,8.863739577741953,0.2617993877991417,0.0,-1.5850491148041834,180,190,180,190,180,180,200
15.860558271408081,-0.015305113406022834,8.863739577741953,0.2617993877991417,0.0,-1.5850491148041834,180,190,180,190,180,180,200
15.870759725570679,-0.01517832719552949,8.854828182881679,0.2617993877991417,0.0,-1.5851249766869706,190,190,180,190,190,180,190
15.880946636199951,-0.01517832719552949,8.854828182881679,0.2617993877991417,0.0,-1.5851249766869706,190,190,180,190,190,180,190
15.894427299499512,-0.01517832719552949,8.854828182881679,0.2617993877991417,0.0,-1.5851249766869706,190,190,180,190,190,180,190
15.904605388641357,-0.015050654586896072,8.846180481087252,0.2617993877991417,0.0,-1.585120191716185,190,190,180,190,190,180,190
15.914788246154785,-0.015050654586896072,8.846180481087252,0.2617993877991417,0.0,-1.585120191716185,190,190,180,190,190,180,190
15.924970149993896,-0.015050654586896072,8.846180481087252,0.2617993877991417,0.0,-1.585120191716185,190,190,180,190,190,180,190
15.935366868972778,-0.015050654586896072,8.846180481087252,0.2617993877991417,0.0,-1.585120191716185,190,190,180,190,190,180,190
15.945802211761475,-0.014925318172552937,8.837549017396963,0.2617993877991417,0.0,-1.5849362514757777,190,190,180,190,190,180,190
15.958787441253662,-0.014925318172552937,8.837549017396963,0.2617993877991417,0.0,-1.5849362514757777,190,190,180,190,190,180,190
15.96911358833313,-0.014799123144601576,8.828649971479333,0.2617993877991417,0.0,-1.584722507881359,190,190,180,190,190,180,190
15.979405403137207,-0.014799123144601576,8.828649971479333,0.2617993877991417,0.0,-1.584722507881359,190,190,180,190,190,190,180
15.989793539047241,-0.014799123144601576,8.828649971479333,0.2617993877991417,0.0,-1.584722507881359,190,190,180,190,190,190,180
16.002633571624756,-0.014679876062699177,8.820007539976181,0.2617993877991417,0.0,-1.5845228184018623,190,190,180,190,190,190,180
16.012856006622314,-0.014679876062699177,8.820007539976181,0.2617993877991417,0.0,-1.5845228184018623,190,190,180,190,190,190,180
16.02307152748108,-0.014679876062699177,8.820007539976181,0.2617993877991417,0.0,-1.5845228184018623,190,190,180,190,190,190,180
16.033313035964966,-0.01456239419370036,8.811367972752688,0.2617993877991417,0.0,-1.5844090474893202,190,190,180,200,190,180,180
16.048779249191284,-0.01456239419370036,8.811367972752688,0.2617993877991417,0.0,-1.5844090474893202,190,190,180,200,190,180,180
16.059008836746216,-0.01456239419370036,8.811367972752688,0.2617993877991417,0.0,-1.5844090474893202,190,190,180,200,190,180,180
16.069220304489136,-0.014437996213025961,8.802489841715047,0.2617993877991417,0.0,-1.5845188082799497,190,190,180,200,190,180,180
16.079412937164307,-0.014437996213025961,8.802489841715047,0.2617993877991417,0.0,-1.5845188082799497,180,190,180,190,180,180,180
16.089646100997925,-0.014437996213025961,8.802489841715047,0.2617993877991417,0.0,-1.5845188082799497,180,190,180,190,180,180,180
16.10040044784546,-0.01431762980831236,8.793892484306657,0.2617993877991417,0.0,-1.584804598126968,180,190,180,190,180,180,180
16.110890865325928,-0.01431762980831236,8.793892484306657,0.2617993877991417,0.0,-1.584804598126968,180,190,180,190,180,180,180
16.121180057525635,-0.01431762980831236,8.793892484306657,0.2617993877991417,0.0,-1.584804598126968,180,190,180,190,180,180,180
16.131461143493652,-0.01431762980831236,8.793892484306657,0.2617993877991417,0.0,-1.584804598126968,180,190,180,190,180,180,180
16.14509916305542,-0.014194419344907987,8.785268330711473,0.2617993877991417,0.0,-1.5849749334573684,180,190,180,190,180,180,180
16.155615091323853,-0.014194419344907987,8.785268330711473,0.2617993877991417,0.0,-1.5849749334573684,180,190,180,190,180,180,180
16.16587734222412,-0.014194419344907987,8.785268330711473,0.2617993877991417,0.0,-1.5849749334573684,180,190,180,190,180,180,180
16.17760157585144,-0.014067012096005789,8.776377798508289,0.2617993877991417,0.0,-1.5851746797921518,140,180,180,180,180,180,170
16.192384004592896,-0.014067012096005789,8.776377798508289,0.2617993877991417,0.0,-1.5851746797921518,140,180,180,180,180,180,170
16.202653169631958,-0.01394151474446884,8.767736727630524,0.2617993877991417,0.0,-1.585353057516337,140,180,180,180,180,180,170
16.21287727355957,-0.01394151474446884,8.767736727630524,0.2617993877991417,0.0,-1.585353057516337,140,180,180,180,180,180,170
16.22323226928711,-0.01394151474446884,8.767736727630524,0.2617993877991417,0.0,-1.585353057516337,180,190,180,190,180,190,180
16.24208092689514,-0.01394151474446884,8.767736727630524,0.2617993877991417,0.0,-1.585353057516337,180,190,180,190,180,190,180
16.252363443374634,-0.013814720928724093,8.759087732131125,0.2617993877991417,0.0,-1.5854873964245604,180,190,180,190,180,190,180
16.262574434280396,-0.013814720928724093,8.759087732131125,0.2617993877991417,0.0,-1.5854873964245604,180,190,180,190,180,190,180
16.272804498672485,-0.013683733860531767,8.750176574161927,0.2617993877991417,0.0,-1.5855538753586613,180,190,180,190,190,190,190
16.288652181625366,-0.013683733860531767,8.750176574161927,0.2617993877991417,0.0,-1.5855538753586613,180,190,180,190,190,190,190
16.298901557922363,-0.013683733860531767,8.750176574161927,0.2617993877991417,0.0,-1.5855538753586613,180,190,180,190,190,190,190
16.309136629104614,-0.013552771111128303,8.741530117547498,0.2617993877991417,0.0,-1.5855324423097055,180,190,180,190,190,190,190
16.319432497024536,-0.013552771111128303,8.741530117547498,0.2617993877991417,0.0,-1.5855324423097055,180,190,180,190,190,190,200
16.33000421524048,-0.013552771111128303,8.741530117547498,0.2617993877991417,0.0,-1.5855324423097055,180,190,180,190,190,190,200
16.343050003051758,-0.013423700920796715,8.732898698833996,0.2617993877991417,0.0,-1.5853411595793854,180,190,180,190,190,190,200
16.3534255027771,-0.013423700920796715,8.732898698833996,0.2617993877991417,0.0,-1.5853411595793854,180,190,180,190,190,190,200
16.363726139068604,-0.013423700920796715,8.732898698833996,0.2617993877991417,0.0,-1.5853411595793854,180,190,180,190,190,190,200
16.374265670776367,-0.01329422752713992,8.72399930224124,0.2617993877991417,0.0,-1.5851207908843017,180,180,180,190,180,190,210
16.38487696647644,-0.01329422752713992,8.72399930224124,0.2617993877991417,0.0,-1.5851207908843017,180,180,180,190,180,190,210
16.40073800086975,-0.01317145903870941,8.71535690156551,0.2617993877991417,0.0,-1.5849291006686814,180,180,180,190,180,190,210
16.410972833633423,-0.01317145903870941,8.71535690156551,0.2617993877991417,0.0,-1.5849291006686814,180,180,180,190,180,190,210
16.42128610610962,-0.01317145903870941,8.71535690156551,0.2617993877991417,0.0,-1.5849291006686814,180,180,180,190,180,190,210
16.431591987609863,-0.01317145903870941,8.71535690156551,0.2617993877991417,0.0,-1.5849291006686814,180,180,180,190,180,190,210
16.4434552192688,-0.013050629666029621,8.706718232643603,0.2617993877991417,0.0,-1.5848289332961498,180,180,180,190,180,190,210
16.453777551651,-0.013050629666029621,8.706718232643603,0.2617993877991417,0.0,-1.5848289332961498,180,180,180,190,180,190,210
16.464627981185913,-0.013050629666029621,8.706718232643603,0.2617993877991417,0.0,-1.5848289332961498,180,180,180,190,180,190,210
16.475309133529663,-0.012922180205516241,8.697846090738572,0.2617993877991417,0.0,-1.5849872048306193,190,180,180,190,180,190,210
16.49278497695923,-0.012922180205516241,8.697846090738572,0.2617993877991417,0.0,-1.5849872048306193,190,180,180,190,180,190,210
16.503079414367676,-0.012797357933679985,8.689244292046492,0.2617993877991417,0.0,-1.585249136283531,190,180,180,190,180,190,210
16.513591289520264,-0.012797357933679985,8.689244292046492,0.2617993877991417,0.0,-1.585249136283531,190,180,180,190,180,190,210
16.52395462989807,-0.012797357933679985,8.689244292046492,0.2617993877991417,0.0,-1.585249136283531,190,180,180,200,190,190,190
16.53434419631958,-0.012670684108036023,8.680620954423834,0.2617993877991417,0.0,-1.585431595694771,190,180,180,200,190,190,190
16.54462766647339,-0.012670684108036023,8.680620954423834,0.2617993877991417,0.0,-1.585431595694771,190,180,180,200,190,190,190
16.55485725402832,-0.012670684108036023,8.680620954423834,0.2617993877991417,0.0,-1.585431595694771,190,180,180,200,190,190,190
16.565102338790894,-0.012670684108036023,8.680620954423834,0.2617993877991417,0.0,-1.585431595694771,190,180,180,200,190,190,190
16.575379610061646,-0.012539218762423185,8.671729331286777,0.2617993877991417,0.0,-1.585630992634417,190,180,180,190,180,190,190
16.59190559387207,-0.012539218762423185,8.671729331286777,0.2617993877991417,0.0,-1.585630992634417,190,180,180,190,180,190,190
16.60214066505432,-0.012409787682862388,8.663086906282988,0.2617993877991417,0.0,-1.5858058442731746,190,180,180,190,180,190,190
16.612386226654053,-0.012409787682862388,8.663086906282988,0.2617993877991417,0.0,-1.5858058442731746,190,180,180,190,180,180,180
16.62262225151062,-0.012409787682862388,8.663086906282988,0.2617993877991417,0.0,-1.5858058442731746,190,180,180,190,180,180,180
16.637248039245605,-0.012409787682862388,8.663086906282988,0.2617993877991417,0.0,-1.5858058442731746,190,180,180,190,180,180,180
16.647546529769897,-0.012279151324126469,8.654437628381583,0.2617993877991417,0.0,-1.585933540357853,190,180,180,190,180,180,180
16.657853841781616,-0.012279151324126469,8.654437628381583,0.2617993877991417,0.0,-1.585933540357853,190,180,180,190,180,180,180
16.668328046798706,-0.01214354441979464,8.645526681243854,0.2617993877991417,0.0,-1.5859913836507045,190,180,180,190,180,180,180
16.678595781326294,-0.01214354441979464,8.645526681243854,0.2617993877991417,0.0,-1.5859913836507045,190,180,180,190,180,180,180
16.689576625823975,-0.01214354441979464,8.645526681243854,0.2617993877991417,0.0,-1.5859913836507045,190,180,180,190,180,180,180
16.69979166984558,-0.012009247657098685,8.636882146544812,0.2617993877991417,0.0,-1.585948814264259,190,180,180,190,180,180,180
16.710066318511963,-0.012009247657098685,8.636882146544812,0.2617993877991417,0.0,-1.585948814264259,190,180,180,190,180,180,180
16.72047519683838,-0.012009247657098685,8.636882146544812,0.2617993877991417,0.0,-1.585948814264259,190,180,180,190,180,190,170
16.730786085128784,-0.012009247657098685,8.636882146544812,0.2617993877991417,0.0,-1.585948814264259,190,180,180,190,180,190,170
16.742505311965942,-0.011876587594611078,8.628250276474338,0.2617993877991417,0.0,-1.5857538911906057,190,180,180,190,180,190,170
16.75282096862793,-0.011876587594611078,8.628250276474338,0.2617993877991417,0.0,-1.5857538911906057,190,180,180,190,180,190,170
16.763132095336914,-0.011876587594611078,8.628250276474338,0.2617993877991417,0.0,-1.5857538911906057,190,180,180,190,180,190,170
16.773560523986816,-0.01174382624784008,8.619350472009346,0.2617993877991417,0.0,-1.585528815881743,180,180,180,190,180,180,160
16.794582843780518,-0.01174382624784008,8.619350472009346,0.2617993877991417,0.0,-1.585528815881743,180,180,180,190,180,180,160
16.80487370491028,-0.011617422774847543,8.610708220410983,0.2617993877991417,0.0,-1.5853456615430244,180,180,180,190,180,180,160
16.815111875534058,-0.011617422774847543,8.610708220410983,0.2617993877991417,0.0,-1.5853456615430244,180,180,180,190,180,180,160
16.8253276348114,-0.011617422774847543,8.610708220410983,0.2617993877991417,0.0,-1.5853456615430244,180,180,180,190,180,180,160
16.84234070777893,-0.011617422774847543,8.610708220410983,0.2617993877991417,0.0,-1.5853456615430244,180,180,180,190,180,180,160
16.85266661643982,-0.011493071874983317,8.60207070105081,0.2617993877991417,0.0,-1.5852604845543652,180,180,180,190,180,180,160
16.862905502319336,-0.011493071874983317,8.60207070105081,0.2617993877991417,0.0,-1.5852604845543652,180,180,180,190,180,180,160
16.873392581939697,-0.011360491564902445,8.593204850763769,0.2617993877991417,0.0,-1.5854681473994294,190,180,180,190,180,180,170
16.891398906707764,-0.011360491564902445,8.593204850763769,0.2617993877991417,0.0,-1.5854681473994294,190,180,180,190,180,180,170
16.90174674987793,-0.01123105922160616,8.584596883151892,0.2617993877991417,0.0,-1.5856950735275361,190,180,180,190,180,180,170
16.911964178085327,-0.01123105922160616,8.584596883151892,0.2617993877991417,0.0,-1.5856950735275361,190,180,180,200,190,180,180
16.92227053642273,-0.01123105922160616,8.584596883151892,0.2617993877991417,0.0,-1.5856950735275361,190,180,180,200,190,180,180
16.941570281982422,-0.01110103797147213,8.57597413806453,0.2617993877991417,0.0,-1.5858872985056074,190,180,180,200,190,180,180
16.952402114868164,-0.01110103797147213,8.57597413806453,0.2617993877991417,0.0,-1.5858872985056074,190,180,180,200,190,180,180
16.962660789489746,-0.01110103797147213,8.57597413806453,0.2617993877991417,0.0,-1.5858872985056074,190,180,180,200,190,180,180
16.972899675369263,-0.010965483265537809,8.567081237882299,0.2617993877991417,0.0,-1.5860863845028859,180,180,180,190,180,180,170
16.983158111572266,-0.010965483265537809,8.567081237882299,0.2617993877991417,0.0,-1.5860863845028859,180,180,180,190,180,180,170
16.995771884918213,-0.010965483265537809,8.567081237882299,0.2617993877991417,0.0,-1.5860863845028859,180,180,180,190,180,180,170
17.006059885025024,-0.01083217273643139,8.558437714213092,0.2617993877991417,0.0,-1.586256354245298,180,180,180,190,180,180,170
17.016273260116577,-0.01083217273643139,8.558437714213092,0.2617993877991417,0.0,-1.586256354245298,180,180,180,190,180,180,170
17.027048587799072,-0.01083217273643139,8.558437714213092,0.2617993877991417,0.0,-1.586256354245298,180,180,180,190,180,180,160
17.04439425468445,-0.010697761278410644,8.54978829356992,0.2617993877991417,0.0,-1.5863766895792848,180,180,180,190,180,180,160
17.054633617401123,-0.010697761278410644,8.54978829356992,0.2617993877991417,0.0,-1.5863766895792848,180,180,180,190,180,180,160
17.06484627723694,-0.010697761278410644,8.54978829356992,0.2617993877991417,0.0,-1.5863766895792848,180,180,180,190,180,180,160
17.075064420700073,-0.010557268210224529,8.540877486679197,0.2617993877991417,0.0,-1.586426141753103,180,180,180,190,180,180,160
17.09004020690918,-0.010557268210224529,8.540877486679197,0.2617993877991417,0.0,-1.586426141753103,180,180,180,190,180,180,160
17.100265741348267,-0.01041971429651042,8.532235425679158,0.2617993877991417,0.0,-1.5863580634451018,180,180,180,190,180,180,160
17.110492706298828,-0.01041971429651042,8.532235425679158,0.2617993877991417,0.0,-1.5863580634451018,180,180,180,200,190,190,170
17.12075185775757,-0.01041971429651042,8.532235425679158,0.2617993877991417,0.0,-1.5863580634451018,180,180,180,200,190,190,170
17.13099241256714,-0.01041971429651042,8.532235425679158,0.2617993877991417,0.0,-1.5863580634451018,180,180,180,200,190,190,170
17.145543336868286,-0.010283702182830578,8.523602711805673,0.2617993877991417,0.0,-1.5861619814290515,180,180,180,200,190,190,170
17.155831813812256,-0.010283702182830578,8.523602711805673,0.2617993877991417,0.0,-1.5861619814290515,180,180,180,200,190,190,170
17.16614818572998,-0.010283702182830578,8.523602711805673,0.2617993877991417,0.0,-1.5861619814290515,180,180,180,200,190,190,170
17.176536083221436,-0.01014765523850262,8.51470227868264,0.2617993877991417,0.0,-1.5859348511245768,180,180,180,190,190,190,170
17.19086003303528,-0.01014765523850262,8.51470227868264,0.2617993877991417,0.0,-1.5859348511245768,180,180,180,190,190,190,170
17.201152324676514,-0.010017649641439983,8.506060228402015,0.2617993877991417,0.0,-1.5857610429274562,180,180,180,190,190,190,170
17.2113676071167,-0.010017649641439983,8.506060228402015,0.2617993877991417,0.0,-1.5857610429274562,180,180,180,190,190,190,170
17.221614122390747,-0.010017649641439983,8.506060228402015,0.2617993877991417,0.0,-1.5857610429274562,180,180,180,190,180,190,170
17.23941397666931,-0.010017649641439983,8.506060228402015,0.2617993877991417,0.0,-1.5857610429274562,180,180,180,190,180,190,170
17.249897241592407,-0.009889443607632244,8.497424112743769,0.2617993877991417,0.0,-1.585693174944195,180,180,180,190,180,190,170
17.26012372970581,-0.009889443607632244,8.497424112743769,0.2617993877991417,0.0,-1.585693174944195,180,180,180,190,180,190,170
17.270851373672485,-0.009753094612576233,8.488564181115175,0.2617993877991417,0.0,-1.5859469154413752,180,180,180,200,190,190,170
17.288301706314087,-0.009753094612576233,8.488564181115175,0.2617993877991417,0.0,-1.5859469154413752,180,180,180,200,190,190,170
17.298749446868896,-0.009753094612576233,8.488564181115175,0.2617993877991417,0.0,-1.5859469154413752,180,180,180,200,190,190,170
17.309324741363525,-0.0096192052713904,8.479950284216152,0.2617993877991417,0.0,-1.5861420362664325,180,180,180,200,190,190,170
17.320080041885376,-0.0096192052713904,8.479950284216152,0.2617993877991417,0.0,-1.5861420362664325,180,180,180,200,190,190,170
17.330506086349487,-0.0096192052713904,8.479950284216152,0.2617993877991417,0.0,-1.5861420362664325,180,180,180,200,190,190,170
17.34124255180359,-0.009485752072755389,8.471327417835777,0.2617993877991417,0.0,-1.5863392137393362,180,180,180,200,190,190,170
17.35144805908203,-0.009485752072755389,8.471327417835777,0.2617993877991417,0.0,-1.5863392137393362,180,180,180,200,190,190,170
17.361663579940796,-0.009485752072755389,8.471327417835777,0.2617993877991417,0.0,-1.5863392137393362,180,180,180,200,190,190,170
17.372044801712036,-0.009346133177083295,8.46243307189392,0.2617993877991417,0.0,-1.5865375974734754,180,180,180,200,190,190,180
17.389787197113037,-0.009346133177083295,8.46243307189392,0.2617993877991417,0.0,-1.5865375974734754,180,180,180,200,190,190,180
17.400059938430786,-0.00920898417886289,8.45378853659702,0.2617993877991417,0.0,-1.5867029033484454,180,180,180,200,190,190,180
17.410281658172607,-0.00920898417886289,8.45378853659702,0.2617993877991417,0.0,-1.5867029033484454,180,180,180,200,190,190,180
17.42063617706299,-0.00920898417886289,8.45378853659702,0.2617993877991417,0.0,-1.5867029033484454,180,180,180,190,180,180,170
17.439626932144165,-0.00920898417886289,8.45378853659702,0.2617993877991417,0.0,-1.5867029033484454,180,180,180,190,180,180,170
17.449878692626953,-0.009070881244795409,8.44513909528658,0.2617993877991417,0.0,-1.5868157900024704,180,180,180,190,180,180,170
17.460093021392822,-0.009070881244795409,8.44513909528658,0.2617993877991417,0.0,-1.5868157900024704,180,180,180,190,180,180,170
17.47077989578247,-0.008925481590878762,8.436228408401284,0.2617993877991417,0.0,-1.5868573592178388,180,180,180,190,190,190,170
17.487616062164307,-0.008925481590878762,8.436228408401284,0.2617993877991417,0.0,-1.5868573592178388,180,180,180,190,190,190,170
17.49788475036621,-0.008925481590878762,8.436228408401284,0.2617993877991417,0.0,-1.5868573592178388,180,180,180,190,190,190,170
17.508098363876343,-0.008784764041141155,8.427589238134882,0.2617993877991417,0.0,-1.586761320475186,180,180,180,190,190,190,180
17.518309116363525,-0.008784764041141155,8.427589238134882,0.2617993877991417,0.0,-1.586761320475186,180,180,180,190,190,190,180
17.528532028198242,-0.008784764041141155,8.427589238134882,0.2617993877991417,0.0,-1.586761320475186,180,180,180,190,190,190,180
17.540135860443115,-0.008784764041141155,8.427589238134882,0.2617993877991417,0.0,-1.586761320475186,180,180,180,190,190,190,180
17.550559520721436,-0.008645519936308705,8.418955492628644,0.2617993877991417,0.0,-1.5865662301377785,180,180,180,190,190,190,180
17.56080436706543,-0.008645519936308705,8.418955492628644,0.2617993877991417,0.0,-1.5865662301377785,180,180,180,190,190,190,180
17.571020126342773,-0.008506118017429022,8.410054285817779,0.2617993877991417,0.0,-1.5863393773482692,180,180,180,190,190,190,180
17.58134913444519,-0.008506118017429022,8.410054285817779,0.2617993877991417,0.0,-1.5863393773482692,180,180,180,190,190,190,180
17.591576099395752,-0.008506118017429022,8.410054285817779,0.2617993877991417,0.0,-1.5863393773482692,180,180,180,190,190,190,180
17.601850271224976,-0.008372580663604943,8.401412539983784,0.2617993877991417,0.0,-1.5861755457684457,180,180,180,190,190,190,180
17.61207365989685,-0.008372580663604943,8.401412539983784,0.2617993877991417,0.0,-1.5861755457684457,180,180,180,190,190,190,180
17.622381448745728,-0.008372580663604943,8.401412539983784,0.2617993877991417,0.0,-1.5861755457684457,180,180,180,190,190,190,180
17.639610767364502,-0.008372580663604943,8.401412539983784,0.2617993877991417,0.0,-1.5861755457684457,180,180,180,190,190,190,180
17.650115489959717,-0.008240100414706738,8.39277824783121,0.2617993877991417,0.0,-1.5861275120791232,180,180,180,190,190,190,180
17.66039490699768,-0.008240100414706738,8.39277824783121,0.2617993877991417,0.0,-1.5861275120791232,180,180,180,190,190,190,180
17.6707980632782,-0.008100365425258403,8.383923143079736,0.2617993877991417,0.0,-1.58641856682848,180,180,180,190,190,190,180
17.681126832962036,-0.008100365425258403,8.383923143079736,0.2617993877991417,0.0,-1.58641856682848,180,180,180,190,190,190,180
17.69225025177002,-0.008100365425258403,8.383923143079736,0.2617993877991417,0.0,-1.58641856682848,180,180,180,190,190,190,180
17.702653646469116,-0.007962352692465292,8.375304831162538,0.2617993877991417,0.0,-1.5865918268252353,180,180,180,190,190,190,180
17.71290946006775,-0.007962352692465292,8.375304831162538,0.2617993877991417,0.0,-1.5865918268252353,180,180,180,190,190,190,180
17.723307371139526,-0.007962352692465292,8.375304831162538,0.2617993877991417,0.0,-1.5865918268252353,180,180,180,190,190,190,180
17.74156951904297,-0.007825157632330463,8.366681090012715,0.2617993877991417,0.0,-1.5867890232980373,180,180,180,190,190,190,180
17.751818895339966,-0.007825157632330463,8.366681090012715,0.2617993877991417,0.0,-1.5867890232980373,180,180,180,190,190,190,180
17.76205611228943,-0.007825157632330463,8.366681090012715,0.2617993877991417,0.0,-1.5867890232980373,180,180,180,190,180,190,180
17.77288269996643,-0.007681499974582473,8.35778529198088,0.2617993877991417,0.0,-1.5869857817775486,180,180,180,190,180,190,180
17.789884567260742,-0.007681499974582473,8.35778529198088,0.2617993877991417,0.0,-1.5869857817775486,180,180,180,190,180,190,180
17.800191640853882,-0.0075405053650111084,8.349139807458304,0.2617993877991417,0.0,-1.5871461667827302,180,180,180,190,180,190,180
17.81045126914978,-0.0075405053650111084,8.349139807458304,0.2617993877991417,0.0,-1.5871461667827302,180,180,180,190,180,190,180
17.82074213027954,-0.0075405053650111084,8.349139807458304,0.2617993877991417,0.0,-1.5871461667827302,180,180,180,190,180,190,180
17.839626789093018,-0.0075405053650111084,8.349139807458304,0.2617993877991417,0.0,-1.5871461667827302,180,180,180,190,180,190,180
17.850120306015015,-0.007398782597920415,8.340490451505111,0.2617993877991417,0.0,-1.5872507405992995,180,180,180,190,180,190,180
17.86035680770874,-0.007398782597920415,8.340490451505111,0.2617993877991417,0.0,-1.5872507405992995,180,180,180,190,180,190,180
17.870604515075684,-0.007248565665147581,8.331579881780348,0.2617993877991417,0.0,-1.5872839343776144,180,180,180,180,180,190,180
17.88081693649292,-0.007248565665147581,8.331579881780348,0.2617993877991417,0.0,-1.5872839343776144,180,180,180,180,180,190,180
17.894036531448364,-0.007248565665147581,8.331579881780348,0.2617993877991417,0.0,-1.5872839343776144,180,180,180,180,180,190,180
17.904422283172607,-0.007104757387288427,8.322943605514704,0.2617993877991417,0.0,-1.5871600867425264,180,180,180,180,180,190,180
17.91483235359192,-0.007104757387288427,8.322943605514704,0.2617993877991417,0.0,-1.5871600867425264,180,180,180,180,180,190,180
17.92515206336975,-0.007104757387288427,8.322943605514704,0.2617993877991417,0.0,-1.5871600867425264,180,180,180,180,180,190,180
17.935423851013184,-0.006962309040007159,8.314308773028117,0.2617993877991417,0.0,-1.5869660928514018,180,180,180,180,180,190,180
17.9572856426239,-0.006962309040007159,8.314308773028117,0.2617993877991417,0.0,-1.5869660928514018,180,180,180,180,180,190,180
17.96757483482361,-0.006819471020566763,8.30540671733251,0.2617993877991417,0.0,-1.5867412593929697,180,180,180,180,180,190,180
17.977797031402588,-0.006819471020566763,8.30540671733251,0.2617993877991417,0.0,-1.5867412593929697,180,180,180,180,180,190,180
17.98806667327881,-0.006819471020566763,8.30540671733251,0.2617993877991417,0.0,-1.5867412593929697,180,180,180,180,180,190,180
18.003380298614502,-0.006682478306290058,8.296765328327211,0.2617993877991417,0.0,-1.5865880991053238,180,180,180,180,180,190,180
18.013672351837158,-0.006682478306290058,8.296765328327211,0.2617993877991417,0.0,-1.5865880991053238,180,180,180,180,180,190,180
18.023936986923218,-0.006682478306290058,8.296765328327211,0.2617993877991417,0.0,-1.5865880991053238,180,180,180,180,180,190,180
18.034862279891968,-0.006545372957730367,8.288133335313427,0.2617993877991417,0.0,-1.5865635482925688,180,180,180,180,180,190,180
18.05294108390808,-0.006545372957730367,8.288133335313427,0.2617993877991417,0.0,-1.5865635482925688,180,180,180,180,180,190,180
18.063198566436768,-0.006545372957730367,8.288133335313427,0.2617993877991417,0.0,-1.5865635482925688,180,180,180,180,180,190,180
18.073431968688965,-0.006402493200066476,8.27928147802049,0.2617993877991417,0.0,-1.5868814002294709,180,180,180,180,180,190,180
18.08397340774536,-0.006402493200066476,8.27928147802049,0.2617993877991417,0.0,-1.5868814002294709,180,180,180,190,180,190,180
18.09999394416809,-0.006260670763142115,8.27065973767015,0.2617993877991417,0.0,-1.5870393485118253,180,180,180,190,180,190,180
18.110202074050903,-0.006260670763142115,8.27065973767015,0.2617993877991417,0.0,-1.5870393485118253,180,180,180,190,180,190,180
18.12039017677307,-0.006260670763142115,8.27065973767015,0.2617993877991417,0.0,-1.5870393485118253,180,180,180,190,180,190,180
18.13063931465149,-0.006260670763142115,8.27065973767015,0.2617993877991417,0.0,-1.5870393485118253,180,190,180,190,180,190,180
18.15024757385254,-0.006119551048843491,8.262034826541177,0.2617993877991417,0.0,-1.587235554503235,180,190,180,190,180,190,180
18.160529851913452,-0.006119551048843491,8.262034826541177,0.2617993877991417,0.0,-1.587235554503235,180,190,180,190,180,190,180
18.17075824737549,-0.005971900527842569,8.253137643228705,0.2617993877991417,0.0,-1.5874305993571374,180,180,180,190,190,190,180
18.190046787261963,-0.005971900527842569,8.253137643228705,0.2617993877991417,0.0,-1.5874305993571374,180,180,180,190,190,190,180
18.20037317276001,-0.00582706851021232,8.244491305126395,0.2617993877991417,0.0,-1.5875860943555957,180,180,180,190,190,190,180
18.210606813430786,-0.00582706851021232,8.244491305126395,0.2617993877991417,0.0,-1.5875860943555957,190,190,180,190,190,190,180
18.220834970474243,-0.00582706851021232,8.244491305126395,0.2617993877991417,0.0,-1.5875860943555957,190,190,180,190,190,190,180
18.231038570404053,-0.00582706851021232,8.244491305126395,0.2617993877991417,0.0,-1.5875860943555957,190,190,180,190,190,190,180
18.24360942840576,-0.005681770498104419,8.235842128618183,0.2617993877991417,0.0,-1.5876822851458048,190,190,180,190,190,190,180
18.253904581069946,-0.005681770498104419,8.235842128618183,0.2617993877991417,0.0,-1.5876822851458048,190,190,180,190,190,190,180
18.26411771774292,-0.005681770498104419,8.235842128618183,0.2617993877991417,0.0,-1.5876822851458048,190,190,180,190,190,190,180
18.274341821670532,-0.005527180181508046,8.226931809273346,0.2617993877991417,0.0,-1.587706336520337,190,190,180,190,190,190,180
18.290411472320557,-0.005527180181508046,8.226931809273346,0.2617993877991417,0.0,-1.587706336520337,190,190,180,190,190,190,180
18.30063772201538,-0.005380029574821232,8.218298120937089,0.2617993877991417,0.0,-1.5875581350483143,190,190,180,190,190,190,180
18.31090474128723,-0.005380029574821232,8.218298120937089,0.2617993877991417,0.0,-1.5875581350483143,190,190,180,190,190,190,180
18.321141958236694,-0.005380029574821232,8.218298120937089,0.2617993877991417,0.0,-1.5875581350483143,190,190,180,190,190,190,180
18.339343786239624,-0.005380029574821232,8.218298120937089,0.2617993877991417,0.0,-1.5875581350483143,190,190,180,190,190,190,180
18.349802255630493,-0.005234329110225291,8.209662426464138,0.2617993877991417,0.0,-1.5873636890206115,190,190,180,190,190,190,180
18.36017107963562,-0.005234329110225291,8.209662426464138,0.2617993877991417,0.0,-1.5873636890206115,190,190,180,190,190,190,180
18.37043833732605,-0.0050879937524800235,8.20075961767577,0.2617993877991417,0.0,-1.5871424649398116,190,190,180,190,190,190,180
18.389207363128662,-0.0050879937524800235,8.20075961767577,0.2617993877991417,0.0,-1.5871424649398116,190,190,180,190,190,190,180
18.399436473846436,-0.0049475988606299615,8.192118698293244,0.2617993877991417,0.0,-1.5870000432118778,190,190,180,190,190,190,180
18.409634828567505,-0.0049475988606299615,8.192118698293244,0.2617993877991417,0.0,-1.5870000432118778,190,190,180,190,180,190,190
18.419849157333374,-0.0049475988606299615,8.192118698293244,0.2617993877991417,0.0,-1.5870000432118778,190,190,180,190,180,190,190
18.43010687828064,-0.0049475988606299615,8.192118698293244,0.2617993877991417,0.0,-1.5870000432118778,190,190,180,190,180,190,190
18.440465688705444,-0.004805770106613073,8.183489681998678,0.2617993877991417,0.0,-1.5870031813074557,190,190,180,190,180,190,190
18.45070171356201,-0.004805770106613073,8.183489681998678,0.2617993877991417,0.0,-1.5870031813074557,190,190,180,190,180,190,190
18.460914373397827,-0.004805770106613073,8.183489681998678,0.2617993877991417,0.0,-1.5870031813074557,190,190,180,190,180,190,180
18.47110891342163,-0.0046597343043441345,8.174639183576684,0.2617993877991417,0.0,-1.5873343305265648,190,190,180,190,180,190,180
18.481318712234497,-0.0046597343043441345,8.174639183576684,0.2617993877991417,0.0,-1.5873343305265648,190,190,180,190,180,190,180
18.492620944976807,-0.0046597343043441345,8.174639183576684,0.2617993877991417,0.0,-1.5873343305265648,190,190,180,190,180,190,180
18.502830266952515,-0.004514260376375691,8.166015679944646,0.2617993877991417,0.0,-1.5874878887826631,190,190,180,190,180,190,180
18.513041496276855,-0.004514260376375691,8.166015679944646,0.2617993877991417,0.0,-1.5874878887826631,190,190,190,190,180,190,180
18.523244857788086,-0.004514260376375691,8.166015679944646,0.2617993877991417,0.0,-1.5874878887826631,190,190,190,190,180,190,180
18.538957118988037,-0.004514260376375691,8.166015679944646,0.2617993877991417,0.0,-1.5874878887826631,190,190,190,190,180,190,180
18.54925560951233,-0.004369129861122015,8.157389691754194,0.2617993877991417,0.0,-1.5876834439320926,190,190,190,190,180,190,180
18.559454917907715,-0.004369129861122015,8.157389691754194,0.2617993877991417,0.0,-1.5876834439320926,190,190,190,190,180,190,180
18.569684267044067,-0.004217480717473732,8.148491066816003,0.2617993877991417,0.0,-1.5878759862572414,190,190,180,190,190,190,180
18.579895734786987,-0.004217480717473732,8.148491066816003,0.2617993877991417,0.0,-1.5878759862572414,190,190,180,190,190,190,180
18.591915369033813,-0.004217480717473732,8.148491066816003,0.2617993877991417,0.0,-1.5878759862572414,190,190,180,190,190,190,180
18.60221242904663,-0.004068804925095382,8.139843981702777,0.2617993877991417,0.0,-1.588025818050526,190,190,180,190,190,190,180
18.612431049346924,-0.004068804925095382,8.139843981702777,0.2617993877991417,0.0,-1.588025818050526,190,190,180,190,190,190,180
18.622663497924805,-0.004068804925095382,8.139843981702777,0.2617993877991417,0.0,-1.588025818050526,190,190,180,190,190,190,180
18.63953447341919,-0.003919938721565888,8.131194999937257,0.2617993877991417,0.0,-1.5881131691433548,190,190,180,190,190,190,180
18.64982509613037,-0.003919938721565888,8.131194999937257,0.2617993877991417,0.0,-1.5881131691433548,190,190,180,190,190,190,180
18.660059690475464,-0.003919938721565888,8.131194999937257,0.2617993877991417,0.0,-1.5881131691433548,190,190,180,190,180,190,190
18.670328855514526,-0.0037615081297245672,8.122285095594869,0.2617993877991417,0.0,-1.5881263880339356,190,190,180,190,180,190,190
18.68893027305603,-0.0037615081297245672,8.122285095594869,0.2617993877991417,0.0,-1.5881263880339356,190,190,180,190,180,190,190
18.69917607307434,-0.003610578856778442,8.113653250807243,0.2617993877991417,0.0,-1.5879591830558955,190,190,180,190,180,190,190
18.709364891052246,-0.003610578856778442,8.113653250807243,0.2617993877991417,0.0,-1.5879591830558955,190,190,180,190,180,190,190
18.719623565673828,-0.003610578856778442,8.113653250807243,0.2617993877991417,0.0,-1.5879591830558955,190,190,180,190,180,190,190
18.737980604171753,-0.003610578856778442,8.113653250807243,0.2617993877991417,0.0,-1.5879591830558955,190,190,180,190,180,190,190
18.748379707336426,-0.0034615876521684255,8.105017054881852,0.2617993877991417,0.0,-1.5877612900168545,190,190,180,190,180,190,190
18.75859308242798,-0.0034615876521684255,8.105017054881852,0.2617993877991417,0.0,-1.5877612900168545,190,190,180,190,180,190,190
18.768827438354492,-0.0033117202711965554,8.096113583438754,0.2617993877991417,0.0,-1.5875452105861783,190,190,180,190,180,190,190
18.779112815856934,-0.0033117202711965554,8.096113583438754,0.2617993877991417,0.0,-1.5875452105861783,190,190,180,190,180,190,190
18.7893385887146,-0.0033117202711965554,8.096113583438754,0.2617993877991417,0.0,-1.5875452105861783,190,190,180,190,180,190,190
18.799779891967773,-0.0031679278318136063,8.087473162867468,0.2617993877991417,0.0,-1.5874139025090053,190,190,180,190,180,190,190
18.81001901626587,-0.0031679278318136063,8.087473162867468,0.2617993877991417,0.0,-1.5874139025090053,190,190,180,190,180,190,190
18.82026243209839,-0.0031679278318136063,8.087473162867468,0.2617993877991417,0.0,-1.5874139025090053,190,190,180,190,180,190,190
18.83057188987732,-0.0031679278318136063,8.087473162867468,0.2617993877991417,0.0,-1.5874139025090053,190,190,180,190,180,190,190
18.842525959014893,-0.0031679278318136063,8.087473162867468,0.2617993877991417,0.0,-1.5874139025090053,190,190,180,190,180,190,190
18.85288405418396,-0.0030217186775590645,8.078847870846989,0.2617993877991417,0.0,-1.5874502187779962,190,190,180,190,180,190,190
18.863097667694092,-0.0030217186775590645,8.078847870846989,0.2617993877991417,0.0,-1.5874502187779962,190,190,180,190,180,180,190
18.873318195343018,-0.002872056281484233,8.069996579497545,0.2617993877991417,0.0,-1.5877804596210439,190,190,180,190,180,180,190
18.883531093597412,-0.002872056281484233,8.069996579497545,0.2617993877991417,0.0,-1.5877804596210439,190,190,180,190,180,180,190
18.893731594085693,-0.002872056281484233,8.069996579497545,0.2617993877991417,0.0,-1.5877804596210439,190,190,180,190,180,180,190
18.903976440429688,-0.0027229460072172957,8.06137228763853,0.2617993877991417,0.0,-1.5879367489493708,190,190,180,190,180,180,190
18.914249420166016,-0.0027229460072172957,8.06137228763853,0.2617993877991417,0.0,-1.5879367489493708,190,180,180,190,180,180,180
18.924476385116577,-0.0027229460072172957,8.06137228763853,0.2617993877991417,0.0,-1.5879367489493708,190,180,180,190,180,180,180
18.93472170829773,-0.00257383235839578,8.052745294793112,0.2617993877991417,0.0,-1.588132317246237,190,180,180,190,180,180,180
18.94493293762207,-0.00257383235839578,8.052745294793112,0.2617993877991417,0.0,-1.588132317246237,190,180,180,190,180,180,180
18.955146074295044,-0.00257383235839578,8.052745294793112,0.2617993877991417,0.0,-1.588132317246237,190,180,180,190,180,180,180
18.965322732925415,-0.0024181850598728113,8.043845225598382,0.2617993877991417,0.0,-1.588322370792288,190,180,180,190,180,180,180
18.975515842437744,-0.0024181850598728113,8.043845225598382,0.2617993877991417,0.0,-1.588322370792288,190,190,180,190,180,180,180
18.985727787017822,-0.0024181850598728113,8.043845225598382,0.2617993877991417,0.0,-1.588322370792288,190,190,180,190,180,180,180
18.9973247051239,-0.0024181850598728113,8.043845225598382,0.2617993877991417,0.0,-1.588322370792288,190,190,180,190,180,180,180
19.007543087005615,-0.0022656645923489387,8.035197535285846,0.2617993877991417,0.0,-1.5884664485390905,190,190,180,190,180,180,180
19.017741918563843,-0.0022656645923489387,8.035197535285846,0.2617993877991417,0.0,-1.5884664485390905,190,190,180,190,180,180,180
19.027960062026978,-0.0022656645923489387,8.035197535285846,0.2617993877991417,0.0,-1.5884664485390905,190,190,180,190,180,180,180
19.03828239440918,-0.0021131301720975987,8.026548813153347,0.2617993877991417,0.0,-1.5885449579589777,190,190,180,190,180,180,180
19.04850149154663,-0.0021131301720975987,8.026548813153347,0.2617993877991417,0.0,-1.5885449579589777,190,190,180,190,180,180,180
19.058743715286255,-0.0021131301720975987,8.026548813153347,0.2617993877991417,0.0,-1.5885449579589777,190,190,180,190,180,180,180
19.068984985351562,-0.0019510895228011986,8.017639653784634,0.2617993877991417,0.0,-1.5885453004179286,190,190,180,190,180,180,180
19.079181909561157,-0.0019510895228011986,8.017639653784634,0.2617993877991417,0.0,-1.5885453004179286,190,190,180,190,180,180,180
19.089404106140137,-0.0019510895228011986,8.017639653784634,0.2617993877991417,0.0,-1.5885453004179286,190,190,180,190,180,180,180
19.099604845046997,-0.001796217544956866,8.009008850849732,0.2617993877991417,0.0,-1.588365005159185,190,190,180,190,180,180,180
19.109837532043457,-0.001796217544956866,8.009008850849732,0.2617993877991417,0.0,-1.588365005159185,190,190,180,190,180,180,180
19.12009358406067,-0.001796217544956866,8.009008850849732,0.2617993877991417,0.0,-1.588365005159185,190,190,180,190,180,180,180
19.13027787208557,-0.001796217544956866,8.009008850849732,0.2617993877991417,0.0,-1.588365005159185,190,190,180,190,180,180,180
19.146559715270996,-0.001643944112538936,8.000372363529397,0.2617993877991417,0.0,-1.5881609386157012,190,190,180,190,180,180,180
19.15678119659424,-0.001643944112538936,8.000372363529397,0.2617993877991417,0.0,-1.5881609386157012,190,190,180,190,180,180,180
19.166980981826782,-0.0014905038786465648,7.991468546333595,0.2617993877991417,0.0,-1.5879515812801077,190,190,180,190,180,180,180
19.17750906944275,-0.0014905038786465648,7.991468546333595,0.2617993877991417,0.0,-1.5879515812801077,190,190,180,190,180,180,180
19.192145824432373,-0.0014905038786465648,7.991468546333595,0.2617993877991417,0.0,-1.5879515812801077,190,190,180,190,180,180,180
19.202375411987305,-0.0013433060998593014,7.982828808459636,0.2617993877991417,0.0,-1.5878318033478478,190,190,180,190,180,180,180
19.212583541870117,-0.0013433060998593014,7.982828808459636,0.2617993877991417,0.0,-1.5878318033478478,190,190,180,190,180,180,180
19.222761154174805,-0.0013433060998593014,7.982828808459636,0.2617993877991417,0.0,-1.5878318033478478,190,190,180,190,180,190,180
19.23295760154724,-0.0013433060998593014,7.982828808459636,0.2617993877991417,0.0,-1.5878318033478478,190,190,180,190,180,190,180
19.244182109832764,-0.0011931128572402274,7.974208138208291,0.2617993877991417,0.0,-1.5879069725091677,190,190,180,190,180,190,180
19.254435777664185,-0.0011931128572402274,7.974208138208291,0.2617993877991417,0.0,-1.5879069725091677,190,190,180,190,180,190,180
19.26510715484619,-0.0011931128572402274,7.974208138208291,0.2617993877991417,0.0,-1.5879069725091677,190,190,180,190,180,190,180
19.275763273239136,-0.0010393073689059936,7.965353989758068,0.2617993877991417,0.0,-1.5882219870040264,190,190,180,190,180,180,180
19.292983293533325,-0.0010393073689059936,7.965353989758068,0.2617993877991417,0.0,-1.5882219870040264,190,190,180,190,180,180,180
19.303220987319946,-0.0008864774561285177,7.956729684442062,0.2617993877991417,0.0,-1.588385820992038,190,190,180,190,180,180,180
19.3134343624115,-0.0008864774561285177,7.956729684442062,0.2617993877991417,0.0,-1.588385820992038,190,190,180,190,180,190,180
19.323659658432007,-0.0008864774561285177,7.956729684442062,0.2617993877991417,0.0,-1.588385820992038,190,190,180,190,180,190,180
19.342040300369263,-0.0008864774561285177,7.956729684442062,0.2617993877991417,0.0,-1.588385820992038,190,190,180,190,180,190,180
19.35238027572632,-0.0007334238821693065,7.948101749515311,0.2617993877991417,0.0,-1.5885812324908584,190,190,180,190,180,190,180
19.36263608932495,-0.0007334238821693065,7.948101749515311,0.2617993877991417,0.0,-1.5885812324908584,190,190,180,190,190,190,190
19.372883796691895,-0.0005737774058378129,7.939200294848202,0.2617993877991417,0.0,-1.5887680864726768,190,190,180,190,190,190,190
19.39019536972046,-0.0005737774058378129,7.939200294848202,0.2617993877991417,0.0,-1.5887680864726768,190,190,180,190,190,190,190
19.400430917739868,-0.0004174306238276998,7.930552153219488,0.2617993877991417,0.0,-1.58890560960296,190,190,180,190,190,190,190
19.410622119903564,-0.0004174306238276998,7.930552153219488,0.2617993877991417,0.0,-1.58890560960296,190,190,180,190,180,190,180
19.420836448669434,-0.0004174306238276998,7.930552153219488,0.2617993877991417,0.0,-1.58890560960296,190,190,180,190,180,190,180
19.438711404800415,-0.0004174306238276998,7.930552153219488,0.2617993877991417,0.0,-1.58890560960296,190,190,180,190,180,190,180
19.449045658111572,-0.0002609527261567435,7.921903728951351,0.2617993877991417,0.0,-1.5889746887315797,190,190,180,190,180,190,180
19.4592924118042,-0.0002609527261567435,7.921903728951351,0.2617993877991417,0.0,-1.5889746887315797,190,190,180,190,180,190,180
19.47018027305603,-9.538805501222727e-05,7.912995711139412,0.2617993877991417,0.0,-1.58895890939099,190,190,190,190,180,180,180
19.48732590675354,-9.538805501222727e-05,7.912995711139412,0.2617993877991417,0.0,-1.58895890939099,190,190,190,190,180,180,180
19.497588396072388,-9.538805501222727e-05,7.912995711139412,0.2617993877991417,0.0,-1.58895890939099,190,190,190,190,180,180,180
19.507792949676514,6.328686258023446e-05,7.9043651310734635,0.2617993877991417,0.0,-1.5887702857422241,190,190,190,190,180,190,180
19.51800560951233,6.328686258023446e-05,7.9043651310734635,0.2617993877991417,0.0,-1.5887702857422241,190,190,190,190,180,190,180
19.52828884124756,6.328686258023446e-05,7.9043651310734635,0.2617993877991417,0.0,-1.5887702857422241,190,190,190,190,180,190,180
19.53856086730957,0.00021876246837050048,7.895728446539553,0.2617993877991417,0.0,-1.5885594770109541,190,190,190,190,180,190,180
19.54876470565796,0.00021876246837050048,7.895728446539553,0.2617993877991417,0.0,-1.5885594770109541,190,190,190,190,180,190,180
19.558990001678467,0.00021876246837050048,7.895728446539553,0.2617993877991417,0.0,-1.5885594770109541,190,190,190,190,180,190,180
19.569225549697876,0.00037580220405022697,7.886824513734117,0.2617993877991417,0.0,-1.5883576188905042,190,190,180,190,180,190,180
19.57945728302002,0.00037580220405022697,7.886824513734117,0.2617993877991417,0.0,-1.5883576188905042,190,190,180,190,180,190,180
19.590517282485962,0.00037580220405022697,7.886824513734117,0.2617993877991417,0.0,-1.5883576188905042,190,190,180,190,180,190,180
19.600741863250732,0.0005263674994671591,7.878185583209136,0.2617993877991417,0.0,-1.5882507103166021,190,190,180,190,180,190,180
19.61096453666687,0.0005263674994671591,7.878185583209136,0.2617993877991417,0.0,-1.5882507103166021,190,190,180,190,180,190,180
19.621203899383545,0.0005263674994671591,7.878185583209136,0.2617993877991417,0.0,-1.5882507103166021,190,190,190,190,180,180,180
19.631476163864136,0.0005263674994671591,7.878185583209136,0.2617993877991417,0.0,-1.5882507103166021,190,190,190,190,180,180,180
19.642087697982788,0.0006804353887489094,7.86957033892998,0.2617993877991417,0.0,-1.5883704481942114,190,190,190,190,180,180,180
19.652410984039307,0.0006804353887489094,7.86957033892998,0.2617993877991417,0.0,-1.5883704481942114,190,190,190,190,180,180,180
19.662760019302368,0.0006804353887489094,7.86957033892998,0.2617993877991417,0.0,-1.5883704481942114,190,190,190,190,180,180,180
19.673041820526123,0.0008387566598408081,7.860710794471146,0.2617993877991417,0.0,-1.5886544824835702,190,190,180,190,180,180,180
19.68329691886902,0.0008387566598408081,7.860710794471146,0.2617993877991417,0.0,-1.5886544824835702,190,190,180,190,180,180,180
19.693673133850098,0.0008387566598408081,7.860710794471146,0.2617993877991417,0.0,-1.5886544824835702,190,190,180,190,180,180,180
19.70388698577881,0.0009950669848190364,7.852087512077993,0.2617993877991417,0.0,-1.5888323356010805,190,190,180,190,180,180,180
19.714155435562134,0.0009950669848190364,7.852087512077993,0.2617993877991417,0.0,-1.5888323356010805,190,190,180,190,180,180,180
19.724395513534546,0.0009950669848190364,7.852087512077993,0.2617993877991417,0.0,-1.5888323356010805,190,190,180,190,180,180,180
19.7398624420166,0.0009950669848190364,7.852087512077993,0.2617993877991417,0.0,-1.5888323356010805,190,190,180,190,180,180,180
19.750244855880737,0.0011519893851013145,7.8434585988892,0.2617993877991417,0.0,-1.5890275577614508,190,190,180,190,180,180,180
19.760451555252075,0.0011519893851013145,7.8434585988892,0.2617993877991417,0.0,-1.5890275577614508,190,190,180,190,180,180,180
19.770700216293335,0.0013156102568957786,7.834555764507558,0.2617993877991417,0.0,-1.5892111698094407,190,190,180,190,180,180,180
19.789488077163696,0.0013156102568957786,7.834555764507558,0.2617993877991417,0.0,-1.5892111698094407,190,190,180,190,180,180,180
19.799755096435547,0.0014757323642029486,7.8259073179817795,0.2617993877991417,0.0,-1.5893420341986972,190,190,180,190,180,180,180
19.80994439125061,0.0014757323642029486,7.8259073179817795,0.2617993877991417,0.0,-1.5893420341986972,190,190,180,190,180,180,180
19.82020926475525,0.0014757323642029486,7.8259073179817795,0.2617993877991417,0.0,-1.5893420341986972,190,190,180,190,180,180,180
19.83910346031189,0.0014757323642029486,7.8259073179817795,0.2617993877991417,0.0,-1.5893420341986972,190,190,180,190,180,180,180
19.849382400512695,0.0016364806015301693,7.8172591656189665,0.2617993877991417,0.0,-1.589402256809745,190,190,180,190,180,180,180
19.859657049179077,0.0016364806015301693,7.8172591656189665,0.2617993877991417,0.0,-1.589402256809745,190,190,180,190,180,180,180
19.869930267333984,0.0018054891633968934,7.808352919310399,0.2617993877991417,0.0,-1.5893663329968906,190,190,180,190,180,180,180
19.8801691532135,0.0018054891633968934,7.808352919310399,0.2617993877991417,0.0,-1.5893663329968906,190,190,180,190,180,180,180
19.891106605529785,0.0018054891633968934,7.808352919310399,0.2617993877991417,0.0,-1.5893663329968906,190,190,180,190,180,180,180
19.901362657546997,0.001967738975819754,7.799722005058211,0.2617993877991417,0.0,-1.5891734027811635,190,190,180,190,180,180,180
19.911595344543457,0.001967738975819754,7.799722005058211,0.2617993877991417,0.0,-1.5891734027811635,190,190,180,190,180,190,190
19.921855926513672,0.001967738975819754,7.799722005058211,0.2617993877991417,0.0,-1.5891734027811635,190,190,180,190,180,190,190
19.938654899597168,0.002126320419352521,7.791084965383599,0.2617993877991417,0.0,-1.5889569647751602,190,190,180,190,180,190,190
19.9489426612854,0.002126320419352521,7.791084965383599,0.2617993877991417,0.0,-1.5889569647751602,190,190,180,190,180,190,190
19.959195613861084,0.002126320419352521,7.791084965383599,0.2617993877991417,0.0,-1.5889569647751602,190,190,180,190,180,190,190
19.969468116760254,0.0022869971531693204,7.782181125087243,0.2617993877991417,0.0,-1.588763375009818,190,190,180,190,190,190,190
19.979739904403687,0.0022869971531693204,7.782181125087243,0.2617993877991417,0.0,-1.588763375009818,190,190,180,190,190,190,190
19.993242979049683,0.0022869971531693204,7.782181125087243,0.2617993877991417,0.0,-1.588763375009818,190,190,180,190,190,190,190
20.00348401069641,0.0024409005154105235,7.7735432182963695,0.2617993877991417,0.0,-1.5886704994933718,190,190,180,190,190,190,190
20.013744592666626,0.0024409005154105235,7.7735432182963695,0.2617993877991417,0.0,-1.5886704994933718,190,190,180,190,190,190,190
20.023996114730835,0.0024409005154105235,7.7735432182963695,0.2617993877991417,0.0,-1.5886704994933718,190,190,180,190,190,190,190
20.04173183441162,0.0025988697327252986,7.764934029730214,0.2617993877991417,0.0,-1.5888382842648223,190,190,180,190,190,190,190
20.052049160003662,0.0025988697327252986,7.764934029730214,0.2617993877991417,0.0,-1.5888382842648223,190,190,180,190,190,190,190
20.062360286712646,0.0025988697327252986,7.764934029730214,0.2617993877991417,0.0,-1.5888382842648223,190,180,180,190,190,190,190
20.072611570358276,0.0027619217321018393,7.756069111325794,0.2617993877991417,0.0,-1.589092242547976,190,180,180,190,190,190,190
20.09136414527893,0.0027619217321018393,7.756069111325794,0.2617993877991417,0.0,-1.589092242547976,190,180,180,190,190,190,190
20.10166645050049,0.0029214853241582785,7.74744666306245,0.2617993877991417,0.0,-1.589281504030446,190,180,180,190,190,190,190
20.11188054084778,0.0029214853241582785,7.74744666306245,0.2617993877991417,0.0,-1.589281504030446,180,180,180,190,190,190,190
20.122114896774292,0.0029214853241582785,7.74744666306245,0.2617993877991417,0.0,-1.589281504030446,180,180,180,190,190,190,190
20.13977313041687,0.0029214853241582785,7.74744666306245,0.2617993877991417,0.0,-1.589281504030446,180,180,180,190,190,190,190
20.150130033493042,0.0030822864366362134,7.738816671127827,0.2617993877991417,0.0,-1.5894761405569522,180,180,180,190,190,190,190
20.160616159439087,0.0030822864366362134,7.738816671127827,0.2617993877991417,0.0,-1.5894761405569522,180,180,180,190,190,190,190
20.17155623435974,0.0032498868970500918,7.729912524275499,0.2617993877991417,0.0,-1.5896553103872237,180,180,180,190,190,190,190
20.18867516517639,0.0032498868970500918,7.729912524275499,0.2617993877991417,0.0,-1.5896553103872237,180,180,180,190,190,190,190
20.19894528388977,0.0032498868970500918,7.729912524275499,0.2617993877991417,0.0,-1.5896553103872237,180,180,180,190,190,190,190
20.209327220916748,0.0034137436030744,7.721263881228281,0.2617993877991417,0.0,-1.5897788727056223,180,180,180,190,190,190,190
20.219570636749268,0.0034137436030744,7.721263881228281,0.2617993877991417,0.0,-1.5897788727056223,190,190,180,190,190,190,190
20.229808807373047,0.0034137436030744,7.721263881228281,0.2617993877991417,0.0,-1.5897788727056223,190,190,180,190,190,190,190
20.24186944961548,0.0035790769597078935,7.712615908305446,0.2617993877991417,0.0,-1.589830711659651,190,190,180,190,190,190,190
20.252129077911377,0.0035790769597078935,7.712615908305446,0.2617993877991417,0.0,-1.589830711659651,190,190,180,190,190,190,190
20.262529373168945,0.0035790769597078935,7.712615908305446,0.2617993877991417,0.0,-1.589830711659651,190,190,180,190,190,190,190
20.27280592918396,0.0037514575709917206,7.703712005535709,0.2617993877991417,0.0,-1.5897701398642923,190,190,180,190,190,200,190
20.28767728805542,0.0037514575709917206,7.703712005535709,0.2617993877991417,0.0,-1.5897701398642923,190,190,180,190,190,200,190
20.297926425933838,0.0037514575709917206,7.703712005535709,0.2617993877991417,0.0,-1.5897701398642923,190,190,180,190,190,200,190
20.30817413330078,0.0039170649305539295,7.695080305248508,0.2617993877991417,0.0,-1.5895755462477787,190,190,180,190,190,200,190
20.31843137741089,0.0039170649305539295,7.695080305248508,0.2617993877991417,0.0,-1.5895755462477787,190,190,180,190,190,200,190
20.328665018081665,0.0039170649305539295,7.695080305248508,0.2617993877991417,0.0,-1.5895755462477787,190,190,180,190,190,200,190
20.3416907787323,0.004078754473646961,7.686442688325138,0.2617993877991417,0.0,-1.5893559931515364,190,190,180,190,190,200,190
20.35193371772766,0.004078754473646961,7.686442688325138,0.2617993877991417,0.0,-1.5893559931515364,190,190,180,190,190,200,190
20.362163305282593,0.004078754473646961,7.686442688325138,0.2617993877991417,0.0,-1.5893559931515364,190,190,180,190,190,200,190
20.37240171432495,0.00424309656486145,7.677538998929078,0.2617993877991417,0.0,-1.5891714694941959,190,190,180,190,190,200,190
20.39063811302185,0.00424309656486145,7.677538998929078,0.2617993877991417,0.0,-1.5891714694941959,190,190,180,190,190,200,190
20.400970458984375,0.004400564141378731,7.668902326872307,0.2617993877991417,0.0,-1.5890945815553397,190,190,180,190,190,200,190
20.411241054534912,0.004400564141378731,7.668902326872307,0.2617993877991417,0.0,-1.5890945815553397,190,190,190,190,190,200,190
20.42143487930298,0.004400564141378731,7.668902326872307,0.2617993877991417,0.0,-1.5890945815553397,190,190,190,190,190,200,190
20.437134265899658,0.004400564141378731,7.668902326872307,0.2617993877991417,0.0,-1.5890945815553397,190,190,190,190,190,200,190
20.447341918945312,0.004562308020336376,7.660299356286127,0.2617993877991417,0.0,-1.5893110329530002,190,190,190,190,190,200,190
20.457621812820435,0.004562308020336376,7.660299356286127,0.2617993877991417,0.0,-1.5893110329530002,190,190,190,190,190,200,190
20.467837810516357,0.004730021486279939,7.651427686621658,0.2617993877991417,0.0,-1.5895269969546486,190,190,190,190,190,200,190
20.47801375389099,0.004730021486279939,7.651427686621658,0.2617993877991417,0.0,-1.5895269969546486,190,190,190,190,190,200,190
20.490494966506958,0.004730021486279939,7.651427686621658,0.2617993877991417,0.0,-1.5895269969546486,190,190,190,190,190,200,190
20.50071096420288,0.004892813874002701,7.642805586378335,0.2617993877991417,0.0,-1.5897243660429048,190,190,190,190,190,200,190
20.510910511016846,0.004892813874002701,7.642805586378335,0.2617993877991417,0.0,-1.5897243660429048,190,190,190,190,190,190,190
20.52114725112915,0.004892813874002701,7.642805586378335,0.2617993877991417,0.0,-1.5897243660429048,190,190,190,190,190,190,190
20.54084539413452,0.004892813874002701,7.642805586378335,0.2617993877991417,0.0,-1.5897243660429048,190,190,190,190,190,190,190
20.551268100738525,0.005057482664724982,7.634174276827782,0.2617993877991417,0.0,-1.5899187817855818,190,190,190,190,190,190,190
20.56153702735901,0.005057482664724982,7.634174276827782,0.2617993877991417,0.0,-1.5899187817855818,190,190,190,190,190,200,190
20.571749925613403,0.005228963675108967,7.625269039160017,0.2617993877991417,0.0,-1.5900930106019506,190,190,190,190,190,200,190
20.586509466171265,0.005228963675108967,7.625269039160017,0.2617993877991417,0.0,-1.5900930106019506,190,190,190,190,190,200,190
20.596759796142578,0.005228963675108967,7.625269039160017,0.2617993877991417,0.0,-1.5900930106019506,190,190,190,190,190,200,190
20.60705590248108,0.005396450739822089,7.61662034970718,0.2617993877991417,0.0,-1.5902091638102038,190,190,190,190,190,200,190
20.61730694770813,0.005396450739822089,7.61662034970718,0.2617993877991417,0.0,-1.5902091638102038,190,190,190,190,190,190,190
20.62754487991333,0.005396450739822089,7.61662034970718,0.2617993877991417,0.0,-1.5902091638102038,190,190,190,190,190,190,190
20.639108419418335,0.00556648115760514,7.607972531323452,0.2617993877991417,0.0,-1.5902532251397337,190,190,190,190,190,190,190
20.649324893951416,0.00556648115760514,7.607972531323452,0.2617993877991417,0.0,-1.5902532251397337,190,190,190,190,190,190,190
20.659513235092163,0.00556648115760514,7.607972531323452,0.2617993877991417,0.0,-1.5902532251397337,190,190,190,190,190,190,190
20.669721841812134,0.005742078341150081,7.599071476821398,0.2617993877991417,0.0,-1.5901649139005076,190,190,190,190,190,190,190
20.68006992340088,0.005742078341150081,7.599071476821398,0.2617993877991417,0.0,-1.5901649139005076,190,190,190,190,190,190,190
20.69288444519043,0.005742078341150081,7.599071476821398,0.2617993877991417,0.0,-1.5901649139005076,190,190,190,190,190,190,190
20.70318055152893,0.005910864104701232,7.590438767274905,0.2617993877991417,0.0,-1.589971009718312,190,190,190,190,190,190,190
20.713413953781128,0.005910864104701232,7.590438767274905,0.2617993877991417,0.0,-1.589971009718312,190,190,190,190,190,190,190
20.723669052124023,0.005910864104701232,7.590438767274905,0.2617993877991417,0.0,-1.589971009718312,190,190,180,190,200,190,190
20.740140199661255,0.005910864104701232,7.590438767274905,0.2617993877991417,0.0,-1.589971009718312,190,190,180,190,200,190,190
20.75047993659973,0.006075693672090342,7.581800397277809,0.2617993877991417,0.0,-1.5897508396880922,190,190,180,190,200,190,190
20.760677576065063,0.006075693672090342,7.581800397277809,0.2617993877991417,0.0,-1.5897508396880922,190,190,180,190,200,190,190
20.770944833755493,0.006243620118955212,7.572896959689415,0.2617993877991417,0.0,-1.5895760222522313,190,190,180,190,200,190,190
20.786722660064697,0.006243620118955212,7.572896959689415,0.2617993877991417,0.0,-1.5895760222522313,190,190,180,190,200,190,190
20.7969069480896,0.006243620118955212,7.572896959689415,0.2617993877991417,0.0,-1.5895760222522313,190,190,180,190,200,190,190
20.807089805603027,0.0064050200524687455,7.564261883909878,0.2617993877991417,0.0,-1.5895172611949946,190,190,180,190,200,190,190
20.817288637161255,0.0064050200524687455,7.564261883909878,0.2617993877991417,0.0,-1.5895172611949946,190,190,180,190,200,190,190
20.827518701553345,0.0064050200524687455,7.564261883909878,0.2617993877991417,0.0,-1.5895172611949946,190,190,180,190,200,190,190
20.841031312942505,0.0065701345451264805,7.555664624317839,0.2617993877991417,0.0,-1.5897774277713257,190,190,180,190,200,190,190
20.851253986358643,0.0065701345451264805,7.555664624317839,0.2617993877991417,0.0,-1.5897774277713257,190,190,180,190,200,190,190
20.861613512039185,0.0065701345451264805,7.555664624317839,0.2617993877991417,0.0,-1.5897774277713257,190,190,180,190,200,190,190
20.871817588806152,0.0067421612812410305,7.546787902455194,0.2617993877991417,0.0,-1.5899671183663864,190,190,180,190,200,190,190
20.89030408859253,0.0067421612812410305,7.546787902455194,0.2617993877991417,0.0,-1.5899671183663864,190,190,180,190,200,190,190
20.900516271591187,0.006908473875684464,7.538165194777871,0.2617993877991417,0.0,-1.5901659118814209,190,190,180,190,200,190,190
20.9107449054718,0.006908473875684464,7.538165194777871,0.2617993877991417,0.0,-1.5901659118814209,190,190,180,190,200,190,190
20.921019554138184,0.006908473875684464,7.538165194777871,0.2617993877991417,0.0,-1.5901659118814209,190,190,180,190,210,200,190
20.93870496749878,0.007077007969491092,7.52953247985609,0.2617993877991417,0.0,-1.590359129013984,190,190,180,190,210,200,190
20.94893455505371,0.007077007969491092,7.52953247985609,0.2617993877991417,0.0,-1.590359129013984,190,190,180,190,210,200,190
20.959187984466553,0.007077007969491092,7.52953247985609,0.2617993877991417,0.0,-1.590359129013984,190,190,180,190,210,200,190
20.96942901611328,0.007252362044855673,7.52062625070414,0.2617993877991417,0.0,-1.5905281310746273,190,190,180,190,200,200,190
20.97968053817749,0.007252362044855673,7.52062625070414,0.2617993877991417,0.0,-1.5905281310746273,190,190,180,190,200,200,190
20.992823362350464,0.007252362044855673,7.52062625070414,0.2617993877991417,0.0,-1.5905281310746273,190,190,180,190,200,200,190
21.00306987762451,0.007423410014000624,7.511977610300722,0.2617993877991417,0.0,-1.590636106032705,190,190,180,190,200,200,190
21.013311862945557,0.007423410014000624,7.511977610300722,0.2617993877991417,0.0,-1.590636106032705,190,190,180,190,210,210,190
21.023587942123413,0.007423410014000624,7.511977610300722,0.2617993877991417,0.0,-1.590636106032705,190,190,180,190,210,210,190
21.042223691940308,0.007423410014000624,7.511977610300722,0.2617993877991417,0.0,-1.590636106032705,190,190,180,190,210,210,190
21.052579641342163,0.007598140296128668,7.5033299080592455,0.2617993877991417,0.0,-1.5906722047110031,190,190,180,190,210,210,190
21.063103675842285,0.007598140296128668,7.5033299080592455,0.2617993877991417,0.0,-1.5906722047110031,190,190,180,190,210,210,190
21.073289155960083,0.007776821337542133,7.494431804421129,0.2617993877991417,0.0,-1.590555411174276,190,190,180,190,210,210,190
21.083547592163086,0.007776821337542133,7.494431804421129,0.2617993877991417,0.0,-1.590555411174276,190,190,180,190,210,210,190
21.09376859664917,0.007776821337542133,7.494431804421129,0.2617993877991417,0.0,-1.590555411174276,190,190,180,190,210,210,190
21.10399627685547,0.007948727273902032,7.48579797698416,0.2617993877991417,0.0,-1.5903627116003678,190,190,180,190,210,210,190
21.11415457725525,0.007948727273902032,7.48579797698416,0.2617993877991417,0.0,-1.5903627116003678,190,190,180,190,210,210,190
21.124375581741333,0.007948727273902032,7.48579797698416,0.2617993877991417,0.0,-1.5903627116003678,190,190,180,190,210,200,190
21.1403751373291,0.00811678673672301,7.477158728368332,0.2617993877991417,0.0,-1.5901436598029586,190,190,180,190,210,200,190
21.150535345077515,0.00811678673672301,7.477158728368332,0.2617993877991417,0.0,-1.5901436598029586,190,190,180,190,210,200,190
21.163299798965454,0.00811678673672301,7.477158728368332,0.2617993877991417,0.0,-1.5901436598029586,190,190,180,190,200,200,190
21.173675060272217,0.008288227395746788,7.468255605248391,0.2617993877991417,0.0,-1.5899794550099067,190,190,180,190,200,200,190
21.1864812374115,0.008288227395746788,7.468255605248391,0.2617993877991417,0.0,-1.5899794550099067,190,190,180,190,200,200,190
21.196702241897583,0.008288227395746788,7.468255605248391,0.2617993877991417,0.0,-1.5899794550099067,190,190,180,190,200,200,190
21.20692801475525,0.008453970585970437,7.45962253267424,0.2617993877991417,0.0,-1.5899419795134346,190,190,180,190,200,200,190
21.217318058013916,0.008453970585970437,7.45962253267424,0.2617993877991417,0.0,-1.5899419795134346,190,190,180,190,200,190,190
21.227535247802734,0.008453970585970437,7.45962253267424,0.2617993877991417,0.0,-1.5899419795134346,190,190,180,190,200,190,190
21.239020347595215,0.008622084251972351,7.451029645940699,0.2617993877991417,0.0,-1.5902363519830747,190,190,180,190,200,190,190
21.249242782592773,0.008622084251972351,7.451029645940699,0.2617993877991417,0.0,-1.5902363519830747,190,190,180,190,200,190,190
21.259421586990356,0.008622084251972351,7.451029645940699,0.2617993877991417,0.0,-1.5902363519830747,190,190,180,190,200,190,190
21.269630908966064,0.00879813490188836,7.44214957450588,0.2617993877991417,0.0,-1.5904116386390499,190,190,180,190,200,190,190
21.27985405921936,0.00879813490188836,7.44214957450588,0.2617993877991417,0.0,-1.5904116386390499,190,190,180,190,200,190,190
21.293234825134277,0.00879813490188836,7.44214957450588,0.2617993877991417,0.0,-1.5904116386390499,190,190,180,190,200,190,190
21.303431272506714,0.008968280753737394,7.43352576273496,0.2617993877991417,0.0,-1.5906095917455878,190,190,180,190,200,190,190
21.31363081932068,0.008968280753737394,7.43352576273496,0.2617993877991417,0.0,-1.5906095917455878,190,190,180,190,200,190,190
21.323842763900757,0.008968280753737394,7.43352576273496,0.2617993877991417,0.0,-1.5906095917455878,190,190,180,190,200,190,190
21.334543704986572,0.00914068557768175,7.424891637850122,0.2617993877991417,0.0,-1.590801401080057,190,190,180,190,200,180,190
21.35504126548767,0.00914068557768175,7.424891637850122,0.2617993877991417,0.0,-1.590801401080057,190,190,180,190,200,180,190
21.365286588668823,0.00914068557768175,7.424891637850122,0.2617993877991417,0.0,-1.590801401080057,190,190,180,190,200,180,190
21.37576389312744,0.009319959197917315,7.415984512474417,0.2617993877991417,0.0,-1.5909654179075476,190,190,180,190,200,180,190
21.38634729385376,0.009319959197917315,7.415984512474417,0.2617993877991417,0.0,-1.5909654179075476,190,190,180,190,200,180,180
21.40422248840332,0.009494560395403095,7.407336041622235,0.2617993877991417,0.0,-1.5910650723628452,190,190,180,190,200,180,180
21.41451406478882,0.009494560395403095,7.407336041622235,0.2617993877991417,0.0,-1.5910650723628452,190,190,180,190,200,180,180
21.424726247787476,0.009494560395403095,7.407336041622235,0.2617993877991417,0.0,-1.5910650723628452,190,190,180,190,200,180,180
21.434997081756592,0.009673790747463537,7.398688544115667,0.2617993877991417,0.0,-1.5910927865032527,190,180,180,190,190,180,190
21.448373317718506,0.009673790747463537,7.398688544115667,0.2617993877991417,0.0,-1.5910927865032527,190,180,180,190,190,180,190
21.45856738090515,0.009673790747463537,7.398688544115667,0.2617993877991417,0.0,-1.5910927865032527,190,180,180,190,190,180,190
21.468783617019653,0.009855661732684736,7.389793198426188,0.2617993877991417,0.0,-1.5909501322445168,190,180,180,190,190,180,190
21.489731311798096,0.009855661732684736,7.389793198426188,0.2617993877991417,0.0,-1.5909501322445168,190,180,180,190,190,180,190
21.500009536743164,0.010030770269222649,7.3811584228868385,0.2617993877991417,0.0,-1.5907575698499532,190,180,180,190,190,180,190
21.510221242904663,0.010030770269222649,7.3811584228868385,0.2617993877991417,0.0,-1.5907575698499532,190,180,180,190,190,180,180
21.520402669906616,0.010030770269222649,7.3811584228868385,0.2617993877991417,0.0,-1.5907575698499532,190,180,180,190,190,180,180
21.53887939453125,0.010202181217184312,7.3725183498835065,0.2617993877991417,0.0,-1.590541090756154,190,180,180,190,190,180,180
21.549115419387817,0.010202181217184312,7.3725183498835065,0.2617993877991417,0.0,-1.590541090756154,190,180,180,190,190,180,180
21.559898376464844,0.010202181217184312,7.3725183498835065,0.2617993877991417,0.0,-1.590541090756154,190,180,180,190,190,180,180
21.570133686065674,0.010377113761470977,7.363615642990808,0.2617993877991417,0.0,-1.590387797999052,190,180,180,190,190,180,180
21.589470148086548,0.010377113761470977,7.363615642990808,0.2617993877991417,0.0,-1.590387797999052,190,180,180,190,190,180,180
21.599726676940918,0.010547518611631428,7.354985173284369,0.2617993877991417,0.0,-1.5903752691285262,190,180,180,190,190,180,180
21.60994052886963,0.010547518611631428,7.354985173284369,0.2617993877991417,0.0,-1.5903752691285262,190,180,180,190,190,180,180
21.62031316757202,0.010547518611631428,7.354985173284369,0.2617993877991417,0.0,-1.5903752691285262,190,180,180,190,190,180,180
21.640627145767212,0.010718644648378569,7.346395407822673,0.2617993877991417,0.0,-1.5906952722417242,190,180,180,190,190,180,180
21.650880336761475,0.010718644648378569,7.346395407822673,0.2617993877991417,0.0,-1.5906952722417242,190,180,180,190,190,180,180
21.66108727455139,0.010718644648378569,7.346395407822673,0.2617993877991417,0.0,-1.5906952722417242,190,180,180,190,190,180,180
21.671408653259277,0.010898495693142551,7.337514068694324,0.2617993877991417,0.0,-1.5908690936444827,190,180,180,190,190,180,180
21.690751314163208,0.010898495693142551,7.337514068694324,0.2617993877991417,0.0,-1.5908690936444827,190,180,180,190,190,180,180
21.701020002365112,0.011072709967611226,7.328889172773815,0.2617993877991417,0.0,-1.5910662094988912,190,180,180,190,190,180,180
21.711244583129883,0.011072709967611226,7.328889172773815,0.2617993877991417,0.0,-1.5910662094988912,190,180,180,190,190,180,180
21.721436977386475,0.011072709967611226,7.328889172773815,0.2617993877991417,0.0,-1.5910662094988912,190,180,180,190,190,180,180
21.73167085647583,0.011249082627635715,7.320253718158771,0.2617993877991417,0.0,-1.5912558331149314,190,180,180,190,190,180,180
21.743814706802368,0.011249082627635715,7.320253718158771,0.2617993877991417,0.0,-1.5912558331149314,190,180,180,190,190,180,180
21.75402069091797,0.011249082627635715,7.320253718158771,0.2617993877991417,0.0,-1.5912558331149314,190,180,180,190,190,180,180
21.76423478126526,0.011249082627635715,7.320253718158771,0.2617993877991417,0.0,-1.5912558331149314,190,180,180,190,190,180,180
21.774683475494385,0.01143239674331769,7.311345790929948,0.2617993877991417,0.0,-1.5914140720332635,190,180,180,190,190,180,180
21.785011053085327,0.01143239674331769,7.311345790929948,0.2617993877991417,0.0,-1.5914140720332635,190,180,180,190,190,180,180
21.795270442962646,0.01143239674331769,7.311345790929948,0.2617993877991417,0.0,-1.5914140720332635,190,180,180,190,190,180,180
21.805495262145996,0.01161064271161939,7.302697527614,0.2617993877991417,0.0,-1.5915049124995706,190,180,180,190,190,180,180
21.8158917427063,0.01161064271161939,7.302697527614,0.2617993877991417,0.0,-1.5915049124995706,190,180,180,190,190,180,180
21.82608151435852,0.01161064271161939,7.302697527614,0.2617993877991417,0.0,-1.5915049124995706,190,180,180,190,190,180,180
21.836321353912354,0.011793945558236442,7.294050353660796,0.2617993877991417,0.0,-1.5915228099330485,190,180,180,190,180,180,180
21.84847593307495,0.011793945558236442,7.294050353660796,0.2617993877991417,0.0,-1.5915228099330485,190,180,180,190,180,180,180
21.858678102493286,0.011793945558236442,7.294050353660796,0.2617993877991417,0.0,-1.5915228099330485,190,180,180,190,180,180,180
21.868879795074463,0.01197952984604222,7.2851571086486535,0.2617993877991417,0.0,-1.5913592168755828,190,180,180,190,180,180,180
21.87912917137146,0.01197952984604222,7.2851571086486535,0.2617993877991417,0.0,-1.5913592168755828,190,180,180,190,180,180,180
21.891732215881348,0.01197952984604222,7.2851571086486535,0.2617993877991417,0.0,-1.5913592168755828,190,180,180,190,180,180,180
21.90200710296631,0.01215798052991527,7.276521716717889,0.2617993877991417,0.0,-1.591163828131633,190,180,180,190,180,180,180
21.912183046340942,0.01215798052991527,7.276521716717889,0.2617993877991417,0.0,-1.591163828131633,190,180,180,190,180,180,180
21.922372579574585,0.01215798052991527,7.276521716717889,0.2617993877991417,0.0,-1.591163828131633,190,180,180,190,180,180,180
21.940768003463745,0.01215798052991527,7.276521716717889,0.2617993877991417,0.0,-1.591163828131633,190,180,180,190,180,180,180
21.951155185699463,0.012332895210388066,7.267880899711054,0.2617993877991417,0.0,-1.5909514030377492,190,180,180,190,180,180,180
21.961337089538574,0.012332895210388066,7.267880899711054,0.2617993877991417,0.0,-1.5909514030377492,190,180,180,190,180,170,180
21.971554040908813,0.012511402268648188,7.258978652864005,0.2617993877991417,0.0,-1.590809442713715,190,180,180,190,180,170,180
21.990302324295044,0.012511402268648188,7.258978652864005,0.2617993877991417,0.0,-1.590809442713715,190,180,180,190,180,170,180
22.000528812408447,0.012686501526520186,7.250351462516864,0.2617993877991417,0.0,-1.590826870051122,190,180,180,190,180,170,180
22.01071262359619,0.012686501526520186,7.250351462516864,0.2617993877991417,0.0,-1.590826870051122,190,180,180,190,180,170,180
22.020898580551147,0.012686501526520186,7.250351462516864,0.2617993877991417,0.0,-1.590826870051122,190,180,180,190,180,170,180
22.031089067459106,0.012686501526520186,7.250351462516864,0.2617993877991417,0.0,-1.590826870051122,190,180,180,190,180,170,180
22.043267250061035,0.012860883332139228,7.2417625581565055,0.2617993877991417,0.0,-1.591156869096731,190,180,180,190,180,170,180
22.05342936515808,0.012860883332139228,7.2417625581565055,0.2617993877991417,0.0,-1.591156869096731,190,180,180,190,180,170,180
22.0635986328125,0.012860883332139228,7.2417625581565055,0.2617993877991417,0.0,-1.591156869096731,190,180,180,190,180,170,180
22.073801040649414,0.013044630955315897,7.232878662216429,0.2617993877991417,0.0,-1.5913215181443463,190,180,180,190,180,180,180
22.09035325050354,0.013044630955315897,7.232878662216429,0.2617993877991417,0.0,-1.5913215181443463,190,180,180,190,180,180,180
22.100667715072632,0.013222878544366693,7.224252748890792,0.2617993877991417,0.0,-1.5915185438242976,190,180,180,190,180,180,180
22.11095118522644,0.013222878544366693,7.224252748890792,0.2617993877991417,0.0,-1.5915185438242976,190,180,180,180,180,180,180
22.121182918548584,0.013222878544366693,7.224252748890792,0.2617993877991417,0.0,-1.5915185438242976,190,180,180,180,180,180,180
22.1313955783844,0.013222878544366693,7.224252748890792,0.2617993877991417,0.0,-1.5915185438242976,190,180,180,180,180,180,180
22.143154859542847,0.01340317206209353,7.215615947262136,0.2617993877991417,0.0,-1.5917060029142613,190,180,180,180,180,180,180
22.15339422225952,0.01340317206209353,7.215615947262136,0.2617993877991417,0.0,-1.5917060029142613,190,180,180,180,180,180,180
22.163614988327026,0.01340317206209353,7.215615947262136,0.2617993877991417,0.0,-1.5917060029142613,190,180,180,180,180,180,180
22.174399375915527,0.01359048709344488,7.206707393921507,0.2617993877991417,0.0,-1.5918583924384295,190,180,180,180,180,180,180
22.191243886947632,0.01359048709344488,7.206707393921507,0.2617993877991417,0.0,-1.5918583924384295,190,180,180,180,180,180,180
22.201473236083984,0.013772391363857581,7.1980594143642405,0.2617993877991417,0.0,-1.5919403067323958,190,180,180,180,180,180,180
22.211718320846558,0.013772391363857581,7.1980594143642405,0.2617993877991417,0.0,-1.5919403067323958,190,180,180,190,180,180,180
22.221946954727173,0.013772391363857581,7.1980594143642405,0.2617993877991417,0.0,-1.5919403067323958,190,180,180,190,180,180,180
22.24092435836792,0.013772391363857581,7.1980594143642405,0.2617993877991417,0.0,-1.5919403067323958,190,180,180,190,180,180,180
22.251243829727173,0.013959319400187721,7.189412858201686,0.2617993877991417,0.0,-1.5919465616855566,190,180,180,190,180,180,180
22.261399030685425,0.013959319400187721,7.189412858201686,0.2617993877991417,0.0,-1.5919465616855566,190,180,180,190,180,180,180
22.271626472473145,0.014148947802474846,7.18052094126855,0.2617993877991417,0.0,-1.59176795313385,190,180,180,180,180,180,180
22.28186583518982,0.014148947802474846,7.18052094126855,0.2617993877991417,0.0,-1.59176795313385,190,180,180,180,180,180,180
22.29402184486389,0.014148947802474846,7.18052094126855,0.2617993877991417,0.0,-1.59176795313385,190,180,180,180,180,180,180
22.304545164108276,0.014330703735580019,7.1718853078325,0.2617993877991417,0.0,-1.591567012490435,190,180,180,180,180,180,180
22.314775228500366,0.014330703735580019,7.1718853078325,0.2617993877991417,0.0,-1.591567012490435,180,180,180,190,180,170,170
22.32500433921814,0.014330703735580019,7.1718853078325,0.2617993877991417,0.0,-1.591567012490435,180,180,180,190,180,170,170
22.337854623794556,0.014330703735580019,7.1718853078325,0.2617993877991417,0.0,-1.591567012490435,180,180,180,190,180,170,170
22.348190546035767,0.014509101082231371,7.163243957575878,0.2617993877991417,0.0,-1.5913601486999525,180,180,180,190,180,170,170
22.358375310897827,0.014509101082231371,7.163243957575878,0.2617993877991417,0.0,-1.5913601486999525,190,180,180,190,190,170,170
22.36858582496643,0.014691155637976233,7.154342325440089,0.2617993877991417,0.0,-1.591229610779689,190,180,180,190,190,170,170
22.37880516052246,0.014691155637976233,7.154342325440089,0.2617993877991417,0.0,-1.591229610779689,190,180,180,190,190,170,170
22.390379190444946,0.014691155637976233,7.154342325440089,0.2617993877991417,0.0,-1.591229610779689,190,180,180,190,190,170,170
22.400693655014038,0.014870456664580926,7.145719266524819,0.2617993877991417,0.0,-1.5912823878460107,190,180,180,190,190,170,170
22.41096019744873,0.014870456664580926,7.145719266524819,0.2617993877991417,0.0,-1.5912823878460107,190,180,180,190,180,170,170
22.42120361328125,0.014870456664580926,7.145719266524819,0.2617993877991417,0.0,-1.5912823878460107,190,180,180,190,180,170,170
22.431462287902832,0.014870456664580926,7.145719266524819,0.2617993877991417,0.0,-1.5912823878460107,190,180,180,190,180,170,170
22.44175124168396,0.01504863772159257,7.137129066022483,0.2617993877991417,0.0,-1.591607340922146,190,180,180,190,180,170,170
22.45195770263672,0.01504863772159257,7.137129066022483,0.2617993877991417,0.0,-1.591607340922146,190,180,180,190,180,170,170
22.46216630935669,0.01504863772159257,7.137129066022483,0.2617993877991417,0.0,-1.591607340922146,190,180,180,190,190,170,170
22.472557544708252,0.015236190903186755,7.128244121575354,0.2617993877991417,0.0,-1.5917726913802186,190,180,180,190,190,170,170
22.491759538650513,0.015236190903186755,7.128244121575354,0.2617993877991417,0.0,-1.5917726913802186,190,180,180,190,190,170,170
22.501997470855713,0.015418428448981666,7.119617242613122,0.2617993877991417,0.0,-1.5919694188811253,190,180,180,190,190,170,170
22.512221336364746,0.015418428448981666,7.119617242613122,0.2617993877991417,0.0,-1.5919694188811253,190,180,180,190,190,170,170
22.522565364837646,0.015418428448981666,7.119617242613122,0.2617993877991417,0.0,-1.5919694188811253,190,180,180,190,180,170,170
22.53282070159912,0.015602624925533803,7.110979060306859,0.2617993877991417,0.0,-1.5921538982379517,190,180,180,190,180,170,170
22.546212911605835,0.015602624925533803,7.110979060306859,0.2617993877991417,0.0,-1.5921538982379517,190,180,180,190,180,170,170
22.556464672088623,0.015602624925533803,7.110979060306859,0.2617993877991417,0.0,-1.5921538982379517,190,180,180,190,180,170,170
22.566654682159424,0.015793910196837447,7.102069960354081,0.2617993877991417,0.0,-1.5922996540433674,190,180,180,190,190,170,170
22.57685422897339,0.015793910196837447,7.102069960354081,0.2617993877991417,0.0,-1.5922996540433674,190,180,180,190,190,170,170
22.59073519706726,0.015793910196837447,7.102069960354081,0.2617993877991417,0.0,-1.5922996540433674,190,180,180,190,190,170,170
22.600980520248413,0.015979683520334038,7.09342227833423,0.2617993877991417,0.0,-1.5923722547761159,190,180,180,190,190,170,170
22.61131501197815,0.015979683520334038,7.09342227833423,0.2617993877991417,0.0,-1.5923722547761159,190,180,180,190,190,170,170
22.62160062789917,0.015979683520334038,7.09342227833423,0.2617993877991417,0.0,-1.5923722547761159,190,180,180,190,180,170,170
22.6388738155365,0.015979683520334038,7.09342227833423,0.2617993877991417,0.0,-1.5923722547761159,190,180,180,190,180,170,170
22.649109601974487,0.01616997768554029,7.084776638018336,0.2617993877991417,0.0,-1.5923642593568905,190,180,180,190,180,170,170
22.6593177318573,0.01616997768554029,7.084776638018336,0.2617993877991417,0.0,-1.5923642593568905,190,180,180,190,180,170,170
22.669521808624268,0.016363640193046685,7.075885221384974,0.2617993877991417,0.0,-1.5921753950394528,190,180,180,180,180,170,170
22.688099145889282,0.016363640193046685,7.075885221384974,0.2617993877991417,0.0,-1.5921753950394528,190,180,180,180,180,170,170
22.698327779769897,0.016363640193046685,7.075885221384974,0.2617993877991417,0.0,-1.5921753950394528,190,180,180,180,180,170,170
22.708526611328125,0.01654862443218847,7.067249333838506,0.2617993877991417,0.0,-1.59196735051109,190,180,180,190,180,170,170
22.718825817108154,0.01654862443218847,7.067249333838506,0.2617993877991417,0.0,-1.59196735051109,190,180,180,190,180,170,170
22.737940549850464,0.01654862443218847,7.067249333838506,0.2617993877991417,0.0,-1.59196735051109,190,180,180,190,180,170,170
22.74837017059326,0.016730493605953564,7.058607770180283,0.2617993877991417,0.0,-1.5917674319130521,190,180,180,190,180,170,170
22.758636713027954,0.016730493605953564,7.058607770180283,0.2617993877991417,0.0,-1.5917674319130521,190,180,180,190,180,170,170
22.768959045410156,0.016916064912974732,7.0497068658890605,0.2617993877991417,0.0,-1.591649314384899,190,180,180,190,180,170,170
22.77924084663391,0.016916064912974732,7.0497068658890605,0.2617993877991417,0.0,-1.591649314384899,190,180,180,190,180,170,170
22.7894184589386,0.016916064912974732,7.0497068658890605,0.2617993877991417,0.0,-1.591649314384899,190,180,180,190,180,170,170
22.79965615272522,0.0170992660182609,7.041088781469243,0.2617993877991417,0.0,-1.5917435246638825,190,180,180,190,180,170,170
22.809847593307495,0.0170992660182609,7.041088781469243,0.2617993877991417,0.0,-1.5917435246638825,190,180,180,180,170,170,170
22.820029973983765,0.0170992660182609,7.041088781469243,0.2617993877991417,0.0,-1.5917435246638825,190,180,180,180,170,170,170
22.839662790298462,0.0170992660182609,7.041088781469243,0.2617993877991417,0.0,-1.5917435246638825,190,180,180,180,170,170,170
22.850074529647827,0.01728161597208643,7.032495111167581,0.2617993877991417,0.0,-1.5920493271152358,190,180,180,180,170,170,170
22.860260725021362,0.01728161597208643,7.032495111167581,0.2617993877991417,0.0,-1.5920493271152358,180,180,180,190,170,170,170
22.870456218719482,0.017472964860126974,7.02361017738255,0.2617993877991417,0.0,-1.5922227871107928,180,180,180,190,170,170,170
22.880674123764038,0.017472964860126974,7.02361017738255,0.2617993877991417,0.0,-1.5922227871107928,180,180,180,190,170,170,170
22.89225172996521,0.017472964860126974,7.02361017738255,0.2617993877991417,0.0,-1.5922227871107928,180,180,180,190,170,170,170
22.902453422546387,0.017659132973674847,7.014982335592548,0.2617993877991417,0.0,-1.5924193857985434,180,180,180,190,170,170,170
22.912686586380005,0.017659132973674847,7.014982335592548,0.2617993877991417,0.0,-1.5924193857985434,180,180,180,190,170,170,170
22.92303776741028,0.017659132973674847,7.014982335592548,0.2617993877991417,0.0,-1.5924193857985434,190,180,180,180,180,170,170
22.93973970413208,0.017847222363284,7.006342794739711,0.2617993877991417,0.0,-1.592600906196269,190,180,180,180,180,170,170
22.94994044303894,0.017847222363284,7.006342794739711,0.2617993877991417,0.0,-1.592600906196269,190,180,180,180,180,170,170
22.960116147994995,0.017847222363284,7.006342794739711,0.2617993877991417,0.0,-1.592600906196269,190,180,180,180,180,170,170
22.970354795455933,0.018042448496317944,6.997433313181528,0.2617993877991417,0.0,-1.5927399091053926,190,180,180,180,180,170,170
22.989813804626465,0.018042448496317944,6.997433313181528,0.2617993877991417,0.0,-1.5927399091053926,190,180,180,180,180,170,170
23.000219345092773,0.018232415884024255,6.988785936213288,0.2617993877991417,0.0,-1.5928034930115915,190,180,180,180,180,170,170
23.010509729385376,0.018232415884024255,6.988785936213288,0.2617993877991417,0.0,-1.5928034930115915,190,180,180,180,180,170,170
23.020776748657227,0.018232415884024255,6.988785936213288,0.2617993877991417,0.0,-1.5928034930115915,190,180,180,180,180,170,160
23.039807081222534,0.018232415884024255,6.988785936213288,0.2617993877991417,0.0,-1.5928034930115915,190,180,180,180,180,170,160
23.050079345703125,0.018232415884024255,6.988785936213288,0.2617993877991417,0.0,-1.5928034930115915,190,180,180,180,180,170,160
23.06031084060669,0.018426000038142244,6.980141776405279,0.2617993877991417,0.0,-1.5927777016005114,190,180,180,180,180,170,160
23.07053279876709,0.01862352197444879,6.971250282432064,0.2617993877991417,0.0,-1.5925826716123794,190,180,180,180,180,170,160
23.089487552642822,0.01862352197444879,6.971250282432064,0.2617993877991417,0.0,-1.5925826716123794,190,180,180,180,180,170,160
23.099754095077515,0.018811655733336787,6.962614084112074,0.2617993877991417,0.0,-1.5923683731303608,190,180,180,180,180,170,160
23.109984397888184,0.018811655733336787,6.962614084112074,0.2617993877991417,0.0,-1.5923683731303608,190,180,180,180,180,170,160
23.12028932571411,0.018811655733336787,6.962614084112074,0.2617993877991417,0.0,-1.5923683731303608,180,180,180,180,180,170,160
23.130581855773926,0.018811655733336787,6.962614084112074,0.2617993877991417,0.0,-1.5923683731303608,180,180,180,180,180,170,160
23.140785455703735,0.018997044600314567,6.953972534851669,0.2617993877991417,0.0,-1.5921760421556015,180,180,180,180,180,170,160
23.150984525680542,0.018997044600314567,6.953972534851669,0.2617993877991417,0.0,-1.5921760421556015,180,180,180,180,180,170,160
23.161226749420166,0.018997044600314567,6.953972534851669,0.2617993877991417,0.0,-1.5921760421556015,190,180,180,180,180,160,160
23.171425580978394,0.01918609908785696,6.94507256215309,0.2617993877991417,0.0,-1.592071443543142,190,180,180,180,180,160,160
23.190760612487793,0.01918609908785696,6.94507256215309,0.2617993877991417,0.0,-1.592071443543142,190,180,180,180,180,160,160
23.20102548599243,0.01937318148841087,6.9364602463277905,0.2617993877991417,0.0,-1.5922118516991337,190,180,180,180,180,160,160
23.21126389503479,0.01937318148841087,6.9364602463277905,0.2617993877991417,0.0,-1.5922118516991337,190,180,180,180,180,160,160
23.222148418426514,0.01937318148841087,6.9364602463277905,0.2617993877991417,0.0,-1.5922118516991337,190,180,180,180,180,160,160
23.232958555221558,0.019559894606080146,6.92786115510579,0.2617993877991417,0.0,-1.5924857354028013,190,180,180,180,180,160,160
23.24443817138672,0.019559894606080146,6.92786115510579,0.2617993877991417,0.0,-1.5924857354028013,190,180,180,180,180,160,160
23.254756212234497,0.019559894606080146,6.92786115510579,0.2617993877991417,0.0,-1.5924857354028013,190,180,180,180,180,160,160
23.264975547790527,0.019559894606080146,6.92786115510579,0.2617993877991417,0.0,-1.5924857354028013,190,180,180,180,180,160,160
23.275399446487427,0.019754933995276624,6.918977015846417,0.2617993877991417,0.0,-1.5926714721175224,190,180,180,180,180,160,160
23.29193902015686,0.019754933995276624,6.918977015846417,0.2617993877991417,0.0,-1.5926714721175224,190,180,180,180,180,160,160
23.30218505859375,0.0199449847387732,6.910348189428623,0.2617993877991417,0.0,-1.5928673809240694,190,180,180,180,180,160,160
23.3124680519104,0.0199449847387732,6.910348189428623,0.2617993877991417,0.0,-1.5928673809240694,190,180,180,180,180,160,160
23.32267189025879,0.0199449847387732,6.910348189428623,0.2617993877991417,0.0,-1.5928673809240694,190,180,180,180,180,160,160
23.341349601745605,0.020136952756105383,6.901707311516671,0.2617993877991417,0.0,-1.5930450756785322,190,180,180,180,180,160,160
23.351627826690674,0.020136952756105383,6.901707311516671,0.2617993877991417,0.0,-1.5930450756785322,190,180,180,180,180,160,160
23.36183738708496,0.020136952756105383,6.901707311516671,0.2617993877991417,0.0,-1.5930450756785322,190,180,180,180,180,160,170
23.372063636779785,0.02033604619767387,6.892797569019333,0.2617993877991417,0.0,-1.5931766136344496,190,180,180,180,180,160,170
23.386621475219727,0.02033604619767387,6.892797569019333,0.2617993877991417,0.0,-1.5931766136344496,190,180,180,180,180,160,170
23.39689826965332,0.02033604619767387,6.892797569019333,0.2617993877991417,0.0,-1.5931766136344496,190,180,180,180,180,160,170
23.407094478607178,0.020530513510746473,6.884150411978026,0.2617993877991417,0.0,-1.5932315814427005,190,180,180,180,180,160,170
23.417287349700928,0.020530513510746473,6.884150411978026,0.2617993877991417,0.0,-1.5932315814427005,190,180,180,180,180,160,170
23.427570343017578,0.020530513510746473,6.884150411978026,0.2617993877991417,0.0,-1.5932315814427005,190,180,180,180,180,160,170
23.440059423446655,0.0207273176166538,6.875508321471185,0.2617993877991417,0.0,-1.5931833570961338,190,180,180,180,180,160,170
23.450279712677002,0.0207273176166538,6.875508321471185,0.2617993877991417,0.0,-1.5931833570961338,190,180,180,180,180,160,170
23.460453748703003,0.0207273176166538,6.875508321471185,0.2617993877991417,0.0,-1.5931833570961338,190,180,180,180,180,160,170
23.470672369003296,0.02092841555179639,6.866616250048077,0.2617993877991417,0.0,-1.5929849988947293,190,180,180,180,180,170,160
23.490384340286255,0.02092841555179639,6.866616250048077,0.2617993877991417,0.0,-1.5929849988947293,190,180,180,180,180,170,160
23.500672817230225,0.02111964513446319,6.85797953427451,0.2617993877991417,0.0,-1.5927667638397196,190,180,180,180,180,170,160
23.510988235473633,0.02111964513446319,6.85797953427451,0.2617993877991417,0.0,-1.5927667638397196,190,180,180,180,180,170,160
23.521334886550903,0.02111964513446319,6.85797953427451,0.2617993877991417,0.0,-1.5927667638397196,190,180,180,180,180,170,160
23.539981365203857,0.021308580484845505,6.849338063872766,0.2617993877991417,0.0,-1.5925826877774205,190,180,180,180,180,170,160
23.550277709960938,0.021308580484845505,6.849338063872766,0.2617993877991417,0.0,-1.5925826877774205,190,180,180,180,180,170,160
23.560598850250244,0.021308580484845505,6.849338063872766,0.2617993877991417,0.0,-1.5925826877774205,190,180,180,180,180,170,160
23.57102084159851,0.02150114006473052,6.840439195830808,0.2617993877991417,0.0,-1.592493307700223,190,180,180,180,180,170,160
23.581279516220093,0.02150114006473052,6.840439195830808,0.2617993877991417,0.0,-1.592493307700223,190,180,180,180,180,170,160
23.591472387313843,0.02150114006473052,6.840439195830808,0.2617993877991417,0.0,-1.592493307700223,190,180,180,180,180,170,160
23.601696252822876,0.021692057083818116,6.831833057874565,0.2617993877991417,0.0,-1.5926824784658236,190,180,180,180,180,170,160
23.611886739730835,0.021692057083818116,6.831833057874565,0.2617993877991417,0.0,-1.5926824784658236,190,180,180,180,180,170,160
23.62209677696228,0.021692057083818116,6.831833057874565,0.2617993877991417,0.0,-1.5926824784658236,190,180,180,180,180,170,160
23.632339239120483,0.021692057083818116,6.831833057874565,0.2617993877991417,0.0,-1.5926824784658236,190,180,180,180,180,170,160
23.6425940990448,0.02188338336985462,6.823227727989719,0.2617993877991417,0.0,-1.5929207271163446,190,180,180,180,180,170,160
23.652807235717773,0.02188338336985462,6.823227727989719,0.2617993877991417,0.0,-1.5929207271163446,190,180,180,180,180,170,160
23.663047313690186,0.02188338336985462,6.823227727989719,0.2617993877991417,0.0,-1.5929207271163446,190,180,180,180,180,160,160
23.67324733734131,0.02208179275042453,6.814344449259648,0.2617993877991417,0.0,-1.593118579652978,190,180,180,180,180,160,160
23.688416004180908,0.02208179275042453,6.814344449259648,0.2617993877991417,0.0,-1.593118579652978,190,180,180,180,180,160,160
23.698718786239624,0.02208179275042453,6.814344449259648,0.2617993877991417,0.0,-1.593118579652978,190,180,180,180,180,160,160
23.708911895751953,0.022275731330261672,6.805714411504642,0.2617993877991417,0.0,-1.5933143880899583,190,180,180,180,180,160,160
23.7191743850708,0.022275731330261672,6.805714411504642,0.2617993877991417,0.0,-1.5933143880899583,190,180,180,180,180,160,160
23.736783027648926,0.02247152298719526,6.797072384238078,0.2617993877991417,0.0,-1.5934874796074794,190,180,180,180,180,160,160
23.746992588043213,0.02247152298719526,6.797072384238078,0.2617993877991417,0.0,-1.5934874796074794,190,180,180,180,180,160,160
23.757200241088867,0.02247152298719526,6.797072384238078,0.2617993877991417,0.0,-1.5934874796074794,190,180,180,180,180,160,160
23.767409324645996,0.022674415014012905,6.788162529627803,0.2617993877991417,0.0,-1.5936115126712858,190,180,180,180,180,160,160
23.77766251564026,0.022674415014012905,6.788162529627803,0.2617993877991417,0.0,-1.5936115126712858,190,180,180,180,180,160,160
23.7890202999115,0.022674415014012905,6.788162529627803,0.2617993877991417,0.0,-1.5936115126712858,190,180,180,180,180,160,160
23.799230813980103,0.022873579474386726,6.779515517553046,0.2617993877991417,0.0,-1.593658907254979,190,180,180,180,180,160,160
23.809446096420288,0.022873579474386726,6.779515517553046,0.2617993877991417,0.0,-1.593658907254979,190,180,180,180,180,160,160
23.81989812850952,0.022873579474386726,6.779515517553046,0.2617993877991417,0.0,-1.593658907254979,190,180,180,180,180,160,160
23.839214086532593,0.022873579474386726,6.779515517553046,0.2617993877991417,0.0,-1.593658907254979,190,180,180,180,180,160,160
23.849483728408813,0.023073563155923016,6.770876054272579,0.2617993877991417,0.0,-1.5935847652786674,190,180,180,180,180,160,160
23.85967993736267,0.023073563155923016,6.770876054272579,0.2617993877991417,0.0,-1.5935847652786674,190,180,180,180,180,160,160
23.86984157562256,0.02327802979513012,6.761983160369978,0.2617993877991417,0.0,-1.5933855616523873,180,180,180,180,180,160,160
23.889283418655396,0.02327802979513012,6.761983160369978,0.2617993877991417,0.0,-1.5933855616523873,180,180,180,180,180,160,160
23.899802207946777,0.023472419029377276,6.7533457490460265,0.2617993877991417,0.0,-1.5931659842518537,180,180,180,180,180,160,160
23.9100182056427,0.023472419029377276,6.7533457490460265,0.2617993877991417,0.0,-1.5931659842518537,190,180,180,180,170,160,160
23.920257091522217,0.023472419029377276,6.7533457490460265,0.2617993877991417,0.0,-1.5931659842518537,190,180,180,180,170,160,160
23.930606842041016,0.023472419029377276,6.7533457490460265,0.2617993877991417,0.0,-1.5931659842518537,190,180,180,180,170,160,160
23.94080924987793,0.023664909204855793,6.744704461599758,0.2617993877991417,0.0,-1.5929907051858037,190,180,180,180,170,160,160
23.951003074645996,0.023664909204855793,6.744704461599758,0.2617993877991417,0.0,-1.5929907051858037,190,180,180,180,170,160,160
23.96120810508728,0.023664909204855793,6.744704461599758,0.2617993877991417,0.0,-1.5929907051858037,190,180,180,180,170,160,160
23.971766710281372,0.02386127543316892,6.735807022492991,0.2617993877991417,0.0,-1.5929183559358995,190,180,180,180,170,160,160
23.982090711593628,0.02386127543316892,6.735807022492991,0.2617993877991417,0.0,-1.5929183559358995,190,180,180,180,170,160,160
23.992464065551758,0.02386127543316892,6.735807022492991,0.2617993877991417,0.0,-1.5929183559358995,190,180,180,180,170,160,160
24.002735137939453,0.02405581713270733,6.727207015570007,0.2617993877991417,0.0,-1.5931546296896768,190,180,180,180,170,160,160
24.012956380844116,0.02405581713270733,6.727207015570007,0.2617993877991417,0.0,-1.5931546296896768,190,180,180,180,170,170,160
24.02320623397827,0.02405581713270733,6.727207015570007,0.2617993877991417,0.0,-1.5931546296896768,190,180,180,180,170,170,160
24.03968834877014,0.02405581713270733,6.727207015570007,0.2617993877991417,0.0,-1.5931546296896768,190,180,180,180,170,170,160
24.049973249435425,0.024251691411311206,6.71859573247443,0.2617993877991417,0.0,-1.5933599771684899,190,180,180,180,170,170,160
24.060269117355347,0.024251691411311206,6.71859573247443,0.2617993877991417,0.0,-1.5933599771684899,190,180,180,180,170,170,160
24.070616483688354,0.024453480787766636,6.709712673661045,0.2617993877991417,0.0,-1.593564678220202,190,190,180,180,170,170,160
24.089967727661133,0.024453480787766636,6.709712673661045,0.2617993877991417,0.0,-1.593564678220202,190,190,180,180,170,170,160
24.100286722183228,0.024651325553701683,6.70108127486149,0.2617993877991417,0.0,-1.5937596217518513,190,190,180,180,170,170,160
24.110602855682373,0.024651325553701683,6.70108127486149,0.2617993877991417,0.0,-1.5937596217518513,190,190,180,180,170,170,160
24.120850086212158,0.024651325553701683,6.70108127486149,0.2617993877991417,0.0,-1.5937596217518513,190,190,180,180,170,170,160
24.138710737228394,0.024651325553701683,6.70108127486149,0.2617993877991417,0.0,-1.5937596217518513,190,190,180,180,170,170,160
24.149036645889282,0.024850909330934465,6.6924382629344885,0.2617993877991417,0.0,-1.5939274838300117,190,190,180,180,170,170,160
24.159651279449463,0.024850909330934465,6.6924382629344885,0.2617993877991417,0.0,-1.5939274838300117,190,190,180,180,170,170,160
24.17091155052185,0.02505753411248845,6.683528408697509,0.2617993877991417,0.0,-1.5940433050776583,190,190,180,180,170,170,160
24.188098907470703,0.02505753411248845,6.683528408697509,0.2617993877991417,0.0,-1.5940433050776583,190,190,180,180,170,170,160
24.198346853256226,0.02505753411248845,6.683528408697509,0.2617993877991417,0.0,-1.5940433050776583,190,190,180,180,170,170,160
24.208558082580566,0.02526143745925061,6.674881485690613,0.2617993877991417,0.0,-1.594083079223943,190,190,180,180,170,170,160
24.21907925605774,0.02526143745925061,6.674881485690613,0.2617993877991417,0.0,-1.594083079223943,190,190,180,180,170,160,160
24.238057136535645,0.02526143745925061,6.674881485690613,0.2617993877991417,0.0,-1.594083079223943,190,190,180,180,170,160,160
24.24828290939331,0.025464496969626247,6.666244945499771,0.2617993877991417,0.0,-1.5939808819658525,190,190,180,180,170,160,160
24.258507251739502,0.025464496969626247,6.666244945499771,0.2617993877991417,0.0,-1.5939808819658525,190,190,180,180,170,160,160
24.268810272216797,0.025672206725420477,6.657350945867483,0.2617993877991417,0.0,-1.5937824966790428,190,190,180,180,170,160,160
24.279128789901733,0.025672206725420477,6.657350945867483,0.2617993877991417,0.0,-1.5937824966790428,190,190,180,180,170,160,160
24.289367198944092,0.025672206725420477,6.657350945867483,0.2617993877991417,0.0,-1.5937824966790428,190,190,180,180,170,160,160
24.2996187210083,0.02586984228270803,6.648712660976303,0.2617993877991417,0.0,-1.5935634725818146,190,190,180,180,170,160,160
24.309856414794922,0.02586984228270803,6.648712660976303,0.2617993877991417,0.0,-1.5935634725818146,190,190,180,180,170,160,160
24.320090770721436,0.02586984228270803,6.648712660976303,0.2617993877991417,0.0,-1.5935634725818146,190,190,180,180,170,160,160
24.339749097824097,0.02586984228270803,6.648712660976303,0.2617993877991417,0.0,-1.5935634725818146,190,190,180,180,170,160,160
24.350125789642334,0.02606583309518511,6.640071613123616,0.2617993877991417,0.0,-1.5933979743213371,190,190,180,180,170,160,160
24.360319137573242,0.02606583309518511,6.640071613123616,0.2617993877991417,0.0,-1.5933979743213371,190,190,180,180,170,160,160
24.370554208755493,0.02626642337627105,6.631175948112071,0.2617993877991417,0.0,-1.5933453928218808,190,190,180,180,170,160,160
24.380792140960693,0.02626642337627105,6.631175948112071,0.2617993877991417,0.0,-1.5933453928218808,190,190,180,180,170,160,160
24.391066312789917,0.02626642337627105,6.631175948112071,0.2617993877991417,0.0,-1.5933453928218808,190,190,180,180,170,160,160
24.401297330856323,0.026464233709791268,6.6225811930330165,0.2617993877991417,0.0,-1.5936221760003733,190,190,180,180,170,160,160
24.411513328552246,0.026464233709791268,6.6225811930330165,0.2617993877991417,0.0,-1.5936221760003733,190,190,180,180,170,160,160
24.4217369556427,0.026464233709791268,6.6225811930330165,0.2617993877991417,0.0,-1.5936221760003733,190,180,180,180,160,160,160
24.43240785598755,0.026464233709791268,6.6225811930330165,0.2617993877991417,0.0,-1.5936221760003733,190,180,180,180,160,160,160
24.44341206550598,0.026464233709791268,6.6225811930330165,0.2617993877991417,0.0,-1.5936221760003733,190,180,180,180,160,160,160
24.453706741333008,0.02666434512239055,6.613965985660377,0.2617993877991417,0.0,-1.5938092147698433,190,180,180,180,160,160,160
24.46393918991089,0.02666434512239055,6.613965985660377,0.2617993877991417,0.0,-1.5938092147698433,190,180,180,180,160,160,160
24.474175691604614,0.026869892956653502,6.605082237507574,0.2617993877991417,0.0,-1.5940153562843105,190,190,180,180,170,160,160
24.48740267753601,0.026869892956653502,6.605082237507574,0.2617993877991417,0.0,-1.5940153562843105,190,190,180,180,170,160,160
24.49787664413452,0.026869892956653502,6.605082237507574,0.2617993877991417,0.0,-1.5940153562843105,190,190,180,180,170,160,160
24.508130311965942,0.027071681691220546,6.59644949546945,0.2617993877991417,0.0,-1.5942092880734002,190,190,180,170,170,170,160
24.51834273338318,0.027071681691220546,6.59644949546945,0.2617993877991417,0.0,-1.5942092880734002,190,190,180,170,170,170,160
24.52858805656433,0.027071681691220546,6.59644949546945,0.2617993877991417,0.0,-1.5942092880734002,190,190,180,170,170,170,160
24.5388605594635,0.027071681691220546,6.59644949546945,0.2617993877991417,0.0,-1.5942092880734002,190,190,180,170,170,170,160
24.54908299446106,0.027071681691220546,6.59644949546945,0.2617993877991417,0.0,-1.5942092880734002,190,190,180,170,170,170,160
24.55929446220398,0.027275123851841644,6.587805647696674,0.2617993877991417,0.0,-1.5943724424628087,190,190,180,170,170,170,160
24.5696063041687,0.027485492390854384,6.578895963218222,0.2617993877991417,0.0,-1.5944795971710497,190,190,180,180,160,170,160
24.588176012039185,0.027485492390854384,6.578895963218222,0.2617993877991417,0.0,-1.5944795971710497,190,190,180,180,160,170,160
24.598398208618164,0.027485492390854384,6.578895963218222,0.2617993877991417,0.0,-1.5944795971710497,190,190,180,180,160,170,160
24.608612060546875,0.027694098915560898,6.570249370785506,0.2617993877991417,0.0,-1.594510250999254,190,190,180,180,160,170,160
24.618825674057007,0.027694098915560898,6.570249370785506,0.2617993877991417,0.0,-1.594510250999254,190,190,180,170,160,170,160
24.638294219970703,0.027694098915560898,6.570249370785506,0.2617993877991417,0.0,-1.594510250999254,190,190,180,170,160,170,160
24.648545265197754,0.027900236835614017,6.561615788894142,0.2617993877991417,0.0,-1.5943808619144715,190,190,180,170,160,170,160
24.658778190612793,0.027900236835614017,6.561615788894142,0.2617993877991417,0.0,-1.5943808619144715,190,190,180,170,160,170,160
24.668967485427856,0.02811124686411274,6.552720692436464,0.2617993877991417,0.0,-1.5941834766887084,190,190,180,170,160,160,160
24.679200172424316,0.02811124686411274,6.552720692436464,0.2617993877991417,0.0,-1.5941834766887084,190,190,180,170,160,160,160
24.689411640167236,0.02811124686411274,6.552720692436464,0.2617993877991417,0.0,-1.5941834766887084,190,190,180,170,160,160,160
24.69959044456482,0.028312269147492283,6.544081533911951,0.2617993877991417,0.0,-1.5939664190904854,190,190,180,170,160,160,160
24.709759950637817,0.028312269147492283,6.544081533911951,0.2617993877991417,0.0,-1.5939664190904854,190,190,180,170,160,160,160
24.71996235847473,0.028312269147492283,6.544081533911951,0.2617993877991417,0.0,-1.5939664190904854,190,190,180,170,160,160,160
24.73709774017334,0.028312269147492283,6.544081533911951,0.2617993877991417,0.0,-1.5939664190904854,190,190,180,170,160,160,160
24.7474946975708,0.028511736244386816,6.535440832512389,0.2617993877991417,0.0,-1.5938112128147082,190,190,180,170,160,160,160
24.757708072662354,0.028511736244386816,6.535440832512389,0.2617993877991417,0.0,-1.5938112128147082,190,190,180,170,160,160,160
24.767916917800903,0.0287169640983515,6.526547468759421,0.2617993877991417,0.0,-1.5937815205333432,190,180,180,170,160,160,160
24.77851104736328,0.0287169640983515,6.526547468759421,0.2617993877991417,0.0,-1.5937815205333432,190,180,180,170,160,160,160
24.790783166885376,0.0287169640983515,6.526547468759421,0.2617993877991417,0.0,-1.5937815205333432,190,180,180,170,160,160,160
24.80099081993103,0.028917801671921473,6.517956625898424,0.2617993877991417,0.0,-1.5940891114597124,190,180,180,170,160,160,160
24.811175107955933,0.028917801671921473,6.517956625898424,0.2617993877991417,0.0,-1.5940891114597124,180,180,180,170,160,160,160
24.821367740631104,0.028917801671921473,6.517956625898424,0.2617993877991417,0.0,-1.5940891114597124,180,180,180,170,160,160,160
24.840312004089355,0.028917801671921473,6.517956625898424,0.2617993877991417,0.0,-1.5940891114597124,180,180,180,170,160,160,160
24.850663423538208,0.02912184912493034,6.509337391823241,0.2617993877991417,0.0,-1.5942562568016727,180,180,180,170,160,160,160
24.860889673233032,0.02912184912493034,6.509337391823241,0.2617993877991417,0.0,-1.5942562568016727,180,180,180,170,160,160,160
24.871098279953003,0.029331359000091855,6.500452541747656,0.2617993877991417,0.0,-1.594461218884745,180,180,180,170,160,160,160
24.88939356803894,0.029331359000091855,6.500452541747656,0.2617993877991417,0.0,-1.594461218884745,180,180,180,170,160,160,160
24.89959144592285,0.029537033255291015,6.491818402489351,0.2617993877991417,0.0,-1.5946530821092024,180,180,180,170,160,160,160
24.909778833389282,0.029537033255291015,6.491818402489351,0.2617993877991417,0.0,-1.5946530821092024,180,180,180,170,160,160,160
24.92027187347412,0.029537033255291015,6.491818402489351,0.2617993877991417,0.0,-1.5946530821092024,180,180,180,170,160,160,160
24.937511682510376,0.029537033255291015,6.491818402489351,0.2617993877991417,0.0,-1.5946530821092024,180,180,180,170,160,160,160
24.947805643081665,0.029744305933061623,6.483173718426012,0.2617993877991417,0.0,-1.5948107120279236,180,180,180,170,160,160,160
24.958003759384155,0.029744305933061623,6.483173718426012,0.2617993877991417,0.0,-1.5948107120279236,180,180,180,170,160,160,160
24.96821641921997,0.029958338882918586,6.474264227409041,0.2617993877991417,0.0,-1.5949089299512023,180,180,180,170,160,160,160
24.978419303894043,0.029958338882918586,6.474264227409041,0.2617993877991417,0.0,-1.5949089299512023,180,180,180,170,160,160,160
24.988638162612915,0.029958338882918586,6.474264227409041,0.2617993877991417,0.0,-1.5949089299512023,180,180,180,170,160,160,160
24.998844623565674,0.029958338882918586,6.474264227409041,0.2617993877991417,0.0,-1.5949089299512023,180,180,180,170,160,160,160
25.009047269821167,0.030171069857187427,6.46561783798213,0.2617993877991417,0.0,-1.5949307693959949,180,180,180,170,160,160,160
25.019269466400146,0.030171069857187427,6.46561783798213,0.2617993877991417,0.0,-1.5949307693959949,180,180,180,170,160,160,170
25.02946400642395,0.030171069857187427,6.46561783798213,0.2617993877991417,0.0,-1.5949307693959949,180,180,180,170,160,160,170
25.041367053985596,0.030171069857187427,6.46561783798213,0.2617993877991417,0.0,-1.5949307693959949,180,180,180,170,160,160,170
25.051576852798462,0.030380627136785538,6.456986712967013,0.2617993877991417,0.0,-1.5947780890765972,180,180,180,170,160,160,170
25.06178331375122,0.030380627136785538,6.456986712967013,0.2617993877991417,0.0,-1.5947780890765972,180,180,180,170,160,170,170
25.07265281677246,0.030594960745412594,6.448090773731316,0.2617993877991417,0.0,-1.5945793269129742,180,180,180,170,160,170,170
25.089411735534668,0.030594960745412594,6.448090773731316,0.2617993877991417,0.0,-1.5945793269129742,180,180,180,170,160,170,170
25.099615812301636,0.030799398046772834,6.439450810494156,0.2617993877991417,0.0,-1.5943655637983776,180,180,180,170,160,170,170
25.1098473072052,0.030799398046772834,6.439450810494156,0.2617993877991417,0.0,-1.5943655637983776,180,180,180,170,160,170,170
25.12006425857544,0.030799398046772834,6.439450810494156,0.2617993877991417,0.0,-1.5943655637983776,180,180,180,170,160,170,170
25.130319595336914,0.030799398046772834,6.439450810494156,0.2617993877991417,0.0,-1.5943655637983776,180,180,180,170,160,170,170
25.140528202056885,0.03100226433017078,6.430810519061155,0.2617993877991417,0.0,-1.5942211727024531,180,180,180,170,160,170,170
25.15076231956482,0.03100226433017078,6.430810519061155,0.2617993877991417,0.0,-1.5942211727024531,180,180,180,170,160,170,170
25.160961389541626,0.03100226433017078,6.430810519061155,0.2617993877991417,0.0,-1.5942211727024531,180,180,180,170,160,170,160
25.171327829360962,0.03121229632764865,6.421920054436593,0.2617993877991417,0.0,-1.59421884118674,180,180,180,170,160,170,160
25.181561708450317,0.03121229632764865,6.421920054436593,0.2617993877991417,0.0,-1.59421884118674,180,180,180,170,160,170,160
25.191786766052246,0.03121229632764865,6.421920054436593,0.2617993877991417,0.0,-1.59421884118674,180,180,180,170,160,170,160
25.20201849937439,0.03141608108266098,6.413331216971878,0.2617993877991417,0.0,-1.594544233921554,180,180,180,170,160,170,160
25.2122220993042,0.03141608108266098,6.413331216971878,0.2617993877991417,0.0,-1.594544233921554,180,180,180,170,160,170,160
25.2224440574646,0.03141608108266098,6.413331216971878,0.2617993877991417,0.0,-1.594544233921554,190,180,180,170,160,160,160
25.23686647415161,0.03141608108266098,6.413331216971878,0.2617993877991417,0.0,-1.594544233921554,190,180,180,170,160,160,160
25.24734330177307,0.03162384256117782,6.404709059013609,0.2617993877991417,0.0,-1.5946993464909323,190,180,180,170,160,160,160
25.25755286216736,0.03162384256117782,6.404709059013609,0.2617993877991417,0.0,-1.5946993464909323,180,180,180,160,160,160,160
25.267717838287354,0.03183742030699871,6.3958230604588735,0.2617993877991417,0.0,-1.594903531148881,180,180,180,160,160,160,160
25.277931451797485,0.03183742030699871,6.3958230604588735,0.2617993877991417,0.0,-1.594903531148881,180,180,180,160,160,160,160
25.290648937225342,0.03183742030699871,6.3958230604588735,0.2617993877991417,0.0,-1.594903531148881,180,180,180,160,160,160,160
25.30083918571472,0.032046936886703334,6.387187609752094,0.2617993877991417,0.0,-1.5950933385477373,180,180,180,160,160,160,160
25.31104874610901,0.032046936886703334,6.387187609752094,0.2617993877991417,0.0,-1.5950933385477373,180,180,180,160,160,160,160
25.321269273757935,0.032046936886703334,6.387187609752094,0.2617993877991417,0.0,-1.5950933385477373,180,180,180,160,160,160,160
25.331450939178467,0.032046936886703334,6.387187609752094,0.2617993877991417,0.0,-1.5950933385477373,180,180,180,160,160,160,160
25.34482717514038,0.03225801223431934,6.378542233688329,0.2617993877991417,0.0,-1.595245355807202,180,180,180,160,160,160,160
25.35513186454773,0.03225801223431934,6.378542233688329,0.2617993877991417,0.0,-1.595245355807202,180,180,180,160,160,160,160
25.365328788757324,0.03225801223431934,6.378542233688329,0.2617993877991417,0.0,-1.595245355807202,180,180,180,160,160,160,160
25.375595331192017,0.032475695553722476,6.369633016513893,0.2617993877991417,0.0,-1.5953345819620068,180,180,180,160,160,160,160
25.391834020614624,0.032475695553722476,6.369633016513893,0.2617993877991417,0.0,-1.5953345819620068,180,180,180,160,160,160,160
25.402064561843872,0.03269204353689964,6.360987145588496,0.2617993877991417,0.0,-1.5953455839671289,180,180,180,160,160,160,160
25.41226053237915,0.03269204353689964,6.360987145588496,0.2617993877991417,0.0,-1.5953455839671289,180,180,180,160,160,160,160
25.422445058822632,0.03269204353689964,6.360987145588496,0.2617993877991417,0.0,-1.5953455839671289,180,180,180,170,170,160,160
25.44041609764099,0.032905387875325244,6.352357722180119,0.2617993877991417,0.0,-1.5951757734054859,180,180,180,170,170,160,160
25.450668573379517,0.032905387875325244,6.352357722180119,0.2617993877991417,0.0,-1.5951757734054859,180,180,180,170,170,160,160
25.46090030670166,0.032905387875325244,6.352357722180119,0.2617993877991417,0.0,-1.5951757734054859,180,180,180,170,160,160,160
25.47111177444458,0.03312306142351927,6.343461378378161,0.2617993877991417,0.0,-1.5949728752833308,180,180,180,170,160,160,160
25.488640308380127,0.03312306142351927,6.343461378378161,0.2617993877991417,0.0,-1.5949728752833308,180,180,180,170,160,160,160
25.498872995376587,0.03312306142351927,6.343461378378161,0.2617993877991417,0.0,-1.5949728752833308,180,180,180,170,160,160,160
25.509140014648438,0.033330899060652536,6.334820812614957,0.2617993877991417,0.0,-1.5947639025157563,180,180,180,170,160,160,160
25.519330978393555,0.033330899060652536,6.334820812614957,0.2617993877991417,0.0,-1.5947639025157563,180,180,180,170,160,160,160
25.538113594055176,0.03353712475555651,6.326181034237997,0.2617993877991417,0.0,-1.5946302951183822,180,180,180,170,160,160,160
25.548364639282227,0.03353712475555651,6.326181034237997,0.2617993877991417,0.0,-1.5946302951183822,180,180,180,170,160,160,160
25.558582544326782,0.03353712475555651,6.326181034237997,0.2617993877991417,0.0,-1.5946302951183822,180,180,180,170,160,160,160
25.56880021095276,0.03375165187688707,6.3172942568205634,0.2617993877991417,0.0,-1.5946603008897933,180,180,180,170,160,160,160
25.578958749771118,0.03375165187688707,6.3172942568205634,0.2617993877991417,0.0,-1.5946603008897933,180,180,180,170,160,160,160
25.590287446975708,0.03375165187688707,6.3172942568205634,0.2617993877991417,0.0,-1.5946603008897933,180,180,180,170,160,160,160
25.600491285324097,0.03395874521645076,6.308705124913461,0.2617993877991417,0.0,-1.5949871646696554,180,180,180,170,160,160,160
25.610832691192627,0.03395874521645076,6.308705124913461,0.2617993877991417,0.0,-1.5949871646696554,180,180,180,170,160,160,160
25.621230125427246,0.03395874521645076,6.308705124913461,0.2617993877991417,0.0,-1.5949871646696554,180,180,180,170,160,160,160
25.638995885849,0.03395874521645076,6.308705124913461,0.2617993877991417,0.0,-1.5949871646696554,180,180,180,170,160,160,160
25.64935803413391,0.03417016259373505,6.300081735744493,0.2617993877991417,0.0,-1.5951416019643554,180,180,180,170,160,160,160
25.65958333015442,0.03417016259373505,6.300081735744493,0.2617993877991417,0.0,-1.5951416019643554,190,180,180,170,160,160,160
25.66981840133667,0.034387821097638924,6.291194726070583,0.2617993877991417,0.0,-1.5953454215453726,190,180,180,170,160,160,160
25.688665628433228,0.034387821097638924,6.291194726070583,0.2617993877991417,0.0,-1.5953454215453726,190,180,180,170,160,160,160
25.698894262313843,0.034387821097638924,6.291194726070583,0.2617993877991417,0.0,-1.5953454215453726,190,180,180,170,160,160,160
25.709270238876343,0.034601170979007285,6.282557922608122,0.2617993877991417,0.0,-1.5955324148935364,190,190,180,180,160,160,160
25.719456672668457,0.034601170979007285,6.282557922608122,0.2617993877991417,0.0,-1.5955324148935364,190,190,180,180,160,160,160
25.729651927947998,0.034601170979007285,6.282557922608122,0.2617993877991417,0.0,-1.5955324148935364,190,190,180,180,160,160,160
25.745223999023438,0.034816033133629444,6.273911974715357,0.2617993877991417,0.0,-1.595678068031844,190,190,180,180,160,160,160
25.755878925323486,0.034816033133629444,6.273911974715357,0.2617993877991417,0.0,-1.595678068031844,190,190,180,180,160,160,160
25.766196489334106,0.03503754572502447,6.265003063330555,0.2617993877991417,0.0,-1.5957578070708371,190,190,180,180,170,160,150
25.777039289474487,0.03503754572502447,6.265003063330555,0.2617993877991417,0.0,-1.5957578070708371,190,190,180,180,170,160,150
25.793532133102417,0.03503754572502447,6.265003063330555,0.2617993877991417,0.0,-1.5957578070708371,190,190,180,180,170,160,150
25.80374765396118,0.03525723350887141,6.256358027986158,0.2617993877991417,0.0,-1.5957551895041604,190,190,180,180,170,160,150
25.813947916030884,0.03525723350887141,6.256358027986158,0.2617993877991417,0.0,-1.5957551895041604,190,190,180,180,170,160,150
25.82422971725464,0.03525723350887141,6.256358027986158,0.2617993877991417,0.0,-1.5957551895041604,190,180,180,180,170,160,150
25.841387510299683,0.03547443065182049,6.247729392604424,0.2617993877991417,0.0,-1.5955738715473238,190,180,180,180,170,160,150
25.85163140296936,0.03547443065182049,6.247729392604424,0.2617993877991417,0.0,-1.5955738715473238,190,180,180,180,170,160,150
25.861877918243408,0.03547443065182049,6.247729392604424,0.2617993877991417,0.0,-1.5955738715473238,180,190,180,180,170,160,160
25.87210249900818,0.03569539120403986,6.238832779361916,0.2617993877991417,0.0,-1.5953641064133977,180,190,180,180,170,160,160
25.891138315200806,0.03569539120403986,6.238832779361916,0.2617993877991417,0.0,-1.5953641064133977,180,190,180,180,170,160,160
25.901424407958984,0.03590660873364765,6.230191826636132,0.2617993877991417,0.0,-1.5951615251287397,180,190,180,180,170,160,160
25.91164231300354,0.03590660873364765,6.230191826636132,0.2617993877991417,0.0,-1.5951615251287397,180,190,180,190,160,160,160
25.921815395355225,0.03590660873364765,6.230191826636132,0.2617993877991417,0.0,-1.5951615251287397,180,190,180,190,160,160,160
25.93235445022583,0.03611617878656428,6.221552670130388,0.2617993877991417,0.0,-1.595039319070194,180,190,180,190,160,160,160
25.942797899246216,0.03611617878656428,6.221552670130388,0.2617993877991417,0.0,-1.595039319070194,180,190,180,190,160,160,160
25.95317268371582,0.03611617878656428,6.221552670130388,0.2617993877991417,0.0,-1.595039319070194,180,190,180,190,160,160,160
25.963393211364746,0.03611617878656428,6.221552670130388,0.2617993877991417,0.0,-1.595039319070194,180,190,180,180,160,160,160
25.97358465194702,0.03633474468975895,6.212670404823864,0.2617993877991417,0.0,-1.5951076816202077,180,190,180,180,160,160,160
25.98786950111389,0.03633474468975895,6.212670404823864,0.2617993877991417,0.0,-1.5951076816202077,180,190,180,180,160,160,160
25.998067378997803,0.03633474468975895,6.212670404823864,0.2617993877991417,0.0,-1.5951076816202077,180,190,180,180,160,160,160
26.008289575576782,0.03654571896990951,6.204078441456508,0.2617993877991417,0.0,-1.5954193926307032,180,190,180,180,160,160,160
26.018497943878174,0.03654571896990951,6.204078441456508,0.2617993877991417,0.0,-1.5954193926307032,180,190,180,180,160,160,160
26.02872920036316,0.03654571896990951,6.204078441456508,0.2617993877991417,0.0,-1.5954193926307032,180,190,180,180,160,160,160
26.03894567489624,0.036760734185019,6.195454937742759,0.2617993877991417,0.0,-1.5955810284064458,180,190,180,180,160,160,160
26.049150943756104,0.036760734185019,6.195454937742759,0.2617993877991417,0.0,-1.5955810284064458,180,190,180,180,160,160,160
26.059428930282593,0.036760734185019,6.195454937742759,0.2617993877991417,0.0,-1.5955810284064458,180,190,180,180,160,160,160
26.069705724716187,0.03698239434755381,6.1865669558789005,0.2617993877991417,0.0,-1.5957848672102384,180,180,180,180,160,160,150
26.079898595809937,0.03698239434755381,6.1865669558789005,0.2617993877991417,0.0,-1.5957848672102384,180,180,180,180,160,160,150
26.090677738189697,0.03698239434755381,6.1865669558789005,0.2617993877991417,0.0,-1.5957848672102384,180,180,180,180,160,160,150
26.10088038444519,0.0371995509787857,6.177928800717754,0.2617993877991417,0.0,-1.595969036982439,180,180,180,180,160,160,150
26.111067056655884,0.0371995509787857,6.177928800717754,0.2617993877991417,0.0,-1.595969036982439,180,180,180,170,160,160,150
26.121297121047974,0.0371995509787857,6.177928800717754,0.2617993877991417,0.0,-1.595969036982439,180,180,180,170,160,160,150
26.131656646728516,0.0371995509787857,6.177928800717754,0.2617993877991417,0.0,-1.595969036982439,180,180,180,170,160,160,150
26.141891956329346,0.0371995509787857,6.177928800717754,0.2617993877991417,0.0,-1.595969036982439,180,180,180,170,160,160,150
26.152095556259155,0.03741816546027843,6.169282426996112,0.2617993877991417,0.0,-1.5961082302359841,180,180,180,170,160,160,150
26.16232132911682,0.03741816546027843,6.169282426996112,0.2617993877991417,0.0,-1.5961082302359841,180,180,180,170,160,160,150
26.172548055648804,0.037643794551132446,6.160373840886434,0.2617993877991417,0.05235987755982833,-1.5961787322016179,180,180,180,170,160,160,150
26.182920217514038,0.037643794551132446,6.160373840886434,0.2617993877991417,0.05235987755982833,-1.5961787322016179,180,180,180,170,160,160,150
26.20231556892395,0.03786669383633379,6.151730123303283,0.2617993877991417,0.08726646259971389,-1.5961594653242495,180,180,180,170,160,160,150
26.212534189224243,0.03786669383633379,6.151730123303283,0.2617993877991417,0.08726646259971389,-1.5961594653242495,180,180,180,170,160,160,160
26.22276759147644,0.03786669383633379,6.151730123303283,0.2617993877991417,0.08726646259971389,-1.5961594653242495,180,180,180,170,160,160,160
26.237946271896362,0.038091301411120035,6.143185127495643,0.2617993877991417,0.10471975511965666,-1.5976864282752739,180,180,180,170,160,160,160
26.248238801956177,0.038091301411120035,6.143185127495643,0.2617993877991417,0.10471975511965666,-1.5976864282752739,180,180,180,170,160,160,160
26.258472681045532,0.038091301411120035,6.143185127495643,0.2617993877991417,0.12217304763959944,-1.5976864282752739,180,190,180,170,160,160,160
26.268720626831055,0.038341156626521905,6.134330716343071,0.2617993877991417,0.12217304763959944,-1.600802297087697,180,190,180,170,160,160,160
26.27911400794983,0.038341156626521905,6.134330716343071,0.2617993877991417,0.12217304763959944,-1.600802297087697,180,190,180,170,160,160,160
26.293332815170288,0.038341156626521905,6.134330716343071,0.2617993877991417,0.12217304763959944,-1.600802297087697,180,190,180,170,160,160,160
26.30357527732849,0.03861332487395803,6.125720815550335,0.2617993877991417,0.12217304763959944,-1.6045201438874093,180,190,180,170,160,160,160
26.31381344795227,0.03861332487395803,6.125720815550335,0.2617993877991417,0.12217304763959944,-1.6045201438874093,180,190,180,170,160,160,160
26.324018239974976,0.03861332487395803,6.125720815550335,0.2617993877991417,0.12217304763959944,-1.6045201438874093,180,190,180,170,160,150,150
26.33937358856201,0.03861332487395803,6.125720815550335,0.2617993877991417,0.12217304763959944,-1.6045201438874093,180,190,180,170,160,150,150
26.349846839904785,0.038923861693073804,6.117104505338332,0.2617993877991417,0.12217304763959944,-1.6082844825532578,180,190,180,170,160,150,150
26.360044479370117,0.038923861693073804,6.117104505338332,0.2617993877991417,0.12217304763959944,-1.6082844825532578,180,190,180,170,160,150,150
26.370251893997192,0.03927896336000861,6.1082275150824135,0.2617993877991417,0.12217304763959944,-1.6122767049143374,180,190,180,170,160,150,150
26.38048768043518,0.03927896336000861,6.1082275150824135,0.2617993877991417,0.12217304763959944,-1.6122767049143374,180,190,180,170,160,150,150
26.390756845474243,0.03927896336000861,6.1082275150824135,0.2617993877991417,0.12217304763959944,-1.6122767049143374,180,190,180,170,160,150,150
26.401634216308594,0.03965356754350428,6.099628269865999,0.2617993877991417,0.12217304763959944,-1.6163391792584292,180,190,180,170,160,150,150
26.411941528320312,0.03965356754350428,6.099628269865999,0.2617993877991417,0.12217304763959944,-1.6163391792584292,180,190,180,170,160,160,160
26.422168970108032,0.03965356754350428,6.099628269865999,0.2617993877991417,0.12217304763959944,-1.6163391792584292,180,190,180,170,160,160,160
26.43238067626953,0.04006328204483899,6.091045610542247,0.2617993877991417,0.12217304763959944,-1.6205620712394333,180,190,180,170,160,160,160
26.442914485931396,0.04006328204483899,6.091045610542247,0.2617993877991417,0.12217304763959944,-1.6205620712394333,180,190,180,170,160,160,160
26.45312261581421,0.04006328204483899,6.091045610542247,0.2617993877991417,0.12217304763959944,-1.6205620712394333,180,190,180,170,160,160,160
26.463340759277344,0.04006328204483899,6.091045610542247,0.2617993877991417,0.12217304763959944,-1.6205620712394333,180,180,180,160,160,160,160
26.473591327667236,0.0405232940221339,6.082197300267358,0.2617993877991417,0.12217304763959944,-1.6249310680148428,180,180,180,160,160,160,160
26.49130153656006,0.0405232940221339,6.082197300267358,0.2617993877991417,0.12217304763959944,-1.6249310680148428,180,180,180,160,160,160,160
26.50158715248108,0.04100669974821441,6.073603275719231,0.2617993877991417,0.12217304763959944,-1.6291453961579465,180,180,180,160,160,160,160
26.511812448501587,0.04100669974821441,6.073603275719231,0.2617993877991417,0.12217304763959944,-1.6291453961579465,180,180,170,160,160,160,150
26.522363424301147,0.04100669974821441,6.073603275719231,0.2617993877991417,0.12217304763959944,-1.6291453961579465,180,180,170,160,160,160,150
26.532788038253784,0.04152523420409849,6.065009938048208,0.2617993877991417,0.12217304763959944,-1.6332897797473127,180,180,170,160,160,160,150
26.543274402618408,0.04152523420409849,6.065009938048208,0.2617993877991417,0.12217304763959944,-1.6332897797473127,180,180,170,160,160,160,150
26.55346441268921,0.04152523420409849,6.065009938048208,0.2617993877991417,0.12217304763959944,-1.6332897797473127,180,180,170,160,160,160,150
26.5636727809906,0.04152523420409849,6.065009938048208,0.2617993877991417,0.12217304763959944,-1.6332897797473127,180,180,180,190,160,160,150
26.574345111846924,0.04210089189539512,6.056176211743475,0.2617993877991417,0.12217304763959944,-1.637322254415704,180,180,180,190,160,160,150
26.591240882873535,0.04210089189539512,6.056176211743475,0.2617993877991417,0.12217304763959944,-1.637322254415704,180,180,180,190,160,160,150
26.601460695266724,0.042688035704998836,6.047619818724875,0.2617993877991417,0.13962634015954223,-1.6410658423364706,180,180,180,190,160,160,150
26.611673831939697,0.042688035704998836,6.047619818724875,0.2617993877991417,0.13962634015954223,-1.6410658423364706,190,190,180,180,160,160,150
26.62187647819519,0.042688035704998836,6.047619818724875,0.2617993877991417,0.13962634015954223,-1.6410658423364706,190,190,180,180,160,160,150
26.639512300491333,0.042688035704998836,6.047619818724875,0.2617993877991417,0.13962634015954223,-1.6410658423364706,190,190,180,180,160,160,150
26.649866580963135,0.0433082852014302,6.0390433151183815,0.2617993877991417,0.17453292519942779,-1.6448921388302462,190,190,180,180,160,160,150
26.660053968429565,0.0433082852014302,6.0390433151183815,0.2617993877991417,0.17453292519942779,-1.6448921388302462,190,190,180,180,160,160,150
26.670497179031372,0.0439854006487431,6.030206040372484,0.2617993877991417,0.17453292519942779,-1.6493536421944472,180,190,180,180,170,160,150
26.690194606781006,0.0439854006487431,6.030206040372484,0.2617993877991417,0.17453292519942779,-1.6493536421944472,180,190,180,180,170,160,150
26.700414896011353,0.04468265010413031,6.021631581863662,0.2617993877991417,0.20943951023931331,-1.6548145673422812,180,190,180,180,170,160,150
26.71060585975647,0.04468265010413031,6.021631581863662,0.2617993877991417,0.20943951023931331,-1.6548145673422812,180,180,180,180,160,150,150
26.72078824043274,0.04468265010413031,6.021631581863662,0.2617993877991417,0.2268928027592561,-1.6548145673422812,180,180,180,180,160,150,150
26.73827075958252,0.045431139845199656,6.013061358318788,0.2617993877991417,0.24434609527919887,-1.6614485773566445,180,180,180,180,160,150,150
26.748497009277344,0.045431139845199656,6.013061358318788,0.2617993877991417,0.24434609527919887,-1.6614485773566445,180,180,180,180,160,150,150
26.75873112678528,0.045431139845199656,6.013061358318788,0.2617993877991417,0.24434609527919887,-1.6614485773566445,180,180,180,180,160,150,150
26.768957376480103,0.04626869852384029,6.004231359518041,0.2617993877991417,0.24434609527919887,-1.6694595663153349,180,180,140,170,170,160,150
26.77919030189514,0.04626869852384029,6.004231359518041,0.2617993877991417,0.24434609527919887,-1.6694595663153349,180,180,140,170,170,160,150
26.790022134780884,0.04626869852384029,6.004231359518041,0.2617993877991417,0.24434609527919887,-1.6694595663153349,180,180,140,170,170,160,150
26.800217151641846,0.04715386205919058,5.995672204373777,0.2617993877991417,0.24434609527919887,-1.677396749615601,180,180,140,170,170,160,150
26.81042242050171,0.04715386205919058,5.995672204373777,0.2617993877991417,0.2617993877991417,-1.677396749615601,180,190,180,180,170,160,150
26.820627212524414,0.04715386205919058,5.995672204373777,0.2617993877991417,0.2617993877991417,-1.677396749615601,180,190,180,180,170,160,150
26.83087182044983,0.04715386205919058,5.995672204373777,0.2617993877991417,0.2617993877991417,-1.677396749615601,180,190,180,180,170,160,150
26.841980934143066,0.048101649056721,5.987138413297346,0.2617993877991417,0.2617993877991417,-1.6855371842456672,180,190,180,180,170,160,150
26.852198123931885,0.048101649056721,5.987138413297346,0.2617993877991417,0.2617993877991417,-1.6855371842456672,180,190,180,180,170,160,150
26.862398147583008,0.048101649056721,5.987138413297346,0.2617993877991417,0.2617993877991417,-1.6855371842456672,190,190,190,180,160,160,150
26.872620820999146,0.049150579085372126,5.978382807006649,0.2617993877991417,0.2617993877991417,-1.694652329757195,190,190,190,180,160,160,150
26.888495683670044,0.049150579085372126,5.978382807006649,0.2617993877991417,0.2617993877991417,-1.694652329757195,190,190,190,180,160,160,150
26.898751735687256,0.049150579085372126,5.978382807006649,0.2617993877991417,0.2617993877991417,-1.694652329757195,190,190,190,180,160,160,150
26.908945560455322,0.050242256527521525,5.969901082350415,0.2617993877991417,0.2617993877991417,-1.7034436822932042,190,190,180,180,170,160,140
26.919152975082397,0.050242256527521525,5.969901082350415,0.2617993877991417,0.2617993877991417,-1.7034436822932042,190,190,180,180,170,160,140
26.937981128692627,0.050242256527521525,5.969901082350415,0.2617993877991417,0.2617993877991417,-1.7034436822932042,190,190,180,180,170,160,140
26.948376655578613,0.05140825729096539,5.961461591014658,0.2617993877991417,0.2617993877991417,-1.7119253217127972,190,190,180,180,170,160,140
26.95859956741333,0.05140825729096539,5.961461591014658,0.2617993877991417,0.2617993877991417,-1.7119253217127972,190,180,180,180,170,160,150
26.968931436538696,0.052682656269928796,5.952771697977959,0.2617993877991417,0.2617993877991417,-1.7206288405081147,190,180,180,180,170,160,150
26.979165077209473,0.052682656269928796,5.952771697977959,0.2617993877991417,0.2617993877991417,-1.7206288405081147,190,180,180,180,170,160,150
26.98938798904419,0.052682656269928796,5.952771697977959,0.2617993877991417,0.2617993877991417,-1.7206288405081147,190,180,180,180,170,160,150
26.99962854385376,0.053993113917634,5.944331883144823,0.2617993877991417,0.2617993877991417,-1.72913846716694,190,180,180,180,170,160,150
27.0098557472229,0.053993113917634,5.944331883144823,0.2617993877991417,0.2617993877991417,-1.72913846716694,190,190,190,180,170,160,150
27.020044565200806,0.053993113917634,5.944331883144823,0.2617993877991417,0.2617993877991417,-1.72913846716694,190,190,190,180,170,160,150
27.039621829986572,0.053993113917634,5.944331883144823,0.2617993877991417,0.2617993877991417,-1.72913846716694,190,190,190,180,170,160,150
27.05025315284729,0.05537782716569675,5.935892336191692,0.2617993877991417,0.2617993877991417,-1.7376454492605449,190,190,190,180,170,160,150
27.060491800308228,0.05537782716569675,5.935892336191692,0.2617993877991417,0.2617993877991417,-1.7376454492605449,190,180,190,180,160,160,150
27.070727348327637,0.05688101060220411,5.927196873972982,0.2617993877991417,0.2617993877991417,-1.7464264149796662,190,180,190,180,160,160,150
27.08767008781433,0.05688101060220411,5.927196873972982,0.2617993877991417,0.2617993877991417,-1.7464264149796662,190,180,190,180,160,160,150
27.097923278808594,0.05688101060220411,5.927196873972982,0.2617993877991417,0.27925268031908446,-1.7464264149796662,190,180,190,180,160,160,150
27.108141660690308,0.05841532496227447,5.918757811354044,0.2617993877991417,0.27925268031908446,-1.7549672022398257,190,180,190,180,160,160,150
27.118386268615723,0.05841532496227447,5.918757811354044,0.2617993877991417,0.27925268031908446,-1.7549672022398257,190,180,190,180,160,160,150
27.1286678314209,0.05841532496227447,5.918757811354044,0.2617993877991417,0.27925268031908446,-1.7549672022398257,190,180,190,190,170,160,150
27.142322540283203,0.06002468995072966,5.910325632734402,0.2617993877991417,0.27925268031908446,-1.76407801623782,190,180,190,190,170,160,150
27.15257978439331,0.06002468995072966,5.910325632734402,0.2617993877991417,0.27925268031908446,-1.76407801623782,190,180,190,190,170,160,150
27.162818670272827,0.06002468995072966,5.910325632734402,0.2617993877991417,0.27925268031908446,-1.76407801623782,190,190,190,190,170,160,140
27.17332434654236,0.06176494132778981,5.901643679616533,0.2617993877991417,0.27925268031908446,-1.7735086293346638,190,190,190,190,170,160,140
27.191007137298584,0.06176494132778981,5.901643679616533,0.2617993877991417,0.27925268031908446,-1.7735086293346638,190,190,190,190,170,160,140
27.2012677192688,0.06353278470205377,5.893228457937168,0.2617993877991417,0.27925268031908446,-1.7827008583389194,190,190,190,190,170,160,140
27.2114839553833,0.06353278470205377,5.893228457937168,0.2617993877991417,0.27925268031908446,-1.7827008583389194,190,190,190,190,170,160,140
27.222059726715088,0.06353278470205377,5.893228457937168,0.2617993877991417,0.27925268031908446,-1.7827008583389194,190,190,190,180,180,180,150
27.23796033859253,0.06537236733678542,5.88483335406049,0.2617993877991417,0.2967059728390272,-1.7919466435681917,190,190,190,180,180,180,150
27.24820828437805,0.06537236733678542,5.88483335406049,0.2617993877991417,0.2967059728390272,-1.7919466435681917,190,190,190,180,180,180,150
27.25840401649475,0.06537236733678542,5.88483335406049,0.2617993877991417,0.2967059728390272,-1.7919466435681917,190,190,190,180,180,180,150
27.268635749816895,0.06732770685965138,5.876192935860317,0.2617993877991417,0.2967059728390272,-1.8016663125783818,180,190,190,190,180,170,150
27.28811264038086,0.06732770685965138,5.876192935860317,0.2617993877991417,0.2967059728390272,-1.8016663125783818,180,190,190,190,180,170,150
27.298333883285522,0.06732770685965138,5.876192935860317,0.2617993877991417,0.2967059728390272,-1.8016663125783818,180,190,190,190,180,170,150
27.308523893356323,0.06928946701858711,5.867917259291593,0.2617993877991417,0.2967059728390272,-1.8114221353171582,190,190,190,190,180,160,150
27.318728923797607,0.06928946701858711,5.867917259291593,0.2617993877991417,0.2967059728390272,-1.8114221353171582,190,190,190,190,180,160,150
27.32892155647278,0.06928946701858711,5.867917259291593,0.2617993877991417,0.2967059728390272,-1.8114221353171582,190,190,190,190,180,160,150
27.339101791381836,0.07136230472719177,5.859660835985087,0.2617993877991417,0.2967059728390272,-1.8212206633770833,190,190,190,190,180,160,150
27.349296808242798,0.07136230472719177,5.859660835985087,0.2617993877991417,0.2967059728390272,-1.8212206633770833,190,190,190,190,180,160,150
27.35952615737915,0.07136230472719177,5.859660835985087,0.2617993877991417,0.31415926535897,-1.8212206633770833,190,200,190,190,190,180,150
27.369746685028076,0.07357934354737194,5.851169878911671,0.2617993877991417,0.31415926535897,-1.8313254178920297,190,200,190,190,190,180,150
27.379963636398315,0.07357934354737194,5.851169878911671,0.2617993877991417,0.31415926535897,-1.8313254178920297,190,200,190,190,190,180,150
27.39016628265381,0.07357934354737194,5.851169878911671,0.2617993877991417,0.31415926535897,-1.8313254178920297,190,200,190,190,190,180,150
27.400391817092896,0.0758171350863974,5.842945268153466,0.2617993877991417,0.31415926535897,-1.8416980201303037,190,200,190,190,190,180,150
27.410629272460938,0.0758171350863974,5.842945268153466,0.2617993877991417,0.31415926535897,-1.8416980201303037,180,190,190,190,190,180,160
27.42084312438965,0.0758171350863974,5.842945268153466,0.2617993877991417,0.31415926535897,-1.8416980201303037,180,190,190,190,190,180,160
27.439414501190186,0.0758171350863974,5.842945268153466,0.2617993877991417,0.31415926535897,-1.8416980201303037,180,190,190,190,190,180,160
27.449652671813965,0.07814377249979035,5.834733127557996,0.2617993877991417,0.31415926535897,-1.8521032604116612,180,190,190,190,190,180,160
27.46006417274475,0.07814377249979035,5.834733127557996,0.2617993877991417,0.31415926535897,-1.8521032604116612,180,190,190,190,190,180,160
27.470272541046143,0.08063374966560385,5.8262849398435925,0.2617993877991417,0.31415926535897,-1.862830596326897,190,200,190,190,190,180,180
27.48052954673767,0.08063374966560385,5.8262849398435925,0.2617993877991417,0.33161255787891275,-1.862830596326897,190,200,190,190,190,180,180
27.490787506103516,0.08063374966560385,5.8262849398435925,0.2617993877991417,0.33161255787891275,-1.862830596326897,190,200,190,190,190,180,180
27.50100016593933,0.08314047748884024,5.818099010066424,0.2617993877991417,0.33161255787891275,-1.8732454645444077,190,200,190,190,190,180,180
27.5112144947052,0.08314047748884024,5.818099010066424,0.2617993877991417,0.33161255787891275,-1.8732454645444077,180,180,200,190,190,180,180
27.521406888961792,0.08314047748884024,5.818099010066424,0.2617993877991417,0.33161255787891275,-1.8732454645444077,180,180,200,190,190,180,180
27.531620502471924,0.08314047748884024,5.818099010066424,0.2617993877991417,0.33161255787891275,-1.8732454645444077,180,180,200,190,190,180,180
27.541845083236694,0.08573589761350985,5.809934144889228,0.2617993877991417,0.33161255787891275,-1.884212425436625,180,180,200,190,190,180,180
27.55212950706482,0.08573589761350985,5.809934144889228,0.2617993877991417,0.33161255787891275,-1.884212425436625,180,180,200,190,190,180,180
27.562406539916992,0.08573589761350985,5.809934144889228,0.2617993877991417,0.34906585039885557,-1.884212425436625,180,180,200,190,190,180,180
27.57264494895935,0.08850364962319049,5.8015481915041125,0.2617993877991417,0.34906585039885557,-1.8954894234101507,180,180,200,200,190,190,180
27.587817192077637,0.08850364962319049,5.8015481915041125,0.2617993877991417,0.34906585039885557,-1.8954894234101507,180,180,200,200,190,190,180
27.598017692565918,0.08850364962319049,5.8015481915041125,0.2617993877991417,0.34906585039885557,-1.8954894234101507,180,180,200,200,190,190,180
27.60824728012085,0.0912763473257677,5.793453350749765,0.2617993877991417,0.34906585039885557,-1.9068342560125033,180,180,200,190,190,190,180
27.618499279022217,0.0912763473257677,5.793453350749765,0.2617993877991417,0.34906585039885557,-1.9068342560125033,180,180,200,190,190,190,180
27.638824462890625,0.0912763473257677,5.793453350749765,0.2617993877991417,0.34906585039885557,-1.9068342560125033,180,180,200,190,190,190,180
27.649219751358032,0.09413623418459303,5.7854116919028336,0.2617993877991417,0.34906585039885557,-1.9179885237332142,180,180,200,190,190,190,180
27.660043954849243,0.09413623418459303,5.7854116919028336,0.2617993877991417,0.34906585039885557,-1.9179885237332142,180,180,200,190,190,190,180
27.670332670211792,0.09717977131848632,5.777150686284823,0.2617993877991417,0.34906585039885557,-1.9295476506640585,180,190,190,190,190,190,180
27.68855619430542,0.09717977131848632,5.777150686284823,0.2617993877991417,0.34906585039885557,-1.9295476506640585,180,190,190,190,190,190,180
27.69884419441223,0.09717977131848632,5.777150686284823,0.2617993877991417,0.34906585039885557,-1.9295476506640585,180,190,190,190,190,190,180
27.70907998085022,0.10022152222586675,5.7691700965714,0.2617993877991417,0.34906585039885557,-1.940816491263365,180,180,190,200,190,190,180
27.719353675842285,0.10022152222586675,5.7691700965714,0.2617993877991417,0.34906585039885557,-1.940816491263365,180,180,190,200,190,190,180
27.729590892791748,0.10022152222586675,5.7691700965714,0.2617993877991417,0.34906585039885557,-1.940816491263365,180,180,190,200,190,190,180
27.742088556289673,0.10335202528176948,5.761230535126463,0.2617993877991417,0.34906585039885557,-1.9522036994973562,180,180,190,200,190,190,180
27.75230312347412,0.10335202528176948,5.761230535126463,0.2617993877991417,0.34906585039885557,-1.9522036994973562,180,180,190,200,190,190,180
27.762604475021362,0.10335202528176948,5.761230535126463,0.2617993877991417,0.34906585039885557,-1.9522036994973562,180,180,190,200,190,190,180
27.772884130477905,0.10666050318153304,5.753126674511684,0.2617993877991417,0.34906585039885557,-1.9643157349772165,180,180,190,200,190,190,190
27.79020857810974,0.10666050318153304,5.753126674511684,0.2617993877991417,0.34906585039885557,-1.9643157349772165,180,180,190,200,190,190,190
27.8004789352417,0.1099691417151967,5.745289072460514,0.2617993877991417,0.34906585039885557,-1.9760717751062653,180,180,190,200,190,190,190
27.810724020004272,0.1099691417151967,5.745289072460514,0.2617993877991417,0.34906585039885557,-1.9760717751062653,190,180,180,190,200,190,190
27.82172131538391,0.1099691417151967,5.745289072460514,0.2617993877991417,0.34906585039885557,-1.9760717751062653,190,180,180,190,200,190,190
27.837463855743408,0.1099691417151967,5.745289072460514,0.2617993877991417,0.34906585039885557,-1.9760717751062653,190,180,180,190,200,190,190
27.847681999206543,0.1099691417151967,5.745289072460514,0.2617993877991417,0.34906585039885557,-1.9760717751062653,190,180,180,190,200,190,190
27.857903957366943,0.11337687645142473,5.73747248671236,0.2617993877991417,0.34906585039885557,-1.9877958401218259,190,180,180,190,200,190,190
27.868114471435547,0.11698555736402348,5.7294545326103705,0.2617993877991417,0.34906585039885557,-1.9998965295569735,180,190,180,190,200,190,190
27.878365755081177,0.11698555736402348,5.7294545326103705,0.2617993877991417,0.34906585039885557,-1.9998965295569735,180,190,180,190,200,190,190
27.890738487243652,0.11698555736402348,5.7294545326103705,0.2617993877991417,0.34906585039885557,-1.9998965295569735,180,190,180,190,200,190,190
27.900951862335205,0.1205812549440549,5.721711177816772,0.2617993877991417,0.34906585039885557,-2.011581745689958,180,190,180,190,200,190,190
27.911152839660645,0.1205812549440549,5.721711177816772,0.2617993877991417,0.34906585039885557,-2.011581745689958,180,180,180,190,200,190,190
27.921375036239624,0.1205812549440549,5.721711177816772,0.2617993877991417,0.34906585039885557,-2.011581745689958,180,180,180,190,200,190,190
27.931655168533325,0.1205812549440549,5.721711177816772,0.2617993877991417,0.34906585039885557,-2.011581745689958,180,180,180,190,200,190,190
27.941929578781128,0.12426532748937996,5.714016770724765,0.2617993877991417,0.34906585039885557,-2.0231559826897487,180,180,180,190,200,190,190
27.95214033126831,0.12426532748937996,5.714016770724765,0.2617993877991417,0.34906585039885557,-2.0231559826897487,180,180,180,190,200,190,190
27.962337255477905,0.12426532748937996,5.714016770724765,0.2617993877991417,0.34906585039885557,-2.0231559826897487,200,190,180,190,200,190,190
27.972574710845947,0.1281423757887323,5.706156649095495,0.2617993877991417,0.34906585039885557,-2.0348041049519563,200,190,180,190,200,190,190
27.987086057662964,0.1281423757887323,5.706156649095495,0.2617993877991417,0.34906585039885557,-2.0348041049519563,200,190,180,190,200,190,190
27.99728298187256,0.1281423757887323,5.706156649095495,0.2617993877991417,0.34906585039885557,-2.0348041049519563,200,190,180,190,200,190,190
28.007495641708374,0.1320010339174457,5.698556678313885,0.2617993877991417,0.34906585039885557,-2.0461449820214024,200,190,180,190,200,190,190
28.017739057540894,0.1320010339174457,5.698556678313885,0.2617993877991417,0.34906585039885557,-2.0461449820214024,190,190,180,180,190,190,190
28.02803063392639,0.1320010339174457,5.698556678313885,0.2617993877991417,0.34906585039885557,-2.0461449820214024,190,190,180,180,190,190,190
28.038673400878906,0.1359477285245873,5.690993292528226,0.2617993877991417,0.34906585039885557,-2.0574638869598463,190,190,180,180,190,190,190
28.04887366294861,0.1359477285245873,5.690993292528226,0.2617993877991417,0.34906585039885557,-2.0574638869598463,190,190,180,180,190,190,190
28.059059858322144,0.1359477285245873,5.690993292528226,0.2617993877991417,0.34906585039885557,-2.0574638869598463,190,180,180,180,190,200,200
28.069300889968872,0.14010913570586048,5.683236958004159,0.2617993877991417,0.34906585039885557,-2.0691496825806834,190,180,180,180,190,200,200
28.087278366088867,0.14010913570586048,5.683236958004159,0.2617993877991417,0.34906585039885557,-2.0691496825806834,190,180,180,180,190,200,200
28.097533702850342,0.14010913570586048,5.683236958004159,0.2617993877991417,0.34906585039885557,-2.0691496825806834,190,180,180,180,190,200,200
28.10781502723694,0.14424008859641144,5.67574523503562,0.2617993877991417,0.34906585039885557,-2.0805130545003196,190,180,180,180,190,200,200
28.11803674697876,0.14424008859641144,5.67574523503562,0.2617993877991417,0.34906585039885557,-2.0805130545003196,190,180,190,190,200,200,190
28.128249406814575,0.14424008859641144,5.67574523503562,0.2617993877991417,0.33161255787891275,-2.0805130545003196,190,180,190,190,200,200,190
28.140212059020996,0.1484608737426748,5.6682916145565265,0.2617993877991417,0.33161255787891275,-2.0919014516033885,190,180,190,190,200,200,190
28.150498867034912,0.1484608737426748,5.6682916145565265,0.2617993877991417,0.33161255787891275,-2.0919014516033885,190,180,190,190,200,200,190
28.16069221496582,0.1484608737426748,5.6682916145565265,0.2617993877991417,0.33161255787891275,-2.0919014516033885,210,180,180,180,190,200,190
28.17088770866394,0.15290167979352962,5.660651691182917,0.2617993877991417,0.33161255787891275,-2.1031165994497654,210,180,180,180,190,200,190
28.189568519592285,0.15290167979352962,5.660651691182917,0.2617993877991417,0.33161255787891275,-2.1031165994497654,210,180,180,180,190,200,190
28.199859142303467,0.15729159293454323,5.653284529876394,0.2617993877991417,0.31415926535897,-2.1140680355735046,210,180,180,180,190,200,190
28.210073709487915,0.15729159293454323,5.653284529876394,0.2617993877991417,0.31415926535897,-2.1140680355735046,210,180,180,180,190,200,190
28.22033452987671,0.15729159293454323,5.653284529876394,0.2617993877991417,0.31415926535897,-2.1140680355735046,190,200,180,180,190,200,190
28.230574131011963,0.15729159293454323,5.653284529876394,0.2617993877991417,0.31415926535897,-2.1140680355735046,190,200,180,180,190,200,190
28.241677045822144,0.1617455851336549,5.645983475800586,0.2617993877991417,0.31415926535897,-2.1246639085216104,190,200,180,180,190,200,190
28.25187063217163,0.1617455851336549,5.645983475800586,0.2617993877991417,0.2967059728390272,-2.1246639085216104,190,200,180,180,190,200,190
28.26207995414734,0.1617455851336549,5.645983475800586,0.2617993877991417,0.2967059728390272,-2.1246639085216104,190,190,180,180,180,200,210
28.272274255752563,0.16640062057669905,5.638536214775879,0.2617993877991417,0.2967059728390272,-2.13589811313525,190,190,180,180,180,200,210
28.28836464881897,0.16640062057669905,5.638536214775879,0.2617993877991417,0.27925268031908446,-2.13589811313525,190,190,180,180,180,200,210
28.298595190048218,0.17100495715167077,5.631368423534363,0.2617993877991417,0.27925268031908446,-2.1459311355721935,190,190,180,180,180,200,210
28.308814525604248,0.17100495715167077,5.631368423534363,0.2617993877991417,0.27925268031908446,-2.1459311355721935,190,190,180,180,180,200,210
28.319060564041138,0.17100495715167077,5.631368423534363,0.2617993877991417,0.2617993877991417,-2.1459311355721935,190,190,180,180,180,200,210
28.329304456710815,0.17100495715167077,5.631368423534363,0.2617993877991417,0.24434609527919887,-2.1459311355721935,200,210,180,180,190,190,210
28.3450026512146,0.1756709589287552,5.62424202830548,0.2617993877991417,0.2268928027592561,-2.155164421025378,200,210,180,180,190,190,210
28.355191946029663,0.1756709589287552,5.62424202830548,0.2617993877991417,0.2268928027592561,-2.155164421025378,200,210,180,180,190,190,210
28.365394115447998,0.1756709589287552,5.62424202830548,0.2617993877991417,0.20943951023931331,-2.155164421025378,190,210,180,180,190,200,200
28.38729166984558,0.1805523652071253,5.61692902645278,0.2617993877991417,0.20943951023931331,-2.163528661213358,190,210,180,180,190,200,200
28.397589683532715,0.1805523652071253,5.61692902645278,0.2617993877991417,0.19198621771937055,-2.163528661213358,190,210,180,180,190,200,200
28.407824993133545,0.18535737416610137,5.609849311736808,0.2617993877991417,0.17453292519942779,-2.170493983835318,190,210,180,180,190,200,200
28.418065547943115,0.18535737416610137,5.609849311736808,0.2617993877991417,0.17453292519942779,-2.170493983835318,190,210,180,180,180,190,200
28.428266048431396,0.18535737416610137,5.609849311736808,0.2617993877991417,0.157079632679485,-2.170493983835318,190,210,180,180,180,190,200
28.440300703048706,0.18535737416610137,5.609849311736808,0.2617993877991417,0.13962634015954223,-2.170493983835318,190,210,180,180,180,190,200
28.45063090324402,0.19022042062885053,5.602785420168338,0.2617993877991417,0.13962634015954223,-2.176847720793324,190,210,180,180,180,190,200
28.460861682891846,0.19022042062885053,5.602785420168338,0.2617993877991417,0.13962634015954223,-2.176847720793324,190,210,180,180,190,190,200
28.471126317977905,0.1952868760526834,5.595518091795181,0.2617993877991417,0.13962634015954223,-2.18224365151598,190,210,180,180,190,190,200
28.486685276031494,0.1952868760526834,5.595518091795181,0.2617993877991417,0.10471975511965666,-2.18224365151598,190,210,180,180,190,190,200
28.496891975402832,0.1952868760526834,5.595518091795181,0.2617993877991417,0.10471975511965666,-2.18224365151598,190,210,180,180,190,190,200
28.50709819793701,0.2002499566385434,5.58847377055305,0.2617993877991417,0.10471975511965666,-2.1868732953853716,190,210,180,180,190,190,200
28.517323970794678,0.2002499566385434,5.58847377055305,0.2617993877991417,0.10471975511965666,-2.1868732953853716,190,190,190,180,190,190,200
28.53742790222168,0.2002499566385434,5.58847377055305,0.2617993877991417,0.08726646259971389,-2.1868732953853716,190,190,190,180,190,190,200
28.547624588012695,0.2052540267478593,5.581431681114627,0.2617993877991417,0.06981317007977111,-2.1903829737239735,190,190,190,180,190,190,200
28.557803630828857,0.2052540267478593,5.581431681114627,0.2617993877991417,0.06981317007977111,-2.1903829737239735,190,190,190,180,190,190,210
28.567981719970703,0.21043974685754696,5.574176656724189,0.2617993877991417,0.05235987755982833,-2.1933691431081983,190,190,190,180,190,190,210
28.578195810317993,0.21043974685754696,5.574176656724189,0.2617993877991417,0.05235987755982833,-2.1933691431081983,190,190,190,180,190,190,210
28.59113836288452,0.21043974685754696,5.574176656724189,0.2617993877991417,0.05235987755982833,-2.1933691431081983,190,190,190,180,190,190,210
28.601389169692993,0.21549517855937692,5.5671408490426995,0.2617993877991417,0.0,-2.1951213937913923,190,190,190,180,190,190,210
28.61157536506653,0.21549517855937692,5.5671408490426995,0.2617993877991417,0.0,-2.1951213937913923,210,190,190,180,180,190,190
28.621742963790894,0.21549517855937692,5.5671408490426995,0.2617993877991417,0.0,-2.1951213937913923,210,190,190,180,180,190,190
28.640050888061523,0.22059053736500636,5.560077317600608,0.2617993877991417,0.0,-2.1956097916486548,210,190,190,180,180,190,190
28.65023422241211,0.22059053736500636,5.560077317600608,0.2617993877991417,0.0,-2.1956097916486548,210,190,190,180,180,190,190
28.660487413406372,0.22059053736500636,5.560077317600608,0.2617993877991417,0.0,-2.1956097916486548,210,190,190,180,180,190,190
28.671504735946655,0.22579993731377573,5.552852333986705,0.2617993877991417,0.0,-2.195626341624429,220,190,190,180,180,190,190
28.688623666763306,0.22579993731377573,5.552852333986705,0.2617993877991417,0.0,-2.195626341624429,220,190,190,180,180,190,190
28.69885015487671,0.22579993731377573,5.552852333986705,0.2617993877991417,0.0,-2.195626341624429,220,190,190,180,180,190,190
28.709187984466553,0.23082627502730801,5.545887533117224,0.2617993877991417,0.0,-2.195739793341156,210,210,190,180,180,190,190
28.71942138671875,0.23082627502730801,5.545887533117224,0.2617993877991417,0.0,-2.195739793341156,210,210,190,180,180,190,190
28.736833572387695,0.2358646638958698,5.538906731395389,0.2617993877991417,0.0,-2.195760390753086,210,210,190,180,180,190,190
28.747087717056274,0.2358646638958698,5.538906731395389,0.2617993877991417,0.0,-2.195760390753086,210,210,190,180,180,190,190
28.757303476333618,0.2358646638958698,5.538906731395389,0.2617993877991417,0.0,-2.195760390753086,210,210,190,180,180,190,190
28.76753306388855,0.24105645973721646,5.531712056172152,0.2617993877991417,0.0,-2.1958258662602264,210,210,190,180,180,190,200
28.787357330322266,0.24105645973721646,5.531712056172152,0.2617993877991417,0.0,-2.1958258662602264,210,210,190,180,180,190,200
28.79764747619629,0.24105645973721646,5.531712056172152,0.2617993877991417,0.0,-2.1958258662602264,210,210,190,180,180,190,200
28.807860136032104,0.24610216465790657,5.5247211847990485,0.2617993877991417,0.0,-2.1958812870595894,210,210,190,180,180,180,200
28.81807518005371,0.24610216465790657,5.5247211847990485,0.2617993877991417,0.0,-2.1958812870595894,210,210,190,180,180,180,200
28.83794403076172,0.24610216465790657,5.5247211847990485,0.2617993877991417,0.0,-2.1958812870595894,210,210,190,180,180,180,200
28.84849977493286,0.25115469539371305,5.517721386594314,0.2617993877991417,0.0,-2.1959227075374987,210,210,190,180,180,180,200
28.858691930770874,0.25115469539371305,5.517721386594314,0.2617993877991417,0.0,-2.1959227075374987,210,210,180,180,180,190,200
28.868978261947632,0.2563665652337244,5.510501226867348,0.2617993877991417,0.0,-2.195962835837886,210,210,180,180,180,190,200
28.87924289703369,0.2563665652337244,5.510501226867348,0.2617993877991417,0.0,-2.195962835837886,210,210,180,180,180,190,200
28.889440059661865,0.2563665652337244,5.510501226867348,0.2617993877991417,0.0,-2.195962835837886,210,210,180,180,180,190,200
28.89971399307251,0.2614312458156964,5.503485255026991,0.2617993877991417,0.0,-2.195998501645523,210,210,180,180,180,190,200
28.909927368164062,0.2614312458156964,5.503485255026991,0.2617993877991417,0.0,-2.195998501645523,210,210,180,180,180,190,200
28.920223712921143,0.2614312458156964,5.503485255026991,0.2617993877991417,0.0,-2.195998501645523,210,210,190,180,180,190,200
28.938857316970825,0.2614312458156964,5.503485255026991,0.2617993877991417,-0.05235987755982833,-2.195998501645523,210,210,190,180,180,190,200
28.949265241622925,0.26650177533992603,5.496461212070264,0.2617993877991417,-0.06981317007977111,-2.196029890555317,210,210,190,180,180,190,200
28.95947790145874,0.26650177533992603,5.496461212070264,0.2617993877991417,-0.06981317007977111,-2.196029890555317,210,190,180,180,180,190,190
28.96965527534485,0.2717350110863134,5.48920065488342,0.2617993877991417,-0.06981317007977111,-2.1944124192184593,210,190,180,180,180,190,190
28.979898691177368,0.2717350110863134,5.48920065488342,0.2617993877991417,-0.06981317007977111,-2.1944124192184593,210,190,180,180,180,190,190
28.992262840270996,0.2717350110863134,5.48920065488342,0.2617993877991417,-0.08726646259971389,-2.1944124192184593,210,190,180,180,180,190,190
29.00253462791443,0.2767996024139706,5.482141371550478,0.2617993877991417,-0.08726646259971389,-2.1920811563078044,210,190,180,180,180,190,190
29.012755632400513,0.2767996024139706,5.482141371550478,0.2617993877991417,-0.08726646259971389,-2.1920811563078044,210,190,180,180,180,190,190
29.022958755493164,0.2767996024139706,5.482141371550478,0.2617993877991417,-0.08726646259971389,-2.1920811563078044,210,210,180,180,180,190,200
29.040375471115112,0.2767996024139706,5.482141371550478,0.2617993877991417,-0.08726646259971389,-2.1920811563078044,210,210,180,180,180,190,200
29.05058979988098,0.281852442161818,5.475065717863835,0.2617993877991417,-0.08726646259971389,-2.189224224714707,210,210,180,180,180,190,200
29.060831308364868,0.281852442161818,5.475065717863835,0.2617993877991417,-0.08726646259971389,-2.189224224714707,210,210,180,180,180,190,200
29.071053981781006,0.2870032044614209,5.467804638180315,0.2617993877991417,-0.08726646259971389,-2.186251158384142,210,210,190,180,190,190,190
29.085421085357666,0.2870032044614209,5.467804638180315,0.2617993877991417,-0.08726646259971389,-2.186251158384142,210,210,190,180,190,190,190
29.09567952156067,0.2870032044614209,5.467804638180315,0.2617993877991417,-0.08726646259971389,-2.186251158384142,210,210,190,180,190,190,190
29.1059091091156,0.29196381600368027,5.460767229285979,0.2617993877991417,-0.08726646259971389,-2.183430581022388,210,210,190,180,190,190,190
29.116101264953613,0.29196381600368027,5.460767229285979,0.2617993877991417,-0.08726646259971389,-2.183430581022388,210,210,190,180,190,190,190
29.126304626464844,0.29196381600368027,5.460767229285979,0.2617993877991417,-0.08726646259971389,-2.183430581022388,210,210,190,180,180,180,200
29.14240312576294,0.29196381600368027,5.460767229285979,0.2617993877991417,-0.08726646259971389,-2.183430581022388,210,210,190,180,180,180,200
29.152754545211792,0.29690920659940667,5.45370793329999,0.2617993877991417,-0.08726646259971389,-2.1806118193204327,210,210,190,180,180,180,200
29.162984132766724,0.29690920659940667,5.45370793329999,0.2617993877991417,-0.08726646259971389,-2.1806118193204327,210,190,190,180,190,190,200
29.17357563972473,0.30199008306724023,5.446413206559834,0.2617993877991417,-0.08726646259971389,-2.1777198798015904,210,190,190,180,190,190,200
29.190616846084595,0.30199008306724023,5.446413206559834,0.2617993877991417,-0.08726646259971389,-2.1777198798015904,210,190,190,180,190,190,200
29.20086979866028,0.3069102900694707,5.439308517771434,0.2617993877991417,-0.08726646259971389,-2.174887703253732,210,190,190,180,190,190,200
29.211079597473145,0.3069102900694707,5.439308517771434,0.2617993877991417,-0.08726646259971389,-2.174887703253732,210,190,190,180,190,190,190
29.221843242645264,0.3069102900694707,5.439308517771434,0.2617993877991417,-0.08726646259971389,-2.174887703253732,210,190,190,180,190,190,190
29.23761510848999,0.3118163823189936,5.432180925602525,0.2617993877991417,-0.08726646259971389,-2.1720567734758522,210,190,190,180,190,190,190
29.247828483581543,0.3118163823189936,5.432180925602525,0.2617993877991417,-0.08726646259971389,-2.1720567734758522,210,190,190,180,190,190,190
29.258061170578003,0.3118163823189936,5.432180925602525,0.2617993877991417,-0.08726646259971389,-2.1720567734758522,210,190,190,180,190,190,190
29.26826500892639,0.31685704564893863,5.42481214705138,0.2617993877991417,-0.08726646259971389,-2.169131720008357,210,190,180,180,180,190,190
29.28700041770935,0.31685704564893863,5.42481214705138,0.2617993877991417,-0.08726646259971389,-2.169131720008357,210,190,180,180,180,190,190
29.297484874725342,0.31685704564893863,5.42481214705138,0.2617993877991417,-0.08726646259971389,-2.169131720008357,210,190,180,180,180,190,190
29.30809497833252,0.32173564950523803,5.41763540754107,0.2617993877991417,-0.08726646259971389,-2.1662828123698428,210,190,180,180,180,190,190
29.318477630615234,0.32173564950523803,5.41763540754107,0.2617993877991417,-0.08726646259971389,-2.1662828123698428,210,190,180,190,180,190,190
29.328981399536133,0.32173564950523803,5.41763540754107,0.2617993877991417,-0.08726646259971389,-2.1662828123698428,210,190,180,190,180,190,190
29.34441041946411,0.32173564950523803,5.41763540754107,0.2617993877991417,-0.08726646259971389,-2.1662828123698428,210,190,180,190,180,190,190
29.35490107536316,0.32659994128327857,5.4104348447809585,0.2617993877991417,-0.08726646259971389,-2.1634240523072368,210,190,180,190,180,190,190
29.365131378173828,0.32659994128327857,5.4104348447809585,0.2617993877991417,-0.08726646259971389,-2.1634240523072368,210,190,180,190,180,190,190
29.37534475326538,0.3315945201284712,5.402993753813887,0.2617993877991417,-0.08726646259971389,-2.160470944944399,210,190,180,190,180,190,190
29.389246463775635,0.3315945201284712,5.402993753813887,0.2617993877991417,-0.08726646259971389,-2.160470944944399,210,190,180,190,180,190,190
29.399466514587402,0.33641808322262645,5.395759893590695,0.2617993877991417,-0.08726646259971389,-2.157606245144067,210,190,180,190,180,190,190
29.40964913368225,0.33641808322262645,5.395759893590695,0.2617993877991417,-0.08726646259971389,-2.157606245144067,210,190,180,190,180,190,190
29.4198739528656,0.33641808322262645,5.395759893590695,0.2617993877991417,-0.08726646259971389,-2.157606245144067,210,210,180,190,180,190,190
29.440829038619995,0.34120630129390095,5.388524938376898,0.2617993877991417,-0.08726646259971389,-2.1547843107999998,210,210,180,190,180,190,190
29.451064109802246,0.34120630129390095,5.388524938376898,0.2617993877991417,-0.08726646259971389,-2.1547843107999998,210,210,180,190,180,190,190
29.461292266845703,0.34120630129390095,5.388524938376898,0.2617993877991417,-0.08726646259971389,-2.1547843107999998,210,210,190,190,180,190,200
29.471489191055298,0.34609941158455554,5.381105172621572,0.2617993877991417,-0.08726646259971389,-2.1520401936727716,210,210,190,190,180,190,200
29.485698461532593,0.34609941158455554,5.381105172621572,0.2617993877991417,-0.08726646259971389,-2.1520401936727716,210,210,190,190,180,190,200
29.495960235595703,0.34609941158455554,5.381105172621572,0.2617993877991417,-0.08726646259971389,-2.1520401936727716,210,210,190,190,180,190,200
29.50615644454956,0.35082059668835247,5.373895982182944,0.2617993877991417,-0.08726646259971389,-2.14914782806646,210,210,190,190,180,190,200
29.51636290550232,0.35082059668835247,5.373895982182944,0.2617993877991417,-0.08726646259971389,-2.14914782806646,210,210,180,190,180,200,200
29.53767704963684,0.35082059668835247,5.373895982182944,0.2617993877991417,-0.08726646259971389,-2.14914782806646,210,210,180,190,180,200,200
29.54806685447693,0.355518386287498,5.3666725673688696,0.2617993877991417,-0.08726646259971389,-2.146286544479276,210,210,180,190,180,200,200
29.5582857131958,0.355518386287498,5.3666725673688696,0.2617993877991417,-0.08726646259971389,-2.146286544479276,210,210,180,190,180,200,200
29.568758964538574,0.3603488840284566,5.3592046186077615,0.2617993877991417,-0.08726646259971389,-2.143337061784596,210,210,180,190,180,200,200
29.579159021377563,0.3603488840284566,5.3592046186077615,0.2617993877991417,-0.08726646259971389,-2.143337061784596,210,210,180,190,180,200,200
29.589413166046143,0.3603488840284566,5.3592046186077615,0.2617993877991417,-0.08726646259971389,-2.143337061784596,210,210,180,190,180,200,200
29.599592447280884,0.3650224657297187,5.351933756945236,0.2617993877991417,-0.08726646259971389,-2.140464722315131,210,210,180,190,180,200,200
29.609816312789917,0.3650224657297187,5.351933756945236,0.2617993877991417,-0.08726646259971389,-2.140464722315131,210,210,190,190,180,190,200
29.62003993988037,0.3650224657297187,5.351933756945236,0.2617993877991417,-0.08726646259971389,-2.140464722315131,210,210,190,190,180,190,200
29.638707160949707,0.3650224657297187,5.351933756945236,0.2617993877991417,-0.08726646259971389,-2.140464722315131,210,210,190,190,180,190,200
29.64907169342041,0.3696812485901744,5.344639584522256,0.2617993877991417,-0.08726646259971389,-2.137585045159901,210,210,190,190,180,190,200
29.659254789352417,0.3696812485901744,5.344639584522256,0.2617993877991417,-0.08726646259971389,-2.137585045159901,210,210,190,190,180,190,200
29.66947031021118,0.3744659801223205,5.337099321096378,0.2617993877991417,-0.08726646259971389,-2.134609592464862,190,190,190,190,180,190,200
29.679728031158447,0.3744659801223205,5.337099321096378,0.2617993877991417,-0.08726646259971389,-2.134609592464862,190,190,190,190,180,190,200
29.69244694709778,0.3744659801223205,5.337099321096378,0.2617993877991417,-0.08726646259971389,-2.134609592464862,190,190,190,190,180,190,200
29.702640056610107,0.3790948344934893,5.32975658055507,0.2617993877991417,-0.08726646259971389,-2.1317162603230217,190,190,190,190,180,190,200
29.712831497192383,0.3790948344934893,5.32975658055507,0.2617993877991417,-0.08726646259971389,-2.1317162603230217,210,190,180,180,180,190,190
29.723042964935303,0.3790948344934893,5.32975658055507,0.2617993877991417,-0.08726646259971389,-2.1317162603230217,210,190,180,180,180,190,190
29.73817014694214,0.3790948344934893,5.32975658055507,0.2617993877991417,-0.08726646259971389,-2.1317162603230217,210,190,180,180,180,190,190
29.74837851524353,0.38370776037267,5.322391024333486,0.2617993877991417,-0.08726646259971389,-2.1288248691819813,210,190,180,180,180,190,190
29.75857710838318,0.38370776037267,5.322391024333486,0.2617993877991417,-0.08726646259971389,-2.1288248691819813,210,190,180,180,180,190,190
29.768784999847412,0.3884402948416413,5.314784014470609,0.2617993877991417,-0.08726646259971389,-2.125867458248472,200,190,190,190,180,190,200
29.779142379760742,0.3884402948416413,5.314784014470609,0.2617993877991417,-0.08726646259971389,-2.125867458248472,200,190,190,190,180,190,200
29.78978705406189,0.3884402948416413,5.314784014470609,0.2617993877991417,-0.08726646259971389,-2.125867458248472,200,190,190,190,180,190,200
29.79999041557312,0.39300728035757543,5.307392370075851,0.2617993877991417,-0.08726646259971389,-2.123075523172438,200,190,190,190,180,190,200
29.81025004386902,0.39300728035757543,5.307392370075851,0.2617993877991417,-0.08726646259971389,-2.123075523172438,210,190,190,190,180,190,190
29.820637464523315,0.39300728035757543,5.307392370075851,0.2617993877991417,-0.08726646259971389,-2.123075523172438,210,190,190,190,180,190,190
29.830921411514282,0.39300728035757543,5.307392370075851,0.2617993877991417,-0.08726646259971389,-2.123075523172438,210,190,190,190,180,190,190
29.841161727905273,0.3975379121788641,5.300018882082304,0.2617993877991417,-0.08726646259971389,-2.120453664994021,210,190,190,190,180,190,190
29.851398468017578,0.3975379121788641,5.300018882082304,0.2617993877991417,-0.08726646259971389,-2.120453664994021,210,190,190,190,180,190,190
29.86163854598999,0.3975379121788641,5.300018882082304,0.2617993877991417,-0.08726646259971389,-2.120453664994021,210,190,190,180,180,190,200
29.87255573272705,0.4021786270522656,5.2924306298932,0.2617993877991417,-0.08726646259971389,-2.117646643110518,210,190,190,180,180,190,200
29.889030694961548,0.4021786270522656,5.2924306298932,0.2617993877991417,-0.08726646259971389,-2.117646643110518,210,190,190,180,180,190,200
29.899309635162354,0.4066438191946242,5.285068080826749,0.2617993877991417,-0.10471975511965666,-2.1147510926730404,210,190,190,180,180,190,200
29.909529447555542,0.4066438191946242,5.285068080826749,0.2617993877991417,-0.10471975511965666,-2.1147510926730404,210,190,190,180,180,190,200
29.919777870178223,0.4066438191946242,5.285068080826749,0.2617993877991417,-0.12217304763959944,-2.1147510926730404,210,190,190,180,180,190,210
29.93011784553528,0.4066438191946242,5.285068080826749,0.2617993877991417,-0.12217304763959944,-2.1147510926730404,210,190,190,180,180,190,210
29.940369844436646,0.4110972794322499,5.2776773567229744,0.2617993877991417,-0.13962634015954223,-2.1112945366512417,210,190,190,180,180,190,210
29.950573921203613,0.4110972794322499,5.2776773567229744,0.2617993877991417,-0.17453292519942779,-2.1112945366512417,210,190,190,180,180,190,210
29.960768222808838,0.4110972794322499,5.2776773567229744,0.2617993877991417,-0.17453292519942779,-2.1112945366512417,210,190,190,180,180,190,210
29.97100806236267,0.4156648937741388,5.270028978055839,0.2617993877991417,-0.19198621771937055,-2.1065801637880104,210,190,190,190,180,190,200
29.98780369758606,0.4156648937741388,5.270028978055839,0.2617993877991417,-0.20943951023931331,-2.1065801637880104,210,190,190,190,180,190,200
29.99801540374756,0.4156648937741388,5.270028978055839,0.2617993877991417,-0.2268928027592561,-2.1065801637880104,210,190,190,190,180,190,200
30.0082426071167,0.42007110278783877,5.262559394436206,0.2617993877991417,-0.2268928027592561,-2.10033308700997,210,190,190,190,180,190,200
30.01845383644104,0.42007110278783877,5.262559394436206,0.2617993877991417,-0.24434609527919887,-2.10033308700997,210,190,190,190,180,190,200
30.02869987487793,0.42007110278783877,5.262559394436206,0.2617993877991417,-0.24434609527919887,-2.10033308700997,210,200,190,190,180,190,200
30.042720317840576,0.4244375953751929,5.2550392685928635,0.2617993877991417,-0.2617993877991417,-2.0928617785972685,210,200,190,190,180,190,200
30.052929162979126,0.4244375953751929,5.2550392685928635,0.2617993877991417,-0.2617993877991417,-2.0928617785972685,210,200,190,190,180,190,200
30.063138246536255,0.4244375953751929,5.2550392685928635,0.2617993877991417,-0.2617993877991417,-2.0928617785972685,210,190,180,180,180,190,200
30.074005365371704,0.42888447846358124,5.247238649490749,0.2617993877991417,-0.2617993877991417,-2.0845240994567344,210,190,180,180,180,190,200
30.090876579284668,0.42888447846358124,5.247238649490749,0.2617993877991417,-0.2617993877991417,-2.0845240994567344,210,190,180,180,180,190,200
30.10109233856201,0.4331434990161158,5.2396169421280225,0.2617993877991417,-0.2617993877991417,-2.0758526270923032,210,190,180,180,180,190,200
30.111292600631714,0.4331434990161158,5.2396169421280225,0.2617993877991417,-0.2617993877991417,-2.0758526270923032,210,190,180,180,180,190,200
30.121509075164795,0.4331434990161158,5.2396169421280225,0.2617993877991417,-0.2617993877991417,-2.0758526270923032,190,180,190,180,190,200,210
30.131739377975464,0.4331434990161158,5.2396169421280225,0.2617993877991417,-0.2617993877991417,-2.0758526270923032,190,180,190,180,190,200,210
30.141968727111816,0.43733854909488346,5.231953445373316,0.2617993877991417,-0.2617993877991417,-2.067190737097083,190,180,190,180,190,200,210
30.152194499969482,0.43733854909488346,5.231953445373316,0.2617993877991417,-0.2617993877991417,-2.067190737097083,190,180,190,180,190,200,210
30.162452697753906,0.43733854909488346,5.231953445373316,0.2617993877991417,-0.2617993877991417,-2.067190737097083,200,180,180,180,190,190,200
30.17291259765625,0.44158821300827594,5.22402885120032,0.2617993877991417,-0.2617993877991417,-2.058395025203868,200,180,180,180,190,190,200
30.19002413749695,0.44158821300827594,5.22402885120032,0.2617993877991417,-0.2617993877991417,-2.058395025203868,200,180,180,180,190,190,200
30.200241327285767,0.44562707165696064,5.21634267060392,0.2617993877991417,-0.2617993877991417,-2.0501778707238345,200,180,180,180,190,190,200
30.210439205169678,0.44562707165696064,5.21634267060392,0.2617993877991417,-0.2617993877991417,-2.0501778707238345,190,180,190,180,190,190,200
30.22064995765686,0.44562707165696064,5.21634267060392,0.2617993877991417,-0.2617993877991417,-2.0501778707238345,190,180,190,180,190,190,200
30.231022834777832,0.44562707165696064,5.21634267060392,0.2617993877991417,-0.2617993877991417,-2.0501778707238345,190,180,190,180,190,190,200
30.241281509399414,0.44960654586895166,5.20860956495021,0.2617993877991417,-0.2617993877991417,-2.041889304802055,190,180,190,180,190,190,200
30.25153613090515,0.44960654586895166,5.20860956495021,0.2617993877991417,-0.2617993877991417,-2.041889304802055,190,180,190,180,190,190,200
30.261760711669922,0.44960654586895166,5.20860956495021,0.2617993877991417,-0.2617993877991417,-2.041889304802055,190,180,190,180,190,190,200
30.271956205368042,0.4536440489489493,5.2005995113691394,0.2617993877991417,-0.2617993877991417,-2.033253385179412,190,190,180,180,190,190,200
30.282256841659546,0.4536440489489493,5.2005995113691394,0.2617993877991417,-0.2617993877991417,-2.033253385179412,190,190,180,180,190,190,200
30.292510509490967,0.4536440489489493,5.2005995113691394,0.2617993877991417,-0.2617993877991417,-2.033253385179412,190,190,180,180,190,190,200
30.3027241230011,0.45749638797876424,5.192799077484186,0.2617993877991417,-0.2617993877991417,-2.024740783485846,190,190,180,180,190,190,200
30.312918186187744,0.45749638797876424,5.192799077484186,0.2617993877991417,-0.2617993877991417,-2.024740783485846,190,190,180,180,190,190,200
30.323153495788574,0.45749638797876424,5.192799077484186,0.2617993877991417,-0.2617993877991417,-2.024740783485846,200,190,180,180,190,200,200
30.341264009475708,0.4612687804616866,5.1849876061643005,0.2617993877991417,-0.2617993877991417,-2.015945768128837,200,190,180,180,190,200,200
30.35149073600769,0.4612687804616866,5.1849876061643005,0.2617993877991417,-0.2617993877991417,-2.015945768128837,200,190,180,180,190,200,200
30.36169147491455,0.4612687804616866,5.1849876061643005,0.2617993877991417,-0.2617993877991417,-2.015945768128837,200,180,180,180,190,200,210
30.371893644332886,0.46508565163664756,5.176894899404454,0.2617993877991417,-0.2617993877991417,-2.006873638379216,200,180,180,180,190,200,210
30.38210415840149,0.46508565163664756,5.176894899404454,0.2617993877991417,-0.2617993877991417,-2.006873638379216,200,180,180,180,190,200,210
30.39271354675293,0.46508565163664756,5.176894899404454,0.2617993877991417,-0.2617993877991417,-2.006873638379216,200,180,180,180,190,200,210
30.402904510498047,0.4687288413701388,5.16899012457959,0.2617993877991417,-0.2617993877991417,-1.9980995982630676,200,180,180,180,190,200,210
30.413121223449707,0.4687288413701388,5.16899012457959,0.2617993877991417,-0.2617993877991417,-1.9980995982630676,180,190,180,180,190,200,210
30.42331624031067,0.4687288413701388,5.16899012457959,0.2617993877991417,-0.2617993877991417,-1.9980995982630676,180,190,180,180,190,200,210
30.43352222442627,0.4723062282039548,5.161044709036903,0.2617993877991417,-0.2617993877991417,-1.9892935098629592,180,190,180,180,190,200,210
30.44372582435608,0.4723062282039548,5.161044709036903,0.2617993877991417,-0.2617993877991417,-1.9892935098629592,180,190,180,180,190,200,210
30.45390796661377,0.4723062282039548,5.161044709036903,0.2617993877991417,-0.2617993877991417,-1.9892935098629592,180,190,180,180,190,200,210
30.46408724784851,0.4723062282039548,5.161044709036903,0.2617993877991417,-0.2617993877991417,-1.9892935098629592,180,190,180,180,190,200,210
30.474326133728027,0.4759214550048998,5.152818971844855,0.2617993877991417,-0.2617993877991417,-1.9802297708937158,180,190,180,180,190,190,200
30.48815369606018,0.4759214550048998,5.152818971844855,0.2617993877991417,-0.2617993877991417,-1.9802297708937158,180,190,180,180,190,190,200
30.498411417007446,0.4759214550048998,5.152818971844855,0.2617993877991417,-0.2617993877991417,-1.9802297708937158,180,190,180,180,190,190,200
30.50868034362793,0.4793572684758118,5.144806744731804,0.2617993877991417,-0.2617993877991417,-1.971509866065014,180,190,180,180,190,190,200
30.518993854522705,0.4793572684758118,5.144806744731804,0.2617993877991417,-0.2617993877991417,-1.971509866065014,180,180,180,190,190,200,210
30.529292583465576,0.4793572684758118,5.144806744731804,0.2617993877991417,-0.2617993877991417,-1.971509866065014,180,180,180,190,190,200,210
30.54150700569153,0.4827174117752313,5.136793609069768,0.2617993877991417,-0.2617993877991417,-1.963038388529163,180,180,180,190,190,200,210
30.55176305770874,0.4827174117752313,5.136793609069768,0.2617993877991417,-0.2617993877991417,-1.963038388529163,180,180,180,190,190,200,210
30.562002182006836,0.4827174117752313,5.136793609069768,0.2617993877991417,-0.2617993877991417,-1.963038388529163,180,180,180,190,190,200,210
30.57226824760437,0.48609636073664975,5.1285285237441975,0.2617993877991417,-0.2617993877991417,-1.9545027237134334,180,180,180,190,190,200,210
30.582571983337402,0.48609636073664975,5.1285285237441975,0.2617993877991417,-0.2617993877991417,-1.9545027237134334,190,180,180,190,190,210,210
30.600101709365845,0.48609636073664975,5.1285285237441975,0.2617993877991417,-0.2617993877991417,-1.9545027237134334,190,180,180,190,190,210,210
30.610600471496582,0.4893199689267381,5.120450428040773,0.2617993877991417,-0.2617993877991417,-1.946086631677336,190,180,180,190,190,210,210
30.620855569839478,0.4893199689267381,5.120450428040773,0.2617993877991417,-0.2617993877991417,-1.946086631677336,190,180,180,190,190,210,210
30.63115644454956,0.4893199689267381,5.120450428040773,0.2617993877991417,-0.2617993877991417,-1.946086631677336,190,180,180,190,190,210,210
30.6435329914093,0.4924785871590679,5.112337679248622,0.2617993877991417,-0.2617993877991417,-1.937677597027368,190,180,180,190,190,210,210
30.653762340545654,0.4924785871590679,5.112337679248622,0.2617993877991417,-0.2617993877991417,-1.937677597027368,190,180,180,190,190,210,210
30.663989543914795,0.4924785871590679,5.112337679248622,0.2617993877991417,-0.2617993877991417,-1.937677597027368,190,180,180,190,190,210,210
30.674227476119995,0.49566572505108836,5.103940014047423,0.2617993877991417,-0.2617993877991417,-1.9289899361456493,180,180,180,180,190,190,190
30.691437482833862,0.49566572505108836,5.103940014047423,0.2617993877991417,-0.2617993877991417,-1.9289899361456493,180,180,180,180,190,190,190
30.701690912246704,0.4986918186832919,5.0957549262561965,0.2617993877991417,-0.2617993877991417,-1.9205118920350557,180,180,180,180,190,190,190
30.71295666694641,0.4986918186832919,5.0957549262561965,0.2617993877991417,-0.2617993877991417,-1.9205118920350557,180,180,180,180,190,190,190
30.72386908531189,0.4986918186832919,5.0957549262561965,0.2617993877991417,-0.2617993877991417,-1.9205118920350557,180,180,180,190,190,190,190
30.741098642349243,0.5016485821362482,5.08754086302378,0.2617993877991417,-0.2617993877991417,-1.9119517732518074,180,180,180,190,190,190,190
30.75133204460144,0.5016485821362482,5.08754086302378,0.2617993877991417,-0.2617993877991417,-1.9119517732518074,180,180,180,190,190,190,190
30.76150345802307,0.5016485821362482,5.08754086302378,0.2617993877991417,-0.2617993877991417,-1.9119517732518074,180,180,180,190,190,190,190
30.771947860717773,0.504623469237499,5.079056163517178,0.2617993877991417,-0.2617993877991417,-1.903003899503052,190,190,190,190,190,190,190
30.782249927520752,0.504623469237499,5.079056163517178,0.2617993877991417,-0.2617993877991417,-1.903003899503052,190,190,190,190,190,190,190
30.79277777671814,0.504623469237499,5.079056163517178,0.2617993877991417,-0.2617993877991417,-1.903003899503052,190,190,190,190,190,190,190
30.80296754837036,0.5074254596613568,5.070819546432496,0.2617993877991417,-0.2617993877991417,-1.894048339807303,190,190,190,190,190,190,190
30.813183546066284,0.5074254596613568,5.070819546432496,0.2617993877991417,-0.2617993877991417,-1.894048339807303,190,190,190,190,190,190,190
30.82382321357727,0.5074254596613568,5.070819546432496,0.2617993877991417,-0.2617993877991417,-1.894048339807303,190,180,190,190,190,190,190
30.84205675125122,0.5101530197307819,5.062553740361302,0.2617993877991417,-0.2617993877991417,-1.8851498758114924,190,180,190,190,190,190,190
30.852307081222534,0.5101530197307819,5.062553740361302,0.2617993877991417,-0.2617993877991417,-1.8851498758114924,190,180,190,190,190,190,190
30.862517595291138,0.5101530197307819,5.062553740361302,0.2617993877991417,-0.2617993877991417,-1.8851498758114924,190,180,190,190,190,190,190
30.87271785736084,0.5128878364709669,5.054021312347228,0.2617993877991417,-0.2617993877991417,-1.8761759814292571,190,180,190,190,190,190,190
30.890782117843628,0.5128878364709669,5.054021312347228,0.2617993877991417,-0.2617993877991417,-1.8761759814292571,190,180,190,190,190,190,190
30.901013135910034,0.515455491648538,5.045760608238012,0.2617993877991417,-0.2617993877991417,-1.8677894117022522,190,180,190,190,190,190,190
30.91121196746826,0.515455491648538,5.045760608238012,0.2617993877991417,-0.2617993877991417,-1.8677894117022522,190,180,190,190,190,190,190
30.92138147354126,0.515455491648538,5.045760608238012,0.2617993877991417,-0.2617993877991417,-1.8677894117022522,190,180,190,190,190,190,190
30.939754009246826,0.515455491648538,5.045760608238012,0.2617993877991417,-0.2617993877991417,-1.8677894117022522,190,180,190,190,190,190,190
30.950099229812622,0.5179599667605616,5.0374543180499005,0.2617993877991417,-0.2617993877991417,-1.8592844832540634,190,180,190,190,190,190,190
30.960587739944458,0.5179599667605616,5.0374543180499005,0.2617993877991417,-0.2617993877991417,-1.8592844832540634,190,180,190,190,190,190,190
30.970847606658936,0.5204703616805648,5.028863800528898,0.2617993877991417,-0.2617993877991417,-1.8505104527632479,190,180,190,190,190,190,190
30.98928999900818,0.5204703616805648,5.028863800528898,0.2617993877991417,-0.2617993877991417,-1.8505104527632479,190,180,190,190,190,190,190
30.99954891204834,0.5228379565711299,5.020494763923137,0.2617993877991417,-0.2617993877991417,-1.8419876068320484,190,180,190,190,190,190,190
31.009768962860107,0.5228379565711299,5.020494763923137,0.2617993877991417,-0.2617993877991417,-1.8419876068320484,190,180,190,190,190,190,190
31.020102977752686,0.5228379565711299,5.020494763923137,0.2617993877991417,-0.2617993877991417,-1.8419876068320484,190,180,190,190,190,190,190
31.04099988937378,0.5251373550166772,5.012093668970107,0.2617993877991417,-0.2617993877991417,-1.8334495948147935,190,180,190,190,190,190,190
31.051241636276245,0.5251373550166772,5.012093668970107,0.2617993877991417,-0.2617993877991417,-1.8334495948147935,190,180,190,190,190,190,190
31.061455965042114,0.5251373550166772,5.012093668970107,0.2617993877991417,-0.2617993877991417,-1.8334495948147935,190,180,190,190,210,190,190
31.071736574172974,0.5274342965392848,5.00340526871768,0.2617993877991417,-0.2617993877991417,-1.8246341295428232,190,180,190,190,210,190,190
31.090856075286865,0.5274342965392848,5.00340526871768,0.2617993877991417,-0.2617993877991417,-1.8246341295428232,190,180,190,190,210,190,190
31.101172924041748,0.5295929827632917,4.994941301059059,0.2617993877991417,-0.2617993877991417,-1.8160580546582366,190,180,190,190,210,190,190
31.111654043197632,0.5295929827632917,4.994941301059059,0.2617993877991417,-0.2617993877991417,-1.8160580546582366,190,180,190,190,210,190,190
31.121931076049805,0.5295929827632917,4.994941301059059,0.2617993877991417,-0.2617993877991417,-1.8160580546582366,180,190,190,190,190,190,190
31.132151126861572,0.5295929827632917,4.994941301059059,0.2617993877991417,-0.2617993877991417,-1.8160580546582366,180,190,190,190,190,190,190
31.14353609085083,0.5316809533946242,4.9864487099920245,0.2617993877991417,-0.2617993877991417,-1.8074631329992599,180,190,190,190,190,190,190
31.153787851333618,0.5316809533946242,4.9864487099920245,0.2617993877991417,-0.2617993877991417,-1.8074631329992599,180,190,190,190,190,190,190
31.164000988006592,0.5316809533946242,4.9864487099920245,0.2617993877991417,-0.2617993877991417,-1.8074631329992599,180,190,190,190,190,190,190
31.17426347732544,0.5337561107566521,4.977676127641962,0.2617993877991417,-0.2617993877991417,-1.7986007268899689,180,200,180,190,190,190,180
31.19055151939392,0.5337561107566521,4.977676127641962,0.2617993877991417,-0.2617993877991417,-1.7986007268899689,180,200,180,190,190,190,180
31.200767993927002,0.5356898767985107,4.969156142089447,0.2617993877991417,-0.2617993877991417,-1.7900291494651157,180,200,180,190,190,190,180
31.211002111434937,0.5356898767985107,4.969156142089447,0.2617993877991417,-0.2617993877991417,-1.7900291494651157,190,190,190,190,190,190,180
31.221205472946167,0.5356898767985107,4.969156142089447,0.2617993877991417,-0.2617993877991417,-1.7900291494651157,190,190,190,190,190,190,180
31.231467485427856,0.5375471357939186,4.960654061107232,0.2617993877991417,-0.2617993877991417,-1.781687251079847,190,190,190,190,190,190,180
31.24167823791504,0.5375471357939186,4.960654061107232,0.2617993877991417,-0.2617993877991417,-1.781687251079847,190,190,190,190,190,190,180
31.251880407333374,0.5375471357939186,4.960654061107232,0.2617993877991417,-0.2617993877991417,-1.781687251079847,190,190,190,190,190,190,180
31.262110471725464,0.5375471357939186,4.960654061107232,0.2617993877991417,-0.2617993877991417,-1.781687251079847,190,190,190,190,190,190,180
31.272319078445435,0.5393797284588181,4.9519163431248,0.2617993877991417,-0.2617993877991417,-1.7729952313271395,180,190,190,190,190,190,190
31.28874897956848,0.5393797284588181,4.9519163431248,0.2617993877991417,-0.2617993877991417,-1.7729952313271395,180,190,190,190,190,190,190
31.29897403717041,0.5410865030442573,4.9434137821916355,0.2617993877991417,-0.2617993877991417,-1.7643708364498556,180,190,190,190,190,190,190
31.3091824054718,0.5410865030442573,4.9434137821916355,0.2617993877991417,-0.2617993877991417,-1.7643708364498556,180,190,170,190,210,190,180
31.31942129135132,0.5410865030442573,4.9434137821916355,0.2617993877991417,-0.2617993877991417,-1.7643708364498556,180,190,170,190,210,190,180
31.329639434814453,0.5410865030442573,4.9434137821916355,0.2617993877991417,-0.2617993877991417,-1.7643708364498556,180,190,170,190,210,190,180
31.3398380279541,0.5427212478838719,4.934888459379533,0.2617993877991417,-0.2617993877991417,-1.7557502498482145,180,190,170,190,210,190,180
31.350099563598633,0.5427212478838719,4.934888459379533,0.2617993877991417,-0.2617993877991417,-1.7557502498482145,180,190,170,190,210,190,180
31.360318660736084,0.5427212478838719,4.934888459379533,0.2617993877991417,-0.2617993877991417,-1.7557502498482145,190,190,170,190,190,190,180
31.370584726333618,0.5443305906415021,4.926080698534838,0.2617993877991417,-0.2617993877991417,-1.7468451177925117,190,190,170,190,190,190,180
31.389061450958252,0.5443305906415021,4.926080698534838,0.2617993877991417,-0.2617993877991417,-1.7468451177925117,190,190,170,190,190,190,180
31.399335384368896,0.5458195126466174,4.917507235021044,0.2617993877991417,-0.2617993877991417,-1.7381835649553066,190,190,170,190,190,190,180
31.409579753875732,0.5458195126466174,4.917507235021044,0.2617993877991417,-0.2617993877991417,-1.7381835649553066,190,190,170,190,190,190,180
31.419811725616455,0.5458195126466174,4.917507235021044,0.2617993877991417,-0.2617993877991417,-1.7381835649553066,190,190,170,190,190,190,180
31.43683362007141,0.5472358951474082,4.908909349906336,0.2617993877991417,-0.2617993877991417,-1.7295071693778794,190,190,170,190,190,190,180
31.44707179069519,0.5472358951474082,4.908909349906336,0.2617993877991417,-0.2617993877991417,-1.7295071693778794,190,190,170,190,190,190,180
31.45726490020752,0.5472358951474082,4.908909349906336,0.2617993877991417,-0.2617993877991417,-1.7295071693778794,190,180,190,190,190,180,180
31.467462062835693,0.5486186728148116,4.900026333993742,0.2617993877991417,-0.2617993877991417,-1.7205585568476147,190,180,190,190,190,180,180
31.47769260406494,0.5486186728148116,4.900026333993742,0.2617993877991417,-0.2617993877991417,-1.7205585568476147,190,180,190,190,190,180,180
31.487993001937866,0.5486186728148116,4.900026333993742,0.2617993877991417,-0.2617993877991417,-1.7205585568476147,190,180,190,190,190,180,180
31.49818754196167,0.5486186728148116,4.900026333993742,0.2617993877991417,-0.2617993877991417,-1.7205585568476147,190,180,190,190,190,180,180
31.508370876312256,0.5498856200526343,4.8913835555094884,0.2617993877991417,-0.2617993877991417,-1.7118731716023863,190,180,190,190,190,180,180
31.51858115196228,0.5498856200526343,4.8913835555094884,0.2617993877991417,-0.2617993877991417,-1.7118731716023863,190,180,190,190,190,180,180
31.528780937194824,0.5498856200526343,4.8913835555094884,0.2617993877991417,-0.2617993877991417,-1.7118731716023863,190,180,190,190,190,180,180
31.55061674118042,0.5510770106817858,4.882729997875131,0.2617993877991417,-0.2617993877991417,-1.703253705680395,190,180,190,190,190,180,180
31.560840845108032,0.5510770106817858,4.882729997875131,0.2617993877991417,-0.2617993877991417,-1.703253705680395,190,180,190,190,210,180,180
31.571053981781006,0.5522286131391976,4.873826667671259,0.2617993877991417,-0.2617993877991417,-1.694579368122884,190,180,190,190,210,180,180
31.59080672264099,0.5522286131391976,4.873826667671259,0.2617993877991417,-0.2617993877991417,-1.694579368122884,190,180,190,190,210,180,180
31.601122617721558,0.5532653470708827,4.865212328079858,0.2617993877991417,-0.2617993877991417,-1.6864192985551218,190,180,190,190,210,180,180
31.611319541931152,0.5532653470708827,4.865212328079858,0.2617993877991417,-0.2617993877991417,-1.6864192985551218,190,180,190,190,210,180,180
31.621500968933105,0.5532653470708827,4.865212328079858,0.2617993877991417,-0.2617993877991417,-1.6864192985551218,190,180,190,190,190,180,180
31.641825675964355,0.5532653470708827,4.865212328079858,0.2617993877991417,-0.2617993877991417,-1.6864192985551218,190,180,190,190,190,180,180
31.652048587799072,0.5542344588339619,4.856561063481543,0.2617993877991417,-0.2617993877991417,-1.6780956933708584,190,180,190,190,190,180,180
31.662243127822876,0.5542344588339619,4.856561063481543,0.2617993877991417,-0.2617993877991417,-1.6780956933708584,180,180,200,190,210,190,180
31.672432899475098,0.5551569205534373,4.847638242524953,0.2617993877991417,-0.2617993877991417,-1.6694326769051695,180,180,200,190,210,190,180
31.687916040420532,0.5551569205534373,4.847638242524953,0.2617993877991417,-0.24434609527919887,-1.6694326769051695,180,180,200,190,210,190,180
31.698139667510986,0.5551569205534373,4.847638242524953,0.2617993877991417,-0.24434609527919887,-1.6694326769051695,180,180,200,190,210,190,180
31.708378076553345,0.5559827432487898,4.838973104434604,0.2617993877991417,-0.24434609527919887,-1.6609191352621973,190,210,210,210,210,180,170
31.71866750717163,0.5559827432487898,4.838973104434604,0.2617993877991417,-0.24434609527919887,-1.6609191352621973,190,210,210,210,210,180,170
31.73708438873291,0.5559827432487898,4.838973104434604,0.2617993877991417,-0.2268928027592561,-1.6609191352621973,190,210,210,210,210,180,170
31.747405529022217,0.556728159378466,4.83033672366305,0.2617993877991417,-0.2268928027592561,-1.6526294683077332,190,210,210,210,210,180,170
31.757611513137817,0.556728159378466,4.83033672366305,0.2617993877991417,-0.2268928027592561,-1.6526294683077332,190,210,210,210,210,180,170
31.767857551574707,0.557424848495278,4.8214152267235075,0.2617993877991417,-0.2268928027592561,-1.644748880437561,180,190,210,190,190,180,170
31.778064489364624,0.557424848495278,4.8214152267235075,0.2617993877991417,-0.2268928027592561,-1.644748880437561,180,190,210,190,190,180,170
31.789436101913452,0.557424848495278,4.8214152267235075,0.2617993877991417,-0.20943951023931331,-1.644748880437561,180,190,210,190,190,180,170
31.799659967422485,0.5580356241166932,4.812738875341047,0.2617993877991417,-0.20943951023931331,-1.637109940954787,180,190,210,190,190,180,170
31.809879541397095,0.5580356241166932,4.812738875341047,0.2617993877991417,-0.20943951023931331,-1.637109940954787,190,190,190,190,190,180,160
31.820102214813232,0.5580356241166932,4.812738875341047,0.2617993877991417,-0.20943951023931331,-1.637109940954787,190,190,190,190,190,180,160
31.830299615859985,0.5580356241166932,4.812738875341047,0.2617993877991417,-0.20943951023931331,-1.637109940954787,190,190,190,190,190,180,160
31.842373609542847,0.5585823437320331,4.804052531362776,0.2617993877991417,-0.20943951023931331,-1.630006224951324,190,190,190,190,190,180,160
31.85262966156006,0.5585823437320331,4.804052531362776,0.2617993877991417,-0.20943951023931331,-1.630006224951324,190,190,190,190,190,180,160
31.86280655860901,0.5585823437320331,4.804052531362776,0.2617993877991417,-0.20943951023931331,-1.630006224951324,190,190,190,190,190,180,160
31.873332738876343,0.5590814671574575,4.795095056964481,0.2617993877991417,-0.20943951023931331,-1.6227370569270947,190,190,210,190,190,190,160
31.892223119735718,0.5590814671574575,4.795095056964481,0.2617993877991417,-0.20943951023931331,-1.6227370569270947,190,190,210,190,190,190,160
31.902528762817383,0.5595029298092188,4.786405265202448,0.2617993877991417,-0.20943951023931331,-1.6157943212657497,190,190,210,190,190,190,160
31.912764310836792,0.5595029298092188,4.786405265202448,0.2617993877991417,-0.20943951023931331,-1.6157943212657497,180,190,190,190,190,180,160
31.922958850860596,0.5595029298092188,4.786405265202448,0.2617993877991417,-0.20943951023931331,-1.6157943212657497,180,190,190,190,190,180,160
31.940213441848755,0.5595029298092188,4.786405265202448,0.2617993877991417,-0.20943951023931331,-1.6157943212657497,180,190,190,190,190,180,160
31.950554370880127,0.5598678541256927,4.77775415417807,0.2617993877991417,-0.20943951023931331,-1.609179038552188,180,190,190,190,190,180,160
31.960773706436157,0.5598678541256927,4.77775415417807,0.2617993877991417,-0.20943951023931331,-1.609179038552188,180,190,190,190,190,180,160
31.970993995666504,0.5601805696910003,4.768831470824357,0.2617993877991417,-0.19198621771937055,-1.6023673970974621,190,190,210,190,190,180,160
31.987432718276978,0.5601805696910003,4.768831470824357,0.2617993877991417,-0.19198621771937055,-1.6023673970974621,190,190,210,190,190,180,160
31.997650623321533,0.5601805696910003,4.768831470824357,0.2617993877991417,-0.17453292519942779,-1.6023673970974621,190,190,210,190,190,180,160
32.00790214538574,0.5604292689884766,4.760152999774159,0.2617993877991417,-0.17453292519942779,-1.596248897921868,190,190,210,190,190,180,160
32.018117904663086,0.5604292689884766,4.760152999774159,0.2617993877991417,-0.17453292519942779,-1.596248897921868,190,190,210,190,190,180,160
32.03886270523071,0.5606274547648947,4.751468752216462,0.2617993877991417,-0.17453292519942779,-1.5907079310528143,190,190,210,190,190,180,160
32.049124002456665,0.5606274547648947,4.751468752216462,0.2617993877991417,-0.17453292519942779,-1.5907079310528143,190,190,210,190,190,180,160
32.05932426452637,0.5606274547648947,4.751468752216462,0.2617993877991417,-0.17453292519942779,-1.5907079310528143,190,190,210,190,190,180,160
32.06954908370972,0.5607813072594725,4.742510637177773,0.2617993877991417,-0.17453292519942779,-1.584987812582921,190,190,210,190,190,180,160
32.08857798576355,0.5607813072594725,4.742510637177773,0.2617993877991417,-0.17453292519942779,-1.584987812582921,190,190,210,190,190,180,160
32.09878659248352,0.5607813072594725,4.742510637177773,0.2617993877991417,-0.17453292519942779,-1.584987812582921,190,190,210,190,190,180,160
32.10899305343628,0.5608808990000047,4.73381038609604,0.2617993877991417,-0.17453292519942779,-1.579367101613005,190,210,210,190,190,180,160
32.11921238899231,0.5608808990000047,4.73381038609604,0.2617993877991417,-0.17453292519942779,-1.579367101613005,190,210,210,190,190,180,160
32.12944674491882,0.5608808990000047,4.73381038609604,0.2617993877991417,-0.17453292519942779,-1.579367101613005,190,210,210,190,190,180,160
32.13964581489563,0.5609332919646923,4.7251080658540605,0.2617993877991417,-0.17453292519942779,-1.573653108318698,190,210,210,190,190,180,160
32.149839878082275,0.5609332919646923,4.7251080658540605,0.2617993877991417,-0.17453292519942779,-1.573653108318698,190,210,210,190,190,180,160
32.16055369377136,0.5609332919646923,4.7251080658540605,0.2617993877991417,-0.17453292519942779,-1.573653108318698,190,210,210,190,190,180,160
32.170920848846436,0.5609341069011597,4.71615058807187,0.2617993877991417,-0.17453292519942779,-1.5676131040625991,190,210,190,190,190,180,160
32.19043016433716,0.5609341069011597,4.71615058807187,0.2617993877991417,-0.157079632679485,-1.5676131040625991,190,210,190,190,190,180,160
32.2006721496582,0.5608799030668622,4.7074731519184585,0.2617993877991417,-0.157079632679485,-1.5615490963769216,190,210,190,190,190,180,160
32.210859060287476,0.5608799030668622,4.7074731519184585,0.2617993877991417,-0.157079632679485,-1.5615490963769216,190,210,190,190,190,180,160
32.221088886260986,0.5608799030668622,4.7074731519184585,0.2617993877991417,-0.157079632679485,-1.5615490963769216,190,190,190,190,190,180,160
32.23133897781372,0.5608799030668622,4.7074731519184585,0.2617993877991417,-0.157079632679485,-1.5615490963769216,190,190,190,190,190,180,160
32.24155259132385,0.5607756584440684,4.698789782009046,0.2617993877991417,-0.157079632679485,-1.556135360956633,190,190,190,190,190,180,160
32.25177788734436,0.5607756584440684,4.698789782009046,0.2617993877991417,-0.157079632679485,-1.556135360956633,190,190,190,190,190,180,160
32.26197576522827,0.5607756584440684,4.698789782009046,0.2617993877991417,-0.157079632679485,-1.556135360956633,190,190,190,190,190,180,160
32.27222990989685,0.5606203689142846,4.689856875531069,0.2617993877991417,-0.157079632679485,-1.5507103176948764,210,210,210,190,190,170,160
32.29073214530945,0.5606203689142846,4.689856875531069,0.2617993877991417,-0.157079632679485,-1.5507103176948764,210,210,210,190,190,170,160
32.30117416381836,0.5604285763739474,4.681231159795489,0.2617993877991417,-0.157079632679485,-1.5457780233816663,210,210,210,190,190,170,160
32.31138849258423,0.5604285763739474,4.681231159795489,0.2617993877991417,-0.157079632679485,-1.5457780233816663,210,210,210,190,190,170,160
32.321635484695435,0.5604285763739474,4.681231159795489,0.2617993877991417,-0.157079632679485,-1.5457780233816663,200,190,190,190,190,160,160
32.3404700756073,0.5604285763739474,4.681231159795489,0.2617993877991417,-0.157079632679485,-1.5457780233816663,200,190,190,190,190,160,160
32.350966453552246,0.5601909874464824,4.672588254447123,0.2617993877991417,-0.157079632679485,-1.5407814753851061,200,190,190,190,190,160,160
32.36124110221863,0.5601909874464824,4.672588254447123,0.2617993877991417,-0.17453292519942779,-1.5407814753851061,200,190,190,190,190,160,160
32.37150979042053,0.5599012861841944,4.663670592051035,0.2617993877991417,-0.17453292519942779,-1.5356186413742314,210,200,190,190,190,160,160
32.389710664749146,0.5599012861841944,4.663670592051035,0.2617993877991417,-0.17453292519942779,-1.5356186413742314,210,200,190,190,190,160,160
32.39997959136963,0.5595735780815213,4.6550004979268875,0.2617993877991417,-0.19198621771937055,-1.530049101636831,210,200,190,190,190,160,160
32.41022562980652,0.5595735780815213,4.6550004979268875,0.2617993877991417,-0.19198621771937055,-1.530049101636831,210,200,190,190,190,160,160
32.420480251312256,0.5595735780815213,4.6550004979268875,0.2617993877991417,-0.19198621771937055,-1.530049101636831,190,190,190,190,190,160,160
32.439504861831665,0.5595735780815213,4.6550004979268875,0.2617993877991417,-0.19198621771937055,-1.530049101636831,190,190,190,190,190,160,160
32.449894428253174,0.5591944391408195,4.646314560530319,0.2617993877991417,-0.19198621771937055,-1.5238956152120309,190,190,190,190,190,160,160
32.46011805534363,0.5591944391408195,4.646314560530319,0.2617993877991417,-0.19198621771937055,-1.5238956152120309,190,190,190,190,190,160,160
32.47064185142517,0.5587466274431352,4.6373554354305195,0.2617993877991417,-0.19198621771937055,-1.5175133528594793,210,190,190,190,190,160,160
32.491363763809204,0.5587466274431352,4.6373554354305195,0.2617993877991417,-0.19198621771937055,-1.5175133528594793,210,190,190,190,190,160,160
32.5016450881958,0.5582562314139546,4.628652287007716,0.2617993877991417,-0.19198621771937055,-1.5112929373761779,210,190,190,190,190,160,160
32.51188015937805,0.5582562314139546,4.628652287007716,0.2617993877991417,-0.19198621771937055,-1.5112929373761779,210,190,190,190,190,160,160
32.522220849990845,0.5582562314139546,4.628652287007716,0.2617993877991417,-0.17453292519942779,-1.5112929373761779,190,190,190,190,180,160,160
32.532506465911865,0.5582562314139546,4.628652287007716,0.2617993877991417,-0.17453292519942779,-1.5112929373761779,190,190,190,190,180,160,160
32.54305815696716,0.5582562314139546,4.628652287007716,0.2617993877991417,-0.157079632679485,-1.5112929373761779,190,190,190,190,180,160,160
32.55329608917236,0.5577105317168086,4.619947188752696,0.2617993877991417,-0.13962634015954223,-1.505012182566303,190,190,190,190,180,160,160
32.563554763793945,0.5577105317168086,4.619947188752696,0.2617993877991417,-0.13962634015954223,-1.505012182566303,190,190,190,190,180,160,160
32.57380676269531,0.5570921289774418,4.610983110121649,0.2617993877991417,-0.12217304763959944,-1.499039566210726,210,190,190,190,190,160,160
32.59358048439026,0.5570921289774418,4.610983110121649,0.2617993877991417,-0.12217304763959944,-1.499039566210726,210,190,190,190,190,160,160
32.603925704956055,0.5564482865642948,4.602340499166172,0.2617993877991417,-0.10471975511965666,-1.4940413317766916,210,190,190,190,190,160,160
32.61417245864868,0.5564482865642948,4.602340499166172,0.2617993877991417,-0.10471975511965666,-1.4940413317766916,210,190,190,190,190,160,160
32.62483501434326,0.5564482865642948,4.602340499166172,0.2617993877991417,-0.08726646259971389,-1.4940413317766916,200,190,190,190,180,160,160
32.641393423080444,0.5564482865642948,4.602340499166172,0.2617993877991417,-0.08726646259971389,-1.4940413317766916,200,190,190,190,180,160,160
32.651711225509644,0.5557737719275795,4.593712066629559,0.2617993877991417,-0.10471975511965666,-1.4901017134959376,200,190,190,190,180,160,160
32.66190981864929,0.5557737719275795,4.593712066629559,0.2617993877991417,-0.10471975511965666,-1.4901017134959376,200,190,190,190,180,160,160
32.6724054813385,0.5550378838419396,4.5848323881986985,0.2617993877991417,-0.12217304763959944,-1.4868959670883866,210,190,190,190,180,160,160
32.69276165962219,0.5550378838419396,4.5848323881986985,0.2617993877991417,-0.12217304763959944,-1.4868959670883866,210,190,190,190,180,160,160
32.703150272369385,0.554300378015547,4.576249946912783,0.2617993877991417,-0.2268928027592561,-1.4830916213235532,210,190,190,190,180,160,160
32.71369123458862,0.554300378015547,4.576249946912783,0.2617993877991417,-0.24434609527919887,-1.4830916213235532,210,190,190,190,180,160,160
32.72401261329651,0.554300378015547,4.576249946912783,0.2617993877991417,-0.24434609527919887,-1.4830916213235532,190,190,190,190,180,160,160
32.73435831069946,0.5535359120865856,4.567646590954251,0.2617993877991417,-0.2617993877991417,-1.4817168844618427,190,190,190,190,180,160,160
32.745920181274414,0.5535359120865856,4.567646590954251,0.2617993877991417,-0.2617993877991417,-1.4817168844618427,190,190,190,190,180,160,160
32.75625824928284,0.5535359120865856,4.567646590954251,0.2617993877991417,-0.2617993877991417,-1.4817168844618427,190,190,190,190,180,160,160
32.76668643951416,0.5527274848231213,4.558797379605509,0.2617993877991417,-0.27925268031908446,-1.4758067670855686,190,190,190,190,180,160,160
32.77697205543518,0.5527274848231213,4.558797379605509,0.2617993877991417,-0.27925268031908446,-1.4758067670855686,200,190,190,190,180,160,160
32.78724217414856,0.5527274848231213,4.558797379605509,0.2617993877991417,-0.27925268031908446,-1.4758067670855686,200,190,190,190,180,160,160
32.79982352256775,0.5527274848231213,4.558797379605509,0.2617993877991417,-0.27925268031908446,-1.4758067670855686,200,190,190,190,180,160,160
32.81003999710083,0.5518640176070968,4.550129038850982,0.2617993877991417,-0.2617993877991417,-1.466708070605398,200,190,190,190,180,160,160
32.820279359817505,0.5518640176070968,4.550129038850982,0.2617993877991417,-0.2617993877991417,-1.466708070605398,210,190,190,190,180,160,160
32.83050537109375,0.5518640176070968,4.550129038850982,0.2617993877991417,-0.24434609527919887,-1.466708070605398,210,190,190,190,180,160,160
32.84357047080994,0.5518640176070968,4.550129038850982,0.2617993877991417,-0.24434609527919887,-1.466708070605398,210,190,190,190,180,160,160
32.85375499725342,0.550920072862649,4.541457604134604,0.2617993877991417,-0.20943951023931331,-1.4575701669541106,210,190,190,190,180,160,160
32.86394190788269,0.550920072862649,4.541457604134604,0.2617993877991417,-0.12217304763959944,-1.4575701669541106,210,190,190,190,180,160,160
32.874133586883545,0.5498685723413472,4.532529763070983,0.2617993877991417,-0.12217304763959944,-1.449273609124199,190,190,190,190,180,160,160
32.8844199180603,0.5498685723413472,4.532529763070983,0.2617993877991417,-0.10471975511965666,-1.449273609124199,190,190,190,190,180,160,160
32.8952362537384,0.5498685723413472,4.532529763070983,0.2617993877991417,-0.08726646259971389,-1.449273609124199,190,190,190,190,180,160,160
32.90546464920044,0.5487893111021561,4.523881077108675,0.2617993877991417,-0.08726646259971389,-1.4441859214113448,190,190,190,190,180,160,160
32.91570329666138,0.5487893111021561,4.523881077108675,0.2617993877991417,-0.06981317007977111,-1.4441859214113448,190,190,190,190,180,160,160
32.92596220970154,0.5487893111021561,4.523881077108675,0.2617993877991417,-0.06981317007977111,-1.4441859214113448,200,190,190,190,160,160,160
32.9423508644104,0.5476768100987295,4.515249684499232,0.2617993877991417,-0.06981317007977111,-1.4411517010365027,200,190,190,190,160,160,160
32.95265769958496,0.5476768100987295,4.515249684499232,0.2617993877991417,-0.06981317007977111,-1.4411517010365027,200,190,190,190,160,160,160
32.96288704872131,0.5476768100987295,4.515249684499232,0.2617993877991417,-0.06981317007977111,-1.4411517010365027,190,190,190,180,170,160,160
32.97313356399536,0.546507493118418,4.506373625710658,0.2617993877991417,-0.05235987755982833,-1.4387462036913206,190,190,190,180,170,160,160
32.99258756637573,0.546507493118418,4.506373625710658,0.2617993877991417,-0.05235987755982833,-1.4387462036913206,190,190,190,180,170,160,160
33.00288510322571,0.5453516237024645,4.497778000919693,0.2617993877991417,-0.05235987755982833,-1.4364243751590595,190,190,190,180,170,160,160
33.01313781738281,0.5453516237024645,4.497778000919693,0.2617993877991417,-0.05235987755982833,-1.4364243751590595,210,210,190,190,160,160,160
33.02337288856506,0.5453516237024645,4.497778000919693,0.2617993877991417,-0.05235987755982833,-1.4364243751590595,210,210,190,190,160,160,160
33.04145860671997,0.5453516237024645,4.497778000919693,0.2617993877991417,-0.05235987755982833,-1.4364243751590595,210,210,190,190,160,160,160
33.05168008804321,0.5441922839616349,4.489244738570634,0.2617993877991417,-0.05235987755982833,-1.4342227732039867,210,210,190,190,160,160,160
33.061877489089966,0.5441922839616349,4.489244738570634,0.2617993877991417,-0.05235987755982833,-1.4342227732039867,210,210,190,190,160,160,160
33.07213568687439,0.5429783971042227,4.480459704871105,0.2617993877991417,-0.06981317007977111,-1.4324470925847614,190,190,190,180,160,160,160
33.0914466381073,0.5429783971042227,4.480459704871105,0.2617993877991417,-0.06981317007977111,-1.4324470925847614,190,190,190,180,160,160,160
33.10168719291687,0.5417789063055557,4.471928073961422,0.2617993877991417,-0.08726646259971389,-1.4301700560749102,190,190,190,180,160,160,160
33.111910343170166,0.5417789063055557,4.471928073961422,0.2617993877991417,-0.08726646259971389,-1.4301700560749102,190,190,190,180,160,160,160
33.122145652770996,0.5417789063055557,4.471928073961422,0.2617993877991417,-0.08726646259971389,-1.4301700560749102,190,190,190,180,160,160,160
33.13740921020508,0.5417789063055557,4.471928073961422,0.2617993877991417,-0.08726646259971389,-1.4301700560749102,190,190,190,180,160,160,160
33.148200035095215,0.5405578503264603,4.463382233867195,0.2617993877991417,-0.10471975511965666,-1.4273129638103388,190,190,190,180,160,160,160
33.158448934555054,0.5405578503264603,4.463382233867195,0.2617993877991417,-0.10471975511965666,-1.4273129638103388,190,190,190,180,160,160,160
33.16872310638428,0.5405578503264603,4.463382233867195,0.2617993877991417,-0.12217304763959944,-1.4273129638103388,190,190,190,180,160,160,160
33.17914605140686,0.5392698503064847,4.454564759143798,0.2617993877991417,-0.12217304763959944,-1.4237722558550454,190,190,190,180,160,160,160
33.189422845840454,0.5392698503064847,4.454564759143798,0.2617993877991417,-0.13962634015954223,-1.4237722558550454,190,190,190,180,160,160,160
33.200193643569946,0.5379848693575494,4.445994632799998,0.2617993877991417,-0.13962634015954223,-1.419754198788946,190,190,190,180,160,160,160
33.210529804229736,0.5379848693575494,4.445994632799998,0.2617993877991417,-0.13962634015954223,-1.419754198788946,190,190,190,180,160,160,160
33.22078800201416,0.5379848693575494,4.445994632799998,0.2617993877991417,-0.13962634015954223,-1.419754198788946,190,190,190,180,160,160,160
33.23107838630676,0.5379848693575494,4.445994632799998,0.2617993877991417,-0.157079632679485,-1.419754198788946,190,190,190,180,160,160,160
33.24128866195679,0.536660282304641,4.437413117431959,0.2617993877991417,-0.17453292519942779,-1.4151535636885741,190,190,190,180,160,160,160
33.25150513648987,0.536660282304641,4.437413117431959,0.2617993877991417,-0.17453292519942779,-1.4151535636885741,190,190,190,180,160,160,160
33.261735677719116,0.536660282304641,4.437413117431959,0.2617993877991417,-0.19198621771937055,-1.4151535636885741,190,190,190,180,160,160,160
33.27199149131775,0.5352485633758198,4.42856087982966,0.2617993877991417,-0.19198621771937055,-1.4098130960996995,190,190,190,180,160,160,160
33.28234243392944,0.5352485633758198,4.42856087982966,0.2617993877991417,-0.20943951023931331,-1.4098130960996995,190,190,190,180,160,160,160
33.29266595840454,0.5352485633758198,4.42856087982966,0.2617993877991417,-0.2268928027592561,-1.4098130960996995,190,190,190,180,160,160,160
33.3034930229187,0.5338251199526586,4.419958043971886,0.2617993877991417,-0.2268928027592561,-1.403514820082925,190,190,190,180,160,160,160
33.31380534172058,0.5338251199526586,4.419958043971886,0.2617993877991417,-0.2617993877991417,-1.403514820082925,190,190,190,180,160,160,160
33.324098348617554,0.5338251199526586,4.419958043971886,0.2617993877991417,-0.2617993877991417,-1.403514820082925,190,190,190,180,160,160,160
33.33475041389465,0.5323406138005969,4.411352510192703,0.2617993877991417,-0.27925268031908446,-1.3961097343908273,190,190,190,180,160,160,160
33.34533333778381,0.5323406138005969,4.411352510192703,0.2617993877991417,-0.2967059728390272,-1.3961097343908273,190,190,190,180,160,160,160
33.35555958747864,0.5323406138005969,4.411352510192703,0.2617993877991417,-0.31415926535897,-1.3961097343908273,190,190,190,180,160,160,160
33.365729570388794,0.5323406138005969,4.411352510192703,0.2617993877991417,-0.31415926535897,-1.3961097343908273,190,190,190,180,160,160,160
33.37594723701477,0.5307446024840313,4.402518437914514,0.2617993877991417,-0.31415926535897,-1.387073894534902,190,190,190,190,160,160,160
33.38619422912598,0.5307446024840313,4.402518437914514,0.2617993877991417,-0.33161255787891275,-1.387073894534902,190,190,190,190,160,160,160
33.39653396606445,0.5307446024840313,4.402518437914514,0.2617993877991417,-0.33161255787891275,-1.387073894534902,190,190,190,190,160,160,160
33.40671229362488,0.5291218675041263,4.3940011032795905,0.2617993877991417,-0.33161255787891275,-1.3773890372385813,190,190,190,190,160,160,160
33.41691040992737,0.5291218675041263,4.3940011032795905,0.2617993877991417,-0.33161255787891275,-1.3773890372385813,190,190,190,190,160,160,160
33.427160024642944,0.5291218675041263,4.3940011032795905,0.2617993877991417,-0.33161255787891275,-1.3773890372385813,190,190,190,190,160,160,160
33.44014596939087,0.5274077079150993,4.385460964581456,0.2617993877991417,-0.33161255787891275,-1.3667393047976033,190,190,190,190,160,160,160
33.45037126541138,0.5274077079150993,4.385460964581456,0.2617993877991417,-0.33161255787891275,-1.3667393047976033,190,190,190,190,160,160,160
33.4605975151062,0.5274077079150993,4.385460964581456,0.2617993877991417,-0.31415926535897,-1.3667393047976033,190,190,190,190,160,160,160
33.47078824043274,0.5255442927917079,4.3766909699643035,0.2617993877991417,-0.31415926535897,-1.3555340304588108,190,210,190,210,160,160,160
33.48100757598877,0.5255442927917079,4.3766909699643035,0.2617993877991417,-0.2967059728390272,-1.3555340304588108,190,210,190,210,160,160,160
33.49309539794922,0.5255442927917079,4.3766909699643035,0.2617993877991417,-0.27925268031908446,-1.3555340304588108,190,210,190,210,160,160,160
33.503276348114014,0.5236485048413012,4.3682248093736735,0.2617993877991417,-0.157079632679485,-1.3449532554652548,190,210,190,210,160,160,160
33.513458251953125,0.5236485048413012,4.3682248093736735,0.2617993877991417,-0.157079632679485,-1.3449532554652548,190,190,190,160,160,160,170
33.52367615699768,0.5236485048413012,4.3682248093736735,0.2617993877991417,-0.13962634015954223,-1.3449532554652548,190,190,190,160,160,160,170
33.538798570632935,0.5236485048413012,4.3682248093736735,0.2617993877991417,-0.13962634015954223,-1.3449532554652548,190,190,190,160,160,160,170
33.54922127723694,0.5216649711630845,4.359769907626526,0.2617993877991417,-0.10471975511965666,-1.335541146548754,190,190,190,160,160,160,170
33.55942344665527,0.5216649711630845,4.359769907626526,0.2617993877991417,-0.10471975511965666,-1.335541146548754,190,190,190,160,160,160,200
33.570475816726685,0.5195838682499807,4.351200318950496,0.2617993877991417,-0.08726646259971389,-1.3307753914146103,190,190,190,160,160,160,200
33.58743238449097,0.5195838682499807,4.351200318950496,0.2617993877991417,-0.08726646259971389,-1.3307753914146103,190,190,190,160,160,160,200
33.597652435302734,0.5195838682499807,4.351200318950496,0.2617993877991417,-0.06981317007977111,-1.3307753914146103,190,190,190,160,160,160,200
33.60782217979431,0.5175222472380766,4.3428212592355155,0.2617993877991417,-0.06981317007977111,-1.327990303514752,190,190,190,160,160,160,200
33.61800813674927,0.5175222472380766,4.3428212592355155,0.2617993877991417,-0.06981317007977111,-1.327990303514752,190,190,190,160,160,160,180
33.62827491760254,0.5175222472380766,4.3428212592355155,0.2617993877991417,-0.05235987755982833,-1.327990303514752,190,190,190,160,160,160,180
33.638530015945435,0.5154287296772471,4.3344110668645826,0.2617993877991417,-0.05235987755982833,-1.325534239007482,190,190,190,160,160,160,180
33.64874339103699,0.5154287296772471,4.3344110668645826,0.2617993877991417,-0.05235987755982833,-1.325534239007482,190,190,190,160,160,160,180
33.658918619155884,0.5154287296772471,4.3344110668645826,0.2617993877991417,-0.05235987755982833,-1.325534239007482,190,190,190,160,160,160,180
33.669111251831055,0.5132512502838377,4.325746263729524,0.2617993877991417,-0.05235987755982833,-1.3236032400178552,190,190,190,160,150,160,180
33.679354429244995,0.5132512502838377,4.325746263729524,0.2617993877991417,-0.05235987755982833,-1.3236032400178552,190,190,190,160,150,160,180
33.689881563186646,0.5132512502838377,4.325746263729524,0.2617993877991417,-0.05235987755982833,-1.3236032400178552,190,190,190,160,150,160,180
33.70010423660278,0.5111214279363354,4.317339241500152,0.2617993877991417,-0.05235987755982833,-1.3218087831561673,190,190,190,160,150,160,180
33.710296869277954,0.5111214279363354,4.317339241500152,0.2617993877991417,-0.05235987755982833,-1.3218087831561673,190,190,190,160,150,160,180
33.72069072723389,0.5111214279363354,4.317339241500152,0.2617993877991417,-0.05235987755982833,-1.3218087831561673,190,190,190,160,140,160,180
33.74014329910278,0.5111214279363354,4.317339241500152,0.2617993877991417,0.0,-1.3218087831561673,190,190,190,160,140,160,180
33.750569581985474,0.5089827552740745,4.308942715472472,0.2617993877991417,0.0,-1.3201349818512176,190,190,190,160,140,160,180
33.76078820228577,0.5089827552740745,4.308942715472472,0.2617993877991417,0.0,-1.3201349818512176,190,190,190,160,140,160,180
33.77101278305054,0.5067642459875402,4.300281161041262,0.2617993877991417,0.0,-1.3199178361553303,190,190,190,160,150,150,190
33.79065680503845,0.5067642459875402,4.300281161041262,0.2617993877991417,0.0,-1.3199178361553303,190,190,190,160,150,150,190
33.80097198486328,0.5046239211536029,4.291923308280485,0.2617993877991417,0.0,-1.320180027511563,190,190,190,160,150,150,190
33.81116247177124,0.5046239211536029,4.291923308280485,0.2617993877991417,0.0,-1.320180027511563,190,190,190,160,150,150,190
33.82140827178955,0.5046239211536029,4.291923308280485,0.2617993877991417,0.0,-1.320180027511563,190,190,190,160,150,150,210
33.83804702758789,0.5024843893045512,4.283562347812214,0.2617993877991417,0.0,-1.3203624796300244,190,190,190,160,150,150,210
33.84835743904114,0.5024843893045512,4.283562347812214,0.2617993877991417,0.0,-1.3203624796300244,190,190,190,160,150,150,210
33.858604192733765,0.5024843893045512,4.283562347812214,0.2617993877991417,0.0,-1.3203624796300244,190,190,190,160,150,150,180
33.868866205215454,0.5002909428269945,4.274964790845576,0.2617993877991417,0.0,-1.3203046233616753,190,190,190,160,150,150,180
33.8791868686676,0.5002909428269945,4.274964790845576,0.2617993877991417,0.0,-1.3203046233616753,190,190,190,160,150,150,180
33.88946557044983,0.5002909428269945,4.274964790845576,0.2617993877991417,0.0,-1.3203046233616753,190,190,190,160,150,150,180
33.899686098098755,0.49816564220818055,4.266658608249922,0.2617993877991417,0.0,-1.3199177013412313,190,190,190,160,150,150,180
33.90993309020996,0.49816564220818055,4.266658608249922,0.2617993877991417,0.0,-1.3199177013412313,190,190,190,160,150,150,180
33.92022252082825,0.49816564220818055,4.266658608249922,0.2617993877991417,0.0,-1.3199177013412313,190,190,190,150,140,160,190
33.93062090873718,0.49816564220818055,4.266658608249922,0.2617993877991417,0.0,-1.3199177013412313,190,190,190,150,140,160,190
33.943413496017456,0.49602720632205793,4.258306917603139,0.2617993877991417,0.0,-1.3197980528260072,190,190,190,150,140,160,190
33.95370626449585,0.49602720632205793,4.258306917603139,0.2617993877991417,0.0,-1.3197980528260072,190,190,190,150,140,160,190
33.963929891586304,0.49602720632205793,4.258306917603139,0.2617993877991417,0.0,-1.3197980528260072,190,190,190,150,140,160,190
33.97419476509094,0.49382007657044225,4.249696997757563,0.2617993877991417,0.0,-1.319643378503502,190,190,190,150,140,150,180
33.988218784332275,0.49382007657044225,4.249696997757563,0.2617993877991417,0.0,-1.319643378503502,190,190,190,150,140,150,180
33.998687505722046,0.49382007657044225,4.249696997757563,0.2617993877991417,0.0,-1.319643378503502,190,190,190,150,140,150,180
34.008928298950195,0.49167357375144666,4.241329292686783,0.2617993877991417,0.05235987755982833,-1.3195028729340132,190,190,180,150,140,140,210
34.01917243003845,0.49167357375144666,4.241329292686783,0.2617993877991417,0.05235987755982833,-1.3195028729340132,190,190,180,150,140,140,210
34.03814673423767,0.49167357375144666,4.241329292686783,0.2617993877991417,0.05235987755982833,-1.3195028729340132,190,190,180,150,140,140,210
34.0486114025116,0.48952316408005897,4.232951587191167,0.2617993877991417,0.06981317007977111,-1.3193768415860407,190,190,180,150,140,140,210
34.058849573135376,0.48952316408005897,4.232951587191167,0.2617993877991417,0.08726646259971389,-1.3193768415860407,190,190,180,150,140,140,180
34.069095849990845,0.4873100395372699,4.224315726906809,0.2617993877991417,0.08726646259971389,-1.320864475610683,190,190,180,150,140,140,180
34.07946014404297,0.4873100395372699,4.224315726906809,0.2617993877991417,0.08726646259971389,-1.320864475610683,190,190,180,150,140,140,180
34.091288805007935,0.4873100395372699,4.224315726906809,0.2617993877991417,0.10471975511965666,-1.320864475610683,190,190,180,150,140,140,180
34.101537227630615,0.4851802625881869,4.215934257977858,0.2617993877991417,0.10471975511965666,-1.323564122043131,190,190,180,150,140,140,180
34.11181306838989,0.4851802625881869,4.215934257977858,0.2617993877991417,0.10471975511965666,-1.323564122043131,190,190,180,150,140,140,180
34.12210750579834,0.4851802625881869,4.215934257977858,0.2617993877991417,0.10471975511965666,-1.323564122043131,190,190,180,150,140,140,180
34.137510538101196,0.4851802625881869,4.215934257977858,0.2617993877991417,0.10471975511965666,-1.323564122043131,190,190,180,150,140,140,180
34.148038387298584,0.483083565869824,4.207549677279766,0.2617993877991417,0.10471975511965666,-1.3269501935918764,190,190,180,150,140,140,180
34.15830063819885,0.483083565869824,4.207549677279766,0.2617993877991417,0.10471975511965666,-1.3269501935918764,190,190,180,150,140,140,180
34.16852807998657,0.48095289767651517,4.198926652758757,0.2617993877991417,0.10471975511965666,-1.330653953840141,210,210,190,160,140,140,150
34.17874717712402,0.48095289767651517,4.198926652758757,0.2617993877991417,0.10471975511965666,-1.330653953840141,210,210,190,160,140,140,150
34.19002318382263,0.48095289767651517,4.198926652758757,0.2617993877991417,0.10471975511965666,-1.330653953840141,210,210,190,160,140,140,150
34.200371980667114,0.47891930712548,4.190562742387714,0.2617993877991417,0.12217304763959944,-1.3343818146851905,210,210,190,160,140,140,150
34.21059703826904,0.47891930712548,4.190562742387714,0.2617993877991417,0.12217304763959944,-1.3343818146851905,190,210,190,150,140,140,150
34.220869302749634,0.47891930712548,4.190562742387714,0.2617993877991417,0.13962634015954223,-1.3343818146851905,190,210,190,150,140,140,150
34.23119258880615,0.47891930712548,4.190562742387714,0.2617993877991417,0.13962634015954223,-1.3343818146851905,190,210,190,150,140,140,150
34.24247932434082,0.47692254445881593,4.182199153547614,0.2617993877991417,0.13962634015954223,-1.3385999211267252,190,210,190,150,140,140,150
34.25271725654602,0.47692254445881593,4.182199153547614,0.2617993877991417,0.17453292519942779,-1.3385999211267252,190,210,190,150,140,140,150
34.26294279098511,0.47692254445881593,4.182199153547614,0.2617993877991417,0.20943951023931331,-1.3385999211267252,190,190,180,150,140,140,150
34.27326488494873,0.474919894472475,4.173630903013814,0.2617993877991417,0.20943951023931331,-1.3430150579354763,190,190,180,150,140,140,150
34.292560338974,0.474919894472475,4.173630903013814,0.2617993877991417,0.2268928027592561,-1.3430150579354763,190,190,180,150,140,140,150
34.30288028717041,0.47303510346740707,4.165383795744863,0.2617993877991417,0.2617993877991417,-1.3488501067028278,190,190,180,150,140,140,150
34.31314730644226,0.47303510346740707,4.165383795744863,0.2617993877991417,0.27925268031908446,-1.3488501067028278,190,190,190,160,140,140,150
34.324002742767334,0.47303510346740707,4.165383795744863,0.2617993877991417,0.27925268031908446,-1.3488501067028278,190,190,190,160,140,140,150
34.34235215187073,0.4711920869741073,4.15706474131216,0.2617993877991417,0.2967059728390272,-1.3570206854044309,190,190,190,160,140,140,150
34.35271096229553,0.4711920869741073,4.15706474131216,0.2617993877991417,0.31415926535897,-1.3570206854044309,190,190,190,160,140,140,150
34.36314272880554,0.4711920869741073,4.15706474131216,0.2617993877991417,0.33161255787891275,-1.3570206854044309,190,190,190,160,140,140,150
34.37342095375061,0.46936623139778794,4.148451765568385,0.2617993877991417,0.33161255787891275,-1.3668629980604374,190,190,190,160,140,140,140
34.39263463020325,0.46936623139778794,4.148451765568385,0.2617993877991417,0.33161255787891275,-1.3668629980604374,190,190,190,160,140,140,140
34.40288257598877,0.4676790618403307,4.1400715851548515,0.2617993877991417,0.34906585039885557,-1.3775907196383272,190,190,190,160,140,140,140
34.41308641433716,0.4676790618403307,4.1400715851548515,0.2617993877991417,0.34906585039885557,-1.3775907196383272,190,190,190,160,140,140,140
34.423407793045044,0.4676790618403307,4.1400715851548515,0.2617993877991417,0.34906585039885557,-1.3775907196383272,190,190,190,160,140,140,140
34.43371939659119,0.466083352839996,4.131667151314986,0.2617993877991417,0.34906585039885557,-1.388959440552965,190,190,190,160,140,140,140
34.44390416145325,0.466083352839996,4.131667151314986,0.2617993877991417,0.34906585039885557,-1.388959440552965,190,190,190,160,140,140,140
34.45415472984314,0.466083352839996,4.131667151314986,0.2617993877991417,0.34906585039885557,-1.388959440552965,190,190,190,160,140,140,140
34.46437335014343,0.466083352839996,4.131667151314986,0.2617993877991417,0.34906585039885557,-1.388959440552965,190,190,190,180,140,140,140
34.47458553314209,0.4645372234431967,4.122978496445626,0.2617993877991417,0.34906585039885557,-1.4007123745943415,190,190,190,180,140,140,140
34.489893674850464,0.4645372234431967,4.122978496445626,0.2617993877991417,0.34906585039885557,-1.4007123745943415,190,190,190,180,140,140,140
34.50014138221741,0.46313230517015025,4.114519001458003,0.2617993877991417,0.34906585039885557,-1.412146582756892,190,190,190,180,140,140,140
34.51035976409912,0.46313230517015025,4.114519001458003,0.2617993877991417,0.34906585039885557,-1.412146582756892,190,190,190,190,140,140,140
34.52056074142456,0.46313230517015025,4.114519001458003,0.2617993877991417,0.34906585039885557,-1.412146582756892,190,190,190,190,140,140,140
34.53074526786804,0.46313230517015025,4.114519001458003,0.2617993877991417,0.34906585039885557,-1.412146582756892,190,190,190,190,140,140,140
34.54097533226013,0.46313230517015025,4.114519001458003,0.2617993877991417,0.34906585039885557,-1.412146582756892,190,190,190,190,140,140,140
34.5594437122345,0.46313230517015025,4.114519001458003,0.2617993877991417,0.34906585039885557,-1.412146582756892,190,190,190,190,140,140,140
34.569931507110596,0.4605716019201387,4.097297575056888,0.2617993877991417,0.34906585039885557,-1.4354244650197259,190,190,190,190,140,140,140
34.580195903778076,0.4605716019201387,4.097297575056888,0.2617993877991417,0.34906585039885557,-1.4354244650197259,190,190,190,190,140,140,140
34.59051847457886,0.4605716019201387,4.097297575056888,0.2617993877991417,0.33161255787891275,-1.4354244650197259,210,210,210,190,140,140,140
34.60580039024353,0.4605716019201387,4.097297575056888,0.2617993877991417,0.33161255787891275,-1.4354244650197259,210,210,210,190,140,140,140
34.61613368988037,0.45943848292091033,4.088806821586713,0.2617993877991417,0.2617993877991417,-1.4466167671266332,210,210,210,190,140,140,140
34.62638807296753,0.45943848292091033,4.088806821586713,0.2617993877991417,0.2617993877991417,-1.4466167671266332,210,210,210,190,140,140,140
34.63670063018799,0.45843743707480117,4.080376847947828,0.2617993877991417,0.24434609527919887,-1.457572631660176,210,210,210,210,150,140,140
34.64714026451111,0.45843743707480117,4.080376847947828,0.2617993877991417,0.2268928027592561,-1.457572631660176,210,210,210,210,150,140,140
34.65939712524414,0.45843743707480117,4.080376847947828,0.2617993877991417,0.2268928027592561,-1.457572631660176,210,210,210,210,150,140,140
34.66965341567993,0.45749816700238366,4.071746797578859,0.2617993877991417,0.2268928027592561,-1.4656535180451367,210,210,210,210,150,140,140
34.67988300323486,0.45749816700238366,4.071746797578859,0.2617993877991417,0.2268928027592561,-1.4656535180451367,210,210,210,210,150,140,140
34.690430879592896,0.45749816700238366,4.071746797578859,0.2617993877991417,0.2268928027592561,-1.4656535180451367,210,200,210,210,170,140,140
34.70747447013855,0.45661942408869804,4.06328090575416,0.2617993877991417,0.2268928027592561,-1.4684463998085255,210,200,210,210,170,140,140
34.71773433685303,0.45661942408869804,4.06328090575416,0.2617993877991417,0.24434609527919887,-1.4684463998085255,210,200,210,210,170,140,140
34.72795629501343,0.45661942408869804,4.06328090575416,0.2617993877991417,0.24434609527919887,-1.4684463998085255,210,200,210,210,170,140,140
34.738213777542114,0.45576250467497254,4.054725745082651,0.2617993877991417,0.2617993877991417,-1.4747086258741757,210,210,210,210,180,140,140
34.75847148895264,0.45576250467497254,4.054725745082651,0.2617993877991417,0.2617993877991417,-1.4747086258741757,210,210,210,210,180,140,140
34.76950812339783,0.4549558344025987,4.045946640782391,0.2617993877991417,0.2617993877991417,-1.4835992509340357,210,210,210,210,180,140,140
34.77983355522156,0.4549558344025987,4.045946640782391,0.2617993877991417,0.27925268031908446,-1.4835992509340357,210,210,210,210,180,140,140
34.79075217247009,0.4549558344025987,4.045946640782391,0.2617993877991417,0.27925268031908446,-1.4835992509340357,210,210,210,210,190,140,140
34.809115409851074,0.45424649863170935,4.037408325722459,0.2617993877991417,0.27925268031908446,-1.4922497551908136,210,210,210,210,190,140,140
34.81946134567261,0.45424649863170935,4.037408325722459,0.2617993877991417,0.27925268031908446,-1.4922497551908136,210,210,210,210,190,140,140
34.82979464530945,0.45424649863170935,4.037408325722459,0.2617993877991417,0.2967059728390272,-1.4922497551908136,210,210,210,210,170,140,140
34.85032629966736,0.4536123395850066,4.0288565420996365,0.2617993877991417,0.2967059728390272,-1.50145278667945,210,210,210,210,170,140,140
34.86084294319153,0.4536123395850066,4.0288565420996365,0.2617993877991417,0.2967059728390272,-1.50145278667945,210,210,210,210,170,140,140
34.871159076690674,0.45304298930548315,4.020033770722886,0.2617993877991417,0.2967059728390272,-1.511515950320329,210,210,210,210,170,140,140
34.881481885910034,0.45304298930548315,4.020033770722886,0.2617993877991417,0.2967059728390272,-1.511515950320329,210,210,210,210,190,140,140
34.89773464202881,0.45304298930548315,4.020033770722886,0.2617993877991417,0.2967059728390272,-1.511515950320329,210,210,210,210,190,140,140
34.90799403190613,0.45257471586910814,4.011461526048482,0.2617993877991417,0.2967059728390272,-1.5212608072871872,210,210,210,210,190,140,140
34.918211936950684,0.45257471586910814,4.011461526048482,0.2617993877991417,0.2967059728390272,-1.5212608072871872,210,210,210,210,190,140,140
34.928462505340576,0.45257471586910814,4.011461526048482,0.2617993877991417,0.31415926535897,-1.5212608072871872,210,210,210,210,210,150,140
34.94365334510803,0.45257471586910814,4.011461526048482,0.2617993877991417,0.31415926535897,-1.5212608072871872,210,210,210,210,210,150,140
34.95400857925415,0.452189144112735,4.0028931095204,0.2617993877991417,0.31415926535897,-1.5308738188294486,210,210,210,210,210,150,140
34.964229106903076,0.45188320488356803,3.9941211413209663,0.2617993877991417,0.31415926535897,-1.5409188270276903,210,210,210,210,210,150,130
34.97445034980774,0.45188320488356803,3.9941211413209663,0.2617993877991417,0.31415926535897,-1.5409188270276903,210,210,210,210,210,150,130
34.9896605014801,0.45188320488356803,3.9941211413209663,0.2617993877991417,0.31415926535897,-1.5409188270276903,210,210,210,210,210,150,130
34.999924421310425,0.4516714693627241,3.985570311309646,0.2617993877991417,0.31415926535897,-1.5509746930889956,210,210,210,210,210,150,130
35.010133266448975,0.4516714693627241,3.985570311309646,0.2617993877991417,0.31415926535897,-1.5509746930889956,210,210,210,210,210,150,130
35.0204713344574,0.4516714693627241,3.985570311309646,0.2617993877991417,0.31415926535897,-1.5509746930889956,210,210,210,210,210,150,120
35.030797481536865,0.4516714693627241,3.985570311309646,0.2617993877991417,0.31415926535897,-1.5509746930889956,210,210,210,210,210,150,120
35.04127812385559,0.45154522067647684,3.9770174011309813,0.2617993877991417,0.33161255787891275,-1.5610327568478237,210,210,210,210,210,150,120
35.051533222198486,0.45154522067647684,3.9770174011309813,0.2617993877991417,0.33161255787891275,-1.5610327568478237,210,210,210,210,210,150,120
35.061769008636475,0.45154522067647684,3.9770174011309813,0.2617993877991417,0.33161255787891275,-1.5610327568478237,210,210,210,210,210,170,130
35.072065114974976,0.4515060876363539,3.9681984541710595,0.2617993877991417,0.34906585039885557,-1.5714735358286482,210,210,210,210,210,170,130
35.08994770050049,0.4515060876363539,3.9681984541710595,0.2617993877991417,0.34906585039885557,-1.5714735358286482,210,210,210,210,210,170,130
35.10029172897339,0.45156163788746007,3.9596634113371345,0.2617993877991417,0.36651914291879834,-1.582887212309325,210,210,210,210,210,170,130
35.11051630973816,0.45156163788746007,3.9596634113371345,0.2617993877991417,0.36651914291879834,-1.582887212309325,210,210,210,210,210,170,130
35.12073826789856,0.45156163788746007,3.9596634113371345,0.2617993877991417,0.36651914291879834,-1.582887212309325,210,210,210,210,210,210,130
35.13870882987976,0.45156163788746007,3.9596634113371345,0.2617993877991417,0.36651914291879834,-1.582887212309325,210,210,210,210,210,210,130
35.14892840385437,0.4517155037065148,3.9511484802199472,0.2617993877991417,0.36651914291879834,-1.5950799678022654,210,210,210,210,210,210,130
35.159170389175415,0.4517155037065148,3.9511484802199472,0.2617993877991417,0.36651914291879834,-1.5950799678022654,210,210,210,210,210,210,140
35.169381856918335,0.4519831889784274,3.94237125517686,0.2617993877991417,0.36651914291879834,-1.607702401239459,210,210,210,210,210,210,140
35.188698530197144,0.4519831889784274,3.94237125517686,0.2617993877991417,0.36651914291879834,-1.607702401239459,210,210,210,210,210,210,140
35.19893264770508,0.4519831889784274,3.94237125517686,0.2617993877991417,0.36651914291879834,-1.607702401239459,210,210,210,210,210,210,140
35.209198236465454,0.4523493158840013,3.933845368921881,0.2617993877991417,0.36651914291879834,-1.6199589852531016,210,210,210,210,210,210,140
35.21986722946167,0.4523493158840013,3.933845368921881,0.2617993877991417,0.36651914291879834,-1.6199589852531016,210,210,210,210,210,210,150
35.23740744590759,0.45281984606242653,3.9253194749613627,0.2617993877991417,0.36651914291879834,-1.6321708996447466,210,210,210,210,210,210,150
35.247642993927,0.45281984606242653,3.9253194749613627,0.2617993877991417,0.36651914291879834,-1.6321708996447466,210,210,210,210,210,210,150
35.25783061981201,0.45281984606242653,3.9253194749613627,0.2617993877991417,0.36651914291879834,-1.6321708996447466,210,210,210,210,210,210,210
35.26804542541504,0.45341251727201515,3.9165507779265294,0.2617993877991417,0.36651914291879834,-1.6446153303249937,210,210,210,210,210,210,210
35.27828812599182,0.45341251727201515,3.9165507779265294,0.2617993877991417,0.36651914291879834,-1.6446153303249937,210,210,210,210,210,210,210
35.28888964653015,0.45341251727201515,3.9165507779265294,0.2617993877991417,0.36651914291879834,-1.6446153303249937,210,210,210,210,210,210,210
35.29918098449707,0.45408977126529726,3.9080882982992247,0.2617993877991417,0.36651914291879834,-1.6563038693668002,210,210,210,210,210,210,210
35.309401750564575,0.45408977126529726,3.9080882982992247,0.2617993877991417,0.36651914291879834,-1.6563038693668002,210,210,210,210,210,210,210
35.31972789764404,0.45408977126529726,3.9080882982992247,0.2617993877991417,0.36651914291879834,-1.6563038693668002,210,210,210,210,210,210,210
35.33876347541809,0.45408977126529726,3.9080882982992247,0.2617993877991417,0.36651914291879834,-1.6563038693668002,210,210,210,210,210,210,210
35.34921336174011,0.4548690626548336,3.8996027071617703,0.2617993877991417,0.36651914291879834,-1.6681588864958266,210,210,210,210,210,210,210
35.35940885543823,0.4548690626548336,3.8996027071617703,0.2617993877991417,0.36651914291879834,-1.6681588864958266,210,210,210,210,210,210,210
35.36963081359863,0.45577617092353345,3.890860867385894,0.2617993877991417,0.36651914291879834,-1.6803565517788266,210,210,210,210,210,210,210
35.37982368469238,0.45577617092353345,3.890860867385894,0.2617993877991417,0.36651914291879834,-1.6803565517788266,210,210,210,210,210,210,210
35.39459466934204,0.45577617092353345,3.890860867385894,0.2617993877991417,0.36651914291879834,-1.6803565517788266,210,210,210,210,210,210,210
35.40480327606201,0.4567596213454405,3.882375943237619,0.2617993877991417,0.36651914291879834,-1.6922201881368264,210,210,210,210,210,210,210
35.41501474380493,0.4567596213454405,3.882375943237619,0.2617993877991417,0.36651914291879834,-1.6922201881368264,210,210,200,200,210,210,210
35.425208568573,0.4567596213454405,3.882375943237619,0.2617993877991417,0.36651914291879834,-1.6922201881368264,210,210,200,200,210,210,210
35.442713499069214,0.4578449373687083,3.873892284227525,0.2617993877991417,0.36651914291879834,-1.7041085112728689,210,210,200,200,210,210,210
35.452921867370605,0.4578449373687083,3.873892284227525,0.2617993877991417,0.36651914291879834,-1.7041085112728689,210,210,200,200,210,210,210
35.46313118934631,0.4578449373687083,3.873892284227525,0.2617993877991417,0.36651914291879834,-1.7041085112728689,210,210,200,200,210,210,210
35.47335243225098,0.4590695495051264,3.86515662720979,0.2617993877991417,0.36651914291879834,-1.7163997734630148,210,210,210,210,210,210,210
35.4902868270874,0.4590695495051264,3.86515662720979,0.2617993877991417,0.36651914291879834,-1.7163997734630148,210,210,210,210,210,210,210
35.50052571296692,0.46036078049513773,3.856689275661038,0.2617993877991417,0.36651914291879834,-1.7284030425449255,210,210,210,210,210,210,210
35.51080560684204,0.46036078049513773,3.856689275661038,0.2617993877991417,0.36651914291879834,-1.7284030425449255,210,210,210,210,210,210,210
35.52106857299805,0.46036078049513773,3.856689275661038,0.2617993877991417,0.36651914291879834,-1.7284030425449255,200,210,200,200,210,210,210
35.53767275810242,0.46036078049513773,3.856689275661038,0.2617993877991417,0.36651914291879834,-1.7284030425449255,200,210,200,200,210,210,210
35.547998905181885,0.4617576947814851,3.8482280537138887,0.2617993877991417,0.36651914291879834,-1.7404146185178573,200,210,200,200,210,210,210
35.55819582939148,0.4617576947814851,3.8482280537138887,0.2617993877991417,0.36651914291879834,-1.7404146185178573,200,190,190,190,190,190,210
35.56867599487305,0.46330110092809157,3.8395263144152425,0.2617993877991417,0.36651914291879834,-1.7527753904999488,200,190,190,190,190,190,210
35.57889175415039,0.46330110092809157,3.8395263144152425,0.2617993877991417,0.36651914291879834,-1.7527753904999488,200,190,190,190,190,190,210
35.58966827392578,0.46330110092809157,3.8395263144152425,0.2617993877991417,0.36651914291879834,-1.7527753904999488,200,190,190,190,190,190,210
35.59988808631897,0.46489237511912196,3.831164416620143,0.2617993877991417,0.36651914291879834,-1.7650272786023289,200,190,190,190,190,190,210
35.61008667945862,0.46489237511912196,3.831164416620143,0.2617993877991417,0.36651914291879834,-1.7650272786023289,190,210,190,190,210,190,210
35.620306968688965,0.46489237511912196,3.831164416620143,0.2617993877991417,0.36651914291879834,-1.7650272786023289,190,210,190,190,210,190,210
35.63779091835022,0.46489237511912196,3.831164416620143,0.2617993877991417,0.36651914291879834,-1.7650272786023289,190,210,190,190,210,190,210
35.64815163612366,0.46658113644000404,3.8228528042165166,0.2617993877991417,0.36651914291879834,-1.7769711763028366,190,210,190,190,210,190,210
35.65859031677246,0.46658113644000404,3.8228528042165166,0.2617993877991417,0.36651914291879834,-1.7769711763028366,190,210,190,190,210,190,210
35.668858766555786,0.46842676256429705,3.814294026662241,0.2617993877991417,0.36651914291879834,-1.7894141531604304,180,210,210,190,210,210,210
35.67907190322876,0.46842676256429705,3.814294026662241,0.2617993877991417,0.36651914291879834,-1.7894141531604304,180,210,210,190,210,210,210
35.68924832344055,0.46842676256429705,3.814294026662241,0.2617993877991417,0.36651914291879834,-1.7894141531604304,180,210,210,190,210,210,210
35.69945287704468,0.47032060667676434,3.806004423170743,0.2617993877991417,0.36651914291879834,-1.8014505144814323,180,210,210,190,210,210,210
35.7096529006958,0.47032060667676434,3.806004423170743,0.2617993877991417,0.36651914291879834,-1.8014505144814323,190,190,190,190,200,190,190
35.71987748146057,0.47032060667676434,3.806004423170743,0.2617993877991417,0.36651914291879834,-1.8014505144814323,190,190,190,190,200,190,190
35.73011660575867,0.47032060667676434,3.806004423170743,0.2617993877991417,0.36651914291879834,-1.8014505144814323,190,190,190,190,200,190,190
35.74048042297363,0.47231707850641375,3.797726240427574,0.2617993877991417,0.36651914291879834,-1.8134925361411556,190,190,190,190,200,190,190
35.750773191452026,0.47231707850641375,3.797726240427574,0.2617993877991417,0.36651914291879834,-1.8134925361411556,190,190,190,190,200,190,190
35.76099419593811,0.47231707850641375,3.797726240427574,0.2617993877991417,0.36651914291879834,-1.8134925361411556,190,190,190,190,200,190,190
35.77122735977173,0.47448032732430956,3.7892112289730306,0.2617993877991417,0.36651914291879834,-1.8259321188750737,190,190,190,190,200,190,190
35.781753063201904,0.47448032732430956,3.7892112289730306,0.2617993877991417,0.34906585039885557,-1.8259321188750737,180,190,190,190,190,190,190
35.800617694854736,0.47448032732430956,3.7892112289730306,0.2617993877991417,0.33161255787891275,-1.8259321188750737,180,190,190,190,190,190,190
35.81100630760193,0.476684864136954,3.78096046556403,0.2617993877991417,0.2967059728390272,-1.8380156888734562,180,190,190,190,190,190,190
35.82123947143555,0.476684864136954,3.78096046556403,0.2617993877991417,0.27925268031908446,-1.8380156888734562,180,190,190,190,190,190,190
35.83149814605713,0.476684864136954,3.78096046556403,0.2617993877991417,0.27925268031908446,-1.8380156888734562,190,190,200,190,190,200,200
35.846680879592896,0.47899063732220504,3.7727143909964536,0.2617993877991417,0.2617993877991417,-1.8490132219509916,190,190,200,190,190,200,200
35.85727524757385,0.47899063732220504,3.7727143909964536,0.2617993877991417,0.2268928027592561,-1.8490132219509916,190,190,200,190,190,200,200
35.86755013465881,0.4814619535258707,3.764215879054351,0.2617993877991417,0.12217304763959944,-1.8586429046420845,190,190,200,190,190,200,200
35.877811908721924,0.4814619535258707,3.764215879054351,0.2617993877991417,0.12217304763959944,-1.8586429046420845,180,180,200,190,190,200,200
35.89508819580078,0.4814619535258707,3.764215879054351,0.2617993877991417,0.12217304763959944,-1.8586429046420845,180,180,200,190,190,200,200
35.90547490119934,0.48393705206155196,3.7559664012520027,0.2617993877991417,0.06981317007977111,-1.8662646802257659,180,180,200,190,190,200,200
35.91578245162964,0.48393705206155196,3.7559664012520027,0.2617993877991417,0.05235987755982833,-1.8662646802257659,180,180,200,190,190,200,200
35.92601180076599,0.48393705206155196,3.7559664012520027,0.2617993877991417,0.05235987755982833,-1.8662646802257659,180,190,190,190,190,190,190
35.936309576034546,0.4865016699259511,3.7476238008197518,0.2617993877991417,0.0,-1.8713740847670068,180,190,190,190,190,190,190
35.95024871826172,0.4865016699259511,3.7476238008197518,0.2617993877991417,0.0,-1.8713740847670068,180,190,190,190,190,190,190
35.960514307022095,0.4865016699259511,3.7476238008197518,0.2617993877991417,0.0,-1.8713740847670068,180,190,190,190,190,190,190
35.97084188461304,0.4892225564694812,3.738890870529796,0.2617993877991417,0.0,-1.873716639336592,180,190,190,190,190,190,190
35.981121301651,0.4892225564694812,3.738890870529796,0.2617993877991417,0.0,-1.873716639336592,180,190,190,190,190,190,190
35.99704599380493,0.4892225564694812,3.738890870529796,0.2617993877991417,0.0,-1.873716639336592,180,190,190,190,190,190,190
36.007352352142334,0.4918336786567041,3.7305482675009793,0.2617993877991417,0.0,-1.874251711706833,180,190,190,190,190,190,190
36.01764178276062,0.4918336786567041,3.7305482675009793,0.2617993877991417,0.0,-1.874251711706833,180,190,190,190,190,190,190
36.0279107093811,0.4918336786567041,3.7305482675009793,0.2617993877991417,0.0,-1.874251711706833,180,190,210,210,210,210,210
36.04470252990723,0.4918336786567041,3.7305482675009793,0.2617993877991417,0.0,-1.874251711706833,180,190,210,210,210,210,210
36.05511474609375,0.4944089922206551,3.7223306097658018,0.2617993877991417,0.0,-1.8742130186635506,180,190,210,210,210,210,210
36.06536293029785,0.4970609636957301,3.713868496999048,0.2617993877991417,0.0,-1.8742815189805062,180,190,210,210,210,210,210
36.07558608055115,0.4970609636957301,3.713868496999048,0.2617993877991417,0.0,-1.8742815189805062,180,190,210,210,210,210,210
36.08582520484924,0.4970609636957301,3.713868496999048,0.2617993877991417,0.0,-1.8742815189805062,180,190,210,210,210,210,210
36.09931397438049,0.4970609636957301,3.713868496999048,0.2617993877991417,0.0,-1.8742815189805062,180,190,210,210,210,210,210
36.10991072654724,0.49963599049660135,3.7056492129937197,0.2617993877991417,0.0,-1.8743730943110684,180,190,210,210,210,210,210
36.1201708316803,0.49963599049660135,3.7056492129937197,0.2617993877991417,0.0,-1.8743730943110684,180,190,210,210,210,210,210
36.13045930862427,0.49963599049660135,3.7056492129937197,0.2617993877991417,0.0,-1.8743730943110684,180,190,210,210,210,210,210
36.15017247200012,0.49963599049660135,3.7056492129937197,0.2617993877991417,0.0,-1.8743730943110684,180,190,210,210,210,210,210
36.16067600250244,0.5022147998123759,3.697421184881451,0.2617993877991417,0.0,-1.8744601620077141,180,190,210,210,210,210,210
36.17090582847595,0.5048761619335753,3.688932481984577,0.2617993877991417,0.0,-1.8745349890321714,180,190,210,190,190,190,200
36.181602239608765,0.5048761619335753,3.688932481984577,0.2617993877991417,0.0,-1.8745349890321714,180,190,210,190,190,190,200
36.1975519657135,0.5048761619335753,3.688932481984577,0.2617993877991417,0.0,-1.8745349890321714,180,190,210,190,190,190,200
36.207796812057495,0.5074626832306164,3.6806837014140004,0.2617993877991417,0.0,-1.874602780881705,180,190,210,190,190,190,200
36.21801424026489,0.5074626832306164,3.6806837014140004,0.2617993877991417,0.0,-1.874602780881705,180,190,210,190,190,190,200
36.22827863693237,0.5074626832306164,3.6806837014140004,0.2617993877991417,0.0,-1.874602780881705,180,190,210,210,190,190,210
36.2451708316803,0.5100526542957732,3.6724250148401705,0.2617993877991417,0.0,-1.8746685056847907,180,190,210,210,190,190,210
36.2554669380188,0.5100526542957732,3.6724250148401705,0.2617993877991417,-0.06981317007977111,-1.8746685056847907,180,190,210,210,190,190,210
36.26568937301636,0.5100526542957732,3.6724250148401705,0.2617993877991417,-0.06981317007977111,-1.8746685056847907,180,190,210,210,190,200,210
36.27591300010681,0.5127240571872489,3.6639075659265217,0.2617993877991417,-0.08726646259971389,-1.874724077649404,180,190,210,210,190,200,210
36.28920936584473,0.5127240571872489,3.6639075659265217,0.2617993877991417,-0.10471975511965666,-1.874724077649404,180,190,210,210,190,200,210
36.29942846298218,0.5153185587497581,3.655611160049115,0.2617993877991417,-0.12217304763959944,-1.8727433588622913,180,190,210,210,190,200,210
36.30963087081909,0.5153185587497581,3.655611160049115,0.2617993877991417,-0.12217304763959944,-1.8727433588622913,180,190,210,210,210,210,210
36.31996417045593,0.5153185587497581,3.655611160049115,0.2617993877991417,-0.13962634015954223,-1.8727433588622913,180,190,210,210,210,210,210
36.339685916900635,0.5153185587497581,3.655611160049115,0.2617993877991417,-0.13962634015954223,-1.8727433588622913,180,190,210,210,210,210,210
36.34996294975281,0.5179001989804956,3.6472794383642975,0.2617993877991417,-0.157079632679485,-1.8689938719098813,180,190,210,210,210,210,210
36.36020827293396,0.5179001989804956,3.6472794383642975,0.2617993877991417,-0.157079632679485,-1.8689938719098813,180,190,210,210,210,210,210
36.37045741081238,0.5205157020993494,3.6386926072378607,0.2617993877991417,-0.157079632679485,-1.8643194844650255,180,190,210,210,210,210,210
36.38793110847473,0.5205157020993494,3.6386926072378607,0.2617993877991417,-0.157079632679485,-1.8643194844650255,180,190,210,210,210,210,210
36.39816474914551,0.5205157020993494,3.6386926072378607,0.2617993877991417,-0.17453292519942779,-1.8643194844650255,180,190,210,210,210,210,210
36.40835738182068,0.5229954450301741,3.630421097963764,0.2617993877991417,-0.17453292519942779,-1.8591815852242715,170,210,210,210,210,210,210
36.41856384277344,0.5229954450301741,3.630421097963764,0.2617993877991417,-0.17453292519942779,-1.8591815852242715,170,210,210,210,210,210,210
36.428797006607056,0.5229954450301741,3.630421097963764,0.2617993877991417,-0.17453292519942779,-1.8591815852242715,170,210,210,210,210,210,210
36.43900775909424,0.5254184339766563,3.6221833824689083,0.2617993877991417,-0.19198621771937055,-1.853914690099541,170,210,210,210,210,210,210
36.44921660423279,0.5254184339766563,3.6221833824689083,0.2617993877991417,-0.19198621771937055,-1.853914690099541,170,210,210,210,210,210,210
36.4594407081604,0.5254184339766563,3.6221833824689083,0.2617993877991417,-0.19198621771937055,-1.853914690099541,180,190,210,210,210,210,210
36.46962785720825,0.5278808763089312,3.6136265461623296,0.2617993877991417,-0.19198621771937055,-1.848117701863262,180,190,210,210,210,210,210
36.48820948600769,0.5278808763089312,3.6136265461623296,0.2617993877991417,-0.19198621771937055,-1.848117701863262,180,190,210,210,210,210,210
36.49850344657898,0.5278808763089312,3.6136265461623296,0.2617993877991417,-0.20943951023931331,-1.848117701863262,180,190,210,210,210,210,210
36.5086829662323,0.5302283265636295,3.605288633824453,0.2617993877991417,-0.20943951023931331,-1.8418948693907191,180,210,210,210,210,210,210
36.51888108253479,0.5302283265636295,3.605288633824453,0.2617993877991417,-0.20943951023931331,-1.8418948693907191,180,210,210,210,210,210,210
36.529062032699585,0.5302283265636295,3.605288633824453,0.2617993877991417,-0.20943951023931331,-1.8418948693907191,180,210,210,210,210,210,210
36.541733741760254,0.5302283265636295,3.605288633824453,0.2617993877991417,-0.20943951023931331,-1.8418948693907191,180,210,210,210,210,210,210
36.5521023273468,0.5325257892405897,3.5969202142215373,0.2617993877991417,-0.20943951023931331,-1.8350879685354728,180,210,210,210,210,210,210
36.56230449676514,0.5325257892405897,3.5969202142215373,0.2617993877991417,-0.20943951023931331,-1.8350879685354728,180,210,210,210,210,210,210
36.57246685028076,0.5348363235116953,3.5882688890083387,0.2617993877991417,-0.20943951023931331,-1.8280377678648312,180,210,210,210,210,210,210
36.590983390808105,0.5348363235116953,3.5882688890083387,0.2617993877991417,-0.20943951023931331,-1.8280377678648312,180,210,210,210,210,210,210
36.60120964050293,0.5370234649679236,3.5798443470538324,0.2617993877991417,-0.20943951023931331,-1.8211791043312462,180,210,210,210,210,210,210
36.61140465736389,0.5370234649679236,3.5798443470538324,0.2617993877991417,-0.20943951023931331,-1.8211791043312462,180,210,210,210,210,210,210
36.622036933898926,0.5370234649679236,3.5798443470538324,0.2617993877991417,-0.20943951023931331,-1.8211791043312462,180,210,210,210,210,210,210
36.6378870010376,0.5391554413118584,3.5713928975059197,0.2617993877991417,-0.20943951023931331,-1.8143052748620125,180,210,210,210,210,210,210
36.64811730384827,0.5391554413118584,3.5713928975059197,0.2617993877991417,-0.10471975511965666,-1.8143052748620125,180,210,210,210,210,210,210
36.65851902961731,0.5391554413118584,3.5713928975059197,0.2617993877991417,-0.10471975511965666,-1.8143052748620125,180,210,210,210,210,210,210
36.668708086013794,0.5412934829378393,3.5626586309845365,0.2617993877991417,-0.08726646259971389,-1.8072113058143267,180,210,210,210,210,210,210
36.68890833854675,0.5412934829378393,3.5626586309845365,0.2617993877991417,-0.08726646259971389,-1.8072113058143267,180,210,210,210,210,210,210
36.69962525367737,0.5433203276881908,3.5541737995702283,0.2617993877991417,0.0,-1.8041497398736208,180,210,210,210,210,210,210
36.7099187374115,0.5433203276881908,3.5541737995702283,0.2617993877991417,0.0,-1.8041497398736208,190,210,210,210,210,210,210
36.720383405685425,0.5433203276881908,3.5541737995702283,0.2617993877991417,0.0,-1.8041497398736208,190,210,210,210,210,210,210
36.73075294494629,0.5433203276881908,3.5541737995702283,0.2617993877991417,0.0,-1.8041497398736208,190,210,210,210,210,210,210
36.74223041534424,0.5433203276881908,3.5541737995702283,0.2617993877991417,0.0,-1.8041497398736208,190,210,210,210,210,210,210
36.7529354095459,0.5453230637220331,3.5457311418362263,0.2617993877991417,0.0,-1.804175488346711,190,210,210,210,210,210,210
36.76323747634888,0.5453230637220331,3.5457311418362263,0.2617993877991417,0.0,-1.804175488346711,190,210,210,210,210,210,210
36.77394962310791,0.5473742458035304,3.537060278348492,0.2617993877991417,0.0,-1.804285123824058,190,210,210,210,210,210,210
36.79059910774231,0.5473742458035304,3.537060278348492,0.2617993877991417,0.0,-1.804285123824058,190,210,210,210,210,210,210
36.80087351799011,0.5493686365855727,3.5287015818828955,0.2617993877991417,0.0,-1.8045366467391384,190,210,210,210,210,210,210
36.81110954284668,0.5493686365855727,3.5287015818828955,0.2617993877991417,0.0,-1.8045366467391384,190,210,210,210,210,210,210
36.82133913040161,0.5493686365855727,3.5287015818828955,0.2617993877991417,0.0,-1.8045366467391384,200,210,210,210,210,210,210
36.83817219734192,0.5513636494921859,3.520330399922786,0.2617993877991417,0.0,-1.8045294378655399,200,210,210,210,210,210,210
36.84838557243347,0.5513636494921859,3.520330399922786,0.2617993877991417,0.0,-1.8045294378655399,200,210,210,210,210,210,210
36.85903358459473,0.5513636494921859,3.520330399922786,0.2617993877991417,0.0,-1.8045294378655399,200,210,210,210,210,210,210
36.86930990219116,0.5534179881383285,3.511704218383643,0.2617993877991417,0.0,-1.8045387249812266,210,210,210,210,210,210,210
36.888062953948975,0.5534179881383285,3.511704218383643,0.2617993877991417,0.0,-1.8045387249812266,210,210,210,210,210,210,210
36.89836406707764,0.5534179881383285,3.511704218383643,0.2617993877991417,0.0,-1.8045387249812266,210,210,210,210,210,210,210
36.908589363098145,0.5554147092578458,3.5033220504116587,0.2617993877991417,0.0,-1.8045404836584993,190,210,210,210,210,210,210
36.91880655288696,0.5554147092578458,3.5033220504116587,0.2617993877991417,0.0,-1.8045404836584993,190,210,210,210,210,210,210
36.929014682769775,0.5554147092578458,3.5033220504116587,0.2617993877991417,0.0,-1.8045404836584993,190,210,210,210,210,210,210
36.94103693962097,0.5554147092578458,3.5033220504116587,0.2617993877991417,0.0,-1.8045404836584993,190,210,210,210,210,210,210
36.9512414932251,0.5554147092578458,3.5033220504116587,0.2617993877991417,0.0,-1.8045404836584993,190,210,210,210,210,210,210
36.961729288101196,0.5574139570421643,3.4949292729898094,0.2617993877991417,0.0,-1.8045434097672206,190,210,210,210,210,210,210
36.97199249267578,0.5594761647313062,3.4862720546021815,0.2617993877991417,0.0,-1.8045449892846155,190,210,210,210,190,210,200
36.98229789733887,0.5594761647313062,3.4862720546021815,0.2617993877991417,0.0,-1.8045449892846155,190,210,210,210,190,210,200
36.9932746887207,0.5594761647313062,3.4862720546021815,0.2617993877991417,0.0,-1.8045449892846155,190,210,210,210,190,210,200
37.003488302230835,0.5614800467895918,3.4778595458596455,0.2617993877991417,0.0,-1.8045451284763958,190,210,210,210,190,210,200
37.013707637786865,0.5614800467895918,3.4778595458596455,0.2617993877991417,0.0,-1.8045451284763958,190,210,210,210,190,210,200
37.02390909194946,0.5614800467895918,3.4778595458596455,0.2617993877991417,0.0,-1.8045451284763958,190,210,210,210,200,210,200
37.03902626037598,0.5614800467895918,3.4778595458596455,0.2617993877991417,0.0,-1.8045451284763958,190,210,210,210,200,210,200
37.04944705963135,0.5634861363017161,3.4694368299420244,0.2617993877991417,-0.05235987755982833,-1.8045482503232495,190,210,210,210,200,210,200
37.05965566635132,0.5634861363017161,3.4694368299420244,0.2617993877991417,-0.05235987755982833,-1.8045482503232495,190,210,210,210,200,210,200
37.06994915008545,0.5655549240098598,3.460748584118771,0.2617993877991417,-0.06981317007977111,-1.8045553926488127,200,200,200,190,180,190,190
37.088996171951294,0.5655549240098598,3.460748584118771,0.2617993877991417,-0.06981317007977111,-1.8045553926488127,200,200,200,190,180,190,190
37.09923505783081,0.5675619087374524,3.452291267229944,0.2617993877991417,-0.10471975511965666,-1.8026023977043268,200,200,200,190,180,190,190
37.109426975250244,0.5675619087374524,3.452291267229944,0.2617993877991417,-0.10471975511965666,-1.8026023977043268,190,200,190,190,180,190,190
37.11982798576355,0.5675619087374524,3.452291267229944,0.2617993877991417,-0.12217304763959944,-1.8026023977043268,190,200,190,190,180,190,190
37.138347148895264,0.5675619087374524,3.452291267229944,0.2617993877991417,-0.13962634015954223,-1.8026023977043268,190,200,190,190,180,190,190
37.148659467697144,0.5695443263062603,3.443824429426615,0.2617993877991417,-0.157079632679485,-1.7992734373467865,190,200,190,190,180,190,190
37.159064292907715,0.5695443263062603,3.443824429426615,0.2617993877991417,-0.157079632679485,-1.7992734373467865,190,200,190,190,180,190,190
37.16970109939575,0.5715410514974109,3.4351284297956926,0.2617993877991417,-0.17453292519942779,-1.7953983583993285,190,220,220,220,210,210,210
37.17997169494629,0.5715410514974109,3.4351284297956926,0.2617993877991417,-0.17453292519942779,-1.7953983583993285,190,220,220,220,210,210,210
37.19025683403015,0.5715410514974109,3.4351284297956926,0.2617993877991417,-0.17453292519942779,-1.7953983583993285,190,220,220,220,210,210,210
37.200478315353394,0.5734518069199648,3.4267163525432434,0.2617993877991417,-0.17453292519942779,-1.7909493508451872,190,220,220,220,210,210,210
37.210675954818726,0.5734518069199648,3.4267163525432434,0.2617993877991417,-0.17453292519942779,-1.7909493508451872,190,220,220,220,210,210,210
37.22092819213867,0.5734518069199648,3.4267163525432434,0.2617993877991417,-0.17453292519942779,-1.7909493508451872,190,220,220,210,210,220,220
37.23666596412659,0.575312638195474,3.4182862971164845,0.2617993877991417,-0.17453292519942779,-1.7851827325592005,190,220,220,210,210,220,220
37.24699091911316,0.575312638195474,3.4182862971164845,0.2617993877991417,-0.06981317007977111,-1.7851827325592005,190,220,220,210,210,220,220
37.25720548629761,0.575312638195474,3.4182862971164845,0.2617993877991417,-0.05235987755982833,-1.7851827325592005,190,220,220,210,210,220,220
37.267411947250366,0.5771854925038309,3.4095693500924256,0.2617993877991417,-0.05235987755982833,-1.779284690839216,190,220,210,210,210,210,210
37.27767276763916,0.5771854925038309,3.4095693500924256,0.2617993877991417,0.0,-1.779284690839216,190,220,210,210,210,210,210
37.290123462677,0.5771854925038309,3.4095693500924256,0.2617993877991417,0.0,-1.779284690839216,190,220,210,210,210,210,210
37.30034112930298,0.5789484844115284,3.4011906084990735,0.2617993877991417,0.0,-1.7786002541549353,190,220,210,210,210,210,210
37.31057953834534,0.5789484844115284,3.4011906084990735,0.2617993877991417,0.0,-1.7786002541549353,190,220,210,210,210,210,210
37.32077383995056,0.5789484844115284,3.4011906084990735,0.2617993877991417,0.0,-1.7786002541549353,190,210,210,210,210,210,210
37.33102560043335,0.5789484844115284,3.4011906084990735,0.2617993877991417,0.0,-1.7786002541549353,190,210,210,210,210,210,210
37.34278202056885,0.5807284169967538,3.3927729360293517,0.2617993877991417,0.0,-1.779138469394867,190,210,210,210,210,210,210
37.35300970077515,0.5807284169967538,3.3927729360293517,0.2617993877991417,0.0,-1.779138469394867,190,210,210,210,210,210,210
37.363189697265625,0.5807284169967538,3.3927729360293517,0.2617993877991417,0.0,-1.779138469394867,190,210,210,210,210,210,210
37.373409032821655,0.5825702365970766,3.38406403977865,0.2617993877991417,0.0,-1.779113625256299,190,210,200,190,190,190,200
37.388527154922485,0.5825702365970766,3.38406403977865,0.2617993877991417,0.0,-1.779113625256299,190,210,200,190,190,190,200
37.39878845214844,0.5825702365970766,3.38406403977865,0.2617993877991417,0.0,-1.779113625256299,190,210,200,190,190,190,200
37.4089994430542,0.5843597998065434,3.3756018391786027,0.2617993877991417,0.0,-1.779090146187155,190,210,200,190,190,190,200
37.41920733451843,0.5843597998065434,3.3756018391786027,0.2617993877991417,-0.05235987755982833,-1.779090146187155,190,210,200,190,190,190,200
37.43942952156067,0.5843597998065434,3.3756018391786027,0.2617993877991417,-0.05235987755982833,-1.779090146187155,190,210,200,190,190,190,200
37.44984984397888,0.5861508857103184,3.36712986925406,0.2617993877991417,-0.06981317007977111,-1.7790678352496512,190,210,200,190,190,190,200
37.46006155014038,0.5861508857103184,3.36712986925406,0.2617993877991417,-0.06981317007977111,-1.7790678352496512,190,210,200,190,190,190,200
37.47024488449097,0.5879932979971539,3.358374264135845,0.2617993877991417,-0.08726646259971389,-1.7769444242665053,200,210,210,190,190,190,210
37.48043775558472,0.5879932979971539,3.358374264135845,0.2617993877991417,-0.08726646259971389,-1.7769444242665053,200,210,210,190,190,190,210
37.49072813987732,0.5879932979971539,3.358374264135845,0.2617993877991417,-0.08726646259971389,-1.7769444242665053,200,210,210,190,190,190,210
37.50094652175903,0.5897609541984018,3.3498605563957073,0.2617993877991417,-0.10471975511965666,-1.7741150184447132,200,210,210,190,190,190,210
37.51115131378174,0.5897609541984018,3.3498605563957073,0.2617993877991417,-0.10471975511965666,-1.7741150184447132,200,210,210,190,190,190,210
37.52191114425659,0.5897609541984018,3.3498605563957073,0.2617993877991417,-0.10471975511965666,-1.7741150184447132,190,210,190,190,190,190,200
37.5377676486969,0.5914986414917234,3.3413533570459575,0.2617993877991417,-0.10471975511965666,-1.7708234915589671,190,210,190,190,190,190,200
37.54800796508789,0.5914986414917234,3.3413533570459575,0.2617993877991417,-0.12217304763959944,-1.7708234915589671,190,210,190,190,190,190,200
37.558231592178345,0.5914986414917234,3.3413533570459575,0.2617993877991417,-0.12217304763959944,-1.7708234915589671,190,210,190,190,190,190,200
37.56870126724243,0.5932540985523066,3.3326174509111093,0.2617993877991417,-0.12217304763959944,-1.7675982181073184,190,210,190,190,190,190,200
37.58897566795349,0.5932540985523066,3.3326174509111093,0.2617993877991417,-0.12217304763959944,-1.7675982181073184,190,210,190,190,190,190,200
37.59928894042969,0.5949370920634027,3.324122552145132,0.2617993877991417,-0.13962634015954223,-1.764036813494747,190,210,190,190,190,190,200
37.609501123428345,0.5949370920634027,3.324122552145132,0.2617993877991417,-0.157079632679485,-1.764036813494747,190,210,190,190,190,190,200
37.61972689628601,0.5949370920634027,3.324122552145132,0.2617993877991417,-0.157079632679485,-1.764036813494747,210,220,220,210,210,210,210
37.63648509979248,0.5949370920634027,3.324122552145132,0.2617993877991417,-0.157079632679485,-1.764036813494747,210,220,220,210,210,210,210
37.646735429763794,0.5965774365537057,3.315647038961594,0.2617993877991417,-0.17453292519942779,-1.7594673698973753,210,220,220,210,210,210,210
37.6572208404541,0.5965774365537057,3.315647038961594,0.2617993877991417,-0.17453292519942779,-1.7594673698973753,210,220,220,210,210,210,210
37.6674919128418,0.5982263128038128,3.306890291889032,0.2617993877991417,-0.17453292519942779,-1.7541448534237574,210,210,200,190,190,200,190
37.677717208862305,0.5982263128038128,3.306890291889032,0.2617993877991417,-0.17453292519942779,-1.7541448534237574,210,210,200,190,190,200,190
37.69022488594055,0.5982263128038128,3.306890291889032,0.2617993877991417,-0.17453292519942779,-1.7541448534237574,210,210,200,190,190,200,190
37.700374126434326,0.5997831376863721,3.298367677685991,0.2617993877991417,-0.17453292519942779,-1.7483862047833911,210,210,200,190,190,200,190
37.71056032180786,0.5997831376863721,3.298367677685991,0.2617993877991417,-0.17453292519942779,-1.7483862047833911,210,210,200,190,190,200,190
37.72078275680542,0.5997831376863721,3.298367677685991,0.2617993877991417,-0.17453292519942779,-1.7483862047833911,210,210,190,190,190,190,190
37.7394437789917,0.5997831376863721,3.298367677685991,0.2617993877991417,-0.17453292519942779,-1.7483862047833911,210,210,190,190,190,190,190
37.749661684036255,0.6012925996909209,3.289824810656115,0.2617993877991417,-0.17453292519942779,-1.7425918509589065,210,210,190,190,190,190,190
37.75987648963928,0.6012925996909209,3.289824810656115,0.2617993877991417,-0.17453292519942779,-1.7425918509589065,210,210,200,190,190,200,190
37.770126819610596,0.6027979553110241,3.2810016868121625,0.2617993877991417,-0.17453292519942779,-1.736609913010535,210,210,200,190,190,200,190
37.785797119140625,0.6027979553110241,3.2810016868121625,0.2617993877991417,-0.17453292519942779,-1.736609913010535,210,210,200,190,190,200,190
37.795995473861694,0.6027979553110241,3.2810016868121625,0.2617993877991417,-0.17453292519942779,-1.736609913010535,210,210,200,190,190,200,190
37.80616641044617,0.6042102071585211,3.272417711095833,0.2617993877991417,-0.17453292519942779,-1.7307975878963235,210,200,190,190,190,190,190
37.8163743019104,0.6042102071585211,3.272417711095833,0.2617993877991417,-0.17453292519942779,-1.7307975878963235,210,200,190,190,190,190,190
37.83556580543518,0.6042102071585211,3.272417711095833,0.2617993877991417,-0.17453292519942779,-1.7307975878963235,210,200,190,190,190,190,190
37.84596014022827,0.6055736722924713,3.263815536044337,0.2617993877991417,-0.17453292519942779,-1.724985024073935,210,200,190,190,190,190,190
37.856197357177734,0.6055736722924713,3.263815536044337,0.2617993877991417,-0.17453292519942779,-1.724985024073935,210,200,190,190,190,190,190
37.86639046669006,0.6069263199452057,3.2549415230335272,0.2617993877991417,-0.17453292519942779,-1.719049331739326,210,200,190,190,190,190,190
37.8765709400177,0.6069263199452057,3.2549415230335272,0.2617993877991417,-0.17453292519942779,-1.719049331739326,210,200,190,190,190,190,190
37.88825464248657,0.6069263199452057,3.2549415230335272,0.2617993877991417,-0.17453292519942779,-1.719049331739326,210,200,190,190,190,190,190
37.898531436920166,0.6081892887871073,3.2463336309969457,0.2617993877991417,-0.17453292519942779,-1.7134391816922507,210,200,190,190,190,190,190
37.90872240066528,0.6081892887871073,3.2463336309969457,0.2617993877991417,-0.17453292519942779,-1.7134391816922507,210,200,190,190,190,190,190
37.91893672943115,0.6081892887871073,3.2463336309969457,0.2617993877991417,-0.17453292519942779,-1.7134391816922507,210,190,190,190,190,190,190
37.937288999557495,0.6081892887871073,3.2463336309969457,0.2617993877991417,-0.17453292519942779,-1.7134391816922507,210,190,190,190,190,190,190
37.947669506073,0.609398017841868,3.2377632415660242,0.2617993877991417,-0.17453292519942779,-1.7081383171072182,210,190,190,190,190,190,190
37.95785856246948,0.609398017841868,3.2377632415660242,0.2617993877991417,-0.17453292519942779,-1.7081383171072182,210,200,190,190,190,190,190
37.96805024147034,0.6105960534998263,3.228907852038044,0.2617993877991417,-0.17453292519942779,-1.7025506770094754,210,200,190,190,190,190,190
37.97825050354004,0.6105960534998263,3.228907852038044,0.2617993877991417,-0.17453292519942779,-1.7025506770094754,210,200,190,190,190,190,190
37.992255449295044,0.6105960534998263,3.228907852038044,0.2617993877991417,-0.17453292519942779,-1.7025506770094754,210,200,190,190,190,190,190
38.002583026885986,0.6117126153939062,3.220301174448439,0.2617993877991417,-0.17453292519942779,-1.6970230004978692,210,200,190,190,190,190,190
38.01278233528137,0.6117126153939062,3.220301174448439,0.2617993877991417,-0.17453292519942779,-1.6970230004978692,200,200,190,190,190,190,190
38.02301001548767,0.6117126153939062,3.220301174448439,0.2617993877991417,-0.17453292519942779,-1.6970230004978692,200,200,190,190,190,190,190
38.03885507583618,0.6127834334845484,3.211695841493845,0.2617993877991417,-0.17453292519942779,-1.6913670236898803,200,200,190,190,190,190,190
38.0490243434906,0.6127834334845484,3.211695841493845,0.2617993877991417,-0.17453292519942779,-1.6913670236898803,200,200,190,190,190,190,190
38.05918264389038,0.6127834334845484,3.211695841493845,0.2617993877991417,-0.157079632679485,-1.6913670236898803,200,200,190,190,190,190,190
38.06938290596008,0.6138297891074788,3.2028456231457554,0.2617993877991417,-0.157079632679485,-1.6852833557370606,200,190,190,190,190,190,190
38.07965302467346,0.6138297891074788,3.2028456231457554,0.2617993877991417,-0.157079632679485,-1.6852833557370606,200,190,190,190,190,190,190
38.0932776927948,0.6138297891074788,3.2028456231457554,0.2617993877991417,-0.13962634015954223,-1.6852833557370606,200,190,190,190,190,190,190
38.103477001190186,0.614797092146339,3.1942360551786124,0.2617993877991417,-0.13962634015954223,-1.6799694965653564,200,190,190,190,190,190,190
38.113667249679565,0.614797092146339,3.1942360551786124,0.2617993877991417,-0.10471975511965666,-1.6799694965653564,190,190,190,190,190,190,180
38.12391185760498,0.614797092146339,3.1942360551786124,0.2617993877991417,-0.08726646259971389,-1.6799694965653564,190,190,190,190,190,190,180
38.13627767562866,0.615722019114325,3.185615132903927,0.2617993877991417,-0.08726646259971389,-1.6752096642067726,190,190,190,190,190,190,180
38.14647722244263,0.615722019114325,3.185615132903927,0.2617993877991417,-0.08726646259971389,-1.6752096642067726,190,190,190,190,190,190,180
38.156665325164795,0.615722019114325,3.185615132903927,0.2617993877991417,-0.08726646259971389,-1.6752096642067726,190,190,190,190,190,190,180
38.16704201698303,0.6166380131873157,3.176734022291776,0.2617993877991417,-0.08726646259971389,-1.6719551013519156,200,190,190,190,190,190,190
38.17727088928223,0.6166380131873157,3.176734022291776,0.2617993877991417,-0.06981317007977111,-1.6719551013519156,200,190,190,190,190,190,190
38.187549352645874,0.6166380131873157,3.176734022291776,0.2617993877991417,-0.08726646259971389,-1.6719551013519156,200,190,190,190,190,190,190
38.19776940345764,0.6166380131873157,3.176734022291776,0.2617993877991417,-0.08726646259971389,-1.6719551013519156,200,190,190,190,190,190,190
38.20794868469238,0.6175014957975691,3.1681014504460547,0.2617993877991417,-0.08726646259971389,-1.6689298644705273,190,190,190,190,190,190,190
38.21812915802002,0.6175014957975691,3.1681014504460547,0.2617993877991417,-0.08726646259971389,-1.6689298644705273,190,190,190,190,190,190,190
38.23891234397888,0.6183389921642387,3.1594639743595616,0.2617993877991417,-0.10471975511965666,-1.6659581852962349,190,190,190,190,190,190,190
38.24916696548462,0.6183389921642387,3.1594639743595616,0.2617993877991417,-0.10471975511965666,-1.6659581852962349,190,190,190,190,190,190,190
38.25937461853027,0.6183389921642387,3.1594639743595616,0.2617993877991417,-0.10471975511965666,-1.6659581852962349,190,190,190,180,190,190,180
38.26978063583374,0.6191748265756626,3.1505733392674147,0.2617993877991417,-0.12217304763959944,-1.6630506923369701,190,190,190,180,190,190,180
38.280091285705566,0.6191748265756626,3.1505733392674147,0.2617993877991417,-0.12217304763959944,-1.6630506923369701,190,190,190,180,190,190,180
38.29034447669983,0.6191748265756626,3.1505733392674147,0.2617993877991417,-0.12217304763959944,-1.6630506923369701,190,190,190,180,190,190,180
38.30064654350281,0.6199544883155791,3.1420292304352753,0.2617993877991417,-0.13962634015954223,-1.6598327432274458,190,190,190,180,190,190,180
38.31087136268616,0.6199544883155791,3.1420292304352753,0.2617993877991417,-0.13962634015954223,-1.6598327432274458,190,190,190,180,190,190,180
38.321080684661865,0.6199544883155791,3.1420292304352753,0.2617993877991417,-0.13962634015954223,-1.6598327432274458,190,190,190,190,190,190,190
38.337891578674316,0.6199544883155791,3.1420292304352753,0.2617993877991417,-0.13962634015954223,-1.6598327432274458,190,190,190,190,190,190,190
38.34818243980408,0.620705467643573,3.133444795506261,0.2617993877991417,-0.13962634015954223,-1.6558175918354816,190,190,190,190,190,190,190
38.35838961601257,0.620705467643573,3.133444795506261,0.2617993877991417,-0.13962634015954223,-1.6558175918354816,190,190,190,190,190,190,190
38.36860203742981,0.6214441883538748,3.124541583069536,0.2617993877991417,-0.13962634015954223,-1.6513839276922662,190,190,190,190,190,190,190
38.3787944316864,0.6214441883538748,3.124541583069536,0.2617993877991417,-0.13962634015954223,-1.6513839276922662,190,190,190,190,190,190,190
38.39014291763306,0.6214441883538748,3.124541583069536,0.2617993877991417,-0.13962634015954223,-1.6513839276922662,190,190,190,190,190,190,190
38.400378704071045,0.6221242875281462,3.115891140283314,0.2617993877991417,-0.13962634015954223,-1.6470001579459563,190,190,190,190,190,190,190
38.410589933395386,0.6221242875281462,3.115891140283314,0.2617993877991417,-0.13962634015954223,-1.6470001579459563,190,190,190,190,190,190,190
38.420809745788574,0.6221242875281462,3.115891140283314,0.2617993877991417,-0.13962634015954223,-1.6470001579459563,190,190,190,190,190,190,190
38.438743114471436,0.6221242875281462,3.115891140283314,0.2617993877991417,-0.13962634015954223,-1.6470001579459563,190,190,190,190,190,190,190
38.449079513549805,0.6227679148856847,3.1072377145016237,0.2617993877991417,-0.13962634015954223,-1.6425250830234819,190,190,190,190,190,190,190
38.45928454399109,0.6227679148856847,3.1072377145016237,0.2617993877991417,-0.13962634015954223,-1.6425250830234819,190,190,190,190,190,190,190
38.469515323638916,0.6233897480973191,3.0983277573505155,0.2617993877991417,-0.13962634015954223,-1.6377525990675657,190,190,190,180,190,190,190
38.48796319961548,0.6233897480973191,3.0983277573505155,0.2617993877991417,-0.13962634015954223,-1.6377525990675657,190,190,190,180,190,190,190
38.49819779396057,0.6233897480973191,3.0983277573505155,0.2617993877991417,-0.13962634015954223,-1.6377525990675657,190,190,190,180,190,190,190
38.50845241546631,0.623948349908611,3.0896908317687455,0.2617993877991417,-0.13962634015954223,-1.6329311678966987,190,190,190,180,190,190,190
38.518821716308594,0.623948349908611,3.0896908317687455,0.2617993877991417,-0.13962634015954223,-1.6329311678966987,190,190,190,190,190,190,190
38.529157638549805,0.623948349908611,3.0896908317687455,0.2617993877991417,-0.13962634015954223,-1.6329311678966987,190,190,190,190,190,190,190
38.540398597717285,0.6244669159134744,3.0810333684194773,0.2617993877991417,-0.13962634015954223,-1.6281408977188916,190,190,190,190,190,190,190
38.55067014694214,0.6244669159134744,3.0810333684194773,0.2617993877991417,-0.13962634015954223,-1.6281408977188916,190,190,190,190,190,190,190
38.560901403427124,0.6244669159134744,3.0810333684194773,0.2617993877991417,-0.13962634015954223,-1.6281408977188916,190,190,190,190,190,190,190
38.571131229400635,0.6249582064460736,3.072100635847922,0.2617993877991417,-0.13962634015954223,-1.6231941669582062,190,190,190,190,190,190,190
38.58868479728699,0.6249582064460736,3.072100635847922,0.2617993877991417,-0.13962634015954223,-1.6231941669582062,190,190,190,190,190,190,190
38.598886251449585,0.6249582064460736,3.072100635847922,0.2617993877991417,-0.13962634015954223,-1.6231941669582062,190,190,190,190,190,190,190
38.60933589935303,0.6253928027668471,3.063426195446562,0.2617993877991417,-0.12217304763959944,-1.6184359531221966,190,190,190,190,190,190,190
38.61963510513306,0.6253928027668471,3.063426195446562,0.2617993877991417,-0.12217304763959944,-1.6184359531221966,190,190,190,190,190,190,190
38.639376163482666,0.6253928027668471,3.063426195446562,0.2617993877991417,-0.12217304763959944,-1.6184359531221966,190,190,190,190,190,190,190
38.649651527404785,0.6257863003677169,3.054759682642136,0.2617993877991417,-0.10471975511965666,-1.6138086080272056,190,190,190,190,190,190,190
38.65988349914551,0.6257863003677169,3.054759682642136,0.2617993877991417,-0.10471975511965666,-1.6138086080272056,180,180,180,180,190,180,180
38.670125007629395,0.6261550108640803,3.0458560094298472,0.2617993877991417,-0.10471975511965666,-1.6098185130482205,180,180,180,180,190,180,180
38.68785095214844,0.6261550108640803,3.0458560094298472,0.2617993877991417,-0.08726646259971389,-1.6098185130482205,180,180,180,180,190,180,180
38.69806671142578,0.6261550108640803,3.0458560094298472,0.2617993877991417,-0.08726646259971389,-1.6098185130482205,180,180,180,180,190,180,180
38.70828342437744,0.6264786987674633,3.0372152848700806,0.2617993877991417,-0.08726646259971389,-1.6065555275745336,180,190,180,180,190,180,180
38.71876502037048,0.6264786987674633,3.0372152848700806,0.2617993877991417,-0.08726646259971389,-1.6065555275745336,180,190,180,180,190,180,180
38.72901129722595,0.6264786987674633,3.0372152848700806,0.2617993877991417,-0.08726646259971389,-1.6065555275745336,180,190,180,180,190,180,180
38.740068435668945,0.6267758382918601,3.0285711623485376,0.2617993877991417,-0.08726646259971389,-1.6039030241232846,180,190,180,180,190,180,180
38.750449657440186,0.6267758382918601,3.0285711623485376,0.2617993877991417,-0.08726646259971389,-1.6039030241232846,180,190,180,180,190,180,180
38.760887145996094,0.6267758382918601,3.0285711623485376,0.2617993877991417,-0.08726646259971389,-1.6039030241232846,180,190,180,180,190,180,180
38.771098136901855,0.6270594420171356,3.0196513758458385,0.2617993877991417,-0.08726646259971389,-1.6011822633766195,180,190,180,180,180,180,180
38.788504123687744,0.6270594420171356,3.0196513758458385,0.2617993877991417,-0.08726646259971389,-1.6011822633766195,180,190,180,180,180,180,180
38.798715353012085,0.6270594420171356,3.0196513758458385,0.2617993877991417,-0.08726646259971389,-1.6011822633766195,180,190,180,180,180,180,180
38.808900356292725,0.627312070082697,3.010983487360633,0.2617993877991417,-0.10471975511965666,-1.5985049979087298,180,190,180,180,180,180,180
38.81912112236023,0.627312070082697,3.010983487360633,0.2617993877991417,-0.10471975511965666,-1.5985049979087298,180,190,180,180,180,180,180
38.838571071624756,0.627312070082697,3.010983487360633,0.2617993877991417,-0.10471975511965666,-1.5985049979087298,180,190,180,180,180,180,180
38.84889364242554,0.627540275709799,3.0023126483906624,0.2617993877991417,-0.12217304763959944,-1.5957578303601325,180,190,180,180,180,180,180
38.859105348587036,0.627540275709799,3.0023126483906624,0.2617993877991417,-0.12217304763959944,-1.5957578303601325,180,190,180,180,180,180,180
38.86935806274414,0.6277523244495808,2.9933605587940133,0.2617993877991417,-0.12217304763959944,-1.5923432229898666,180,190,180,180,180,180,180
38.88804864883423,0.6277523244495808,2.9933605587940133,0.2617993877991417,-0.13962634015954223,-1.5923432229898666,180,190,180,180,180,180,180
38.89830040931702,0.6277523244495808,2.9933605587940133,0.2617993877991417,-0.13962634015954223,-1.5923432229898666,180,190,180,180,180,180,180
38.908517360687256,0.6279235943251484,2.984669445389477,0.2617993877991417,-0.13962634015954223,-1.588328358108255,190,190,190,180,180,180,180
38.91878056526184,0.6279235943251484,2.984669445389477,0.2617993877991417,-0.13962634015954223,-1.588328358108255,190,190,190,180,180,180,180
38.93715524673462,0.6279235943251484,2.984669445389477,0.2617993877991417,-0.157079632679485,-1.588328358108255,190,190,190,180,180,180,180
38.94739317893982,0.6280542837396331,2.9759994798296696,0.2617993877991417,-0.157079632679485,-1.5834819614029492,190,190,190,180,180,180,180
38.95760917663574,0.6280542837396331,2.9759994798296696,0.2617993877991417,-0.157079632679485,-1.5834819614029492,190,190,180,180,180,180,180
38.967952728271484,0.6281439109702561,2.9670502435460837,0.2617993877991417,-0.157079632679485,-1.57795399711014,190,190,180,180,180,180,180
38.97821378707886,0.6281439109702561,2.9670502435460837,0.2617993877991417,-0.157079632679485,-1.57795399711014,190,190,180,180,180,180,180
38.98879790306091,0.6281439109702561,2.9670502435460837,0.2617993877991417,-0.157079632679485,-1.57795399711014,190,190,180,180,180,180,180
38.999120235443115,0.628182087032353,2.958372691168852,0.2617993877991417,-0.157079632679485,-1.5726642397449515,190,190,180,180,180,180,180
39.00932431221008,0.628182087032353,2.958372691168852,0.2617993877991417,-0.157079632679485,-1.5726642397449515,180,190,180,180,180,180,180
39.019532442092896,0.628182087032353,2.958372691168852,0.2617993877991417,-0.157079632679485,-1.5726642397449515,180,190,180,180,180,180,180
39.03896760940552,0.628182087032353,2.958372691168852,0.2617993877991417,-0.157079632679485,-1.5726642397449515,180,190,180,180,180,180,180
39.04931449890137,0.6281803547546123,2.9497341180552836,0.2617993877991417,-0.157079632679485,-1.567688172267799,180,190,180,180,180,180,180
39.059563636779785,0.6281803547546123,2.9497341180552836,0.2617993877991417,-0.157079632679485,-1.567688172267799,180,180,180,180,180,180,180
39.06978893280029,0.628130957749673,2.940828341204331,0.2617993877991417,-0.157079632679485,-1.5625730563503686,180,180,180,180,180,180,180
39.088571548461914,0.628130957749673,2.940828341204331,0.2617993877991417,-0.157079632679485,-1.5625730563503686,180,180,180,180,180,180,180
39.09879422187805,0.628130957749673,2.940828341204331,0.2617993877991417,-0.157079632679485,-1.5625730563503686,180,180,180,180,180,180,180
39.10899591445923,0.6280384612075076,2.932170179023139,0.2617993877991417,-0.157079632679485,-1.5575914375265245,180,190,180,180,180,180,180
39.11920738220215,0.6280384612075076,2.932170179023139,0.2617993877991417,-0.157079632679485,-1.5575914375265245,180,190,180,180,180,180,180
39.12941908836365,0.6280384612075076,2.932170179023139,0.2617993877991417,-0.157079632679485,-1.5575914375265245,180,190,180,180,180,180,180
39.14112663269043,0.6279037007597742,2.9234992916414604,0.2617993877991417,-0.17453292519942779,-1.5525952622198187,180,190,180,180,180,180,180
39.15131735801697,0.6279037007597742,2.9234992916414604,0.2617993877991417,-0.17453292519942779,-1.5525952622198187,180,190,180,180,180,180,180
39.161515951156616,0.6279037007597742,2.9234992916414604,0.2617993877991417,-0.17453292519942779,-1.5525952622198187,180,190,180,180,180,180,180
39.17170310020447,0.6277167734605901,2.9145486570460752,0.2617993877991417,-0.19198621771937055,-1.546867396848473,180,190,180,180,180,180,180
39.18769669532776,0.6277167734605901,2.9145486570460752,0.2617993877991417,-0.19198621771937055,-1.546867396848473,180,190,180,180,180,180,180
39.1980459690094,0.6277167734605901,2.9145486570460752,0.2617993877991417,-0.20943951023931331,-1.546867396848473,180,190,180,180,180,180,180
39.20889091491699,0.6274830879981481,2.905846020798323,0.2617993877991417,-0.20943951023931331,-1.5407096417035908,180,190,180,180,180,180,180
39.21916484832764,0.6274830879981481,2.905846020798323,0.2617993877991417,-0.20943951023931331,-1.5407096417035908,180,190,180,180,180,180,180
39.22947859764099,0.6274830879981481,2.905846020798323,0.2617993877991417,-0.2268928027592561,-1.5407096417035908,180,190,180,180,180,180,180
39.24352693557739,0.6271924761636806,2.897130960645747,0.2617993877991417,-0.2268928027592561,-1.533944996976972,180,190,180,180,180,180,180
39.25390887260437,0.6271924761636806,2.897130960645747,0.2617993877991417,-0.24434609527919887,-1.533944996976972,180,190,180,180,180,180,180
39.26419711112976,0.6271924761636806,2.897130960645747,0.2617993877991417,-0.24434609527919887,-1.533944996976972,180,190,180,180,180,180,180
39.27446532249451,0.6268271533549838,2.888145186240071,0.2617993877991417,-0.24434609527919887,-1.5263008614834472,180,190,180,180,180,180,180
39.28476524353027,0.6268271533549838,2.888145186240071,0.2617993877991417,-0.24434609527919887,-1.5263008614834472,180,180,180,180,180,180,180
39.30240988731384,0.6264073805798386,2.879410841289934,0.2617993877991417,-0.2617993877991417,-1.5183005075925071,180,180,180,180,180,180,180
39.312705516815186,0.6264073805798386,2.879410841289934,0.2617993877991417,-0.2617993877991417,-1.5183005075925071,180,180,180,180,180,180,180
39.322927474975586,0.6264073805798386,2.879410841289934,0.2617993877991417,-0.2617993877991417,-1.5183005075925071,180,180,180,180,180,180,180
39.3334174156189,0.6259104911510486,2.870675330930299,0.2617993877991417,-0.2617993877991417,-1.5097304840157195,180,180,180,180,180,180,180
39.34370732307434,0.6259104911510486,2.870675330930299,0.2617993877991417,-0.2617993877991417,-1.5097304840157195,180,180,180,180,180,180,180
39.36000418663025,0.6259104911510486,2.870675330930299,0.2617993877991417,-0.2617993877991417,-1.5097304840157195,180,180,180,180,180,180,180
39.37032914161682,0.6253269465698199,2.861739250918697,0.2617993877991417,-0.2617993877991417,-1.5007313333474421,180,180,180,180,180,180,180
39.38103938102722,0.6253269465698199,2.861739250918697,0.2617993877991417,-0.2617993877991417,-1.5007313333474421,180,180,180,180,180,180,180
39.391387701034546,0.6253269465698199,2.861739250918697,0.2617993877991417,-0.2617993877991417,-1.5007313333474421,180,180,180,180,180,180,180
39.41104292869568,0.6246872526925028,2.853113543279734,0.2617993877991417,-0.2617993877991417,-1.492330697923464,180,180,180,180,180,180,180
39.42132759094238,0.6246872526925028,2.853113543279734,0.2617993877991417,-0.2617993877991417,-1.492330697923464,180,180,180,180,180,180,180
39.43154835700989,0.6246872526925028,2.853113543279734,0.2617993877991417,-0.2617993877991417,-1.492330697923464,180,180,180,180,180,180,180
39.441760778427124,0.6239715057458319,2.844471347925123,0.2617993877991417,-0.2617993877991417,-1.483810936415255,180,180,180,180,180,180,180
39.45200872421265,0.6239715057458319,2.844471347925123,0.2617993877991417,-0.2617993877991417,-1.483810936415255,180,180,180,180,180,180,180
39.4661750793457,0.6239715057458319,2.844471347925123,0.2617993877991417,-0.2617993877991417,-1.483810936415255,180,180,180,180,180,180,180
39.47650098800659,0.6231569690292964,2.835562590094618,0.2617993877991417,-0.2617993877991417,-1.4750131951061358,180,180,180,180,180,180,180
39.4867377281189,0.6231569690292964,2.835562590094618,0.2617993877991417,-0.2617993877991417,-1.4750131951061358,180,180,180,180,180,180,180
39.49707627296448,0.6231569690292964,2.835562590094618,0.2617993877991417,-0.2617993877991417,-1.4750131951061358,190,180,180,180,180,180,180
39.51802134513855,0.6222907307131984,2.8269124155323846,0.2617993877991417,-0.2617993877991417,-1.4664641833442265,190,180,180,180,180,180,180
39.52831816673279,0.6222907307131984,2.8269124155323846,0.2617993877991417,-0.2617993877991417,-1.4664641833442265,190,180,180,180,180,180,180
39.53864645957947,0.6213490743847699,2.8182578406421652,0.2617993877991417,-0.2617993877991417,-1.457899097445395,190,180,180,180,180,180,180
39.54893112182617,0.6213490743847699,2.8182578406421652,0.2617993877991417,-0.2617993877991417,-1.457899097445395,180,180,180,180,180,180,180
39.55920195579529,0.6213490743847699,2.8182578406421652,0.2617993877991417,-0.2617993877991417,-1.457899097445395,180,180,180,180,180,180,180
39.56949234008789,0.6202996472359189,2.8093369116279594,0.2617993877991417,-0.2617993877991417,-1.4490575920023925,180,180,180,180,180,180,180
39.57977890968323,0.6202996472359189,2.8093369116279594,0.2617993877991417,-0.2617993877991417,-1.4490575920023925,180,180,180,180,180,180,180
39.589993953704834,0.6202996472359189,2.8093369116279594,0.2617993877991417,-0.2617993877991417,-1.4490575920023925,180,180,180,180,180,180,180
39.60040068626404,0.6192037460087098,2.8006751103436387,0.2617993877991417,-0.24434609527919887,-1.440459946423471,180,180,180,180,180,180,180
39.62001013755798,0.6192037460087098,2.8006751103436387,0.2617993877991417,-0.24434609527919887,-1.440459946423471,180,180,180,180,180,180,180
39.63030385971069,0.6192037460087098,2.8006751103436387,0.2617993877991417,-0.24434609527919887,-1.440459946423471,180,180,180,180,180,180,180
39.64054560661316,0.6180341352202308,2.792016059932971,0.2617993877991417,-0.24434609527919887,-1.4324064660102815,180,180,180,180,180,180,180
39.6508104801178,0.6180341352202308,2.792016059932971,0.2617993877991417,-0.24434609527919887,-1.4324064660102815,180,180,180,180,180,180,180
39.66105937957764,0.6180341352202308,2.792016059932971,0.2617993877991417,-0.24434609527919887,-1.4324064660102815,180,180,180,180,180,180,180
39.67403984069824,0.6167560509957329,2.783098639180199,0.2617993877991417,-0.24434609527919887,-1.4241098182483434,180,180,180,180,180,180,180
39.684396266937256,0.6167560509957329,2.783098639180199,0.2617993877991417,-0.24434609527919887,-1.4241098182483434,180,180,180,180,180,180,180
39.69465351104736,0.6167560509957329,2.783098639180199,0.2617993877991417,-0.24434609527919887,-1.4241098182483434,180,180,180,180,180,180,180
39.704894065856934,0.6154437205378158,2.774460366804521,0.2617993877991417,-0.24434609527919887,-1.416096062370642,180,180,180,180,180,180,180
39.71795201301575,0.6154437205378158,2.774460366804521,0.2617993877991417,-0.24434609527919887,-1.416096062370642,180,180,180,180,180,180,180
39.72817802429199,0.6154437205378158,2.774460366804521,0.2617993877991417,-0.24434609527919887,-1.416096062370642,180,180,180,180,180,180,180
39.73840618133545,0.6140680622864348,2.765853270785319,0.2617993877991417,-0.24434609527919887,-1.4081506638138188,180,180,180,180,180,180,180
39.748602628707886,0.6140680622864348,2.765853270785319,0.2617993877991417,-0.2268928027592561,-1.4081506638138188,180,180,180,180,180,180,180
39.76528024673462,0.6125932201611289,2.757051685723722,0.2617993877991417,-0.20943951023931331,-1.4000051179510036,180,180,180,180,180,180,180
39.77549457550049,0.6125932201611289,2.757051685723722,0.2617993877991417,-0.10471975511965666,-1.4000051179510036,180,180,180,180,180,180,180
39.78573560714722,0.6125932201611289,2.757051685723722,0.2617993877991417,-0.10471975511965666,-1.4000051179510036,180,180,180,180,180,180,180
39.796010971069336,0.6125932201611289,2.757051685723722,0.2617993877991417,-0.10471975511965666,-1.4000051179510036,180,180,180,180,180,180,180
39.8140389919281,0.6111028303716884,2.7485910461913976,0.2617993877991417,-0.08726646259971389,-1.3924915175951431,180,180,180,180,180,180,180
39.8242449760437,0.6111028303716884,2.7485910461913976,0.2617993877991417,-0.08726646259971389,-1.3924915175951431,180,180,180,180,180,180,180
39.834450244903564,0.6095855882846529,2.74027771405438,0.2617993877991417,-0.06981317007977111,-1.388603120910666,180,180,180,180,180,180,180
39.84467101097107,0.6095855882846529,2.74027771405438,0.2617993877991417,-0.05235987755982833,-1.388603120910666,180,180,180,180,180,180,180
39.854936838150024,0.6095855882846529,2.74027771405438,0.2617993877991417,-0.05235987755982833,-1.388603120910666,180,180,180,180,180,180,180
39.866507053375244,0.6095855882846529,2.74027771405438,0.2617993877991417,-0.05235987755982833,-1.388603120910666,180,180,180,180,180,180,180
39.87673234939575,0.6079836471322462,2.731625209166077,0.2617993877991417,-0.05235987755982833,-1.3866619173220758,180,180,180,180,180,180,180
39.88724684715271,0.6079836471322462,2.731625209166077,0.2617993877991417,-0.05235987755982833,-1.3866619173220758,180,180,180,180,180,180,180
39.897456407547,0.6079836471322462,2.731625209166077,0.2617993877991417,-0.05235987755982833,-1.3866619173220758,180,180,180,180,180,180,180
39.90778684616089,0.6063953089841498,2.723136890612873,0.2617993877991417,-0.05235987755982833,-1.384853827761388,180,180,180,180,180,180,180
39.918053150177,0.6063953089841498,2.723136890612873,0.2617993877991417,-0.05235987755982833,-1.384853827761388,180,180,180,180,180,180,180
39.928261280059814,0.6063953089841498,2.723136890612873,0.2617993877991417,-0.05235987755982833,-1.384853827761388,180,180,180,180,180,180,180
39.93846344947815,0.6047905180912828,2.714639678202656,0.2617993877991417,-0.05235987755982833,-1.383073250064206,180,180,180,180,180,180,180
39.954779863357544,0.6047905180912828,2.714639678202656,0.2617993877991417,-0.05235987755982833,-1.383073250064206,180,180,180,180,180,180,180
39.96505880355835,0.6047905180912828,2.714639678202656,0.2617993877991417,-0.08726646259971389,-1.383073250064206,180,180,180,180,180,180,180
39.97524094581604,0.603118669541109,2.7058765238663107,0.2617993877991417,-0.08726646259971389,-1.3812309949733659,180,180,180,180,180,180,180
39.985471963882446,0.603118669541109,2.7058765238663107,0.2617993877991417,-0.10471975511965666,-1.3812309949733659,180,180,180,180,130,180,180
39.99887824058533,0.603118669541109,2.7058765238663107,0.2617993877991417,-0.10471975511965666,-1.3812309949733659,180,180,180,180,130,180,180
40.00982046127319,0.6014721449376816,2.697354544834719,0.2617993877991417,-0.12217304763959944,-1.378341023328341,180,180,180,180,130,180,180
40.02006912231445,0.6014721449376816,2.697354544834719,0.2617993877991417,-0.157079632679485,-1.378341023328341,180,180,180,180,130,180,180
40.03081440925598,0.6014721449376816,2.697354544834719,0.2617993877991417,-0.157079632679485,-1.378341023328341,180,180,180,180,130,180,180
40.041107177734375,0.5997923878562812,2.6888197570418924,0.2617993877991417,-0.19198621771937055,-1.374318624960793,180,180,180,180,130,180,180
40.06067633628845,0.5997923878562812,2.6888197570418924,0.2617993877991417,-0.20943951023931331,-1.374318624960793,180,180,180,180,130,180,180
40.07088923454285,0.5980178126234484,2.6800299846021054,0.2617993877991417,-0.24434609527919887,-1.3681413098910025,180,180,180,180,130,180,180
40.081087589263916,0.5980178126234484,2.6800299846021054,0.2617993877991417,-0.2617993877991417,-1.3681413098910025,180,180,180,180,120,180,180
40.10252904891968,0.5962470323387311,2.671542612515486,0.2617993877991417,-0.2617993877991417,-1.3607261414951262,180,180,180,180,120,180,180
40.11281156539917,0.5962470323387311,2.671542612515486,0.2617993877991417,-0.2967059728390272,-1.3607261414951262,180,180,180,180,120,180,180
40.123016357421875,0.5962470323387311,2.671542612515486,0.2617993877991417,-0.2967059728390272,-1.3607261414951262,180,180,180,180,120,180,180
40.13370132446289,0.5944163232267986,2.6631179462810377,0.2617993877991417,-0.31415926535897,-1.3520088173164018,180,180,180,180,120,180,180
40.150354623794556,0.5944163232267986,2.6631179462810377,0.2617993877991417,-0.31415926535897,-1.3520088173164018,180,180,180,180,120,180,180
40.16055917739868,0.5944163232267986,2.6631179462810377,0.2617993877991417,-0.31415926535897,-1.3520088173164018,180,180,180,180,120,180,180
40.170777559280396,0.5924300981356722,2.654375790036248,0.2617993877991417,-0.31415926535897,-1.341637338582034,180,180,180,180,120,180,180
40.181002378463745,0.5924300981356722,2.654375790036248,0.2617993877991417,-0.31415926535897,-1.341637338582034,180,180,180,180,180,180,180
40.19523286819458,0.5924300981356722,2.654375790036248,0.2617993877991417,-0.31415926535897,-1.341637338582034,180,180,180,180,180,180,180
40.20544958114624,0.5904154137364755,2.6459146253091816,0.2617993877991417,-0.31415926535897,-1.3312852210255215,180,180,180,180,180,180,180
40.21563410758972,0.5904154137364755,2.6459146253091816,0.2617993877991417,-0.31415926535897,-1.3312852210255215,180,180,180,180,180,180,180
40.22587704658508,0.5904154137364755,2.6459146253091816,0.2617993877991417,-0.31415926535897,-1.3312852210255215,180,180,180,180,180,180,190
40.24233078956604,0.5883185064073171,2.637514517285646,0.2617993877991417,-0.2967059728390272,-1.3205642789936405,180,180,180,180,180,180,190
40.2525589466095,0.5883185064073171,2.637514517285646,0.2617993877991417,-0.2967059728390272,-1.3205642789936405,180,180,180,180,180,180,190
40.26276230812073,0.5883185064073171,2.637514517285646,0.2617993877991417,-0.27925268031908446,-1.3205642789936405,180,180,180,180,180,180,180
40.27301025390625,0.5860524738946532,2.6288380490494503,0.2617993877991417,-0.27925268031908446,-1.309770937071685,180,180,180,180,180,180,180
40.28823661804199,0.5860524738946532,2.6288380490494503,0.2617993877991417,-0.27925268031908446,-1.309770937071685,180,180,180,180,180,180,180
40.29845714569092,0.5860524738946532,2.6288380490494503,0.2617993877991417,-0.157079632679485,-1.309770937071685,180,180,180,180,180,180,180
40.30869793891907,0.5837688168343141,2.62044376622646,0.2617993877991417,-0.12217304763959944,-1.3003279863179027,180,180,180,180,180,180,180
40.31891107559204,0.5837688168343141,2.62044376622646,0.2617993877991417,-0.12217304763959944,-1.3003279863179027,180,180,180,180,180,180,180
40.32939672470093,0.5837688168343141,2.62044376622646,0.2617993877991417,-0.10471975511965666,-1.3003279863179027,180,180,180,180,180,180,180
40.33966541290283,0.5814398454862415,2.6121381271874045,0.2617993877991417,-0.08726646259971389,-1.2954183814336588,180,180,180,180,180,180,180
40.34989929199219,0.5814398454862415,2.6121381271874045,0.2617993877991417,-0.08726646259971389,-1.2954183814336588,180,180,180,180,180,180,180
40.36009693145752,0.5814398454862415,2.6121381271874045,0.2617993877991417,-0.06981317007977111,-1.2954183814336588,180,180,180,180,180,180,180
40.37032675743103,0.5790057879037691,2.6035722420240113,0.2617993877991417,-0.06981317007977111,-1.2920945968549713,180,180,180,180,180,180,180
40.38841390609741,0.5790057879037691,2.6035722420240113,0.2617993877991417,-0.05235987755982833,-1.2920945968549713,180,180,180,180,180,180,180
40.398622035980225,0.5790057879037691,2.6035722420240113,0.2617993877991417,-0.05235987755982833,-1.2920945968549713,180,180,180,180,180,180,180
40.4088180065155,0.5766083444792323,2.595234853963382,0.2617993877991417,-0.05235987755982833,-1.2895852524518299,180,180,180,180,180,180,180
40.41903638839722,0.5766083444792323,2.595234853963382,0.2617993877991417,-0.05235987755982833,-1.2895852524518299,180,180,180,180,180,180,180
40.43853163719177,0.5766083444792323,2.595234853963382,0.2617993877991417,-0.05235987755982833,-1.2895852524518299,180,180,180,180,180,180,180
40.44887185096741,0.5741961768724416,2.5869135172288216,0.2617993877991417,-0.05235987755982833,-1.2878010140569216,180,180,180,180,180,180,180
40.45921349525452,0.5741961768724416,2.5869135172288216,0.2617993877991417,-0.05235987755982833,-1.2878010140569216,180,180,180,180,180,180,180
40.469422340393066,0.5717077511507382,2.578368269435324,0.2617993877991417,-0.05235987755982833,-1.2862039021388458,180,180,170,180,180,180,180
40.47966957092285,0.5717077511507382,2.578368269435324,0.2617993877991417,-0.05235987755982833,-1.2862039021388458,180,180,170,180,180,180,180
40.490132331848145,0.5717077511507382,2.578368269435324,0.2617993877991417,-0.05235987755982833,-1.2862039021388458,180,180,170,180,180,180,180
40.50029277801514,0.5692777180622762,2.570076568858657,0.2617993877991417,-0.05235987755982833,-1.284689118438508,180,180,170,180,180,180,180
40.51045894622803,0.5692777180622762,2.570076568858657,0.2617993877991417,-0.05235987755982833,-1.284689118438508,180,180,170,180,180,180,180
40.520663022994995,0.5692777180622762,2.570076568858657,0.2617993877991417,-0.05235987755982833,-1.284689118438508,180,180,180,180,180,180,190
40.538646936416626,0.5692777180622762,2.570076568858657,0.2617993877991417,-0.05235987755982833,-1.284689118438508,180,180,180,180,180,180,190
40.54896593093872,0.5668315677249994,2.561785365872642,0.2617993877991417,-0.05235987755982833,-1.2832028067764372,180,180,180,180,180,180,190
40.55915689468384,0.5668315677249994,2.561785365872642,0.2617993877991417,-0.05235987755982833,-1.2832028067764372,180,180,180,180,180,180,190
40.56942391395569,0.5642970172136322,2.5532422467141958,0.2617993877991417,-0.05235987755982833,-1.2816319644201863,180,180,180,180,180,180,190
40.579816818237305,0.5642970172136322,2.5532422467141958,0.2617993877991417,-0.05235987755982833,-1.2816319644201863,180,180,180,180,180,180,190
40.5900182723999,0.5642970172136322,2.5532422467141958,0.2617993877991417,-0.05235987755982833,-1.2816319644201863,180,180,180,180,180,180,190
40.60024428367615,0.5618250958029144,2.5449580043486737,0.2617993877991417,-0.05235987755982833,-1.279996045983438,180,180,180,180,180,180,190
40.610565423965454,0.5618250958029144,2.5449580043486737,0.2617993877991417,-0.05235987755982833,-1.279996045983438,180,180,180,180,180,180,190
40.62080407142639,0.5618250958029144,2.5449580043486737,0.2617993877991417,-0.05235987755982833,-1.279996045983438,180,180,160,180,180,180,190
40.63103485107422,0.5618250958029144,2.5449580043486737,0.2617993877991417,-0.05235987755982833,-1.279996045983438,180,180,160,180,180,180,190
40.64629650115967,0.5593524606293585,2.5367082825019804,0.2617993877991417,-0.05235987755982833,-1.278030269456423,180,180,160,180,180,180,190
40.6565842628479,0.5593524606293585,2.5367082825019804,0.2617993877991417,-0.06981317007977111,-1.278030269456423,180,180,160,180,180,180,190
40.66681241989136,0.5567833220651112,2.5282097399295664,0.2617993877991417,-0.06981317007977111,-1.2759847578887373,180,180,160,180,180,180,190
40.677186250686646,0.5567833220651112,2.5282097399295664,0.2617993877991417,-0.06981317007977111,-1.2759847578887373,180,180,140,180,180,180,190
40.69379115104675,0.5567833220651112,2.5282097399295664,0.2617993877991417,-0.06981317007977111,-1.2759847578887373,180,180,140,180,180,180,190
40.70400428771973,0.5542619132706523,2.5199402021861856,0.2617993877991417,-0.06981317007977111,-1.2735095768514497,180,180,140,180,180,180,190
40.714213132858276,0.5542619132706523,2.5199402021861856,0.2617993877991417,-0.06981317007977111,-1.2735095768514497,180,180,140,180,180,180,190
40.72439503669739,0.5542619132706523,2.5199402021861856,0.2617993877991417,-0.06981317007977111,-1.2735095768514497,180,180,180,180,180,180,190
40.73947596549988,0.5542619132706523,2.5199402021861856,0.2617993877991417,-0.06981317007977111,-1.2735095768514497,180,180,180,180,180,180,190
40.74968433380127,0.5517159213452569,2.51166668248874,0.2617993877991417,-0.06981317007977111,-1.2710030969372248,180,180,180,180,180,180,190
40.75988268852234,0.5517159213452569,2.51166668248874,0.2617993877991417,-0.06981317007977111,-1.2710030969372248,180,180,180,180,180,180,190
40.77016043663025,0.5490686275141514,2.5031387362367927,0.2617993877991417,-0.06981317007977111,-1.2684424424654726,180,180,180,180,180,180,190
40.786500692367554,0.5490686275141514,2.5031387362367927,0.2617993877991417,-0.06981317007977111,-1.2684424424654726,180,180,180,180,180,180,190
40.79670834541321,0.5490686275141514,2.5031387362367927,0.2617993877991417,-0.06981317007977111,-1.2684424424654726,180,180,180,180,180,180,190
40.806899547576904,0.5464776792986369,2.49486736441817,0.2617993877991417,-0.06981317007977111,-1.2660127875348521,180,180,180,180,180,180,190
40.81709265708923,0.5464776792986369,2.49486736441817,0.2617993877991417,-0.06981317007977111,-1.2660127875348521,180,180,180,180,180,180,190
40.82729434967041,0.5464776792986369,2.49486736441817,0.2617993877991417,-0.06981317007977111,-1.2660127875348521,180,180,180,180,180,180,190
40.83789777755737,0.5438747979475594,2.4866102243340498,0.2617993877991417,-0.06981317007977111,-1.2637147182449877,180,180,180,180,180,180,190
40.848108530044556,0.5438747979475594,2.4866102243340498,0.2617993877991417,-0.06981317007977111,-1.2637147182449877,180,180,180,180,180,180,190
40.858317136764526,0.5438747979475594,2.4866102243340498,0.2617993877991417,-0.06981317007977111,-1.2637147182449877,180,180,180,180,180,180,190
40.86880588531494,0.5411768234007971,2.478130928592776,0.2617993877991417,-0.06981317007977111,-1.2615432798821304,180,180,180,170,180,180,190
40.88924694061279,0.5411768234007971,2.478130928592776,0.2617993877991417,-0.06981317007977111,-1.2615432798821304,180,180,180,170,180,180,190
40.89956021308899,0.5385375272313611,2.4698995953949074,0.2617993877991417,-0.06981317007977111,-1.259449844186249,180,180,180,170,180,180,190
40.90976333618164,0.5385375272313611,2.4698995953949074,0.2617993877991417,-0.06981317007977111,-1.259449844186249,180,180,180,170,180,180,190
40.919973850250244,0.5385375272313611,2.4698995953949074,0.2617993877991417,-0.06981317007977111,-1.259449844186249,180,180,180,170,180,180,190
40.930278301239014,0.5385375272313611,2.4698995953949074,0.2617993877991417,-0.06981317007977111,-1.259449844186249,180,180,180,170,180,180,190
40.94049072265625,0.5358786634760727,2.4616677565118827,0.2617993877991417,-0.06981317007977111,-1.2573886368013363,180,180,180,170,180,180,190
40.95068049430847,0.5358786634760727,2.4616677565118827,0.2617993877991417,-0.06981317007977111,-1.2573886368013363,180,180,180,170,180,180,190
40.960922956466675,0.5358786634760727,2.4616677565118827,0.2617993877991417,-0.06981317007977111,-1.2573886368013363,180,180,180,180,180,180,180
40.97114562988281,0.5331194376183039,2.4531843508504507,0.2617993877991417,-0.06981317007977111,-1.255228104462871,180,180,180,180,180,180,180
40.981438398361206,0.5331194376183039,2.4531843508504507,0.2617993877991417,-0.06981317007977111,-1.255228104462871,180,180,180,180,180,180,180
40.99164009094238,0.5331194376183039,2.4531843508504507,0.2617993877991417,-0.06981317007977111,-1.255228104462871,180,180,180,180,180,180,180
41.00183844566345,0.5304229729934193,2.44495582000719,0.2617993877991417,-0.06981317007977111,-1.2530353352840926,180,180,180,180,180,180,180
41.01204061508179,0.5304229729934193,2.44495582000719,0.2617993877991417,-0.06981317007977111,-1.2530353352840926,180,180,180,180,180,180,180
41.022244930267334,0.5304229729934193,2.44495582000719,0.2617993877991417,-0.06981317007977111,-1.2530353352840926,180,180,180,180,180,180,180
41.03811597824097,0.5277178052850107,2.436750114483745,0.2617993877991417,-0.06981317007977111,-1.2506156890359768,180,180,180,180,180,180,180
41.04835534095764,0.5277178052850107,2.436750114483745,0.2617993877991417,-0.06981317007977111,-1.2506156890359768,180,180,180,180,180,180,180
41.058584213256836,0.5277178052850107,2.436750114483745,0.2617993877991417,-0.06981317007977111,-1.2506156890359768,180,180,180,180,180,180,180
41.06885385513306,0.5249149362002313,2.42833126510079,0.2617993877991417,-0.06981317007977111,-1.2478396450265554,180,180,180,180,180,180,180
41.079216957092285,0.5249149362002313,2.42833126510079,0.2617993877991417,-0.06981317007977111,-1.2478396450265554,180,180,180,180,180,180,180
41.092302560806274,0.5249149362002313,2.42833126510079,0.2617993877991417,-0.06981317007977111,-1.2478396450265554,180,180,180,180,180,180,180
41.10256767272949,0.5221605395924387,2.420131633362178,0.2617993877991417,-0.06981317007977111,-1.2453353212668326,180,180,180,180,180,180,180
41.11294674873352,0.5221605395924387,2.420131633362178,0.2617993877991417,-0.06981317007977111,-1.2453353212668326,180,180,180,180,180,180,180
41.12319612503052,0.5221605395924387,2.420131633362178,0.2617993877991417,-0.06981317007977111,-1.2453353212668326,180,180,180,180,180,180,180
41.14071011543274,0.5221605395924387,2.420131633362178,0.2617993877991417,-0.06981317007977111,-1.2453353212668326,180,180,180,180,180,180,180
41.15094757080078,0.5193813285392684,2.411933129938912,0.2617993877991417,-0.06981317007977111,-1.2427945943417278,180,180,180,180,180,180,180
41.16117596626282,0.5193813285392684,2.411933129938912,0.2617993877991417,-0.06981317007977111,-1.2427945943417278,180,180,180,180,180,180,180
41.171528339385986,0.5164950040445823,2.4034852921953704,0.2617993877991417,-0.06981317007977111,-1.2402268323219592,180,180,180,180,180,180,180
41.18861508369446,0.5164950040445823,2.4034852921953704,0.2617993877991417,-0.06981317007977111,-1.2402268323219592,180,180,180,180,180,180,180
41.19885492324829,0.5164950040445823,2.4034852921953704,0.2617993877991417,-0.06981317007977111,-1.2402268323219592,180,180,180,180,180,180,180
41.20908451080322,0.5136754396601898,2.395297503181493,0.2617993877991417,-0.06981317007977111,-1.2378247572140957,180,180,180,180,180,180,190
41.21930456161499,0.5136754396601898,2.395297503181493,0.2617993877991417,-0.06981317007977111,-1.2378247572140957,180,180,180,180,180,180,190
41.22955870628357,0.5136754396601898,2.395297503181493,0.2617993877991417,-0.06981317007977111,-1.2378247572140957,180,180,180,180,180,180,190
41.24198508262634,0.5108458801606797,2.387135670554618,0.2617993877991417,-0.06981317007977111,-1.2356206540825414,180,180,180,180,180,180,190
41.252227783203125,0.5108458801606797,2.387135670554618,0.2617993877991417,-0.05235987755982833,-1.2356206540825414,180,180,180,180,180,180,190
41.26245999336243,0.5108458801606797,2.387135670554618,0.2617993877991417,-0.05235987755982833,-1.2356206540825414,180,180,180,180,180,180,190
41.27284026145935,0.5079115659181104,2.378735524421214,0.2617993877991417,-0.05235987755982833,-1.2334209061434627,180,180,180,180,180,180,190
41.29209613800049,0.5079115659181104,2.378735524421214,0.2617993877991417,-0.05235987755982833,-1.2334209061434627,180,180,180,180,180,180,190
41.302366495132446,0.5050454526801543,2.3705859603461694,0.2617993877991417,0.0,-1.2318710189966082,180,180,180,180,180,180,190
41.31263852119446,0.5050454526801543,2.3705859603461694,0.2617993877991417,0.0,-1.2318710189966082,180,180,180,180,180,180,190
41.32289695739746,0.5050454526801543,2.3705859603461694,0.2617993877991417,0.0,-1.2318710189966082,180,180,180,180,180,180,190
41.34115219116211,0.5021732459562459,2.362438367050327,0.2617993877991417,0.0,-1.2319229447459583,180,180,180,180,180,180,190
41.351401567459106,0.5021732459562459,2.362438367050327,0.2617993877991417,0.0,-1.2319229447459583,180,180,180,180,180,180,190
41.36167931556702,0.5021732459562459,2.362438367050327,0.2617993877991417,0.0,-1.2319229447459583,180,180,180,180,180,180,180
41.37200736999512,0.4992128493447057,2.3540359888081457,0.2617993877991417,0.0,-1.2320664886940687,180,180,180,180,180,180,180
41.39158844947815,0.4992128493447057,2.3540359888081457,0.2617993877991417,0.0,-1.2320664886940687,180,180,180,180,180,180,180
41.40183925628662,0.49633977693802656,2.3458801384090027,0.2617993877991417,0.0,-1.2321398305302724,180,180,180,180,180,180,180
41.41204810142517,0.49633977693802656,2.3458801384090027,0.2617993877991417,0.0,-1.2321398305302724,180,180,180,180,180,180,180
41.42254567146301,0.49633977693802656,2.3458801384090027,0.2617993877991417,0.0,-1.2321398305302724,180,180,180,180,180,180,190
41.43285608291626,0.493473547275272,2.3377340433458307,0.2617993877991417,0.0,-1.2320641827465566,180,180,180,180,180,180,190
41.44308638572693,0.493473547275272,2.3377340433458307,0.2617993877991417,0.0,-1.2320641827465566,180,180,180,180,180,180,190
41.45331525802612,0.493473547275272,2.3377340433458307,0.2617993877991417,0.0,-1.2320641827465566,180,180,180,180,180,180,190
41.463515281677246,0.493473547275272,2.3377340433458307,0.2617993877991417,0.0,-1.2320641827465566,180,180,180,180,180,180,180
41.47377967834473,0.49053075112666933,2.329380417267525,0.2617993877991417,0.0,-1.2316320379272463,180,180,180,180,180,180,180
41.491557359695435,0.49053075112666933,2.329380417267525,0.2617993877991417,0.0,-1.2316320379272463,180,180,180,180,180,180,180
41.501808643341064,0.487659788757055,2.3212370419168766,0.2617993877991417,0.0,-1.2314228262462303,180,180,180,180,180,180,180
41.5120325088501,0.487659788757055,2.3212370419168766,0.2617993877991417,0.0,-1.2314228262462303,180,180,180,180,180,180,180
41.522696018218994,0.487659788757055,2.3212370419168766,0.2617993877991417,0.0,-1.2314228262462303,180,180,180,180,180,180,180
41.541019916534424,0.4847827383291055,2.313089775360007,0.2617993877991417,0.0,-1.2311938441273833,180,180,180,180,180,180,180
41.551274061203,0.4847827383291055,2.313089775360007,0.2617993877991417,0.0,-1.2311938441273833,180,180,180,180,180,180,180
41.56152105331421,0.4847827383291055,2.313089775360007,0.2617993877991417,0.0,-1.2311938441273833,180,180,180,180,180,180,180
41.57224750518799,0.4818156940266185,2.304693155655153,0.2617993877991417,0.0,-1.2310165936178838,180,180,180,180,180,180,180
41.58978533744812,0.4818156940266185,2.304693155655153,0.2617993877991417,0.0,-1.2310165936178838,180,180,180,180,180,180,180
41.6000394821167,0.4789393076074367,2.2965476401936895,0.2617993877991417,0.05235987755982833,-1.2309496796070158,180,180,180,180,180,180,180
41.61027455329895,0.4789393076074367,2.2965476401936895,0.2617993877991417,0.06981317007977111,-1.2309496796070158,180,180,180,180,180,180,180
41.62050747871399,0.4789393076074367,2.2965476401936895,0.2617993877991417,0.06981317007977111,-1.2309496796070158,180,180,180,180,180,180,180
41.6402063369751,0.4789393076074367,2.2965476401936895,0.2617993877991417,0.06981317007977111,-1.2309496796070158,180,180,180,180,180,180,180
41.6506667137146,0.47605357401442405,2.288365059080596,0.2617993877991417,0.08726646259971389,-1.2322135735936754,180,180,180,180,180,180,180
41.66091728210449,0.47605357401442405,2.288365059080596,0.2617993877991417,0.08726646259971389,-1.2322135735936754,180,180,180,180,180,180,180
41.671905755996704,0.4731221331074625,2.2800016461106183,0.2617993877991417,0.08726646259971389,-1.2347666762741694,180,180,180,180,180,180,180
41.68915128707886,0.4731221331074625,2.2800016461106183,0.2617993877991417,0.10471975511965666,-1.2347666762741694,180,180,180,180,180,180,180
41.699387550354004,0.4702973491670592,2.2718733300875176,0.2617993877991417,0.10471975511965666,-1.2378262327064957,180,180,180,180,180,180,180
41.709625482559204,0.4702973491670592,2.2718733300875176,0.2617993877991417,0.10471975511965666,-1.2378262327064957,180,180,180,180,180,180,180
41.72060680389404,0.4702973491670592,2.2718733300875176,0.2617993877991417,0.12217304763959944,-1.2378262327064957,180,180,180,180,180,180,180
41.73904490470886,0.4702973491670592,2.2718733300875176,0.2617993877991417,0.12217304763959944,-1.2378262327064957,180,180,180,180,180,180,180
41.74950194358826,0.4674981708856077,2.2637317347599395,0.2617993877991417,0.13962634015954223,-1.2414566673587382,180,180,180,180,180,180,180
41.7597439289093,0.4674981708856077,2.2637317347599395,0.2617993877991417,0.13962634015954223,-1.2414566673587382,180,180,180,180,180,180,180
41.76996922492981,0.4646462948446837,2.2553304340167397,0.2617993877991417,0.157079632679485,-1.2457394636526316,180,180,180,180,180,180,180
41.780250549316406,0.4646462948446837,2.2553304340167397,0.2617993877991417,0.157079632679485,-1.2457394636526316,180,180,180,180,180,180,180
41.79120588302612,0.4646462948446837,2.2553304340167397,0.2617993877991417,0.157079632679485,-1.2457394636526316,180,180,180,180,180,180,180
41.80146050453186,0.46192095131372307,2.247174454236482,0.2617993877991417,0.17453292519942779,-1.2509152542141193,180,180,180,180,180,180,180
41.81168580055237,0.46192095131372307,2.247174454236482,0.2617993877991417,0.17453292519942779,-1.2509152542141193,180,180,180,180,180,180,180
41.82194423675537,0.46192095131372307,2.247174454236482,0.2617993877991417,0.17453292519942779,-1.2509152542141193,180,180,180,180,180,180,180
41.839091300964355,0.45925821657681243,2.239052008841386,0.2617993877991417,0.17453292519942779,-1.2562336348109844,180,180,180,180,180,180,180
41.849342346191406,0.45925821657681243,2.239052008841386,0.2617993877991417,0.17453292519942779,-1.2562336348109844,180,180,180,180,180,180,180
41.859577655792236,0.45925821657681243,2.239052008841386,0.2617993877991417,0.17453292519942779,-1.2562336348109844,180,180,180,180,180,180,180
41.86981797218323,0.4565562697856595,2.2306665139610167,0.2617993877991417,0.17453292519942779,-1.2617119695048362,180,180,180,180,180,180,180
41.888057231903076,0.4565562697856595,2.2306665139610167,0.2617993877991417,0.17453292519942779,-1.2617119695048362,180,180,180,180,180,180,180
41.89830231666565,0.4565562697856595,2.2306665139610167,0.2617993877991417,0.17453292519942779,-1.2617119695048362,180,180,180,180,180,180,180
41.908533573150635,0.45396716170488016,2.2224770593597034,0.2617993877991417,0.17453292519942779,-1.2672065561433257,180,180,180,180,180,180,180
41.91880488395691,0.45396716170488016,2.2224770593597034,0.2617993877991417,0.17453292519942779,-1.2672065561433257,180,180,180,180,180,180,180
41.93839979171753,0.45396716170488016,2.2224770593597034,0.2617993877991417,0.17453292519942779,-1.2672065561433257,180,180,180,180,180,180,180
41.948875427246094,0.45141955717003396,2.2142669307797167,0.2617993877991417,0.17453292519942779,-1.2727105028182397,180,180,180,180,180,180,180
41.95909357070923,0.45141955717003396,2.2142669307797167,0.2617993877991417,0.157079632679485,-1.2727105028182397,180,180,180,180,180,180,180
41.969972372055054,0.44883909488907653,2.205785349942871,0.2617993877991417,0.157079632679485,-1.2784142378943044,180,180,180,180,180,180,180
41.986374378204346,0.44883909488907653,2.205785349942871,0.2617993877991417,0.157079632679485,-1.2784142378943044,180,180,180,180,180,180,180
41.99660015106201,0.44883909488907653,2.205785349942871,0.2617993877991417,0.10471975511965666,-1.2784142378943044,180,180,180,180,180,180,180
42.007439374923706,0.44637521366335065,2.197527942589549,0.2617993877991417,0.08726646259971389,-1.283428367746344,180,180,180,180,180,180,180
42.01767158508301,0.44637521366335065,2.197527942589549,0.2617993877991417,0.08726646259971389,-1.283428367746344,180,180,180,180,180,180,180
42.02787971496582,0.44637521366335065,2.197527942589549,0.2617993877991417,0.05235987755982833,-1.283428367746344,180,180,180,180,180,180,180
42.0391948223114,0.443965976188815,2.1892949601117935,0.2617993877991417,0.0,-1.2872646735484128,180,180,180,180,180,180,180
42.04944944381714,0.443965976188815,2.1892949601117935,0.2617993877991417,0.0,-1.2872646735484128,180,180,180,180,180,180,180
42.05966806411743,0.443965976188815,2.1892949601117935,0.2617993877991417,0.0,-1.2872646735484128,180,180,180,180,180,180,180
42.069942235946655,0.44152816983163595,2.1808749523859543,0.2617993877991417,0.0,-1.2901080249904613,180,180,180,180,180,180,180
42.08015489578247,0.44152816983163595,2.1808749523859543,0.2617993877991417,0.0,-1.2901080249904613,180,180,180,180,180,180,180
42.0926775932312,0.44152816983163595,2.1808749523859543,0.2617993877991417,0.0,-1.2901080249904613,180,180,180,180,180,180,180
42.10290861129761,0.43916257935199576,2.172650441441422,0.2617993877991417,0.0,-1.290942654018205,180,180,180,180,180,180,180
42.113133668899536,0.43916257935199576,2.172650441441422,0.2617993877991417,0.0,-1.290942654018205,180,180,180,180,180,180,180
42.12335276603699,0.43916257935199576,2.172650441441422,0.2617993877991417,0.0,-1.290942654018205,180,180,180,180,180,180,180
42.13812494277954,0.43916257935199576,2.172650441441422,0.2617993877991417,0.0,-1.290942654018205,180,180,180,180,180,180,180
42.14862275123596,0.43678016942056347,2.164351717873723,0.2617993877991417,0.06981317007977111,-1.2911661298448618,180,180,180,180,180,180,180
42.15883231163025,0.43678016942056347,2.164351717873723,0.2617993877991417,0.06981317007977111,-1.2911661298448618,180,180,180,180,180,180,180
42.169023275375366,0.43433888815922755,2.1558147592651746,0.2617993877991417,0.08726646259971389,-1.2929538125998672,180,180,180,180,180,180,180
42.18921446800232,0.43433888815922755,2.1558147592651746,0.2617993877991417,0.08726646259971389,-1.2929538125998672,180,180,180,180,180,180,180
42.19949698448181,0.4320080909261797,2.1475853020840123,0.2617993877991417,0.12217304763959944,-1.295361135248007,180,180,180,180,180,180,180
42.20969343185425,0.4320080909261797,2.1475853020840123,0.2617993877991417,0.12217304763959944,-1.295361135248007,180,180,180,180,180,180,180
42.219974517822266,0.4320080909261797,2.1475853020840123,0.2617993877991417,0.12217304763959944,-1.295361135248007,180,180,180,180,180,180,180
42.23025035858154,0.4320080909261797,2.1475853020840123,0.2617993877991417,0.12217304763959944,-1.295361135248007,180,180,180,180,180,180,180
42.24045443534851,0.4297173209758186,2.1394240723696463,0.2617993877991417,0.12217304763959944,-1.2983526344343872,180,180,180,180,180,180,180
42.25066828727722,0.4297173209758186,2.1394240723696463,0.2617993877991417,0.12217304763959944,-1.2983526344343872,180,180,180,180,180,180,180
42.26089644432068,0.4297173209758186,2.1394240723696463,0.2617993877991417,0.12217304763959944,-1.2983526344343872,180,180,180,180,180,180,180
42.271382093429565,0.4273563366489695,2.1309092097338698,0.2617993877991417,0.12217304763959944,-1.302168807081029,180,180,180,180,180,180,180
42.29051232337952,0.4273563366489695,2.1309092097338698,0.2617993877991417,0.12217304763959944,-1.302168807081029,180,180,180,180,180,180,180
42.300761699676514,0.42508980131295754,2.1226106153677495,0.2617993877991417,0.12217304763959944,-1.3059691597583578,180,180,180,180,180,180,180
42.31097054481506,0.42508980131295754,2.1226106153677495,0.2617993877991417,0.12217304763959944,-1.3059691597583578,180,180,180,180,180,180,180
42.32118582725525,0.42508980131295754,2.1226106153677495,0.2617993877991417,0.12217304763959944,-1.3059691597583578,180,180,180,180,180,180,180
42.33186411857605,0.42508980131295754,2.1226106153677495,0.2617993877991417,0.12217304763959944,-1.3059691597583578,180,180,180,180,180,180,180
42.342089891433716,0.4228513002562907,2.114293844063389,0.2617993877991417,0.12217304763959944,-1.3097920938773957,180,180,180,180,180,180,180
42.36283206939697,0.4228513002562907,2.114293844063389,0.2617993877991417,0.12217304763959944,-1.3097920938773957,180,180,180,180,180,180,180
42.37308382987976,0.4205748255937863,2.1057067343179936,0.2617993877991417,0.12217304763959944,-1.313758102777807,180,180,180,180,180,180,180
42.38374304771423,0.4205748255937863,2.1057067343179936,0.2617993877991417,0.10471975511965666,-1.313758102777807,180,180,180,180,180,180,180
42.39406085014343,0.4205748255937863,2.1057067343179936,0.2617993877991417,0.08726646259971389,-1.313758102777807,180,180,180,180,180,180,180
42.41499924659729,0.4183943329478773,2.0973531206877145,0.2617993877991417,0.06981317007977111,-1.3176227203851962,180,180,180,180,180,180,180
42.4252405166626,0.4183943329478773,2.0973531206877145,0.2617993877991417,0.05235987755982833,-1.3176227203851962,180,180,180,180,180,180,180
42.43546462059021,0.41624856325845044,2.0889865771737335,0.2617993877991417,0.05235987755982833,-1.320517225427647,180,180,180,180,180,180,180
42.445693254470825,0.41624856325845044,2.0889865771737335,0.2617993877991417,0.0,-1.320517225427647,180,180,180,180,180,180,180
42.458109855651855,0.41624856325845044,2.0889865771737335,0.2617993877991417,0.0,-1.320517225427647,180,180,180,180,180,180,180
42.46833825111389,0.4140668450066797,2.0804107210845757,0.2617993877991417,0.0,-1.32279361842709,180,180,180,180,180,180,180
42.47852563858032,0.4140668450066797,2.0804107210845757,0.2617993877991417,0.0,-1.32279361842709,180,180,180,180,180,180,180
42.488760232925415,0.4140668450066797,2.0804107210845757,0.2617993877991417,0.0,-1.32279361842709,180,180,180,180,180,180,180
42.502429246902466,0.4140668450066797,2.0804107210845757,0.2617993877991417,0.0,-1.32279361842709,180,180,180,180,180,180,180
42.51261377334595,0.41196961778059715,2.0721047468579012,0.2617993877991417,0.0,-1.3236433401766807,180,180,180,180,180,180,180
42.52281069755554,0.41196961778059715,2.0721047468579012,0.2617993877991417,0.0,-1.3236433401766807,180,180,180,180,180,180,180
42.53305912017822,0.41196961778059715,2.0721047468579012,0.2617993877991417,0.0,-1.3236433401766807,180,180,180,180,180,180,180
42.546032190322876,0.41196961778059715,2.0721047468579012,0.2617993877991417,0.0,-1.3236433401766807,180,180,180,180,180,180,180
42.55650281906128,0.40985990709847914,2.063733665744907,0.2617993877991417,0.0,-1.3238472575343894,180,180,180,180,180,180,180
42.56670260429382,0.40769496097898283,2.0551204248466624,0.2617993877991417,0.0,-1.3238956392391892,180,180,180,180,180,180,180
42.57695126533508,0.40769496097898283,2.0551204248466624,0.2617993877991417,0.0,-1.3238956392391892,180,180,180,180,180,180,180
42.595050573349,0.40769496097898283,2.0551204248466624,0.2617993877991417,0.0,-1.3238956392391892,180,180,180,180,180,180,180
42.60528564453125,0.40559991223297176,2.046806546112636,0.2617993877991417,0.0,-1.3235349346107703,180,180,180,180,180,180,180
42.61550426483154,0.40559991223297176,2.046806546112636,0.2617993877991417,0.0,-1.3235349346107703,180,180,180,180,180,180,180
42.62593054771423,0.40559991223297176,2.046806546112636,0.2617993877991417,0.0,-1.3235349346107703,180,180,180,180,180,180,180
42.64330840110779,0.40349385926684256,2.0384557978444353,0.2617993877991417,0.0,-1.3233879518466576,180,180,180,180,180,180,180
42.65353083610535,0.40349385926684256,2.0384557978444353,0.2617993877991417,0.0,-1.3233879518466576,180,180,180,180,180,180,180
42.663713455200195,0.40349385926684256,2.0384557978444353,0.2617993877991417,0.0,-1.3233879518466576,180,180,180,180,180,180,180
42.67393112182617,0.40131894609944757,2.0298420814994955,0.2617993877991417,0.0,-1.323240561117412,180,180,180,180,180,180,180
42.69345045089722,0.40131894609944757,2.0298420814994955,0.2617993877991417,0.05235987755982833,-1.323240561117412,180,180,180,180,180,180,180
42.70458793640137,0.399203524812451,2.021470909638561,0.2617993877991417,0.05235987755982833,-1.3231023243925342,180,180,180,180,180,180,180
42.714778900146484,0.399203524812451,2.021470909638561,0.2617993877991417,0.06981317007977111,-1.3231023243925342,180,180,180,180,180,180,180
42.72498345375061,0.399203524812451,2.021470909638561,0.2617993877991417,0.06981317007977111,-1.3231023243925342,180,180,180,180,180,180,180
42.740803956985474,0.3970911239134222,2.013098578243264,0.2617993877991417,0.10471975511965666,-1.3245333856382677,180,180,180,180,180,180,180
42.75102353096008,0.3970911239134222,2.013098578243264,0.2617993877991417,0.10471975511965666,-1.3245333856382677,180,180,180,180,180,180,180
42.76141357421875,0.3970911239134222,2.013098578243264,0.2617993877991417,0.10471975511965666,-1.3245333856382677,180,180,180,180,180,180,180
42.77181124687195,0.394930660061229,2.0044647407735128,0.2617993877991417,0.10471975511965666,-1.3272625822600002,180,180,180,180,180,180,180
42.788869857788086,0.394930660061229,2.0044647407735128,0.2617993877991417,0.13962634015954223,-1.3272625822600002,180,180,180,180,180,180,180
42.79918599128723,0.3928587501993883,1.9960754057684003,0.2617993877991417,0.13962634015954223,-1.3305486899802947,180,180,180,180,180,180,180
42.80940794944763,0.3928587501993883,1.9960754057684003,0.2617993877991417,0.13962634015954223,-1.3305486899802947,180,180,180,180,180,180,180
42.819774866104126,0.3928587501993883,1.9960754057684003,0.2617993877991417,0.157079632679485,-1.3305486899802947,180,180,180,180,180,180,180
42.83001232147217,0.3928587501993883,1.9960754057684003,0.2617993877991417,0.157079632679485,-1.3305486899802947,180,180,180,180,180,180,180
42.84051704406738,0.3928587501993883,1.9960754057684003,0.2617993877991417,0.157079632679485,-1.3305486899802947,180,180,180,180,180,180,180
42.85084247589111,0.39082418991796325,1.9876776617073153,0.2617993877991417,0.157079632679485,-1.33498669648044,180,180,180,180,180,180,180
42.86103558540344,0.39082418991796325,1.9876776617073153,0.2617993877991417,0.157079632679485,-1.33498669648044,180,180,180,180,180,180,180
42.87125062942505,0.38876630507667675,1.979009515405722,0.2617993877991417,0.157079632679485,-1.3401614068535952,180,180,180,180,180,180,180
42.88807964324951,0.38876630507667675,1.979009515405722,0.2617993877991417,0.157079632679485,-1.3401614068535952,180,180,180,180,180,180,180
42.8983793258667,0.38876630507667675,1.979009515405722,0.2617993877991417,0.157079632679485,-1.3401614068535952,180,180,180,180,180,180,180
42.90864682197571,0.38682550979179375,1.9706391997864277,0.2617993877991417,0.157079632679485,-1.3455833550927854,180,180,180,180,180,180,180
42.918893575668335,0.38682550979179375,1.9706391997864277,0.2617993877991417,0.157079632679485,-1.3455833550927854,180,180,180,180,180,180,180
42.929245710372925,0.38682550979179375,1.9706391997864277,0.2617993877991417,0.157079632679485,-1.3455833550927854,180,180,180,180,180,180,180
42.93941831588745,0.38492870687016334,1.9622627166765128,0.2617993877991417,0.157079632679485,-1.3510052292069565,180,180,180,180,180,180,180
42.94965934753418,0.38492870687016334,1.9622627166765128,0.2617993877991417,0.157079632679485,-1.3510052292069565,180,180,180,180,180,180,180
42.959880352020264,0.38492870687016334,1.9622627166765128,0.2617993877991417,0.157079632679485,-1.3510052292069565,180,180,180,180,180,180,180
42.97008299827576,0.3830310518981555,1.9536417093648766,0.2617993877991417,0.157079632679485,-1.3563514610303604,180,180,180,180,180,180,180
42.980305194854736,0.3830310518981555,1.9536417093648766,0.2617993877991417,0.157079632679485,-1.3563514610303604,180,180,180,180,180,180,180
42.99057340621948,0.3830310518981555,1.9536417093648766,0.2617993877991417,0.157079632679485,-1.3563514610303604,180,180,180,180,180,180,180
43.00078296661377,0.38123292803556935,1.9452769043108866,0.2617993877991417,0.13962634015954223,-1.3613866770703549,180,180,180,180,180,180,180
43.011032581329346,0.38123292803556935,1.9452769043108866,0.2617993877991417,0.10471975511965666,-1.3613866770703549,180,180,180,180,180,180,180
43.02127647399902,0.38123292803556935,1.9452769043108866,0.2617993877991417,0.10471975511965666,-1.3613866770703549,180,180,180,180,180,180,180
43.03154945373535,0.38123292803556935,1.9452769043108866,0.2617993877991417,0.06981317007977111,-1.3613866770703549,180,180,180,180,180,180,180
43.04461169242859,0.3794703020446752,1.9368838119572902,0.2617993877991417,0.06981317007977111,-1.3658829327207778,180,180,180,180,180,180,180
43.05479836463928,0.3794703020446752,1.9368838119572902,0.2617993877991417,0.05235987755982833,-1.3658829327207778,180,180,180,180,180,180,180
43.064992904663086,0.3794703020446752,1.9368838119572902,0.2617993877991417,0.0,-1.3658829327207778,180,180,180,180,180,180,180
43.075185775756836,0.37767878378345615,1.9282015029870236,0.2617993877991417,0.0,-1.3683316131412409,180,180,180,180,180,180,180
43.09162449836731,0.37767878378345615,1.9282015029870236,0.2617993877991417,0.0,-1.3683316131412409,180,180,180,180,180,180,180
43.10186553001404,0.3759452628288652,1.9197443472042208,0.2617993877991417,0.0,-1.3684379816276835,180,180,180,180,180,180,180
43.11204218864441,0.3759452628288652,1.9197443472042208,0.2617993877991417,0.0,-1.3684379816276835,180,180,180,180,180,180,180
43.12222385406494,0.3759452628288652,1.9197443472042208,0.2617993877991417,0.0,-1.3684379816276835,180,180,180,180,180,180,180
43.13625359535217,0.3742081561513752,1.9112738671569676,0.2617993877991417,0.0,-1.3683646733295827,180,180,180,180,180,180,180
43.146477460861206,0.3742081561513752,1.9112738671569676,0.2617993877991417,0.0,-1.3683646733295827,180,180,180,180,180,180,180
43.15666580200195,0.3742081561513752,1.9112738671569676,0.2617993877991417,0.0,-1.3683646733295827,180,180,180,180,180,180,180
43.166858434677124,0.3724155310098016,1.9025371397646016,0.2617993877991417,0.0,-1.3682912262776423,180,180,180,180,180,180,180
43.177043199539185,0.3724155310098016,1.9025371397646016,0.2617993877991417,0.0,-1.3682912262776423,180,180,180,180,180,180,180
43.18870568275452,0.3724155310098016,1.9025371397646016,0.2617993877991417,0.0,-1.3682912262776423,180,180,180,180,180,180,180
43.19891381263733,0.3724155310098016,1.9025371397646016,0.2617993877991417,0.0,-1.3682912262776423,180,180,180,180,180,180,180
43.20923399925232,0.37067280547355225,1.894049965500038,0.2617993877991417,0.0,-1.3682289803792083,180,180,180,180,180,180,180
43.21941614151001,0.37067280547355225,1.894049965500038,0.2617993877991417,0.0,-1.3682289803792083,180,180,180,180,180,180,180
43.229612588882446,0.37067280547355225,1.894049965500038,0.2617993877991417,0.0,-1.3682289803792083,180,180,180,180,180,180,180
43.24291276931763,0.36892893850223724,1.885561700121841,0.2617993877991417,0.0,-1.3682261240234437,180,180,180,180,180,180,180
43.25322341918945,0.36892893850223724,1.885561700121841,0.2617993877991417,0.0,-1.3682261240234437,180,180,180,180,180,180,180
43.26341199874878,0.36892893850223724,1.885561700121841,0.2617993877991417,0.0,-1.3682261240234437,180,180,180,180,180,180,180
43.273600578308105,0.367137302201668,1.87682365223823,0.2617993877991417,0.0,-1.368324612582461,180,180,180,180,180,180,180
43.288649559020996,0.367137302201668,1.87682365223823,0.2617993877991417,0.0,-1.368324612582461,180,180,180,180,180,180,180
43.298888206481934,0.367137302201668,1.87682365223823,0.2617993877991417,0.0,-1.368324612582461,180,180,180,180,180,180,180
43.30905747413635,0.3654023520251387,1.868369144696085,0.2617993877991417,0.0,-1.368546498053834,180,180,180,180,180,180,180
43.31928014755249,0.3654023520251387,1.868369144696085,0.2617993877991417,0.0,-1.368546498053834,180,180,180,180,180,180,180
43.338478088378906,0.36367561438431334,1.859921419253571,0.2617993877991417,0.0,-1.368673344226475,180,180,180,180,180,180,180
43.34872508049011,0.36367561438431334,1.859921419253571,0.2617993877991417,0.0,-1.368673344226475,180,180,180,180,180,180,180
43.358959674835205,0.36367561438431334,1.859921419253571,0.2617993877991417,0.0,-1.368673344226475,180,180,180,180,180,180,180
43.36920499801636,0.36190091048295225,1.851259520763498,0.2617993877991417,0.0,-1.3684497435652834,180,180,180,180,180,180,180
43.387001514434814,0.36190091048295225,1.851259520763498,0.2617993877991417,0.0,-1.3684497435652834,180,180,180,180,180,180,180
43.397228717803955,0.36190091048295225,1.851259520763498,0.2617993877991417,0.0,-1.3684497435652834,180,180,180,180,180,180,180
43.40742206573486,0.360173017950144,1.842826640604483,0.2617993877991417,0.0,-1.368371591348239,180,180,180,180,180,180,180
43.417685985565186,0.360173017950144,1.842826640604483,0.2617993877991417,0.0,-1.368371591348239,180,180,180,180,180,180,180
43.438568353652954,0.360173017950144,1.842826640604483,0.2617993877991417,0.0,-1.368371591348239,180,180,180,180,180,180,180
43.44921278953552,0.3584417712522098,1.8343874904813593,0.2617993877991417,0.0,-1.3682768748150451,180,180,180,180,180,180,180
43.459463357925415,0.3584417712522098,1.8343874904813593,0.2617993877991417,0.0,-1.3682768748150451,180,180,180,180,180,180,180
43.470749378204346,0.3566546786883923,1.8256819373965907,0.2617993877991417,0.0,-1.368183857077786,180,180,180,180,180,180,180
43.481091022491455,0.3566546786883923,1.8256819373965907,0.2617993877991417,0.0,-1.368183857077786,180,180,180,180,180,180,180
43.49418115615845,0.3566546786883923,1.8256819373965907,0.2617993877991417,0.0,-1.368183857077786,180,180,180,180,180,180,180
43.504626750946045,0.3549172476101056,1.8172211261635682,0.2617993877991417,0.0,-1.3681045939408127,180,180,180,180,180,180,180
43.514814615249634,0.3549172476101056,1.8172211261635682,0.2617993877991417,0.0,-1.3681045939408127,180,180,180,180,180,180,180
43.525294065475464,0.3549172476101056,1.8172211261635682,0.2617993877991417,0.0,-1.3681045939408127,180,180,180,180,180,180,180
43.54198622703552,0.3531770615796991,1.8087501241629949,0.2617993877991417,0.0,-1.3680311413746593,180,180,180,180,180,180,180
43.5522243976593,0.3531770615796991,1.8087501241629949,0.2617993877991417,0.13962634015954223,-1.3680311413746593,180,180,180,180,180,180,180
43.562620401382446,0.3531770615796991,1.8087501241629949,0.2617993877991417,0.157079632679485,-1.3680311413746593,180,180,180,180,180,180,180
43.573131799697876,0.35138139180033917,1.8000130473304885,0.2617993877991417,0.157079632679485,-1.3679584728530816,180,180,180,180,180,180,180
43.58415699005127,0.35138139180033917,1.8000130473304885,0.2617993877991417,0.17453292519942779,-1.3679584728530816,180,180,180,180,180,180,180
43.594648122787476,0.35138139180033917,1.8000130473304885,0.2617993877991417,0.20943951023931331,-1.3679584728530816,180,180,180,180,180,180,180
43.605040073394775,0.349643212579331,1.7915423369930987,0.2617993877991417,0.20943951023931331,-1.3695066552329873,180,180,180,180,180,180,180
43.61549258232117,0.349643212579331,1.7915423369930987,0.2617993877991417,0.20943951023931331,-1.3695066552329873,180,180,180,180,180,180,180
43.62598538398743,0.349643212579331,1.7915423369930987,0.2617993877991417,0.20943951023931331,-1.3695066552329873,180,180,180,180,180,180,180
43.64074182510376,0.34791844403672745,1.7830054133949493,0.2617993877991417,0.20943951023931331,-1.3742628818935636,180,180,180,180,180,180,180
43.6510112285614,0.34791844403672745,1.7830054133949493,0.2617993877991417,0.2268928027592561,-1.3742628818935636,180,180,180,180,180,180,180
43.66123056411743,0.34791844403672745,1.7830054133949493,0.2617993877991417,0.2268928027592561,-1.3742628818935636,180,180,180,180,180,180,180
43.67143988609314,0.34619902938423375,1.774211391832142,0.2617993877991417,0.2268928027592561,-1.3813754891408851,180,180,180,180,180,180,180
43.68883228302002,0.34619902938423375,1.774211391832142,0.2617993877991417,0.2268928027592561,-1.3813754891408851,180,180,180,180,180,180,180
43.699103116989136,0.3445936534064104,1.7657091127413926,0.2617993877991417,0.20943951023931331,-1.3885942030683012,180,180,180,180,180,180,180
43.709314584732056,0.3445936534064104,1.7657091127413926,0.2617993877991417,0.08726646259971389,-1.3885942030683012,180,180,180,180,180,180,180
43.71953368186951,0.3445936534064104,1.7657091127413926,0.2617993877991417,0.08726646259971389,-1.3885942030683012,180,180,180,180,180,180,180
43.73733377456665,0.3445936534064104,1.7657091127413926,0.2617993877991417,0.06981317007977111,-1.3885942030683012,180,180,180,180,180,180,180
43.74769353866577,0.3430723878816815,1.757255573898162,0.2617993877991417,0.05235987755982833,-1.3959499793410972,180,180,180,180,180,180,180
43.75787854194641,0.3430723878816815,1.757255573898162,0.2617993877991417,0.0,-1.3959499793410972,180,180,180,180,180,180,180
43.76811695098877,0.3415571324311308,1.7485254238139156,0.2617993877991417,0.0,-1.4005381604298253,180,180,180,180,180,180,180
43.77835822105408,0.3415571324311308,1.7485254238139156,0.2617993877991417,0.0,-1.4005381604298253,180,180,180,180,180,180,180
43.78908848762512,0.3415571324311308,1.7485254238139156,0.2617993877991417,0.0,-1.4005381604298253,180,180,180,180,180,180,180
43.799301862716675,0.3401040068516081,1.740048817227486,0.2617993877991417,0.0,-1.4007968351118179,180,180,180,180,180,180,180
43.809489011764526,0.3401040068516081,1.740048817227486,0.2617993877991417,0.0,-1.4007968351118179,180,180,180,180,180,180,180
43.81966471672058,0.3401040068516081,1.740048817227486,0.2617993877991417,0.0,-1.4007968351118179,180,180,180,180,180,180,180
43.82990884780884,0.3401040068516081,1.740048817227486,0.2617993877991417,0.0,-1.4007968351118179,180,180,180,180,180,180,180
43.84010720252991,0.3386466715416387,1.7315553192129796,0.2617993877991417,0.0,-1.400751567431235,180,180,180,180,180,180,180
43.850313663482666,0.3386466715416387,1.7315553192129796,0.2617993877991417,0.0,-1.400751567431235,180,180,180,180,180,180,180
43.86052751541138,0.3386466715416387,1.7315553192129796,0.2617993877991417,0.0,-1.400751567431235,180,180,180,180,180,180,180
43.87076377868652,0.33714306194790644,1.722793518922873,0.2617993877991417,0.0,-1.4007104964848138,180,180,180,180,180,180,180
43.88101077079773,0.33714306194790644,1.722793518922873,0.2617993877991417,0.0,-1.4007104964848138,180,180,180,180,180,180,180
43.89118981361389,0.33714306194790644,1.722793518922873,0.2617993877991417,0.0,-1.4007104964848138,180,180,180,180,180,180,180
43.9013991355896,0.33568158961371247,1.714279136492687,0.2617993877991417,0.0,-1.4006719989783014,180,180,180,180,180,180,180
43.91160488128662,0.33568158961371247,1.714279136492687,0.2617993877991417,0.0,-1.4006719989783014,180,180,180,180,180,180,180
43.92180633544922,0.33568158961371247,1.714279136492687,0.2617993877991417,0.0,-1.4006719989783014,180,180,180,180,180,180,180
43.932026863098145,0.33568158961371247,1.714279136492687,0.2617993877991417,0.0,-1.4006719989783014,180,180,180,180,180,180,180
43.942495822906494,0.33421809993148377,1.7057550127596985,0.2617993877991417,0.0,-1.4006330182366504,180,180,180,180,180,180,180
43.95267987251282,0.33421809993148377,1.7057550127596985,0.2617993877991417,0.0,-1.4006330182366504,180,180,180,180,180,180,180
43.96286749839783,0.33421809993148377,1.7057550127596985,0.2617993877991417,0.0,-1.4006330182366504,180,180,180,180,180,180,180
43.97312903404236,0.3327079870582539,1.696962646622865,0.2617993877991417,0.0,-1.4005935497515472,180,180,180,180,180,180,180
43.98334455490112,0.3327079870582539,1.696962646622865,0.2617993877991417,0.0,-1.4005935497515472,180,180,180,180,180,180,180
43.99428915977478,0.3327079870582539,1.696962646622865,0.2617993877991417,0.0,-1.4005935497515472,180,180,180,180,180,180,180
44.004491567611694,0.33123955098887053,1.6884199069286734,0.2617993877991417,0.0,-1.40055808555903,180,180,180,180,180,180,180
44.01472282409668,0.33123955098887053,1.6884199069286734,0.2617993877991417,0.0,-1.40055808555903,180,180,180,180,180,180,180
44.024943351745605,0.33123955098887053,1.6884199069286734,0.2617993877991417,0.0,-1.40055808555903,180,180,180,180,180,180,180
44.03849267959595,0.33123955098887053,1.6884199069286734,0.2617993877991417,0.0,-1.40055808555903,180,180,180,180,180,180,180
44.04932403564453,0.3297698761515823,1.679874050867693,0.2617993877991417,0.0,-1.400549732885495,180,180,180,180,180,180,180
44.05955219268799,0.3297698761515823,1.679874050867693,0.2617993877991417,0.0,-1.400549732885495,180,180,120,180,180,180,180
44.06975483894348,0.32825636161590666,1.6710775893521783,0.2617993877991417,0.0,-1.4005994561213795,180,180,120,180,180,180,180
44.07998490333557,0.32825636161590666,1.6710775893521783,0.2617993877991417,0.0,-1.4005994561213795,180,180,120,180,180,180,180
44.090193033218384,0.32825636161590666,1.6710775893521783,0.2617993877991417,0.0,-1.4005994561213795,180,180,120,180,180,180,180
44.10037136077881,0.32679258056142296,1.6625651037632725,0.2617993877991417,0.0,-1.400703610767338,180,180,120,180,180,180,180
44.11055517196655,0.32679258056142296,1.6625651037632725,0.2617993877991417,0.0,-1.400703610767338,180,180,120,180,180,180,180
44.12076687812805,0.32679258056142296,1.6625651037632725,0.2617993877991417,0.0,-1.400703610767338,180,180,120,180,180,180,180
44.13640904426575,0.3253439245621808,1.6540911504858622,0.2617993877991417,0.0,-1.400645282198986,180,180,120,180,180,180,180
44.14661383628845,0.3253439245621808,1.6540911504858622,0.2617993877991417,0.0,-1.400645282198986,180,180,120,180,180,180,180
44.1567907333374,0.3253439245621808,1.6540911504858622,0.2617993877991417,0.0,-1.400645282198986,180,180,120,180,180,180,180
44.16697907447815,0.3238447497895805,1.6453556656182096,0.2617993877991417,0.0,-1.4005954354304027,180,180,120,180,180,180,180
44.17718052864075,0.3238447497895805,1.6453556656182096,0.2617993877991417,0.0,-1.4005954354304027,180,180,120,180,180,180,180
44.19177985191345,0.3238447497895805,1.6453556656182096,0.2617993877991417,0.0,-1.4005954354304027,180,180,120,180,180,180,180
44.20198202133179,0.32238754776485606,1.6368717060433662,0.2617993877991417,0.0,-1.4005354803073808,180,180,120,180,180,180,180
44.21218752861023,0.32238754776485606,1.6368717060433662,0.2617993877991417,0.0,-1.4005354803073808,180,180,120,180,180,180,180
44.22238302230835,0.32238754776485606,1.6368717060433662,0.2617993877991417,0.0,-1.4005354803073808,190,180,180,180,180,180,180
44.240774631500244,0.32092788473899453,1.6283785907570034,0.2617993877991417,0.0,-1.400482732514342,190,180,180,180,180,180,180
44.25102353096008,0.32092788473899453,1.6283785907570034,0.2617993877991417,0.0,-1.400482732514342,190,180,180,180,180,180,180
44.261189460754395,0.32092788473899453,1.6283785907570034,0.2617993877991417,0.0,-1.400482732514342,190,180,180,180,180,180,180
44.27142143249512,0.3194218263710295,1.619616737926472,0.2617993877991417,0.0,-1.400435689974764,190,180,180,180,180,180,180
44.290159463882446,0.3194218263710295,1.619616737926472,0.2617993877991417,0.0,-1.400435689974764,190,180,180,180,180,180,180
44.30037212371826,0.3179578340802511,1.6111016603247161,0.2617993877991417,0.0,-1.4003959777256636,190,180,180,180,180,180,180
44.310556173324585,0.3179578340802511,1.6111016603247161,0.2617993877991417,0.0,-1.4003959777256636,190,180,180,180,180,180,180
44.320735454559326,0.3179578340802511,1.6111016603247161,0.2617993877991417,0.0,-1.4003959777256636,190,180,180,180,180,180,180
44.33827996253967,0.3179578340802511,1.6111016603247161,0.2617993877991417,0.0,-1.4003959777256636,190,180,180,180,180,180,180
44.34847640991211,0.316491789299719,1.6025768027918146,0.2617993877991417,0.0,-1.4003563754439001,190,180,180,180,180,180,180
44.35865497589111,0.316491789299719,1.6025768027918146,0.2617993877991417,0.0,-1.4003563754439001,180,180,180,180,180,180,180
44.36886787414551,0.3149790592721589,1.5937836515095063,0.2617993877991417,0.05235987755982833,-1.400319479283,180,180,180,180,180,180,180
44.37908625602722,0.3149790592721589,1.5937836515095063,0.2617993877991417,0.05235987755982833,-1.400319479283,180,180,180,180,180,180,180
44.38954162597656,0.3149790592721589,1.5937836515095063,0.2617993877991417,0.05235987755982833,-1.400319479283,180,180,180,180,180,180,180
44.399797201156616,0.31350821346491803,1.5852402348352796,0.2617993877991417,0.08726646259971389,-1.4002973306663267,180,180,180,180,180,180,180
44.409985303878784,0.31350821346491803,1.5852402348352796,0.2617993877991417,0.08726646259971389,-1.4002973306663267,180,180,180,180,180,180,180
44.420172691345215,0.31350821346491803,1.5852402348352796,0.2617993877991417,0.10471975511965666,-1.4002973306663267,180,180,180,180,180,180,180
44.430368423461914,0.31350821346491803,1.5852402348352796,0.2617993877991417,0.10471975511965666,-1.4002973306663267,180,180,180,180,180,180,180
44.44329118728638,0.31350821346491803,1.5852402348352796,0.2617993877991417,0.10471975511965666,-1.4002973306663267,180,180,180,180,180,180,180
44.453500509262085,0.3120397306919879,1.5766950487263274,0.2617993877991417,0.157079632679485,-1.4018255498200471,180,180,180,180,180,180,180
44.46371293067932,0.3120397306919879,1.5766950487263274,0.2617993877991417,0.17453292519942779,-1.4018255498200471,180,180,180,180,180,180,180
44.47392249107361,0.3105428547273279,1.5678421849477646,0.2617993877991417,0.17453292519942779,-1.4054297740955906,180,180,180,180,180,180,180
44.492236614227295,0.3105428547273279,1.5678421849477646,0.2617993877991417,0.19198621771937055,-1.4054297740955906,180,180,180,180,180,180,180
44.502450704574585,0.30911711699368666,1.5592220410402,0.2617993877991417,0.19198621771937055,-1.4102741257143423,180,180,180,180,180,180,180
44.512646198272705,0.30911711699368666,1.5592220410402,0.2617993877991417,0.19198621771937055,-1.4102741257143423,180,180,180,180,180,180,180
44.52302265167236,0.30911711699368666,1.5592220410402,0.2617993877991417,0.19198621771937055,-1.4102741257143423,180,180,180,180,180,180,180
44.5421884059906,0.30777261762116603,1.5507358414777856,0.2617993877991417,0.17453292519942779,-1.4160305013976244,180,180,180,180,180,180,180
44.552469968795776,0.30777261762116603,1.5507358414777856,0.2617993877991417,0.05235987755982833,-1.4160305013976244,180,180,180,180,180,180,180
44.56269907951355,0.30777261762116603,1.5507358414777856,0.2617993877991417,0.05235987755982833,-1.4160305013976244,180,180,180,180,180,180,180
44.572917461395264,0.30644164570463167,1.5420251806265537,0.2617993877991417,0.0,-1.4220009117618813,180,180,180,180,180,180,180
44.58597922325134,0.30644164570463167,1.5420251806265537,0.2617993877991417,0.0,-1.4220009117618813,180,180,180,180,180,180,180
44.596246004104614,0.30644164570463167,1.5420251806265537,0.2617993877991417,0.0,-1.4220009117618813,180,180,180,180,180,180,180
44.60645413398743,0.3051865724009037,1.5335508109889384,0.2617993877991417,0.0,-1.4243532513295412,180,180,180,180,180,180,180
44.61665081977844,0.3051865724009037,1.5335508109889384,0.2617993877991417,0.0,-1.4243532513295412,190,180,180,180,180,190,180
44.62684226036072,0.3051865724009037,1.5335508109889384,0.2617993877991417,0.0,-1.4243532513295412,190,180,180,180,180,190,180
44.64080810546875,0.3051865724009037,1.5335508109889384,0.2617993877991417,0.0,-1.4243532513295412,190,180,180,180,180,190,180
44.6510112285614,0.3039300111966048,1.5250238614865697,0.2617993877991417,0.0,-1.424383134315974,190,180,180,180,180,190,180
44.66127824783325,0.3039300111966048,1.5250238614865697,0.2617993877991417,0.0,-1.424383134315974,180,180,180,180,180,180,180
44.67145800590515,0.3026336653715671,1.5162264714897022,0.2617993877991417,0.0,-1.4243725751591862,180,180,180,180,180,180,180
44.681641578674316,0.3026336653715671,1.5162264714897022,0.2617993877991417,0.0,-1.4243725751591862,180,180,180,180,180,180,180
44.693434953689575,0.3026336653715671,1.5162264714897022,0.2617993877991417,0.0,-1.4243725751591862,180,180,180,180,180,180,180
44.7036612033844,0.30137384104913484,1.5076778536325484,0.2617993877991417,0.0,-1.424360638373048,180,180,180,180,180,180,180
44.71386504173279,0.30137384104913484,1.5076778536325484,0.2617993877991417,0.0,-1.424360638373048,180,180,180,180,180,180,180
44.72407507896423,0.30137384104913484,1.5076778536325484,0.2617993877991417,0.0,-1.424360638373048,180,180,180,180,180,180,180
44.73937940597534,0.3001124173672613,1.4991193918526515,0.2617993877991417,0.0,-1.424347370097483,180,180,180,180,180,180,180
44.750216007232666,0.3001124173672613,1.4991193918526515,0.2617993877991417,0.0,-1.424347370097483,180,180,180,180,180,180,180
44.76043939590454,0.3001124173672613,1.4991193918526515,0.2617993877991417,0.0,-1.424347370097483,180,180,180,180,180,180,180
44.77064251899719,0.29881087398029277,1.4902914788298993,0.2617993877991417,0.0,-1.424333364065558,180,180,180,180,180,180,180
44.78887104988098,0.29881087398029277,1.4902914788298993,0.2617993877991417,0.0,-1.424333364065558,180,180,180,180,180,180,180
44.79915499687195,0.2975453247196085,1.4817137512928145,0.2617993877991417,0.0,-1.4243198673814133,180,180,180,180,180,180,180
44.80934429168701,0.2975453247196085,1.4817137512928145,0.2617993877991417,-0.05235987755982833,-1.4243198673814133,180,180,180,180,180,180,180
44.81954836845398,0.2975453247196085,1.4817137512928145,0.2617993877991417,-0.05235987755982833,-1.4243198673814133,180,180,180,180,180,180,180
44.837308168411255,0.2975453247196085,1.4817137512928145,0.2617993877991417,-0.05235987755982833,-1.4243198673814133,180,180,180,180,180,180,180
44.84754204750061,0.2962786662659098,1.4731331444044966,0.2617993877991417,-0.05235987755982833,-1.42430921836832,180,180,180,180,180,180,180
44.85774254798889,0.2962786662659098,1.4731331444044966,0.2617993877991417,-0.06981317007977111,-1.42430921836832,180,180,180,180,180,180,180
44.86796689033508,0.29496602829754714,1.4642930454236018,0.2617993877991417,-0.06981317007977111,-1.4227131402184698,180,180,180,180,180,180,180
44.878170013427734,0.29496602829754714,1.4642930454236018,0.2617993877991417,-0.08726646259971389,-1.4227131402184698,180,180,180,180,180,180,180
44.89264512062073,0.29496602829754714,1.4642930454236018,0.2617993877991417,-0.08726646259971389,-1.4227131402184698,180,180,180,180,180,180,180
44.902926445007324,0.29368002710897595,1.455726824541072,0.2617993877991417,-0.10471975511965666,-1.4206719470667852,180,180,180,180,180,180,180
44.91319227218628,0.29368002710897595,1.455726824541072,0.2617993877991417,-0.12217304763959944,-1.4206719470667852,180,180,180,180,180,180,180
44.9234254360199,0.29368002710897595,1.455726824541072,0.2617993877991417,-0.157079632679485,-1.4206719470667852,180,180,180,180,180,180,180
44.941847801208496,0.29368002710897595,1.455726824541072,0.2617993877991417,-0.157079632679485,-1.4206719470667852,180,180,180,180,180,180,180
44.95226430892944,0.2923815583518054,1.4472026514915108,0.2617993877991417,-0.20943951023931331,-1.4175086295782091,180,180,180,180,180,180,180
44.96247148513794,0.2923815583518054,1.4472026514915108,0.2617993877991417,-0.20943951023931331,-1.4175086295782091,180,180,180,180,180,180,180
44.97266387939453,0.2910021206327926,1.4384224364639728,0.2617993877991417,-0.2268928027592561,-1.4124032929589243,180,180,180,180,180,180,180
44.98287057876587,0.2910021206327926,1.4384224364639728,0.2617993877991417,-0.2268928027592561,-1.4124032929589243,180,180,180,180,180,180,180
44.994956731796265,0.2910021206327926,1.4384224364639728,0.2617993877991417,-0.2268928027592561,-1.4124032929589243,180,180,180,180,180,180,180
45.00519776344299,0.2896099965143812,1.4298751359255328,0.2617993877991417,-0.24434609527919887,-1.4056543816554399,180,180,180,180,180,180,180
45.01544213294983,0.2896099965143812,1.4298751359255328,0.2617993877991417,-0.24434609527919887,-1.4056543816554399,180,180,180,180,180,180,180
45.025657415390015,0.2896099965143812,1.4298751359255328,0.2617993877991417,-0.24434609527919887,-1.4056543816554399,180,180,180,180,180,180,180
45.03900098800659,0.2896099965143812,1.4298751359255328,0.2617993877991417,-0.24434609527919887,-1.4056543816554399,180,180,180,180,180,180,180
45.049341678619385,0.2881532819787072,1.4213184824144132,0.2617993877991417,-0.24434609527919887,-1.398188581602754,180,180,180,180,180,180,180
45.05956506729126,0.2881532819787072,1.4213184824144132,0.2617993877991417,-0.24434609527919887,-1.398188581602754,180,180,180,180,180,180,180
45.0697762966156,0.28658005448503815,1.4124976248312688,0.2617993877991417,-0.24434609527919887,-1.3898894031890547,180,180,180,180,180,180,180
45.079994916915894,0.28658005448503815,1.4124976248312688,0.2617993877991417,-0.24434609527919887,-1.3898894031890547,180,180,180,180,180,180,180
45.09021496772766,0.28658005448503815,1.4124976248312688,0.2617993877991417,-0.24434609527919887,-1.3898894031890547,180,180,180,180,180,180,180
45.100444078445435,0.28498038452175833,1.403936570111838,0.2617993877991417,-0.12217304763959944,-1.3818004637691552,180,180,180,180,180,180,180
45.11065983772278,0.28498038452175833,1.403936570111838,0.2617993877991417,-0.12217304763959944,-1.3818004637691552,180,180,180,180,180,180,180
45.12086009979248,0.28498038452175833,1.403936570111838,0.2617993877991417,-0.10471975511965666,-1.3818004637691552,180,180,180,180,180,180,180
45.13815498352051,0.28498038452175833,1.403936570111838,0.2617993877991417,-0.10471975511965666,-1.3818004637691552,180,180,180,180,180,180,180
45.14858269691467,0.28330891709103506,1.3953771215192439,0.2617993877991417,-0.05235987755982833,-1.3737009049456614,180,180,180,180,180,180,180
45.15878629684448,0.28330891709103506,1.3953771215192439,0.2617993877991417,-0.05235987755982833,-1.3737009049456614,180,180,180,180,180,180,180
45.168980836868286,0.28152150023000333,1.3865291854983453,0.2617993877991417,0.0,-1.370431432440372,180,180,180,180,180,180,180
45.17921566963196,0.28152150023000333,1.3865291854983453,0.2617993877991417,0.0,-1.370431432440372,180,180,180,180,180,180,180
45.18941855430603,0.28152150023000333,1.3865291854983453,0.2617993877991417,0.0,-1.370431432440372,180,180,180,180,180,180,180
45.199692487716675,0.28152150023000333,1.3865291854983453,0.2617993877991417,0.0,-1.370431432440372,180,180,180,180,180,180,180
45.20990467071533,0.2797908155033087,1.3780121959444245,0.2617993877991417,0.0,-1.3704965410106764,180,180,180,180,180,180,180
45.220112323760986,0.2797908155033087,1.3780121959444245,0.2617993877991417,0.0,-1.3704965410106764,180,180,180,180,180,180,180
45.23846626281738,0.2797908155033087,1.3780121959444245,0.2617993877991417,0.0,-1.3704965410106764,180,180,180,180,180,180,180
45.24871325492859,0.27806491032599673,1.3695192880089397,0.2617993877991417,0.0,-1.3705230601695013,180,180,180,180,180,180,180
45.25890827178955,0.27806491032599673,1.3695192880089397,0.2617993877991417,0.0,-1.3705230601695013,180,180,180,180,180,180,180
45.26913833618164,0.2762934237945027,1.3607834301521142,0.2617993877991417,0.0,-1.3706418962240408,180,180,180,180,180,180,180
45.279343128204346,0.2762934237945027,1.3607834301521142,0.2617993877991417,0.0,-1.3706418962240408,180,180,180,180,180,180,180
45.29138422012329,0.2762934237945027,1.3607834301521142,0.2617993877991417,0.0,-1.3706418962240408,180,180,180,180,180,180,180
45.30162715911865,0.27458214304470957,1.3523338945474204,0.2617993877991417,0.0,-1.370809910077276,180,180,180,180,180,180,180
45.31184196472168,0.27458214304470957,1.3523338945474204,0.2617993877991417,0.0,-1.370809910077276,180,180,180,180,180,180,180
45.322086811065674,0.27458214304470957,1.3523338945474204,0.2617993877991417,0.0,-1.370809910077276,180,180,180,180,180,180,180
45.33230972290039,0.27458214304470957,1.3523338945474204,0.2617993877991417,0.0,-1.370809910077276,180,180,180,180,180,180,180
45.34304475784302,0.27287934240552003,1.3439148319072791,0.2617993877991417,0.0,-1.3706685558484908,180,180,180,180,180,180,180
45.35325884819031,0.27287934240552003,1.3439148319072791,0.2617993877991417,0.0,-1.3706685558484908,180,180,180,180,180,180,180
45.36346769332886,0.27287934240552003,1.3439148319072791,0.2617993877991417,0.0,-1.3706685558484908,180,180,180,180,180,180,180
45.373677492141724,0.2711195112805438,1.3352290375684874,0.2617993877991417,0.0,-1.370578637497894,180,180,180,180,180,180,180
45.38924026489258,0.2711195112805438,1.3352290375684874,0.2617993877991417,0.0,-1.370578637497894,180,180,180,180,180,180,180
45.39947485923767,0.2694079511431047,1.3267898207977382,0.2617993877991417,0.0,-1.370499127368521,180,180,180,180,180,180,180
45.4096896648407,0.2694079511431047,1.3267898207977382,0.2617993877991417,0.0,-1.370499127368521,180,180,180,180,180,180,180
45.419910192489624,0.2694079511431047,1.3267898207977382,0.2617993877991417,0.0,-1.370499127368521,180,180,180,180,180,180,180
45.436543464660645,0.26769325540959543,1.318341303374723,0.2617993877991417,0.0,-1.370421499981976,180,180,180,180,180,180,180
45.446755170822144,0.26769325540959543,1.318341303374723,0.2617993877991417,0.0,-1.370421499981976,180,180,180,180,180,180,180
45.456958532333374,0.26769325540959543,1.318341303374723,0.2617993877991417,0.0,-1.370421499981976,180,180,180,180,180,180,180
45.46720838546753,0.2659237279401277,1.3096251340189122,0.2617993877991417,0.0,-1.370352039715222,180,180,180,180,180,180,180
45.47742033004761,0.2659237279401277,1.3096251340189122,0.2617993877991417,0.0,-1.370352039715222,180,180,180,180,180,180,180
45.48905801773071,0.2659237279401277,1.3096251340189122,0.2617993877991417,0.0,-1.370352039715222,180,180,180,180,180,180,180
45.49930000305176,0.2642034814460245,1.3011543924874862,0.2617993877991417,0.0,-1.370292391903558,180,180,180,180,180,180,180
45.509511947631836,0.2642034814460245,1.3011543924874862,0.2617993877991417,0.0,-1.370292391903558,180,180,180,180,180,180,180
45.51986312866211,0.2642034814460245,1.3011543924874862,0.2617993877991417,0.0,-1.370292391903558,180,180,180,180,180,180,180
45.53966927528381,0.2642034814460245,1.3011543924874862,0.2617993877991417,0.0,-1.370292391903558,180,180,180,180,180,180,180
45.550063371658325,0.2624807558554073,1.2926741303578086,0.2617993877991417,0.0,-1.3702350960575014,180,180,180,180,180,180,180
45.56025409698486,0.2624807558554073,1.2926741303578086,0.2617993877991417,0.0,-1.3702350960575014,180,180,180,180,180,180,180
45.57080960273743,0.260702996164574,1.2839278648284393,0.2617993877991417,0.0,-1.3701804279184235,180,180,180,180,180,180,180
45.59010124206543,0.260702996164574,1.2839278648284393,0.2617993877991417,0.0,-1.3701804279184235,180,180,180,180,180,180,180
45.60033440589905,0.2589754294225389,1.2754332967065936,0.2617993877991417,0.0,-1.3701574617067156,180,180,180,180,180,180,180
45.61056184768677,0.2589754294225389,1.2754332967065936,0.2617993877991417,0.0,-1.3701574617067156,180,180,180,180,180,180,180
45.62077879905701,0.2589754294225389,1.2754332967065936,0.2617993877991417,0.0,-1.3701574617067156,180,180,180,180,180,180,180
45.631001234054565,0.2589754294225389,1.2754332967065936,0.2617993877991417,0.0,-1.3701574617067156,180,180,180,180,180,180,180
45.641727447509766,0.2572476747364186,1.2669423756875313,0.2617993877991417,0.0,-1.3702077292823645,180,180,180,180,180,180,180
45.65197443962097,0.2572476747364186,1.2669423756875313,0.2617993877991417,0.0,-1.3702077292823645,180,180,180,180,180,180,180
45.662174224853516,0.2572476747364186,1.2669423756875313,0.2617993877991417,0.0,-1.3702077292823645,180,180,180,180,180,180,180
45.67239594459534,0.25547473649568836,1.2582116389773175,0.2617993877991417,0.0,-1.3703454031714273,180,180,180,180,180,180,180
45.68704128265381,0.25547473649568836,1.2582116389773175,0.2617993877991417,0.0,-1.3703454031714273,180,180,180,180,180,180,180
45.697365283966064,0.25547473649568836,1.2582116389773175,0.2617993877991417,0.0,-1.3703454031714273,180,180,180,180,180,180,180
45.707603454589844,0.2537636499939249,1.2497645718738213,0.2617993877991417,0.0,-1.3704951854465057,180,180,180,180,180,180,180
45.71784234046936,0.2537636499939249,1.2497645718738213,0.2617993877991417,0.0,-1.3704951854465057,180,180,180,180,180,180,180
45.72814750671387,0.2537636499939249,1.2497645718738213,0.2617993877991417,0.0,-1.3704951854465057,180,180,180,180,180,180,180
45.73885893821716,0.2537636499939249,1.2497645718738213,0.2617993877991417,0.0,-1.3704951854465057,180,180,180,180,180,180,180
45.7491295337677,0.2520574872908985,1.2413513844559085,0.2617993877991417,0.0,-1.3703174564197744,180,180,180,180,180,180,180
45.75936317443848,0.2520574872908985,1.2413513844559085,0.2617993877991417,0.0,-1.3703174564197744,180,180,180,180,180,180,180
45.769891023635864,0.2520574872908985,1.2413513844559085,0.2617993877991417,0.0,-1.3703174564197744,180,180,180,180,180,180,180
45.780369997024536,0.2502942319301652,1.2326624581754304,0.2617993877991417,0.0,-1.370247218589759,180,180,180,180,180,180,180
45.790756702423096,0.2502942319301652,1.2326624581754304,0.2617993877991417,0.0,-1.370247218589759,180,180,180,180,180,180,180
45.80101680755615,0.24857948019027168,1.224222950239018,0.2617993877991417,0.0,-1.3701668834843896,180,180,180,180,180,180,180
45.811235666275024,0.24857948019027168,1.224222950239018,0.2617993877991417,0.0,-1.3701668834843896,180,180,180,180,180,180,180
45.821453332901,0.24857948019027168,1.224222950239018,0.2617993877991417,0.0,-1.3701668834843896,180,180,180,180,180,180,180
45.83168339729309,0.24857948019027168,1.224222950239018,0.2617993877991417,0.0,-1.3701668834843896,180,180,180,180,180,180,180
45.84247088432312,0.2468616763321007,1.2157736559870331,0.2617993877991417,0.0,-1.3700907961764364,180,180,180,180,180,180,180
45.85273218154907,0.2468616763321007,1.2157736559870331,0.2617993877991417,0.0,-1.3700907961764364,180,180,180,180,180,180,180
45.86296010017395,0.2468616763321007,1.2157736559870331,0.2617993877991417,0.0,-1.3700907961764364,180,180,180,180,180,180,180
45.87324237823486,0.24508899184990074,1.2070566703109418,0.2617993877991417,0.0,-1.3700227828460183,180,180,180,180,180,180,180
45.88890862464905,0.24508899184990074,1.2070566703109418,0.2617993877991417,0.0,-1.3700227828460183,180,180,180,180,180,180,180
45.89917969703674,0.24336571510228827,1.1985853113575344,0.2617993877991417,0.0,-1.3699634496354811,180,180,180,180,180,180,180
45.90937781333923,0.24336571510228827,1.1985853113575344,0.2617993877991417,0.0,-1.3699634496354811,180,180,180,180,180,180,180
45.91962552070618,0.24336571510228827,1.1985853113575344,0.2617993877991417,0.0,-1.3699634496354811,180,180,180,180,180,180,180
45.938639640808105,0.2416399706548575,1.1901045086640911,0.2617993877991417,0.0,-1.3699068027763814,180,180,180,180,180,180,180
45.94888401031494,0.2416399706548575,1.1901045086640911,0.2617993877991417,0.0,-1.3699068027763814,180,180,180,180,180,180,180
45.959150075912476,0.2416399706548575,1.1901045086640911,0.2617993877991417,0.0,-1.3699068027763814,180,180,180,180,180,180,180
45.969414949417114,0.23985903702161301,1.181357842121461,0.2617993877991417,0.0,-1.3698532712335414,180,180,180,180,180,180,180
45.98777770996094,0.23985903702161301,1.181357842121461,0.2617993877991417,0.0,-1.3698532712335414,180,180,180,180,180,180,180
45.998045444488525,0.23985903702161301,1.181357842121461,0.2617993877991417,0.0,-1.3698532712335414,180,180,180,180,180,180,180
46.00826930999756,0.23812868600944817,1.1728637815892324,0.2617993877991417,0.0,-1.3698373785180724,180,180,180,180,180,180,180
46.01859498023987,0.23812868600944817,1.1728637815892324,0.2617993877991417,0.0,-1.3698373785180724,180,180,180,180,180,180,180
46.036123275756836,0.2363989036117926,1.164374305681861,0.2617993877991417,0.0,-1.369897910138135,180,180,180,180,180,180,180
46.04635000228882,0.2363989036117926,1.164374305681861,0.2617993877991417,0.0,-1.369897910138135,180,180,180,180,180,180,180
46.05659294128418,0.2363989036117926,1.164374305681861,0.2617993877991417,0.0,-1.369897910138135,180,180,180,180,180,180,180
46.066890716552734,0.23462366099990814,1.1556483740611108,0.2617993877991417,0.0,-1.370051275382898,180,180,180,180,180,180,180
46.07715654373169,0.23462366099990814,1.1556483740611108,0.2617993877991417,0.0,-1.370051275382898,180,180,180,180,180,180,180
46.08926701545715,0.23462366099990814,1.1556483740611108,0.2617993877991417,0.0,-1.370051275382898,180,180,180,180,180,180,180
46.09950065612793,0.2329121175631093,1.1472032307159916,0.2617993877991417,0.0,-1.3701762742663182,180,180,180,180,180,180,180
46.109724044799805,0.2329121175631093,1.1472032307159916,0.2617993877991417,0.0,-1.3701762742663182,180,180,180,180,180,180,180
46.12051224708557,0.2329121175631093,1.1472032307159916,0.2617993877991417,0.0,-1.3701762742663182,180,180,180,180,180,180,180
46.13783097267151,0.23120219541671327,1.1387938864040164,0.2617993877991417,0.0,-1.3699738183852683,180,180,180,180,180,180,180
46.148032426834106,0.23120219541671327,1.1387938864040164,0.2617993877991417,0.0,-1.3699738183852683,180,180,180,180,180,180,180
46.15830397605896,0.23120219541671327,1.1387938864040164,0.2617993877991417,0.0,-1.3699738183852683,180,180,180,180,180,180,180
46.168768882751465,0.22943543434982383,1.1301023747436685,0.2617993877991417,0.0,-1.3699192364145938,180,180,180,180,180,180,180
46.179035902023315,0.22943543434982383,1.1301023747436685,0.2617993877991417,0.0,-1.3699192364145938,180,180,180,180,180,180,180
46.18972063064575,0.22943543434982383,1.1301023747436685,0.2617993877991417,0.0,-1.3699192364145938,180,180,180,180,180,180,180
46.20000433921814,0.22771760656475848,1.1216623338534912,0.2617993877991417,0.0,-1.3698387251011415,180,180,180,180,180,180,180
46.21024513244629,0.22771760656475848,1.1216623338534912,0.2617993877991417,0.0,-1.3698387251011415,180,180,180,180,180,180,180
46.220449686050415,0.22771760656475848,1.1216623338534912,0.2617993877991417,0.0,-1.3698387251011415,180,180,180,180,180,180,180
46.23661971092224,0.22599676792920062,1.1132122233826787,0.2617993877991417,0.0,-1.3697637439550048,180,180,180,180,180,180,180
46.24687385559082,0.22599676792920062,1.1132122233826787,0.2617993877991417,0.0,-1.3697637439550048,180,180,180,180,180,180,180
46.25709629058838,0.22599676792920062,1.1132122233826787,0.2617993877991417,0.0,-1.3697637439550048,180,180,180,180,180,180,180
46.267327070236206,0.22422095843049594,1.1044944116321356,0.2617993877991417,0.0,-1.3696967747385715,180,180,180,180,180,180,180
46.27755165100098,0.22422095843049594,1.1044944116321356,0.2617993877991417,0.0,-1.3696967747385715,180,180,180,180,180,180,180
46.2879855632782,0.22422095843049594,1.1044944116321356,0.2617993877991417,0.0,-1.3696967747385715,180,180,180,180,180,180,180
46.29824137687683,0.22249468060513586,1.0960224544161432,0.2617993877991417,0.0,-1.3696372363744784,180,180,180,180,180,180,180
46.30845499038696,0.22249468060513586,1.0960224544161432,0.2617993877991417,0.0,-1.3696372363744784,180,180,180,180,180,180,180
46.31867480278015,0.22249468060513586,1.0960224544161432,0.2617993877991417,0.0,-1.3696372363744784,180,180,180,180,180,180,180
46.328914403915405,0.22249468060513586,1.0960224544161432,0.2617993877991417,0.0,-1.3696372363744784,180,180,180,180,180,180,180
46.33910036087036,0.22076594078531628,1.0875411219045026,0.2617993877991417,0.0,-1.3695809887378088,180,180,180,180,180,180,180
46.34932017326355,0.22076594078531628,1.0875411219045026,0.2617993877991417,0.0,-1.3695809887378088,180,180,180,180,180,180,180
46.359530210494995,0.22076594078531628,1.0875411219045026,0.2617993877991417,0.0,-1.3695809887378088,180,180,180,180,180,180,180
46.36975359916687,0.2189818543260409,1.0787941033436874,0.2617993877991417,0.0,-1.369528449954133,180,180,180,180,180,180,180
46.38791537284851,0.2189818543260409,1.0787941033436874,0.2617993877991417,0.0,-1.369528449954133,180,180,180,180,180,180,180
46.39816737174988,0.2189818543260409,1.0787941033436874,0.2617993877991417,0.0,-1.369528449954133,180,180,180,180,180,180,180
46.408371686935425,0.21724874228779353,1.07030073488723,0.2617993877991417,0.0,-1.3695200879013794,180,180,180,180,180,180,180
46.418681621551514,0.21724874228779353,1.07030073488723,0.2617993877991417,0.0,-1.3695200879013794,180,180,180,180,180,180,180
46.42888808250427,0.21724874228779353,1.07030073488723,0.2617993877991417,0.0,-1.3695200879013794,180,180,180,180,180,180,180
46.43909287452698,0.21551730716801146,1.061812812954219,0.2617993877991417,0.0,-1.3695904126177927,180,180,180,180,180,180,180
46.449291706085205,0.21551730716801146,1.061812812954219,0.2617993877991417,0.0,-1.3695904126177927,180,180,180,180,180,180,180
46.45952796936035,0.21551730716801146,1.061812812954219,0.2617993877991417,0.0,-1.3695904126177927,180,180,180,180,180,180,180
46.46974563598633,0.21373970551247745,1.0530919744492584,0.2617993877991417,0.0,-1.3697601085499336,180,180,180,180,180,180,180
46.48855638504028,0.21373970551247745,1.0530919744492584,0.2617993877991417,0.0,-1.3697601085499336,180,180,180,180,180,180,180
46.49875569343567,0.21373970551247745,1.0530919744492584,0.2617993877991417,0.0,-1.3697601085499336,180,180,180,180,180,180,180
46.50896215438843,0.21202692922368288,1.0446491663852542,0.2617993877991417,0.0,-1.369852881625887,180,180,180,180,180,180,180
46.51914978027344,0.21202692922368288,1.0446491663852542,0.2617993877991417,0.0,-1.369852881625887,180,180,180,180,180,180,180
46.53663420677185,0.21031361379229246,1.0362415879815154,0.2617993877991417,0.0,-1.3696401320261824,180,180,180,180,180,180,180
46.54684615135193,0.21031361379229246,1.0362415879815154,0.2617993877991417,0.0,-1.3696401320261824,180,180,180,180,180,180,180
46.55710315704346,0.21031361379229246,1.0362415879815154,0.2617993877991417,0.0,-1.3696401320261824,180,180,180,180,180,180,180
46.56734752655029,0.2085434264596456,1.0275483334329798,0.2617993877991417,0.0,-1.3695950669795376,180,180,180,180,180,180,180
46.57756185531616,0.2085434264596456,1.0275483334329798,0.2617993877991417,0.0,-1.3695950669795376,180,180,180,180,180,180,180
46.593496561050415,0.2085434264596456,1.0275483334329798,0.2617993877991417,0.0,-1.3695950669795376,180,180,180,180,180,180,180
46.60374689102173,0.20682269141657408,1.0191077665033694,0.2617993877991417,0.0,-1.3695143171421629,180,180,180,180,180,180,180
46.61395335197449,0.20682269141657408,1.0191077665033694,0.2617993877991417,0.0,-1.3695143171421629,180,180,180,180,180,180,180
46.62415170669556,0.20682269141657408,1.0191077665033694,0.2617993877991417,0.0,-1.3695143171421629,180,180,180,180,180,180,180
46.63711762428284,0.20682269141657408,1.0191077665033694,0.2617993877991417,0.0,-1.3695143171421629,180,180,180,180,180,180,180
46.647335052490234,0.20509890483600016,1.010656943278134,0.2617993877991417,0.0,-1.3694399363149603,180,180,180,180,180,180,180
46.65753483772278,0.20509890483600016,1.010656943278134,0.2617993877991417,0.0,-1.3694399363149603,180,180,180,180,180,180,180
46.667911529541016,0.2033200086385218,1.001938350752777,0.2617993877991417,0.0,-1.3693740522227091,180,180,180,180,180,180,180
46.6781952381134,0.2033200086385218,1.001938350752777,0.2617993877991417,0.0,-1.3693740522227091,180,180,180,180,180,180,180
46.68847107887268,0.2033200086385218,1.001938350752777,0.2617993877991417,0.0,-1.3693740522227091,180,180,180,180,180,180,180
46.698670387268066,0.2033200086385218,1.001938350752777,0.2617993877991417,0.0,-1.3693740522227091,180,180,180,180,180,180,180
46.70886826515198,0.20159076040121887,0.9934658050541882,0.2617993877991417,0.0,-1.369314662326158,180,180,180,180,180,180,180
46.71908378601074,0.20159076040121887,0.9934658050541882,0.2617993877991417,0.0,-1.369314662326158,180,180,180,180,180,180,180
46.73863434791565,0.20159076040121887,0.9934658050541882,0.2617993877991417,0.0,-1.369314662326158,180,180,180,180,180,180,180
46.749024629592896,0.1998590469710021,0.984983942205961,0.2617993877991417,0.0,-1.3692593484809128,180,180,180,180,180,180,180
46.75922656059265,0.1998590469710021,0.984983942205961,0.2617993877991417,0.0,-1.3692593484809128,180,180,180,180,180,180,180
46.77005481719971,0.1980718705250619,0.9762366033329175,0.2617993877991417,0.0,-1.369208941765078,180,180,180,180,180,170,180
46.78643584251404,0.1980718705250619,0.9762366033329175,0.2617993877991417,0.0,-1.369208941765078,180,180,180,180,180,170,180
46.79667091369629,0.1980718705250619,0.9762366033329175,0.2617993877991417,0.0,-1.369208941765078,180,180,180,180,180,170,180
46.80687642097473,0.19633602354354604,0.9677440557299861,0.2617993877991417,0.0,-1.3692091230581998,180,180,180,180,180,180,180
46.81707572937012,0.19633602354354604,0.9677440557299861,0.2617993877991417,0.0,-1.3692091230581998,180,180,180,180,180,180,180
46.827269554138184,0.19633602354354604,0.9677440557299861,0.2617993877991417,0.0,-1.3692091230581998,180,180,180,180,180,180,180
46.84030747413635,0.19460326482390788,0.9592578534011991,0.2617993877991417,0.0,-1.369288964308526,180,180,180,180,180,180,180
46.85046052932739,0.19460326482390788,0.9592578534011991,0.2617993877991417,0.0,-1.369288964308526,180,180,180,180,180,180,180
46.860623836517334,0.19460326482390788,0.9592578534011991,0.2617993877991417,0.0,-1.369288964308526,180,180,180,180,180,180,180
46.870819330215454,0.19282323871821286,0.9505421315507459,0.2617993877991417,0.0,-1.369473478265198,180,180,180,180,180,180,180
46.88109254837036,0.19282323871821286,0.9505421315507459,0.2617993877991417,0.0,-1.369473478265198,180,180,180,180,180,180,180
46.89137554168701,0.19282323871821286,0.9505421315507459,0.2617993877991417,0.0,-1.369473478265198,180,180,180,180,180,180,180
46.90157151222229,0.19110854638796007,0.9421023946976006,0.2617993877991417,0.0,-1.3695266705158808,180,180,180,180,180,180,180
46.9117591381073,0.19110854638796007,0.9421023946976006,0.2617993877991417,0.0,-1.3695266705158808,180,180,180,180,180,170,180
46.92194604873657,0.19110854638796007,0.9421023946976006,0.2617993877991417,0.0,-1.3695266705158808,180,180,180,180,180,170,180
46.93216323852539,0.18939223407588532,0.9336943774440165,0.2617993877991417,0.0,-1.3693195119789972,180,180,180,180,180,170,180
46.94291949272156,0.18939223407588532,0.9336943774440165,0.2617993877991417,0.0,-1.3693195119789972,180,180,180,180,180,170,180
46.9531044960022,0.18939223407588532,0.9336943774440165,0.2617993877991417,0.05235987755982833,-1.3693195119789972,180,180,180,180,180,170,180
46.96331024169922,0.18939223407588532,0.9336943774440165,0.2617993877991417,0.05235987755982833,-1.3693195119789972,180,180,180,180,180,160,180
46.97416067123413,0.18761894952718305,0.9250010308603978,0.2617993877991417,0.05235987755982833,-1.3692713488480883,180,180,180,180,180,160,180
46.9911847114563,0.18761894952718305,0.9250010308603978,0.2617993877991417,0.05235987755982833,-1.3692713488480883,180,180,180,180,180,160,180
47.00139355659485,0.18590454949338497,0.9165762580097732,0.2617993877991417,0.05235987755982833,-1.3707259226926538,180,180,180,180,180,160,180
47.01158809661865,0.18590454949338497,0.9165762580097732,0.2617993877991417,0.05235987755982833,-1.3707259226926538,180,180,180,180,180,160,180
47.02176904678345,0.18590454949338497,0.9165762580097732,0.2617993877991417,0.05235987755982833,-1.3707259226926538,180,180,180,180,180,160,180
47.03194046020508,0.18590454949338497,0.9165762580097732,0.2617993877991417,0.05235987755982833,-1.3707259226926538,180,180,180,180,180,160,180
47.0424919128418,0.18419992434988564,0.9081326883229002,0.2617993877991417,0.05235987755982833,-1.3723490709094661,180,180,180,180,180,160,180
47.05267119407654,0.18419992434988564,0.9081326883229002,0.2617993877991417,0.05235987755982833,-1.3723490709094661,180,180,180,180,180,160,180
47.06286001205444,0.18419992434988564,0.9081326883229002,0.2617993877991417,0.05235987755982833,-1.3723490709094661,180,180,180,180,180,160,180
47.07306456565857,0.1824552770965542,0.8994186669965853,0.2617993877991417,0.05235987755982833,-1.3740321294611761,180,180,180,180,180,150,180
47.090951919555664,0.1824552770965542,0.8994186669965853,0.2617993877991417,0.05235987755982833,-1.3740321294611761,180,180,180,180,180,150,180
47.10118103027344,0.1807723002941278,0.8909458385736508,0.2617993877991417,0.05235987755982833,-1.3756673921441223,180,180,180,180,180,150,180
47.11135458946228,0.1807723002941278,0.8909458385736508,0.2617993877991417,0.05235987755982833,-1.3756673921441223,180,180,180,180,180,140,180
47.12210536003113,0.1807723002941278,0.8909458385736508,0.2617993877991417,0.05235987755982833,-1.3756673921441223,180,180,180,180,180,140,180
47.13775420188904,0.1807723002941278,0.8909458385736508,0.2617993877991417,0.05235987755982833,-1.3756673921441223,180,180,180,180,180,140,180
47.14808988571167,0.17910026397810613,0.8824589438611716,0.2617993877991417,0.05235987755982833,-1.3773132498842475,180,180,180,180,180,140,180
47.15827250480652,0.17910026397810613,0.8824589438611716,0.2617993877991417,0.05235987755982833,-1.3773132498842475,180,180,180,180,180,140,180
47.168447494506836,0.1773887466313802,0.8737021987479903,0.2617993877991417,0.05235987755982833,-1.3790348777450667,180,180,180,180,180,140,180
47.17861819267273,0.1773887466313802,0.8737021987479903,0.2617993877991417,0.06981317007977111,-1.3790348777450667,180,180,180,180,180,140,180
47.19230270385742,0.1773887466313802,0.8737021987479903,0.2617993877991417,0.06981317007977111,-1.3790348777450667,180,180,180,180,180,140,180
47.20254468917847,0.17574159019816424,0.865195120643194,0.2617993877991417,0.06981317007977111,-1.3807555966733684,180,180,180,180,180,140,180
47.212762117385864,0.17574159019816424,0.865195120643194,0.2617993877991417,0.06981317007977111,-1.3807555966733684,180,180,180,180,180,140,180
47.222981214523315,0.17574159019816424,0.865195120643194,0.2617993877991417,0.08726646259971389,-1.3807555966733684,180,180,180,180,180,140,180
47.2401328086853,0.17574159019816424,0.865195120643194,0.2617993877991417,0.08726646259971389,-1.3807555966733684,180,180,180,180,180,140,180
47.25034213066101,0.17411781113007346,0.8566983205067733,0.2617993877991417,0.08726646259971389,-1.3831163805647866,180,180,180,180,180,140,180
47.26109790802002,0.17411781113007346,0.8566983205067733,0.2617993877991417,0.08726646259971389,-1.3831163805647866,180,180,180,180,180,140,180
47.27157020568848,0.1724664331568802,0.8479486930515443,0.2617993877991417,0.10471975511965666,-1.386101708231696,180,180,180,180,180,140,180
47.29086494445801,0.1724664331568802,0.8479486930515443,0.2617993877991417,0.10471975511965666,-1.386101708231696,180,180,180,180,180,140,180
47.30114793777466,0.17091712937584605,0.8395413553659692,0.2617993877991417,0.10471975511965666,-1.389335270801025,180,180,180,180,180,140,180
47.31135106086731,0.17091712937584605,0.8395413553659692,0.2617993877991417,0.10471975511965666,-1.389335270801025,180,180,180,180,180,140,180
47.32226800918579,0.17091712937584605,0.8395413553659692,0.2617993877991417,0.10471975511965666,-1.389335270801025,180,180,180,180,180,140,180
47.339593172073364,0.17091712937584605,0.8395413553659692,0.2617993877991417,0.10471975511965666,-1.389335270801025,180,180,180,180,180,140,180
47.34993100166321,0.16938635553727316,0.8311137995905766,0.2617993877991417,0.10471975511965666,-1.392696282458903,180,180,180,180,180,140,180
47.360108613967896,0.16938635553727316,0.8311137995905766,0.2617993877991417,0.10471975511965666,-1.392696282458903,180,180,180,180,180,140,180
47.37031412124634,0.16783667633131974,0.8224126091027615,0.2617993877991417,0.10471975511965666,-1.3961815846670012,180,180,180,180,180,140,180
47.38806653022766,0.16783667633131974,0.8224126091027615,0.2617993877991417,0.10471975511965666,-1.3961815846670012,180,180,180,180,180,140,180
47.39824724197388,0.16783667633131974,0.8224126091027615,0.2617993877991417,0.10471975511965666,-1.3961815846670012,180,180,180,180,180,140,180
47.408485412597656,0.1663595077603129,0.8139523317693573,0.2617993877991417,0.10471975511965666,-1.399569691072121,180,180,180,180,180,140,180
47.41876244544983,0.1663595077603129,0.8139523317693573,0.2617993877991417,0.10471975511965666,-1.399569691072121,180,180,180,180,180,140,180
47.43830442428589,0.1663595077603129,0.8139523317693573,0.2617993877991417,0.10471975511965666,-1.399569691072121,180,180,180,180,180,140,180
47.44873237609863,0.1649090802464053,0.8054751503612461,0.2617993877991417,0.10471975511965666,-1.4029617842988684,180,180,180,180,180,140,180
47.45898652076721,0.1649090802464053,0.8054751503612461,0.2617993877991417,0.10471975511965666,-1.4029617842988684,180,180,180,180,180,180,180
47.46919322013855,0.16344250995540538,0.796723121116313,0.2617993877991417,0.10471975511965666,-1.4064620240481485,180,180,180,180,180,180,180
47.4858341217041,0.16344250995540538,0.796723121116313,0.2617993877991417,0.10471975511965666,-1.4064620240481485,180,180,180,180,180,180,180
47.496044874191284,0.16344250995540538,0.796723121116313,0.2617993877991417,0.10471975511965666,-1.4064620240481485,180,180,180,180,180,180,180
47.506263256073,0.16204610780828838,0.7882113249541973,0.2617993877991417,0.10471975511965666,-1.4098651291721866,180,180,180,180,180,180,180
47.51649284362793,0.16204610780828838,0.7882113249541973,0.2617993877991417,0.10471975511965666,-1.4098651291721866,180,180,180,180,180,180,180
47.52668881416321,0.16204610780828838,0.7882113249541973,0.2617993877991417,0.10471975511965666,-1.4098651291721866,180,180,180,180,180,180,180
47.53980875015259,0.16204610780828838,0.7882113249541973,0.2617993877991417,0.10471975511965666,-1.4098651291721866,180,180,180,180,180,180,180
47.55012536048889,0.16067635246853706,0.7796834704818556,0.2617993877991417,0.10471975511965666,-1.4132760085285494,180,180,180,180,180,180,180
