time,goal_x,goal_y,linear_x,angular_z,yaw,deadends
7.440244674682617,-0.0003556848354372191,11.00955017030813,0.0,0.0,-1.5696821146748792,150,170,140,160,170,140,180
7.45058798789978,-0.0003556848354372191,11.00955017030813,0.0,0.0,-1.5696821146748792,150,170,140,160,170,140,180
7.460774660110474,-0.0003556848354372191,11.00955017030813,0.0,0.0,-1.5696821146748792,150,170,140,160,170,140,180
7.470977067947388,-0.0003556848354372191,11.00955017030813,0.0,0.0,-1.5696821146748792,150,170,140,160,170,140,180
7.481167554855347,-0.00035558550167183364,11.009551009255306,0.0,0.0,-1.5696827279541428,150,170,140,160,170,140,180
7.491356611251831,-0.00035558550167183364,11.009551009255306,0.0,0.0,-1.5696827279541428,150,170,140,160,170,140,180
7.501584529876709,-0.00035558550167183364,11.009551009255306,0.01745329251994278,0.0,-1.5696827279541428,150,170,140,160,170,140,180
7.511888742446899,-0.0003554892063587409,11.009551820775549,0.01745329251994278,0.0,-1.5696833224742874,150,170,140,160,170,140,180
7.523943901062012,-0.0003554892063587409,11.009551820775549,0.01745329251994278,0.0,-1.5696833224742874,150,170,140,160,170,140,180
7.534290790557861,-0.0003554892063587409,11.009551820775549,0.10471975511965666,0.0,-1.5696833224742874,150,170,140,160,170,140,180
7.544517278671265,-0.0003469720076252726,11.00954871986904,0.10471975511965666,0.0,-1.5697359823870274,190,180,180,170,200,210,210
7.55475640296936,-0.0003469720076252726,11.00954871986904,0.10471975511965666,0.0,-1.5697359823870274,190,180,180,170,200,210,210
7.566946029663086,-0.0003469720076252726,11.00954871986904,0.10471975511965666,0.0,-1.5697359823870274,190,180,180,170,200,210,210
7.577187538146973,-0.000329727384399031,11.009528507345312,0.10471975511965666,0.0,-1.5698450101394472,190,180,180,170,200,210,210
7.587451457977295,-0.000329727384399031,11.009528507345312,0.13962634015954223,0.0,-1.5698450101394472,190,180,180,170,200,210,210
7.597661018371582,-0.000329727384399031,11.009528507345312,0.2268928027592561,0.0,-1.5698450101394472,190,180,180,170,200,210,210
7.615670204162598,-0.000329727384399031,11.009528507345312,0.2268928027592561,0.0,-1.5698450101394472,190,180,180,170,200,210,210
7.626057863235474,-0.0003164545368672618,11.009443817431533,0.2617993877991417,0.0,-1.5699270744399452,190,180,180,170,200,210,210
7.63625955581665,-0.0003164545368672618,11.009443817431533,0.2617993877991417,0.0,-1.5699270744399452,190,180,180,170,200,210,210
7.646500825881958,-0.00030474951184570237,11.009215534098363,0.2617993877991417,0.0,-1.5699993868517028,190,180,180,170,200,210,210
7.656715631484985,-0.00030474951184570237,11.009215534098363,0.2617993877991417,0.0,-1.5699993868517028,190,180,180,170,200,210,210
7.667457103729248,-0.00030474951184570237,11.009215534098363,0.2617993877991417,0.0,-1.5699993868517028,190,180,180,170,200,210,210
7.677727937698364,-0.0002955879497112841,11.008718090103521,0.2617993877991417,0.0,-1.5700560142052367,190,180,180,170,200,210,210
7.687963247299194,-0.0002955879497112841,11.008718090103521,0.2617993877991417,0.0,-1.5700560142052367,190,180,180,170,200,210,210
7.698228597640991,-0.0002955879497112841,11.008718090103521,0.2617993877991417,0.0,-1.5700560142052367,190,180,180,170,200,210,210
7.712291479110718,-0.00029024943864050344,11.007846649048199,0.2617993877991417,0.0,-1.5700890392078306,190,180,180,170,200,210,210
7.7225730419158936,-0.00029024943864050344,11.007846649048199,0.2617993877991417,0.0,-1.5700890392078306,190,180,180,170,200,210,210
7.732806205749512,-0.00029024943864050344,11.007846649048199,0.2617993877991417,0.0,-1.5700890392078306,190,180,180,170,200,210,210
7.74304461479187,-0.0002869185636640203,11.006442136080278,0.2617993877991417,0.0,-1.5701096669409675,190,180,180,170,200,210,210
7.758381366729736,-0.0002869185636640203,11.006442136080278,0.2617993877991417,0.0,-1.5701096669409675,190,180,180,170,200,210,210
7.768608093261719,-0.0002869185636640203,11.006442136080278,0.2617993877991417,0.0,-1.5701096669409675,190,180,180,170,200,210,210
7.778848648071289,-0.00028530932945445816,11.00427385323745,0.2617993877991417,0.0,-1.5701196649844154,190,180,180,170,200,210,210
7.789059400558472,-0.00028530932945445816,11.00427385323745,0.2617993877991417,0.0,-1.5701196649844154,190,180,180,170,200,210,210
7.802248001098633,-0.00028530932945445816,11.00427385323745,0.2617993877991417,0.0,-1.5701196649844154,190,180,180,170,200,210,210
7.812467336654663,-0.00028530932945445816,11.00427385323745,0.2617993877991417,0.0,-1.5701196649844154,190,180,180,170,200,210,210
7.8226847648620605,-0.00028530932945445816,11.00427385323745,0.2617993877991417,0.0,-1.5701196649844154,190,180,180,170,200,210,210
7.843552589416504,-0.00028530932945445816,11.00427385323745,0.2617993877991417,0.0,-1.5701196649844154,190,180,180,170,200,210,210
7.854010581970215,-0.000287584318041978,10.997446893456566,0.2617993877991417,0.0,-1.5701057311235969,190,180,180,170,200,210,210
7.864260673522949,-0.000287584318041978,10.997446893456566,0.2617993877991417,0.0,-1.5701057311235969,190,180,180,170,200,210,210
7.874491453170776,-0.0002909902897514532,10.992441644199289,0.2617993877991417,0.0,-1.5700847493412247,190,180,180,170,200,210,210
7.887271165847778,-0.0002909902897514532,10.992441644199289,0.2617993877991417,0.0,-1.5700847493412247,190,180,180,170,200,210,210
7.897544860839844,-0.0002909902897514532,10.992441644199289,0.2617993877991417,0.0,-1.5700847493412247,190,180,180,170,200,210,210
7.907785177230835,-0.0002954067008259323,10.986637824703152,0.2617993877991417,0.0,-1.5700575125737148,190,180,180,170,200,210,210
7.929595947265625,-0.0002954067008259323,10.986637824703152,0.2617993877991417,0.0,-1.5700575125737148,190,180,180,170,200,210,210
7.939860582351685,-0.0003006853789660953,10.980008301177033,0.2617993877991417,0.0,-1.5700249303083995,190,180,180,170,200,210,210
7.950090408325195,-0.0003006853789660953,10.980008301177033,0.2617993877991417,0.0,-1.5700249303083995,190,180,180,170,200,210,210
7.960461616516113,-0.0003006853789660953,10.980008301177033,0.2617993877991417,0.0,-1.5700249303083995,190,180,180,170,200,210,210
7.972389459609985,-0.0003006853789660953,10.980008301177033,0.2617993877991417,0.0,-1.5700249303083995,190,180,180,170,200,210,210
7.982632160186768,-0.00030686070011550675,10.97249831288117,0.2617993877991417,0.0,-1.569986810142103,190,180,180,170,200,210,210
7.992856025695801,-0.00030686070011550675,10.97249831288117,0.2617993877991417,0.0,-1.569986810142103,190,180,180,170,200,210,210
8.014397382736206,-0.00030686070011550675,10.97249831288117,0.2617993877991417,0.0,-1.569986810142103,190,180,180,170,200,210,210
8.024835348129272,-0.00031748388447363417,10.964788434214931,0.2617993877991417,0.0,-1.5699212344931917,190,180,180,170,200,210,210
8.03505563735962,-0.00031748388447363417,10.964788434214931,0.2617993877991417,0.0,-1.5699212344931917,190,180,180,170,200,210,210
8.045316934585571,-0.0003358865122081546,10.95693777533271,0.2617993877991417,0.0,-1.569807633396137,190,180,180,170,200,210,210
8.056273460388184,-0.0003358865122081546,10.95693777533271,0.2617993877991417,0.0,-1.569807633396137,190,180,180,170,200,210,210
8.066474437713623,-0.0003358865122081546,10.95693777533271,0.2617993877991417,0.0,-1.569807633396137,190,180,180,170,200,210,210
8.076675415039062,-0.0003320059478274244,10.948774889666264,0.2617993877991417,0.0,-1.5698315057227312,190,180,180,180,200,210,210
8.086920976638794,-0.0003320059478274244,10.948774889666264,0.2617993877991417,0.0,-1.5698315057227312,190,180,180,180,200,210,210
8.097389698028564,-0.0003320059478274244,10.948774889666264,0.2617993877991417,0.0,-1.5698315057227312,190,180,180,180,200,210,210
8.1076340675354,-0.0003320059478274244,10.948774889666264,0.2617993877991417,0.0,-1.5698315057227312,190,180,180,180,200,210,210
8.117857456207275,-0.0003391684763856737,10.94055300010549,0.2617993877991417,0.0,-1.5697873171999726,190,180,180,180,200,210,210
8.128100395202637,-0.0003391684763856737,10.94055300010549,0.2617993877991417,0.0,-1.5697873171999726,190,180,180,180,200,210,210
8.141613960266113,-0.0003391684763856737,10.94055300010549,0.2617993877991417,0.0,-1.5697873171999726,190,180,180,180,200,210,210
8.151987075805664,-0.00034809901683217773,10.931970259481394,0.2617993877991417,0.0,-1.569760190356975,190,180,180,180,200,210,210
8.16223430633545,-0.00034809901683217773,10.931970259481394,0.2617993877991417,0.0,-1.569760190356975,190,180,180,180,200,210,210
8.172954082489014,-0.00034809901683217773,10.931970259481394,0.2617993877991417,0.0,-1.569760190356975,190,180,180,180,200,210,210
8.190043687820435,-0.00035626578645021775,10.923089189047825,0.2617993877991417,0.0,-1.5697442871524838,190,180,180,180,200,210,210
8.200256109237671,-0.00035626578645021775,10.923089189047825,0.2617993877991417,0.0,-1.5697442871524838,190,180,180,180,200,210,210
8.210468530654907,-0.00036440387229052845,10.914458720723603,0.2617993877991417,0.0,-1.569733411898617,190,180,180,180,200,210,210
8.229056596755981,-0.00036440387229052845,10.914458720723603,0.2617993877991417,0.0,-1.569733411898617,190,180,180,180,200,210,210
8.239292860031128,-0.00037266836642908796,10.905818345440846,0.2617993877991417,0.0,-1.5697198469086526,190,180,180,180,200,210,210
8.249696493148804,-0.00037266836642908796,10.905818345440846,0.2617993877991417,0.0,-1.5697198469086526,180,190,190,170,200,210,210
8.269052743911743,-0.00037266836642908796,10.905818345440846,0.2617993877991417,0.0,-1.5697198469086526,180,190,190,170,200,210,210
8.279305934906006,-0.0003813487377185357,10.896905719731066,0.2617993877991417,0.0,-1.569704302166488,180,190,190,170,200,210,210
8.289525985717773,-0.0003813487377185357,10.896905719731066,0.2617993877991417,0.0,-1.569704302166488,180,190,180,180,200,210,210
8.309784412384033,-0.0003813487377185357,10.896905719731066,0.2617993877991417,0.0,-1.569704302166488,180,190,180,180,200,210,210
8.320350646972656,-0.0003901355497946846,10.888245325295296,0.2617993877991417,0.0,-1.5696886193124435,180,190,180,180,200,210,210
8.330604076385498,-0.0003901355497946846,10.888245325295296,0.2617993877991417,0.0,-1.5696886193124435,180,190,180,180,200,210,210
8.34078311920166,-0.00039983178354577244,10.879575362261889,0.2617993877991417,0.0,-1.5696722542723567,190,190,190,190,200,210,210
8.354665517807007,-0.00039983178354577244,10.879575362261889,0.2617993877991417,0.0,-1.5696722542723567,190,190,190,190,200,210,210
8.364933729171753,-0.00039983178354577244,10.879575362261889,0.2617993877991417,0.0,-1.5696722542723567,190,190,190,190,200,210,210
8.37511944770813,-0.00041060890837582955,10.870638640850707,0.2617993877991417,0.0,-1.5696483619922026,190,190,190,190,200,200,200
8.396166801452637,-0.00041060890837582955,10.870638640850707,0.2617993877991417,0.0,-1.5696483619922026,190,190,190,190,200,200,200
8.40645980834961,-0.00041060890837582955,10.870638640850707,0.2617993877991417,0.0,-1.5696483619922026,190,190,190,190,200,200,200
8.416709184646606,-0.00042481464223976053,10.861976264241694,0.2617993877991417,0.0,-1.5696149681117433,190,190,190,180,200,210,210
8.42691421508789,-0.00042481464223976053,10.861976264241694,0.2617993877991417,0.0,-1.5696149681117433,190,190,190,180,200,210,210
8.438866138458252,-0.00042481464223976053,10.861976264241694,0.2617993877991417,0.0,-1.5696149681117433,190,190,190,180,200,210,210
8.449094533920288,-0.00044140715361236024,10.853340103398585,0.2617993877991417,0.0,-1.5695212343967622,190,190,190,180,200,210,210
8.459294319152832,-0.00044140715361236024,10.853340103398585,0.2617993877991417,0.0,-1.5695212343967622,180,190,190,180,200,200,200
8.469513893127441,-0.00044140715361236024,10.853340103398585,0.2617993877991417,0.0,-1.5695212343967622,180,190,190,180,200,200,200
8.480414152145386,-0.0004444772804079591,10.844483152229483,0.2617993877991417,0.0,-1.5695059703522831,180,190,190,180,200,200,200
8.49060583114624,-0.0004444772804079591,10.844483152229483,0.2617993877991417,0.0,-1.5695059703522831,180,190,190,180,200,200,200
8.500811100006104,-0.0004444772804079591,10.844483152229483,0.2617993877991417,0.0,-1.5695059703522831,180,190,190,150,200,200,200
8.511035919189453,-0.00045575519681399903,10.83587688277947,0.2617993877991417,0.0,-1.5694812804498357,180,190,190,150,200,200,200
8.52125334739685,-0.00045575519681399903,10.83587688277947,0.2617993877991417,0.0,-1.5694812804498357,180,190,190,150,200,200,200
8.531452655792236,-0.00045575519681399903,10.83587688277947,0.2617993877991417,0.0,-1.5694812804498357,180,190,190,150,200,200,200
8.541637897491455,-0.00046644195476744246,10.827265685552266,0.2617993877991417,0.0,-1.5694611199697115,180,190,190,150,200,200,200
8.551838874816895,-0.00046644195476744246,10.827265685552266,0.2617993877991417,0.0,-1.5694611199697115,180,180,180,140,200,200,200
8.571735620498657,-0.00046644195476744246,10.827265685552266,0.2617993877991417,0.0,-1.5694611199697115,180,180,180,140,200,200,200
8.581965208053589,-0.0004773856060327797,10.818383586168844,0.2617993877991417,0.0,-1.569448138080893,180,180,180,140,200,200,200
8.592159986495972,-0.0004773856060327797,10.818383586168844,0.2617993877991417,0.0,-1.569448138080893,190,180,180,140,200,200,190
8.612074375152588,-0.0004880569758693652,10.809752001224245,0.2617993877991417,0.0,-1.569440135740281,190,180,180,140,200,200,190
8.62230110168457,-0.0004880569758693652,10.809752001224245,0.2617993877991417,0.0,-1.569440135740281,190,180,180,140,200,200,190
8.632583618164062,-0.0004880569758693652,10.809752001224245,0.2617993877991417,0.0,-1.569440135740281,190,180,180,140,200,200,190
8.643017053604126,-0.0004988483817638579,10.801110471827378,0.2617993877991417,0.0,-1.5694301157209438,190,180,190,140,190,190,190
8.658814907073975,-0.0004988483817638579,10.801110471827378,0.2617993877991417,0.0,-1.5694301157209438,190,180,190,140,190,190,190
8.669057369232178,-0.0004988483817638579,10.801110471827378,0.2617993877991417,0.0,-1.5694301157209438,190,180,190,140,190,190,190
8.679295301437378,-0.0004988483817638579,10.801110471827378,0.2617993877991417,0.0,-1.5694301157209438,190,180,180,140,190,190,190
8.689503192901611,-0.0005101165257199164,10.792196660137943,0.2617993877991417,0.0,-1.5694182731053292,190,180,180,140,190,190,190
8.702499389648438,-0.0005101165257199164,10.792196660137943,0.2617993877991417,0.0,-1.5694182731053292,190,180,180,140,190,190,190
8.712743520736694,-0.0005214614515519615,10.78353501581581,0.2617993877991417,0.0,-1.569406967782805,190,180,180,140,190,190,190
8.722952127456665,-0.0005214614515519615,10.78353501581581,0.2617993877991417,0.0,-1.569406967782805,190,180,180,140,190,190,190
8.733178615570068,-0.0005214614515519615,10.78353501581581,0.2617993877991417,0.0,-1.569406967782805,190,180,180,150,190,190,190
8.746931314468384,-0.0005336662284037377,10.77486401205596,0.2617993877991417,0.0,-1.5693938277891093,190,180,180,150,190,190,190
8.757120847702026,-0.0005336662284037377,10.77486401205596,0.2617993877991417,0.0,-1.5693938277891093,190,180,180,150,190,190,190
8.76732087135315,-0.0005336662284037377,10.77486401205596,0.2617993877991417,0.0,-1.5693938277891093,190,180,180,150,190,190,190
8.777561664581299,-0.0005470192012231415,10.765927835210395,0.2617993877991417,0.0,-1.5693709980138495,190,180,180,150,190,190,190
8.788152933120728,-0.0005470192012231415,10.765927835210395,0.2617993877991417,0.0,-1.5693709980138495,190,180,180,150,190,190,190
8.798375606536865,-0.0005470192012231415,10.765927835210395,0.2617993877991417,0.0,-1.5693709980138495,190,180,180,150,190,190,190
8.80858325958252,-0.0005470192012231415,10.765927835210395,0.2617993877991417,0.0,-1.5693709980138495,190,180,180,140,190,190,190
8.818840265274048,-0.0005642187106903057,10.757267539980527,0.2617993877991417,0.0,-1.569334110117408,190,180,180,140,190,190,190
8.830475091934204,-0.0005642187106903057,10.757267539980527,0.2617993877991417,0.0,-1.569334110117408,190,180,180,140,190,190,190
8.840705394744873,-0.0005814570692278327,10.7486372890858,0.2617993877991417,0.0,-1.569236141431789,190,180,180,140,190,190,190
8.850907325744629,-0.0005814570692278327,10.7486372890858,0.2617993877991417,0.0,-1.569236141431789,190,180,180,140,190,190,190
8.861114978790283,-0.0005814570692278327,10.7486372890858,0.2617993877991417,0.0,-1.569236141431789,180,180,180,140,190,190,190
8.874212503433228,-0.0005814570692278327,10.7486372890858,0.2617993877991417,0.0,-1.569236141431789,180,180,180,140,190,190,190
8.884398937225342,-0.0005884446302036203,10.739778706833377,0.2617993877991417,0.0,-1.5692146063794385,180,180,180,140,190,190,190
8.89457368850708,-0.0005884446302036203,10.739778706833377,0.2617993877991417,0.0,-1.5692146063794385,180,190,140,190,190,190,190
8.904871463775635,-0.0005884446302036203,10.739778706833377,0.2617993877991417,0.0,-1.5692146063794385,180,190,140,190,190,190,190
8.917401552200317,-0.0006018622317097429,10.731172895572813,0.2617993877991417,0.0,-1.5691912134372823,180,190,140,190,190,190,190
8.927667617797852,-0.0006018622317097429,10.731172895572813,0.2617993877991417,0.0,-1.5691912134372823,180,190,140,190,190,190,190
8.937931060791016,-0.0006018622317097429,10.731172895572813,0.2617993877991417,0.0,-1.5691912134372823,180,190,140,190,190,190,190
8.948151350021362,-0.0006149575323919869,10.722560822024544,0.2617993877991417,0.0,-1.56917332498869,180,180,140,180,190,190,190
8.960753679275513,-0.0006149575323919869,10.722560822024544,0.2617993877991417,0.0,-1.56917332498869,180,180,140,180,190,190,190
8.970975875854492,-0.0006149575323919869,10.722560822024544,0.2617993877991417,0.0,-1.56917332498869,180,180,140,180,190,190,190
8.981189727783203,-0.0006284317385155241,10.713677444462126,0.2617993877991417,0.0,-1.569163051185635,180,190,180,180,190,190,190
8.998749017715454,-0.0006284317385155241,10.713677444462126,0.2617993877991417,0.0,-1.569163051185635,180,190,180,180,190,190,190
9.008956909179688,-0.0006415661658909237,10.705044646821552,0.2617993877991417,0.0,-1.5691569373909482,180,190,180,180,190,190,190
9.019154071807861,-0.0006415661658909237,10.705044646821552,0.2617993877991417,0.0,-1.5691569373909482,180,190,140,180,190,190,190
9.029379844665527,-0.0006415661658909237,10.705044646821552,0.2617993877991417,0.0,-1.5691569373909482,180,190,140,180,190,190,190
9.04067063331604,-0.0006548079417498193,10.6964018940844,0.2617993877991417,0.0,-1.5691489877816065,180,190,140,180,190,190,190
9.05087661743164,-0.0006548079417498193,10.6964018940844,0.2617993877991417,0.0,-1.5691489877816065,180,190,140,180,190,190,190
9.061113357543945,-0.0006548079417498193,10.6964018940844,0.2617993877991417,0.0,-1.5691489877816065,180,190,180,140,190,190,190
9.07135534286499,-0.0006548079417498193,10.6964018940844,0.2617993877991417,0.0,-1.5691489877816065,180,190,180,140,190,190,190
9.083357095718384,-0.0006685927720184108,10.687486835460184,0.2617993877991417,0.0,-1.5691392360528875,180,190,180,140,190,190,190
9.093608617782593,-0.0006685927720184108,10.687486835460184,0.2617993877991417,0.0,-1.5691392360528875,180,190,180,140,190,190,190
9.103758335113525,-0.0006685927720184108,10.687486835460184,0.2617993877991417,0.0,-1.5691392360528875,180,190,180,180,190,200,200
9.122628927230835,-0.0006824406987841517,10.678823909140611,0.2617993877991417,0.0,-1.5691303930346034,180,190,180,180,190,200,200
9.132883071899414,-0.0006824406987841517,10.678823909140611,0.2617993877991417,0.0,-1.5691303930346034,180,190,180,180,190,200,200
9.143069744110107,-0.0006971362739201034,10.670151916057447,0.2617993877991417,0.0,-1.5691183191048923,180,190,180,180,190,200,200
9.153290033340454,-0.0006971362739201034,10.670151916057447,0.2617993877991417,0.0,-1.5691183191048923,180,190,180,190,190,200,200
9.169389009475708,-0.0006971362739201034,10.670151916057447,0.2617993877991417,0.0,-1.5691183191048923,180,190,180,190,190,200,200
9.179598808288574,-0.0007131296983337157,10.661216543736614,0.2617993877991417,0.0,-1.569095202117461,180,190,180,190,190,200,200
9.189804077148438,-0.0007131296983337157,10.661216543736614,0.2617993877991417,0.0,-1.569095202117461,180,190,180,190,190,200,200
9.200062990188599,-0.0007131296983337157,10.661216543736614,0.2617993877991417,0.0,-1.569095202117461,180,190,140,190,200,200,200
9.213456869125366,-0.0007131296983337157,10.661216543736614,0.2617993877991417,0.0,-1.569095202117461,180,190,140,190,200,200,200
9.223658084869385,-0.0007333086465091188,10.652558468397784,0.2617993877991417,0.0,-1.5690524600452689,180,190,140,190,200,200,200
9.2338707447052,-0.0007333086465091188,10.652558468397784,0.2617993877991417,0.0,-1.5690524600452689,180,190,140,190,200,200,200
9.24406361579895,-0.0007506862968789536,10.643934876327869,0.2617993877991417,0.0,-1.568950982089102,180,190,140,190,200,200,200
9.255289793014526,-0.0007506862968789536,10.643934876327869,0.2617993877991417,0.0,-1.568950982089102,180,190,140,190,200,200,200
9.265495538711548,-0.0007506862968789536,10.643934876327869,0.2617993877991417,0.0,-1.568950982089102,180,190,140,190,200,200,200
9.275716781616211,-0.0007618591313787248,10.635074101635588,0.2617993877991417,0.0,-1.5689260200839026,180,190,140,190,190,200,200
9.296653270721436,-0.0007618591313787248,10.635074101635588,0.2617993877991417,0.0,-1.5689260200839026,180,190,140,190,190,200,200
9.306895971298218,-0.0007775275828315891,10.626468398605095,0.2617993877991417,0.0,-1.5689035169104073,180,190,140,190,190,200,200
9.317134380340576,-0.0007775275828315891,10.626468398605095,0.2617993877991417,0.0,-1.5689035169104073,180,190,140,190,190,200,200
9.327354669570923,-0.0007775275828315891,10.626468398605095,0.2617993877991417,0.0,-1.5689035169104073,180,180,140,190,190,200,200
9.340480327606201,-0.0007775275828315891,10.626468398605095,0.2617993877991417,0.0,-1.5689035169104073,180,180,140,190,190,200,200
9.35067892074585,-0.0007930565838103023,10.617855321309069,0.2617993877991417,0.0,-1.568887677677588,180,180,140,190,190,200,200
9.360870838165283,-0.0007930565838103023,10.617855321309069,0.2617993877991417,0.0,-1.568887677677588,180,180,140,190,190,190,200
9.371105909347534,-0.0007930565838103023,10.617855321309069,0.2617993877991417,0.0,-1.568887677677588,180,180,140,190,190,190,200
9.383614301681519,-0.0008090508518086612,10.608970645661099,0.2617993877991417,0.0,-1.5688794007455704,180,180,140,190,190,190,200
9.393830060958862,-0.0008090508518086612,10.608970645661099,0.2617993877991417,0.0,-1.5688794007455704,180,180,140,190,190,190,200
9.404025793075562,-0.0008090508518086612,10.608970645661099,0.2617993877991417,0.0,-1.5688794007455704,180,180,140,190,190,190,200
9.414204120635986,-0.0008246401640818997,10.60033669384822,0.2617993877991417,0.0,-1.5688739048376505,180,180,140,190,190,190,200
9.424537658691406,-0.0008246401640818997,10.60033669384822,0.2617993877991417,0.0,-1.5688739048376505,180,190,180,190,190,190,200
9.44382929801941,-0.0008403337910691564,10.591692774085498,0.2617993877991417,0.0,-1.568866689334855,180,190,180,190,190,190,200
9.454094409942627,-0.0008403337910691564,10.591692774085498,0.2617993877991417,0.0,-1.568866689334855,180,190,180,190,190,190,200
9.464698314666748,-0.0008403337910691564,10.591692774085498,0.2617993877991417,0.0,-1.568866689334855,180,180,180,190,190,190,190
9.48493504524231,-0.0008566554377392251,10.582776524234045,0.2617993877991417,0.0,-1.5688576944919668,180,180,180,190,190,190,190
9.495215892791748,-0.0008566554377392251,10.582776524234045,0.2617993877991417,0.0,-1.5688576944919668,180,180,180,190,190,190,190
9.5054030418396,-0.0008566554377392251,10.582776524234045,0.2617993877991417,0.0,-1.5688576944919668,180,180,180,190,190,190,200
9.525622844696045,-0.0008730326138681185,10.574112407809661,0.2617993877991417,0.0,-1.5688498990351352,180,180,180,190,190,190,200
9.53583836555481,-0.0008730326138681185,10.574112407809661,0.2617993877991417,0.0,-1.5688498990351352,180,180,180,190,190,190,200
9.546029567718506,-0.0008902485412689076,10.565439572495542,0.2617993877991417,0.0,-1.5688376070588885,180,180,180,190,190,190,200
9.556262969970703,-0.0008902485412689076,10.565439572495542,0.2617993877991417,0.0,-1.5688376070588885,180,180,180,190,190,190,200
9.566738605499268,-0.0008902485412689076,10.565439572495542,0.2617993877991417,0.0,-1.5688376070588885,180,180,180,190,190,190,200
9.576974153518677,-0.0009090425384759555,10.556505300999007,0.2617993877991417,0.0,-1.5688135316268388,180,180,180,190,190,190,200
9.587244987487793,-0.0009090425384759555,10.556505300999007,0.2617993877991417,0.0,-1.5688135316268388,180,180,180,190,190,190,200
9.597649812698364,-0.0009090425384759555,10.556505300999007,0.2617993877991417,0.0,-1.5688135316268388,180,180,140,190,190,190,200
9.613622188568115,-0.000932247911279776,10.54784960187395,0.2617993877991417,0.0,-1.5687623336834187,180,180,140,190,190,190,200
9.6238853931427,-0.000932247911279776,10.54784960187395,0.2617993877991417,0.0,-1.5687623336834187,180,180,140,190,190,190,200
9.6341073513031,-0.000932247911279776,10.54784960187395,0.2617993877991417,0.0,-1.5687623336834187,180,180,140,190,190,190,200
9.644302606582642,-0.0009494313563572868,10.539233058998786,0.2617993877991417,0.0,-1.5686584694696422,180,180,140,190,190,190,190
9.658866167068481,-0.0009494313563572868,10.539233058998786,0.2617993877991417,0.0,-1.5686584694696422,180,180,140,190,190,190,190
9.669092178344727,-0.0009494313563572868,10.539233058998786,0.2617993877991417,0.0,-1.5686584694696422,180,180,140,190,190,190,190
9.679295301437378,-0.0009648228481763639,10.530369941941167,0.2617993877991417,0.0,-1.5686332346308371,180,180,180,190,190,190,190
9.689491510391235,-0.0009648228481763639,10.530369941941167,0.2617993877991417,0.0,-1.5686332346308371,180,180,180,190,190,190,190
9.702091455459595,-0.0009648228481763639,10.530369941941167,0.2617993877991417,0.0,-1.5686332346308371,180,180,180,190,190,190,190
9.712294578552246,-0.000983046080808981,10.521763742533619,0.2617993877991417,0.0,-1.5686120181259826,180,180,180,190,190,190,190
9.722516059875488,-0.000983046080808981,10.521763742533619,0.2617993877991417,0.0,-1.5686120181259826,180,180,180,190,190,190,190
9.732763528823853,-0.000983046080808981,10.521763742533619,0.2617993877991417,0.0,-1.5686120181259826,180,180,180,190,190,190,200
9.74623155593872,-0.000983046080808981,10.521763742533619,0.2617993877991417,0.0,-1.5686120181259826,180,180,180,190,190,190,200
9.756594181060791,-0.001001066217708067,10.513149533907615,0.2617993877991417,0.0,-1.568597639869492,180,180,180,190,190,190,200
9.767292737960815,-0.001001066217708067,10.513149533907615,0.2617993877991417,0.0,-1.568597639869492,180,180,180,190,190,190,200
9.777772665023804,-0.0010196244918454502,10.504263470219215,0.2617993877991417,0.0,-1.5685905994247074,180,180,180,190,190,190,200
9.79371452331543,-0.0010196244918454502,10.504263470219215,0.2617993877991417,0.0,-1.5685905994247074,180,180,180,190,190,190,200
9.803926229476929,-0.0010196244918454502,10.504263470219215,0.2617993877991417,0.0,-1.5685905994247074,180,180,180,190,190,190,200
9.814171075820923,-0.0010377171643815512,10.495628303510857,0.2617993877991417,0.0,-1.5685849999109984,180,180,180,190,190,190,190
9.824366092681885,-0.0010377171643815512,10.495628303510857,0.2617993877991417,0.0,-1.5685849999109984,180,180,180,190,190,190,190
9.836388111114502,-0.0010377171643815512,10.495628303510857,0.2617993877991417,0.0,-1.5685849999109984,180,180,180,190,190,190,190
9.846612453460693,-0.0010559160422949606,10.486983145025867,0.2617993877991417,0.0,-1.5685778643129262,180,180,180,190,190,190,190
9.85675835609436,-0.0010559160422949606,10.486983145025867,0.2617993877991417,0.0,-1.5685778643129262,180,180,180,190,190,190,190
9.86696457862854,-0.0010559160422949606,10.486983145025867,0.2617993877991417,0.0,-1.5685778643129262,180,180,180,190,190,190,190
9.877197980880737,-0.0010748506599774922,10.478065633793872,0.2617993877991417,0.0,-1.568569048383662,180,180,180,190,190,190,190
9.890293598175049,-0.0010748506599774922,10.478065633793872,0.2617993877991417,0.0,-1.568569048383662,180,180,180,190,190,190,190
9.900446891784668,-0.0010748506599774922,10.478065633793872,0.2617993877991417,0.0,-1.568569048383662,180,180,180,190,190,190,190
9.910592555999756,-0.0010938196324019346,10.469400305467358,0.2617993877991417,0.0,-1.5685616490965977,180,180,180,190,190,190,190
9.920891523361206,-0.0010938196324019346,10.469400305467358,0.2617993877991417,0.0,-1.5685616490965977,180,180,180,190,190,190,190
9.931182384490967,-0.0010938196324019346,10.469400305467358,0.2617993877991417,0.0,-1.5685616490965977,180,180,180,190,190,190,190
9.946689367294312,-0.0011136182514580593,10.460726728075937,0.2617993877991417,0.0,-1.5685484409989083,180,180,180,190,190,190,190
9.956880569458008,-0.0011136182514580593,10.460726728075937,0.2617993877991417,0.0,-1.5685484409989083,180,180,180,190,190,190,190
9.967087268829346,-0.0011136182514580593,10.460726728075937,0.2617993877991417,0.0,-1.5685484409989083,180,180,180,190,190,190,190
9.977437257766724,-0.0011353834732782707,10.451793788952308,0.2617993877991417,0.0,-1.5685231903485746,180,180,190,190,190,190,190
9.995982646942139,-0.0011353834732782707,10.451793788952308,0.2617993877991417,0.0,-1.5685231903485746,180,180,190,190,190,190,190
10.006261825561523,-0.0011353834732782707,10.451793788952308,0.2617993877991417,0.0,-1.5685231903485746,180,180,190,190,190,190,190
10.016480207443237,-0.0011614442863354848,10.4431406744444,0.2617993877991417,0.0,-1.5684602188103514,180,190,190,190,190,190,190
10.026713848114014,-0.0011614442863354848,10.4431406744444,0.2617993877991417,0.0,-1.5684602188103514,180,190,190,190,190,190,190
10.036886215209961,-0.0011614442863354848,10.4431406744444,0.2617993877991417,0.0,-1.5684602188103514,180,190,190,190,190,190,190
10.047053813934326,-0.0011787792618865593,10.434531120653237,0.2617993877991417,0.0,-1.5683533739943354,180,190,190,190,190,190,190
10.057255506515503,-0.0011787792618865593,10.434531120653237,0.2617993877991417,0.0,-1.5683533739943354,180,190,190,190,190,190,190
10.067476749420166,-0.0011787792618865593,10.434531120653237,0.2617993877991417,0.0,-1.5683533739943354,180,180,190,190,190,190,190
10.081497430801392,-0.0011983453009473887,10.42566567018957,0.2617993877991417,0.0,-1.5683328023258254,180,180,190,190,190,190,190
10.09169864654541,-0.0011983453009473887,10.42566567018957,0.2617993877991417,0.0,-1.5683328023258254,180,180,190,190,190,190,190
10.101940155029297,-0.0011983453009473887,10.42566567018957,0.2617993877991417,0.0,-1.5683328023258254,180,180,190,190,190,190,190
10.112164974212646,-0.0012192058396390715,10.417058628976303,0.2617993877991417,0.0,-1.5683123736102833,180,180,190,190,190,190,190
10.123792886734009,-0.0012192058396390715,10.417058628976303,0.2617993877991417,0.0,-1.5683123736102833,180,180,190,190,190,190,190
10.134040832519531,-0.0012192058396390715,10.417058628976303,0.2617993877991417,0.0,-1.5683123736102833,180,180,190,190,190,190,190
10.144258737564087,-0.0012397917527406264,10.408443316961716,0.2617993877991417,0.0,-1.5682988811716458,180,180,190,190,190,190,190
10.165744304656982,-0.0012397917527406264,10.408443316961716,0.2617993877991417,0.0,-1.5682988811716458,180,180,190,190,190,190,190
10.176005601882935,-0.0012610001293506987,10.399555958108998,0.2617993877991417,0.0,-1.5682924843617112,180,180,190,190,190,190,190
10.186200618743896,-0.0012610001293506987,10.399555958108998,0.2617993877991417,0.0,-1.5682924843617112,180,180,190,190,190,190,190
10.196488618850708,-0.0012610001293506987,10.399555958108998,0.2617993877991417,0.0,-1.5682924843617112,180,190,190,190,190,190,190
10.21419882774353,-0.0012610001293506987,10.399555958108998,0.2617993877991417,0.0,-1.5682924843617112,180,190,190,190,190,190,190
10.224542379379272,-0.0012816760164040028,10.390919635324622,0.2617993877991417,0.0,-1.5682866392003088,180,190,190,190,190,190,190
10.234769821166992,-0.0012816760164040028,10.390919635324622,0.2617993877991417,0.0,-1.5682866392003088,180,190,190,190,190,190,190
10.245003700256348,-0.0013024629094030844,10.382273306012596,0.2617993877991417,0.0,-1.568279353108309,180,190,190,190,190,190,190
10.256678581237793,-0.0013024629094030844,10.382273306012596,0.2617993877991417,0.0,-1.568279353108309,180,190,190,190,190,190,190
10.266841650009155,-0.0013024629094030844,10.382273306012596,0.2617993877991417,0.0,-1.568279353108309,180,190,190,190,190,190,190
10.277068853378296,-0.0013241029900329518,10.373354588988564,0.2617993877991417,0.0,-1.5682706253818557,180,190,190,190,190,190,190
10.287349224090576,-0.0013241029900329518,10.373354588988564,0.2617993877991417,0.0,-1.5682706253818557,180,190,190,190,190,190,190
10.298744678497314,-0.0013241029900329518,10.373354588988564,0.2617993877991417,0.0,-1.5682706253818557,180,190,190,190,190,190,190
10.308971166610718,-0.0013241029900329518,10.373354588988564,0.2617993877991417,0.0,-1.5682706253818557,180,190,190,190,190,190,190
10.31928563117981,-0.0013457449450417003,10.364688128514118,0.2617993877991417,0.0,-1.5682631824277453,180,190,190,190,190,190,190
10.329913139343262,-0.0013457449450417003,10.364688128514118,0.2617993877991417,0.0,-1.5682631824277453,180,190,190,190,190,190,190
10.34712529182434,-0.0013682102073892344,10.356014048583102,0.2617993877991417,0.0,-1.5682488772695868,180,190,190,190,190,190,190
10.357367515563965,-0.0013682102073892344,10.356014048583102,0.2617993877991417,0.0,-1.5682488772695868,180,190,190,190,190,190,190
10.367608785629272,-0.0013682102073892344,10.356014048583102,0.2617993877991417,0.0,-1.5682488772695868,180,190,190,190,190,190,190
10.377890348434448,-0.001393125708686848,10.347082649532757,0.2617993877991417,0.0,-1.5682224732631738,180,190,190,180,180,190,190
10.395597696304321,-0.001393125708686848,10.347082649532757,0.2617993877991417,0.0,-1.5682224732631738,180,190,190,180,180,190,190
10.405834197998047,-0.001393125708686848,10.347082649532757,0.2617993877991417,0.0,-1.5682224732631738,180,190,190,180,180,190,190
10.416023969650269,-0.001421686633899188,10.338432444904512,0.2617993877991417,0.0,-1.5681445127330969,180,190,190,180,180,190,190
10.426275730133057,-0.001421686633899188,10.338432444904512,0.2617993877991417,0.0,-1.5681445127330969,180,190,190,180,180,190,190
10.445083379745483,-0.001421686633899188,10.338432444904512,0.2617993877991417,0.0,-1.5681445127330969,180,190,190,180,180,190,190
10.455400705337524,-0.0014403606559361517,10.329829032046765,0.2617993877991417,0.0,-1.5680354536144936,180,190,190,180,180,190,190
10.465599298477173,-0.0014403606559361517,10.329829032046765,0.2617993877991417,0.0,-1.5680354536144936,180,190,190,180,180,190,190
10.475871562957764,-0.0014636109494616215,10.32096154617464,0.2617993877991417,0.0,-1.5680219109496265,180,190,190,180,180,190,190
10.486099004745483,-0.0014636109494616215,10.32096154617464,0.2617993877991417,0.0,-1.5680219109496265,180,190,190,180,180,190,190
10.501338481903076,-0.0014636109494616215,10.32096154617464,0.2617993877991417,0.0,-1.5680219109496265,180,190,190,180,180,190,190
10.51159930229187,-0.0014871115002083517,10.312353570910487,0.2617993877991417,0.0,-1.5680015953706028,180,190,190,180,180,190,190
10.521793603897095,-0.0014871115002083517,10.312353570910487,0.2617993877991417,0.0,-1.5680015953706028,180,190,190,180,180,190,190
10.532407760620117,-0.0014871115002083517,10.312353570910487,0.2617993877991417,0.0,-1.5680015953706028,180,180,100,180,180,190,190
10.548057556152344,-0.001510354869571979,10.30373709800276,0.2617993877991417,0.0,-1.5679887135629225,180,180,100,180,180,190,190
10.558265924453735,-0.001510354869571979,10.30373709800276,0.2617993877991417,0.0,-1.5679887135629225,180,180,100,180,180,190,190
10.568470239639282,-0.001510354869571979,10.30373709800276,0.2617993877991417,0.0,-1.5679887135629225,180,180,190,190,180,190,190
10.578694581985474,-0.001534318267166065,10.294848410412921,0.2617993877991417,0.0,-1.5679826479474097,180,180,190,190,180,190,190
10.589741706848145,-0.001534318267166065,10.294848410412921,0.2617993877991417,0.0,-1.5679826479474097,180,180,190,190,180,190,190
10.599976301193237,-0.001534318267166065,10.294848410412921,0.2617993877991417,0.0,-1.5679826479474097,180,180,190,190,180,190,190
10.610180139541626,-0.0015576777946910358,10.286210862516043,0.2617993877991417,0.0,-1.5679765201031235,180,180,110,190,180,190,190
10.629579067230225,-0.0015576777946910358,10.286210862516043,0.2617993877991417,0.0,-1.5679765201031235,180,180,110,190,180,190,190
10.639899015426636,-0.0015811560938026252,10.27756330293705,0.2617993877991417,0.0,-1.5679689963558074,180,180,110,190,180,190,190
10.650111436843872,-0.0015811560938026252,10.27756330293705,0.2617993877991417,0.0,-1.5679689963558074,180,180,110,190,180,190,190
10.660346984863281,-0.0015811560938026252,10.27756330293705,0.2617993877991417,0.0,-1.5679689963558074,180,180,190,190,180,190,190
10.67835807800293,-0.0016056115591602787,10.26864330649827,0.2617993877991417,0.0,-1.5679604453546496,180,180,190,190,180,190,190
10.688611268997192,-0.0016056115591602787,10.26864330649827,0.2617993877991417,0.0,-1.5679604453546496,180,180,190,190,180,190,190
10.69884181022644,-0.0016056115591602787,10.26864330649827,0.2617993877991417,0.0,-1.5679604453546496,180,180,190,190,180,190,190
10.709051847457886,-0.0016056115591602787,10.26864330649827,0.2617993877991417,0.0,-1.5679604453546496,180,190,190,190,180,190,190
10.724952459335327,-0.0016300328338189026,10.259975672707185,0.2617993877991417,0.0,-1.5679527654760648,180,190,190,190,180,190,190
10.735169887542725,-0.0016300328338189026,10.259975672707185,0.2617993877991417,0.0,-1.5679527654760648,180,190,190,190,180,190,190
10.745363473892212,-0.0016552651949354714,10.251301293615878,0.2617993877991417,0.0,-1.5679374999288038,180,190,190,190,180,190,190
10.75558614730835,-0.0016552651949354714,10.251301293615878,0.2617993877991417,0.0,-1.5679374999288038,180,190,190,190,180,190,180
10.769157886505127,-0.0016552651949354714,10.251301293615878,0.2617993877991417,0.0,-1.5679374999288038,180,190,190,190,180,190,180
10.779400110244751,-0.001683499723278511,10.242371592546824,0.2617993877991417,0.0,-1.5679099105790957,180,190,190,190,180,190,180
10.789585590362549,-0.001683499723278511,10.242371592546824,0.2617993877991417,0.0,-1.5679099105790957,180,190,190,190,180,190,180
10.79977798461914,-0.001683499723278511,10.242371592546824,0.2617993877991417,0.0,-1.5679099105790957,180,190,190,190,190,190,180
10.812510251998901,-0.0017145319790939392,10.233724747897014,0.2617993877991417,0.0,-1.567814310075674,180,190,190,190,190,190,180
10.8227059841156,-0.0017145319790939392,10.233724747897014,0.2617993877991417,0.0,-1.567814310075674,180,190,190,190,190,190,180
10.832892894744873,-0.0017145319790939392,10.233724747897014,0.2617993877991417,0.0,-1.567814310075674,180,190,190,190,190,190,180
10.84309983253479,-0.0017353170505169525,10.225125789380574,0.2617993877991417,0.0,-1.5677118235836747,180,190,190,190,190,190,190
10.855586051940918,-0.0017353170505169525,10.225125789380574,0.2617993877991417,0.0,-1.5677118235836747,180,190,190,190,190,190,190
10.86581015586853,-0.0017353170505169525,10.225125789380574,0.2617993877991417,0.0,-1.5677118235836747,180,190,190,190,190,190,190
10.87601923942566,-0.0017617471242720737,10.21625711688284,0.2617993877991417,0.0,-1.5677004934013425,180,190,190,190,190,190,190
10.886234283447266,-0.0017617471242720737,10.21625711688284,0.2617993877991417,0.0,-1.5677004934013425,180,190,190,190,190,190,190
10.905353546142578,-0.0017617471242720737,10.21625711688284,0.2617993877991417,0.0,-1.5677004934013425,180,190,190,190,190,190,190
10.915614366531372,-0.0017879123045819836,10.20764828884844,0.2617993877991417,0.0,-1.5676806704147093,180,190,190,190,190,190,190
10.925945281982422,-0.0017879123045819836,10.20764828884844,0.2617993877991417,0.0,-1.5676806704147093,180,190,190,190,190,190,190
10.946687698364258,-0.0018138997474806966,10.199030656660762,0.2617993877991417,0.0,-1.5676684348270005,180,190,190,190,190,190,190
10.956907272338867,-0.0018138997474806966,10.199030656660762,0.2617993877991417,0.0,-1.5676684348270005,180,190,190,190,190,190,190
10.96712350845337,-0.0018138997474806966,10.199030656660762,0.2617993877991417,0.0,-1.5676684348270005,180,190,190,190,190,190,190
10.977402210235596,-0.001840711716754646,10.19014070712279,0.2617993877991417,0.0,-1.5676626031067107,180,190,190,190,190,190,190
10.990785360336304,-0.001840711716754646,10.19014070712279,0.2617993877991417,0.0,-1.5676626031067107,180,190,190,190,190,190,190
11.001098394393921,-0.001840711716754646,10.19014070712279,0.2617993877991417,0.0,-1.5676626031067107,180,190,190,190,190,190,190
11.0112943649292,-0.0018668436360343176,10.181501991908593,0.2617993877991417,0.0,-1.5676562096195499,180,180,190,190,190,190,190
11.021490097045898,-0.0018668436360343176,10.181501991908593,0.2617993877991417,0.0,-1.5676562096195499,180,180,190,190,190,190,190
11.034497737884521,-0.0018668436360343176,10.181501991908593,0.2617993877991417,0.0,-1.5676562096195499,180,180,190,190,190,190,190
11.044711112976074,-0.0018931022014196594,10.172853268523259,0.2617993877991417,0.0,-1.5676484224684994,180,180,190,190,190,190,190
11.054912567138672,-0.0018931022014196594,10.172853268523259,0.2617993877991417,0.0,-1.5676484224684994,180,180,190,190,190,190,190
11.065121412277222,-0.0018931022014196594,10.172853268523259,0.2617993877991417,0.0,-1.5676484224684994,180,190,190,190,190,190,190
11.080705881118774,-0.0019204605611143999,10.163932055465024,0.2617993877991417,0.0,-1.5676400685953373,180,190,190,190,190,190,190
11.090892553329468,-0.0019204605611143999,10.163932055465024,0.2617993877991417,0.0,-1.5676400685953373,180,190,190,190,190,190,190
11.10107684135437,-0.0019204605611143999,10.163932055465024,0.2617993877991417,0.0,-1.5676400685953373,180,190,190,190,190,190,190
11.111303091049194,-0.0019477543690816954,10.155263339399308,0.2617993877991417,0.0,-1.5676318488447731,180,190,190,190,190,190,190
11.12674880027771,-0.0019477543690816954,10.155263339399308,0.2617993877991417,0.0,-1.5676318488447731,180,190,190,190,190,190,190
11.136964797973633,-0.0019477543690816954,10.155263339399308,0.2617993877991417,0.0,-1.5676318488447731,180,190,190,190,190,190,190
11.147165060043335,-0.001975840842480723,10.146588938333203,0.2617993877991417,0.0,-1.5676155414799762,180,190,190,190,190,190,190
11.157398462295532,-0.001975840842480723,10.146588938333203,0.2617993877991417,0.0,-1.5676155414799762,180,190,190,190,190,190,190
11.174773931503296,-0.001975840842480723,10.146588938333203,0.2617993877991417,0.0,-1.5676155414799762,180,190,190,190,190,190,190
11.185178518295288,-0.0020075327930777986,10.137661092781837,0.2617993877991417,0.0,-1.567586504736687,180,190,190,190,190,190,190
11.19539475440979,-0.0020075327930777986,10.137661092781837,0.2617993877991417,0.0,-1.567586504736687,180,190,190,190,190,190,190
11.20562744140625,-0.0020075327930777986,10.137661092781837,0.2617993877991417,0.0,-1.567586504736687,180,190,190,190,190,190,190
11.224798917770386,-0.00204095622756002,10.129018184161367,0.2617993877991417,0.0,-1.5674714208841127,180,190,190,190,190,190,190
11.235069513320923,-0.00204095622756002,10.129018184161367,0.2617993877991417,0.0,-1.5674714208841127,180,190,190,190,190,190,190
11.24537181854248,-0.0020644364618439583,10.12042150175991,0.2617993877991417,0.0,-1.5673851150313687,180,190,190,190,190,190,190
11.25571608543396,-0.0020644364618439583,10.12042150175991,0.2617993877991417,0.0,-1.5673851150313687,180,190,190,190,190,190,190
11.274235010147095,-0.0020644364618439583,10.12042150175991,0.2617993877991417,0.0,-1.5673851150313687,180,190,190,190,190,190,190
11.284543991088867,-0.0020938022026961924,10.11155273717301,0.2617993877991417,0.0,-1.5673700464259028,180,190,190,190,190,190,190
11.29474139213562,-0.0020938022026961924,10.11155273717301,0.2617993877991417,0.0,-1.5673700464259028,180,190,190,190,190,190,190
11.304980039596558,-0.0020938022026961924,10.11155273717301,0.2617993877991417,0.0,-1.5673700464259028,180,190,190,190,190,190,190
11.315223455429077,-0.0021226976714760243,10.102943016463437,0.2617993877991417,0.0,-1.5673511546968202,180,190,190,190,190,190,190
11.326861143112183,-0.0021226976714760243,10.102943016463437,0.2617993877991417,0.0,-1.5673511546968202,180,190,190,190,190,190,190
11.337079048156738,-0.0021226976714760243,10.102943016463437,0.2617993877991417,0.0,-1.5673511546968202,180,190,190,190,190,190,190
11.34729814529419,-0.002151503469912114,10.094324113311902,0.2617993877991417,0.0,-1.5673398055712453,180,190,190,190,190,190,190
11.357468843460083,-0.002151503469912114,10.094324113311902,0.2617993877991417,0.0,-1.5673398055712453,180,190,190,190,190,190,190
11.367691993713379,-0.002151503469912114,10.094324113311902,0.2617993877991417,0.0,-1.5673398055712453,180,190,190,190,190,190,190
11.378016471862793,-0.0021812397318705,10.085432837518653,0.2617993877991417,0.0,-1.5673342180498284,180,190,190,190,190,190,190
11.388213157653809,-0.0021812397318705,10.085432837518653,0.2617993877991417,0.0,-1.5673342180498284,180,190,190,190,190,190,190
11.39838981628418,-0.0021812397318705,10.085432837518653,0.2617993877991417,0.0,-1.5673342180498284,180,190,190,190,190,190,190
11.40859341621399,-0.0021812397318705,10.085432837518653,0.2617993877991417,0.0,-1.5673342180498284,180,190,190,190,190,190,190
11.418888092041016,-0.0022102171446161997,10.07679288848258,0.2617993877991417,0.0,-1.5673276045138442,180,190,190,190,190,190,190
11.430091857910156,-0.0022102171446161997,10.07679288848258,0.2617993877991417,0.0,-1.5673276045138442,180,190,190,190,190,190,190
11.440273523330688,-0.0022393295011944986,10.068142943177495,0.2617993877991417,0.0,-1.5673195743270005,180,190,190,190,190,190,190
11.450481414794922,-0.0022393295011944986,10.068142943177495,0.2617993877991417,0.0,-1.5673195743270005,180,190,190,190,190,190,190
11.46071720123291,-0.0022393295011944986,10.068142943177495,0.2617993877991417,0.0,-1.5673195743270005,180,190,190,190,190,190,190
11.475175380706787,-0.0022393295011944986,10.068142943177495,0.2617993877991417,0.0,-1.5673195743270005,180,190,190,190,190,190,190
11.485469818115234,-0.002269667912373433,10.059220457879695,0.2617993877991417,0.0,-1.5673114144085893,180,190,190,190,190,190,190
11.495679378509521,-0.002269667912373433,10.059220457879695,0.2617993877991417,0.0,-1.5673114144085893,180,190,190,190,190,190,190
11.505885362625122,-0.002269667912373433,10.059220457879695,0.2617993877991417,0.0,-1.5673114144085893,180,190,190,190,190,190,190
11.51614761352539,-0.0022999169162760996,10.050550656744454,0.2617993877991417,0.0,-1.5673024470820422,180,190,190,190,190,190,190
11.530856132507324,-0.0022999169162760996,10.050550656744454,0.2617993877991417,0.0,-1.5673024470820422,180,190,190,190,190,190,190
11.541040897369385,-0.002330925284318144,10.041876463837681,0.2617993877991417,0.0,-1.5672850056564205,180,190,190,190,190,190,190
11.551239490509033,-0.002330925284318144,10.041876463837681,0.2617993877991417,0.0,-1.5672850056564205,180,190,190,190,190,190,190
11.561495780944824,-0.002330925284318144,10.041876463837681,0.2617993877991417,0.0,-1.5672850056564205,180,190,190,190,190,190,190
11.58025050163269,-0.002330925284318144,10.041876463837681,0.2617993877991417,0.0,-1.5672850056564205,180,190,190,190,190,190,190
11.590864181518555,-0.0023661859412118145,10.032950603390468,0.2617993877991417,0.0,-1.5672540884260995,180,190,190,190,190,190,190
11.601088047027588,-0.0023661859412118145,10.032950603390468,0.2617993877991417,0.0,-1.5672540884260995,180,190,190,190,190,190,190
11.611310720443726,-0.0024017746147882335,10.02431236226803,0.2617993877991417,0.0,-1.5671173827716003,180,190,190,190,190,190,190
11.62162160873413,-0.0024017746147882335,10.02431236226803,0.2617993877991417,0.0,-1.5671173827716003,180,190,190,190,190,190,190
11.632719278335571,-0.0024017746147882335,10.02431236226803,0.2617993877991417,0.0,-1.5671173827716003,180,190,190,190,190,190,190
11.642900228500366,-0.0024282822482509206,10.015715922195382,0.2617993877991417,0.0,-1.5670526370263347,180,190,190,190,190,190,190
11.653112649917603,-0.0024282822482509206,10.015715922195382,0.2617993877991417,0.0,-1.5670526370263347,180,190,190,190,190,190,190
11.663401126861572,-0.0024282822482509206,10.015715922195382,0.2617993877991417,0.0,-1.5670526370263347,180,190,190,190,190,190,190
11.677596807479858,-0.0024607145681672378,10.00684799500324,0.2617993877991417,0.0,-1.5670313418014066,180,190,190,190,190,190,190
11.687827348709106,-0.0024607145681672378,10.00684799500324,0.2617993877991417,0.0,-1.5670313418014066,180,190,190,190,190,190,190
11.698119401931763,-0.0024607145681672378,10.00684799500324,0.2617993877991417,0.0,-1.5670313418014066,180,190,190,190,190,190,190
11.708858966827393,-0.0024607145681672378,10.00684799500324,0.2617993877991417,0.0,-1.5670313418014066,180,190,190,190,190,190,190
11.724764823913574,-0.002492445533912186,9.998237343695472,0.2617993877991417,0.0,-1.5670135651165271,180,190,190,190,190,190,190
11.734989881515503,-0.002492445533912186,9.998237343695472,0.2617993877991417,0.0,-1.5670135651165271,180,190,190,190,190,190,190
11.745182991027832,-0.002524146038818072,9.989617178663968,0.2617993877991417,0.0,-1.5670032126791555,180,190,190,190,190,190,190
11.755407094955444,-0.002524146038818072,9.989617178663968,0.2617993877991417,0.0,-1.5670032126791555,180,190,190,190,190,190,190
11.774543762207031,-0.002524146038818072,9.989617178663968,0.2617993877991417,0.0,-1.5670032126791555,180,190,190,190,190,190,190
11.784810543060303,-0.0025568807176986454,9.980724651038066,0.2617993877991417,0.0,-1.5669977441247112,180,190,190,190,190,190,190
11.795037508010864,-0.0025568807176986454,9.980724651038066,0.2617993877991417,0.0,-1.5669977441247112,180,190,190,190,190,190,190
11.80525255203247,-0.0025568807176986454,9.980724651038066,0.2617993877991417,0.0,-1.5669977441247112,180,190,190,180,190,190,190
11.815589189529419,-0.0025887741635434677,9.972083531354027,0.2617993877991417,0.0,-1.5669909007193428,180,190,190,180,190,190,190
11.827245950698853,-0.0025887741635434677,9.972083531354027,0.2617993877991417,0.0,-1.5669909007193428,180,190,190,180,190,190,190
11.8374342918396,-0.0025887741635434677,9.972083531354027,0.2617993877991417,0.0,-1.5669909007193428,180,190,190,180,190,190,190
11.847700119018555,-0.0026208111074353495,9.963432431445625,0.2617993877991417,0.0,-1.566982597699913,180,190,180,180,190,190,180
11.857987880706787,-0.0026208111074353495,9.963432431445625,0.2617993877991417,0.0,-1.566982597699913,180,190,180,180,190,190,180
11.876075744628906,-0.0026542131593492568,9.954508747021148,0.2617993877991417,0.0,-1.566974408601294,180,190,180,180,190,190,180
11.886286735534668,-0.0026542131593492568,9.954508747021148,0.2617993877991417,0.0,-1.566974408601294,180,190,180,180,190,190,180
11.89652395248413,-0.0026542131593492568,9.954508747021148,0.2617993877991417,0.0,-1.566974408601294,180,180,180,180,190,190,180
11.906716346740723,-0.002687488920520672,9.945837972183462,0.2617993877991417,0.0,-1.5669645055599388,180,180,180,180,190,190,180
11.91692590713501,-0.002687488920520672,9.945837972183462,0.2617993877991417,0.0,-1.5669645055599388,180,180,180,180,190,190,180
11.927917718887329,-0.002687488920520672,9.945837972183462,0.2617993877991417,0.0,-1.5669645055599388,180,180,180,180,190,190,180
11.938150405883789,-0.002687488920520672,9.945837972183462,0.2617993877991417,0.0,-1.5669645055599388,180,180,180,180,190,190,180
11.948365688323975,-0.0027214870964429737,9.937164266534943,0.2617993877991417,0.0,-1.5669458044826023,180,180,180,180,190,190,180
11.959330320358276,-0.0027214870964429737,9.937164266534943,0.2617993877991417,0.0,-1.5669458044826023,170,180,180,180,190,180,170
11.9757661819458,-0.0027604486602978815,9.928240548327516,0.2617993877991417,0.0,-1.5669118953122934,170,180,180,180,190,180,170
11.985971450805664,-0.0027604486602978815,9.928240548327516,0.2617993877991417,0.0,-1.5669118953122934,170,180,180,180,190,180,170
11.996277809143066,-0.0027604486602978815,9.928240548327516,0.2617993877991417,0.0,-1.5669118953122934,170,180,180,180,190,180,170
12.006516218185425,-0.0027604486602978815,9.928240548327516,0.2617993877991417,0.0,-1.5669118953122934,170,180,180,170,180,180,180
12.02564787864685,-0.0027977789625483166,9.919607887444288,0.2617993877991417,0.0,-1.5667531225852558,170,180,180,170,180,180,180
12.035901546478271,-0.0027977789625483166,9.919607887444288,0.2617993877991417,0.0,-1.5667531225852558,170,180,180,170,180,180,180
12.046104669570923,-0.0028275922561856355,9.911010154492283,0.2617993877991417,0.0,-1.5667099654336067,170,180,180,170,180,180,180
12.056656122207642,-0.0028275922561856355,9.911010154492283,0.2617993877991417,0.0,-1.5667099654336067,170,180,170,160,170,170,170
12.074784755706787,-0.0028275922561856355,9.911010154492283,0.2617993877991417,0.0,-1.5667099654336067,170,180,170,160,170,170,170
12.085119485855103,-0.002863306370282295,9.902143292803725,0.2617993877991417,0.0,-1.5666843613335997,170,180,170,160,170,170,170
12.095303535461426,-0.002863306370282295,9.902143292803725,0.2617993877991417,0.0,-1.5666843613335997,170,180,170,160,170,170,170
12.105769157409668,-0.002863306370282295,9.902143292803725,0.2617993877991417,0.0,-1.5666843613335997,170,180,180,170,170,170,170
12.122604608535767,-0.002863306370282295,9.902143292803725,0.2617993877991417,0.0,-1.5666843613335997,170,180,180,170,170,170,170
12.133084058761597,-0.0028979816250911095,9.893531616108675,0.2617993877991417,0.0,-1.566667595947371,170,180,180,170,170,170,170
12.143338918685913,-0.0029326537795992926,9.884910124926641,0.2617993877991417,0.0,-1.5666581878456258,170,180,180,170,170,170,170
12.153573751449585,-0.0029326537795992926,9.884910124926641,0.2617993877991417,0.0,-1.5666581878456258,170,180,180,170,170,170,170
12.16707968711853,-0.0029326537795992926,9.884910124926641,0.2617993877991417,0.0,-1.5666581878456258,170,180,180,170,170,170,170
12.177265644073486,-0.002968464928593298,9.876016307024535,0.2617993877991417,0.0,-1.5666526415604565,170,180,180,170,170,170,170
12.187463998794556,-0.002968464928593298,9.876016307024535,0.2617993877991417,0.0,-1.5666526415604565,170,180,180,170,170,170,170
12.197701930999756,-0.002968464928593298,9.876016307024535,0.2617993877991417,0.0,-1.5666526415604565,170,180,180,170,170,170,170
12.20796823501587,-0.0030033501562226586,9.867373955461108,0.2617993877991417,0.0,-1.5666455462817654,170,180,180,170,170,170,170
12.21816873550415,-0.0030033501562226586,9.867373955461108,0.2617993877991417,0.0,-1.5666455462817654,170,180,180,170,170,170,170
12.228391885757446,-0.0030033501562226586,9.867373955461108,0.2617993877991417,0.0,-1.5666455462817654,180,180,180,170,170,180,170
12.23859190940857,-0.0030033501562226586,9.867373955461108,0.2617993877991417,0.0,-1.5666455462817654,180,180,180,170,170,180,170
12.248797416687012,-0.003038388806663999,9.858721643781504,0.2617993877991417,0.0,-1.566636964492357,180,180,180,170,170,180,170
12.258967399597168,-0.003038388806663999,9.858721643781504,0.2617993877991417,0.0,-1.566636964492357,180,180,180,170,170,180,170
12.269176483154297,-0.003038388806663999,9.858721643781504,0.2617993877991417,0.0,-1.566636964492357,180,180,180,170,170,170,160
12.289145946502686,-0.003074956363739373,9.849796703075434,0.2617993877991417,0.0,-1.5666287606731026,180,180,180,170,170,170,160
12.299400091171265,-0.003074956363739373,9.849796703075434,0.2617993877991417,0.0,-1.5666287606731026,180,180,180,170,170,170,160
12.309661626815796,-0.003111328824962573,9.84112497286061,0.2617993877991417,0.0,-1.5666179735928822,180,180,180,170,170,180,160
12.319875240325928,-0.003111328824962573,9.84112497286061,0.2617993877991417,0.0,-1.5666179735928822,180,180,180,170,170,180,160
12.331614017486572,-0.003111328824962573,9.84112497286061,0.2617993877991417,0.0,-1.5666179735928822,180,180,180,170,170,180,160
12.341840982437134,-0.0031484316963341914,9.832451990506659,0.2617993877991417,0.0,-1.5665980561591049,180,180,180,170,170,180,160
12.352068185806274,-0.0031484316963341914,9.832451990506659,0.2617993877991417,0.0,-1.5665980561591049,180,180,180,170,170,180,160
12.362321376800537,-0.0031484316963341914,9.832451990506659,0.2617993877991417,0.0,-1.5665980561591049,180,180,180,170,170,170,160
12.381120681762695,-0.0031484316963341914,9.832451990506659,0.2617993877991417,0.0,-1.5665980561591049,180,180,180,170,170,170,160
12.39135193824768,-0.003191174883104888,9.823530544054117,0.2617993877991417,0.0,-1.5665594187592828,180,180,180,170,170,170,160
12.401557207107544,-0.003191174883104888,9.823530544054117,0.2617993877991417,0.0,-1.5665594187592828,180,180,180,170,170,180,160
12.411808729171753,-0.003229754349008867,9.814904436647389,0.2617993877991417,0.0,-1.5663804594454618,180,180,180,170,170,180,160
12.422030687332153,-0.003229754349008867,9.814904436647389,0.2617993877991417,0.0,-1.5663804594454618,180,180,180,170,170,180,160
12.43226957321167,-0.003229754349008867,9.814904436647389,0.2617993877991417,0.0,-1.5663804594454618,180,180,180,170,170,180,160
12.442468166351318,-0.003263360202506666,9.806304631963714,0.2617993877991417,0.0,-1.566357154995108,180,180,180,170,170,180,160
12.45266342163086,-0.003263360202506666,9.806304631963714,0.2617993877991417,0.0,-1.566357154995108,180,180,180,170,170,180,160
12.462894678115845,-0.003263360202506666,9.806304631963714,0.2617993877991417,0.0,-1.566357154995108,170,180,180,170,170,170,160
12.473103523254395,-0.003263360202506666,9.806304631963714,0.2617993877991417,0.0,-1.566357154995108,170,180,180,170,170,170,160
12.485302925109863,-0.0033023904953961097,9.797438305314522,0.2617993877991417,0.0,-1.5663314192709785,170,180,180,170,170,170,160
12.495509147644043,-0.0033023904953961097,9.797438305314522,0.2617993877991417,0.0,-1.5663314192709785,170,180,180,170,170,170,160
12.505734205245972,-0.0033023904953961097,9.797438305314522,0.2617993877991417,0.0,-1.5663314192709785,170,180,180,170,170,170,160
12.516103267669678,-0.003340082778864405,9.788825587256873,0.2617993877991417,0.0,-1.5663156088527852,170,180,170,170,170,180,160
12.535891056060791,-0.003340082778864405,9.788825587256873,0.2617993877991417,0.0,-1.5663156088527852,170,180,170,170,170,180,160
12.546128749847412,-0.0033777838167078625,9.780202817060852,0.2617993877991417,0.0,-1.566307076815935,170,180,170,170,170,180,160
12.556309461593628,-0.0033777838167078625,9.780202817060852,0.2617993877991417,0.0,-1.566307076815935,170,180,170,170,170,180,160
12.566686391830444,-0.0033777838167078625,9.780202817060852,0.2617993877991417,0.0,-1.566307076815935,180,180,160,170,170,180,160
12.582367181777954,-0.0034167281436454848,9.771307794977364,0.2617993877991417,0.0,-1.5663012673563492,180,180,160,170,170,180,160
12.592586040496826,-0.0034167281436454848,9.771307794977364,0.2617993877991417,0.0,-1.5663012673563492,180,180,160,170,170,180,160
12.602932691574097,-0.0034167281436454848,9.771307794977364,0.2617993877991417,0.0,-1.5663012673563492,180,180,160,170,170,180,160
12.613236904144287,-0.0034546599082342687,9.762664277584674,0.2617993877991417,0.0,-1.5662938885273747,180,180,150,170,170,190,170
12.632632493972778,-0.0034546599082342687,9.762664277584674,0.2617993877991417,0.0,-1.5662938885273747,180,180,150,170,170,190,170
12.642878770828247,-0.0034927590011057954,9.754010816639319,0.2617993877991417,0.0,-1.5662850258366392,180,180,150,170,170,190,170
12.65309453010559,-0.0034927590011057954,9.754010816639319,0.2617993877991417,0.0,-1.5662850258366392,180,170,150,170,190,190,170
12.663861989974976,-0.0034927590011057954,9.754010816639319,0.2617993877991417,0.0,-1.5662850258366392,180,170,150,170,190,190,170
12.680039167404175,-0.0035325635544463736,9.745084702124647,0.2617993877991417,0.0,-1.5662767500285055,180,170,150,170,190,190,170
12.690268278121948,-0.0035325635544463736,9.745084702124647,0.2617993877991417,0.0,-1.5662767500285055,180,170,150,170,190,190,170
12.700474739074707,-0.0035325635544463736,9.745084702124647,0.2617993877991417,0.0,-1.5662767500285055,180,170,150,170,190,190,170
12.710811376571655,-0.0035720784894402364,9.73641213328725,0.2617993877991417,0.0,-1.5662649637713462,180,180,150,170,190,190,170
12.729979038238525,-0.0035720784894402364,9.73641213328725,0.2617993877991417,0.0,-1.5662649637713462,180,180,150,170,190,190,170
12.740277767181396,-0.0036124476691023104,9.727740150299223,0.2617993877991417,0.0,-1.5662438036713127,180,180,150,170,190,190,170
12.750466346740723,-0.0036124476691023104,9.727740150299223,0.2617993877991417,0.0,-1.5662438036713127,180,180,150,170,190,190,170
12.760672330856323,-0.0036124476691023104,9.727740150299223,0.2617993877991417,0.0,-1.5662438036713127,180,180,140,170,190,190,170
12.77590537071228,-0.0036124476691023104,9.727740150299223,0.2617993877991417,0.0,-1.5662438036713127,180,180,140,170,190,190,170
12.786116361618042,-0.0036589995061387043,9.718821104419813,0.2617993877991417,0.0,-1.5661980576004522,180,180,140,170,190,190,170
12.796303987503052,-0.0036589995061387043,9.718821104419813,0.2617993877991417,0.0,-1.5661980576004522,180,180,150,170,170,170,170
12.80649733543396,-0.003698503173929699,9.710202241157614,0.2617993877991417,0.0,-1.5660009336157072,180,180,150,170,170,170,170
12.816941022872925,-0.003698503173929699,9.710202241157614,0.2617993877991417,0.0,-1.5660009336157072,180,180,150,170,170,170,170
12.827126264572144,-0.003698503173929699,9.710202241157614,0.2617993877991417,0.0,-1.5660009336157072,180,180,150,170,170,170,170
12.837371349334717,-0.003698503173929699,9.710202241157614,0.2617993877991417,0.0,-1.5660009336157072,180,180,150,170,170,170,170
12.84756350517273,-0.003736325418640714,9.701600061968257,0.2617993877991417,0.0,-1.5659961520421166,180,180,150,170,170,170,170
12.85774040222168,-0.003736325418640714,9.701600061968257,0.2617993877991417,0.0,-1.5659961520421166,180,180,150,170,170,170,160
12.86796259880066,-0.003736325418640714,9.701600061968257,0.2617993877991417,0.0,-1.5659961520421166,180,180,150,170,170,170,160
12.879889726638794,-0.0037786165450708863,9.692733393743076,0.2617993877991417,0.0,-1.5659730776797887,180,180,150,170,170,170,160
12.890100479125977,-0.0037786165450708863,9.692733393743076,0.2617993877991417,0.0,-1.5659730776797887,180,180,150,170,170,170,160
12.900293827056885,-0.0037786165450708863,9.692733393743076,0.2617993877991417,0.0,-1.5659730776797887,180,170,170,170,180,170,160
12.910919189453125,-0.003819374023155148,9.684119530955819,0.2617993877991417,0.0,-1.5659583077833874,180,170,170,170,180,170,160
12.921166896820068,-0.003819374023155148,9.684119530955819,0.2617993877991417,0.0,-1.5659583077833874,180,170,170,170,180,170,160
12.931855916976929,-0.003819374023155148,9.684119530955819,0.2617993877991417,0.0,-1.5659583077833874,180,170,170,170,180,170,160
12.942088842391968,-0.003860150997840298,9.675495401105415,0.2617993877991417,0.0,-1.5659507724393718,180,170,170,170,180,170,160
12.952277898788452,-0.003860150997840298,9.675495401105415,0.2617993877991417,0.0,-1.5659507724393718,180,170,170,170,180,170,160
12.962717056274414,-0.003860150997840298,9.675495401105415,0.2617993877991417,0.0,-1.5659507724393718,170,170,170,170,170,170,160
12.980802536010742,-0.003860150997840298,9.675495401105415,0.2617993877991417,0.0,-1.5659507724393718,170,170,170,170,170,170,160
12.991211891174316,-0.003902278082908438,9.666599134397735,0.2617993877991417,0.0,-1.5659445552729294,170,170,170,170,170,170,160
13.001420736312866,-0.003902278082908438,9.666599134397735,0.2617993877991417,0.0,-1.5659445552729294,170,170,170,170,170,170,160
13.011668682098389,-0.0039433040338326154,9.657954390274876,0.2617993877991417,0.0,-1.5659369146755528,170,170,170,170,170,170,160
13.031460762023926,-0.0039433040338326154,9.657954390274876,0.2617993877991417,0.0,-1.5659369146755528,170,170,170,170,170,170,160
13.041763544082642,-0.003984519810550945,9.649299723830193,0.2617993877991417,0.0,-1.5659278168688628,170,170,170,170,170,170,160
13.051952362060547,-0.003984519810550945,9.649299723830193,0.2617993877991417,0.0,-1.5659278168688628,160,170,170,170,170,170,160
13.062153100967407,-0.003984519810550945,9.649299723830193,0.2617993877991417,0.0,-1.5659278168688628,160,170,170,170,170,170,160
13.079905271530151,-0.003984519810550945,9.649299723830193,0.2617993877991417,0.0,-1.5659278168688628,160,170,170,170,170,170,160
13.090118408203125,-0.004027621676254575,9.640372398516746,0.2617993877991417,0.0,-1.565919455987212,160,170,170,170,170,170,160
13.100296974182129,-0.004027621676254575,9.640372398516746,0.2617993877991417,0.0,-1.565919455987212,160,170,170,170,170,170,160
13.11047101020813,-0.004070319343495872,9.631699056386326,0.2617993877991417,0.0,-1.5659064610156235,160,170,170,170,170,170,160
13.120760202407837,-0.004070319343495872,9.631699056386326,0.2617993877991417,0.0,-1.5659064610156235,170,170,170,170,170,170,160
13.134395360946655,-0.004070319343495872,9.631699056386326,0.2617993877991417,0.0,-1.5659064610156235,170,170,170,170,170,170,160
13.144628286361694,-0.004114123128293604,9.623028302393138,0.2617993877991417,0.0,-1.5658841967777795,170,170,170,170,170,170,160
13.154806852340698,-0.004114123128293604,9.623028302393138,0.2617993877991417,0.0,-1.5658841967777795,170,170,170,170,170,170,160
13.165745735168457,-0.004114123128293604,9.623028302393138,0.2617993877991417,0.0,-1.5658841967777795,180,170,180,170,170,170,160
13.181403398513794,-0.004164325058961119,9.614111818735385,0.2617993877991417,0.0,-1.5658281985789162,180,170,180,170,170,170,160
13.19162392616272,-0.004164325058961119,9.614111818735385,0.2617993877991417,0.0,-1.5658281985789162,180,170,180,170,170,170,160
13.201839208602905,-0.004164325058961119,9.614111818735385,0.2617993877991417,0.0,-1.5658281985789162,170,180,180,170,170,190,170
13.212064504623413,-0.0042050291187937456,9.605500331455504,0.2617993877991417,0.0,-1.5656214668415889,170,180,180,170,170,190,170
13.222272872924805,-0.0042050291187937456,9.605500331455504,0.2617993877991417,0.0,-1.5656214668415889,170,180,180,170,170,190,170
13.232484340667725,-0.0042050291187937456,9.605500331455504,0.2617993877991417,0.0,-1.5656214668415889,170,180,180,170,170,190,170
13.24270224571228,-0.004247031246365916,9.596895670919057,0.2617993877991417,0.0,-1.5656308783869186,170,180,180,170,170,190,170
13.252878427505493,-0.004247031246365916,9.596895670919057,0.2617993877991417,0.0,-1.5656308783869186,170,180,180,170,170,190,170
13.263062953948975,-0.004247031246365916,9.596895670919057,0.2617993877991417,0.0,-1.5656308783869186,170,170,170,170,160,170,160
13.2732994556427,-0.004247031246365916,9.596895670919057,0.2617993877991417,0.0,-1.5656308783869186,170,170,170,170,160,170,160
13.283541917800903,-0.004292539129381309,9.588028209741177,0.2617993877991417,0.0,-1.5656104086761835,170,170,170,170,160,170,160
13.293771028518677,-0.004292539129381309,9.588028209741177,0.2617993877991417,0.0,-1.5656104086761835,170,170,170,170,160,170,160
13.304007768630981,-0.004292539129381309,9.588028209741177,0.2617993877991417,0.0,-1.5656104086761835,170,170,170,170,160,170,160
13.314300060272217,-0.004336399103188924,9.579413209849413,0.2617993877991417,0.0,-1.5655966360790097,160,170,170,160,170,170,160
13.33464503288269,-0.004336399103188924,9.579413209849413,0.2617993877991417,0.0,-1.5655966360790097,160,170,170,160,170,170,160
13.344948530197144,-0.004380293357164872,9.570787793546728,0.2617993877991417,0.0,-1.565589878592009,160,170,170,160,170,170,160
13.35512661933899,-0.004380293357164872,9.570787793546728,0.2617993877991417,0.0,-1.565589878592009,150,170,170,160,170,170,160
13.365358352661133,-0.004380293357164872,9.570787793546728,0.2617993877991417,0.0,-1.565589878592009,150,170,170,160,170,170,160
13.379545450210571,-0.004380293357164872,9.570787793546728,0.2617993877991417,0.0,-1.565589878592009,150,170,170,160,170,170,160
13.389909744262695,-0.004425644513444533,9.561890349365019,0.2617993877991417,0.0,-1.5655832555018947,150,170,170,160,170,170,160
13.400118589401245,-0.004425644513444533,9.561890349365019,0.2617993877991417,0.0,-1.5655832555018947,150,170,170,160,160,160,160
13.410383224487305,-0.004469805124699898,9.553244444643578,0.2617993877991417,0.0,-1.5655753291974286,150,170,170,160,160,160,160
13.42061996459961,-0.004469805124699898,9.553244444643578,0.2617993877991417,0.0,-1.5655753291974286,150,170,170,160,160,160,160
13.431994676589966,-0.004469805124699898,9.553244444643578,0.2617993877991417,0.0,-1.5655753291974286,150,170,170,160,160,160,160
13.442253828048706,-0.004514186098562193,9.544588636153815,0.2617993877991417,0.0,-1.565566023371363,150,170,170,160,160,160,160
13.45244550704956,-0.004514186098562193,9.544588636153815,0.2617993877991417,0.0,-1.565566023371363,150,170,170,160,160,160,160
13.462732791900635,-0.004514186098562193,9.544588636153815,0.2617993877991417,0.0,-1.565566023371363,150,160,160,160,160,160,150
13.481570482254028,-0.004514186098562193,9.544588636153815,0.2617993877991417,0.0,-1.565566023371363,150,160,160,160,160,160,150
13.492337465286255,-0.004560621116468026,9.535660164483659,0.2617993877991417,0.0,-1.5655572302562348,150,160,160,160,160,160,150
13.50262713432312,-0.004560621116468026,9.535660164483659,0.2617993877991417,0.0,-1.5655572302562348,150,150,160,160,160,160,160
13.512877702713013,-0.004606539991548671,9.526986272238045,0.2617993877991417,0.0,-1.5655430121604128,150,150,160,160,160,160,160
13.53048825263977,-0.004606539991548671,9.526986272238045,0.2617993877991417,0.0,-1.5655430121604128,150,150,160,160,160,160,160
13.540732860565186,-0.004653926326031218,9.518316961179718,0.2617993877991417,0.0,-1.5655197758178827,150,150,160,160,160,160,160
13.550967454910278,-0.004653926326031218,9.518316961179718,0.2617993877991417,0.0,-1.5655197758178827,150,150,160,160,160,160,160
13.561166048049927,-0.004653926326031218,9.518316961179718,0.2617993877991417,0.0,-1.5655197758178827,150,140,160,160,160,150,160
13.571409940719604,-0.004653926326031218,9.518316961179718,0.2617993877991417,0.0,-1.5655197758178827,150,140,160,160,160,150,160
13.58217477798462,-0.004707312955323346,9.509403303233077,0.2617993877991417,0.0,-1.5654496155180706,150,140,160,160,160,150,160
13.59238076210022,-0.004707312955323346,9.509403303233077,0.2617993877991417,0.0,-1.5654496155180706,150,140,160,160,160,150,160
13.602567434310913,-0.004707312955323346,9.509403303233077,0.2617993877991417,0.0,-1.5654496155180706,160,150,160,160,160,150,160
13.61279821395874,-0.004750187866527631,9.500798503350481,0.2617993877991417,0.0,-1.5652490973473137,160,150,160,160,160,150,160
13.63100814819336,-0.004750187866527631,9.500798503350481,0.2617993877991417,0.0,-1.5652490973473137,160,150,160,160,160,150,160
13.64121389389038,-0.0047959458435036,9.492191680752871,0.2617993877991417,0.0,-1.5652637238242788,160,150,160,160,160,150,160
13.651393175125122,-0.0047959458435036,9.492191680752871,0.2617993877991417,0.0,-1.5652637238242788,160,150,160,160,160,150,160
13.661621332168579,-0.0047959458435036,9.492191680752871,0.2617993877991417,0.0,-1.5652637238242788,160,150,160,160,160,150,160
13.671813726425171,-0.0047959458435036,9.492191680752871,0.2617993877991417,0.0,-1.5652637238242788,160,150,160,160,160,150,160
13.684678792953491,-0.004844624665506638,9.483323272273552,0.2617993877991417,0.0,-1.5652446066018848,160,150,160,160,160,150,160
13.694896936416626,-0.004844624665506638,9.483323272273552,0.2617993877991417,0.0,-1.5652446066018848,160,150,160,160,160,150,160
13.70510721206665,-0.004844624665506638,9.483323272273552,0.2617993877991417,0.0,-1.5652446066018848,160,160,160,160,160,160,160
13.715359926223755,-0.004891615063748052,9.474707062254573,0.2617993877991417,0.0,-1.565231795304069,160,160,160,160,160,160,160
13.730783700942993,-0.004891615063748052,9.474707062254573,0.2617993877991417,0.0,-1.565231795304069,160,160,160,160,160,160,160
13.740987062454224,-0.004938658177230406,9.466080330095037,0.2617993877991417,0.0,-1.565225583521627,160,160,160,160,160,160,160
13.751178979873657,-0.004938658177230406,9.466080330095037,0.2617993877991417,0.0,-1.565225583521627,160,150,160,160,160,150,160
13.761395454406738,-0.004938658177230406,9.466080330095037,0.2617993877991417,0.0,-1.565225583521627,160,150,160,160,160,150,160
13.780088186264038,-0.004938658177230406,9.466080330095037,0.2617993877991417,0.0,-1.565225583521627,160,150,160,160,160,150,160
13.790440320968628,-0.0049872621022879265,9.457181634614333,0.2617993877991417,0.0,-1.5652186478532863,160,150,160,160,160,150,160
13.800631761550903,-0.0049872621022879265,9.457181634614333,0.2617993877991417,0.0,-1.5652186478532863,160,170,160,160,160,140,160
13.810922622680664,-0.005034587947946704,9.448534509255909,0.2617993877991417,0.0,-1.5652104477359363,160,170,160,160,160,140,160
13.828901529312134,-0.005034587947946704,9.448534509255909,0.2617993877991417,0.0,-1.5652104477359363,160,170,160,160,160,140,160
13.839123010635376,-0.005034587947946704,9.448534509255909,0.2617993877991417,0.0,-1.5652104477359363,160,170,160,160,160,140,160
13.849307775497437,-0.00508217169799044,9.439877498406638,0.2617993877991417,0.0,-1.5652010499504208,160,170,160,160,160,140,160
13.859500646591187,-0.00508217169799044,9.439877498406638,0.2617993877991417,0.0,-1.5652010499504208,160,170,160,160,160,140,160
13.869695663452148,-0.00508217169799044,9.439877498406638,0.2617993877991417,0.0,-1.5652010499504208,160,170,160,160,160,140,160
13.882403135299683,-0.00508217169799044,9.439877498406638,0.2617993877991417,0.0,-1.5652010499504208,160,170,160,160,160,140,160
13.892722606658936,-0.005131966138144159,9.430947821545587,0.2617993877991417,0.0,-1.5651915713817925,160,170,160,160,160,140,160
13.902900695800781,-0.005131966138144159,9.430947821545587,0.2617993877991417,0.0,-1.5651915713817925,160,170,160,160,160,140,160
13.913094997406006,-0.005181136157589247,9.42227357689453,0.2617993877991417,0.0,-1.5651763569069719,160,170,170,160,160,150,160
13.930281162261963,-0.005181136157589247,9.42227357689453,0.2617993877991417,0.0,-1.5651763569069719,160,170,170,160,160,150,160
13.940475463867188,-0.005232206907336372,9.413605867733047,0.2617993877991417,0.0,-1.5651521963717212,160,170,170,160,160,150,160
13.950766563415527,-0.005232206907336372,9.413605867733047,0.2617993877991417,0.0,-1.5651521963717212,160,170,170,160,160,150,160
13.960939884185791,-0.005232206907336372,9.413605867733047,0.2617993877991417,0.0,-1.5651521963717212,160,170,170,160,160,160,160
13.971137523651123,-0.005232206907336372,9.413605867733047,0.2617993877991417,0.0,-1.5651521963717212,160,170,170,160,160,160,160
13.984153509140015,-0.00528851057207088,9.404695454131016,0.2617993877991417,0.0,-1.5650624896987684,160,170,170,160,160,160,160
13.994450569152832,-0.00528851057207088,9.404695454131016,0.2617993877991417,0.0,-1.5650624896987684,160,170,170,160,160,160,160
14.004712104797363,-0.00528851057207088,9.404695454131016,0.2617993877991417,0.0,-1.5650624896987684,160,170,170,160,160,160,160
14.015079021453857,-0.00533418931289927,9.396095727012419,0.2617993877991417,0.0,-1.5648849889626464,160,170,180,160,170,190,170
14.025364875793457,-0.00533418931289927,9.396095727012419,0.2617993877991417,0.0,-1.5648849889626464,160,170,180,160,170,190,170
14.035566091537476,-0.00533418931289927,9.396095727012419,0.2617993877991417,0.0,-1.5648849889626464,160,170,180,160,170,190,170
14.045786380767822,-0.0053833729671655325,9.387487644296833,0.2617993877991417,0.0,-1.5648944132724854,160,170,180,160,170,190,170
14.05629277229309,-0.0053833729671655325,9.387487644296833,0.2617993877991417,0.0,-1.5648944132724854,170,170,180,170,170,190,170
14.066540479660034,-0.0053833729671655325,9.387487644296833,0.2617993877991417,0.0,-1.5648944132724854,170,170,180,170,170,190,170
14.0812668800354,-0.0053833729671655325,9.387487644296833,0.2617993877991417,0.0,-1.5648944132724854,170,170,180,170,170,190,170
14.091610193252563,-0.005435225679052599,9.37861832093125,0.2617993877991417,0.0,-1.5648757487804932,170,170,180,170,170,190,170
14.101797342300415,-0.005435225679052599,9.37861832093125,0.2617993877991417,0.0,-1.5648757487804932,170,170,180,170,170,190,170
14.112016201019287,-0.005485379639925314,9.370000939218103,0.2617993877991417,0.0,-1.564863749226118,160,170,170,160,170,160,170
14.130225896835327,-0.005485379639925314,9.370000939218103,0.2617993877991417,0.0,-1.564863749226118,160,170,170,160,170,160,170
14.140491485595703,-0.005535602902464191,9.361372984401278,0.2617993877991417,0.0,-1.5648577957400736,160,170,170,160,170,160,170
14.150679111480713,-0.005535602902464191,9.361372984401278,0.2617993877991417,0.0,-1.5648577957400736,160,170,170,160,170,160,170
14.160896301269531,-0.005535602902464191,9.361372984401278,0.2617993877991417,0.0,-1.5648577957400736,160,160,160,160,160,160,160
14.179777145385742,-0.005535602902464191,9.361372984401278,0.2617993877991417,0.0,-1.5648577957400736,160,160,160,160,160,160,160
14.190152168273926,-0.005587490972845244,9.352473096480479,0.2617993877991417,0.0,-1.5648505513554503,160,160,160,160,160,160,160
14.200349569320679,-0.005587490972845244,9.352473096480479,0.2617993877991417,0.0,-1.5648505513554503,160,160,160,160,160,160,160
14.210559844970703,-0.0056380131197890735,9.343824817247654,0.2617993877991417,0.0,-1.5648420433759191,160,160,160,160,160,160,160
14.220810651779175,-0.0056380131197890735,9.343824817247654,0.2617993877991417,0.0,-1.5648420433759191,160,160,160,160,160,160,160
14.23108172416687,-0.0056380131197890735,9.343824817247654,0.2617993877991417,0.0,-1.5648420433759191,160,160,160,160,160,160,160
14.241304636001587,-0.005688831100333918,9.335166662823465,0.2617993877991417,0.0,-1.564832611004476,160,160,160,160,160,160,160
14.251514434814453,-0.005688831100333918,9.335166662823465,0.2617993877991417,0.0,-1.564832611004476,160,170,170,160,170,160,160
14.261736631393433,-0.005688831100333918,9.335166662823465,0.2617993877991417,0.0,-1.564832611004476,160,170,170,160,170,160,160
14.271936416625977,-0.005688831100333918,9.335166662823465,0.2617993877991417,0.0,-1.564832611004476,160,170,170,160,170,160,160
14.28218698501587,-0.00574201509542986,9.326235858210387,0.2617993877991417,0.0,-1.56482236972211,160,170,170,160,170,160,160
14.292399406433105,-0.00574201509542986,9.326235858210387,0.2617993877991417,0.0,-1.56482236972211,160,170,170,160,170,160,160
14.30259895324707,-0.00574201509542986,9.326235858210387,0.2617993877991417,0.0,-1.56482236972211,160,160,170,160,170,160,160
14.313028335571289,-0.005794462541892739,9.317561536813958,0.2617993877991417,0.0,-1.5648062315175828,160,160,170,160,170,160,160
14.32331371307373,-0.005794462541892739,9.317561536813958,0.2617993877991417,0.0,-1.5648062315175828,160,160,170,160,170,160,160
14.333611726760864,-0.005794462541892739,9.317561536813958,0.2617993877991417,0.0,-1.5648062315175828,160,160,170,160,170,160,160
14.343783855438232,-0.005849297217383968,9.308895585074197,0.2617993877991417,0.0,-1.5647810153998154,160,160,170,160,170,160,160
14.354014873504639,-0.005849297217383968,9.308895585074197,0.2617993877991417,0.0,-1.5647810153998154,160,160,170,160,170,160,160
14.364274024963379,-0.005849297217383968,9.308895585074197,0.2617993877991417,0.0,-1.5647810153998154,160,160,160,160,170,160,160
14.374469757080078,-0.00590836058782983,9.299988972664242,0.2617993877991417,0.0,-1.5646674282577437,160,160,160,160,170,160,160
14.385222673416138,-0.00590836058782983,9.299988972664242,0.2617993877991417,0.0,-1.5646674282577437,160,160,160,160,170,160,160
14.395447969436646,-0.00590836058782983,9.299988972664242,0.2617993877991417,0.0,-1.5646674282577437,160,160,160,160,170,160,160
14.405644416809082,-0.00590836058782983,9.299988972664242,0.2617993877991417,0.0,-1.5646674282577437,160,160,160,160,160,160,160
14.415872573852539,-0.005957059316436246,9.291392167423872,0.2617993877991417,0.0,-1.564525522549088,160,160,160,160,160,160,160
14.430331230163574,-0.005957059316436246,9.291392167423872,0.2617993877991417,0.0,-1.564525522549088,160,160,160,160,160,160,160
14.440546989440918,-0.006009599538119373,9.282784097331344,0.2617993877991417,0.0,-1.5645227618527364,160,160,160,160,160,160,160
14.45075273513794,-0.006009599538119373,9.282784097331344,0.2617993877991417,0.0,-1.5645227618527364,160,160,160,160,170,160,160
14.46162748336792,-0.006009599538119373,9.282784097331344,0.2617993877991417,0.0,-1.5645227618527364,160,160,160,160,170,160,160
14.478977918624878,-0.006009599538119373,9.282784097331344,0.2617993877991417,0.0,-1.5645227618527364,160,160,160,160,170,160,160
14.48931074142456,-0.006064654753150569,9.273913789823085,0.2617993877991417,0.0,-1.5645042428861817,160,160,160,160,170,160,160
14.499518394470215,-0.006064654753150569,9.273913789823085,0.2617993877991417,0.0,-1.5645042428861817,160,160,160,160,170,160,160
14.509815454483032,-0.006117998705114175,9.265295164431688,0.2617993877991417,0.0,-1.5644930397172314,180,170,180,170,170,170,170
14.528547286987305,-0.006117998705114175,9.265295164431688,0.2617993877991417,0.0,-1.5644930397172314,180,170,180,170,170,170,170
14.538785219192505,-0.006117998705114175,9.265295164431688,0.2617993877991417,0.0,-1.5644930397172314,180,170,180,170,170,170,170
14.549004077911377,-0.00617142747994285,9.256665946292738,0.2617993877991417,0.0,-1.5644872060342339,180,170,180,170,170,170,170
14.559199094772339,-0.00617142747994285,9.256665946292738,0.2617993877991417,0.0,-1.5644872060342339,180,180,180,170,170,190,170
14.569379568099976,-0.00617142747994285,9.256665946292738,0.2617993877991417,0.0,-1.5644872060342339,180,180,180,170,170,190,170
14.580026865005493,-0.006226626007241205,9.247764799535778,0.2617993877991417,0.0,-1.564479676666344,180,180,180,170,170,190,170
14.590248823165894,-0.006226626007241205,9.247764799535778,0.2617993877991417,0.0,-1.564479676666344,180,180,180,170,170,190,170
14.600477933883667,-0.006226626007241205,9.247764799535778,0.2617993877991417,0.0,-1.564479676666344,160,180,170,160,170,150,170
14.610719442367554,-0.006280370591696177,9.239115308205328,0.2617993877991417,0.0,-1.5644708747037517,160,180,170,160,170,150,170
14.629765272140503,-0.006280370591696177,9.239115308205328,0.2617993877991417,0.0,-1.5644708747037517,160,180,170,160,170,150,170
14.640013933181763,-0.006334454439602547,9.230455941739176,0.2617993877991417,0.0,-1.5644614451941072,160,180,170,160,170,150,170
14.650223016738892,-0.006334454439602547,9.230455941739176,0.2617993877991417,0.0,-1.5644614451941072,160,180,170,160,170,150,170
14.660463094711304,-0.006334454439602547,9.230455941739176,0.2617993877991417,0.0,-1.5644614451941072,160,170,170,160,160,160,160
14.670684576034546,-0.006334454439602547,9.230455941739176,0.2617993877991417,0.0,-1.5644614451941072,160,170,170,160,160,160,160
14.680921792984009,-0.006391060468916392,9.221524000878738,0.2617993877991417,0.0,-1.5644505245173463,160,170,170,160,160,160,160
14.691140413284302,-0.006391060468916392,9.221524000878738,0.2617993877991417,0.0,-1.5644505245173463,160,170,170,160,160,160,160
14.701303243637085,-0.006391060468916392,9.221524000878738,0.2617993877991417,0.0,-1.5644505245173463,160,170,170,160,160,160,160
14.711884260177612,-0.0064467975749184624,9.212849826262932,0.2617993877991417,0.0,-1.5644335489494452,160,170,170,160,160,160,160
14.728271484375,-0.0064467975749184624,9.212849826262932,0.2617993877991417,0.0,-1.5644335489494452,160,170,170,160,160,160,160
14.738499402999878,-0.0064467975749184624,9.212849826262932,0.2617993877991417,0.0,-1.5644335489494452,160,170,170,160,160,160,160
14.748684406280518,-0.006505452574787938,9.204185755585627,0.2617993877991417,0.0,-1.5644069849734694,160,170,170,160,160,160,160
14.758890151977539,-0.006505452574787938,9.204185755585627,0.2617993877991417,0.0,-1.5644069849734694,160,170,170,160,160,160,160
14.769090175628662,-0.006505452574787938,9.204185755585627,0.2617993877991417,0.0,-1.5644069849734694,160,170,170,160,160,160,160
14.781069278717041,-0.006566875374612491,9.195283654832664,0.2617993877991417,0.0,-1.564265714982825,160,170,170,160,160,160,160
14.79122018814087,-0.006566875374612491,9.195283654832664,0.2617993877991417,0.0,-1.564265714982825,160,170,170,160,160,160,160
14.801356792449951,-0.006566875374612491,9.195283654832664,0.2617993877991417,0.0,-1.564265714982825,160,170,170,160,170,160,160
14.811582088470459,-0.0066188228079877304,9.186687781879865,0.2617993877991417,0.0,-1.564165413246539,160,170,170,160,170,160,160
14.829567909240723,-0.0066188228079877304,9.186687781879865,0.2617993877991417,0.0,-1.564165413246539,160,170,170,160,170,160,160
14.839770317077637,-0.00667486728079018,9.178080672931314,0.2617993877991417,0.0,-1.564150528493659,160,170,170,160,170,160,160
14.849969387054443,-0.00667486728079018,9.178080672931314,0.2617993877991417,0.0,-1.564150528493659,160,170,170,160,170,160,160
14.860223531723022,-0.00667486728079018,9.178080672931314,0.2617993877991417,0.0,-1.564150528493659,160,170,170,160,170,160,160
14.879613876342773,-0.00667486728079018,9.178080672931314,0.2617993877991417,0.0,-1.564150528493659,160,170,170,160,170,160,160
14.889999866485596,-0.006733162243914716,9.169209413342065,0.2617993877991417,0.0,-1.5641323060109098,160,170,170,160,170,160,160
14.90020203590393,-0.006733162243914716,9.169209413342065,0.2617993877991417,0.0,-1.5641323060109098,170,180,170,160,170,160,160
14.910447835922241,-0.006789704455742283,9.160589588673258,0.2617993877991417,0.0,-1.564121761308281,170,180,170,160,170,160,160
14.920764684677124,-0.006789704455742283,9.160589588673258,0.2617993877991417,0.0,-1.564121761308281,170,180,170,160,170,160,160
14.931010007858276,-0.006789704455742283,9.160589588673258,0.2617993877991417,0.0,-1.564121761308281,170,180,170,160,170,160,160
14.941208362579346,-0.006846346154766553,9.151959188788563,0.2617993877991417,0.0,-1.5641158501615782,170,180,170,160,170,160,160
14.951461791992188,-0.006846346154766553,9.151959188788563,0.2617993877991417,0.0,-1.5641158501615782,170,180,170,160,170,160,160
14.961705207824707,-0.006846346154766553,9.151959188788563,0.2617993877991417,0.0,-1.5641158501615782,170,180,170,160,170,170,160
14.980193614959717,-0.00690486264091874,9.143056849216919,0.2617993877991417,0.0,-1.5641080059604937,170,180,170,160,170,170,160
14.99044132232666,-0.00690486264091874,9.143056849216919,0.2617993877991417,0.0,-1.5641080059604937,170,180,170,160,170,170,160
15.000647068023682,-0.00690486264091874,9.143056849216919,0.2617993877991417,0.0,-1.5641080059604937,170,180,170,160,170,170,160
15.010933876037598,-0.006961837283951892,9.134406212709667,0.2617993877991417,0.0,-1.5640988804500584,170,180,180,160,170,190,190
15.02936840057373,-0.006961837283951892,9.134406212709667,0.2617993877991417,0.0,-1.5640988804500584,170,180,180,160,170,190,190
15.039652347564697,-0.007019204856900069,9.125745685690841,0.2617993877991417,0.0,-1.5640894099957687,170,180,180,160,170,190,190
15.049840211868286,-0.007019204856900069,9.125745685690841,0.2617993877991417,0.0,-1.5640894099957687,170,180,180,160,170,190,190
15.060039520263672,-0.007019204856900069,9.125745685690841,0.2617993877991417,0.0,-1.5640894099957687,170,180,170,160,170,190,170
15.070277452468872,-0.007019204856900069,9.125745685690841,0.2617993877991417,0.0,-1.5640894099957687,170,180,170,160,170,190,170
15.081832647323608,-0.007079238063448929,9.116812720579723,0.2617993877991417,0.0,-1.5640778764762175,170,180,170,160,170,190,170
15.092063665390015,-0.007079238063448929,9.116812720579723,0.2617993877991417,0.0,-1.5640778764762175,170,180,170,160,170,190,170
15.10226583480835,-0.007079238063448929,9.116812720579723,0.2617993877991417,0.0,-1.5640778764762175,160,180,170,160,170,170,160
15.112483978271484,-0.007138256225547524,9.108138970180008,0.2617993877991417,0.0,-1.5640600956279287,160,180,170,160,170,170,160
15.12856411933899,-0.007138256225547524,9.108138970180008,0.2617993877991417,0.0,-1.5640600956279287,160,180,170,160,170,170,160
15.138787031173706,-0.007138256225547524,9.108138970180008,0.2617993877991417,0.0,-1.5640600956279287,160,180,170,160,170,170,160
15.148978233337402,-0.007200790991966785,9.099476923896592,0.2617993877991417,0.0,-1.564031380231446,160,180,170,160,170,170,160
15.159198522567749,-0.007200790991966785,9.099476923896592,0.2617993877991417,0.0,-1.564031380231446,170,180,170,160,170,170,170
15.169447183609009,-0.007200790991966785,9.099476923896592,0.2617993877991417,0.0,-1.564031380231446,170,180,170,160,170,170,170
15.179879188537598,-0.007264156271950846,9.090580303421373,0.2617993877991417,0.0,-1.563861968826701,170,180,170,160,170,170,170
15.190065622329712,-0.007264156271950846,9.090580303421373,0.2617993877991417,0.0,-1.563861968826701,170,180,170,160,170,170,170
15.200251340866089,-0.007264156271950846,9.090580303421373,0.2617993877991417,0.0,-1.563861968826701,170,180,170,160,170,170,160
15.210538148880005,-0.007319621506665271,9.081983524825294,0.2617993877991417,0.0,-1.5638016591459727,170,180,170,160,170,170,160
15.220792770385742,-0.007319621506665271,9.081983524825294,0.2617993877991417,0.0,-1.5638016591459727,170,180,170,160,170,170,160
15.231012105941772,-0.007319621506665271,9.081983524825294,0.2617993877991417,0.0,-1.5638016591459727,170,180,170,160,170,170,160
15.24123764038086,-0.007379228513824522,9.073377579627234,0.2617993877991417,0.0,-1.5637791229231548,170,180,170,160,170,170,160
15.25142526626587,-0.007379228513824522,9.073377579627234,0.2617993877991417,0.0,-1.5637791229231548,170,180,180,160,170,170,170
15.261613130569458,-0.007379228513824522,9.073377579627234,0.2617993877991417,0.0,-1.5637791229231548,170,180,180,160,170,170,170
15.27182674407959,-0.007379228513824522,9.073377579627234,0.2617993877991417,0.0,-1.5637791229231548,170,180,180,160,170,170,170
15.282075881958008,-0.007440767018092881,9.064505311717395,0.2617993877991417,0.0,-1.563761567412045,170,180,180,160,170,170,170
15.292349576950073,-0.007440767018092881,9.064505311717395,0.2617993877991417,0.0,-1.563761567412045,170,180,180,160,170,170,170
15.302525758743286,-0.007440767018092881,9.064505311717395,0.2617993877991417,0.0,-1.563761567412045,170,180,180,160,170,170,170
15.31281065940857,-0.007500498351386959,9.055884211183475,0.2617993877991417,0.0,-1.5637517237624265,170,180,180,160,170,180,170
15.331157445907593,-0.007500498351386959,9.055884211183475,0.2617993877991417,0.0,-1.5637517237624265,170,180,180,160,170,180,170
15.341397523880005,-0.007560344853229085,9.047252583312307,0.2617993877991417,0.0,-1.5637456349335108,170,180,180,160,170,180,170
15.351592779159546,-0.007560344853229085,9.047252583312307,0.2617993877991417,0.0,-1.5637456349335108,170,180,180,160,170,170,170
15.361833333969116,-0.007560344853229085,9.047252583312307,0.2617993877991417,0.0,-1.5637456349335108,170,180,180,160,170,170,170
15.380017042160034,-0.007560344853229085,9.047252583312307,0.2617993877991417,0.0,-1.5637456349335108,170,180,180,160,170,170,170
15.390233516693115,-0.007622170624502153,9.038348986543479,0.2617993877991417,0.0,-1.563737496610421,170,180,180,160,170,170,170
15.400444746017456,-0.007622170624502153,9.038348986543479,0.2617993877991417,0.0,-1.563737496610421,170,180,180,160,170,170,170
15.410639762878418,-0.007682367437158185,9.029697148825115,0.2617993877991417,0.0,-1.5637280674717724,170,180,180,160,170,170,170
15.420894622802734,-0.007682367437158185,9.029697148825115,0.2617993877991417,0.0,-1.5637280674717724,170,180,180,160,170,170,170
15.433623552322388,-0.007682367437158185,9.029697148825115,0.2617993877991417,0.0,-1.5637280674717724,170,180,180,160,170,170,170
15.443831443786621,-0.0077430290247631605,9.021035402039724,0.2617993877991417,0.0,-1.563718647840048,170,180,180,160,170,170,170
15.454040288925171,-0.0077430290247631605,9.021035402039724,0.2617993877991417,0.0,-1.563718647840048,170,180,180,160,170,170,170
15.464320182800293,-0.0077430290247631605,9.021035402039724,0.2617993877991417,0.0,-1.563718647840048,170,180,180,160,170,170,160
15.474637985229492,-0.007806476022280143,9.012101427965808,0.2617993877991417,0.0,-1.5637065222567086,170,180,180,160,170,170,160
15.485282182693481,-0.007806476022280143,9.012101427965808,0.2617993877991417,0.0,-1.5637065222567086,170,180,180,160,170,170,160
15.495524168014526,-0.007806476022280143,9.012101427965808,0.2617993877991417,0.0,-1.5637065222567086,170,180,180,160,170,170,160
15.50576639175415,-0.007806476022280143,9.012101427965808,0.2617993877991417,0.0,-1.5637065222567086,170,180,180,160,170,170,160
15.516088962554932,-0.007868782776285103,9.003428336464356,0.2617993877991417,0.0,-1.5636879502892251,180,180,180,170,170,170,160
15.531731367111206,-0.007868782776285103,9.003428336464356,0.2617993877991417,0.0,-1.5636879502892251,180,180,180,170,170,170,160
15.541912317276001,-0.007868782776285103,9.003428336464356,0.2617993877991417,0.0,-1.5636879502892251,180,180,180,170,170,170,160
15.552095890045166,-0.007935203033932706,8.994768442017966,0.2617993877991417,0.0,-1.5636555824291813,180,180,180,170,170,170,160
15.562353134155273,-0.007935203033932706,8.994768442017966,0.2617993877991417,0.0,-1.5636555824291813,180,180,180,170,170,190,160
15.577067613601685,-0.007935203033932706,8.994768442017966,0.2617993877991417,0.0,-1.5636555824291813,180,180,180,170,170,190,160
15.587334156036377,-0.008000318472084149,8.985878355969279,0.2617993877991417,0.0,-1.5634614766003332,180,180,180,170,170,190,160
15.597572088241577,-0.008000318472084149,8.985878355969279,0.2617993877991417,0.0,-1.5634614766003332,180,180,180,170,170,190,160
15.607996940612793,-0.00805960193587115,8.977279421225935,0.2617993877991417,0.0,-1.5634351349263578,180,180,180,170,180,190,170
15.628742933273315,-0.00805960193587115,8.977279421225935,0.2617993877991417,0.0,-1.5634351349263578,180,180,180,170,180,190,170
15.638962268829346,-0.00805960193587115,8.977279421225935,0.2617993877991417,0.0,-1.5634351349263578,180,180,180,170,180,190,170
15.649150371551514,-0.00812263815894653,8.968674282059904,0.2617993877991417,0.0,-1.5634113205008928,180,180,180,160,170,180,160
15.659356117248535,-0.00812263815894653,8.968674282059904,0.2617993877991417,0.0,-1.5634113205008928,180,180,180,160,170,180,160
15.676932573318481,-0.008187403424931256,8.959800987834509,0.2617993877991417,0.0,-1.5633946964681897,180,180,180,160,170,180,160
15.68714427947998,-0.008187403424931256,8.959800987834509,0.2617993877991417,0.0,-1.5633946964681897,180,180,180,160,170,180,160
15.697417259216309,-0.008187403424931256,8.959800987834509,0.2617993877991417,0.0,-1.5633946964681897,180,180,180,160,170,180,160
15.707602500915527,-0.008250294413580515,8.951178629851647,0.2617993877991417,0.0,-1.5633856894293572,170,170,170,160,160,170,160
15.718525409698486,-0.008250294413580515,8.951178629851647,0.2617993877991417,0.0,-1.5633856894293572,170,170,170,160,160,170,160
15.734360218048096,-0.008250294413580515,8.951178629851647,0.2617993877991417,0.0,-1.5633856894293572,170,170,170,160,160,170,160
15.744580507278442,-0.008313313849306963,8.94254584951939,0.2617993877991417,0.0,-1.5633793115724834,170,170,170,160,160,170,160
15.754774332046509,-0.008313313849306963,8.94254584951939,0.2617993877991417,0.0,-1.5633793115724834,170,170,170,160,160,170,160
15.764981508255005,-0.008313313849306963,8.94254584951939,0.2617993877991417,0.0,-1.5633793115724834,170,170,170,160,160,170,150
15.781849145889282,-0.008313313849306963,8.94254584951939,0.2617993877991417,0.0,-1.5633793115724834,170,170,170,160,160,170,150
15.792344570159912,-0.008378414689820009,8.93364106196209,0.2617993877991417,0.0,-1.5633708789010514,170,170,170,160,160,170,150
15.802961587905884,-0.008378414689820009,8.93364106196209,0.2617993877991417,0.0,-1.5633708789010514,170,180,180,160,160,170,150
15.813153266906738,-0.008441800824212075,8.92498808854413,0.2617993877991417,0.0,-1.563361147118577,170,180,180,160,160,170,150
15.831303834915161,-0.008441800824212075,8.92498808854413,0.2617993877991417,0.0,-1.563361147118577,170,180,180,160,160,170,150
15.841551542282104,-0.008505739774299512,8.916325204834358,0.2617993877991417,0.0,-1.5633516690547011,170,180,180,160,160,170,150
15.8517484664917,-0.008505739774299512,8.916325204834358,0.2617993877991417,0.0,-1.5633516690547011,180,180,190,160,170,180,160
15.861966848373413,-0.008505739774299512,8.916325204834358,0.2617993877991417,0.0,-1.5633516690547011,180,180,190,160,170,180,160
15.872181177139282,-0.008505739774299512,8.916325204834358,0.2617993877991417,0.0,-1.5633516690547011,180,180,190,160,170,180,160
15.882394075393677,-0.008572559113563964,8.907390340642657,0.2617993877991417,0.0,-1.5633386935189073,180,180,190,160,170,180,160
15.89260196685791,-0.008572559113563964,8.907390340642657,0.2617993877991417,0.0,-1.5633386935189073,180,180,190,160,170,180,160
15.902806997299194,-0.008572559113563964,8.907390340642657,0.2617993877991417,0.0,-1.5633386935189073,180,180,190,170,170,190,170
15.913063526153564,-0.008638219847329865,8.89871818503735,0.2617993877991417,0.0,-1.563319191265623,180,180,190,170,170,190,170
15.930910110473633,-0.008638219847329865,8.89871818503735,0.2617993877991417,0.0,-1.563319191265623,180,180,190,170,170,190,170
15.94112253189087,-0.00870846435405221,8.890060559198844,0.2617993877991417,0.0,-1.5632811954628754,180,180,190,170,170,190,170
15.951305150985718,-0.00870846435405221,8.890060559198844,0.2617993877991417,0.0,-1.5632811954628754,180,180,190,170,170,190,170
15.961868524551392,-0.00870846435405221,8.890060559198844,0.2617993877991417,0.0,-1.5632811954628754,180,190,190,190,190,190,190
15.978056907653809,-0.00870846435405221,8.890060559198844,0.2617993877991417,0.0,-1.5632811954628754,180,190,190,190,190,190,190
15.988536596298218,-0.008775248493702058,8.881177895478237,0.2617993877991417,0.0,-1.5630692477418449,180,190,190,190,190,190,190
15.998761177062988,-0.008775248493702058,8.881177895478237,0.2617993877991417,0.0,-1.5630692477418449,180,190,180,190,190,190,190
16.009150981903076,-0.008838497556075207,8.872576581588362,0.2617993877991417,0.0,-1.5630663816418624,180,190,180,190,190,190,190
16.019343376159668,-0.008838497556075207,8.872576581588362,0.2617993877991417,0.0,-1.5630663816418624,180,190,180,190,190,190,190
16.029555559158325,-0.008838497556075207,8.872576581588362,0.2617993877991417,0.0,-1.5630663816418624,180,190,180,190,190,190,190
16.03975224494934,-0.008904773230399904,8.86397128014305,0.2617993877991417,0.0,-1.5630448603944083,180,190,180,190,190,190,190
16.049953937530518,-0.008904773230399904,8.86397128014305,0.2617993877991417,0.0,-1.5630448603944083,180,190,210,190,190,190,190
16.06016778945923,-0.008904773230399904,8.86397128014305,0.2617993877991417,0.0,-1.5630448603944083,180,190,210,190,190,190,190
16.078442335128784,-0.008904773230399904,8.86397128014305,0.2617993877991417,0.0,-1.5630448603944083,180,190,210,190,190,190,190
16.08884286880493,-0.008972760344128538,8.85509687318222,0.2617993877991417,0.0,-1.563029163459644,180,190,210,190,190,190,190
16.099080801010132,-0.008972760344128538,8.85509687318222,0.2617993877991417,0.0,-1.563029163459644,180,190,210,190,190,190,190
16.109309673309326,-0.009038801420484955,8.846473187488932,0.2617993877991417,0.0,-1.5630210392558237,180,190,190,190,190,190,190
16.119531393051147,-0.009038801420484955,8.846473187488932,0.2617993877991417,0.0,-1.5630210392558237,180,190,190,190,190,190,190
16.130231618881226,-0.009038801420484955,8.846473187488932,0.2617993877991417,0.0,-1.5630210392558237,180,190,190,190,190,190,190
16.140435695648193,-0.009104985191568998,8.83783921349508,0.2617993877991417,0.0,-1.5630142344009232,180,190,190,190,190,190,190
16.15064263343811,-0.009104985191568998,8.83783921349508,0.2617993877991417,0.0,-1.5630142344009232,180,190,190,190,190,190,190
16.160941123962402,-0.009104985191568998,8.83783921349508,0.2617993877991417,0.0,-1.5630142344009232,180,190,190,190,190,190,190
16.177260398864746,-0.009173351750802512,8.828933171908583,0.2617993877991417,0.0,-1.5630055240545901,180,190,190,190,190,190,190
16.18748712539673,-0.009173351750802512,8.828933171908583,0.2617993877991417,0.0,-1.5630055240545901,180,190,190,190,190,190,190
16.197699308395386,-0.009173351750802512,8.828933171908583,0.2617993877991417,0.0,-1.5630055240545901,180,190,190,190,190,190,190
16.207892417907715,-0.009239922687547787,8.820279003432873,0.2617993877991417,0.0,-1.5629955442994328,190,190,190,190,190,200,190
16.21808934211731,-0.009239922687547787,8.820279003432873,0.2617993877991417,0.0,-1.5629955442994328,190,190,190,190,190,200,190
16.228994369506836,-0.009239922687547787,8.820279003432873,0.2617993877991417,0.0,-1.5629955442994328,190,190,190,190,190,200,190
16.23923897743225,-0.009307143055413193,8.811614938634907,0.2617993877991417,0.0,-1.5629860402175424,190,190,190,190,190,200,190
16.249436616897583,-0.009307143055413193,8.811614938634907,0.2617993877991417,0.0,-1.5629860402175424,140,180,190,180,180,190,190
16.25962495803833,-0.009307143055413193,8.811614938634907,0.2617993877991417,0.0,-1.5629860402175424,140,180,190,180,180,190,190
16.269826889038086,-0.009307143055413193,8.811614938634907,0.2617993877991417,0.0,-1.5629860402175424,140,180,190,180,180,190,190
16.281054973602295,-0.00937731797711045,8.802679234277337,0.2617993877991417,0.0,-1.562972187189694,140,180,190,180,180,190,190
16.291292667388916,-0.00937731797711045,8.802679234277337,0.2617993877991417,0.0,-1.562972187189694,140,180,190,180,180,190,190
16.30153727531433,-0.00937731797711045,8.802679234277337,0.2617993877991417,0.0,-1.562972187189694,140,180,180,180,180,190,190
16.311744451522827,-0.009446445241718653,8.79400825491097,0.2617993877991417,0.0,-1.5629518205547543,140,180,180,180,180,190,190
16.33036160469055,-0.009446445241718653,8.79400825491097,0.2617993877991417,0.0,-1.5629518205547543,140,180,180,180,180,190,190
16.34056282043457,-0.00952037215086645,8.78535301720968,0.2617993877991417,0.0,-1.5629056253208247,140,180,180,180,180,190,190
16.35078239440918,-0.00952037215086645,8.78535301720968,0.2617993877991417,0.0,-1.5629056253208247,140,180,180,180,180,180,180
16.361003160476685,-0.00952037215086645,8.78535301720968,0.2617993877991417,0.0,-1.5629056253208247,140,180,180,180,180,180,180
16.371204137802124,-0.00952037215086645,8.78535301720968,0.2617993877991417,0.0,-1.5629056253208247,140,180,180,180,180,180,180
16.381402492523193,-0.00958885367609367,8.776478129427396,0.2617993877991417,0.0,-1.5626866901176582,140,180,180,180,180,180,180
16.391628742218018,-0.00958885367609367,8.776478129427396,0.2617993877991417,0.0,-1.5626866901176582,140,180,180,180,180,180,180
16.401894569396973,-0.00958885367609367,8.776478129427396,0.2617993877991417,0.0,-1.5626866901176582,150,180,180,180,180,190,190
16.412125825881958,-0.00965600716339008,8.767874285823149,0.2617993877991417,0.0,-1.5626982169823298,150,180,180,180,180,190,190
16.422332048416138,-0.00965600716339008,8.767874285823149,0.2617993877991417,0.0,-1.5626982169823298,150,180,180,180,180,190,190
16.432573795318604,-0.00965600716339008,8.767874285823149,0.2617993877991417,0.0,-1.5626982169823298,150,180,180,180,180,190,190
16.44276213645935,-0.009725435217823788,8.759268272785423,0.2617993877991417,0.0,-1.5626786644880202,150,180,180,180,180,190,190
16.452956676483154,-0.009725435217823788,8.759268272785423,0.2617993877991417,0.0,-1.5626786644880202,150,180,180,180,180,190,190
16.46328616142273,-0.009725435217823788,8.759268272785423,0.2617993877991417,0.0,-1.5626786644880202,180,190,190,190,180,190,190
16.473573207855225,-0.009725435217823788,8.759268272785423,0.2617993877991417,0.0,-1.5626786644880202,180,190,190,190,180,190,190
16.4845769405365,-0.00979665321821702,8.750392793929645,0.2617993877991417,0.0,-1.5626635934360738,180,190,190,190,180,190,190
16.494813680648804,-0.00979665321821702,8.750392793929645,0.2617993877991417,0.0,-1.5626635934360738,180,190,190,190,180,190,190
16.505022287368774,-0.00979665321821702,8.750392793929645,0.2617993877991417,0.0,-1.5626635934360738,180,190,190,190,180,190,190
16.515260934829712,-0.009865849586379018,8.74176787362571,0.2617993877991417,0.0,-1.56265595577463,150,180,190,180,180,190,180
16.531654357910156,-0.009865849586379018,8.74176787362571,0.2617993877991417,0.0,-1.56265595577463,150,180,190,180,180,190,180
16.54185962677002,-0.009935201111360235,8.7331327678885,0.2617993877991417,0.0,-1.5626487128419955,150,180,190,180,180,190,180
16.55206298828125,-0.009935201111360235,8.7331327678885,0.2617993877991417,0.0,-1.5626487128419955,150,180,190,180,180,190,180
16.562616109848022,-0.009935201111360235,8.7331327678885,0.2617993877991417,0.0,-1.5626487128419955,150,180,180,180,180,180,180
16.57908272743225,-0.009935201111360235,8.7331327678885,0.2617993877991417,0.0,-1.5626487128419955,150,180,180,180,180,180,180
16.589385271072388,-0.010006838105782444,8.72422554064839,0.2617993877991417,0.0,-1.562639676899962,150,180,180,180,180,180,180
16.59958291053772,-0.010006838105782444,8.72422554064839,0.2617993877991417,0.0,-1.562639676899962,150,180,180,180,180,180,180
16.609957456588745,-0.010076609669548287,8.71557024074734,0.2617993877991417,0.0,-1.5626294486183996,150,180,180,180,180,180,150
16.620238304138184,-0.010076609669548287,8.71557024074734,0.2617993877991417,0.0,-1.5626294486183996,150,180,180,180,180,180,150
16.640331745147705,-0.010147104406638024,8.706905040370712,0.2617993877991417,0.0,-1.5626198493214856,150,180,180,180,180,180,150
16.65055274963379,-0.010147104406638024,8.706905040370712,0.2617993877991417,0.0,-1.5626198493214856,150,180,180,180,180,180,150
16.66079092025757,-0.010147104406638024,8.706905040370712,0.2617993877991417,0.0,-1.5626198493214856,160,180,180,180,180,180,160
16.678319931030273,-0.010220635598671951,8.69796871125604,0.2617993877991417,0.0,-1.5626052964643518,160,180,180,180,180,180,160
16.688567638397217,-0.010220635598671951,8.69796871125604,0.2617993877991417,0.0,-1.5626052964643518,160,180,180,180,180,180,160
16.698776245117188,-0.010220635598671951,8.69796871125604,0.2617993877991417,0.0,-1.5626052964643518,180,180,180,180,180,190,180
16.70899987220764,-0.0102933451473763,8.689299134129913,0.2617993877991417,0.0,-1.5625841977158748,180,180,180,180,180,190,180
16.71927762031555,-0.0102933451473763,8.689299134129913,0.2617993877991417,0.0,-1.5625841977158748,180,180,180,180,180,190,180
16.729621410369873,-0.0102933451473763,8.689299134129913,0.2617993877991417,0.0,-1.5625841977158748,180,180,180,180,180,190,180
16.739831924438477,-0.01037058614489679,8.680646475835868,0.2617993877991417,0.0,-1.5625267491504462,180,180,180,180,180,190,180
16.75002360343933,-0.01037058614489679,8.680646475835868,0.2617993877991417,0.0,-1.5625267491504462,170,180,180,180,180,180,180
16.76021909713745,-0.01037058614489679,8.680646475835868,0.2617993877991417,0.0,-1.5625267491504462,170,180,180,180,180,180,180
16.778475522994995,-0.01037058614489679,8.680646475835868,0.2617993877991417,0.0,-1.5625267491504462,170,180,180,180,180,180,180
16.788799047470093,-0.01044125406637959,8.671778840540634,0.2617993877991417,0.0,-1.562314506556529,170,180,180,180,180,180,180
16.799013137817383,-0.01044125406637959,8.671778840540634,0.2617993877991417,0.0,-1.562314506556529,150,180,180,170,180,180,180
16.80933713912964,-0.010512108275239782,8.663172727554443,0.2617993877991417,0.0,-1.5623310195075282,150,180,180,170,180,180,180
16.8295316696167,-0.010512108275239782,8.663172727554443,0.2617993877991417,0.0,-1.5623310195075282,150,180,180,170,180,180,180
16.839765310287476,-0.010584636296199892,8.654565759200146,0.2617993877991417,0.0,-1.5623118715278201,150,180,180,170,180,180,180
16.849970817565918,-0.010584636296199892,8.654565759200146,0.2617993877991417,0.0,-1.5623118715278201,180,180,180,170,180,180,180
16.86021089553833,-0.010584636296199892,8.654565759200146,0.2617993877991417,0.0,-1.5623118715278201,180,180,180,170,180,180,180
16.878309726715088,-0.010584636296199892,8.654565759200146,0.2617993877991417,0.0,-1.5623118715278201,180,180,180,170,180,180,180
16.888655424118042,-0.01065909901215795,8.645689124276334,0.2617993877991417,0.0,-1.5622973867927674,180,180,180,170,180,180,180
16.89887809753418,-0.01065909901215795,8.645689124276334,0.2617993877991417,0.0,-1.5622973867927674,180,180,180,170,180,180,180
16.909087896347046,-0.010731460072053866,8.6370629270607,0.2617993877991417,0.0,-1.562290075435509,180,180,180,180,180,180,180
16.929843187332153,-0.010731460072053866,8.6370629270607,0.2617993877991417,0.0,-1.562290075435509,180,180,180,180,180,180,180
16.940133571624756,-0.01080398563569495,8.628426620390895,0.2617993877991417,0.0,-1.5622824640642796,180,180,180,180,180,180,180
16.95035171508789,-0.01080398563569495,8.628426620390895,0.2617993877991417,0.0,-1.5622824640642796,180,180,170,180,180,180,170
16.96056890487671,-0.01080398563569495,8.628426620390895,0.2617993877991417,0.0,-1.5622824640642796,180,180,170,180,180,180,170
16.97080683708191,-0.01080398563569495,8.628426620390895,0.2617993877991417,0.0,-1.5622824640642796,180,180,170,180,180,180,170
16.982131004333496,-0.010878901719368434,8.619518145111972,0.2617993877991417,0.0,-1.56227311805223,180,180,170,180,180,180,170
16.992329359054565,-0.010878901719368434,8.619518145111972,0.2617993877991417,0.0,-1.56227311805223,180,180,170,180,180,180,170
17.002476692199707,-0.010878901719368434,8.619518145111972,0.2617993877991417,0.0,-1.56227311805223,180,180,170,180,180,180,170
17.012715101242065,-0.010951897453733194,8.61086165074467,0.2617993877991417,0.0,-1.5622627815566401,180,180,170,180,180,190,180
17.03275966644287,-0.010951897453733194,8.61086165074467,0.2617993877991417,0.0,-1.5622627815566401,180,180,170,180,180,190,180
17.04310631752014,-0.011025664415494326,8.602195260800823,0.2617993877991417,0.0,-1.5622529498083841,180,180,170,180,180,190,180
17.053313732147217,-0.011025664415494326,8.602195260800823,0.2617993877991417,0.0,-1.5622529498083841,180,190,180,180,190,190,180
17.063516855239868,-0.011025664415494326,8.602195260800823,0.2617993877991417,0.0,-1.5622529498083841,180,190,180,180,190,190,180
17.079549551010132,-0.011102555976368677,8.593258490632145,0.2617993877991417,0.0,-1.5622378690478043,180,190,180,180,190,190,180
17.0897274017334,-0.011102555976368677,8.593258490632145,0.2617993877991417,0.0,-1.5622378690478043,180,190,180,180,190,190,180
17.099920749664307,-0.011102555976368677,8.593258490632145,0.2617993877991417,0.0,-1.5622378690478043,180,190,180,180,190,190,180
17.11012315750122,-0.011178933775445102,8.584590479812956,0.2617993877991417,0.0,-1.5622160772700695,180,190,180,180,190,190,210
17.1203830242157,-0.011178933775445102,8.584590479812956,0.2617993877991417,0.0,-1.5622160772700695,180,190,180,180,190,190,210
17.13161563873291,-0.011178933775445102,8.584590479812956,0.2617993877991417,0.0,-1.5622160772700695,180,190,180,180,190,190,210
17.141859769821167,-0.01125902714053311,8.575940703012488,0.2617993877991417,0.0,-1.5621442796584173,180,190,180,180,190,190,210
17.152069091796875,-0.01125902714053311,8.575940703012488,0.2617993877991417,0.0,-1.5621442796584173,180,180,180,180,190,190,170
17.162261962890625,-0.01125902714053311,8.575940703012488,0.2617993877991417,0.0,-1.5621442796584173,180,180,180,180,190,190,170
17.172465324401855,-0.01125902714053311,8.575940703012488,0.2617993877991417,0.0,-1.5621442796584173,180,180,180,180,190,190,170
17.182687282562256,-0.011332512607140174,8.567078937639018,0.2617993877991417,0.0,-1.5619534230120993,180,180,180,180,190,190,170
17.19288420677185,-0.011332512607140174,8.567078937639018,0.2617993877991417,0.0,-1.5619534230120993,180,180,180,180,190,190,170
17.203071355819702,-0.011332512607140174,8.567078937639018,0.2617993877991417,0.0,-1.5619534230120993,180,180,180,180,190,190,170
17.2132670879364,-0.011406826288314471,8.558471283992855,0.2617993877991417,0.0,-1.5619651125415055,180,180,180,180,190,190,170
17.22348141670227,-0.011406826288314471,8.558471283992855,0.2617993877991417,0.0,-1.5619651125415055,180,180,180,180,190,190,170
17.235365867614746,-0.011406826288314471,8.558471283992855,0.2617993877991417,0.0,-1.5619651125415055,180,180,180,180,190,190,170
17.245577812194824,-0.011482419960286153,8.549863370127696,0.2617993877991417,0.0,-1.5619454815100247,180,180,180,180,190,190,170
17.255770921707153,-0.011482419960286153,8.549863370127696,0.2617993877991417,0.0,-1.5619454815100247,180,190,170,180,180,190,160
17.265954971313477,-0.011482419960286153,8.549863370127696,0.2617993877991417,0.0,-1.5619454815100247,180,190,170,180,180,190,160
17.280156135559082,-0.011560129986590537,8.540985597189366,0.2617993877991417,0.0,-1.5619315182380042,180,190,170,180,180,190,160
17.290344715118408,-0.011560129986590537,8.540985597189366,0.2617993877991417,0.0,-1.5619315182380042,180,190,170,180,180,190,160
17.30054759979248,-0.011560129986590537,8.540985597189366,0.2617993877991417,0.0,-1.5619315182380042,180,190,170,180,180,190,160
17.31078815460205,-0.011635655748049858,8.532358200689952,0.2617993877991417,0.0,-1.5619243436849928,180,180,170,170,180,180,150
17.320982456207275,-0.011635655748049858,8.532358200689952,0.2617993877991417,0.0,-1.5619243436849928,180,180,170,170,180,180,150
17.332199573516846,-0.011635655748049858,8.532358200689952,0.2617993877991417,0.0,-1.5619243436849928,180,180,170,170,180,180,150
17.342411279678345,-0.01171135416690013,8.523720749380841,0.2617993877991417,0.0,-1.5619163815354655,180,180,170,170,180,180,150
17.35262179374695,-0.01171135416690013,8.523720749380841,0.2617993877991417,0.0,-1.5619163815354655,180,180,170,170,180,180,150
17.362839460372925,-0.01171135416690013,8.523720749380841,0.2617993877991417,0.0,-1.5619163815354655,180,180,180,180,180,190,160
17.379889249801636,-0.01171135416690013,8.523720749380841,0.2617993877991417,0.0,-1.5619163815354655,180,180,180,180,180,190,160
17.390445232391357,-0.011789548535067518,8.514811094082784,0.2617993877991417,0.0,-1.5619067007605303,180,180,180,180,180,190,160
17.400633335113525,-0.011789548535067518,8.514811094082784,0.2617993877991417,0.0,-1.5619067007605303,180,180,180,180,180,190,160
17.410885095596313,-0.011865768342522207,8.506153458252385,0.2617993877991417,0.0,-1.5618963682891995,180,180,190,180,180,190,160
17.421086311340332,-0.011865768342522207,8.506153458252385,0.2617993877991417,0.0,-1.5618963682891995,180,180,190,180,180,190,160
17.432686805725098,-0.011865768342522207,8.506153458252385,0.2617993877991417,0.0,-1.5618963682891995,180,180,190,180,180,190,160
17.44289517402649,-0.011942803752646452,8.49748596068868,0.2617993877991417,0.0,-1.5618861426195518,180,180,190,180,180,190,160
17.45310378074646,-0.011942803752646452,8.49748596068868,0.2617993877991417,0.0,-1.5618861426195518,180,190,190,180,190,190,170
17.463293313980103,-0.011942803752646452,8.49748596068868,0.2617993877991417,0.0,-1.5618861426195518,180,190,190,180,190,190,170
17.473464250564575,-0.011942803752646452,8.49748596068868,0.2617993877991417,0.0,-1.5618861426195518,180,190,190,180,190,190,170
17.48561453819275,-0.01202305031149648,8.488549024733413,0.2617993877991417,0.0,-1.5618705478833679,180,190,190,180,190,190,170
17.495885610580444,-0.01202305031149648,8.488549024733413,0.2617993877991417,0.0,-1.5618705478833679,180,190,190,180,190,190,170
17.506093740463257,-0.01202305031149648,8.488549024733413,0.2617993877991417,0.0,-1.5618705478833679,180,190,190,180,190,190,170
17.51644229888916,-0.012103149596403118,8.47988273828258,0.2617993877991417,0.0,-1.5618479375112013,180,190,190,180,190,190,170
17.533708095550537,-0.012103149596403118,8.47988273828258,0.2617993877991417,0.0,-1.5618479375112013,180,190,190,180,190,190,170
17.54394292831421,-0.012186000223279122,8.471236321657983,0.2617993877991417,0.0,-1.5617566687794813,180,190,190,180,190,190,170
17.554118871688843,-0.012186000223279122,8.471236321657983,0.2617993877991417,0.0,-1.5617566687794813,180,180,190,180,190,190,190
17.564295053482056,-0.012186000223279122,8.471236321657983,0.2617993877991417,0.0,-1.5617566687794813,180,180,190,180,190,190,190
17.580520629882812,-0.01226248540623594,8.462378448878447,0.2617993877991417,0.0,-1.5615975569093823,180,180,190,180,190,190,190
17.590751886367798,-0.01226248540623594,8.462378448878447,0.2617993877991417,0.0,-1.5615975569093823,180,180,190,180,190,190,190
17.600996255874634,-0.01226248540623594,8.462378448878447,0.2617993877991417,0.0,-1.5615975569093823,180,180,190,180,190,190,190
17.611250400543213,-0.012340154928739074,8.453770314139422,0.2617993877991417,0.0,-1.5615978524834802,180,190,190,180,190,190,190
17.630670070648193,-0.012340154928739074,8.453770314139422,0.2617993877991417,0.0,-1.5615978524834802,180,190,190,180,190,190,190
17.640924215316772,-0.012418817814840171,8.445161497984337,0.2617993877991417,0.0,-1.5615779993502856,180,190,190,180,190,190,190
17.65116000175476,-0.012418817814840171,8.445161497984337,0.2617993877991417,0.0,-1.5615779993502856,180,190,190,180,190,190,190
17.661370515823364,-0.012418817814840171,8.445161497984337,0.2617993877991417,0.0,-1.5615779993502856,180,190,190,180,190,190,190
17.671624422073364,-0.012418817814840171,8.445161497984337,0.2617993877991417,0.0,-1.5615779993502856,180,190,190,180,190,190,190
17.681852340698242,-0.012499781062040399,8.436282507055013,0.2617993877991417,0.0,-1.5615645504802045,180,190,190,180,190,190,190
17.692049264907837,-0.012499781062040399,8.436282507055013,0.2617993877991417,0.0,-1.5615645504802045,180,190,190,180,190,190,190
17.70286798477173,-0.012499781062040399,8.436282507055013,0.2617993877991417,0.0,-1.5615645504802045,180,190,190,180,190,190,190
17.713096618652344,-0.012578482615792384,8.427653862216832,0.2617993877991417,0.0,-1.561557432184715,180,190,180,180,190,190,190
17.72329616546631,-0.012578482615792384,8.427653862216832,0.2617993877991417,0.0,-1.561557432184715,180,190,180,180,190,190,190
17.73673701286316,-0.012578482615792384,8.427653862216832,0.2617993877991417,0.0,-1.561557432184715,180,190,180,180,190,190,190
17.746941804885864,-0.012657365481567389,8.419015200603752,0.2617993877991417,0.0,-1.5615491517081714,180,190,180,180,190,190,190
17.75712823867798,-0.012657365481567389,8.419015200603752,0.2617993877991417,0.0,-1.5615491517081714,180,190,180,180,190,190,200
17.767341136932373,-0.012657365481567389,8.419015200603752,0.2617993877991417,0.0,-1.5615491517081714,180,190,180,180,190,190,200
17.78291130065918,-0.012657365481567389,8.419015200603752,0.2617993877991417,0.0,-1.5615491517081714,180,190,180,180,190,190,200
17.79308032989502,-0.012738850673627079,8.410104304604136,0.2617993877991417,0.0,-1.5615391554588536,180,190,180,180,190,190,200
17.803349494934082,-0.012738850673627079,8.410104304604136,0.2617993877991417,0.0,-1.5615391554588536,180,190,180,180,190,190,200
17.813565015792847,-0.012818309095203408,8.401445456596193,0.2617993877991417,0.0,-1.561528950198071,190,190,180,180,190,190,200
17.823756456375122,-0.012818309095203408,8.401445456596193,0.2617993877991417,0.0,-1.561528950198071,190,190,180,180,190,190,200
17.83795142173767,-0.012818309095203408,8.401445456596193,0.2617993877991417,0.0,-1.561528950198071,190,190,180,180,190,190,200
17.84817409515381,-0.012898630484210211,8.392776838816419,0.2617993877991417,0.0,-1.5615183752379265,190,190,180,180,190,190,200
17.85835886001587,-0.012898630484210211,8.392776838816419,0.2617993877991417,0.0,-1.5615183752379265,190,190,180,180,190,190,200
17.86863398551941,-0.012898630484210211,8.392776838816419,0.2617993877991417,0.0,-1.5615183752379265,190,180,180,180,180,190,190
17.8838312625885,-0.01298223204816756,8.383839961191782,0.2617993877991417,0.0,-1.5615023322003365,190,180,180,180,180,190,190
17.8940908908844,-0.01298223204816756,8.383839961191782,0.2617993877991417,0.0,-1.5615023322003365,190,180,180,180,180,190,190
17.904318809509277,-0.01298223204816756,8.383839961191782,0.2617993877991417,0.0,-1.5615023322003365,180,180,180,180,180,190,190
17.914546728134155,-0.013066096513430166,8.375175521999491,0.2617993877991417,0.0,-1.561478655828618,180,180,180,180,180,190,190
17.931705474853516,-0.013066096513430166,8.375175521999491,0.2617993877991417,0.0,-1.561478655828618,180,180,180,180,180,190,190
17.941945791244507,-0.01315148004640733,8.366533074985657,0.2617993877991417,0.0,-1.561363679191492,180,180,180,180,180,190,190
17.952130556106567,-0.01315148004640733,8.366533074985657,0.2617993877991417,0.0,-1.561363679191492,180,180,180,180,180,190,190
17.962344646453857,-0.01315148004640733,8.366533074985657,0.2617993877991417,0.0,-1.561363679191492,180,180,180,180,180,190,190
17.979780912399292,-0.01315148004640733,8.366533074985657,0.2617993877991417,0.0,-1.561363679191492,180,180,180,180,180,190,190
17.990403652191162,-0.01323105735725048,8.357676996213714,0.2617993877991417,0.0,-1.5612423837870466,180,180,180,180,180,190,190
18.00071144104004,-0.01323105735725048,8.357676996213714,0.2617993877991417,0.0,-1.5612423837870466,190,180,180,180,180,190,190
18.010902881622314,-0.013312119524542339,8.34906948303819,0.2617993877991417,0.0,-1.5612301224951703,190,180,180,180,180,190,190
18.021100759506226,-0.013312119524542339,8.34906948303819,0.2617993877991417,0.0,-1.5612301224951703,190,180,180,180,180,190,190
18.031352281570435,-0.013312119524542339,8.34906948303819,0.2617993877991417,0.0,-1.5612301224951703,190,180,180,180,180,190,190
18.042213439941406,-0.013393863327611213,8.340459833524086,0.2617993877991417,0.0,-1.5612107366306165,190,180,180,180,180,190,190
18.052408933639526,-0.013393863327611213,8.340459833524086,0.2617993877991417,0.0,-1.5612107366306165,180,180,180,180,180,190,190
18.06259799003601,-0.013393863327611213,8.340459833524086,0.2617993877991417,0.0,-1.5612107366306165,180,180,180,180,180,190,190
18.07281517982483,-0.013393863327611213,8.340459833524086,0.2617993877991417,0.0,-1.5612107366306165,180,180,180,180,180,190,190
18.083021879196167,-0.013478079416134678,8.331579631364509,0.2617993877991417,0.0,-1.5611978988132453,180,180,180,180,180,190,190
18.093221426010132,-0.013478079416134678,8.331579631364509,0.2617993877991417,0.0,-1.5611978988132453,180,180,180,180,180,190,190
18.103456020355225,-0.013478079416134678,8.331579631364509,0.2617993877991417,0.0,-1.5611978988132453,180,180,180,180,180,190,190
18.113691806793213,-0.013559956495998789,8.322949804650746,0.2617993877991417,0.0,-1.5611907664353615,190,190,180,180,190,190,190
18.13041114807129,-0.013559956495998789,8.322949804650746,0.2617993877991417,0.0,-1.5611907664353615,190,190,180,180,190,190,190
18.140671253204346,-0.013642022242052229,8.314309994610337,0.2617993877991417,0.0,-1.5611821784028053,190,190,180,180,190,190,190
18.150887727737427,-0.013642022242052229,8.314309994610337,0.2617993877991417,0.0,-1.5611821784028053,190,190,180,180,190,190,190
18.161101579666138,-0.013642022242052229,8.314309994610337,0.2617993877991417,0.0,-1.5611821784028053,190,190,180,180,190,190,190
18.171309232711792,-0.013642022242052229,8.314309994610337,0.2617993877991417,0.0,-1.5611821784028053,190,190,180,180,190,190,190
18.184409618377686,-0.013726796468382601,8.305397926562534,0.2617993877991417,0.0,-1.5611718559411243,190,190,180,180,190,190,190
18.19460701942444,-0.013726796468382601,8.305397926562534,0.2617993877991417,0.0,-1.5611718559411243,190,190,180,180,190,190,190
18.20478892326355,-0.013726796468382601,8.305397926562534,0.2617993877991417,0.0,-1.5611718559411243,190,190,180,180,190,190,190
18.21506118774414,-0.013809495620720787,8.296737922811023,0.2617993877991417,0.0,-1.5611616877590528,190,190,180,190,190,190,190
18.225249528884888,-0.013809495620720787,8.296737922811023,0.2617993877991417,0.0,-1.5611616877590528,190,190,180,190,190,190,190
18.236830949783325,-0.013809495620720787,8.296737922811023,0.2617993877991417,0.0,-1.5611616877590528,190,190,180,190,190,190,190
18.247088193893433,-0.013893104572255635,8.28806829498603,0.2617993877991417,0.0,-1.5611506375972406,190,190,180,190,190,190,190
18.257287740707397,-0.013893104572255635,8.28806829498603,0.2617993877991417,0.0,-1.5611506375972406,190,190,180,190,190,190,190
18.26750421524048,-0.013893104572255635,8.28806829498603,0.2617993877991417,0.0,-1.5611506375972406,190,190,180,190,190,190,190
18.283154249191284,-0.01398004696954993,8.279131759818195,0.2617993877991417,0.0,-1.5611340280255044,190,190,180,190,190,190,190
18.29338765144348,-0.01398004696954993,8.279131759818195,0.2617993877991417,0.0,-1.5611340280255044,190,190,180,190,190,190,190
18.303582668304443,-0.01398004696954993,8.279131759818195,0.2617993877991417,0.0,-1.5611340280255044,190,190,180,190,190,190,190
18.313939094543457,-0.014067717365789233,8.270469300939169,0.2617993877991417,0.0,-1.5611087852276606,190,190,150,190,190,200,200
18.33319640159607,-0.014067717365789233,8.270469300939169,0.2617993877991417,0.0,-1.5611087852276606,190,190,150,190,190,200,200
18.34346580505371,-0.01415525938932328,8.261831680131154,0.2617993877991417,0.0,-1.5609677024312678,190,190,150,190,190,200,200
18.35365653038025,-0.01415525938932328,8.261831680131154,0.2617993877991417,0.0,-1.5609677024312678,190,190,170,190,190,200,190
18.363853216171265,-0.01415525938932328,8.261831680131154,0.2617993877991417,0.0,-1.5609677024312678,190,190,170,190,190,200,190
18.37978506088257,-0.014238156815491738,8.252975598794926,0.2617993877991417,0.0,-1.5608839327467279,190,190,170,190,190,200,190
18.38999605178833,-0.014238156815491738,8.252975598794926,0.2617993877991417,0.0,-1.5608839327467279,190,190,170,190,190,200,190
18.40024447441101,-0.014238156815491738,8.252975598794926,0.2617993877991417,0.0,-1.5608839327467279,190,190,170,190,190,200,190
18.410467386245728,-0.014322682820431216,8.244369243919389,0.2617993877991417,0.0,-1.5608622921285815,190,190,180,190,190,200,200
18.420669555664062,-0.014322682820431216,8.244369243919389,0.2617993877991417,0.0,-1.5608622921285815,190,190,180,190,190,200,200
18.433112621307373,-0.014322682820431216,8.244369243919389,0.2617993877991417,0.0,-1.5608622921285815,190,190,180,190,190,200,200
18.443331480026245,-0.014407533642166044,8.235758686350206,0.2617993877991417,0.0,-1.5608435735293613,190,190,180,190,190,200,200
18.453536987304688,-0.014407533642166044,8.235758686350206,0.2617993877991417,0.0,-1.5608435735293613,190,190,180,190,190,200,200
18.46378469467163,-0.014407533642166044,8.235758686350206,0.2617993877991417,0.0,-1.5608435735293613,190,190,130,180,190,190,190
18.4830961227417,-0.014407533642166044,8.235758686350206,0.2617993877991417,0.0,-1.5608435735293613,190,190,130,180,190,190,190
18.493292331695557,-0.014495005130608023,8.226877183532554,0.2617993877991417,0.0,-1.560831456342457,190,190,130,180,190,190,190
18.503471612930298,-0.014495005130608023,8.226877183532554,0.2617993877991417,0.0,-1.560831456342457,190,190,130,180,190,190,190
18.513700485229492,-0.014580058388242813,8.218246124475089,0.2617993877991417,0.0,-1.5608242463800432,190,190,190,190,190,190,190
18.523892164230347,-0.014580058388242813,8.218246124475089,0.2617993877991417,0.0,-1.5608242463800432,190,190,190,190,190,190,190
18.536876440048218,-0.014580058388242813,8.218246124475089,0.2617993877991417,0.0,-1.5608242463800432,190,190,190,190,190,190,190
18.547061443328857,-0.014665307383507352,8.209605102886322,0.2617993877991417,0.0,-1.5608153814687618,190,190,190,190,190,190,190
18.557273149490356,-0.014665307383507352,8.209605102886322,0.2617993877991417,0.0,-1.5608153814687618,190,190,130,190,190,200,210
18.5674889087677,-0.014665307383507352,8.209605102886322,0.2617993877991417,0.0,-1.5608153814687618,190,190,130,190,190,200,210
18.58530330657959,-0.014753371427147974,8.200691804542949,0.2617993877991417,0.0,-1.5608047589152587,190,190,130,190,190,200,210
18.59551215171814,-0.014753371427147974,8.200691804542949,0.2617993877991417,0.0,-1.5608047589152587,190,190,130,190,190,200,210
18.60571050643921,-0.014753371427147974,8.200691804542949,0.2617993877991417,0.0,-1.5608047589152587,190,190,130,190,190,200,210
18.616389513015747,-0.014839328738856508,8.192030585588935,0.2617993877991417,0.0,-1.5607946807049147,190,190,130,180,190,200,200
18.632127046585083,-0.014839328738856508,8.192030585588935,0.2617993877991417,0.0,-1.5607946807049147,190,190,130,180,190,200,200
18.6423556804657,-0.014926223608405564,8.183359960826305,0.2617993877991417,0.0,-1.5607831583355216,190,190,130,180,190,200,200
18.65260338783264,-0.014926223608405564,8.183359960826305,0.2617993877991417,0.0,-1.5607831583355216,190,190,130,180,190,200,200
18.662805318832397,-0.014926223608405564,8.183359960826305,0.2617993877991417,0.0,-1.5607831583355216,190,190,140,180,190,200,200
18.673046350479126,-0.014926223608405564,8.183359960826305,0.2617993877991417,0.0,-1.5607831583355216,190,190,140,180,190,200,200
18.686119079589844,-0.015016502418207615,8.174424003492135,0.2617993877991417,0.0,-1.5607659620966174,190,190,140,180,190,200,200
18.696367979049683,-0.015016502418207615,8.174424003492135,0.2617993877991417,0.0,-1.5607659620966174,190,190,140,180,190,200,200
18.706602334976196,-0.015108021097617715,8.165763653637365,0.2617993877991417,0.0,-1.5607379061949038,190,190,140,180,190,200,200
18.71680998802185,-0.015108021097617715,8.165763653637365,0.2617993877991417,0.0,-1.5607379061949038,190,190,140,190,190,190,200
18.72702717781067,-0.015108021097617715,8.165763653637365,0.2617993877991417,0.0,-1.5607379061949038,190,190,140,190,190,190,200
18.738404989242554,-0.015108021097617715,8.165763653637365,0.2617993877991417,0.0,-1.5607379061949038,190,190,140,190,190,190,200
18.74867534637451,-0.015197310072232422,8.157131972438332,0.2617993877991417,0.0,-1.5605715754449443,190,190,140,190,190,190,200
18.759142875671387,-0.015197310072232422,8.157131972438332,0.2617993877991417,0.0,-1.5605715754449443,190,190,150,190,190,190,200
18.769394397735596,-0.015197310072232422,8.157131972438332,0.2617993877991417,0.0,-1.5605715754449443,190,190,150,190,190,190,200
18.78123641014099,-0.015283841221308136,8.148274540181124,0.2617993877991417,0.0,-1.5605205911097888,190,190,150,190,190,190,200
18.791444778442383,-0.015283841221308136,8.148274540181124,0.2617993877991417,0.0,-1.5605205911097888,190,190,150,190,190,190,200
18.80162787437439,-0.015283841221308136,8.148274540181124,0.2617993877991417,0.0,-1.5605205911097888,190,190,130,190,190,190,190
18.81190037727356,-0.01537182875478505,8.139669218665233,0.2617993877991417,0.0,-1.5604948046118152,190,190,130,190,190,190,190
18.830087184906006,-0.01537182875478505,8.139669218665233,0.2617993877991417,0.0,-1.5604948046118152,190,190,130,190,190,190,190
18.84029984474182,-0.015459815020499729,8.131057733873224,0.2617993877991417,0.0,-1.5604766895050632,190,190,130,190,190,190,190
18.850486993789673,-0.015459815020499729,8.131057733873224,0.2617993877991417,0.0,-1.5604766895050632,190,190,130,190,190,190,190
18.860676765441895,-0.015459815020499729,8.131057733873224,0.2617993877991417,0.0,-1.5604766895050632,190,190,130,190,190,190,190
18.87088918685913,-0.015459815020499729,8.131057733873224,0.2617993877991417,0.0,-1.5604766895050632,190,190,130,190,190,190,190
18.884426832199097,-0.015550545311257638,8.122174975442906,0.2617993877991417,0.0,-1.5604652318802303,190,190,130,190,190,190,190
18.89462971687317,-0.015550545311257638,8.122174975442906,0.2617993877991417,0.0,-1.5604652318802303,190,190,130,190,190,190,190
18.904810667037964,-0.015550545311257638,8.122174975442906,0.2617993877991417,0.0,-1.5604652318802303,190,190,130,190,190,190,190
18.915006160736084,-0.015638774924888757,8.113542762187098,0.2617993877991417,0.0,-1.5604577953243022,190,190,130,190,190,190,190
18.925275087356567,-0.015638774924888757,8.113542762187098,0.2617993877991417,0.0,-1.5604577953243022,190,190,130,190,190,190,190
18.935632705688477,-0.015638774924888757,8.113542762187098,0.2617993877991417,0.0,-1.5604577953243022,190,190,130,190,190,190,190
18.94582724571228,-0.01572720684785155,8.10490059404627,0.2617993877991417,0.0,-1.5604486308479892,190,190,130,190,190,190,190
18.95601749420166,-0.01572720684785155,8.10490059404627,0.2617993877991417,0.0,-1.5604486308479892,190,190,130,190,190,190,190
18.96622347831726,-0.01572720684785155,8.10490059404627,0.2617993877991417,0.0,-1.5604486308479892,190,190,130,190,190,190,190
18.976539850234985,-0.01581856103296971,8.09598613277584,0.2617993877991417,0.0,-1.5604376984704225,190,190,130,190,190,190,190
18.986846685409546,-0.01581856103296971,8.09598613277584,0.2617993877991417,0.0,-1.5604376984704225,190,190,130,190,190,190,190
18.99709439277649,-0.01581856103296971,8.09598613277584,0.2617993877991417,0.0,-1.5604376984704225,190,190,130,190,190,190,190
19.007335901260376,-0.015907791443338797,8.087323766523316,0.2617993877991417,0.0,-1.5604277120785839,190,190,130,190,190,190,190
19.017584085464478,-0.015907791443338797,8.087323766523316,0.2617993877991417,0.0,-1.5604277120785839,190,190,120,190,190,190,190
19.03250026702881,-0.015907791443338797,8.087323766523316,0.2617993877991417,0.0,-1.5604277120785839,190,190,120,190,190,190,190
19.042718648910522,-0.015997963868406538,8.078652260214596,0.2617993877991417,0.0,-1.5604156722736922,190,190,120,190,190,190,190
19.052918910980225,-0.015997963868406538,8.078652260214596,0.2617993877991417,0.0,-1.5604156722736922,190,190,120,190,190,190,190
19.063180923461914,-0.015997963868406538,8.078652260214596,0.2617993877991417,0.0,-1.5604156722736922,190,190,180,190,190,190,190
19.081283807754517,-0.016091654661538675,8.069717161052644,0.2617993877991417,0.0,-1.560397817083584,190,190,180,190,190,190,190
19.09151601791382,-0.016091654661538675,8.069717161052644,0.2617993877991417,0.0,-1.560397817083584,190,190,180,190,190,190,190
19.10173487663269,-0.016091654661538675,8.069717161052644,0.2617993877991417,0.0,-1.560397817083584,190,190,180,190,190,190,190
19.11258554458618,-0.016186995242115074,8.06105902949667,0.2617993877991417,0.0,-1.560365584301027,190,190,180,190,190,190,190
19.12283945083618,-0.016186995242115074,8.06105902949667,0.2617993877991417,0.0,-1.560365584301027,190,190,190,190,190,190,190
19.13309407234192,-0.016186995242115074,8.06105902949667,0.2617993877991417,0.0,-1.560365584301027,190,190,190,190,190,190,190
19.143293142318726,-0.016277703042405466,8.05243437830927,0.2617993877991417,0.0,-1.5601792462620525,190,190,190,190,190,190,190
19.153494596481323,-0.016277703042405466,8.05243437830927,0.2617993877991417,0.0,-1.5601792462620525,190,190,190,190,190,190,190
19.16369938850403,-0.016277703042405466,8.05243437830927,0.2617993877991417,0.0,-1.5601792462620525,190,190,120,190,190,200,200
19.173938512802124,-0.016368207920637378,8.04357481574052,0.2617993877991417,0.0,-1.5601544920347938,190,190,120,190,190,200,200
19.186838388442993,-0.016368207920637378,8.04357481574052,0.2617993877991417,0.0,-1.5601544920347938,190,190,120,190,190,200,200
19.197099924087524,-0.016368207920637378,8.04357481574052,0.2617993877991417,0.0,-1.5601544920347938,190,190,120,190,190,200,200
19.20730948448181,-0.01645948959290165,8.03496974906528,0.2617993877991417,0.0,-1.560129030495688,190,190,120,190,190,190,190
19.21755838394165,-0.01645948959290165,8.03496974906528,0.2617993877991417,0.0,-1.560129030495688,190,190,120,190,190,190,190
19.229602813720703,-0.01645948959290165,8.03496974906528,0.2617993877991417,0.0,-1.560129030495688,190,190,120,190,190,190,190
19.239786863327026,-0.016550611998850093,8.026357220217925,0.2617993877991417,0.0,-1.5601116256658694,190,190,120,190,190,190,190
19.25001072883606,-0.016550611998850093,8.026357220217925,0.2617993877991417,0.0,-1.5601116256658694,190,190,120,190,190,190,190
19.260189533233643,-0.016550611998850093,8.026357220217925,0.2617993877991417,0.0,-1.5601116256658694,190,190,120,190,190,190,190
19.27040457725525,-0.016550611998850093,8.026357220217925,0.2617993877991417,0.0,-1.5601116256658694,190,190,120,190,190,190,190
19.285074472427368,-0.01664458759442866,8.017473120196616,0.2617993877991417,0.0,-1.5601009585514372,190,190,120,190,190,190,190
19.29528021812439,-0.01664458759442866,8.017473120196616,0.2617993877991417,0.0,-1.5601009585514372,190,190,120,190,190,190,190
19.305483102798462,-0.01664458759442866,8.017473120196616,0.2617993877991417,0.0,-1.5601009585514372,190,190,120,190,190,190,190
19.315779209136963,-0.01673597976826595,8.00883970694906,0.2617993877991417,0.0,-1.5600931960102868,190,190,180,190,190,190,190
19.332953929901123,-0.01673597976826595,8.00883970694906,0.2617993877991417,0.0,-1.5600931960102868,190,190,180,190,190,190,190
19.343166828155518,-0.016827580393960713,8.00019633023176,0.2617993877991417,0.0,-1.5600837584097813,190,190,180,190,190,190,190
19.3533718585968,-0.016827580393960713,8.00019633023176,0.2617993877991417,0.0,-1.5600837584097813,190,190,190,190,190,190,190
19.36420249938965,-0.016827580393960713,8.00019633023176,0.2617993877991417,0.0,-1.5600837584097813,190,190,190,190,190,190,190
19.38157320022583,-0.016827580393960713,8.00019633023176,0.2617993877991417,0.0,-1.5600837584097813,190,190,190,190,190,190,190
19.391775131225586,-0.0169222153077833,7.991280643758295,0.2617993877991417,0.0,-1.5600725821591488,190,190,190,190,190,190,190
19.401960134506226,-0.0169222153077833,7.991280643758295,0.2617993877991417,0.0,-1.5600725821591488,190,190,190,190,190,190,190
19.412235498428345,-0.01701471892711691,7.982617092473478,0.2617993877991417,0.0,-1.5600627366560487,190,190,190,190,190,190,190
19.430558919906616,-0.01701471892711691,7.982617092473478,0.2617993877991417,0.0,-1.5600627366560487,190,190,190,190,190,190,190
19.440833806991577,-0.01710814772505034,7.973944736226782,0.2617993877991417,0.0,-1.560050114447381,190,190,190,190,190,190,190
19.451075315475464,-0.01710814772505034,7.973944736226782,0.2617993877991417,0.0,-1.560050114447381,190,190,190,190,190,190,190
19.461339473724365,-0.01710814772505034,7.973944736226782,0.2617993877991417,0.0,-1.560050114447381,190,190,190,190,190,190,190
19.479082107543945,-0.01710814772505034,7.973944736226782,0.2617993877991417,0.0,-1.560050114447381,190,190,190,190,190,190,190
19.489413738250732,-0.017205354301875204,7.965010745301051,0.2617993877991417,0.0,-1.560031545242613,190,190,190,190,190,190,190
19.499979496002197,-0.017205354301875204,7.965010745301051,0.2617993877991417,0.0,-1.560031545242613,190,190,190,190,190,190,190
19.51018261909485,-0.017304360978367052,7.956354938807282,0.2617993877991417,0.0,-1.5599927804742952,190,190,180,190,190,190,190
19.529053688049316,-0.017304360978367052,7.956354938807282,0.2617993877991417,0.0,-1.5599927804742952,190,190,180,190,190,190,190
19.539268255233765,-0.017396472612332327,7.94773805455223,0.2617993877991417,0.0,-1.5597934331961925,190,190,180,190,190,190,190
19.549464464187622,-0.017396472612332327,7.94773805455223,0.2617993877991417,0.0,-1.5597934331961925,190,190,180,190,190,190,190
19.559826374053955,-0.017396472612332327,7.94773805455223,0.2617993877991417,0.0,-1.5597934331961925,190,190,180,190,190,190,190
19.570106744766235,-0.017396472612332327,7.94773805455223,0.2617993877991417,0.0,-1.5597934331961925,190,190,180,190,190,190,190
19.58031916618347,-0.017491054635623112,7.93887594398273,0.2617993877991417,0.0,-1.5597881571749315,190,190,180,190,190,190,190
19.590508937835693,-0.017491054635623112,7.93887594398273,0.2617993877991417,0.0,-1.5597881571749315,190,190,180,190,190,190,190
19.600685119628906,-0.017491054635623112,7.93887594398273,0.2617993877991417,0.0,-1.5597881571749315,190,190,180,190,190,190,190
19.610915422439575,-0.01758552533489963,7.930270393331353,0.2617993877991417,0.0,-1.5597649464835477,190,190,180,190,190,190,190
19.630643367767334,-0.01758552533489963,7.930270393331353,0.2617993877991417,0.0,-1.5597649464835477,190,190,180,190,190,190,190
19.640936374664307,-0.017679774155788086,7.921656802744475,0.2617993877991417,0.0,-1.559748323941932,190,190,180,190,190,190,190
19.651148080825806,-0.017679774155788086,7.921656802744475,0.2617993877991417,0.0,-1.559748323941932,190,190,180,190,190,190,190
19.661423444747925,-0.017679774155788086,7.921656802744475,0.2617993877991417,0.0,-1.559748323941932,190,190,180,190,190,190,190
19.67164182662964,-0.017679774155788086,7.921656802744475,0.2617993877991417,0.0,-1.559748323941932,190,190,190,190,190,190,190
19.68525719642639,-0.017776981979283242,7.912771404198993,0.2617993877991417,0.0,-1.5597384635692408,190,190,190,190,190,190,190
19.695525884628296,-0.017776981979283242,7.912771404198993,0.2617993877991417,0.0,-1.5597384635692408,190,190,190,190,190,190,190
19.705713510513306,-0.017776981979283242,7.912771404198993,0.2617993877991417,0.0,-1.5597384635692408,190,190,180,190,190,190,190
19.71595525741577,-0.017871523518858897,7.904136868227563,0.2617993877991417,0.0,-1.5597302597483036,190,190,180,190,190,190,190
19.72861075401306,-0.017871523518858897,7.904136868227563,0.2617993877991417,0.0,-1.5597302597483036,190,190,180,190,190,190,190
19.738832235336304,-0.017871523518858897,7.904136868227563,0.2617993877991417,0.0,-1.5597302597483036,190,190,180,190,190,190,190
19.74901556968689,-0.017966278780033748,7.89549234849446,0.2617993877991417,0.0,-1.559720535270179,190,190,180,190,190,190,190
19.759276151657104,-0.017966278780033748,7.89549234849446,0.2617993877991417,0.0,-1.559720535270179,190,190,180,190,190,190,190
19.769601345062256,-0.017966278780033748,7.89549234849446,0.2617993877991417,0.0,-1.559720535270179,190,190,180,190,190,190,190
19.779800176620483,-0.018064189145966116,7.886575503861012,0.2617993877991417,0.0,-1.5597091228857345,190,190,180,190,190,190,190
19.789974212646484,-0.018064189145966116,7.886575503861012,0.2617993877991417,0.0,-1.5597091228857345,190,190,180,190,190,190,190
19.800177097320557,-0.018064189145966116,7.886575503861012,0.2617993877991417,0.0,-1.5597091228857345,190,190,190,190,190,190,190
19.810402631759644,-0.018159951165214343,7.877910845444255,0.2617993877991417,0.0,-1.559699256636439,190,190,190,190,190,190,190
19.82063126564026,-0.018159951165214343,7.877910845444255,0.2617993877991417,0.0,-1.559699256636439,190,190,190,190,190,190,190
19.830857276916504,-0.018159951165214343,7.877910845444255,0.2617993877991417,0.0,-1.559699256636439,190,190,190,190,190,190,190
19.84102463722229,-0.01825661716359787,7.869237802586228,0.2617993877991417,0.0,-1.5596859180094698,190,190,190,190,190,190,190
19.85119390487671,-0.01825661716359787,7.869237802586228,0.2617993877991417,0.0,-1.5596859180094698,190,190,150,190,190,190,190
19.86141037940979,-0.01825661716359787,7.869237802586228,0.2617993877991417,0.0,-1.5596859180094698,190,190,150,190,190,190,190
19.87867307662964,-0.018357445442780035,7.8603051775639186,0.2617993877991417,0.0,-1.5596666230380984,190,190,150,190,190,190,190
19.88889718055725,-0.018357445442780035,7.8603051775639186,0.2617993877991417,0.0,-1.5596666230380984,190,190,150,190,190,190,190
19.899108409881592,-0.018357445442780035,7.8603051775639186,0.2617993877991417,0.0,-1.5596666230380984,190,190,150,190,190,190,190
19.909306526184082,-0.01845978075376413,7.8516518573906735,0.2617993877991417,0.0,-1.5596185021012552,190,190,150,190,190,190,190
19.919535160064697,-0.01845978075376413,7.8516518573906735,0.2617993877991417,0.0,-1.5596185021012552,190,190,150,190,190,190,190
19.932828664779663,-0.01845978075376413,7.8516518573906735,0.2617993877991417,0.0,-1.5596185021012552,190,190,150,190,190,190,190
19.943029642105103,-0.018553752170632935,7.843042655836538,0.2617993877991417,0.0,-1.5594163419913956,190,190,150,190,190,190,190
19.953229188919067,-0.018553752170632935,7.843042655836538,0.2617993877991417,0.0,-1.5594163419913956,190,190,180,190,190,190,190
19.963475465774536,-0.018553752170632935,7.843042655836538,0.2617993877991417,0.0,-1.5594163419913956,190,190,180,190,190,190,190
19.979368448257446,-0.01865229720894394,7.834177981528616,0.2617993877991417,0.0,-1.5594236846810379,190,190,180,190,190,190,190
19.98956799507141,-0.01865229720894394,7.834177981528616,0.2617993877991417,0.0,-1.5594236846810379,190,190,180,190,190,190,190
19.999788284301758,-0.01865229720894394,7.834177981528616,0.2617993877991417,0.0,-1.5594236846810379,190,190,180,190,190,190,190
20.010149478912354,-0.018749866261479366,7.825571525317905,0.2617993877991417,0.0,-1.5594027041582377,190,190,140,190,190,190,190
20.020443201065063,-0.018749866261479366,7.825571525317905,0.2617993877991417,0.0,-1.5594027041582377,190,190,140,190,190,190,190
20.030720710754395,-0.018749866261479366,7.825571525317905,0.2617993877991417,0.0,-1.5594027041582377,190,190,140,190,190,190,190
20.040907382965088,-0.01884721842568754,7.81695674568959,0.2617993877991417,0.0,-1.5593871410405526,190,190,140,190,190,190,190
20.051127195358276,-0.01884721842568754,7.81695674568959,0.2617993877991417,0.0,-1.5593871410405526,190,190,140,190,190,190,190
20.0613431930542,-0.01884721842568754,7.81695674568959,0.2617993877991417,0.0,-1.5593871410405526,190,190,140,190,190,190,190
20.079235315322876,-0.01884721842568754,7.81695674568959,0.2617993877991417,0.0,-1.5593871410405526,190,190,140,190,190,190,190
20.089584350585938,-0.018947641696620034,7.808069973080959,0.2617993877991417,0.0,-1.55937814617994,190,190,140,190,190,190,190
20.100106239318848,-0.018947641696620034,7.808069973080959,0.2617993877991417,0.0,-1.55937814617994,190,190,140,190,190,190,190
20.110307931900024,-0.019045314298206967,7.799434249994108,0.2617993877991417,0.0,-1.5593695990315282,190,190,150,190,190,190,190
20.12993288040161,-0.019045314298206967,7.799434249994108,0.2617993877991417,0.0,-1.5593695990315282,190,190,150,190,190,190,190
20.14025592803955,-0.019143206578873556,7.7907885258377805,0.2617993877991417,0.0,-1.5593596300595212,190,190,150,190,190,190,190
20.150524854660034,-0.019143206578873556,7.7907885258377805,0.2617993877991417,0.0,-1.5593596300595212,190,180,150,190,190,190,190
20.160719871520996,-0.019143206578873556,7.7907885258377805,0.2617993877991417,0.0,-1.5593596300595212,190,180,150,190,190,190,190
20.17874813079834,-0.019143206578873556,7.7907885258377805,0.2617993877991417,0.0,-1.5593596300595212,190,180,150,190,190,190,190
20.189026832580566,-0.019244382276055478,7.78187046625742,0.2617993877991417,0.0,-1.559348072371421,190,180,150,190,190,190,190
20.19922924041748,-0.019244382276055478,7.78187046625742,0.2617993877991417,0.0,-1.559348072371421,190,180,180,190,190,190,190
20.20958948135376,-0.01934338511772869,7.773204651966055,0.2617993877991417,0.0,-1.5593377115478237,190,180,180,190,190,190,190
20.219812393188477,-0.01934338511772869,7.773204651966055,0.2617993877991417,0.0,-1.5593377115478237,190,180,180,190,190,190,190
20.23002004623413,-0.01934338511772869,7.773204651966055,0.2617993877991417,0.0,-1.5593377115478237,190,180,180,190,190,190,190
20.240251541137695,-0.01944326939815358,7.764531084402828,0.2617993877991417,0.0,-1.5593236763848488,190,180,180,190,190,190,190
20.250450134277344,-0.01944326939815358,7.764531084402828,0.2617993877991417,0.0,-1.5593236763848488,190,180,180,190,190,190,190
20.260667324066162,-0.01944326939815358,7.764531084402828,0.2617993877991417,0.0,-1.5593236763848488,190,180,180,180,190,180,190
20.278753519058228,-0.01944326939815358,7.764531084402828,0.2617993877991417,0.0,-1.5593236763848488,190,180,180,180,190,180,190
20.289122104644775,-0.01954779275610446,7.755600010666636,0.2617993877991417,0.0,-1.5593036899019115,190,180,180,180,190,180,190
20.299327850341797,-0.01954779275610446,7.755600010666636,0.2617993877991417,0.0,-1.5593036899019115,180,180,170,180,190,180,190
20.30953860282898,-0.0196530026767305,7.746949455040449,0.2617993877991417,0.0,-1.559241962508057,180,180,170,180,190,180,190
20.319756031036377,-0.0196530026767305,7.746949455040449,0.2617993877991417,0.0,-1.559241962508057,180,180,170,180,190,180,190
20.331067085266113,-0.0196530026767305,7.746949455040449,0.2617993877991417,0.0,-1.559241962508057,180,180,170,180,190,180,190
20.341281175613403,-0.019749365653472267,7.738347123744775,0.2617993877991417,0.0,-1.5590503239539462,180,180,170,180,190,180,190
20.351467609405518,-0.019749365653472267,7.738347123744775,0.2617993877991417,0.0,-1.5590503239539462,180,180,160,180,190,180,190
20.362404108047485,-0.019749365653472267,7.738347123744775,0.2617993877991417,0.0,-1.5590503239539462,180,180,160,180,190,180,190
20.37853455543518,-0.019749365653472267,7.738347123744775,0.2617993877991417,0.0,-1.5590503239539462,180,180,160,180,190,180,190
20.388835191726685,-0.019851622642113775,7.729480269879396,0.2617993877991417,0.0,-1.559060221762623,180,180,160,180,190,180,190
20.399027347564697,-0.019851622642113775,7.729480269879396,0.2617993877991417,0.0,-1.559060221762623,180,180,160,180,190,180,190
20.409225940704346,-0.019952248903347968,7.720872901839203,0.2617993877991417,0.0,-1.5590400305161187,180,180,150,180,190,180,190
20.429458141326904,-0.019952248903347968,7.720872901839203,0.2617993877991417,0.0,-1.5590400305161187,180,180,150,180,190,180,190
20.439693212509155,-0.020052715558506608,7.712256987890131,0.2617993877991417,0.0,-1.5590252494003245,180,180,150,180,190,180,190
20.4498872756958,-0.020052715558506608,7.712256987890131,0.2617993877991417,0.0,-1.5590252494003245,180,180,150,180,190,180,190
20.460161924362183,-0.020052715558506608,7.712256987890131,0.2617993877991417,0.0,-1.5590252494003245,180,180,140,180,190,180,190
20.477970600128174,-0.020156365656416687,7.70336895511319,0.2617993877991417,0.0,-1.5590166563720376,180,180,140,180,190,180,190
20.488220691680908,-0.020156365656416687,7.70336895511319,0.2617993877991417,0.0,-1.5590166563720376,180,180,140,180,190,180,190
20.498416423797607,-0.020156365656416687,7.70336895511319,0.2617993877991417,0.0,-1.5590166563720376,190,180,180,190,190,180,190
20.50912594795227,-0.0202571776705683,7.694732097468259,0.2617993877991417,0.0,-1.5590077770388375,190,180,180,190,190,180,190
20.51932978630066,-0.0202571776705683,7.694732097468259,0.2617993877991417,0.0,-1.5590077770388375,190,180,180,190,190,180,190
20.52955389022827,-0.0202571776705683,7.694732097468259,0.2617993877991417,0.0,-1.5590077770388375,190,180,180,190,190,180,190
20.53977084159851,-0.020358217566394526,7.686085235823753,0.2617993877991417,0.0,-1.5589974993321398,190,180,180,190,190,180,190
20.549984455108643,-0.020358217566394526,7.686085235823753,0.2617993877991417,0.0,-1.5589974993321398,180,180,180,180,190,180,190
20.56018877029419,-0.020358217566394526,7.686085235823753,0.2617993877991417,0.0,-1.5589974993321398,180,180,180,180,190,180,190
20.578826427459717,-0.020358217566394526,7.686085235823753,0.2617993877991417,0.0,-1.5589974993321398,180,180,180,180,190,180,190
20.589207410812378,-0.02046267425473039,7.677166021059112,0.2617993877991417,0.0,-1.5589858468298945,180,180,180,180,190,180,190
20.599448680877686,-0.02046267425473039,7.677166021059112,0.2617993877991417,0.0,-1.5589858468298945,180,180,180,180,190,180,190
20.609816551208496,-0.020564918028927133,7.668499108637799,0.2617993877991417,0.0,-1.5589748784536945,190,190,180,180,190,180,190
20.62006711959839,-0.020564918028927133,7.668499108637799,0.2617993877991417,0.0,-1.5589748784536945,190,190,180,180,190,180,190
20.630308151245117,-0.020564918028927133,7.668499108637799,0.2617993877991417,0.0,-1.5589748784536945,190,190,180,180,190,180,190
20.640519380569458,-0.02066802863936754,7.6598252866874965,0.2617993877991417,0.0,-1.5589603804804304,190,190,180,180,190,180,190
20.650731563568115,-0.02066802863936754,7.6598252866874965,0.2617993877991417,0.0,-1.5589603804804304,180,190,180,180,190,180,190
20.660921335220337,-0.02066802863936754,7.6598252866874965,0.2617993877991417,0.0,-1.5589603804804304,180,190,180,180,190,180,190
20.67109966278076,-0.02066802863936754,7.6598252866874965,0.2617993877991417,0.0,-1.5589603804804304,180,190,180,180,190,180,190
20.681269645690918,-0.020776315928259466,7.650895936109364,0.2617993877991417,0.0,-1.558939710017853,180,190,180,180,190,180,190
20.69145941734314,-0.020776315928259466,7.650895936109364,0.2617993877991417,0.0,-1.558939710017853,180,190,180,180,190,180,190
20.701655864715576,-0.020776315928259466,7.650895936109364,0.2617993877991417,0.0,-1.558939710017853,190,190,190,180,190,180,190
20.711913585662842,-0.020884231150922625,7.642248551622328,0.2617993877991417,0.0,-1.558860790887411,190,190,190,180,190,180,190
20.73116683959961,-0.020884231150922625,7.642248551622328,0.2617993877991417,0.0,-1.558860790887411,190,190,190,180,190,180,190
20.741432428359985,-0.020983323230022114,7.633651337818721,0.2617993877991417,0.0,-1.5586929893805963,190,190,190,180,190,180,190
20.751700162887573,-0.020983323230022114,7.633651337818721,0.2617993877991417,0.0,-1.5586929893805963,190,190,190,180,190,180,190
20.762564659118652,-0.020983323230022114,7.633651337818721,0.2617993877991417,0.0,-1.5586929893805963,190,190,190,180,190,180,190
20.778969287872314,-0.021089068092795857,7.62478311247847,0.2617993877991417,0.0,-1.558697898356343,190,190,190,180,190,180,190
20.789177179336548,-0.021089068092795857,7.62478311247847,0.2617993877991417,0.0,-1.558697898356343,190,190,190,180,190,180,190
20.799382209777832,-0.021089068092795857,7.62478311247847,0.2617993877991417,0.0,-1.558697898356343,190,180,190,180,190,180,190
20.809776067733765,-0.021192731873971728,7.616174810803484,0.2617993877991417,0.0,-1.5586779221431921,190,180,190,180,190,180,190
20.827975273132324,-0.021192731873971728,7.616174810803484,0.2617993877991417,0.0,-1.5586779221431921,190,180,190,180,190,180,190
20.838240385055542,-0.021192731873971728,7.616174810803484,0.2617993877991417,0.0,-1.5586779221431921,190,180,190,180,190,180,190
20.849042177200317,-0.021296310889328415,7.607557690161149,0.2617993877991417,0.0,-1.5586639010726238,190,180,190,180,190,180,190
20.859341382980347,-0.021296310889328415,7.607557690161149,0.2617993877991417,0.0,-1.5586639010726238,190,180,190,180,190,180,190
20.8789279460907,-0.021296310889328415,7.607557690161149,0.2617993877991417,0.0,-1.5586639010726238,190,180,190,180,190,180,190
20.889286994934082,-0.021403185697551282,7.598668357025599,0.2617993877991417,0.0,-1.5586555550253411,190,180,190,180,190,180,190
20.899539947509766,-0.021403185697551282,7.598668357025599,0.2617993877991417,0.0,-1.5586555550253411,190,180,190,180,190,180,190
20.90973210334778,-0.021507135158867242,7.590030297489195,0.2617993877991417,0.0,-1.5586463805665627,190,180,180,190,190,180,190
20.92893958091736,-0.021507135158867242,7.590030297489195,0.2617993877991417,0.0,-1.5586463805665627,190,180,180,190,190,180,190
20.939315795898438,-0.02161132142139895,7.5813822391544265,0.2617993877991417,0.0,-1.5586358085031105,190,180,180,190,190,180,190
20.949481964111328,-0.02161132142139895,7.5813822391544265,0.2617993877991417,0.0,-1.5586358085031105,190,180,180,190,190,180,190
20.959646940231323,-0.02161132142139895,7.5813822391544265,0.2617993877991417,0.0,-1.5586358085031105,190,180,180,180,190,180,190
20.97813606262207,-0.021719062349260406,7.572461803115033,0.2617993877991417,0.0,-1.55862414434146,190,180,180,180,190,180,190
20.98836612701416,-0.021719062349260406,7.572461803115033,0.2617993877991417,0.0,-1.55862414434146,190,180,180,180,190,180,190
20.998562812805176,-0.021719062349260406,7.572461803115033,0.2617993877991417,0.0,-1.55862414434146,180,180,180,180,190,180,190
21.009084224700928,-0.021824548475682645,7.563793767932625,0.2617993877991417,0.0,-1.5586126126396134,180,180,180,180,190,180,190
21.019334077835083,-0.021824548475682645,7.563793767932625,0.2617993877991417,0.0,-1.5586126126396134,180,180,180,180,190,180,190
21.038941860198975,-0.021824548475682645,7.563793767932625,0.2617993877991417,0.0,-1.5586126126396134,180,180,180,180,190,180,190
21.049128532409668,-0.021930873408653906,7.555119907252066,0.2617993877991417,0.0,-1.5585977481131292,180,180,180,180,190,180,190
21.059314727783203,-0.021930873408653906,7.555119907252066,0.2617993877991417,0.0,-1.5585977481131292,180,180,180,180,190,180,190
21.069511651992798,-0.021930873408653906,7.555119907252066,0.2617993877991417,0.0,-1.5585977481131292,180,180,180,180,190,180,190
21.080402851104736,-0.022042955908502304,7.546192409416648,0.2617993877991417,0.0,-1.5585762381156358,180,180,180,180,190,180,190
21.090603590011597,-0.022042955908502304,7.546192409416648,0.2617993877991417,0.0,-1.5585762381156358,180,180,180,180,190,180,190
21.10080337524414,-0.022042955908502304,7.546192409416648,0.2617993877991417,0.0,-1.5585762381156358,180,180,190,170,190,180,190
21.110987424850464,-0.022153435971738526,7.537548775433524,0.2617993877991417,0.0,-1.558475929902827,180,180,190,170,190,180,190
21.121192455291748,-0.022153435971738526,7.537548775433524,0.2617993877991417,0.0,-1.558475929902827,180,180,190,170,190,180,190
21.136260509490967,-0.022153435971738526,7.537548775433524,0.2617993877991417,0.0,-1.558475929902827,180,180,190,170,190,180,190
21.14647126197815,-0.022255411379074056,7.528954511188829,0.2617993877991417,0.0,-1.558340951165312,180,180,190,170,190,180,190
21.156662940979004,-0.022255411379074056,7.528954511188829,0.2617993877991417,0.0,-1.558340951165312,180,180,190,170,190,180,190
21.166966199874878,-0.022255411379074056,7.528954511188829,0.2617993877991417,0.0,-1.558340951165312,190,190,190,170,190,190,190
21.185564517974854,-0.022255411379074056,7.528954511188829,0.2617993877991417,0.0,-1.558340951165312,190,190,190,170,190,190,190
21.195918321609497,-0.02236456369820944,7.5200861169931486,0.2617993877991417,0.0,-1.5583362988546,190,190,190,170,190,190,190
21.206106185913086,-0.02236456369820944,7.5200861169931486,0.2617993877991417,0.0,-1.5583362988546,190,180,190,170,190,190,190
21.216387271881104,-0.022471266384660408,7.511476934583541,0.2617993877991417,0.0,-1.5583165595098358,190,180,190,170,190,190,190
21.228375911712646,-0.022471266384660408,7.511476934583541,0.2617993877991417,0.0,-1.5583165595098358,190,180,190,170,190,190,190
21.238573789596558,-0.022471266384660408,7.511476934583541,0.2617993877991417,0.0,-1.5583165595098358,190,180,190,170,190,190,190
21.248756170272827,-0.0225779550721827,7.5028586426726145,0.2617993877991417,0.0,-1.5583032036778925,190,180,190,170,190,190,190
21.25895404815674,-0.0225779550721827,7.5028586426726145,0.2617993877991417,0.0,-1.5583032036778925,190,180,190,180,190,190,190
21.269153356552124,-0.0225779550721827,7.5028586426726145,0.2617993877991417,0.0,-1.5583032036778925,190,180,190,180,190,190,190
21.28338599205017,-0.022688050974447694,7.493968092715271,0.2617993877991417,0.0,-1.558294906205604,190,180,190,180,190,190,190
21.293580532073975,-0.022688050974447694,7.493968092715271,0.2617993877991417,0.0,-1.558294906205604,190,180,190,180,190,190,190
21.30376172065735,-0.022688050974447694,7.493968092715271,0.2617993877991417,0.0,-1.558294906205604,190,180,190,180,190,190,190
21.31395387649536,-0.022795134274668977,7.485328893485731,0.2617993877991417,0.0,-1.5582854198948703,190,180,190,180,190,190,190
21.3302321434021,-0.022795134274668977,7.485328893485731,0.2617993877991417,0.0,-1.5582854198948703,190,180,190,180,190,190,190
21.340429544448853,-0.02290246349852189,7.476679705061709,0.2617993877991417,0.0,-1.5582745261534463,190,180,190,180,190,190,190
21.35061550140381,-0.02290246349852189,7.476679705061709,0.2617993877991417,0.0,-1.5582745261534463,190,180,190,180,190,190,190
21.36079168319702,-0.02290246349852189,7.476679705061709,0.2617993877991417,0.0,-1.5582745261534463,190,180,190,180,190,190,190
21.37097716331482,-0.02290246349852189,7.476679705061709,0.2617993877991417,0.0,-1.5582745261534463,190,180,190,180,190,190,190
21.385344982147217,-0.02301349278920601,7.467758099532778,0.2617993877991417,0.0,-1.5582627831790807,190,180,190,180,190,190,190
21.395524740219116,-0.02301349278920601,7.467758099532778,0.2617993877991417,0.0,-1.5582627831790807,190,180,190,180,190,190,190
21.405704498291016,-0.02301349278920601,7.467758099532778,0.2617993877991417,0.0,-1.5582627831790807,190,180,190,180,190,190,190
21.415897846221924,-0.023122216680207072,7.459089046849451,0.2617993877991417,0.0,-1.5582507499385914,190,180,190,180,190,190,190
21.43338656425476,-0.023122216680207072,7.459089046849451,0.2617993877991417,0.0,-1.5582507499385914,190,180,190,180,190,190,190
21.44361639022827,-0.023231736692154954,7.450415425359621,0.2617993877991417,0.0,-1.5582355334508204,190,180,190,180,190,190,190
21.453806161880493,-0.023231736692154954,7.450415425359621,0.2617993877991417,0.0,-1.5582355334508204,190,180,190,180,190,190,190
21.463988542556763,-0.023231736692154954,7.450415425359621,0.2617993877991417,0.0,-1.5582355334508204,190,180,190,190,190,190,180
21.47419500350952,-0.023231736692154954,7.450415425359621,0.2617993877991417,0.0,-1.5582355334508204,190,180,190,190,190,190,180
21.49039578437805,-0.023347644471756315,7.441489913580495,0.2617993877991417,0.0,-1.558212815955733,190,180,190,190,190,190,180
21.50059151649475,-0.023347644471756315,7.441489913580495,0.2617993877991417,0.0,-1.558212815955733,190,180,190,190,190,190,180
21.510778427124023,-0.02346032659185473,7.4328508224502405,0.2617993877991417,0.0,-1.5580883956885991,190,190,190,180,190,190,180
21.520973205566406,-0.02346032659185473,7.4328508224502405,0.2617993877991417,0.0,-1.5580883956885991,190,190,190,180,190,190,180
21.537720203399658,-0.02346032659185473,7.4328508224502405,0.2617993877991417,0.0,-1.5580883956885991,190,190,190,180,190,190,180
21.54792332649231,-0.023565465937717987,7.4242573288291664,0.2617993877991417,0.0,-1.5579899243703001,190,190,190,180,190,190,180
21.558147192001343,-0.023565465937717987,7.4242573288291664,0.2617993877991417,0.0,-1.5579899243703001,190,190,190,180,190,190,180
21.56836748123169,-0.023565465937717987,7.4242573288291664,0.2617993877991417,0.0,-1.5579899243703001,190,180,140,180,190,190,180
21.578863859176636,-0.02367804288119482,7.415389725828753,0.2617993877991417,0.0,-1.5579749700246,190,180,140,180,190,190,180
21.589130878448486,-0.02367804288119482,7.415389725828753,0.2617993877991417,0.0,-1.5579749700246,190,180,140,180,190,190,180
21.5993230342865,-0.02367804288119482,7.415389725828753,0.2617993877991417,0.0,-1.5579749700246,190,180,140,180,190,190,180
21.609501838684082,-0.023787791523217566,7.406779613121036,0.2617993877991417,0.0,-1.5579557518654938,190,180,140,180,190,190,180
21.619689464569092,-0.023787791523217566,7.406779613121036,0.2617993877991417,0.0,-1.5579557518654938,190,180,140,170,190,190,180
21.635287761688232,-0.023787791523217566,7.406779613121036,0.2617993877991417,0.0,-1.5579557518654938,190,180,140,170,190,190,180
21.645525455474854,-0.023897587229182678,7.398160072434042,0.2617993877991417,0.0,-1.5579430992054857,190,180,140,170,190,190,180
21.655742406845093,-0.023897587229182678,7.398160072434042,0.2617993877991417,0.0,-1.5579430992054857,190,180,140,180,190,190,180
21.665947198867798,-0.023897587229182678,7.398160072434042,0.2617993877991417,0.0,-1.5579430992054857,190,180,140,180,190,190,180
21.68151354789734,-0.024010901767604866,7.389268258119343,0.2617993877991417,0.0,-1.5579347477220724,190,180,140,180,190,190,180
21.69175124168396,-0.024010901767604866,7.389268258119343,0.2617993877991417,0.0,-1.5579347477220724,190,180,140,180,190,190,180
21.70194101333618,-0.024010901767604866,7.389268258119343,0.2617993877991417,0.0,-1.5579347477220724,190,180,140,180,190,190,180
21.71213436126709,-0.024121116473113303,7.380627856154336,0.2617993877991417,0.0,-1.5579249717686094,190,180,140,180,190,190,190
21.722338438034058,-0.024121116473113303,7.380627856154336,0.2617993877991417,0.0,-1.5579249717686094,190,180,140,180,190,190,190
21.7363018989563,-0.024121116473113303,7.380627856154336,0.2617993877991417,0.0,-1.5579249717686094,190,180,140,180,190,190,190
21.746517658233643,-0.02423158668109469,7.371977480566264,0.2617993877991417,0.0,-1.557913778375127,190,180,140,180,190,190,190
21.75667929649353,-0.02423158668109469,7.371977480566264,0.2617993877991417,0.0,-1.557913778375127,190,180,140,180,190,190,190
21.76689648628235,-0.02423158668109469,7.371977480566264,0.2617993877991417,0.0,-1.557913778375127,190,180,180,180,190,190,190
21.781620025634766,-0.02423158668109469,7.371977480566264,0.2617993877991417,0.0,-1.557913778375127,190,180,180,180,190,190,190
21.7918119430542,-0.02434591939921249,7.363054642786248,0.2617993877991417,0.0,-1.5579020266932533,190,180,180,180,190,190,190
21.802016019821167,-0.02434591939921249,7.363054642786248,0.2617993877991417,0.0,-1.5579020266932533,190,180,180,190,190,190,190
21.812224864959717,-0.024457875483240094,7.354384579969345,0.2617993877991417,0.0,-1.5578895496082972,190,180,180,190,190,190,190
21.83061718940735,-0.024457875483240094,7.354384579969345,0.2617993877991417,0.0,-1.5578895496082972,190,180,180,190,190,190,190
21.840891361236572,-0.024570568113614164,7.345711427390034,0.2617993877991417,0.0,-1.557874019064058,190,180,180,190,190,190,190
21.851097106933594,-0.024570568113614164,7.345711427390034,0.2617993877991417,0.0,-1.557874019064058,190,180,180,190,190,190,190
21.861305236816406,-0.024570568113614164,7.345711427390034,0.2617993877991417,0.0,-1.557874019064058,190,180,180,190,190,190,190
21.871514320373535,-0.024570568113614164,7.345711427390034,0.2617993877991417,0.0,-1.557874019064058,190,180,180,190,190,190,190
21.88623070716858,-0.024690353684287042,7.336788029768175,0.2617993877991417,0.0,-1.5578490514241705,190,180,180,190,190,190,190
21.896471977233887,-0.024690353684287042,7.336788029768175,0.2617993877991417,0.0,-1.5578490514241705,190,180,180,190,190,190,190
21.906682014465332,-0.024804801591111966,7.328154575557878,0.2617993877991417,0.0,-1.5577003947390395,190,180,180,190,190,190,190
21.91690993309021,-0.024804801591111966,7.328154575557878,0.2617993877991417,0.0,-1.5577003947390395,190,180,180,190,190,190,190
21.928151607513428,-0.024804801591111966,7.328154575557878,0.2617993877991417,0.0,-1.5577003947390395,190,180,180,190,190,190,190
21.938385248184204,-0.024804801591111966,7.328154575557878,0.2617993877991417,0.0,-1.5577003947390395,190,180,180,190,190,190,190
21.94857430458069,-0.024913394512481816,7.319559970488403,0.2617993877991417,0.0,-1.5576368057855534,190,180,180,190,190,190,190
21.958877325057983,-0.024913394512481816,7.319559970488403,0.2617993877991417,0.0,-1.5576368057855534,190,180,180,190,190,190,190
21.96907114982605,-0.024913394512481816,7.319559970488403,0.2617993877991417,0.0,-1.5576368057855534,190,180,180,190,190,190,190
21.980181455612183,-0.025029436885448307,7.310693534680431,0.2617993877991417,0.0,-1.5576144132863854,190,180,180,190,190,190,190
21.990375995635986,-0.025029436885448307,7.310693534680431,0.2617993877991417,0.0,-1.5576144132863854,190,180,180,190,190,190,190
22.000567197799683,-0.025029436885448307,7.310693534680431,0.2617993877991417,0.0,-1.5576144132863854,190,180,180,190,190,190,190
22.010772705078125,-0.025142244448322023,7.3020825130308635,0.2617993877991417,0.0,-1.5575958169057689,190,180,180,190,190,190,190
22.02898669242859,-0.025142244448322023,7.3020825130308635,0.2617993877991417,0.0,-1.5575958169057689,190,180,180,190,190,190,190
22.03918981552124,-0.025142244448322023,7.3020825130308635,0.2617993877991417,0.0,-1.5575958169057689,190,180,180,190,190,190,190
22.049371242523193,-0.025255144517012947,7.293461766278506,0.2617993877991417,0.0,-1.5575837992210937,190,180,180,190,190,190,190
22.059649229049683,-0.025255144517012947,7.293461766278506,0.2617993877991417,0.0,-1.5575837992210937,190,180,190,190,190,190,190
22.069990158081055,-0.025255144517012947,7.293461766278506,0.2617993877991417,0.0,-1.5575837992210937,190,180,190,190,190,190,190
22.084688901901245,-0.025371672548949793,7.284568768056996,0.2617993877991417,0.0,-1.5575752331648562,190,180,190,190,190,190,190
22.09503674507141,-0.025371672548949793,7.284568768056996,0.2617993877991417,0.0,-1.5575752331648562,190,180,190,190,190,190,190
22.105313539505005,-0.025371672548949793,7.284568768056996,0.2617993877991417,0.0,-1.5575752331648562,190,180,190,190,190,190,190
22.11553168296814,-0.025485013174603596,7.275927228236573,0.2617993877991417,0.0,-1.5575651426910881,190,180,180,190,190,190,190
22.129580974578857,-0.025485013174603596,7.275927228236573,0.2617993877991417,0.0,-1.5575651426910881,190,180,180,190,190,190,190
22.13984441757202,-0.025598619228800846,7.267275732510423,0.2617993877991417,0.0,-1.5575536269097232,190,180,180,190,190,190,190
22.150034427642822,-0.025598619228800846,7.267275732510423,0.2617993877991417,0.0,-1.5575536269097232,190,180,180,190,190,190,190
22.160271883010864,-0.025598619228800846,7.267275732510423,0.2617993877991417,0.0,-1.5575536269097232,190,180,180,190,190,190,190
22.180524587631226,-0.025598619228800846,7.267275732510423,0.2617993877991417,0.0,-1.5575536269097232,190,180,180,190,190,190,190
22.19088101387024,-0.025716264264712452,7.258351728903153,0.2617993877991417,0.0,-1.5575418953211044,190,180,180,190,190,190,190
22.201093435287476,-0.025716264264712452,7.258351728903153,0.2617993877991417,0.0,-1.5575418953211044,190,180,190,190,190,190,190
22.211339473724365,-0.02583143925671951,7.249680768630936,0.2617993877991417,0.0,-1.5575289394732281,190,180,190,190,190,190,190
22.229707717895508,-0.02583143925671951,7.249680768630936,0.2617993877991417,0.0,-1.5575289394732281,190,180,190,190,190,190,190
22.23994731903076,-0.025947329489780454,7.241008359909969,0.2617993877991417,0.0,-1.5575130581289154,190,180,190,190,190,190,190
22.25018072128296,-0.025947329489780454,7.241008359909969,0.2617993877991417,0.0,-1.5575130581289154,190,190,180,190,190,190,190
22.260381937026978,-0.025947329489780454,7.241008359909969,0.2617993877991417,0.0,-1.5575130581289154,190,190,180,190,190,190,190
22.27060580253601,-0.025947329489780454,7.241008359909969,0.2617993877991417,0.0,-1.5575130581289154,190,190,180,190,190,190,190
22.290290355682373,-0.02607099977171217,7.2320872015420985,0.2617993877991417,0.0,-1.5574842681269505,190,190,180,190,190,190,190
22.30055570602417,-0.02607099977171217,7.2320872015420985,0.2617993877991417,0.0,-1.5574842681269505,190,180,180,190,190,190,190
22.310776233673096,-0.02618687177213657,7.223460536675363,0.2617993877991417,0.0,-1.5573141231961147,190,180,180,190,190,190,190
22.327993154525757,-0.02618687177213657,7.223460536675363,0.2617993877991417,0.0,-1.5573141231961147,190,180,180,190,190,190,190
22.338217973709106,-0.02618687177213657,7.223460536675363,0.2617993877991417,0.0,-1.5573141231961147,190,180,180,190,190,190,190
22.348433256149292,-0.02629921155162956,7.214863639145815,0.2617993877991417,0.0,-1.5572797556519626,190,180,180,190,190,190,190
22.3586745262146,-0.02629921155162956,7.214863639145815,0.2617993877991417,0.0,-1.5572797556519626,190,180,180,190,190,190,190
22.369024515151978,-0.02629921155162956,7.214863639145815,0.2617993877991417,0.0,-1.5572797556519626,190,180,180,190,190,190,190
22.381052255630493,-0.02641865908791214,7.205997953468826,0.2617993877991417,0.0,-1.5572545349056894,190,180,180,190,190,190,190
22.391270875930786,-0.02641865908791214,7.205997953468826,0.2617993877991417,0.0,-1.5572545349056894,190,180,180,190,190,190,190
22.401474237442017,-0.02641865908791214,7.205997953468826,0.2617993877991417,0.0,-1.5572545349056894,190,180,180,190,190,190,190
22.411694526672363,-0.02653453773243898,7.19738592776717,0.2617993877991417,0.0,-1.5572365832872348,190,180,180,190,190,190,190
22.42201280593872,-0.02653453773243898,7.19738592776717,0.2617993877991417,0.0,-1.5572365832872348,190,180,180,190,190,190,190
22.43227529525757,-0.02653453773243898,7.19738592776717,0.2617993877991417,0.0,-1.5572365832872348,190,180,180,190,190,190,190
22.442522048950195,-0.02665053947569182,7.1887638973699275,0.2617993877991417,0.0,-1.5572252827075357,190,180,180,190,190,190,190
22.452746391296387,-0.02665053947569182,7.1887638973699275,0.2617993877991417,0.0,-1.5572252827075357,190,180,180,190,190,190,190
22.462925672531128,-0.02665053947569182,7.1887638973699275,0.2617993877991417,0.0,-1.5572252827075357,190,180,180,180,180,180,190
22.477155447006226,-0.02677027725683638,7.1798696682914445,0.2617993877991417,0.0,-1.5572163952447045,190,180,180,180,180,180,190
22.48743438720703,-0.02677027725683638,7.1798696682914445,0.2617993877991417,0.0,-1.5572163952447045,190,180,180,180,180,180,190
22.49766492843628,-0.02677027725683638,7.1798696682914445,0.2617993877991417,0.0,-1.5572163952447045,190,180,180,180,180,180,190
22.508089780807495,-0.026886739876150784,7.171226928674175,0.2617993877991417,0.0,-1.5572060123469122,180,180,180,180,180,180,190
22.518404006958008,-0.026886739876150784,7.171226928674175,0.2617993877991417,0.0,-1.5572060123469122,180,180,180,180,180,180,190
22.52873659133911,-0.026886739876150784,7.171226928674175,0.2617993877991417,0.0,-1.5572060123469122,180,180,180,180,180,180,190
22.538945198059082,-0.026886739876150784,7.171226928674175,0.2617993877991417,0.0,-1.5572060123469122,180,180,180,180,180,180,190
22.549132108688354,-0.027003478594380834,7.1625742565087265,0.2617993877991417,0.0,-1.5571942139797645,180,180,180,180,180,180,190
22.559326887130737,-0.027003478594380834,7.1625742565087265,0.2617993877991417,0.0,-1.5571942139797645,180,180,180,190,180,190,190
22.569512128829956,-0.027003478594380834,7.1625742565087265,0.2617993877991417,0.0,-1.5571942139797645,180,180,180,190,180,190,190
22.582950592041016,-0.02712444984986735,7.1536490386369795,0.2617993877991417,0.0,-1.557182594649997,180,180,180,190,180,190,190
22.59316635131836,-0.02712444984986735,7.1536490386369795,0.2617993877991417,0.0,-1.557182594649997,180,180,180,190,180,190,190
22.603371381759644,-0.02712444984986735,7.1536490386369795,0.2617993877991417,0.0,-1.557182594649997,180,180,180,180,180,180,190
22.613564014434814,-0.027242832814165438,7.144977209092625,0.2617993877991417,0.0,-1.557169167991936,180,180,180,180,180,180,190
22.62378978729248,-0.027242832814165438,7.144977209092625,0.2617993877991417,0.0,-1.557169167991936,180,180,180,180,180,180,190
22.635026931762695,-0.027242832814165438,7.144977209092625,0.2617993877991417,0.0,-1.557169167991936,180,180,180,180,180,180,190
22.645238161087036,-0.027362018563010224,7.136305787152419,0.2617993877991417,0.0,-1.557152892462452,180,180,180,180,180,180,190
22.655454635620117,-0.027362018563010224,7.136305787152419,0.2617993877991417,0.0,-1.557152892462452,180,180,180,180,180,180,190
22.665682315826416,-0.027362018563010224,7.136305787152419,0.2617993877991417,0.0,-1.557152892462452,190,180,180,180,180,190,190
22.681646585464478,-0.027489445907191837,7.127386963100878,0.2617993877991417,0.0,-1.5571183634387624,190,180,180,180,180,190,190
22.6918842792511,-0.027489445907191837,7.127386963100878,0.2617993877991417,0.0,-1.5571183634387624,190,180,180,180,180,190,190
22.702080011367798,-0.027489445907191837,7.127386963100878,0.2617993877991417,0.0,-1.5571183634387624,190,180,180,190,190,190,190
22.71232295036316,-0.02760663574939467,7.11876803157979,0.2617993877991417,0.0,-1.5569325119200021,190,180,180,190,190,190,190
22.722570419311523,-0.02760663574939467,7.11876803157979,0.2617993877991417,0.0,-1.5569325119200021,190,180,180,190,190,190,190
22.734575271606445,-0.02760663574939467,7.11876803157979,0.2617993877991417,0.0,-1.5569325119200021,190,180,180,190,190,190,190
22.74479079246521,-0.027722922033452724,7.110168399274671,0.2617993877991417,0.0,-1.5569197695032464,190,180,180,190,190,190,190
22.755024909973145,-0.027722922033452724,7.110168399274671,0.2617993877991417,0.0,-1.5569197695032464,190,180,180,190,190,190,190
22.765236854553223,-0.027722922033452724,7.110168399274671,0.2617993877991417,0.0,-1.5569197695032464,190,180,180,190,190,190,190
22.778845071792603,-0.027722922033452724,7.110168399274671,0.2617993877991417,0.0,-1.5569197695032464,190,180,180,190,190,190,190
22.78905725479126,-0.02784563985630562,7.101302656089432,0.2617993877991417,0.0,-1.5568953440191065,190,180,180,190,190,190,190
22.799237728118896,-0.02784563985630562,7.101302656089432,0.2617993877991417,0.0,-1.5568953440191065,180,180,180,180,190,190,190
22.809434413909912,-0.027964602221196472,7.0926896165234306,0.2617993877991417,0.0,-1.556877984856297,180,180,180,180,190,190,190
22.819652557373047,-0.027964602221196472,7.0926896165234306,0.2617993877991417,0.0,-1.556877984856297,180,180,180,180,190,190,190
22.832396030426025,-0.027964602221196472,7.0926896165234306,0.2617993877991417,0.0,-1.556877984856297,180,180,180,180,190,190,190
22.842650175094604,-0.028083704045353056,7.08406635220118,0.2617993877991417,0.0,-1.5568673502082115,180,180,180,180,190,190,190
22.852848768234253,-0.028083704045353056,7.08406635220118,0.2617993877991417,0.0,-1.5568673502082115,180,180,180,180,190,190,190
22.86335253715515,-0.028083704045353056,7.08406635220118,0.2617993877991417,0.0,-1.5568673502082115,180,180,180,180,190,190,190
22.873648405075073,-0.028083704045353056,7.08406635220118,0.2617993877991417,0.0,-1.5568673502082115,180,180,180,180,190,190,190
22.88924479484558,-0.02820664821444414,7.075170972591329,0.2617993877991417,0.0,-1.556857995953427,180,180,180,180,190,190,190
22.899442672729492,-0.02820664821444414,7.075170972591329,0.2617993877991417,0.0,-1.556857995953427,180,180,180,180,190,190,190
22.90966272354126,-0.02832622918090127,7.066527098809425,0.2617993877991417,0.0,-1.5568472966040927,180,180,180,180,190,190,190
22.92008948326111,-0.02832622918090127,7.066527098809425,0.2617993877991417,0.0,-1.5568472966040927,180,190,180,190,180,180,180
22.937808752059937,-0.02832622918090127,7.066527098809425,0.2617993877991417,0.0,-1.5568472966040927,180,190,180,190,180,180,180
22.94802212715149,-0.028446101378132242,7.057873311636732,0.2617993877991417,0.0,-1.5568352313127543,180,190,180,190,180,180,180
22.958235025405884,-0.028446101378132242,7.057873311636732,0.2617993877991417,0.0,-1.5568352313127543,180,190,180,190,180,180,180
22.968616724014282,-0.028446101378132242,7.057873311636732,0.2617993877991417,0.0,-1.5568352313127543,180,180,180,180,180,180,180
22.987008094787598,-0.028570395957517713,7.048946949765332,0.2617993877991417,0.0,-1.5568236137988496,180,180,180,180,180,180,180
22.997225522994995,-0.028570395957517713,7.048946949765332,0.2617993877991417,0.0,-1.5568236137988496,180,180,180,180,180,180,180
23.007451057434082,-0.02869197941849792,7.0402744044357,0.2617993877991417,0.0,-1.5568097929224671,180,180,180,180,180,180,180
23.01765751838684,-0.02869197941849792,7.0402744044357,0.2617993877991417,0.0,-1.5568097929224671,180,180,180,180,180,180,180
23.034974813461304,-0.02869197941849792,7.0402744044357,0.2617993877991417,0.0,-1.5568097929224671,180,180,180,180,180,180,180
23.045199155807495,-0.02881458304178494,7.031604234320315,0.2617993877991417,0.0,-1.5567930444408842,180,180,180,180,180,180,180
23.055411100387573,-0.02881458304178494,7.031604234320315,0.2617993877991417,0.0,-1.5567930444408842,180,180,180,180,180,180,180
23.065629959106445,-0.02881458304178494,7.031604234320315,0.2617993877991417,0.0,-1.5567930444408842,180,180,180,180,180,180,180
23.081331968307495,-0.028945449689933057,7.022687884232626,0.2617993877991417,0.0,-1.5567503554966589,180,180,180,180,180,180,180
23.091549158096313,-0.028945449689933057,7.022687884232626,0.2617993877991417,0.0,-1.5567503554966589,180,180,180,180,180,180,180
23.101759672164917,-0.028945449689933057,7.022687884232626,0.2617993877991417,0.0,-1.5567503554966589,180,180,180,180,180,180,180
23.111953258514404,-0.0290642938149828,7.014076939917658,0.2617993877991417,0.0,-1.5565572662716405,180,180,180,180,180,180,180
23.12218999862671,-0.0290642938149828,7.014076939917658,0.2617993877991417,0.0,-1.5565572662716405,180,180,180,180,180,180,180
23.133636713027954,-0.0290642938149828,7.014076939917658,0.2617993877991417,0.0,-1.5565572662716405,180,180,180,180,180,180,180
23.14382815361023,-0.0290642938149828,7.014076939917658,0.2617993877991417,0.0,-1.5565572662716405,180,180,180,180,180,180,180
23.15400528907776,-0.0291844379310141,7.005474446164907,0.2617993877991417,0.0,-1.5565590739607422,180,180,180,180,180,180,180
23.16419744491577,-0.0291844379310141,7.005474446164907,0.2617993877991417,0.0,-1.5565590739607422,180,180,180,180,180,180,180
23.179015636444092,-0.0291844379310141,7.005474446164907,0.2617993877991417,0.0,-1.5565590739607422,180,180,180,180,180,180,180
23.189359664916992,-0.029310362745213023,6.9966079573971385,0.2617993877991417,0.0,-1.5565360188619877,180,180,180,180,180,180,180
23.199577808380127,-0.029310362745213023,6.9966079573971385,0.2617993877991417,0.0,-1.5565360188619877,180,180,180,180,180,180,180
23.20979642868042,-0.029432418610646556,6.987993823167046,0.2617993877991417,0.0,-1.5565192297364951,180,170,180,180,180,180,180
23.228975772857666,-0.029432418610646556,6.987993823167046,0.2617993877991417,0.0,-1.5565192297364951,180,170,180,180,180,180,180
23.239304780960083,-0.029554624173582254,6.979369272563719,0.2617993877991417,0.0,-1.5565091522511194,180,170,180,180,180,180,180
23.249492645263672,-0.029554624173582254,6.979369272563719,0.2617993877991417,0.0,-1.5565091522511194,180,170,180,180,180,180,180
23.25986957550049,-0.029554624173582254,6.979369272563719,0.2617993877991417,0.0,-1.5565091522511194,180,170,180,180,180,180,180
23.270135402679443,-0.029554624173582254,6.979369272563719,0.2617993877991417,0.0,-1.5565091522511194,180,170,180,180,180,180,180
23.280340671539307,-0.029680779333536723,6.97047268310418,0.2617993877991417,0.0,-1.5564993334546506,180,170,180,180,180,180,180
23.290530920028687,-0.029680779333536723,6.97047268310418,0.2617993877991417,0.0,-1.5564993334546506,180,170,180,180,180,180,180
23.30076551437378,-0.029680779333536723,6.97047268310418,0.2617993877991417,0.0,-1.5564993334546506,180,170,180,180,180,180,180
23.310975313186646,-0.029803483257975424,6.96182761432844,0.2617993877991417,0.0,-1.5564883326393915,180,170,180,180,180,180,180
23.329626083374023,-0.029803483257975424,6.96182761432844,0.2617993877991417,0.0,-1.5564883326393915,180,170,180,180,180,180,180
23.33989715576172,-0.029926506479134612,6.953172656084089,0.2617993877991417,0.0,-1.5564760629699423,180,170,180,180,180,180,180
23.35006809234619,-0.029926506479134612,6.953172656084089,0.2617993877991417,0.0,-1.5564760629699423,180,170,180,180,180,180,180
23.36026430130005,-0.029926506479134612,6.953172656084089,0.2617993877991417,0.0,-1.5564760629699423,180,170,180,180,180,180,180
23.370512008666992,-0.029926506479134612,6.953172656084089,0.2617993877991417,0.0,-1.5564760629699423,180,170,180,180,180,180,180
23.380748987197876,-0.03005412209970288,6.944245082477334,0.2617993877991417,0.0,-1.556464358371731,180,170,180,180,180,180,180
23.390952110290527,-0.03005412209970288,6.944245082477334,0.2617993877991417,0.0,-1.556464358371731,180,170,180,180,180,180,180
23.401174068450928,-0.03005412209970288,6.944245082477334,0.2617993877991417,0.0,-1.556464358371731,180,170,180,140,180,180,180
23.411404848098755,-0.030178906083182168,6.935571967286661,0.2617993877991417,0.0,-1.556450415874584,180,170,180,140,180,180,180
23.428327798843384,-0.030178906083182168,6.935571967286661,0.2617993877991417,0.0,-1.556450415874584,180,170,180,140,180,180,180
23.43854546546936,-0.030178906083182168,6.935571967286661,0.2617993877991417,0.0,-1.556450415874584,180,170,180,140,180,180,180
23.448753118515015,-0.03030503377467675,6.926903240869509,0.2617993877991417,0.0,-1.5564332221079922,180,170,180,180,180,180,180
23.458955764770508,-0.03030503377467675,6.926903240869509,0.2617993877991417,0.0,-1.5564332221079922,180,170,180,180,180,180,180
23.469247817993164,-0.03030503377467675,6.926903240869509,0.2617993877991417,0.0,-1.5564332221079922,180,170,180,180,180,180,180
23.47953200340271,-0.03043892321413042,6.917989574378051,0.2617993877991417,0.0,-1.5563800893272814,180,170,180,180,180,180,180
23.489734411239624,-0.03043892321413042,6.917989574378051,0.2617993877991417,0.0,-1.5563800893272814,180,170,180,180,180,180,180
23.499961853027344,-0.03043892321413042,6.917989574378051,0.2617993877991417,0.0,-1.5563800893272814,180,170,180,140,180,180,180
23.510167598724365,-0.03056001027356945,6.909386001891582,0.2617993877991417,0.0,-1.5561919951179426,180,170,180,140,180,180,180
23.520371675491333,-0.03056001027356945,6.909386001891582,0.2617993877991417,0.0,-1.5561919951179426,180,170,180,140,180,180,180
23.531333684921265,-0.03056001027356945,6.909386001891582,0.2617993877991417,0.0,-1.5561919951179426,180,170,180,140,180,180,180
23.54153847694397,-0.030683747570841042,6.900780856384917,0.2617993877991417,0.0,-1.5562005604075229,180,170,180,140,180,180,180
23.55173134803772,-0.030683747570841042,6.900780856384917,0.2617993877991417,0.0,-1.5562005604075229,180,170,180,140,180,180,180
23.561949014663696,-0.030683747570841042,6.900780856384917,0.2617993877991417,0.0,-1.5562005604075229,180,170,180,140,180,180,180
23.5721378326416,-0.030683747570841042,6.900780856384917,0.2617993877991417,0.0,-1.5562005604075229,180,170,180,140,180,180,180
23.583895444869995,-0.030812832296920913,6.891913425594858,0.2617993877991417,0.0,-1.5561779758716332,180,170,180,140,180,180,180
23.594104051589966,-0.030812832296920913,6.891913425594858,0.2617993877991417,0.0,-1.5561779758716332,180,170,180,140,180,180,180
23.604312658309937,-0.030812832296920913,6.891913425594858,0.2617993877991417,0.0,-1.5561779758716332,180,170,180,140,180,180,180
23.614503860473633,-0.030937973361629116,6.883298225500721,0.2617993877991417,0.0,-1.5561616181815638,180,170,180,140,180,180,180
23.624786376953125,-0.030937973361629116,6.883298225500721,0.2617993877991417,0.0,-1.5561616181815638,180,170,180,140,180,180,180
23.638170957565308,-0.030937973361629116,6.883298225500721,0.2617993877991417,0.0,-1.5561616181815638,180,170,180,140,180,180,180
23.64836621284485,-0.031063276779324415,6.874672475036348,0.2617993877991417,0.0,-1.5561518044753855,180,170,180,140,180,180,180
23.658557891845703,-0.031063276779324415,6.874672475036348,0.2617993877991417,0.0,-1.5561518044753855,180,170,180,140,180,180,180
23.668779611587524,-0.031063276779324415,6.874672475036348,0.2617993877991417,0.0,-1.5561518044753855,180,180,180,140,180,180,180
23.683065176010132,-0.031063276779324415,6.874672475036348,0.2617993877991417,0.0,-1.5561518044753855,180,180,180,140,180,180,180
23.693395376205444,-0.031192632867608594,6.865774731834344,0.2617993877991417,0.0,-1.5561415661839026,180,180,180,140,180,180,180
23.70361876487732,-0.031192632867608594,6.865774731834344,0.2617993877991417,0.0,-1.5561415661839026,180,170,180,140,130,180,180
23.713796854019165,-0.03131845228630658,6.857128534032874,0.2617993877991417,0.0,-1.5561302325465236,180,170,180,140,130,180,180
23.72400951385498,-0.03131845228630658,6.857128534032874,0.2617993877991417,0.0,-1.5561302325465236,180,170,180,140,130,180,180
23.73524308204651,-0.03131845228630658,6.857128534032874,0.2617993877991417,0.0,-1.5561302325465236,180,170,180,140,130,180,180
23.745454788208008,-0.0314446313061817,6.848472461113241,0.2617993877991417,0.0,-1.5561178459813947,180,170,180,140,130,180,180
23.755659103393555,-0.0314446313061817,6.848472461113241,0.2617993877991417,0.0,-1.5561178459813947,180,170,130,130,180,180,180
23.76586389541626,-0.0314446313061817,6.848472461113241,0.2617993877991417,0.0,-1.5561178459813947,180,170,130,130,180,180,180
23.776079893112183,-0.03157554455769866,6.839543744687782,0.2617993877991417,0.0,-1.5561059344761619,180,170,130,130,180,180,180
23.786818265914917,-0.03157554455769866,6.839543744687782,0.2617993877991417,0.0,-1.5561059344761619,180,170,130,130,180,180,180
23.79702091217041,-0.03157554455769866,6.839543744687782,0.2617993877991417,0.0,-1.5561059344761619,180,170,130,130,180,180,180
23.80722975730896,-0.031703516651721886,6.8308703175445995,0.2617993877991417,0.0,-1.556091981369704,170,160,130,110,180,180,140
23.81742811203003,-0.031703516651721886,6.8308703175445995,0.2617993877991417,0.0,-1.556091981369704,170,160,130,110,180,180,140
23.83063817024231,-0.031703516651721886,6.8308703175445995,0.2617993877991417,0.0,-1.556091981369704,170,160,130,110,180,180,140
23.84086847305298,-0.031833234920345066,6.822203209652475,0.2617993877991417,0.0,-1.5560743288893042,170,160,130,110,180,180,140
23.85107135772705,-0.031833234920345066,6.822203209652475,0.2617993877991417,0.0,-1.5560743288893042,170,180,130,120,120,130,140
23.86126971244812,-0.031833234920345066,6.822203209652475,0.2617993877991417,0.0,-1.5560743288893042,170,180,130,120,120,130,140
23.879727125167847,-0.031833234920345066,6.822203209652475,0.2617993877991417,0.0,-1.5560743288893042,170,180,130,120,120,130,140
23.89005446434021,-0.03196986789843128,6.81329260193513,0.2617993877991417,0.0,-1.5560067169337433,170,180,130,120,120,130,140
23.900237321853638,-0.03196986789843128,6.81329260193513,0.2617993877991417,0.0,-1.5560067169337433,180,180,180,120,180,180,140
23.910427570343018,-0.03209369595816891,6.804694867757769,0.2617993877991417,0.0,-1.555835914897471,180,180,180,120,180,180,140
23.920615911483765,-0.03209369595816891,6.804694867757769,0.2617993877991417,0.0,-1.555835914897471,180,180,180,120,180,180,140
23.93443465232849,-0.03209369595816891,6.804694867757769,0.2617993877991417,0.0,-1.555835914897471,180,180,180,120,180,180,140
23.94463324546814,-0.03222079281760228,6.7960878224480545,0.2617993877991417,0.0,-1.5558433308854334,180,180,180,120,180,180,140
23.95490574836731,-0.03222079281760228,6.7960878224480545,0.2617993877991417,0.0,-1.5558433308854334,170,180,180,120,120,180,140
23.965107679367065,-0.03222079281760228,6.7960878224480545,0.2617993877991417,0.0,-1.5558433308854334,170,180,180,120,120,180,140
23.975270748138428,-0.03235298661369527,6.787219420772484,0.2617993877991417,0.0,-1.5558209870251494,170,180,180,120,120,180,140
23.98547053337097,-0.03235298661369527,6.787219420772484,0.2617993877991417,0.0,-1.5558209870251494,170,180,180,120,120,180,140
23.99564218521118,-0.03235298661369527,6.787219420772484,0.2617993877991417,0.0,-1.5558209870251494,170,180,180,120,120,180,140
24.0058376789093,-0.03235298661369527,6.787219420772484,0.2617993877991417,0.0,-1.5558209870251494,170,180,180,120,120,180,140
24.016066551208496,-0.032481197820488715,6.778603054218757,0.2617993877991417,0.0,-1.5558051958073706,170,180,180,110,120,180,180
24.026301622390747,-0.032481197820488715,6.778603054218757,0.2617993877991417,0.0,-1.5558051958073706,170,180,180,110,120,180,180
24.03687596321106,-0.032481197820488715,6.778603054218757,0.2617993877991417,0.0,-1.5558051958073706,170,180,180,110,120,180,180
24.047064065933228,-0.03260959107393484,6.769976047036737,0.2617993877991417,0.0,-1.5557956273388585,170,180,180,110,120,180,180
24.05723738670349,-0.03260959107393484,6.769976047036737,0.2617993877991417,0.0,-1.5557956273388585,180,180,180,120,180,130,180
24.067444562911987,-0.03260959107393484,6.769976047036737,0.2617993877991417,0.0,-1.5557956273388585,180,180,180,120,180,130,180
24.080528497695923,-0.03260959107393484,6.769976047036737,0.2617993877991417,0.0,-1.5557956273388585,180,180,180,120,180,130,180
24.090808629989624,-0.0327421391159467,6.7610770788337895,0.2617993877991417,0.0,-1.5557850435904566,180,180,180,120,180,130,180
24.101374864578247,-0.0327421391159467,6.7610770788337895,0.2617993877991417,0.0,-1.5557850435904566,180,180,180,120,180,130,180
24.11168098449707,-0.032871065773096717,6.752429692050949,0.2617993877991417,0.0,-1.5557734098844838,180,180,130,120,180,180,180
24.121896028518677,-0.032871065773096717,6.752429692050949,0.2617993877991417,0.0,-1.5557734098844838,180,180,130,120,180,180,180
24.135746240615845,-0.032871065773096717,6.752429692050949,0.2617993877991417,0.0,-1.5557734098844838,180,180,130,120,180,180,180
24.146034479141235,-0.03300039470475674,6.743772441204248,0.2617993877991417,0.0,-1.555761067969486,180,180,130,120,180,180,180
24.156216382980347,-0.03300039470475674,6.743772441204248,0.2617993877991417,0.0,-1.555761067969486,180,180,130,120,180,180,180
24.166494369506836,-0.03300039470475674,6.743772441204248,0.2617993877991417,0.0,-1.555761067969486,180,180,140,120,180,180,180
24.177092790603638,-0.03313460122162632,6.734842559196646,0.2617993877991417,0.0,-1.5557488166273794,180,180,140,120,180,180,180
24.18728995323181,-0.03313460122162632,6.734842559196646,0.2617993877991417,0.0,-1.5557488166273794,180,180,140,120,180,180,180
24.197476863861084,-0.03313460122162632,6.734842559196646,0.2617993877991417,0.0,-1.5557488166273794,180,180,140,120,180,180,180
24.207690954208374,-0.033265744435984165,6.72616903075499,0.2617993877991417,0.0,-1.5557348424762392,180,180,180,120,180,180,180
24.21788263320923,-0.033265744435984165,6.72616903075499,0.2617993877991417,0.0,-1.5557348424762392,180,180,180,120,180,180,180
24.23380756378174,-0.033265744435984165,6.72616903075499,0.2617993877991417,0.0,-1.5557348424762392,180,180,180,120,180,180,180
24.244020223617554,-0.033399088372879616,6.717503671823534,0.2617993877991417,-0.06981317007977111,-1.555716625398824,180,180,180,120,180,180,180
24.254233837127686,-0.033399088372879616,6.717503671823534,0.2617993877991417,-0.06981317007977111,-1.555716625398824,180,180,180,120,180,140,180
24.26442289352417,-0.033399088372879616,6.717503671823534,0.2617993877991417,-0.17453292519942779,-1.555716625398824,180,180,180,120,180,140,180
24.28254747390747,-0.033399088372879616,6.717503671823534,0.2617993877991417,-0.17453292519942779,-1.555716625398824,180,180,180,120,180,140,180
24.292791604995728,-0.033538417057393834,6.708596642986768,0.2617993877991417,-0.31415926535897,-1.5556304057283323,180,180,180,120,180,140,180
24.302977323532104,-0.033538417057393834,6.708596642986768,0.2617993877991417,-0.31415926535897,-1.5556304057283323,180,180,180,120,180,140,180
24.313255310058594,-0.033669204092223154,6.699986061382003,0.2617993877991417,-0.31415926535897,-1.5545504896164972,180,180,180,120,180,180,180
24.331587076187134,-0.033669204092223154,6.699986061382003,0.2617993877991417,-0.31415926535897,-1.5545504896164972,180,180,180,120,180,180,180
24.341808557510376,-0.03382124079818664,6.691387413368524,0.20943951023931331,-0.34906585039885557,-1.5501276845506269,180,180,180,120,180,180,180
24.352015495300293,-0.03382124079818664,6.691387413368524,0.13962634015954223,-0.36651914291879834,-1.5501276845506269,180,180,180,120,180,180,180
24.362274646759033,-0.03382124079818664,6.691387413368524,0.06981317007977111,-0.43633231299856945,-1.5501276845506269,180,180,180,130,180,180,180
24.372607469558716,-0.03382124079818664,6.691387413368524,0.06981317007977111,-0.43633231299856945,-1.5501276845506269,180,180,180,130,180,180,180
24.382855892181396,-0.0340247737689087,6.682883397292408,0.01745329251994278,-0.43633231299856945,-1.5432823039359833,180,180,180,130,180,180,180
24.393070459365845,-0.0340247737689087,6.682883397292408,0.01745329251994278,-0.43633231299856945,-1.5432823039359833,180,180,180,130,180,180,180
24.403329372406006,-0.0340247737689087,6.682883397292408,0.0,-0.43633231299856945,-1.5432823039359833,180,180,180,130,180,180,180
24.413567543029785,-0.03425659770527786,6.67534353130482,0.0,-0.43633231299856945,-1.5366082023632543,180,180,180,130,180,180,180
24.423815488815308,-0.03425659770527786,6.67534353130482,0.0,-0.43633231299856945,-1.5366082023632543,180,180,180,130,180,180,180
24.434072017669678,-0.03425659770527786,6.67534353130482,0.0,-0.43633231299856945,-1.5366082023632543,180,180,180,130,180,180,180
24.44429349899292,-0.03449970089823882,6.668740964870054,0.0,-0.43633231299856945,-1.5311608258628113,180,180,180,130,180,180,180
24.454496383666992,-0.03449970089823882,6.668740964870054,0.0,-0.43633231299856945,-1.5311608258628113,180,180,180,130,180,180,180
24.464715003967285,-0.03449970089823882,6.668740964870054,0.0,-0.43633231299856945,-1.5311608258628113,180,180,180,130,180,180,180
24.474898099899292,-0.0347411779344785,6.662966805398922,0.0,-0.43633231299856945,-1.5265349969990085,180,180,180,130,180,180,180
24.485138654708862,-0.0347411779344785,6.662966805398922,0.0,-0.43633231299856945,-1.5265349969990085,180,180,180,130,180,180,180
24.496863842010498,-0.0347411779344785,6.662966805398922,0.0,-0.43633231299856945,-1.5265349969990085,180,180,180,130,180,180,180
24.507042169570923,-0.03495295164727545,6.658365118102351,0.0,-0.43633231299856945,-1.5225869859084522,180,180,180,130,180,180,180
24.51719641685486,-0.03495295164727545,6.658365118102351,0.0,-0.43633231299856945,-1.5225869859084522,180,180,180,130,180,180,180
24.527409315109253,-0.03495295164727545,6.658365118102351,0.0,-0.43633231299856945,-1.5225869859084522,180,180,110,130,180,180,180
24.541565895080566,-0.03495295164727545,6.658365118102351,0.0,-0.43633231299856945,-1.5225869859084522,180,180,110,130,180,180,180
24.551777601242065,-0.03513169579822607,6.654766231186805,0.0,-0.43633231299856945,-1.519102134006883,180,180,110,130,180,180,180
24.56197500228882,-0.03513169579822607,6.654766231186805,0.0,-0.43633231299856945,-1.519102134006883,180,180,110,130,180,180,180
24.572200059890747,-0.03513169579822607,6.654766231186805,0.0,-0.43633231299856945,-1.519102134006883,190,180,100,130,180,180,180
24.585569381713867,-0.03527257650674016,6.65210312856601,0.0,-0.43633231299856945,-1.5158925740562441,190,180,100,130,180,180,180
24.59575867652893,-0.03527257650674016,6.65210312856601,0.0,-0.43633231299856945,-1.5158925740562441,190,180,100,130,180,180,180
24.605934143066406,-0.03527257650674016,6.65210312856601,0.0,-0.43633231299856945,-1.5158925740562441,190,180,100,130,180,180,180
24.616186380386353,-0.03536597285840257,6.650452048982688,0.0,-0.43633231299856945,-1.512389702840239,190,180,100,130,180,180,180
24.63089919090271,-0.03536597285840257,6.650452048982688,0.0,-0.43633231299856945,-1.512389702840239,190,180,100,130,180,180,180
24.641101121902466,-0.035431667427654544,6.6493630048143695,0.0,-0.43633231299856945,-1.5049633051727436,190,180,100,130,180,180,180
24.65129327774048,-0.035431667427654544,6.6493630048143695,0.0,0.0,-1.5049633051727436,190,180,100,130,180,180,180
24.661479473114014,-0.035431667427654544,6.6493630048143695,0.0,0.0,-1.5049633051727436,190,180,100,130,180,180,180
24.6716730594635,-0.035431667427654544,6.6493630048143695,0.0,0.0,-1.5049633051727436,190,180,100,130,180,180,180
24.684720993041992,-0.03547033944885025,6.648791565023351,0.0,0.0,-1.4931838386743959,190,180,100,130,180,180,180
24.694936513900757,-0.03547033944885025,6.648791565023351,-0.03490658503988556,0.0,-1.4931838386743959,190,180,100,130,180,180,180
24.705206632614136,-0.03547033944885025,6.648791565023351,-0.03490658503988556,0.0,-1.4931838386743959,180,180,110,180,180,180,180
24.715421676635742,-0.03548703827003782,6.648552014799803,-0.06981317007977111,0.0,-1.4846659411528156,180,180,110,180,180,180,180
24.727376461029053,-0.03548703827003782,6.648552014799803,-0.10471975511965666,0.0,-1.4846659411528156,180,180,110,180,180,180,180
24.737624168395996,-0.03548703827003782,6.648552014799803,-0.10471975511965666,0.0,-1.4846659411528156,180,180,110,180,180,180,180
24.7478449344635,-0.035463324301609554,6.648793910203324,-0.157079632679485,0.0,-1.479772216837641,180,180,110,180,180,180,180
24.75803518295288,-0.035463324301609554,6.648793910203324,-0.2268928027592561,0.0,-1.479772216837641,180,180,110,180,180,140,180
24.7682626247406,-0.035463324301609554,6.648793910203324,-0.2268928027592561,0.0,-1.479772216837641,180,180,110,180,180,140,180
24.78090786933899,-0.035463324301609554,6.648793910203324,-0.2268928027592561,0.0,-1.479772216837641,180,180,110,180,180,140,180
24.791106939315796,-0.03536730517463222,6.6498154355074846,-0.2617993877991417,0.0,-1.4762315986947236,180,180,110,180,180,140,180
24.801316499710083,-0.03536730517463222,6.6498154355074846,-0.2617993877991417,0.0,-1.4762315986947236,180,180,110,180,180,140,180
24.811563730239868,-0.03519293946823772,6.651615231502435,-0.2617993877991417,0.0,-1.473725872802266,180,180,110,180,180,140,180
24.831099033355713,-0.03519293946823772,6.651615231502435,-0.2617993877991417,0.0,-1.473725872802266,180,180,110,180,180,140,180
24.841352701187134,-0.03493953181791607,6.6541932681854306,-0.2617993877991417,0.0,-1.4728085361702907,180,180,110,180,180,140,180
24.85157084465027,-0.03493953181791607,6.6541932681854306,-0.2617993877991417,0.0,-1.4728085361702907,180,180,120,180,180,140,180
24.861764669418335,-0.03493953181791607,6.6541932681854306,-0.2617993877991417,0.0,-1.4728085361702907,180,180,120,180,180,140,180
24.87195372581482,-0.03493953181791607,6.6541932681854306,-0.2617993877991417,0.0,-1.4728085361702907,180,180,120,180,180,140,180
24.883081674575806,-0.034603007906728524,6.657630127165882,-0.2617993877991417,0.0,-1.474466785412061,180,180,120,180,180,140,180
24.893281936645508,-0.034603007906728524,6.657630127165882,-0.2617993877991417,0.0,-1.474466785412061,180,180,120,180,180,140,180
24.903475046157837,-0.034603007906728524,6.657630127165882,-0.2617993877991417,0.0,-1.474466785412061,180,180,110,180,180,180,180
24.913692474365234,-0.034219502085200575,6.661671500937395,-0.2617993877991417,0.0,-1.4792663143939526,180,180,110,180,180,180,180
24.928040266036987,-0.034219502085200575,6.661671500937395,-0.2617993877991417,0.0,-1.4792663143939526,180,180,110,180,180,180,180
24.938234567642212,-0.034219502085200575,6.661671500937395,-0.2617993877991417,0.0,-1.4792663143939526,180,180,110,180,180,180,180
24.948461532592773,-0.03380731401504069,6.666323070371526,-0.2617993877991417,0.0,-1.488510609526302,180,180,110,180,180,180,180
24.95869755744934,-0.03380731401504069,6.666323070371526,-0.2617993877991417,0.0,-1.488510609526302,180,180,110,180,180,180,180
24.9689302444458,-0.03380731401504069,6.666323070371526,-0.2617993877991417,0.0,-1.488510609526302,180,180,110,180,180,180,180
24.979994297027588,-0.033397545068491845,6.67170306537785,-0.2617993877991417,0.0,-1.503087664396146,180,180,110,180,180,180,180
24.990216970443726,-0.033397545068491845,6.67170306537785,-0.2617993877991417,0.0,-1.503087664396146,180,180,110,180,180,180,180
25.00041651725769,-0.033397545068491845,6.67170306537785,-0.2617993877991417,0.0,-1.503087664396146,180,180,110,180,180,180,180
25.010653018951416,-0.0330478120504303,6.677547409767884,-0.2617993877991417,0.0,-1.520273321478485,180,180,100,180,180,180,180
25.021687984466553,-0.0330478120504303,6.677547409767884,-0.2617993877991417,0.0,-1.520273321478485,180,180,100,180,180,180,180
25.038845777511597,-0.0330478120504303,6.677547409767884,-0.2617993877991417,0.0,-1.520273321478485,180,180,100,180,180,180,180
25.049185276031494,-0.0327765894040432,6.683887922156874,-0.2617993877991417,0.0,-1.536479508254038,180,180,100,180,180,180,180
25.059359550476074,-0.0327765894040432,6.683887922156874,-0.2617993877991417,0.0,-1.536479508254038,180,180,100,180,180,180,180
25.069544553756714,-0.0327765894040432,6.683887922156874,-0.2617993877991417,0.0,-1.536479508254038,180,180,110,180,180,180,180
25.079772233963013,-0.03258103918039875,6.6909352997965605,-0.2617993877991417,0.0,-1.5499509086999728,180,180,110,180,180,180,180
25.100809574127197,-0.03258103918039875,6.6909352997965605,-0.2617993877991417,0.0,-1.5499509086999728,180,180,110,180,180,180,180
25.111057996749878,-0.03245944190313111,6.698297161813411,-0.2617993877991417,0.0,-1.5584530107522374,180,180,110,180,180,180,180
25.121298789978027,-0.03245944190313111,6.698297161813411,-0.2617993877991417,0.0,-1.5584530107522374,180,180,180,130,180,180,180
25.136934757232666,-0.03245944190313111,6.698297161813411,-0.2617993877991417,0.0,-1.5584530107522374,180,180,180,130,180,180,180
25.147153854370117,-0.032374747522127004,6.706151157444601,-0.2617993877991417,0.0,-1.5611236895963783,180,180,180,130,180,180,180
25.157349109649658,-0.032374747522127004,6.706151157444601,-0.2617993877991417,0.0,-1.5611236895963783,180,180,180,120,180,180,180
25.167587518692017,-0.032374747522127004,6.706151157444601,-0.2617993877991417,0.0,-1.5611236895963783,180,180,180,120,180,180,180
25.17945885658264,-0.032374747522127004,6.706151157444601,-0.2617993877991417,0.0,-1.5611236895963783,180,180,180,120,180,180,180
25.189763069152832,-0.032281605239983316,6.714750332719999,-0.2617993877991417,0.0,-1.5597858376830445,180,180,180,120,180,180,180
25.199995517730713,-0.032281605239983316,6.714750332719999,-0.2617993877991417,0.0,-1.5597858376830445,180,180,180,120,180,180,180
25.210212230682373,-0.0321857694615135,6.7233486637971716,-0.2617993877991417,0.0,-1.5594373683154894,180,180,180,120,180,180,180
25.22544550895691,-0.0321857694615135,6.7233486637971716,-0.2617993877991417,0.0,-1.5594373683154894,180,180,180,120,180,180,180
25.235707998275757,-0.0321857694615135,6.7233486637971716,-0.2617993877991417,0.0,-1.5594373683154894,180,180,180,120,180,180,180
25.245917558670044,-0.032086347502831875,6.731978655020281,-0.2617993877991417,0.0,-1.5592393730235798,180,180,180,120,180,180,180
25.256104707717896,-0.032086347502831875,6.731978655020281,-0.2617993877991417,0.0,-1.5592393730235798,180,180,180,120,180,180,180
25.266289472579956,-0.032086347502831875,6.731978655020281,-0.2617993877991417,0.0,-1.5592393730235798,180,180,180,120,180,180,180
25.279279470443726,-0.03198205453190251,6.740879962940831,-0.2617993877991417,0.0,-1.5590705018305724,180,180,180,120,180,180,180
25.28956437110901,-0.03198205453190251,6.740879962940831,-0.2617993877991417,0.0,-1.5590705018305724,180,180,180,120,180,180,180
25.29977560043335,-0.03198205453190251,6.740879962940831,-0.2617993877991417,0.0,-1.5590705018305724,180,180,180,120,180,180,180
25.31000781059265,-0.03187967616862657,6.749521607682949,-0.2617993877991417,0.0,-1.5589962235359682,180,180,180,120,180,180,180
25.320211172103882,-0.03187967616862657,6.749521607682949,-0.2617993877991417,0.0,-1.5589962235359682,180,180,180,120,180,180,180
25.335282564163208,-0.03187967616862657,6.749521607682949,-0.2617993877991417,0.0,-1.5589962235359682,180,180,180,120,180,180,180
25.34599995613098,-0.03177284968304191,6.758143210791713,-0.2617993877991417,0.0,-1.5591374643601719,180,180,180,120,180,180,180
25.356239557266235,-0.03177284968304191,6.758143210791713,-0.2617993877991417,0.0,-1.5591374643601719,180,180,180,120,180,180,180
25.36674165725708,-0.03177284968304191,6.758143210791713,-0.2617993877991417,0.0,-1.5591374643601719,180,180,140,120,180,180,180
25.382721185684204,-0.031670005794113804,6.766994789582854,-0.2617993877991417,0.0,-1.559565192998187,180,180,140,120,180,180,180
25.392926454544067,-0.031670005794113804,6.766994789582854,-0.2617993877991417,0.0,-1.559565192998187,180,180,140,120,180,180,180
25.4031240940094,-0.031670005794113804,6.766994789582854,-0.2617993877991417,0.0,-1.559565192998187,180,180,130,130,180,180,180
25.413344144821167,-0.03157148924775212,6.775627952138212,-0.2617993877991417,0.0,-1.5597552507122827,180,180,130,130,180,180,180
25.43140721321106,-0.03157148924775212,6.775627952138212,-0.2617993877991417,0.0,-1.5597552507122827,180,180,130,130,180,180,180
25.441651344299316,-0.03147667315206002,6.784265451034075,-0.2617993877991417,0.0,-1.5599879080515506,180,180,130,130,180,180,180
25.45190191268921,-0.03147667315206002,6.784265451034075,-0.2617993877991417,0.0,-1.5599879080515506,180,180,130,130,180,180,180
25.46213936805725,-0.03147667315206002,6.784265451034075,-0.2617993877991417,0.0,-1.5599879080515506,180,180,180,120,180,180,180
25.48025417327881,-0.03147667315206002,6.784265451034075,-0.2617993877991417,-0.05235987755982833,-1.5599879080515506,180,180,180,120,180,180,180
25.490665674209595,-0.031381639804408584,6.793171121947978,-0.2617993877991417,-0.157079632679485,-1.560190053065887,180,180,180,120,180,180,180
25.500887393951416,-0.031381639804408584,6.793171121947978,-0.2617993877991417,-0.157079632679485,-1.560190053065887,180,180,180,120,180,180,180
25.511094570159912,-0.03128434036207884,6.801845718750304,-0.2617993877991417,-0.17453292519942779,-1.5590328274827576,170,180,180,110,180,130,180
25.521326065063477,-0.03128434036207884,6.801845718750304,-0.2617993877991417,-0.17453292519942779,-1.5590328274827576,170,180,180,110,180,130,180
25.531559467315674,-0.03128434036207884,6.801845718750304,-0.2617993877991417,-0.20943951023931331,-1.5590328274827576,170,180,180,110,180,130,180
25.54176425933838,-0.0311683093509576,6.810585585911794,-0.2617993877991417,-0.31415926535897,-1.5561259746477527,170,180,180,110,180,130,180
25.551968574523926,-0.0311683093509576,6.810585585911794,-0.2617993877991417,-0.34906585039885557,-1.5561259746477527,180,180,180,120,180,130,140
25.56217360496521,-0.0311683093509576,6.810585585911794,-0.2617993877991417,-0.34906585039885557,-1.5561259746477527,180,180,180,120,180,130,140
25.572375774383545,-0.0311683093509576,6.810585585911794,-0.2617993877991417,-0.43633231299856945,-1.5561259746477527,180,180,180,120,180,130,140
25.582614421844482,-0.031005773967729192,6.81968865248143,-0.2617993877991417,-0.43633231299856945,-1.5491237264936863,180,180,180,120,180,130,140
25.592807054519653,-0.031005773967729192,6.81968865248143,-0.2617993877991417,-0.43633231299856945,-1.5491237264936863,180,180,180,120,180,130,140
25.60298991203308,-0.031005773967729192,6.81968865248143,-0.2617993877991417,-0.43633231299856945,-1.5491237264936863,170,180,180,120,180,180,180
25.613194704055786,-0.030784555337373554,6.828223092351013,-0.2617993877991417,-0.43633231299856945,-1.5404508027470507,170,180,180,120,180,180,180
25.628045558929443,-0.030784555337373554,6.828223092351013,-0.2617993877991417,-0.43633231299856945,-1.5404508027470507,170,180,180,120,180,180,180
25.63825535774231,-0.030784555337373554,6.828223092351013,-0.2617993877991417,-0.43633231299856945,-1.5404508027470507,170,180,180,120,180,180,180
25.648468494415283,-0.03047847941648255,6.836593365704745,-0.2617993877991417,-0.43633231299856945,-1.5275857123994616,170,170,130,120,120,180,180
25.658880472183228,-0.03047847941648255,6.836593365704745,-0.2617993877991417,-0.43633231299856945,-1.5275857123994616,170,170,130,120,120,180,180
25.669069051742554,-0.03047847941648255,6.836593365704745,-0.2617993877991417,-0.43633231299856945,-1.5275857123994616,170,170,130,120,120,180,180
25.679912328720093,-0.030034020333162628,6.845351845612745,-0.2617993877991417,-0.43633231299856945,-1.5125871082748137,170,170,130,120,120,180,180
25.690097093582153,-0.030034020333162628,6.845351845612745,-0.2617993877991417,-0.43633231299856945,-1.5125871082748137,170,170,130,120,120,180,180
25.700348138809204,-0.030034020333162628,6.845351845612745,-0.2617993877991417,-0.43633231299856945,-1.5125871082748137,170,170,130,120,120,180,180
25.71056842803955,-0.029478481937819285,6.853810324811455,-0.2617993877991417,-0.43633231299856945,-1.4983429809831048,170,180,120,130,180,180,180
25.728442430496216,-0.029478481937819285,6.853810324811455,-0.2617993877991417,-0.43633231299856945,-1.4983429809831048,170,180,120,130,180,180,180
25.738659143447876,-0.029478481937819285,6.853810324811455,-0.2617993877991417,-0.43633231299856945,-1.4983429809831048,170,180,120,130,180,180,180
25.748891592025757,-0.028803442743036763,6.862246144987342,-0.2617993877991417,-0.43633231299856945,-1.484252526678765,170,180,120,130,180,180,180
25.759090662002563,-0.028803442743036763,6.862246144987342,-0.2617993877991417,-0.43633231299856945,-1.484252526678765,180,180,120,140,180,180,180
25.769296884536743,-0.028803442743036763,6.862246144987342,-0.2617993877991417,-0.43633231299856945,-1.484252526678765,180,180,120,140,180,180,180
25.783838033676147,-0.027979770158244228,6.87095662916421,-0.2617993877991417,-0.43633231299856945,-1.4696182339796589,180,180,120,140,180,180,180
25.79403042793274,-0.027979770158244228,6.87095662916421,-0.2617993877991417,-0.43633231299856945,-1.4696182339796589,180,180,120,140,180,180,180
25.804209232330322,-0.027979770158244228,6.87095662916421,-0.2617993877991417,-0.43633231299856945,-1.4696182339796589,180,180,130,170,180,180,180
25.814384937286377,-0.027058708782812912,6.879408453748699,-0.2617993877991417,-0.43633231299856945,-1.4554154708954075,180,180,130,170,180,180,180
25.830063104629517,-0.027058708782812912,6.879408453748699,-0.2617993877991417,-0.43633231299856945,-1.4554154708954075,180,180,130,170,180,180,180
25.84051775932312,-0.02601624393806925,6.887858587469427,-0.2617993877991417,-0.43633231299856945,-1.4411891015808254,180,180,130,170,180,180,180
25.850698471069336,-0.02601624393806925,6.887858587469427,-0.2617993877991417,-0.43633231299856945,-1.4411891015808254,180,180,130,170,180,180,180
25.860947370529175,-0.02601624393806925,6.887858587469427,-0.2617993877991417,-0.43633231299856945,-1.4411891015808254,180,180,180,180,180,180,180
25.879645347595215,-0.02601624393806925,6.887858587469427,-0.2617993877991417,-0.43633231299856945,-1.4411891015808254,180,180,180,180,180,180,180
25.88998293876648,-0.02481500870149373,6.896561443244003,-0.2617993877991417,-0.43633231299856945,-1.4265079256299402,180,180,180,180,180,180,180
25.90019965171814,-0.02481500870149373,6.896561443244003,-0.2617993877991417,-0.43633231299856945,-1.4265079256299402,180,180,180,180,180,180,180
25.910419940948486,-0.023525495323401757,6.905002724332788,-0.2617993877991417,-0.43633231299856945,-1.4122387074349676,180,120,130,180,180,180,180
25.920618772506714,-0.023525495323401757,6.905002724332788,-0.2617993877991417,-0.41887902047862663,-1.4122387074349676,180,120,130,180,180,180,180
25.931116104125977,-0.023525495323401757,6.905002724332788,-0.2617993877991417,-0.31415926535897,-1.4122387074349676,180,120,130,180,180,180,180
25.94132375717163,-0.022114522809066187,6.913434312493945,-0.2617993877991417,-0.31415926535897,-1.3979393921768024,180,120,130,180,180,180,180
25.95152449607849,-0.022114522809066187,6.913434312493945,-0.2617993877991417,-0.157079632679485,-1.3979393921768024,180,130,180,180,180,180,180
25.961703300476074,-0.022114522809066187,6.913434312493945,-0.2617993877991417,-0.157079632679485,-1.3979393921768024,180,130,180,180,180,180,180
25.971921920776367,-0.022114522809066187,6.913434312493945,-0.2617993877991417,-0.13962634015954223,-1.3979393921768024,180,130,180,180,180,180,180
25.983282566070557,-0.02054765791258146,6.922072241137647,-0.2617993877991417,-0.13962634015954223,-1.386493633596277,180,130,180,180,180,180,180
25.993570566177368,-0.02054765791258146,6.922072241137647,-0.2617993877991417,-0.12217304763959944,-1.386493633596277,180,130,180,180,180,180,180
26.00381326675415,-0.02054765791258146,6.922072241137647,-0.2617993877991417,-0.12217304763959944,-1.386493633596277,180,130,180,180,180,180,180
26.014429092407227,-0.018975876130822023,6.93038458942379,-0.2617993877991417,-0.12217304763959944,-1.3795741352511235,180,130,180,180,180,180,180
26.03332829475403,-0.018975876130822023,6.93038458942379,-0.2617993877991417,-0.12217304763959944,-1.3795741352511235,180,130,180,180,180,180,180
26.04356288909912,-0.017381691582934216,6.938640515878068,-0.2617993877991417,-0.157079632679485,-1.3742362123784793,180,130,180,180,180,180,180
26.053792476654053,-0.017381691582934216,6.938640515878068,-0.2617993877991417,-0.157079632679485,-1.3742362123784793,180,140,180,180,180,190,180
26.064035177230835,-0.017381691582934216,6.938640515878068,-0.2617993877991417,-0.17453292519942779,-1.3742362123784793,180,140,180,180,180,190,180
26.0831880569458,-0.017381691582934216,6.938640515878068,-0.2617993877991417,-0.17453292519942779,-1.3742362123784793,180,140,180,180,180,190,180
26.09355115890503,-0.015645570861212474,6.947215829055716,-0.2617993877991417,-0.19198621771937055,-1.3695351025012532,180,140,180,180,180,190,180
26.103739261627197,-0.015645570861212474,6.947215829055716,-0.2617993877991417,-0.17453292519942779,-1.3695351025012532,190,140,180,180,190,190,180
26.113941192626953,-0.013910905492173357,6.955589084163721,-0.2617993877991417,-0.17453292519942779,-1.3639130483059791,190,140,180,180,190,190,180
26.13147211074829,-0.013910905492173357,6.955589084163721,-0.2617993877991417,-0.06981317007977111,-1.3639130483059791,190,140,180,180,190,190,180
26.141661643981934,-0.012128617778343547,6.963955980324879,-0.2617993877991417,0.05235987755982833,-1.358173187145943,190,140,180,180,190,190,180
26.15184187889099,-0.012128617778343547,6.963955980324879,-0.2617993877991417,0.06981317007977111,-1.358173187145943,190,140,180,180,190,190,190
26.16203212738037,-0.012128617778343547,6.963955980324879,-0.2617993877991417,0.06981317007977111,-1.358173187145943,190,140,180,180,190,190,190
26.177505254745483,-0.0102778144023936,6.9724714569793775,-0.2617993877991417,0.19198621771937055,-1.3570689356391146,190,140,180,180,190,190,190
26.18773102760315,-0.0102778144023936,6.9724714569793775,-0.2617993877991417,0.31415926535897,-1.3570689356391146,190,140,180,180,190,190,190
26.19791316986084,-0.0102778144023936,6.9724714569793775,-0.2617993877991417,0.43633231299856945,-1.3570689356391146,190,140,180,180,190,190,190
26.208116054534912,-0.008494802489184215,6.980759198800756,-0.2617993877991417,0.43633231299856945,-1.361833200554742,190,140,190,180,190,190,190
26.218305110931396,-0.008494802489184215,6.980759198800756,-0.2617993877991417,0.43633231299856945,-1.361833200554742,190,140,190,180,190,190,190
26.231376886367798,-0.008494802489184215,6.980759198800756,-0.2617993877991417,0.43633231299856945,-1.361833200554742,190,140,190,180,190,190,190
26.24158000946045,-0.006728715329319194,6.989292632170509,-0.2617993877991417,0.43633231299856945,-1.3733937061258952,190,140,190,180,190,190,190
26.25179624557495,-0.006728715329319194,6.989292632170509,-0.2617993877991417,0.43633231299856945,-1.3733937061258952,190,140,190,190,190,190,190
26.261981964111328,-0.006728715329319194,6.989292632170509,-0.2617993877991417,0.43633231299856945,-1.3733937061258952,190,140,190,190,190,190,190
26.27217721939087,-0.006728715329319194,6.989292632170509,-0.2617993877991417,0.43633231299856945,-1.3733937061258952,190,140,190,190,190,190,190
26.28239345550537,-0.005021431961298212,6.998169405008124,-0.2617993877991417,0.43633231299856945,-1.3881669210990277,190,140,190,190,190,190,190
26.292599201202393,-0.005021431961298212,6.998169405008124,-0.2617993877991417,0.43633231299856945,-1.3881669210990277,190,140,190,190,190,190,190
26.30281662940979,-0.005021431961298212,6.998169405008124,-0.2617993877991417,0.43633231299856945,-1.3881669210990277,190,140,190,190,190,190,190
26.313057899475098,-0.0034887591425081473,7.006818777984412,-0.2617993877991417,0.43633231299856945,-1.4025300782388412,190,190,190,190,190,190,190
26.331080198287964,-0.0034887591425081473,7.006818777984412,-0.2617993877991417,0.43633231299856945,-1.4025300782388412,190,190,190,190,190,190,190
26.34130334854126,-0.0020799256624380973,7.015495843493939,-0.2617993877991417,0.43633231299856945,-1.4168864849289804,190,190,190,190,190,190,190
26.35149359703064,-0.0020799256624380973,7.015495843493939,-0.2617993877991417,0.43633231299856945,-1.4168864849289804,190,190,190,190,190,190,190
26.36172318458557,-0.0020799256624380973,7.015495843493939,-0.2617993877991417,0.43633231299856945,-1.4168864849289804,180,190,180,190,190,190,190
26.383136987686157,-0.0007576174670351236,7.024444168672901,-0.2617993877991417,0.43633231299856945,-1.4315561120271547,180,190,180,190,190,190,190
26.393425941467285,-0.0007576174670351236,7.024444168672901,-0.2617993877991417,0.43633231299856945,-1.4315561120271547,180,190,180,190,190,190,190
26.403629302978516,-0.0007576174670351236,7.024444168672901,-0.2617993877991417,0.43633231299856945,-1.4315561120271547,190,190,190,190,190,190,190
26.413817167282104,0.0003927013437042069,7.033088612308262,-0.2617993877991417,0.43633231299856945,-1.4454152133273395,190,190,190,190,190,190,190
26.430374145507812,0.0003927013437042069,7.033088612308262,-0.2617993877991417,0.43633231299856945,-1.4454152133273395,190,190,190,190,190,190,190
26.44062304496765,0.0014253235665652687,7.04175851772947,-0.2617993877991417,0.43633231299856945,-1.4593814355412422,190,190,190,190,190,190,190
26.45084309577942,0.0014253235665652687,7.04175851772947,-0.2617993877991417,0.43633231299856945,-1.4593814355412422,180,190,190,190,190,190,190
26.461065530776978,0.0014253235665652687,7.04175851772947,-0.2617993877991417,0.43633231299856945,-1.4593814355412422,180,190,190,190,190,190,190
26.471258878707886,0.0014253235665652687,7.04175851772947,-0.2617993877991417,0.43633231299856945,-1.4593814355412422,180,190,190,190,190,190,190
26.48601794242859,0.0014253235665652687,7.04175851772947,-0.2617993877991417,0.43633231299856945,-1.4593814355412422,180,190,190,190,190,190,190
26.4962420463562,0.0014253235665652687,7.04175851772947,-0.2617993877991417,0.43633231299856945,-1.4593814355412422,180,190,190,190,190,190,190
26.506444692611694,0.0031514896296054866,7.059454953211085,-0.2617993877991417,0.31415926535897,-1.4881084350777667,140,190,190,190,190,210,200
26.516664743423462,0.0031514896296054866,7.059454953211085,-0.17453292519942779,0.20943951023931331,-1.4881084350777667,140,190,190,190,190,210,200
26.534754753112793,0.0031514896296054866,7.059454953211085,-0.17453292519942779,0.20943951023931331,-1.4881084350777667,140,190,190,190,190,210,200
26.5450336933136,0.0038117010682714443,7.068054335436397,-0.05235987755982833,0.08726646259971389,-1.4997991536687854,140,190,190,190,190,210,200
26.55548882484436,0.0038117010682714443,7.068054335436397,-0.05235987755982833,0.08726646259971389,-1.4997991536687854,140,190,190,190,190,210,200
26.56583309173584,0.0038117010682714443,7.068054335436397,0.0,0.06981317007977111,-1.4997991536687854,130,180,190,180,190,210,200
26.5762038230896,0.004373422688962743,7.0765360119274066,0.0,0.06981317007977111,-1.5089388226112557,130,180,190,180,190,210,200
26.586461305618286,0.004373422688962743,7.0765360119274066,0.0,0.06981317007977111,-1.5089388226112557,130,180,190,180,190,210,200
26.596679210662842,0.004373422688962743,7.0765360119274066,0.03490658503988556,0.05235987755982833,-1.5089388226112557,130,180,190,180,190,210,200
26.60686683654785,0.0048090499900118235,7.084012541636036,0.03490658503988556,0.05235987755982833,-1.5160448184643005,140,180,190,190,190,200,200
26.617090463638306,0.0048090499900118235,7.084012541636036,0.08726646259971389,0.05235987755982833,-1.5160448184643005,140,180,190,190,190,200,200
26.634982109069824,0.0048090499900118235,7.084012541636036,0.08726646259971389,0.05235987755982833,-1.5160448184643005,140,180,190,190,190,200,200
26.64524006843567,0.005154408581632319,7.090674032432321,0.17453292519942779,0.0,-1.5220603594683328,140,180,190,190,190,200,200
26.655454397201538,0.005154408581632319,7.090674032432321,0.17453292519942779,0.0,-1.5220603594683328,140,150,190,190,190,190,190
26.66563105583191,0.005154408581632319,7.090674032432321,0.24434609527919887,0.0,-1.5220603594683328,140,150,190,190,190,190,190
26.675875425338745,0.005154408581632319,7.090674032432321,0.24434609527919887,0.0,-1.5220603594683328,140,150,190,190,190,190,190
26.68876886367798,0.005431085472715531,7.096703372133362,0.2617993877991417,0.0,-1.5282948264757508,140,150,190,190,190,190,190
26.698988437652588,0.005431085472715531,7.096703372133362,0.2617993877991417,0.0,-1.5282948264757508,140,150,190,190,190,190,190
26.70928168296814,0.005631311764943888,7.10178889018468,0.2617993877991417,0.0,-1.5354313374609514,140,150,190,190,190,190,190
26.71975612640381,0.005631311764943888,7.10178889018468,0.2617993877991417,0.0,-1.5354313374609514,140,140,190,190,190,190,190
26.736254930496216,0.005631311764943888,7.10178889018468,0.2617993877991417,0.0,-1.5354313374609514,140,140,190,190,190,190,190
26.748159885406494,0.005768917799080069,7.106165623216828,0.2617993877991417,0.06981317007977111,-1.5444454313197156,140,140,190,190,190,190,190
26.759883880615234,0.005768917799080069,7.106165623216828,0.2617993877991417,0.17453292519942779,-1.5444454313197156,140,140,190,190,190,190,190
26.770344972610474,0.005768917799080069,7.106165623216828,0.2617993877991417,0.19198621771937055,-1.5444454313197156,150,140,190,190,190,200,190
26.789872646331787,0.0058502838512298275,7.109978635363943,0.2617993877991417,0.2268928027592561,-1.5562824653294607,150,140,190,190,190,200,190
26.800249576568604,0.0058502838512298275,7.109978635363943,0.2617993877991417,0.24434609527919887,-1.5562824653294607,150,140,190,190,190,200,190
26.810487985610962,0.005876507519135505,7.113040531277385,0.2617993877991417,0.2617993877991417,-1.5705475710591912,150,140,190,190,190,200,190
26.820722579956055,0.005876507519135505,7.113040531277385,0.2617993877991417,0.2967059728390272,-1.5705475710591912,140,140,150,190,190,190,200
26.83680534362793,0.005876507519135505,7.113040531277385,0.2617993877991417,0.40142572795868386,-1.5705475710591912,140,140,150,190,190,190,200
26.84711217880249,0.005856771637077195,7.115503300206526,0.2617993877991417,0.40142572795868386,-1.5875814757135216,140,140,150,190,190,190,200
26.857391834259033,0.005856771637077195,7.115503300206526,0.2617993877991417,0.43633231299856945,-1.5875814757135216,140,150,140,190,190,190,200
26.867666482925415,0.005856771637077195,7.115503300206526,0.2617993877991417,0.43633231299856945,-1.5875814757135216,140,150,140,190,190,190,200
26.881064414978027,0.005856771637077195,7.115503300206526,0.2617993877991417,0.43633231299856945,-1.5875814757135216,140,150,140,190,190,190,200
26.89150333404541,0.005805606155297143,7.117441539648963,0.2617993877991417,0.43633231299856945,-1.6077596284384645,140,150,140,190,190,190,200
26.90175485610962,0.005805606155297143,7.117441539648963,0.2617993877991417,0.43633231299856945,-1.6077596284384645,140,140,140,180,190,190,190
26.91202449798584,0.005741631010607224,7.1187968702485795,0.2617993877991417,0.43633231299856945,-1.6290964359479616,140,140,140,180,190,190,190
26.922450304031372,0.005741631010607224,7.1187968702485795,0.2617993877991417,0.43633231299856945,-1.6290964359479616,140,140,140,180,190,190,190
26.93862009048462,0.005741631010607224,7.1187968702485795,0.2617993877991417,0.43633231299856945,-1.6290964359479616,140,140,140,180,190,190,190
26.949082851409912,0.005686974361087362,7.119686840686043,0.2617993877991417,0.43633231299856945,-1.6510082736415732,140,140,140,180,190,190,190
26.95937752723694,0.005686974361087362,7.119686840686043,0.2617993877991417,0.43633231299856945,-1.6510082736415732,140,140,140,180,190,190,190
26.969749689102173,0.005686974361087362,7.119686840686043,0.2617993877991417,0.43633231299856945,-1.6510082736415732,140,140,140,140,190,190,190
26.988579511642456,0.005659939041453463,7.120161657169664,0.2617993877991417,0.43633231299856945,-1.6726329773475659,140,140,140,140,190,190,190
26.999175786972046,0.005659939041453463,7.120161657169664,0.2617993877991417,0.43633231299856945,-1.6726329773475659,140,140,140,140,190,190,190
27.00947642326355,0.00566171935147569,7.120255492608327,0.2617993877991417,0.43633231299856945,-1.6907014801922813,160,140,150,140,180,190,190
27.019799947738647,0.00566171935147569,7.120255492608327,0.2617993877991417,0.43633231299856945,-1.6907014801922813,160,140,150,140,180,190,190
27.038273096084595,0.00566171935147569,7.120255492608327,0.2617993877991417,0.43633231299856945,-1.6907014801922813,160,140,150,140,180,190,190
27.048628091812134,0.00571308862611114,7.1199320251855385,0.2617993877991417,0.43633231299856945,-1.7048315187147034,160,140,150,140,180,190,190
27.058931827545166,0.00571308862611114,7.1199320251855385,0.2617993877991417,0.43633231299856945,-1.7048315187147034,160,140,150,140,180,190,190
27.069708585739136,0.00571308862611114,7.1199320251855385,0.2617993877991417,0.43633231299856945,-1.7048315187147034,190,140,140,150,140,190,190
27.085627794265747,0.005850103232155392,7.119018004323141,0.2617993877991417,0.43633231299856945,-1.7161277113085327,190,140,140,150,140,190,190
27.09593391418457,0.005850103232155392,7.119018004323141,0.2617993877991417,0.43633231299856945,-1.7161277113085327,190,140,140,150,140,190,190
27.10650610923767,0.00609737568233234,7.117407881518496,0.2617993877991417,0.43633231299856945,-1.7248844216459984,190,140,140,150,140,190,190
27.11678171157837,0.00609737568233234,7.117407881518496,0.2617993877991417,0.43633231299856945,-1.7248844216459984,190,150,140,140,140,190,190
27.133153676986694,0.00609737568233234,7.117407881518496,0.2617993877991417,0.43633231299856945,-1.7248844216459984,190,150,140,140,140,190,190
27.14345097541809,0.0064915029375350215,7.114948380810871,0.2617993877991417,0.43633231299856945,-1.7323132833884463,190,150,140,140,140,190,190
27.153745651245117,0.0064915029375350215,7.114948380810871,0.2617993877991417,0.43633231299856945,-1.7323132833884463,190,190,150,140,140,140,190
27.164212465286255,0.0064915029375350215,7.114948380810871,0.2617993877991417,0.43633231299856945,-1.7323132833884463,190,190,150,140,140,140,190
27.17450189590454,0.007077358006234082,7.111438214224912,0.2617993877991417,0.43633231299856945,-1.7391584835481917,190,190,150,140,140,140,190
27.184752702713013,0.007077358006234082,7.111438214224912,0.2617993877991417,0.43633231299856945,-1.7391584835481917,190,190,150,140,140,140,190
27.19541311264038,0.007077358006234082,7.111438214224912,0.2617993877991417,0.43633231299856945,-1.7391584835481917,190,190,150,140,140,140,190
27.205657243728638,0.007077358006234082,7.111438214224912,0.2617993877991417,0.43633231299856945,-1.7391584835481917,190,190,140,140,140,140,190
27.216179370880127,0.007835000914149456,7.107064275454928,0.2617993877991417,0.43633231299856945,-1.7452016087163174,190,190,140,140,140,140,190
27.226555824279785,0.007835000914149456,7.107064275454928,0.2617993877991417,0.43633231299856945,-1.7452016087163174,190,190,140,140,140,140,190
27.23746395111084,0.007835000914149456,7.107064275454928,0.2617993877991417,0.43633231299856945,-1.7452016087163174,190,190,140,140,140,140,190
27.247655630111694,0.008776597072586937,7.1017952730894605,0.2617993877991417,0.43633231299856945,-1.750824589223614,190,190,140,140,140,140,190
27.257851123809814,0.008776597072586937,7.1017952730894605,0.2617993877991417,0.43633231299856945,-1.750824589223614,190,190,150,140,140,140,190
27.26810598373413,0.008776597072586937,7.1017952730894605,0.2617993877991417,0.43633231299856945,-1.750824589223614,190,190,150,140,140,140,190
27.278456687927246,0.009925696758067724,7.095573636029722,0.2617993877991417,0.43633231299856945,-1.7563817831707995,190,190,150,140,140,140,190
27.28889012336731,0.009925696758067724,7.095573636029722,0.2617993877991417,0.43633231299856945,-1.7563817831707995,190,190,150,140,140,140,190
27.299145460128784,0.009925696758067724,7.095573636029722,0.2617993877991417,0.43633231299856945,-1.7563817831707995,190,190,150,140,140,140,190
27.309407711029053,0.011177798253858675,7.08896007914973,0.2617993877991417,0.43633231299856945,-1.7607480516253713,190,190,150,140,140,140,190
27.320162296295166,0.011177798253858675,7.08896007914973,0.2617993877991417,0.43633231299856945,-1.7607480516253713,190,190,190,140,140,140,140
27.337714672088623,0.011177798253858675,7.08896007914973,0.2617993877991417,0.43633231299856945,-1.7607480516253713,190,190,190,140,140,140,140
27.34805464744568,0.01251545652614257,7.0820660606567545,0.2617993877991417,0.43633231299856945,-1.7638490187352758,190,190,190,140,140,140,140
27.358291387557983,0.01251545652614257,7.0820660606567545,0.2617993877991417,0.43633231299856945,-1.7638490187352758,190,210,190,140,140,140,140
27.368582487106323,0.01251545652614257,7.0820660606567545,0.2617993877991417,0.43633231299856945,-1.7638490187352758,190,210,190,140,140,140,140
27.38238263130188,0.01251545652614257,7.0820660606567545,0.2617993877991417,0.43633231299856945,-1.7638490187352758,190,210,190,140,140,140,140
27.39284372329712,0.013938723935274075,7.0748554055866215,0.2617993877991417,0.43633231299856945,-1.7679401590513264,190,210,190,140,140,140,140
27.403108596801758,0.013938723935274075,7.0748554055866215,0.2617993877991417,0.43633231299856945,-1.7679401590513264,190,210,210,140,140,140,130
27.413355112075806,0.015413133258521765,7.0676430097542795,0.2617993877991417,0.43633231299856945,-1.77466542374727,190,210,210,140,140,140,130
27.423638105392456,0.015413133258521765,7.0676430097542795,0.2617993877991417,0.43633231299856945,-1.77466542374727,190,210,210,140,140,140,130
27.43536067008972,0.01700950706878854,7.060129538824177,0.2617993877991417,0.43633231299856945,-1.7853597139542046,190,210,210,140,140,140,130
27.445661783218384,0.01700950706878854,7.060129538824177,0.2617993877991417,0.43633231299856945,-1.7853597139542046,190,210,210,140,140,140,130
27.45590043067932,0.01700950706878854,7.060129538824177,0.2617993877991417,0.43633231299856945,-1.7853597139542046,180,210,210,140,140,130,130
27.46614933013916,0.01700950706878854,7.060129538824177,0.2617993877991417,0.43633231299856945,-1.7853597139542046,180,210,210,140,140,130,130
27.48318314552307,0.018863984514285465,7.051901165125077,0.2617993877991417,0.43633231299856945,-1.799902270566109,180,210,210,140,140,130,130
27.493425369262695,0.018863984514285465,7.051901165125077,0.2617993877991417,0.43633231299856945,-1.799902270566109,180,210,210,140,140,130,130
27.50364875793457,0.018863984514285465,7.051901165125077,0.2617993877991417,0.43633231299856945,-1.799902270566109,180,210,210,140,140,130,130
27.513876914978027,0.020850952931640902,7.043650221198681,0.2617993877991417,0.43633231299856945,-1.8144552471300115,180,210,210,180,140,140,120
27.530347108840942,0.020850952931640902,7.043650221198681,0.2617993877991417,0.43633231299856945,-1.8144552471300115,180,210,210,180,140,140,120
27.540663480758667,0.022960728663584798,7.035414934492951,0.2617993877991417,0.43633231299856945,-1.8289972511842276,180,210,210,180,140,140,120
27.550974130630493,0.022960728663584798,7.035414934492951,0.2617993877991417,0.43633231299856945,-1.8289972511842276,180,210,210,180,140,140,120
27.561504364013672,0.022960728663584798,7.035414934492951,0.2617993877991417,0.43633231299856945,-1.8289972511842276,170,210,210,210,140,140,130
27.580421686172485,0.022960728663584798,7.035414934492951,0.2617993877991417,0.43633231299856945,-1.8289972511842276,170,210,210,210,140,140,130
27.590858697891235,0.025261696211153265,7.026952115374501,0.2617993877991417,0.43633231299856945,-1.8439937465797123,170,210,210,210,140,140,130
27.601089000701904,0.025261696211153265,7.026952115374501,0.2617993877991417,0.43633231299856945,-1.8439937465797123,170,210,210,210,140,140,130
27.61132836341858,0.02761785520322141,7.018766453682363,0.2617993877991417,0.43633231299856945,-1.8585340704126252,170,210,210,210,210,130,120
27.621665000915527,0.02761785520322141,7.018766453682363,0.2617993877991417,0.43633231299856945,-1.8585340704126252,170,210,210,210,210,130,120
27.632396936416626,0.02761785520322141,7.018766453682363,0.2617993877991417,0.43633231299856945,-1.8585340704126252,170,210,210,210,210,130,120
27.642704963684082,0.030091831989095867,7.010618472333355,0.2617993877991417,0.43633231299856945,-1.8729824977697893,170,210,210,210,210,130,120
27.652899503707886,0.030091831989095867,7.010618472333355,0.2617993877991417,0.43633231299856945,-1.8729824977697893,170,180,210,210,210,140,130
27.663155794143677,0.030091831989095867,7.010618472333355,0.2617993877991417,0.43633231299856945,-1.8729824977697893,170,180,210,210,210,140,130
27.680659294128418,0.03275888737664332,7.002283578624999,0.2617993877991417,0.43633231299856945,-1.8876076095968541,170,180,210,210,210,140,130
27.690943956375122,0.03275888737664332,7.002283578624999,0.2617993877991417,0.43633231299856945,-1.8876076095968541,170,180,210,210,210,140,130
27.70123314857483,0.03275888737664332,7.002283578624999,0.2617993877991417,0.43633231299856945,-1.8876076095968541,180,180,210,210,210,210,120
27.711601972579956,0.03546529458971381,6.994224182262666,0.2617993877991417,0.43633231299856945,-1.901789593436475,180,180,210,210,210,210,120
27.721886157989502,0.03546529458971381,6.994224182262666,0.2617993877991417,0.43633231299856945,-1.901789593436475,180,180,210,210,210,210,120
27.73213267326355,0.03546529458971381,6.994224182262666,0.2617993877991417,0.43633231299856945,-1.901789593436475,180,180,210,210,210,210,120
27.742400646209717,0.03828654470553278,6.986196465143305,0.2617993877991417,0.43633231299856945,-1.9159464607434655,180,180,210,210,210,210,120
27.752604007720947,0.03828654470553278,6.986196465143305,0.2617993877991417,0.43633231299856945,-1.9159464607434655,170,180,210,210,210,210,120
27.762858867645264,0.03828654470553278,6.986196465143305,0.2617993877991417,0.43633231299856945,-1.9159464607434655,170,180,210,210,210,210,120
27.780633449554443,0.03828654470553278,6.986196465143305,0.2617993877991417,0.43633231299856945,-1.9159464607434655,170,180,210,210,210,210,120
27.79104495048523,0.04131581170237547,6.977957041725547,0.2617993877991417,0.43633231299856945,-1.9305615983667428,170,180,210,210,210,210,120
27.801307201385498,0.04131581170237547,6.977957041725547,0.2617993877991417,0.43633231299856945,-1.9305615983667428,170,180,210,210,210,210,120
27.811925649642944,0.044374788969313336,6.969992540200673,0.2617993877991417,0.43633231299856945,-1.944773036286882,170,180,190,210,210,210,190
27.829437494277954,0.044374788969313336,6.969992540200673,0.2617993877991417,0.43633231299856945,-1.944773036286882,170,180,190,210,210,210,190
27.839690446853638,0.04754970530139476,6.962064030345239,0.2617993877991417,0.43633231299856945,-1.9590266653381612,170,180,190,210,210,210,190
27.849919080734253,0.04754970530139476,6.962064030345239,0.2617993877991417,0.43633231299856945,-1.9590266653381612,160,170,180,190,210,210,210
27.860145568847656,0.04754970530139476,6.962064030345239,0.2617993877991417,0.43633231299856945,-1.9590266653381612,160,170,180,190,210,210,210
27.870402097702026,0.04754970530139476,6.962064030345239,0.2617993877991417,0.43633231299856945,-1.9590266653381612,160,170,180,190,210,210,210
27.880833864212036,0.05093927548076488,6.953940514539974,0.2617993877991417,0.43633231299856945,-1.9737959496677089,160,170,180,190,210,210,210
27.89103364944458,0.05093927548076488,6.953940514539974,0.2617993877991417,0.43633231299856945,-1.9737959496677089,160,170,180,190,210,210,210
27.901225090026855,0.05093927548076488,6.953940514539974,0.2617993877991417,0.43633231299856945,-1.9737959496677089,160,170,180,190,210,210,210
27.911554098129272,0.05433999040075976,6.946107610965653,0.2617993877991417,0.43633231299856945,-1.9882489388595437,170,170,180,190,190,210,190
27.92197060585022,0.05433999040075976,6.946107610965653,0.2617993877991417,0.43633231299856945,-1.9882489388595437,170,170,180,190,190,210,190
27.93223237991333,0.05433999040075976,6.946107610965653,0.2617993877991417,0.43633231299856945,-1.9882489388595437,170,170,180,190,190,210,190
27.942493200302124,0.057841145315204796,6.938350175955461,0.2617993877991417,0.43633231299856945,-2.00290836618059,170,170,180,190,190,210,190
27.952722311019897,0.057841145315204796,6.938350175955461,0.2617993877991417,0.43633231299856945,-2.00290836618059,160,160,180,180,190,190,190
27.962984323501587,0.057841145315204796,6.938350175955461,0.2617993877991417,0.43633231299856945,-2.00290836618059,160,160,180,180,190,190,190
27.97914719581604,0.06155172487404113,6.930435260717937,0.2617993877991417,0.43633231299856945,-2.018133281361161,160,160,180,180,190,190,190
27.989391803741455,0.06155172487404113,6.930435260717937,0.2617993877991417,0.43633231299856945,-2.018133281361161,160,160,180,180,190,190,190
27.999626874923706,0.06155172487404113,6.930435260717937,0.2617993877991417,0.43633231299856945,-2.018133281361161,160,160,180,180,190,190,190
28.009880781173706,0.06527503270252899,6.92283000472152,0.2617993877991417,0.43633231299856945,-2.0324432018100635,180,160,160,190,190,200,190
28.020153045654297,0.06527503270252899,6.92283000472152,0.2617993877991417,0.43633231299856945,-2.0324432018100635,180,160,160,190,190,200,190
28.03458595275879,0.06527503270252899,6.92283000472152,0.2617993877991417,0.43633231299856945,-2.0324432018100635,180,160,160,190,190,200,190
28.044987440109253,0.06910265189303991,6.91527084181595,0.2617993877991417,0.43633231299856945,-2.04681948708902,180,160,160,190,190,200,190
28.055192470550537,0.06910265189303991,6.91527084181595,0.2617993877991417,0.43633231299856945,-2.04681948708902,180,160,160,190,190,200,190
28.065481185913086,0.06910265189303991,6.91527084181595,0.2617993877991417,0.43633231299856945,-2.04681948708902,180,160,150,180,190,190,190
28.08366870880127,0.0731634242323876,6.907533917611878,0.2617993877991417,0.43633231299856945,-2.0616417647681975,180,160,150,180,190,190,190
28.093904972076416,0.0731634242323876,6.907533917611878,0.2617993877991417,0.43633231299856945,-2.0616417647681975,180,160,150,180,190,190,190
28.104095220565796,0.0731634242323876,6.907533917611878,0.2617993877991417,0.43633231299856945,-2.0616417647681975,180,160,150,180,190,190,190
28.114503383636475,0.07721999830434698,6.9000723313859265,0.2617993877991417,0.43633231299856945,-2.076042301537846,190,160,160,180,190,190,200
28.132099151611328,0.07721999830434698,6.9000723313859265,0.2617993877991417,0.43633231299856945,-2.076042301537846,190,160,160,180,190,190,200
28.142359733581543,0.08138984495111895,6.89265881353163,0.2617993877991417,0.43633231299856945,-2.0904554353273657,190,160,160,180,190,190,200
28.15256428718567,0.08138984495111895,6.89265881353163,0.2617993877991417,0.43633231299856945,-2.0904554353273657,190,160,160,180,190,190,200
28.162941455841064,0.08138984495111895,6.89265881353163,0.2617993877991417,0.43633231299856945,-2.0904554353273657,190,160,160,160,190,190,190
28.173174381256104,0.08138984495111895,6.89265881353163,0.2617993877991417,0.43633231299856945,-2.0904554353273657,190,160,160,160,190,190,190
28.183393001556396,0.08138984495111895,6.89265881353163,0.2617993877991417,0.43633231299856945,-2.0904554353273657,190,160,160,160,190,190,190
28.193584442138672,0.08580389319697815,6.885072695886224,0.2617993877991417,0.43633231299856945,-2.1053156128824333,190,160,160,160,190,190,190
28.20378851890564,0.08580389319697815,6.885072695886224,0.2617993877991417,0.43633231299856945,-2.1053156128824333,190,180,160,160,190,190,190
28.214001893997192,0.09020145467845005,6.877762561706618,0.2617993877991417,0.43633231299856945,-2.1197403070120635,190,180,160,160,190,190,190
28.229600191116333,0.09020145467845005,6.877762561706618,0.2617993877991417,0.43633231299856945,-2.1197403070120635,190,180,160,160,190,190,190
28.239805936813354,0.09470783710094113,6.870509634723788,0.2617993877991417,0.43633231299856945,-2.134152496365231,190,180,160,160,190,190,190
28.250003576278687,0.09470783710094113,6.870509634723788,0.2617993877991417,0.43633231299856945,-2.134152496365231,190,180,160,160,190,190,190
28.260271072387695,0.09470783710094113,6.870509634723788,0.2617993877991417,0.43633231299856945,-2.134152496365231,190,180,160,160,190,190,190
28.270495653152466,0.09470783710094113,6.870509634723788,0.2617993877991417,0.43633231299856945,-2.134152496365231,190,180,160,160,190,190,190
28.284756422042847,0.09945588985553026,6.863106406119462,0.2617993877991417,0.43633231299856945,-2.148909649097773,190,180,160,160,190,190,190
28.294952869415283,0.09945588985553026,6.863106406119462,0.2617993877991417,0.43633231299856945,-2.148909649097773,190,180,160,160,190,190,190
28.30515170097351,0.09945588985553026,6.863106406119462,0.2617993877991417,0.43633231299856945,-2.148909649097773,190,190,160,160,190,190,190
28.31537699699402,0.10415794086754455,6.856010653741949,0.2617993877991417,0.43633231299856945,-2.1629720260055656,190,190,160,160,190,190,190
28.335303783416748,0.10415794086754455,6.856010653741949,0.2617993877991417,0.43633231299856945,-2.1629720260055656,190,190,160,160,190,190,190
28.345654249191284,0.10896152476318477,6.848977663581966,0.2617993877991417,0.43633231299856945,-2.1770372158570446,190,190,160,160,190,190,190
28.355859756469727,0.10896152476318477,6.848977663581966,0.2617993877991417,0.43633231299856945,-2.1770372158570446,190,190,160,160,160,190,190
28.366082191467285,0.10896152476318477,6.848977663581966,0.2617993877991417,0.43633231299856945,-2.1770372158570446,190,190,160,160,160,190,190
28.383200645446777,0.11401241732235907,6.841801246296249,0.2617993877991417,0.43633231299856945,-2.1915611549996497,190,190,160,160,160,190,190
28.39347219467163,0.11401241732235907,6.841801246296249,0.2617993877991417,0.43633231299856945,-2.1915611549996497,190,190,160,160,160,190,190
28.40369153022766,0.11401241732235907,6.841801246296249,0.2617993877991417,0.43633231299856945,-2.1915611549996497,190,190,160,160,160,190,190
28.414021730422974,0.11901339198195107,6.8349067957851535,0.2617993877991417,0.43633231299856945,-2.205741253671726,210,200,180,160,160,190,190
28.43401288986206,0.11901339198195107,6.8349067957851535,0.2617993877991417,0.43633231299856945,-2.205741253671726,210,200,180,160,160,190,190
28.44428515434265,0.1241096528364855,6.828091703187539,0.2617993877991417,0.43633231299856945,-2.220064598397584,210,200,180,160,160,190,190
28.454508781433105,0.1241096528364855,6.828091703187539,0.2617993877991417,0.43633231299856945,-2.220064598397584,220,190,180,160,160,190,190
28.464752912521362,0.1241096528364855,6.828091703187539,0.2617993877991417,0.43633231299856945,-2.220064598397584,220,190,180,160,160,190,190
28.475003480911255,0.129437261604111,6.821181505468173,0.2617993877991417,0.31415926535897,-2.235214345609693,220,190,180,160,160,190,190
28.485249996185303,0.129437261604111,6.821181505468173,0.2617993877991417,0.20943951023931331,-2.235214345609693,220,190,180,160,160,190,190
28.4954354763031,0.129437261604111,6.821181505468173,0.2617993877991417,0.20943951023931331,-2.235214345609693,220,190,180,160,160,190,190
28.505656242370605,0.129437261604111,6.821181505468173,0.2617993877991417,0.08726646259971389,-2.235214345609693,220,190,180,160,160,190,190
28.51587963104248,0.13458678314551464,6.814695916192326,0.2617993877991417,0.08726646259971389,-2.246702099234265,210,190,190,160,160,190,190
28.531225204467773,0.13458678314551464,6.814695916192326,0.2617993877991417,0.06981317007977111,-2.246702099234265,210,190,190,160,160,190,190
28.541428327560425,0.1397164741516621,6.808345203886853,0.2617993877991417,0.0,-2.252956289675278,210,190,190,160,160,190,190
28.55164861679077,0.1397164741516621,6.808345203886853,0.2617993877991417,0.0,-2.252956289675278,210,210,190,160,160,170,190
28.561915636062622,0.1397164741516621,6.808345203886853,0.2617993877991417,0.0,-2.252956289675278,210,210,190,160,160,170,190
28.58025288581848,0.1397164741516621,6.808345203886853,0.2617993877991417,0.0,-2.252956289675278,210,210,190,160,160,170,190
28.590600967407227,0.1449927795022807,6.801878272702963,0.2617993877991417,0.0,-2.257094051669359,210,210,190,160,160,170,190
28.600791215896606,0.1449927795022807,6.801878272702963,0.2617993877991417,-0.13962634015954223,-2.257094051669359,210,210,190,160,160,170,200
28.61108136177063,0.15024111675243088,6.795485967208144,0.2617993877991417,-0.157079632679485,-2.258924120624164,210,210,190,160,160,170,200
28.62135100364685,0.15024111675243088,6.795485967208144,0.2617993877991417,-0.157079632679485,-2.258924120624164,210,210,190,160,160,170,200
28.631539583206177,0.15024111675243088,6.795485967208144,0.2617993877991417,-0.2617993877991417,-2.258924120624164,210,210,190,160,160,170,200
28.641741514205933,0.15558515639211312,6.788998864328114,0.2617993877991417,-0.27925268031908446,-2.2597017725799966,210,210,190,160,160,170,200
28.651951551437378,0.15558515639211312,6.788998864328114,0.2617993877991417,-0.27925268031908446,-2.2597017725799966,210,210,190,160,160,170,190
28.662151336669922,0.15558515639211312,6.788998864328114,0.2617993877991417,-0.2967059728390272,-2.2597017725799966,210,210,190,160,160,170,190
28.680812120437622,0.15558515639211312,6.788998864328114,0.2617993877991417,-0.2967059728390272,-2.2597017725799966,210,210,190,160,160,170,190
28.691195487976074,0.16119367665111464,6.782177582218781,0.2617993877991417,-0.34906585039885557,-2.2567013669485876,210,210,190,160,160,170,190
28.7014319896698,0.16119367665111464,6.782177582218781,0.2617993877991417,-0.34906585039885557,-2.2567013669485876,210,210,190,160,160,170,190
28.711827516555786,0.1667006086427884,6.775400871304582,0.2617993877991417,-0.43633231299856945,-2.2479766204228504,210,210,190,160,160,170,190
28.722031354904175,0.1667006086427884,6.775400871304582,0.2617993877991417,-0.43633231299856945,-2.2479766204228504,210,210,190,160,160,170,190
28.73233652114868,0.1667006086427884,6.775400871304582,0.2617993877991417,-0.43633231299856945,-2.2479766204228504,210,210,190,160,160,170,190
28.742526531219482,0.17213207875430644,6.7685688368761845,0.2617993877991417,-0.43633231299856945,-2.2364244692527273,210,210,190,160,160,170,190
28.752702713012695,0.17213207875430644,6.7685688368761845,0.2617993877991417,-0.43633231299856945,-2.2364244692527273,210,210,190,160,160,170,190
28.76290273666382,0.17213207875430644,6.7685688368761845,0.2617993877991417,-0.43633231299856945,-2.2364244692527273,210,210,190,160,160,170,190
28.781062364578247,0.17752316632026882,6.761624907303505,0.2617993877991417,-0.43633231299856945,-2.2255558212596895,210,210,190,160,160,170,190
28.791269063949585,0.17752316632026882,6.761624907303505,0.2617993877991417,-0.43633231299856945,-2.2255558212596895,210,210,190,160,160,170,190
28.801480770111084,0.17752316632026882,6.761624907303505,0.2617993877991417,-0.43633231299856945,-2.2255558212596895,200,190,190,160,160,170,190
28.81168508529663,0.18263545918923615,6.754887473580071,0.2617993877991417,-0.43633231299856945,-2.2134519962355976,200,190,190,160,160,170,190
28.829797744750977,0.18263545918923615,6.754887473580071,0.2617993877991417,-0.43633231299856945,-2.2134519962355976,200,190,190,160,160,170,190
28.839988708496094,0.18770761044886913,6.748035275824988,0.2617993877991417,-0.40142572795868386,-2.200587857263256,200,190,190,160,160,170,190
28.85019564628601,0.18770761044886913,6.748035275824988,0.2617993877991417,-0.3839724354387411,-2.200587857263256,200,190,180,160,160,190,190
28.86047124862671,0.18770761044886913,6.748035275824988,0.2617993877991417,-0.3839724354387411,-2.200587857263256,200,190,180,160,160,190,190
28.870695114135742,0.18770761044886913,6.748035275824988,0.2617993877991417,-0.3839724354387411,-2.200587857263256,200,190,180,160,160,190,190
28.88088035583496,0.18770761044886913,6.748035275824988,0.2617993877991417,-0.3839724354387411,-2.200587857263256,200,190,180,160,160,190,190
28.891173839569092,0.19288476689570966,6.740842361941161,0.2617993877991417,-0.36651914291879834,-2.187848348751149,200,190,180,160,160,190,190
28.90137243270874,0.19288476689570966,6.740842361941161,0.2617993877991417,-0.36651914291879834,-2.187848348751149,200,190,180,160,160,190,190
28.911646604537964,0.19788798736787225,6.733699724218001,0.2617993877991417,-0.36651914291879834,-2.175378547166928,190,190,170,160,160,190,190
28.921846866607666,0.19788798736787225,6.733699724218001,0.2617993877991417,-0.36651914291879834,-2.175378547166928,190,190,170,160,160,190,190
28.932981252670288,0.19788798736787225,6.733699724218001,0.2617993877991417,-0.36651914291879834,-2.175378547166928,190,190,170,160,160,190,190
28.94319748878479,0.20280951854226398,6.7264885611136265,0.2617993877991417,-0.36651914291879834,-2.1634470607766754,190,190,170,160,160,190,190
28.95343518257141,0.20280951854226398,6.7264885611136265,0.2617993877991417,-0.36651914291879834,-2.1634470607766754,190,190,160,160,160,190,190
28.963646173477173,0.20280951854226398,6.7264885611136265,0.2617993877991417,-0.36651914291879834,-2.1634470607766754,190,190,160,160,160,190,190
28.981653213500977,0.20779720583431052,6.718987359945211,0.2617993877991417,-0.36651914291879834,-2.151152250679799,190,190,160,160,160,190,190
28.991878032684326,0.20779720583431052,6.718987359945211,0.2617993877991417,-0.36651914291879834,-2.151152250679799,190,190,160,160,160,190,190
29.00206184387207,0.20779720583431052,6.718987359945211,0.2617993877991417,-0.36651914291879834,-2.151152250679799,190,190,160,160,170,190,190
29.012263298034668,0.21255599939132314,6.711638055780918,0.2617993877991417,-0.36651914291879834,-2.1391842646089807,190,190,160,160,170,190,190
29.022453546524048,0.21255599939132314,6.711638055780918,0.2617993877991417,-0.36651914291879834,-2.1391842646089807,190,190,160,160,170,190,190
29.032623052597046,0.21255599939132314,6.711638055780918,0.2617993877991417,-0.36651914291879834,-2.1391842646089807,190,190,160,160,170,190,190
29.042791604995728,0.21723187385185116,6.704222777750608,0.2617993877991417,-0.10471975511965666,-2.127173555268411,190,190,160,160,170,190,190
29.054049491882324,0.21723187385185116,6.704222777750608,0.2617993877991417,-0.10471975511965666,-2.127173555268411,190,190,160,160,170,190,190
29.064271926879883,0.21723187385185116,6.704222777750608,0.2617993877991417,-0.06981317007977111,-2.127173555268411,190,190,160,160,170,190,190
29.07450819015503,0.22194417545164963,6.696555312735374,0.2617993877991417,0.0,-2.116468621219961,190,190,160,160,170,190,190
29.08473777770996,0.22194417545164963,6.696555312735374,0.2617993877991417,0.0,-2.116468621219961,190,180,160,160,160,190,190
29.10469126701355,0.22194417545164963,6.696555312735374,0.2617993877991417,0.0,-2.116468621219961,190,180,160,160,160,190,190
29.115153551101685,0.22638706487638652,6.6891789100735295,0.2617993877991417,0.0,-2.108748537260619,190,180,160,160,160,190,190
29.125497817993164,0.22638706487638652,6.6891789100735295,0.2617993877991417,0.0,-2.108748537260619,190,180,160,160,160,190,190
29.135783672332764,0.22638706487638652,6.6891789100735295,0.2617993877991417,0.0,-2.108748537260619,190,170,160,160,190,190,190
29.15191888809204,0.2306623694912527,6.681980452661442,0.2617993877991417,0.0,-2.1041334653852872,190,170,160,160,190,190,190
29.162153482437134,0.2306623694912527,6.681980452661442,0.2617993877991417,0.0,-2.1041334653852872,190,170,160,160,190,190,190
29.17235565185547,0.2306623694912527,6.681980452661442,0.2617993877991417,0.0,-2.1041334653852872,190,170,160,160,190,190,190
29.182626247406006,0.2350217756454776,6.674600615835111,0.2617993877991417,0.0,-2.101790383575543,190,170,160,160,180,190,190
29.197014331817627,0.2350217756454776,6.674600615835111,0.2617993877991417,0.0,-2.101790383575543,190,170,160,160,180,190,190
29.207226037979126,0.2350217756454776,6.674600615835111,0.2617993877991417,0.0,-2.101790383575543,190,170,160,160,180,190,190
29.21756148338318,0.2393037884483554,6.667304357252929,0.2617993877991417,0.0,-2.1019779001687895,190,170,160,160,180,190,190
29.227803468704224,0.2393037884483554,6.667304357252929,0.2617993877991417,0.0,-2.1019779001687895,190,160,160,160,180,190,190
29.247256994247437,0.24365297033425884,6.659907867948986,0.2617993877991417,0.0,-2.1022009373266806,190,160,160,160,180,190,190
29.257665872573853,0.24365297033425884,6.659907867948986,0.2617993877991417,0.0,-2.1022009373266806,190,160,160,160,180,190,190
29.26804494857788,0.24365297033425884,6.659907867948986,0.2617993877991417,0.0,-2.1022009373266806,190,160,160,160,180,190,190
29.278337240219116,0.2481505793167542,6.652259123367774,0.2617993877991417,0.0,-2.1022895393862413,190,160,160,160,180,190,190
29.29225754737854,0.2481505793167542,6.652259123367774,0.2617993877991417,0.0,-2.1022895393862413,190,160,160,160,180,190,190
29.302537441253662,0.2481505793167542,6.652259123367774,0.2617993877991417,0.0,-2.1022895393862413,190,160,160,160,180,190,190
29.31281065940857,0.2525215937340155,6.644826975917574,0.2617993877991417,0.0,-2.1023658168802486,190,160,160,160,190,190,190
29.32308530807495,0.2525215937340155,6.644826975917574,0.2617993877991417,0.0,-2.1023658168802486,190,160,160,160,190,190,190
29.335925579071045,0.2525215937340155,6.644826975917574,0.2617993877991417,0.0,-2.1023658168802486,190,160,160,160,190,190,190
29.346181869506836,0.25689925517933454,6.637384804333285,0.2617993877991417,0.0,-2.1024247623398797,190,160,160,160,190,190,190
29.356427669525146,0.25689925517933454,6.637384804333285,0.2617993877991417,0.0,-2.1024247623398797,190,160,160,160,190,190,190
29.36677861213684,0.25689925517933454,6.637384804333285,0.2617993877991417,0.0,-2.1024247623398797,190,160,160,160,190,190,190
29.377095222473145,0.2614151660324796,6.629708109849274,0.2617993877991417,0.0,-2.102479210968513,190,160,160,160,190,190,190
29.38813614845276,0.2614151660324796,6.629708109849274,0.2617993877991417,0.0,-2.102479210968513,190,160,160,160,190,190,190
29.398600816726685,0.2614151660324796,6.629708109849274,0.2617993877991417,0.0,-2.102479210968513,190,160,160,160,190,190,190
29.408902883529663,0.2658035532298499,6.62224867382224,0.2617993877991417,-0.05235987755982833,-2.102526576428781,190,160,160,160,190,190,190
29.419276237487793,0.2658035532298499,6.62224867382224,0.2617993877991417,-0.05235987755982833,-2.102526576428781,190,160,160,140,190,190,190
29.436246633529663,0.2658035532298499,6.62224867382224,0.2617993877991417,-0.05235987755982833,-2.102526576428781,190,160,160,140,190,190,190
29.44659948348999,0.270199041924569,6.6147656268979915,0.2617993877991417,-0.05235987755982833,-2.100971550766009,190,160,160,140,190,190,190
29.456896781921387,0.270199041924569,6.6147656268979915,0.2617993877991417,-0.05235987755982833,-2.100971550766009,190,150,140,140,190,190,190
29.46808624267578,0.270199041924569,6.6147656268979915,0.2617993877991417,-0.05235987755982833,-2.100971550766009,190,150,140,140,190,190,190
29.489537000656128,0.2747166752713165,6.607042189638047,0.2617993877991417,-0.05235987755982833,-2.0991810499477066,190,150,140,140,190,190,190
29.4998939037323,0.2747166752713165,6.607042189638047,0.2617993877991417,-0.05235987755982833,-2.0991810499477066,190,150,140,140,190,190,190
29.5102219581604,0.27908597240154476,6.599540242949423,0.2617993877991417,-0.05235987755982833,-2.0973741987573407,190,150,140,140,190,190,190
29.520993947982788,0.27908597240154476,6.599540242949423,0.2617993877991417,-0.05235987755982833,-2.0973741987573407,190,140,150,140,190,190,190
29.53130578994751,0.27908597240154476,6.599540242949423,0.2617993877991417,-0.06981317007977111,-2.0973741987573407,190,140,150,140,190,190,190
29.543187141418457,0.2834305579878777,6.592051009656347,0.2617993877991417,-0.08726646259971389,-2.0954862022596044,190,140,150,140,190,190,190
29.55365562438965,0.2834305579878777,6.592051009656347,0.2617993877991417,-0.08726646259971389,-2.0954862022596044,190,140,150,140,190,190,190
29.564501762390137,0.2834305579878777,6.592051009656347,0.2617993877991417,-0.12217304763959944,-2.0954862022596044,190,140,150,140,190,190,190
29.574921369552612,0.2834305579878777,6.592051009656347,0.2617993877991417,-0.12217304763959944,-2.0954862022596044,190,140,140,140,190,190,210
29.592962503433228,0.2878751855874554,6.58436622648893,0.2617993877991417,-0.17453292519942779,-2.0931640793673956,190,140,140,140,190,190,210
29.603251218795776,0.2878751855874554,6.58436622648893,0.2617993877991417,-0.17453292519942779,-2.0931640793673956,190,140,140,140,190,190,210
29.613455295562744,0.2921263341341368,6.576960399010308,0.2617993877991417,-0.31415926535897,-2.0899832874666826,190,140,140,140,190,190,210
29.623661756515503,0.2921263341341368,6.576960399010308,0.2617993877991417,-0.34906585039885557,-2.0899832874666826,190,140,150,140,190,210,200
29.636863708496094,0.2921263341341368,6.576960399010308,0.2617993877991417,-0.43633231299856945,-2.0899832874666826,190,140,150,140,190,210,200
29.647082090377808,0.2963374002279424,6.569551464638713,0.2617993877991417,-0.43633231299856945,-2.0835399856595274,190,140,150,140,190,210,200
29.657278060913086,0.2963374002279424,6.569551464638713,0.2617993877991417,-0.43633231299856945,-2.0835399856595274,160,140,140,140,190,210,200
29.66747546195984,0.2963374002279424,6.569551464638713,0.2617993877991417,-0.43633231299856945,-2.0835399856595274,160,140,140,140,190,210,200
29.677671432495117,0.30064608660019787,6.561800982747669,0.2617993877991417,-0.43633231299856945,-2.0711650538634925,160,140,140,140,190,210,200
29.688726902008057,0.30064608660019787,6.561800982747669,0.2617993877991417,-0.43633231299856945,-2.0711650538634925,160,140,140,140,190,210,200
29.69889187812805,0.30064608660019787,6.561800982747669,0.2617993877991417,-0.43633231299856945,-2.0711650538634925,160,140,140,140,190,210,200
29.70907974243164,0.30478937347467194,6.554097929632491,0.2617993877991417,-0.43633231299856945,-2.0568550275323885,160,140,140,140,190,210,200
29.71932888031006,0.30478937347467194,6.554097929632491,0.2617993877991417,-0.43633231299856945,-2.0568550275323885,160,140,140,140,190,190,190
29.734574556350708,0.30478937347467194,6.554097929632491,0.2617993877991417,-0.43633231299856945,-2.0568550275323885,160,140,140,140,190,190,190
29.74485468864441,0.3088274881600703,6.546326283335847,0.2617993877991417,-0.43633231299856945,-2.0425044498130993,160,140,140,140,190,190,190
29.75505495071411,0.3088274881600703,6.546326283335847,0.2617993877991417,-0.43633231299856945,-2.0425044498130993,140,140,140,150,210,210,210
29.76533079147339,0.3088274881600703,6.546326283335847,0.2617993877991417,-0.43633231299856945,-2.0425044498130993,140,140,140,150,210,210,210
29.775744676589966,0.31287638208559404,6.538247663329598,0.2617993877991417,-0.43633231299856945,-2.0276909894522435,140,140,140,150,210,210,210
29.78662347793579,0.31287638208559404,6.538247663329598,0.2617993877991417,-0.43633231299856945,-2.0276909894522435,140,140,140,150,210,210,210
29.79682493209839,0.31287638208559404,6.538247663329598,0.2617993877991417,-0.43633231299856945,-2.0276909894522435,140,140,140,150,210,210,210
29.807024478912354,0.3166961039658266,6.530339103436152,0.2617993877991417,-0.43633231299856945,-2.0132919707699313,140,140,140,190,190,200,190
29.817291021347046,0.3166961039658266,6.530339103436152,0.2617993877991417,-0.43633231299856945,-2.0132919707699313,140,140,140,190,190,200,190
29.83424711227417,0.3166961039658266,6.530339103436152,0.2617993877991417,-0.43633231299856945,-2.0132919707699313,140,140,140,190,190,200,190
29.84447431564331,0.3204048299409482,6.522368079879586,0.2617993877991417,-0.43633231299856945,-1.9988827837377905,140,140,140,190,190,200,190
29.854691743850708,0.3204048299409482,6.522368079879586,0.2617993877991417,-0.43633231299856945,-1.9988827837377905,140,140,140,190,190,190,200
29.86573839187622,0.3204048299409482,6.522368079879586,0.2617993877991417,-0.43633231299856945,-1.9988827837377905,140,140,140,190,190,190,200
29.883055925369263,0.32410350172367874,6.51410258456476,0.2617993877991417,-0.43633231299856945,-1.9841115146756634,140,140,140,190,190,190,200
29.893253087997437,0.32410350172367874,6.51410258456476,0.2617993877991417,-0.43633231299856945,-1.9841115146756634,140,140,140,190,190,190,200
29.903393745422363,0.32410350172367874,6.51410258456476,0.2617993877991417,-0.43633231299856945,-1.9841115146756634,140,140,140,190,190,190,200
29.913575172424316,0.3275680530201932,6.506058329529417,0.2617993877991417,-0.43633231299856945,-1.9700182619828406,140,140,140,190,210,200,200
29.92378544807434,0.3275680530201932,6.506058329529417,0.2617993877991417,-0.43633231299856945,-1.9700182619828406,140,140,140,190,210,200,200
29.935193061828613,0.3275680530201932,6.506058329529417,0.2617993877991417,-0.43633231299856945,-1.9700182619828406,140,140,140,190,210,200,200
29.945364475250244,0.3309031163797754,6.498002079583381,0.2617993877991417,-0.43633231299856945,-1.9561655688106219,140,140,140,190,210,200,200
29.95556926727295,0.3309031163797754,6.498002079583381,0.2617993877991417,-0.43633231299856945,-1.9561655688106219,140,140,140,210,210,210,210
29.966403484344482,0.3309031163797754,6.498002079583381,0.2617993877991417,-0.43633231299856945,-1.9561655688106219,140,140,140,210,210,210,210
29.976712703704834,0.33423482373316143,6.489618861129232,0.2617993877991417,-0.43633231299856945,-1.9416051034269952,140,140,140,210,210,210,210
29.989415645599365,0.33423482373316143,6.489618861129232,0.2617993877991417,-0.43633231299856945,-1.9416051034269952,140,140,140,210,210,210,210
29.999706745147705,0.33423482373316143,6.489618861129232,0.2617993877991417,-0.43633231299856945,-1.9416051034269952,140,140,140,210,210,210,210
30.009946584701538,0.33735282516595366,6.481445648365517,0.2617993877991417,-0.43633231299856945,-1.9273368448073336,140,140,140,210,210,210,210
30.020470142364502,0.33735282516595366,6.481445648365517,0.2617993877991417,-0.43633231299856945,-1.9273368448073336,130,130,190,210,210,210,210
30.0396888256073,0.33735282516595366,6.481445648365517,0.2617993877991417,-0.43633231299856945,-1.9273368448073336,130,130,190,210,210,210,210
30.050276517868042,0.3403417279956584,6.473249806716022,0.2617993877991417,-0.43633231299856945,-1.9127933375610546,130,130,190,210,210,210,210
30.060685873031616,0.3403417279956584,6.473249806716022,0.2617993877991417,-0.43633231299856945,-1.9127933375610546,130,130,190,210,210,210,210
30.071105241775513,0.3403417279956584,6.473249806716022,0.2617993877991417,-0.43633231299856945,-1.9127933375610546,130,130,200,210,210,210,210
30.085987329483032,0.34329968782386866,6.464745815930468,0.2617993877991417,-0.43633231299856945,-1.8978349694025343,130,130,200,210,210,210,210
30.09627342224121,0.34329968782386866,6.464745815930468,0.2617993877991417,-0.43633231299856945,-1.8978349694025343,130,130,200,210,210,210,210
30.106476545333862,0.34605407394787424,6.456435509594327,0.2617993877991417,-0.43633231299856945,-1.883320523923827,120,120,210,210,210,210,210
30.11666488647461,0.34605407394787424,6.456435509594327,0.2617993877991417,-0.43633231299856945,-1.883320523923827,120,120,210,210,210,210,210
30.126951932907104,0.34605407394787424,6.456435509594327,0.2617993877991417,-0.43633231299856945,-1.883320523923827,120,120,210,210,210,210,210
30.1378276348114,0.34605407394787424,6.456435509594327,0.2617993877991417,-0.43633231299856945,-1.883320523923827,120,120,210,210,210,210,210
30.148032665252686,0.3486897864171274,6.448077362616513,0.2617993877991417,-0.43633231299856945,-1.8687678663891083,120,120,210,210,210,210,210
30.158246994018555,0.3486897864171274,6.448077362616513,0.2617993877991417,-0.43633231299856945,-1.8687678663891083,120,120,210,210,210,210,210
30.168450832366943,0.3486897864171274,6.448077362616513,0.2617993877991417,-0.43633231299856945,-1.8687678663891083,120,120,210,210,210,210,210
30.178679704666138,0.35127906050797636,6.439421947165041,0.2617993877991417,-0.43633231299856945,-1.8537902258213221,120,130,210,210,210,210,210
30.194831609725952,0.35127906050797636,6.439421947165041,0.2617993877991417,-0.43633231299856945,-1.8537902258213221,120,130,210,210,210,210,210
30.20524024963379,0.35127906050797636,6.439421947165041,0.2617993877991417,-0.43633231299856945,-1.8537902258213221,120,130,210,210,210,210,210
30.215885162353516,0.35366767744957395,6.430996085522528,0.2617993877991417,-0.43633231299856945,-1.8393720818653443,120,190,210,210,210,210,210
30.231887817382812,0.35366767744957395,6.430996085522528,0.2617993877991417,-0.43633231299856945,-1.8393720818653443,120,190,210,210,210,210,210
30.24209213256836,0.35592254246065347,6.42258675745901,0.2617993877991417,-0.43633231299856945,-1.825338533086346,120,190,210,210,210,210,210
30.252408504486084,0.35592254246065347,6.42258675745901,0.2617993877991417,-0.43633231299856945,-1.825338533086346,120,190,210,210,210,210,210
30.262600898742676,0.35592254246065347,6.42258675745901,0.2617993877991417,-0.43633231299856945,-1.825338533086346,120,210,210,200,210,210,200
30.272784948349,0.35592254246065347,6.42258675745901,0.2617993877991417,-0.43633231299856945,-1.825338533086346,120,210,210,200,210,210,200
30.284733533859253,0.3581230370033259,6.4138819291826845,0.2617993877991417,-0.43633231299856945,-1.8108556901774422,120,210,210,200,210,210,200
30.294912099838257,0.3581230370033259,6.4138819291826845,0.2617993877991417,-0.43633231299856945,-1.8108556901774422,120,210,210,200,210,210,200
30.305137395858765,0.3581230370033259,6.4138819291826845,0.2617993877991417,-0.43633231299856945,-1.8108556901774422,120,210,210,200,210,210,210
30.31534433364868,0.3601447639939104,6.405372080373569,0.2617993877991417,-0.43633231299856945,-1.7966555289365935,120,210,210,200,210,210,210
30.334067583084106,0.3601447639939104,6.405372080373569,0.2617993877991417,-0.43633231299856945,-1.7966555289365935,120,210,210,200,210,210,210
30.344290256500244,0.3620479750769481,6.3968238562434365,0.2617993877991417,-0.43633231299856945,-1.7824416859604582,120,210,210,200,210,210,210
30.35448384284973,0.3620479750769481,6.3968238562434365,0.2617993877991417,-0.43633231299856945,-1.7824416859604582,130,190,190,190,200,190,190
30.36467456817627,0.3620479750769481,6.3968238562434365,0.2617993877991417,-0.43633231299856945,-1.7824416859604582,130,190,190,190,200,190,190
30.379339933395386,0.3620479750769481,6.3968238562434365,0.2617993877991417,-0.43633231299856945,-1.7824416859604582,130,190,190,190,200,190,190
30.38973307609558,0.3638839045922868,6.3879762640680635,0.2617993877991417,-0.43633231299856945,-1.7677689492733346,130,190,190,190,200,190,190
30.399927854537964,0.3638839045922868,6.3879762640680635,0.2617993877991417,-0.43633231299856945,-1.7677689492733346,190,210,200,190,200,200,190
30.410097122192383,0.3655433371116317,6.379352221365309,0.2617993877991417,-0.43633231299856945,-1.753493082238628,190,210,200,190,200,200,190
30.420270204544067,0.3655433371116317,6.379352221365309,0.2617993877991417,-0.43633231299856945,-1.753493082238628,190,210,200,190,200,200,190
30.43067193031311,0.3655433371116317,6.379352221365309,0.2617993877991417,-0.43633231299856945,-1.753493082238628,190,210,200,190,200,200,190
30.440864086151123,0.367080731367928,6.370694857204626,0.2617993877991417,-0.43633231299856945,-1.7391765826183365,190,210,200,190,200,200,190
30.451042652130127,0.367080731367928,6.370694857204626,0.2617993877991417,-0.43633231299856945,-1.7391765826183365,190,190,190,190,190,190,190
30.46123170852661,0.367080731367928,6.370694857204626,0.2617993877991417,-0.43633231299856945,-1.7391765826183365,190,190,190,190,190,190,190
30.476473093032837,0.367080731367928,6.370694857204626,0.2617993877991417,-0.43633231299856945,-1.7391765826183365,190,190,190,190,190,190,190
30.48690676689148,0.3685349765540004,6.3617474296209675,0.2617993877991417,-0.43633231299856945,-1.724374429514519,190,190,190,190,190,190,190
30.497177362442017,0.3685349765540004,6.3617474296209675,0.2617993877991417,-0.43633231299856945,-1.724374429514519,190,190,190,190,190,190,190
30.50741195678711,0.3698169343383359,6.353050132075798,0.2617993877991417,-0.43633231299856945,-1.7099995043700964,190,190,190,190,190,190,190
30.517640352249146,0.3698169343383359,6.353050132075798,0.2617993877991417,-0.43633231299856945,-1.7099995043700964,190,190,190,190,190,190,190
30.53243136405945,0.3698169343383359,6.353050132075798,0.2617993877991417,-0.43633231299856945,-1.7099995043700964,190,190,190,190,190,190,190
30.5426082611084,0.3709821670153341,6.344360717908106,0.2617993877991417,-0.43633231299856945,-1.6957369748720623,190,190,190,190,190,190,190
30.55278706550598,0.3709821670153341,6.344360717908106,0.2617993877991417,-0.43633231299856945,-1.6957369748720623,210,200,190,200,200,190,190
30.563006162643433,0.3709821670153341,6.344360717908106,0.2617993877991417,-0.43633231299856945,-1.6957369748720623,210,200,190,200,200,190,190
30.582615613937378,0.37204616327223033,6.33544893854452,0.2617993877991417,-0.43633231299856945,-1.6811666556549367,210,200,190,200,200,190,190
30.592920064926147,0.37204616327223033,6.33544893854452,0.2617993877991417,-0.43633231299856945,-1.6811666556549367,210,200,190,200,200,190,190
30.603261709213257,0.37204616327223033,6.33544893854452,0.2617993877991417,-0.43633231299856945,-1.6811666556549367,210,200,190,200,200,190,190
30.61357593536377,0.372948297272672,6.3267655229342665,0.2617993877991417,-0.43633231299856945,-1.666839627739167,190,190,190,190,190,190,190
30.623774528503418,0.372948297272672,6.3267655229342665,0.2617993877991417,-0.43633231299856945,-1.666839627739167,190,190,190,190,190,190,190
30.638043880462646,0.372948297272672,6.3267655229342665,0.2617993877991417,-0.43633231299856945,-1.666839627739167,190,190,190,190,190,190,190
30.648256063461304,0.3737253923910922,6.318068585468491,0.2617993877991417,-0.43633231299856945,-1.652484350157074,190,190,190,190,190,190,190
30.65846610069275,0.3737253923910922,6.318068585468491,0.2617993877991417,-0.43633231299856945,-1.652484350157074,190,190,190,190,190,190,190
30.668693780899048,0.3737253923910922,6.318068585468491,0.2617993877991417,-0.43633231299856945,-1.652484350157074,190,190,190,190,190,190,190
30.68123149871826,0.3737253923910922,6.318068585468491,0.2617993877991417,-0.43633231299856945,-1.652484350157074,190,190,190,190,190,190,190
30.69148325920105,0.3743963527338615,6.309088138783894,0.2617993877991417,-0.43633231299856945,-1.6376641521129074,190,190,190,190,190,190,190
30.70167827606201,0.3743963527338615,6.309088138783894,0.2617993877991417,-0.40142572795868386,-1.6376641521129074,190,190,190,190,190,190,190
30.711909532546997,0.3749208912112929,6.300352057792585,0.2617993877991417,-0.40142572795868386,-1.6232530595257664,190,190,180,180,190,190,190
30.722115993499756,0.3749208912112929,6.300352057792585,0.2617993877991417,-0.31415926535897,-1.6232530595257664,190,190,180,180,190,190,190
30.733153343200684,0.3749208912112929,6.300352057792585,0.2617993877991417,-0.31415926535897,-1.6232530595257664,190,190,180,180,190,190,190
30.743422985076904,0.37532352907111255,6.291608710951363,0.2617993877991417,-0.31415926535897,-1.609914854177783,190,190,180,180,190,190,190
30.753644704818726,0.37532352907111255,6.291608710951363,0.2617993877991417,-0.31415926535897,-1.609914854177783,190,190,180,180,190,190,190
30.763891458511353,0.37532352907111255,6.291608710951363,0.2617993877991417,-0.31415926535897,-1.609914854177783,180,180,180,180,180,180,180
30.781825065612793,0.37532352907111255,6.291608710951363,0.2617993877991417,-0.31415926535897,-1.609914854177783,180,180,180,180,180,180,180
30.792055130004883,0.375624437600615,6.282560814833461,0.2617993877991417,-0.31415926535897,-1.5979152358253728,180,180,180,180,180,180,180
30.802266836166382,0.375624437600615,6.282560814833461,0.2617993877991417,-0.31415926535897,-1.5979152358253728,180,180,180,180,180,180,180
30.81246829032898,0.37581673906144214,6.273809004690243,0.2617993877991417,-0.31415926535897,-1.587436646352371,180,180,180,150,180,180,180
30.82271385192871,0.37581673906144214,6.273809004690243,0.2617993877991417,-0.31415926535897,-1.587436646352371,180,180,180,150,180,180,180
30.83302640914917,0.37581673906144214,6.273809004690243,0.2617993877991417,-0.31415926535897,-1.587436646352371,180,180,180,150,180,180,180
30.843287467956543,0.37591769122746327,6.265064740533173,0.2617993877991417,-0.31415926535897,-1.5770972606153666,180,180,180,150,180,180,180
30.853562831878662,0.37591769122746327,6.265064740533173,0.2617993877991417,-0.31415926535897,-1.5770972606153666,180,180,180,150,180,180,180
30.86380386352539,0.37591769122746327,6.265064740533173,0.2617993877991417,-0.31415926535897,-1.5770972606153666,190,180,180,140,180,130,180
30.87401556968689,0.37591769122746327,6.265064740533173,0.2617993877991417,-0.31415926535897,-1.5770972606153666,190,180,180,140,180,130,180
30.884283542633057,0.37593301674027707,6.256089343607626,0.2617993877991417,-0.2967059728390272,-1.5667203014495894,190,180,180,140,180,130,180
30.89452314376831,0.37593301674027707,6.256089343607626,0.2617993877991417,-0.2617993877991417,-1.5667203014495894,190,180,180,140,180,130,180
30.90474224090576,0.37593301674027707,6.256089343607626,0.2617993877991417,-0.2617993877991417,-1.5667203014495894,190,180,180,130,180,180,180
30.9157292842865,0.37585504978115086,6.247397795695942,0.2617993877991417,-0.17453292519942779,-1.5568047688075368,190,180,180,130,180,180,180
30.933062314987183,0.37585504978115086,6.247397795695942,0.2617993877991417,-0.13962634015954223,-1.5568047688075368,190,180,180,130,180,180,180
30.943286418914795,0.3756969520175074,6.23868984002534,0.2617993877991417,-0.12217304763959944,-1.5483059237689631,190,180,180,130,180,180,180
30.953497648239136,0.3756969520175074,6.23868984002534,0.2617993877991417,-0.12217304763959944,-1.5483059237689631,190,180,180,140,180,180,180
30.963765382766724,0.3756969520175074,6.23868984002534,0.2617993877991417,-0.08726646259971389,-1.5483059237689631,190,180,180,140,180,180,180
30.974024534225464,0.37546041585076934,6.229678283952919,0.2617993877991417,-0.06981317007977111,-1.5405864231277209,190,180,180,140,180,180,180
30.984256744384766,0.37546041585076934,6.229678283952919,0.2617993877991417,-0.05235987755982833,-1.5405864231277209,190,180,180,140,180,180,180
30.994468927383423,0.37546041585076934,6.229678283952919,0.2617993877991417,0.0,-1.5405864231277209,190,180,180,140,180,180,180
31.004658937454224,0.37546041585076934,6.229678283952919,0.2617993877991417,0.0,-1.5405864231277209,190,180,180,180,180,180,180
31.01485276222229,0.37517814063253463,6.221087822570167,0.2617993877991417,0.0,-1.5362430117698491,190,180,180,180,180,180,180
31.033198595046997,0.37517814063253463,6.221087822570167,0.2617993877991417,0.0,-1.5362430117698491,190,180,180,180,180,180,180
31.043477058410645,0.3748859309731481,6.212657474809372,0.2617993877991417,0.0,-1.5343810056739435,190,180,180,180,180,180,180
31.05369257926941,0.3748859309731481,6.212657474809372,0.2617993877991417,0.0,-1.5343810056739435,180,180,180,140,130,180,180
31.063926935195923,0.3748859309731481,6.212657474809372,0.2617993877991417,0.0,-1.5343810056739435,180,180,180,140,130,180,180
31.078860998153687,0.3748859309731481,6.212657474809372,0.2617993877991417,0.0,-1.5343810056739435,180,180,180,140,130,180,180
31.08923029899597,0.37456665335666905,6.203927822603319,0.2617993877991417,0.05235987755982833,-1.5331521008284292,180,180,180,140,130,180,180
31.099441051483154,0.37456665335666905,6.203927822603319,0.2617993877991417,0.05235987755982833,-1.5331521008284292,180,180,180,140,130,180,180
31.109859943389893,0.3742422285986738,6.19531370240637,0.2617993877991417,0.06981317007977111,-1.5328940824531936,180,180,180,140,140,180,180
31.120144844055176,0.3742422285986738,6.19531370240637,0.2617993877991417,0.08726646259971389,-1.5328940824531936,180,180,180,140,140,180,180
31.13091492652893,0.3742422285986738,6.19531370240637,0.2617993877991417,0.08726646259971389,-1.5328940824531936,180,180,180,140,140,180,180
31.14111351966858,0.3739201234924379,6.18668741796957,0.2617993877991417,0.08726646259971389,-1.5347240374972397,180,180,180,140,140,180,180
31.15133547782898,0.3739201234924379,6.18668741796957,0.2617993877991417,0.08726646259971389,-1.5347240374972397,180,180,180,140,140,180,180
31.161540746688843,0.3739201234924379,6.18668741796957,0.2617993877991417,0.08726646259971389,-1.5347240374972397,180,180,180,180,140,180,180
31.171786546707153,0.3739201234924379,6.18668741796957,0.2617993877991417,0.08726646259971389,-1.5347240374972397,180,180,180,180,140,180,180
31.18266725540161,0.3736087557128543,6.177799432495668,0.2617993877991417,0.08726646259971389,-1.5374236167464506,180,180,180,180,140,180,180
31.192869424819946,0.3736087557128543,6.177799432495668,0.2617993877991417,0.08726646259971389,-1.5374236167464506,180,180,180,180,140,180,180
31.203069925308228,0.3736087557128543,6.177799432495668,0.2617993877991417,0.06981317007977111,-1.5374236167464506,180,180,180,180,140,180,180
31.213300228118896,0.3733357141848808,6.169167966953694,0.2617993877991417,0.06981317007977111,-1.5401151925341932,180,180,180,180,180,180,180
31.223522186279297,0.3733357141848808,6.169167966953694,0.2617993877991417,0.05235987755982833,-1.5401151925341932,180,180,180,180,180,180,180
31.234764337539673,0.3733357141848808,6.169167966953694,0.2617993877991417,0.05235987755982833,-1.5401151925341932,180,180,180,180,180,180,180
31.244977474212646,0.3730857092247485,6.160534806097295,0.2617993877991417,0.0,-1.542372851891937,180,180,180,180,180,180,180
31.255178451538086,0.3730857092247485,6.160534806097295,0.2617993877991417,0.0,-1.542372851891937,180,180,180,180,180,180,180
31.265378952026367,0.3730857092247485,6.160534806097295,0.2617993877991417,0.0,-1.542372851891937,180,180,180,180,180,180,180
31.28047013282776,0.3730857092247485,6.160534806097295,0.2617993877991417,0.0,-1.542372851891937,180,180,180,180,180,180,180
31.290685415267944,0.372840439590741,6.151712308557305,0.2617993877991417,0.0,-1.543332482378906,180,180,180,180,180,180,180
31.300877332687378,0.372840439590741,6.151712308557305,0.2617993877991417,0.0,-1.543332482378906,180,180,180,180,180,180,180
31.311068773269653,0.372606012955521,6.143083907755367,0.2617993877991417,0.0,-1.5435350939034502,180,180,180,130,180,180,180
31.32122540473938,0.372606012955521,6.143083907755367,0.2617993877991417,0.0,-1.5435350939034502,180,180,180,130,180,180,180
31.331596851348877,0.372606012955521,6.143083907755367,0.2617993877991417,0.0,-1.5435350939034502,180,180,180,130,180,180,180
31.341797590255737,0.37237172275742725,6.134453705308191,0.2617993877991417,0.0,-1.5437578167287813,180,180,180,130,180,180,180
31.35198473930359,0.37237172275742725,6.134453705308191,0.2617993877991417,0.0,-1.5437578167287813,190,180,180,180,180,180,180
31.362180948257446,0.37237172275742725,6.134453705308191,0.2617993877991417,0.0,-1.5437578167287813,190,180,180,180,180,180,180
31.37239098548889,0.37237172275742725,6.134453705308191,0.2617993877991417,0.0,-1.5437578167287813,190,180,180,180,180,180,180
31.382774353027344,0.37237172275742725,6.134453705308191,0.2617993877991417,0.0,-1.5437578167287813,190,180,180,180,180,180,180
31.393418312072754,0.37213228352258293,6.125558074202553,0.2617993877991417,0.0,-1.5439101321984487,190,180,180,180,180,180,180
31.40363097190857,0.37213228352258293,6.125558074202553,0.2617993877991417,0.0,-1.5439101321984487,190,180,180,180,180,180,180
31.413830518722534,0.37190607292774136,6.116933617432034,0.2617993877991417,0.0,-1.5438955250312318,180,180,180,180,180,180,180
31.42408561706543,0.37190607292774136,6.116933617432034,0.2617993877991417,0.0,-1.5438955250312318,180,180,180,180,180,180,180
31.4349045753479,0.37190607292774136,6.116933617432034,0.2617993877991417,0.0,-1.5438955250312318,180,180,180,180,180,180,180
31.445130586624146,0.37167561820184114,6.10835404210963,0.2617993877991417,0.0,-1.5435031073459484,180,180,180,180,180,180,180
31.45534086227417,0.37167561820184114,6.10835404210963,0.2617993877991417,0.0,-1.5435031073459484,180,180,180,130,180,180,180
31.465542554855347,0.37167561820184114,6.10835404210963,0.2617993877991417,0.0,-1.5435031073459484,180,180,180,130,180,180,180
31.479276180267334,0.37167561820184114,6.10835404210963,0.2617993877991417,0.0,-1.5435031073459484,180,180,180,130,180,180,180
31.48951768875122,0.37143527396814285,6.099473441521418,0.2617993877991417,0.0,-1.543325345771479,180,180,180,130,180,180,180
31.49980592727661,0.37143527396814285,6.099473441521418,0.2617993877991417,0.0,-1.543325345771479,180,180,180,140,180,180,180
31.510026454925537,0.371198589165524,6.090845625614772,0.2617993877991417,0.0,-1.5431408082564797,180,180,180,140,180,180,180
31.52031970024109,0.371198589165524,6.090845625614772,0.2617993877991417,0.0,-1.5431408082564797,180,180,180,140,180,180,180
31.530524253845215,0.371198589165524,6.090845625614772,0.2617993877991417,0.0,-1.5431408082564797,180,180,180,140,180,180,180
31.540730953216553,0.37095953212347454,6.082206458490402,0.2617993877991417,0.0,-1.5429653511689965,180,180,180,140,180,180,180
31.550902128219604,0.37095953212347454,6.082206458490402,0.2617993877991417,0.0,-1.5429653511689965,180,180,180,140,180,180,180
31.56113910675049,0.37095953212347454,6.082206458490402,0.2617993877991417,0.0,-1.5429653511689965,180,180,180,140,180,180,180
31.571409940719604,0.37095953212347454,6.082206458490402,0.2617993877991417,0.0,-1.5429653511689965,180,180,180,140,180,180,180
31.581618547439575,0.3707109888564081,6.073296121173394,0.2617993877991417,0.0,-1.5428057376264805,180,180,180,140,180,180,180
31.591827392578125,0.3707109888564081,6.073296121173394,0.2617993877991417,0.0,-1.5428057376264805,180,180,180,140,180,180,180
31.602026224136353,0.3707109888564081,6.073296121173394,0.2617993877991417,0.0,-1.5428057376264805,180,180,180,180,180,180,180
31.612204551696777,0.3704685173328917,6.0646467406231706,0.2617993877991417,0.0,-1.5427054985666753,180,180,180,180,180,180,180
31.622400760650635,0.3704685173328917,6.0646467406231706,0.2617993877991417,0.0,-1.5427054985666753,180,180,180,180,180,180,180
31.6328866481781,0.3704685173328917,6.0646467406231706,0.2617993877991417,0.0,-1.5427054985666753,180,180,180,180,180,180,180
31.64307928085327,0.3704685173328917,6.0646467406231706,0.2617993877991417,0.0,-1.5427054985666753,180,180,180,180,180,180,180
31.653258323669434,0.3702304991718747,6.0560010962498545,0.2617993877991417,0.0,-1.5426890937785405,180,180,180,180,180,180,180
31.663583755493164,0.3702304991718747,6.0560010962498545,0.2617993877991417,0.0,-1.5426890937785405,180,180,180,180,180,180,180
31.679880380630493,0.36998206054752203,6.047110052558851,0.2617993877991417,0.0,-1.5428424205502125,180,180,180,180,180,180,180
31.690035343170166,0.36998206054752203,6.047110052558851,0.2617993877991417,0.0,-1.5428424205502125,180,180,180,180,180,180,180
31.700343370437622,0.36998206054752203,6.047110052558851,0.2617993877991417,0.0,-1.5428424205502125,180,180,180,180,180,180,180
31.710618257522583,0.36974203515105214,6.038482061063075,0.2617993877991417,0.0,-1.5430503714653334,180,180,180,180,120,180,180
31.720817804336548,0.36974203515105214,6.038482061063075,0.2617993877991417,0.0,-1.5430503714653334,180,180,180,180,120,180,180
31.736209392547607,0.36974203515105214,6.038482061063075,0.2617993877991417,0.0,-1.5430503714653334,180,180,180,180,120,180,180
31.74640727043152,0.3695036978734719,6.029849827919545,0.2617993877991417,0.0,-1.5432618208273214,180,180,180,180,120,180,180
31.75660490989685,0.3695036978734719,6.029849827919545,0.2617993877991417,0.0,-1.5432618208273214,180,180,180,180,180,180,180
31.766804695129395,0.3695036978734719,6.029849827919545,0.2617993877991417,0.0,-1.5432618208273214,180,180,180,180,180,180,180
31.780978679656982,0.3695036978734719,6.029849827919545,0.2617993877991417,0.05235987755982833,-1.5432618208273214,180,180,180,180,180,180,180
31.7913076877594,0.368917694173538,6.021429558546542,0.2617993877991417,0.05235987755982833,-1.5537190229181015,180,180,180,180,180,180,180
31.801505088806152,0.368917694173538,6.021429558546542,0.2617993877991417,0.06981317007977111,-1.5537190229181015,180,180,180,180,180,180,180
31.81170344352722,0.367913480967884,6.013659107447806,0.2617993877991417,0.06981317007977111,-1.577562574935978,180,180,180,180,180,180,180
31.821925163269043,0.367913480967884,6.013659107447806,0.2617993877991417,0.08726646259971389,-1.577562574935978,180,180,180,180,180,180,180
31.836371183395386,0.367913480967884,6.013659107447806,0.2617993877991417,0.08726646259971389,-1.577562574935978,180,180,180,180,180,180,180
31.84667730331421,0.36706242288298796,6.005499029268313,0.2617993877991417,0.2268928027592561,-1.6002945857279582,180,180,180,180,180,180,180
31.856854915618896,0.36706242288298796,6.005499029268313,0.2617993877991417,0.2268928027592561,-1.6002945857279582,180,180,180,180,180,180,180
31.867051362991333,0.36706242288298796,6.005499029268313,0.2617993877991417,0.2268928027592561,-1.6002945857279582,180,180,180,180,180,180,180
31.879732847213745,0.36646444388623867,5.9968252837050695,0.2617993877991417,0.24434609527919887,-1.6221057335711684,180,180,180,180,180,180,180
31.889975547790527,0.36646444388623867,5.9968252837050695,0.2617993877991417,0.24434609527919887,-1.6221057335711684,180,180,180,180,180,180,180
31.900176286697388,0.36646444388623867,5.9968252837050695,0.2617993877991417,0.2617993877991417,-1.6221057335711684,190,180,180,180,180,180,180
31.910383462905884,0.36615425067499463,5.988322033805867,0.2617993877991417,0.2617993877991417,-1.6428742375648142,190,180,180,180,180,180,180
31.92060947418213,0.36615425067499463,5.988322033805867,0.2617993877991417,0.2617993877991417,-1.6428742375648142,190,180,180,180,180,180,180
31.93087673187256,0.36615425067499463,5.988322033805867,0.2617993877991417,0.2617993877991417,-1.6428742375648142,190,180,180,180,180,180,180
31.94110417366028,0.36655032036101576,5.979856659971269,0.2617993877991417,0.2617993877991417,-1.6561652687978885,190,180,180,180,180,180,180
31.951305389404297,0.36655032036101576,5.979856659971269,0.2617993877991417,0.2617993877991417,-1.6561652687978885,190,180,180,180,180,180,180
31.9614896774292,0.36655032036101576,5.979856659971269,0.2617993877991417,0.2617993877991417,-1.6561652687978885,190,180,180,180,180,180,180
31.971689701080322,0.36655032036101576,5.979856659971269,0.2617993877991417,0.2617993877991417,-1.6561652687978885,190,180,180,180,180,180,180
31.983745336532593,0.3673495050985411,5.971053197964783,0.2617993877991417,0.24434609527919887,-1.6648493128203259,190,180,180,180,180,180,180
31.993950128555298,0.3673495050985411,5.971053197964783,0.2617993877991417,0.2268928027592561,-1.6648493128203259,190,180,180,180,180,180,180
32.00415229797363,0.3673495050985411,5.971053197964783,0.2617993877991417,0.2268928027592561,-1.6648493128203259,190,180,180,180,180,180,180
32.01438856124878,0.36819147382692496,5.962503721216746,0.2617993877991417,0.19198621771937055,-1.673325249727543,190,180,180,180,180,180,180
32.02458739280701,0.36819147382692496,5.962503721216746,0.2617993877991417,0.06981317007977111,-1.673325249727543,190,180,180,180,180,180,180
32.03489565849304,0.36819147382692496,5.962503721216746,0.2617993877991417,0.06981317007977111,-1.673325249727543,190,180,180,180,180,180,180
32.045127868652344,0.3691030929733669,5.9539450604550614,0.2617993877991417,0.06981317007977111,-1.6807407130339556,190,180,180,180,180,180,180
32.05534362792969,0.3691030929733669,5.9539450604550614,0.2617993877991417,0.05235987755982833,-1.6807407130339556,190,180,180,180,180,180,180
32.06557106971741,0.3691030929733669,5.9539450604550614,0.2617993877991417,0.05235987755982833,-1.6807407130339556,190,180,180,180,180,180,180
32.080730676651,0.3691030929733669,5.9539450604550614,0.2617993877991417,0.0,-1.6807407130339556,190,180,180,180,180,180,180
32.09097409248352,0.37008790242199363,5.945271646791081,0.2617993877991417,0.0,-1.6862170089421815,190,180,180,180,180,180,180
32.101155042648315,0.37008790242199363,5.945271646791081,0.2617993877991417,0.0,-1.6862170089421815,190,180,180,180,180,180,180
32.1113646030426,0.3710639658214294,5.93700629948856,0.2617993877991417,0.0,-1.6892270230279376,190,190,180,180,180,180,180
32.121593952178955,0.3710639658214294,5.93700629948856,0.2617993877991417,0.0,-1.6892270230279376,190,190,180,180,180,180,180
32.13604426383972,0.3710639658214294,5.93700629948856,0.2617993877991417,0.0,-1.6892270230279376,190,190,180,180,180,180,180
32.14647197723389,0.3720717435169749,5.9285900841990555,0.2617993877991417,0.0,-1.690434894411943,190,190,180,180,180,180,180
32.15672850608826,0.3720717435169749,5.9285900841990555,0.2617993877991417,0.0,-1.690434894411943,190,190,180,180,180,180,180
32.16694188117981,0.3720717435169749,5.9285900841990555,0.2617993877991417,0.0,-1.690434894411943,190,190,180,180,180,180,180
32.18185615539551,0.3720717435169749,5.9285900841990555,0.2617993877991417,0.0,-1.690434894411943,190,190,180,180,180,180,180
32.192054748535156,0.3731415650952127,5.9197594197002115,0.2617993877991417,0.0,-1.6906253033713232,190,190,180,180,180,180,180
32.202229261398315,0.3731415650952127,5.9197594197002115,0.2617993877991417,0.0,-1.6906253033713232,190,190,180,180,180,180,180
32.21241855621338,0.37417256922038034,5.911205863393736,0.2617993877991417,0.0,-1.6905795308780787,190,190,180,180,180,180,180
32.22261691093445,0.37417256922038034,5.911205863393736,0.2617993877991417,0.0,-1.6905795308780787,190,190,180,180,180,180,180
32.24024152755737,0.3752041514658284,5.90264879997243,0.2617993877991417,0.0,-1.690498602707947,190,190,180,180,180,180,180
32.25049662590027,0.3752041514658284,5.90264879997243,0.2617993877991417,0.0,-1.690498602707947,190,190,180,180,180,180,180
32.26069116592407,0.3752041514658284,5.90264879997243,0.2617993877991417,0.0,-1.690498602707947,190,180,180,180,180,180,180
32.27091836929321,0.3752041514658284,5.90264879997243,0.2617993877991417,0.0,-1.690498602707947,190,180,180,180,180,180,180
32.28233981132507,0.3762653842223241,5.893827429916074,0.2617993877991417,0.0,-1.6903781295783717,190,180,180,180,180,180,180
32.29257941246033,0.3762653842223241,5.893827429916074,0.2617993877991417,0.0,-1.6903781295783717,190,180,180,180,180,180,180
32.30318331718445,0.3762653842223241,5.893827429916074,0.2617993877991417,0.0,-1.6903781295783717,190,180,180,180,180,180,180
32.31336808204651,0.37729589531517693,5.885254228813346,0.2617993877991417,0.0,-1.6902663767966575,180,180,180,180,180,180,180
32.32355499267578,0.37729589531517693,5.885254228813346,0.2617993877991417,0.0,-1.6902663767966575,180,180,180,180,180,180,180
32.33390402793884,0.37729589531517693,5.885254228813346,0.2617993877991417,0.0,-1.6902663767966575,180,180,180,180,180,180,180
32.344085454940796,0.378326789313957,5.876670526429077,0.2617993877991417,0.0,-1.6901643327492892,180,180,180,180,180,180,180
32.35427212715149,0.378326789313957,5.876670526429077,0.2617993877991417,0.0,-1.6901643327492892,180,180,180,180,180,180,180
32.365275144577026,0.378326789313957,5.876670526429077,0.2617993877991417,0.0,-1.6901643327492892,180,180,180,180,180,180,180
32.38268494606018,0.3793885744812629,5.867817175757591,0.2617993877991417,0.0,-1.6900626052475956,180,180,180,180,180,180,180
32.39289402961731,0.3793885744812629,5.867817175757591,0.2617993877991417,0.0,-1.6900626052475956,180,180,180,180,180,180,180
32.40308475494385,0.3793885744812629,5.867817175757591,0.2617993877991417,0.0,-1.6900626052475956,180,180,180,180,180,180,180
32.413336992263794,0.3804189462444337,5.859219608892091,0.2617993877991417,0.0,-1.689997080083949,180,180,180,180,180,180,180
32.423627853393555,0.3804189462444337,5.859219608892091,0.2617993877991417,-0.06981317007977111,-1.689997080083949,180,180,180,180,180,180,180
32.43386721611023,0.3804189462444337,5.859219608892091,0.2617993877991417,-0.08726646259971389,-1.689997080083949,180,180,180,180,180,180,180
32.444061517715454,0.38144702974303435,5.85062528590057,0.2617993877991417,-0.12217304763959944,-1.6900281404962652,180,180,180,180,180,180,180
32.454269886016846,0.38144702974303435,5.85062528590057,0.2617993877991417,-0.12217304763959944,-1.6900281404962652,180,180,180,180,180,180,180
32.46452736854553,0.38144702974303435,5.85062528590057,0.2617993877991417,-0.13962634015954223,-1.6900281404962652,180,180,180,180,180,180,180
32.48290467262268,0.38144702974303435,5.85062528590057,0.2617993877991417,-0.13962634015954223,-1.6900281404962652,180,180,180,180,180,180,180
32.493130922317505,0.38144702974303435,5.85062528590057,0.2617993877991417,-0.13962634015954223,-1.6900281404962652,180,180,180,180,180,180,180
32.5033175945282,0.3824893625655336,5.84192717839608,0.2617993877991417,-0.19198621771937055,-1.6885921979570444,180,180,180,180,180,180,180
32.513649463653564,0.3834754964016272,5.83353149312347,0.2617993877991417,-0.20943951023931331,-1.6857636815589334,180,180,180,180,180,180,180
32.53105068206787,0.3834754964016272,5.83353149312347,0.2617993877991417,-0.20943951023931331,-1.6857636815589334,180,180,180,180,180,180,180
32.54132914543152,0.38444058724097174,5.824996160441946,0.2617993877991417,-0.2617993877991417,-1.6804724262095108,180,180,180,180,180,180,180
32.55152869224548,0.38444058724097174,5.824996160441946,0.2617993877991417,-0.2617993877991417,-1.6804724262095108,180,180,180,180,180,180,180
32.56182265281677,0.38444058724097174,5.824996160441946,0.2617993877991417,-0.27925268031908446,-1.6804724262095108,180,180,180,180,180,180,180
32.572020292282104,0.38444058724097174,5.824996160441946,0.2617993877991417,-0.27925268031908446,-1.6804724262095108,180,180,180,180,180,180,180
32.58250021934509,0.3853967270538113,5.816081163308134,0.2617993877991417,-0.27925268031908446,-1.6731424745922308,180,180,180,180,180,180,180
32.592716455459595,0.3853967270538113,5.816081163308134,0.2617993877991417,-0.2967059728390272,-1.6731424745922308,180,180,180,180,180,180,180
32.60290312767029,0.3853967270538113,5.816081163308134,0.2617993877991417,-0.31415926535897,-1.6731424745922308,180,180,190,180,180,180,180
32.61311411857605,0.3862568821493564,5.807364026504162,0.2617993877991417,-0.31415926535897,-1.6646191204697804,180,180,190,180,180,180,180
32.62333154678345,0.3862568821493564,5.807364026504162,0.2617993877991417,-0.31415926535897,-1.6646191204697804,180,180,190,180,180,180,180
32.63553261756897,0.3862568821493564,5.807364026504162,0.2617993877991417,-0.31415926535897,-1.6646191204697804,180,180,190,180,180,180,180
32.64572286605835,0.3870354806312057,5.798672913766041,0.2617993877991417,-0.31415926535897,-1.6543956206000354,180,180,190,180,180,180,180
32.65594244003296,0.3870354806312057,5.798672913766041,0.2617993877991417,-0.31415926535897,-1.6543956206000354,180,180,180,180,180,180,180
32.666189670562744,0.3870354806312057,5.798672913766041,0.2617993877991417,-0.19198621771937055,-1.6543956206000354,180,180,180,180,180,180,180
32.68116879463196,0.3870354806312057,5.798672913766041,0.2617993877991417,-0.19198621771937055,-1.6543956206000354,180,180,180,180,180,180,180
32.69149923324585,0.3877388384601791,5.789719859782486,0.2617993877991417,-0.06981317007977111,-1.643612962679661,180,180,180,180,180,180,180
32.7017240524292,0.3877388384601791,5.789719859782486,0.2617993877991417,-0.05235987755982833,-1.643612962679661,180,180,180,180,180,180,180
32.71190810203552,0.388336752963458,5.781122719802042,0.2617993877991417,-0.05235987755982833,-1.6377488937068279,180,180,180,180,180,180,180
32.72213554382324,0.388336752963458,5.781122719802042,0.2617993877991417,0.0,-1.6377488937068279,180,180,180,180,180,180,180
32.733739376068115,0.388336752963458,5.781122719802042,0.2617993877991417,0.0,-1.6377488937068279,180,180,180,180,180,180,180
32.74396634101868,0.38890643279117176,5.7724912600130285,0.2617993877991417,0.0,-1.6358768713108636,180,180,180,180,180,180,180
32.75418567657471,0.38890643279117176,5.7724912600130285,0.2617993877991417,0.0,-1.6358768713108636,180,180,180,180,180,180,180
32.764395236968994,0.38890643279117176,5.7724912600130285,0.2617993877991417,0.0,-1.6358768713108636,180,180,180,180,180,180,180
32.785402059555054,0.38890643279117176,5.7724912600130285,0.2617993877991417,0.0,-1.6358768713108636,180,180,180,180,180,180,180
32.795729637145996,0.3894843971943388,5.763591827139093,0.2617993877991417,0.0,-1.6356049747164634,180,180,180,180,180,180,180
32.805933475494385,0.39004344168586913,5.754961976470122,0.2617993877991417,0.0,-1.6355679612631011,190,180,180,180,180,180,180
32.81684875488281,0.39004344168586913,5.754961976470122,0.2617993877991417,0.0,-1.6355679612631011,190,180,180,180,180,180,180
32.832403898239136,0.39004344168586913,5.754961976470122,0.2617993877991417,0.0,-1.6355679612631011,190,180,180,180,180,180,180
32.842631101608276,0.3906052722581399,5.746361223625611,0.2617993877991417,0.0,-1.6357890629640848,190,180,180,180,180,180,180
32.85284423828125,0.3906052722581399,5.746361223625611,0.2617993877991417,0.0,-1.6357890629640848,180,180,180,180,180,180,180
32.863064765930176,0.3906052722581399,5.746361223625611,0.2617993877991417,0.0,-1.6357890629640848,180,180,180,180,180,180,180
32.873300313949585,0.3906052722581399,5.746361223625611,0.2617993877991417,0.0,-1.6357890629640848,180,180,180,180,180,180,180
32.88363003730774,0.3911838278829301,5.737511026478634,0.2617993877991417,0.0,-1.6361397580894508,180,180,180,180,180,180,180
32.89384436607361,0.3911838278829301,5.737511026478634,0.2617993877991417,0.0,-1.6361397580894508,180,180,180,180,180,180,180
32.904053926467896,0.3911838278829301,5.737511026478634,0.2617993877991417,0.0,-1.6361397580894508,180,180,180,180,180,180,180
32.91431021690369,0.39174968797659465,5.728898433292257,0.2617993877991417,0.0,-1.6363795999352087,190,190,180,180,180,180,180
32.93247175216675,0.39174968797659465,5.728898433292257,0.2617993877991417,0.0,-1.6363795999352087,190,190,180,180,180,180,180
32.94268178939819,0.39231696563450064,5.720280889208403,0.2617993877991417,0.0,-1.6366087632493307,190,190,180,180,180,180,180
32.953179121017456,0.39231696563450064,5.720280889208403,0.2617993877991417,0.0,-1.6366087632493307,190,190,180,180,180,180,180
32.963711977005005,0.39231696563450064,5.720280889208403,0.2617993877991417,0.0,-1.6366087632493307,180,180,180,180,180,180,180
32.98028874397278,0.39290318973804994,5.7114013228566165,0.2617993877991417,0.0,-1.636747266183954,180,180,180,180,180,180,180
32.9905161857605,0.39290318973804994,5.7114013228566165,0.2617993877991417,0.0,-1.636747266183954,180,180,180,180,180,180,180
33.000762701034546,0.39290318973804994,5.7114013228566165,0.2617993877991417,0.0,-1.636747266183954,180,180,180,180,180,180,180
33.011005878448486,0.3934760649378781,5.702787030987485,0.2617993877991417,0.0,-1.636756258257818,180,180,180,180,180,180,180
33.021236181259155,0.3934760649378781,5.702787030987485,0.2617993877991417,0.0,-1.636756258257818,180,180,180,180,180,180,180
33.03276538848877,0.3934760649378781,5.702787030987485,0.2617993877991417,0.0,-1.636756258257818,180,180,180,180,180,180,180
33.04297590255737,0.39404612942396594,5.694184730502329,0.2617993877991417,0.0,-1.6366175964595657,180,180,180,180,180,180,180
33.05315089225769,0.39404612942396594,5.694184730502329,0.2617993877991417,0.0,-1.6366175964595657,180,190,180,180,180,180,180
33.063416481018066,0.39404612942396594,5.694184730502329,0.2617993877991417,0.0,-1.6366175964595657,180,190,180,180,180,180,180
33.08067321777344,0.39404612942396594,5.694184730502329,0.2617993877991417,0.0,-1.6366175964595657,180,190,180,180,180,180,180
33.091071367263794,0.39463191625566946,5.68531408457645,0.2617993877991417,0.0,-1.636458040599316,180,190,180,180,180,180,180
33.10129475593567,0.39463191625566946,5.68531408457645,0.2617993877991417,0.0,-1.636458040599316,180,190,180,180,180,180,180
33.11154007911682,0.3951986857164605,5.676695092086108,0.2617993877991417,0.0,-1.6362924857224168,190,190,180,180,180,180,180
33.12821841239929,0.3951986857164605,5.676695092086108,0.2617993877991417,-0.06981317007977111,-1.6362924857224168,190,190,180,180,180,180,180
33.13844132423401,0.3951986857164605,5.676695092086108,0.2617993877991417,-0.06981317007977111,-1.6362924857224168,190,190,180,180,180,180,180
33.14867973327637,0.39576415469940607,5.66806612797884,0.2617993877991417,-0.08726646259971389,-1.6361411578207439,190,190,180,180,180,180,180
33.15889930725098,0.39576415469940607,5.66806612797884,0.2617993877991417,-0.10471975511965666,-1.6361411578207439,190,190,180,180,180,180,180
33.16910243034363,0.39576415469940607,5.66806612797884,0.2617993877991417,-0.10471975511965666,-1.6361411578207439,190,190,180,180,180,180,180
33.18084692955017,0.39633936364301414,5.659164328731459,0.2617993877991417,-0.13962634015954223,-1.6339165963878894,190,190,180,180,180,180,180
33.191049575805664,0.39633936364301414,5.659164328731459,0.2617993877991417,-0.157079632679485,-1.6339165963878894,190,190,180,180,180,180,180
33.2013053894043,0.39633936364301414,5.659164328731459,0.2617993877991417,-0.157079632679485,-1.6339165963878894,190,190,180,180,180,180,180
33.21152210235596,0.3968724167236108,5.650516247910628,0.2617993877991417,-0.19198621771937055,-1.6305618839183174,190,190,180,180,180,180,180
33.22175073623657,0.3968724167236108,5.650516247910628,0.2617993877991417,-0.20943951023931331,-1.6305618839183174,190,190,180,180,180,180,180
33.237332820892334,0.3968724167236108,5.650516247910628,0.2617993877991417,-0.2268928027592561,-1.6305618839183174,190,190,180,180,180,180,180
33.24756741523743,0.39737237218549576,5.641942850947593,0.2617993877991417,-0.24434609527919887,-1.626671406458008,190,190,180,180,180,180,180
33.25781559944153,0.39737237218549576,5.641942850947593,0.2617993877991417,-0.24434609527919887,-1.626671406458008,190,190,180,180,180,180,180
33.268027544021606,0.39737237218549576,5.641942850947593,0.2617993877991417,-0.2617993877991417,-1.626671406458008,190,190,180,180,180,180,180
33.280741691589355,0.39737237218549576,5.641942850947593,0.2617993877991417,-0.27925268031908446,-1.626671406458008,190,190,180,180,180,180,180
33.291040658950806,0.3978431779635749,5.633174634178694,0.2617993877991417,-0.2967059728390272,-1.6206383375388547,190,190,180,180,180,180,180
33.30125689506531,0.3978431779635749,5.633174634178694,0.2617993877991417,-0.31415926535897,-1.6206383375388547,190,190,180,180,180,180,180
33.31145691871643,0.398239459375162,5.624532122122602,0.2617993877991417,-0.33161255787891275,-1.612161820680122,190,190,180,180,180,180,180
33.321767807006836,0.398239459375162,5.624532122122602,0.2617993877991417,-0.33161255787891275,-1.612161820680122,190,190,180,180,180,180,180
33.336235761642456,0.398239459375162,5.624532122122602,0.2617993877991417,-0.33161255787891275,-1.612161820680122,190,190,180,180,180,180,180
33.346436738967896,0.39855907772534716,5.615812163325996,0.2617993877991417,-0.34906585039885557,-1.6021302786436924,190,190,180,180,180,180,180
33.356642961502075,0.39855907772534716,5.615812163325996,0.2617993877991417,-0.34906585039885557,-1.6021302786436924,190,190,180,180,180,180,180
33.366844177246094,0.39855907772534716,5.615812163325996,0.2617993877991417,-0.34906585039885557,-1.6021302786436924,190,190,180,180,180,180,180
33.380051136016846,0.39879338670046127,5.606811469584862,0.2617993877991417,-0.34906585039885557,-1.5910672770546783,190,190,180,180,180,180,180
33.39033007621765,0.39879338670046127,5.606811469584862,0.2617993877991417,-0.34906585039885557,-1.5910672770546783,190,190,180,180,180,180,180
33.40055704116821,0.39879338670046127,5.606811469584862,0.2617993877991417,-0.34906585039885557,-1.5910672770546783,180,180,180,180,180,180,180
33.41078472137451,0.398926978331516,5.5980679206018085,0.2617993877991417,-0.34906585039885557,-1.579649208826747,180,180,180,180,180,180,180
33.42101454734802,0.398926978331516,5.5980679206018085,0.2617993877991417,-0.34906585039885557,-1.579649208826747,180,180,180,180,180,180,180
33.4327073097229,0.398926978331516,5.5980679206018085,0.2617993877991417,-0.20943951023931331,-1.579649208826747,180,180,180,180,180,180,180
33.442896604537964,0.3989569917569205,5.589330026198867,0.2617993877991417,-0.20943951023931331,-1.5680741594098877,180,180,180,180,180,180,180
33.45319104194641,0.3989569917569205,5.589330026198867,0.2617993877991417,-0.08726646259971389,-1.5680741594098877,180,180,180,180,180,180,180
33.4634895324707,0.3989569917569205,5.589330026198867,0.2617993877991417,-0.06981317007977111,-1.5680741594098877,180,180,180,180,180,180,180
33.48087954521179,0.39889611123845986,5.580536181282004,0.2617993877991417,-0.06981317007977111,-1.5594181489554404,180,180,180,180,180,180,180
33.49116277694702,0.39889611123845986,5.580536181282004,0.2617993877991417,0.0,-1.5594181489554404,180,180,180,180,180,180,180
33.50149416923523,0.39889611123845986,5.580536181282004,0.2617993877991417,0.0,-1.5594181489554404,180,180,180,180,180,180,180
33.511762380599976,0.3987823528808938,5.572049169948544,0.2617993877991417,0.0,-1.5557105615523537,180,180,180,180,180,180,180
33.52196407318115,0.3987823528808938,5.572049169948544,0.2617993877991417,0.0,-1.5557105615523537,180,180,180,180,180,180,180
33.53843832015991,0.3987823528808938,5.572049169948544,0.2617993877991417,0.0,-1.5557105615523537,180,180,180,180,180,180,180
33.54870104789734,0.39864748776146974,5.56339533786819,0.2617993877991417,0.0,-1.554832628091656,180,180,180,180,180,180,180
33.55890989303589,0.39864748776146974,5.56339533786819,0.2617993877991417,0.0,-1.554832628091656,180,180,180,180,180,180,180
33.56916522979736,0.39864748776146974,5.56339533786819,0.2617993877991417,0.0,-1.554832628091656,180,180,180,180,180,180,180
33.58640122413635,0.39850887617104874,5.554490254137489,0.2617993877991417,0.0,-1.5546680407913225,180,180,180,180,180,180,180
33.596609354019165,0.39850887617104874,5.554490254137489,0.2617993877991417,0.0,-1.5546680407913225,180,180,180,180,180,180,180
33.60683083534241,0.3983694822861312,5.545859739776976,0.2617993877991417,0.0,-1.554661411696882,180,180,180,180,180,180,180
33.61706352233887,0.3983694822861312,5.545859739776976,0.2617993877991417,0.0,-1.554661411696882,180,180,180,180,180,180,180
33.63172173500061,0.3983694822861312,5.545859739776976,0.2617993877991417,0.0,-1.554661411696882,180,180,180,180,180,180,180
33.64192318916321,0.39823197934412013,5.537240298941244,0.2617993877991417,0.0,-1.5547851186736121,180,180,180,180,180,180,180
33.652129888534546,0.39823197934412013,5.537240298941244,0.2617993877991417,0.0,-1.5547851186736121,180,180,180,180,180,180,180
33.66232919692993,0.39823197934412013,5.537240298941244,0.2617993877991417,0.0,-1.5547851186736121,180,180,180,180,180,180,180
33.67254137992859,0.39823197934412013,5.537240298941244,0.2617993877991417,0.0,-1.5547851186736121,180,180,180,180,180,180,180
33.68285250663757,0.39809095285354057,5.5283529952296355,0.2617993877991417,0.0,-1.5549280264269756,180,180,180,180,180,180,180
33.693052530288696,0.39809095285354057,5.5283529952296355,0.2617993877991417,0.0,-1.5549280264269756,180,180,180,180,180,180,180
33.703238010406494,0.39809095285354057,5.5283529952296355,0.2617993877991417,0.0,-1.5549280264269756,180,180,180,180,180,180,180
33.71343445777893,0.39795524262694876,5.519716973277838,0.2617993877991417,0.0,-1.5550627049946053,180,180,180,180,180,180,180
33.7236533164978,0.39795524262694876,5.519716973277838,0.2617993877991417,0.0,-1.5550627049946053,180,180,180,180,180,180,180
33.73387551307678,0.39795524262694876,5.519716973277838,0.2617993877991417,0.0,-1.5550627049946053,180,180,180,180,180,180,180
33.74406290054321,0.3978202778973271,5.51107163307762,0.2617993877991417,0.0,-1.555186558777995,180,180,180,180,180,180,180
33.754300594329834,0.3978202778973271,5.51107163307762,0.2617993877991417,0.0,-1.555186558777995,180,180,180,180,180,180,180
33.764530420303345,0.3978202778973271,5.51107163307762,0.2617993877991417,0.0,-1.555186558777995,180,180,180,180,180,180,180
33.78086233139038,0.3976819932896213,5.50215849908788,0.2617993877991417,0.0,-1.5552796496362973,180,180,180,180,180,180,180
33.7911114692688,0.3976819932896213,5.50215849908788,0.2617993877991417,0.0,-1.5552796496362973,180,180,180,180,180,180,180
33.80134177207947,0.3976819932896213,5.50215849908788,0.2617993877991417,0.0,-1.5552796496362973,180,180,180,180,180,180,180
33.81157088279724,0.3975475323526117,5.493509830049643,0.2617993877991417,0.0,-1.555286014297009,180,180,180,180,180,180,180
33.82969880104065,0.3975475323526117,5.493509830049643,0.2617993877991417,0.0,-1.555286014297009,180,180,180,180,180,180,180
33.84042239189148,0.3974173965423845,5.484886769717777,0.2617993877991417,0.0,-1.555036192297599,180,180,180,180,180,180,180
33.85059833526611,0.3974173965423845,5.484886769717777,0.2617993877991417,0.0,-1.555036192297599,180,180,180,180,180,180,180
33.86082673072815,0.3974173965423845,5.484886769717777,0.2617993877991417,0.0,-1.555036192297599,180,180,180,180,180,180,180
33.879799127578735,0.3974173965423845,5.484886769717777,0.2617993877991417,0.0,-1.555036192297599,180,180,180,180,180,180,180
33.89016318321228,0.3972770228153336,5.476014896112865,0.2617993877991417,0.0,-1.5546397097205995,180,180,180,180,180,180,180
33.90038728713989,0.3972770228153336,5.476014896112865,0.2617993877991417,0.0,-1.5546397097205995,180,180,180,180,180,180,180
33.910624980926514,0.3971382729037185,5.467374608166239,0.2617993877991417,0.0,-1.554402345475523,180,180,180,180,180,180,180
33.92085361480713,0.3971382729037185,5.467374608166239,0.2617993877991417,0.0,-1.554402345475523,180,180,180,180,180,180,180
33.93106937408447,0.3971382729037185,5.467374608166239,0.2617993877991417,0.0,-1.554402345475523,180,180,180,180,180,180,180
33.94187593460083,0.3969960249420239,5.458736576957321,0.2617993877991417,0.0,-1.5542064228735766,180,180,180,180,180,180,180
33.9522123336792,0.3969960249420239,5.458736576957321,0.2617993877991417,0.0,-1.5542064228735766,180,180,180,180,180,180,180
33.96324348449707,0.3969960249420239,5.458736576957321,0.2617993877991417,0.0,-1.5542064228735766,180,180,180,180,180,180,180
33.9805052280426,0.39685320276397834,5.44983738504266,0.2617993877991417,0.0,-1.5540899489058209,180,180,180,180,180,180,180
33.99073266983032,0.39685320276397834,5.44983738504266,0.2617993877991417,0.0,-1.5540899489058209,180,180,180,180,180,180,180
34.00095820426941,0.39685320276397834,5.44983738504266,0.2617993877991417,0.0,-1.5540899489058209,180,180,180,180,180,180,180
34.0111882686615,0.3967103700049263,5.441214181645272,0.2617993877991417,0.0,-1.5541423315518539,180,180,180,180,180,180,180
34.02885723114014,0.3967103700049263,5.441214181645272,0.2617993877991417,0.0,-1.5541423315518539,180,180,180,180,180,180,180
34.039060831069946,0.3967103700049263,5.441214181645272,0.2617993877991417,0.0,-1.5541423315518539,180,180,180,180,180,180,180
34.04926252365112,0.39656811765228617,5.432594602992444,0.2617993877991417,0.0,-1.5542716422407243,180,180,180,180,180,180,180
34.05949425697327,0.39656811765228617,5.432594602992444,0.2617993877991417,0.0,-1.5542716422407243,180,180,180,180,180,180,180
34.0697124004364,0.39656811765228617,5.432594602992444,0.2617993877991417,0.0,-1.5542716422407243,180,180,180,180,180,180,180
34.081711530685425,0.39656811765228617,5.432594602992444,0.2617993877991417,0.0,-1.5542716422407243,180,180,180,180,180,180,180
34.0918927192688,0.3964225527860184,5.423707410775426,0.2617993877991417,0.0,-1.5544221636369993,180,180,180,180,180,180,180
34.10208511352539,0.3964225527860184,5.423707410775426,0.2617993877991417,0.0,-1.5544221636369993,180,180,180,180,180,180,180
34.11228632926941,0.39628247196577887,5.415071061760534,0.2617993877991417,0.0,-1.554560616982613,180,180,180,180,180,180,180
34.122474193573,0.39628247196577887,5.415071061760534,0.2617993877991417,0.0,-1.554560616982613,180,180,180,180,180,180,180
34.13563084602356,0.39628247196577887,5.415071061760534,0.2617993877991417,0.0,-1.554560616982613,180,180,180,180,180,180,180
34.14583086967468,0.3961432177521693,5.406425200675452,0.2617993877991417,0.0,-1.5546801002733142,180,180,180,180,180,180,180
34.15603256225586,0.3961432177521693,5.406425200675452,0.2617993877991417,0.0,-1.5546801002733142,180,180,180,180,180,180,180
34.16623854637146,0.3961432177521693,5.406425200675452,0.2617993877991417,0.0,-1.5546801002733142,180,180,180,180,180,180,180
34.18297052383423,0.3960005965792836,5.397512360770714,0.2617993877991417,0.0,-1.5547633221943047,180,180,180,180,180,180,180
34.19321966171265,0.3960005965792836,5.397512360770714,0.2617993877991417,0.0,-1.5547633221943047,180,180,180,180,180,180,180
34.20340323448181,0.3960005965792836,5.397512360770714,0.2617993877991417,0.0,-1.5547633221943047,180,180,180,180,180,180,180
34.21366763114929,0.3958625313696443,5.388864656371341,0.2617993877991417,0.0,-1.554755073305304,180,180,180,180,180,180,180
34.22827482223511,0.3958625313696443,5.388864656371341,0.2617993877991417,0.0,-1.554755073305304,180,180,180,180,180,180,180
34.23845291137695,0.3958625313696443,5.388864656371341,0.2617993877991417,0.0,-1.554755073305304,180,180,180,180,180,180,180
34.24862504005432,0.3957275843748777,5.380248177737674,0.2617993877991417,0.0,-1.5544496165779054,180,180,180,180,180,180,180
34.25897765159607,0.3957275843748777,5.380248177737674,0.2617993877991417,0.0,-1.5544496165779054,180,180,180,180,180,180,180
34.269155979156494,0.3957275843748777,5.380248177737674,0.2617993877991417,0.0,-1.5544496165779054,180,180,180,180,180,180,180
34.28179168701172,0.395582401257688,5.3713694032759385,0.2617993877991417,0.0,-1.5540959444194777,180,180,180,180,180,180,180
34.29199528694153,0.395582401257688,5.3713694032759385,0.2617993877991417,0.0,-1.5540959444194777,180,180,180,180,180,180,180
34.30218195915222,0.395582401257688,5.3713694032759385,0.2617993877991417,0.0,-1.5540959444194777,180,180,180,180,180,180,180
34.3124144077301,0.3954386620631826,5.362730191359564,0.2617993877991417,0.0,-1.5538510455146104,180,180,180,180,180,180,180
34.3290810585022,0.3954386620631826,5.362730191359564,0.2617993877991417,0.0,-1.5538510455146104,180,180,180,180,180,180,180
34.339271545410156,0.39529167298725615,5.354092667066997,0.2617993877991417,0.0,-1.5536655530899508,180,180,180,180,180,180,180
34.34946060180664,0.39529167298725615,5.354092667066997,0.2617993877991417,0.0,-1.5536655530899508,180,180,180,180,180,180,180
34.35967397689819,0.39529167298725615,5.354092667066997,0.2617993877991417,0.0,-1.5536655530899508,180,180,180,180,180,180,180
34.369908571243286,0.39529167298725615,5.354092667066997,0.2617993877991417,0.0,-1.5536655530899508,180,180,180,180,180,180,180
34.38014578819275,0.39514388113748167,5.345193539457748,0.2617993877991417,0.0,-1.5535587738431211,180,180,180,180,180,180,180
34.3903226852417,0.39514388113748167,5.345193539457748,0.2617993877991417,0.0,-1.5535587738431211,180,180,180,180,180,180,180
34.40054631233215,0.39514388113748167,5.345193539457748,0.2617993877991417,0.0,-1.5535587738431211,180,180,180,180,180,180,180
34.411198139190674,0.3949970423736778,5.336573169091535,0.2617993877991417,0.0,-1.5536354697676118,180,180,180,180,180,180,180
34.42793917655945,0.3949970423736778,5.336573169091535,0.2617993877991417,0.0,-1.5536354697676118,180,180,180,180,180,180,180
34.43813395500183,0.3949970423736778,5.336573169091535,0.2617993877991417,0.0,-1.5536354697676118,180,180,180,180,180,180,180
34.448304176330566,0.3948502388433495,5.327952753159055,0.2617993877991417,0.0,-1.553765397370549,180,180,180,180,180,180,180
34.45846724510193,0.3948502388433495,5.327952753159055,0.2617993877991417,0.0,-1.553765397370549,180,180,180,180,180,180,180
34.468650579452515,0.3948502388433495,5.327952753159055,0.2617993877991417,0.0,-1.553765397370549,180,180,180,180,180,180,180
34.48126721382141,0.39470016170453326,5.319064558419651,0.2617993877991417,0.0,-1.553915391053985,180,180,180,180,180,180,180
34.491469383239746,0.39470016170453326,5.319064558419651,0.2617993877991417,0.0,-1.553915391053985,180,180,180,180,180,180,180
34.50166153907776,0.39470016170453326,5.319064558419651,0.2617993877991417,0.0,-1.553915391053985,180,180,180,180,180,180,180
34.51190423965454,0.3945556709708797,5.3104269151694155,0.2617993877991417,0.0,-1.554051366460343,180,180,180,180,180,180,180
34.52220129966736,0.3945556709708797,5.3104269151694155,0.2617993877991417,0.0,-1.554051366460343,180,180,180,180,180,180,180
34.53266215324402,0.3945556709708797,5.3104269151694155,0.2617993877991417,0.0,-1.554051366460343,180,180,180,180,180,180,180
34.54288673400879,0.3944119662424986,5.301780253434118,0.2617993877991417,0.0,-1.5541681215232568,180,180,180,180,180,180,180
34.5530731678009,0.3944119662424986,5.301780253434118,0.2617993877991417,0.0,-1.5541681215232568,180,180,180,180,180,180,180
34.56328368186951,0.3944119662424986,5.301780253434118,0.2617993877991417,0.0,-1.5541681215232568,180,180,180,180,180,180,180
34.57850241661072,0.3944119662424986,5.301780253434118,0.2617993877991417,0.0,-1.5541681215232568,180,180,180,180,180,180,180
34.5888409614563,0.3942647462194954,5.292867360219021,0.2617993877991417,0.0,-1.5542435763732039,180,180,180,180,180,180,180
34.59903597831726,0.3942647462194954,5.292867360219021,0.2617993877991417,0.0,-1.5542435763732039,180,180,180,180,180,180,180
34.609241008758545,0.39412289699324105,5.284220921493392,0.2617993877991417,0.0,-1.554218280358558,180,180,180,180,180,180,180
34.6294801235199,0.39412289699324105,5.284220921493392,0.2617993877991417,0.0,-1.554218280358558,180,180,180,180,180,180,180
34.63970685005188,0.39398248110504974,5.275610452470751,0.2617993877991417,0.0,-1.5538626200680692,180,180,180,180,180,180,180
34.65003705024719,0.39398248110504974,5.275610452470751,0.2617993877991417,0.0,-1.5538626200680692,180,180,180,180,180,180,180
34.660282611846924,0.39398248110504974,5.275610452470751,0.2617993877991417,0.0,-1.5538626200680692,180,180,180,180,180,180,180
34.67049741744995,0.39398248110504974,5.275610452470751,0.2617993877991417,0.0,-1.5538626200680692,180,180,180,180,180,180,180
34.68075227737427,0.3938326356319993,5.266724640170444,0.2617993877991417,0.0,-1.5535507294877433,180,180,180,180,180,180,180
34.690889835357666,0.3938326356319993,5.266724640170444,0.2617993877991417,0.0,-1.5535507294877433,180,180,180,180,180,180,180
34.70106291770935,0.3938326356319993,5.266724640170444,0.2617993877991417,0.0,-1.5535507294877433,180,180,180,180,180,180,180
34.71123671531677,0.3936837293639823,5.25808609736722,0.2617993877991417,0.0,-1.553304266670077,180,180,180,180,180,180,180
34.721426248550415,0.3936837293639823,5.25808609736722,0.2617993877991417,0.0,-1.553304266670077,180,180,180,180,180,180,180
34.733561754226685,0.3936837293639823,5.25808609736722,0.2617993877991417,0.0,-1.553304266670077,180,180,180,180,180,180,180
34.74373698234558,0.39353233905153817,5.249448942210806,0.2617993877991417,0.0,-1.553128827570232,180,180,180,180,180,180,180
34.75394940376282,0.39353233905153817,5.249448942210806,0.2617993877991417,0.0,-1.553128827570232,180,180,180,180,180,180,180
34.76417398452759,0.39353233905153817,5.249448942210806,0.2617993877991417,0.0,-1.553128827570232,180,180,180,180,180,180,180
34.77882361412048,0.39353233905153817,5.249448942210806,0.2617993877991417,0.0,-1.553128827570232,180,180,180,180,180,180,180
34.78925275802612,0.39337902745347886,5.240550139283092,0.2617993877991417,0.0,-1.553033903966794,180,180,180,180,180,180,180
34.79945707321167,0.39337902745347886,5.240550139283092,0.2617993877991417,0.0,-1.553033903966794,180,180,180,180,180,180,180
34.809659004211426,0.39322843407913743,5.231931897359827,0.2617993877991417,0.0,-1.5531304329550701,180,180,180,180,180,180,180
34.81988072395325,0.39322843407913743,5.231931897359827,0.2617993877991417,0.0,-1.5531304329550701,180,180,180,180,180,180,180
34.830116271972656,0.39322843407913743,5.231931897359827,0.2617993877991417,0.0,-1.5531304329550701,180,180,180,180,180,180,180
34.84033250808716,0.3930772108433141,5.223310937799268,0.2617993877991417,0.0,-1.5532633673613865,180,180,180,180,180,180,180
34.850566387176514,0.3930772108433141,5.223310937799268,0.2617993877991417,0.0,-1.5532633673613865,180,180,180,180,180,180,180
34.860965967178345,0.3930772108433141,5.223310937799268,0.2617993877991417,0.0,-1.5532633673613865,180,180,180,180,180,180,180
34.87123394012451,0.3930772108433141,5.223310937799268,0.2617993877991417,0.0,-1.5532633673613865,180,180,180,180,180,180,180
34.88142681121826,0.39292266273438947,5.214421718247816,0.2617993877991417,0.0,-1.553413056827541,180,180,180,180,180,180,180
34.891618728637695,0.39292266273438947,5.214421718247816,0.2617993877991417,0.0,-1.553413056827541,180,180,180,180,180,180,180
34.9019296169281,0.39292266273438947,5.214421718247816,0.2617993877991417,0.0,-1.553413056827541,180,180,180,180,180,180,180
34.912259578704834,0.39277379966257303,5.205782810583887,0.2617993877991417,0.0,-1.5535469676095235,180,180,180,180,180,180,180
34.9286835193634,0.39277379966257303,5.205782810583887,0.2617993877991417,0.0,-1.5535469676095235,180,180,180,180,180,180,180
34.93890595436096,0.39277379966257303,5.205782810583887,0.2617993877991417,0.0,-1.5535469676095235,180,180,180,180,180,180,180
34.949087142944336,0.39262567938540965,5.19713540866705,0.2617993877991417,0.0,-1.5536607647995964,180,180,180,180,180,180,180
34.959280014038086,0.39262567938540965,5.19713540866705,0.2617993877991417,0.0,-1.5536607647995964,180,180,180,180,180,180,180
34.97765016555786,0.3924738620830315,5.188222586621576,0.2617993877991417,0.0,-1.553728152067926,180,180,180,180,180,180,180
34.98794341087341,0.3924738620830315,5.188222586621576,0.2617993877991417,0.0,-1.553728152067926,180,180,180,180,180,180,180
34.9981427192688,0.3924738620830315,5.188222586621576,0.2617993877991417,0.0,-1.553728152067926,180,180,180,180,180,180,180
35.00835704803467,0.3923284407042197,5.179577826885142,0.2617993877991417,0.0,-1.5536830772311636,180,180,180,180,180,180,180
35.01865291595459,0.3923284407042197,5.179577826885142,0.2617993877991417,0.0,-1.5536830772311636,180,180,180,180,180,180,180
35.03118634223938,0.3923284407042197,5.179577826885142,0.2617993877991417,0.0,-1.5536830772311636,180,180,180,180,180,180,180
35.0414252281189,0.3921824149553689,5.1709724211164065,0.2617993877991417,0.0,-1.5532856720720793,180,180,180,180,180,180,180
35.051660776138306,0.3921824149553689,5.1709724211164065,0.2617993877991417,0.0,-1.5532856720720793,180,180,180,180,180,180,180
35.06187963485718,0.3921824149553689,5.1709724211164065,0.2617993877991417,0.0,-1.5532856720720793,180,180,180,180,180,180,180
35.081608057022095,0.3921824149553689,5.1709724211164065,0.2617993877991417,0.0,-1.5532856720720793,180,180,180,180,180,180,180
35.09197211265564,0.3920278464978482,5.162081832127571,0.2617993877991417,0.0,-1.5530002097391868,180,180,180,180,180,180,180
35.102169036865234,0.3920278464978482,5.162081832127571,0.2617993877991417,0.0,-1.5530002097391868,180,180,180,180,180,180,180
35.11268091201782,0.3918738054477065,5.153443282274102,0.2617993877991417,0.0,-1.5527582774572968,180,180,180,180,70,180,180
35.12290668487549,0.3918738054477065,5.153443282274102,0.2617993877991417,0.0,-1.5527582774572968,180,180,180,180,70,180,180
35.133512020111084,0.3918738054477065,5.153443282274102,0.2617993877991417,0.0,-1.5527582774572968,180,180,180,180,70,180,180
35.14372992515564,0.39171828670507525,5.144806396639517,0.2617993877991417,0.0,-1.5525921540757928,180,180,180,180,70,180,180
35.153929471969604,0.39171828670507525,5.144806396639517,0.2617993877991417,0.0,-1.5525921540757928,180,180,180,180,70,180,180
35.16410684585571,0.39171828670507525,5.144806396639517,0.2617993877991417,0.0,-1.5525921540757928,180,180,180,180,180,180,180
35.174360513687134,0.3915593720899596,5.1359084784709275,0.2617993877991417,0.0,-1.5525122043129087,180,180,180,180,180,180,180
35.18463587760925,0.3915593720899596,5.1359084784709275,0.2617993877991417,0.0,-1.5525122043129087,180,180,180,180,180,180,180
35.19480586051941,0.3915593720899596,5.1359084784709275,0.2617993877991417,0.0,-1.5525122043129087,180,180,180,180,180,180,180
35.20499348640442,0.3915593720899596,5.1359084784709275,0.2617993877991417,0.0,-1.5525122043129087,180,180,180,180,180,180,180
35.21525502204895,0.3914047972632826,5.127291656344099,0.2617993877991417,0.0,-1.5526233647397616,180,180,180,180,180,180,180
35.22710609436035,0.3914047972632826,5.127291656344099,0.2617993877991417,0.0,-1.5526233647397616,180,180,180,180,180,180,180
35.23730444908142,0.3914047972632826,5.127291656344099,0.2617993877991417,0.0,-1.5526233647397616,180,180,180,180,180,180,180
35.24796772003174,0.39124920043969086,5.118670384053454,0.2617993877991417,0.0,-1.5527602217333725,180,180,180,180,180,180,180
35.25822448730469,0.39124920043969086,5.118670384053454,0.2617993877991417,0.0,-1.5527602217333725,180,180,180,180,180,180,180
35.268473863601685,0.39124920043969086,5.118670384053454,0.2617993877991417,0.0,-1.5527602217333725,180,180,180,180,180,180,180
35.280890226364136,0.39109017369926835,5.109780123872202,0.2617993877991417,0.0,-1.552909038409167,180,180,180,180,180,180,180
35.29111337661743,0.39109017369926835,5.109780123872202,0.2617993877991417,0.0,-1.552909038409167,180,180,180,180,180,180,180
35.30131268501282,0.39109017369926835,5.109780123872202,0.2617993877991417,0.0,-1.552909038409167,180,180,180,180,180,180,180
35.31152677536011,0.39093692209952396,5.101139979574068,0.2617993877991417,0.0,-1.5530404958920794,180,180,180,180,180,160,180
35.32175660133362,0.39093692209952396,5.101139979574068,0.2617993877991417,0.0,-1.5530404958920794,180,180,180,180,180,160,180
35.33286118507385,0.39093692209952396,5.101139979574068,0.2617993877991417,0.0,-1.5530404958920794,180,180,180,180,180,160,180
35.34309363365173,0.39078436420033147,5.092491900056844,0.2617993877991417,0.0,-1.55315041775589,180,180,180,180,180,160,180
35.35332107543945,0.39078436420033147,5.092491900056844,0.2617993877991417,0.0,-1.55315041775589,180,180,180,180,180,160,180
35.36353039741516,0.39078436420033147,5.092491900056844,0.2617993877991417,0.0,-1.55315041775589,180,180,180,180,170,150,180
35.37379741668701,0.39078436420033147,5.092491900056844,0.2617993877991417,0.0,-1.55315041775589,180,180,180,180,170,150,180
35.38607716560364,0.3906278796196786,5.083579223554702,0.2617993877991417,0.0,-1.5532089427049898,180,180,180,180,170,150,180
35.396297454833984,0.3906278796196786,5.083579223554702,0.2617993877991417,0.0,-1.5532089427049898,180,180,180,180,170,150,180
35.40648627281189,0.3904788976034905,5.074936615902072,0.2617993877991417,0.0,-1.5531401681025845,180,180,180,180,170,150,180
35.4167423248291,0.3904788976034905,5.074936615902072,0.2617993877991417,0.0,-1.5531401681025845,180,180,180,170,160,160,180
35.43090867996216,0.3904788976034905,5.074936615902072,0.2617993877991417,0.0,-1.5531401681025845,180,180,180,170,160,160,180
35.44113373756409,0.3903272825900458,5.066335088075659,0.2617993877991417,0.0,-1.5527093662874862,180,180,180,170,160,160,180
35.45135188102722,0.3903272825900458,5.066335088075659,0.2617993877991417,0.0,-1.5527093662874862,180,180,180,170,160,160,180
35.461554288864136,0.3903272825900458,5.066335088075659,0.2617993877991417,0.0,-1.5527093662874862,170,180,180,170,170,170,180
35.47178792953491,0.3903272825900458,5.066335088075659,0.2617993877991417,0.0,-1.5527093662874862,170,180,180,170,170,170,180
35.48546814918518,0.3901677988718993,5.057440242013344,0.2617993877991417,0.0,-1.5524471558976844,170,180,180,170,170,170,180
35.495749950408936,0.3901677988718993,5.057440242013344,0.2617993877991417,0.0,-1.5524471558976844,170,180,180,170,170,170,180
35.50595569610596,0.3901677988718993,5.057440242013344,0.2617993877991417,0.0,-1.5524471558976844,170,180,180,170,170,170,180
35.5161497592926,0.39000878316146104,5.0488015439300415,0.2617993877991417,0.0,-1.5522127161678867,170,150,170,170,170,180,180
35.53161001205444,0.39000878316146104,5.0488015439300415,0.2617993877991417,0.0,-1.5522127161678867,170,150,170,170,170,180,180
35.541800022125244,0.38984941574519955,5.040164863041847,0.2617993877991417,0.0,-1.5520558987480293,170,150,170,170,170,180,180
35.55198264122009,0.38984941574519955,5.040164863041847,0.2617993877991417,0.0,-1.5520558987480293,180,120,130,170,180,180,180
35.56217622756958,0.38984941574519955,5.040164863041847,0.2617993877991417,0.0,-1.5520558987480293,180,120,130,170,180,180,180
35.58071565628052,0.38984941574519955,5.040164863041847,0.2617993877991417,0.0,-1.5520558987480293,180,120,130,170,180,180,180
35.590904235839844,0.38968507558603555,5.031268296637432,0.2617993877991417,0.0,-1.5519939021744684,180,120,130,170,180,180,180
35.60113072395325,0.38968507558603555,5.031268296637432,0.2617993877991417,0.0,-1.5519939021744684,180,120,130,170,180,180,180
35.61134171485901,0.38952609399706656,5.022652202784057,0.2617993877991417,0.0,-1.5521154728457482,180,180,130,180,180,180,180
35.62160038948059,0.38952609399706656,5.022652202784057,0.2617993877991417,0.0,-1.5521154728457482,180,180,130,180,180,180,180
35.63283729553223,0.38952609399706656,5.022652202784057,0.2617993877991417,0.0,-1.5521154728457482,180,180,130,180,180,180,180
35.64308547973633,0.3893661510203944,5.014030595523211,0.2617993877991417,0.0,-1.552256309469041,180,180,130,180,180,180,180
35.65330648422241,0.3893661510203944,5.014030595523211,0.2617993877991417,0.0,-1.552256309469041,180,180,130,180,180,180,180
35.664329528808594,0.3893661510203944,5.014030595523211,0.2617993877991417,0.0,-1.552256309469041,180,140,130,180,180,180,180
35.68176865577698,0.38920264852098674,5.005139180747796,0.2617993877991417,0.0,-1.5524047772478273,180,140,130,180,180,180,180
35.69196105003357,0.38920264852098674,5.005139180747796,0.2617993877991417,0.0,-1.5524047772478273,180,140,130,180,180,180,180
35.70214056968689,0.38920264852098674,5.005139180747796,0.2617993877991417,0.0,-1.5524047772478273,180,140,130,180,180,180,180
35.71236300468445,0.3890449853839286,4.9964979267802665,0.2617993877991417,0.0,-1.5525337637224774,180,140,180,180,180,180,180
35.730797290802,0.3890449853839286,4.9964979267802665,0.2617993877991417,0.0,-1.5525337637224774,180,140,180,180,180,180,180
35.74101543426514,0.38888801605097545,4.987849255892717,0.2617993877991417,0.0,-1.5526398213161554,180,140,180,180,180,180,180
35.75126075744629,0.38888801605097545,4.987849255892717,0.2617993877991417,0.0,-1.5526398213161554,180,140,180,180,180,180,180
35.76147794723511,0.38888801605097545,4.987849255892717,0.2617993877991417,0.0,-1.5526398213161554,180,180,140,180,180,180,180
35.77833843231201,0.38888801605097545,4.987849255892717,0.2617993877991417,0.0,-1.5526398213161554,180,180,140,180,180,180,180
35.78871560096741,0.388726798883963,4.978936855255695,0.2617993877991417,0.0,-1.5526888262125027,180,180,140,180,180,180,180
35.798898696899414,0.388726798883963,4.978936855255695,0.2617993877991417,0.0,-1.5526888262125027,180,180,140,180,180,180,180
35.80918478965759,0.3885741514610322,4.970297090114716,0.2617993877991417,0.0,-1.5525916100933648,180,180,140,180,180,180,180
35.81944227218628,0.3885741514610322,4.970297090114716,0.2617993877991417,0.0,-1.5525916100933648,180,180,180,180,180,180,180
35.831825733184814,0.3885741514610322,4.970297090114716,0.2617993877991417,0.0,-1.5525916100933648,180,180,180,180,180,180,180
35.842050313949585,0.38841712370259807,4.961698107565545,0.2617993877991417,0.0,-1.5521380240393206,180,180,180,180,180,180,180
35.85226511955261,0.38841712370259807,4.961698107565545,0.2617993877991417,0.0,-1.5521380240393206,180,180,180,180,180,180,180
35.86246156692505,0.38841712370259807,4.961698107565545,0.2617993877991417,0.0,-1.5521380240393206,180,180,180,180,180,180,180
35.87264370918274,0.38841712370259807,4.961698107565545,0.2617993877991417,0.0,-1.5521380240393206,180,180,180,180,180,180,180
35.88663697242737,0.38841712370259807,4.961698107565545,0.2617993877991417,0.0,-1.5521380240393206,180,180,180,180,180,180,180
35.896846771240234,0.38841712370259807,4.961698107565545,0.2617993877991417,0.0,-1.5521380240393206,180,180,180,180,180,180,180
35.907044649124146,0.38808858195517326,4.9441622230674955,0.2617993877991417,0.0,-1.5516598978100382,180,180,180,180,180,180,180
35.917277336120605,0.38808858195517326,4.9441622230674955,0.2617993877991417,0.0,-1.5516598978100382,180,180,180,180,180,180,180
35.93417429924011,0.38808858195517326,4.9441622230674955,0.2617993877991417,0.0,-1.5516598978100382,180,180,180,180,180,180,180
35.94444179534912,0.3879253841530597,4.935525672144577,0.2617993877991417,0.0,-1.5515125389825708,180,180,180,180,180,180,180
35.954646587371826,0.3879253841530597,4.935525672144577,0.2617993877991417,0.0,-1.5515125389825708,180,180,180,180,180,180,180
35.96534276008606,0.3879253841530597,4.935525672144577,0.2617993877991417,0.0,-1.5515125389825708,180,180,180,180,180,180,180
35.982614278793335,0.3877557874440546,4.9266312486990405,0.2617993877991417,0.0,-1.5514722159990326,180,180,180,180,180,180,180
35.992897510528564,0.3877557874440546,4.9266312486990405,0.2617993877991417,0.0,-1.5514722159990326,180,180,180,180,180,180,180
36.003084659576416,0.3877557874440546,4.9266312486990405,0.2617993877991417,0.0,-1.5514722159990326,180,180,180,180,180,180,180
36.01328921318054,0.38759198120664207,4.918015272830916,0.2617993877991417,0.0,-1.5515996849579314,180,180,140,180,170,180,180
36.029013872146606,0.38759198120664207,4.918015272830916,0.2617993877991417,0.0,-1.5515996849579314,180,180,140,180,170,180,180
36.039294958114624,0.3874276347915391,4.90939318610124,0.2617993877991417,0.0,-1.5517430104919823,180,180,140,180,170,180,180
36.04949617385864,0.3874276347915391,4.90939318610124,0.2617993877991417,0.0,-1.5517430104919823,180,180,180,180,170,180,180
36.05969786643982,0.3874276347915391,4.90939318610124,0.2617993877991417,0.0,-1.5517430104919823,180,180,180,180,170,180,180
36.069881200790405,0.3874276347915391,4.90939318610124,0.2617993877991417,0.0,-1.5517430104919823,180,180,180,180,170,180,180
36.08241581916809,0.3874276347915391,4.90939318610124,0.2617993877991417,0.0,-1.5517430104919823,180,180,180,180,170,180,180
36.092705965042114,0.38725957560540164,4.900500490620929,0.2617993877991417,0.0,-1.551890444367159,180,180,180,180,170,180,180
36.102930545806885,0.38725957560540164,4.900500490620929,0.2617993877991417,0.0,-1.551890444367159,180,180,180,180,170,180,180
36.11319398880005,0.38709740057584074,4.891858264125116,0.2617993877991417,0.0,-1.5520166121093284,180,180,120,170,170,170,180
36.13132667541504,0.38709740057584074,4.891858264125116,0.2617993877991417,0.0,-1.5520166121093284,180,180,120,170,170,170,180
36.14154887199402,0.3869359504958754,4.8832090713421525,0.2617993877991417,0.0,-1.5521180627386213,180,180,120,170,170,170,180
36.15177297592163,0.3869359504958754,4.8832090713421525,0.2617993877991417,0.0,-1.5521180627386213,180,180,120,170,170,170,180
36.16202092170715,0.3869359504958754,4.8832090713421525,0.2617993877991417,0.0,-1.5521180627386213,180,180,180,170,170,170,180
36.172237157821655,0.3869359504958754,4.8832090713421525,0.2617993877991417,0.0,-1.5521180627386213,180,180,180,170,170,170,180
36.18682241439819,0.38676985760210786,4.874297045835677,0.2617993877991417,0.0,-1.5521564512477553,180,180,180,170,170,170,180
36.197073459625244,0.38676985760210786,4.874297045835677,0.2617993877991417,0.0,-1.5521564512477553,180,180,180,170,170,170,180
36.20731019973755,0.38661306776788784,4.865660928002685,0.2617993877991417,0.0,-1.5520243964678022,180,180,180,170,170,170,180
36.217544078826904,0.38661306776788784,4.865660928002685,0.2617993877991417,0.0,-1.5520243964678022,180,180,180,170,170,180,180
36.22782802581787,0.38661306776788784,4.865660928002685,0.2617993877991417,0.0,-1.5520243964678022,180,180,180,170,170,180,180
36.23806357383728,0.38661306776788784,4.865660928002685,0.2617993877991417,0.0,-1.5520243964678022,180,180,180,170,170,180,180
36.248332500457764,0.3864509910385404,4.857062976213543,0.2617993877991417,0.0,-1.5515581267000669,180,180,180,170,170,180,180
36.25855827331543,0.3864509910385404,4.857062976213543,0.2617993877991417,0.0,-1.5515581267000669,180,180,180,170,170,180,180
36.26881957054138,0.3864509910385404,4.857062976213543,0.2617993877991417,0.0,-1.5515581267000669,180,180,180,180,170,180,180
36.2840633392334,0.38628092677653847,4.8481631787857635,0.2617993877991417,0.0,-1.5513177027211373,180,180,180,180,170,180,180
36.29430627822876,0.38628092677653847,4.8481631787857635,0.2617993877991417,0.0,-1.5513177027211373,180,180,180,180,170,180,180
36.304534912109375,0.38628092677653847,4.8481631787857635,0.2617993877991417,0.0,-1.5513177027211373,180,180,180,180,170,180,180
36.31474733352661,0.3861121674139712,4.839524923507445,0.2617993877991417,0.0,-1.5510997681622962,180,180,180,180,170,170,180
36.33287596702576,0.3861121674139712,4.839524923507445,0.2617993877991417,0.0,-1.5510997681622962,180,180,180,180,170,170,180
36.34318017959595,0.3859450880692444,4.830888377967788,0.2617993877991417,0.0,-1.550962366054142,180,180,180,180,170,170,180
36.35341930389404,0.3859450880692444,4.830888377967788,0.2617993877991417,0.0,-1.550962366054142,180,180,180,180,170,170,180
36.36364483833313,0.3859450880692444,4.830888377967788,0.2617993877991417,0.0,-1.550962366054142,180,180,180,170,170,160,180
36.383177518844604,0.3859450880692444,4.830888377967788,0.2617993877991417,0.0,-1.550962366054142,180,180,180,170,170,160,180
36.39357256889343,0.38577034437385116,4.821996848932269,0.2617993877991417,0.0,-1.5509479587176782,180,180,180,170,170,160,180
36.40378785133362,0.38577034437385116,4.821996848932269,0.2617993877991417,0.0,-1.5509479587176782,180,180,180,170,170,160,180
36.41402244567871,0.3856015101899321,4.8133803766787135,0.2617993877991417,0.0,-1.5510777191953153,180,180,180,170,170,160,180
36.433013677597046,0.3856015101899321,4.8133803766787135,0.2617993877991417,0.0,-1.5510777191953153,180,180,180,170,170,160,180
36.44328713417053,0.3854326869880309,4.804757598314062,0.2617993877991417,0.0,-1.5512225403834299,180,180,180,170,170,160,180
36.453518867492676,0.3854326869880309,4.804757598314062,0.2617993877991417,0.0,-1.5512225403834299,180,180,180,170,170,160,180
36.46375489234924,0.3854326869880309,4.804757598314062,0.2617993877991417,0.0,-1.5512225403834299,180,180,180,170,170,160,180
36.47852325439453,0.3854326869880309,4.804757598314062,0.2617993877991417,0.0,-1.5512225403834299,180,180,180,170,170,160,180
36.48892164230347,0.38525998788759974,4.795863590369624,0.2617993877991417,0.0,-1.5513687719262017,180,180,180,170,170,160,180
36.499290227890015,0.38525998788759974,4.795863590369624,0.2617993877991417,0.0,-1.5513687719262017,180,180,180,170,170,160,180
36.50956630706787,0.3850932484068988,4.787220451391727,0.2617993877991417,0.0,-1.5514927623794177,180,180,180,170,170,160,180
36.51981711387634,0.3850932484068988,4.787220451391727,0.2617993877991417,0.0,-1.5514927623794177,180,180,180,170,170,160,180
36.53562688827515,0.3850932484068988,4.787220451391727,0.2617993877991417,0.0,-1.5514927623794177,180,180,180,170,170,160,180
36.54577040672302,0.3849272564883818,4.778570852702519,0.2617993877991417,0.0,-1.551589226103474,180,180,180,170,170,160,180
36.555936098098755,0.3849272564883818,4.778570852702519,0.2617993877991417,0.0,-1.551589226103474,180,180,180,170,170,160,180
36.56615686416626,0.3849272564883818,4.778570852702519,0.2617993877991417,0.0,-1.551589226103474,180,180,180,170,160,150,180
36.57640552520752,0.3847562353302462,4.769659350453018,0.2617993877991417,0.0,-1.5516164226070435,180,180,180,170,160,150,180
36.58740425109863,0.3847562353302462,4.769659350453018,0.2617993877991417,0.0,-1.5516164226070435,180,180,180,170,160,150,180
36.59762167930603,0.3847562353302462,4.769659350453018,0.2617993877991417,0.0,-1.5516164226070435,180,180,180,170,160,150,180
36.60786294937134,0.38459497715176816,4.761027846372114,0.2617993877991417,0.0,-1.5514428339475883,180,180,180,170,160,150,180
36.61813163757324,0.38459497715176816,4.761027846372114,0.2617993877991417,0.0,-1.5514428339475883,180,180,180,160,150,150,180
36.636438608169556,0.38459497715176816,4.761027846372114,0.2617993877991417,0.0,-1.5514428339475883,180,180,180,160,150,150,180
36.64667248725891,0.3844277866336945,4.752427316894521,0.2617993877991417,0.0,-1.5509926978066049,180,180,180,160,150,150,180
36.656877279281616,0.3844277866336945,4.752427316894521,0.2617993877991417,0.0,-1.5509926978066049,180,180,180,150,160,150,180
36.66711497306824,0.3844277866336945,4.752427316894521,0.2617993877991417,0.0,-1.5509926978066049,180,180,180,150,160,150,180
36.67930030822754,0.3844277866336945,4.752427316894521,0.2617993877991417,0.0,-1.5509926978066049,180,180,180,150,160,150,180
36.689499378204346,0.3842525686263676,4.743525257679624,0.2617993877991417,0.0,-1.5507611402345343,180,180,180,150,160,150,180
36.69972801208496,0.3842525686263676,4.743525257679624,0.2617993877991417,0.0,-1.5507611402345343,180,180,180,150,160,150,180
36.70996928215027,0.38407903499912854,4.734887489115813,0.2617993877991417,0.0,-1.550551734465346,180,180,180,150,160,150,180
36.72019839286804,0.38407903499912854,4.734887489115813,0.2617993877991417,0.0,-1.550551734465346,180,180,180,150,160,150,180
36.73412489891052,0.38407903499912854,4.734887489115813,0.2617993877991417,0.0,-1.550551734465346,180,180,180,150,160,150,180
36.74436640739441,0.3839081254175011,4.726250921854541,0.2617993877991417,0.0,-1.5504238665899206,180,180,180,150,160,150,180
36.75459146499634,0.3839081254175011,4.726250921854541,0.2617993877991417,0.0,-1.5504238665899206,180,180,180,170,170,160,180
36.764782190322876,0.3839081254175011,4.726250921854541,0.2617993877991417,0.0,-1.5504238665899206,180,180,180,170,170,160,180
36.78293013572693,0.3839081254175011,4.726250921854541,0.2617993877991417,0.0,-1.5504238665899206,180,180,180,170,170,160,180
36.793328285217285,0.3837284196904649,4.717362783987586,0.2617993877991417,0.0,-1.5504378981649187,180,180,180,170,170,160,180
36.80355262756348,0.3837284196904649,4.717362783987586,0.2617993877991417,0.0,-1.5504378981649187,180,180,180,180,170,160,180
36.813775062561035,0.38355469058433894,4.7087454061718725,0.2617993877991417,0.0,-1.5505670432515568,180,180,180,180,170,160,180
36.82397508621216,0.38355469058433894,4.7087454061718725,0.2617993877991417,0.0,-1.5505670432515568,180,180,180,180,170,160,180
36.83832669258118,0.38355469058433894,4.7087454061718725,0.2617993877991417,0.0,-1.5505670432515568,180,180,180,180,170,160,180
36.848692893981934,0.38338146212320184,4.700121791007189,0.2617993877991417,0.0,-1.5507120482188912,180,180,180,180,170,160,180
36.85888886451721,0.38338146212320184,4.700121791007189,0.2617993877991417,0.0,-1.5507120482188912,180,180,180,180,170,160,180
36.869096755981445,0.38338146212320184,4.700121791007189,0.2617993877991417,0.0,-1.5507120482188912,180,180,180,180,160,160,180
36.879334449768066,0.3832041962668141,4.691226462039424,0.2617993877991417,0.0,-1.5508562714043086,180,180,180,180,160,160,180
36.89066290855408,0.3832041962668141,4.691226462039424,0.2617993877991417,0.0,-1.5508562714043086,180,180,180,180,160,160,180
36.90089297294617,0.3832041962668141,4.691226462039424,0.2617993877991417,0.0,-1.5508562714043086,180,180,180,180,160,160,180
36.91110897064209,0.38303297861234153,4.682582437307421,0.2617993877991417,0.0,-1.5509778482327947,180,180,180,180,160,160,180
36.9213547706604,0.38303297861234153,4.682582437307421,0.2617993877991417,0.0,-1.5509778482327947,180,180,180,180,150,160,180
36.93966817855835,0.38303297861234153,4.682582437307421,0.2617993877991417,0.0,-1.5509778482327947,180,180,180,180,150,160,180
36.950053215026855,0.3828625227725822,4.6739325146071495,0.2617993877991417,0.0,-1.551068500946165,180,180,180,180,150,160,180
36.9603157043457,0.3828625227725822,4.6739325146071495,0.2617993877991417,0.0,-1.551068500946165,180,180,180,180,150,150,180
36.97057628631592,0.3828625227725822,4.6739325146071495,0.2617993877991417,-0.05235987755982833,-1.551068500946165,180,180,180,180,150,150,180
36.98164176940918,0.38268681041162794,4.665021666883676,0.2617993877991417,-0.06981317007977111,-1.5510831937705012,180,180,180,180,150,150,180
36.991901874542236,0.38268681041162794,4.665021666883676,0.2617993877991417,-0.06981317007977111,-1.5510831937705012,180,180,180,180,150,150,180
37.002201080322266,0.38268681041162794,4.665021666883676,0.2617993877991417,-0.08726646259971389,-1.5510831937705012,180,180,180,180,150,150,180
37.012409687042236,0.38251204986088716,4.6563034273957165,0.2617993877991417,-0.08726646259971389,-1.5498630974671208,180,180,180,180,180,150,180
37.03218865394592,0.38251204986088716,4.6563034273957165,0.2617993877991417,-0.2268928027592561,-1.5498630974671208,180,180,180,180,180,150,180
37.04240965843201,0.3823207122093267,4.6475771872830665,0.2617993877991417,-0.2268928027592561,-1.547296824840642,180,180,180,180,180,150,180
37.05257821083069,0.3823207122093267,4.6475771872830665,0.2617993877991417,-0.24434609527919887,-1.547296824840642,180,180,180,180,180,170,180
37.06300401687622,0.3823207122093267,4.6475771872830665,0.2617993877991417,-0.34906585039885557,-1.547296824840642,180,180,180,180,180,170,180
37.07957124710083,0.3820902146210041,4.638629825672756,0.2617993877991417,-0.36651914291879834,-1.5422844777878064,180,180,180,180,180,170,180
37.08977699279785,0.3820902146210041,4.638629825672756,0.2617993877991417,-0.43633231299856945,-1.5422844777878064,180,180,180,180,180,170,180
37.0999972820282,0.3820902146210041,4.638629825672756,0.2617993877991417,-0.43633231299856945,-1.5422844777878064,180,180,180,180,180,170,180
37.11024880409241,0.38181401675013527,4.630025058380588,0.2617993877991417,-0.43633231299856945,-1.5342961794951184,180,170,180,180,160,170,180
37.12044048309326,0.38181401675013527,4.630025058380588,0.2617993877991417,-0.43633231299856945,-1.5342961794951184,180,170,180,180,160,170,180
37.13468909263611,0.38181401675013527,4.630025058380588,0.2617993877991417,-0.43633231299856945,-1.5342961794951184,180,170,180,180,160,170,180
37.1449089050293,0.3814695217689302,4.6216441652587426,0.2617993877991417,-0.43633231299856945,-1.5226417445482285,180,170,180,180,160,170,180
37.15511202812195,0.3814695217689302,4.6216441652587426,0.2617993877991417,-0.43633231299856945,-1.5226417445482285,180,170,180,180,160,170,180
37.16533374786377,0.3814695217689302,4.6216441652587426,0.2617993877991417,-0.43633231299856945,-1.5226417445482285,180,180,180,180,150,170,180
37.18320059776306,0.3810022091935152,4.612966290206325,0.2617993877991417,-0.43633231299856945,-1.5099336191979382,180,180,180,180,150,170,180
37.19339919090271,0.3810022091935152,4.612966290206325,0.2617993877991417,-0.43633231299856945,-1.5099336191979382,180,180,180,180,150,170,180
37.2036337852478,0.3810022091935152,4.612966290206325,0.2617993877991417,-0.43633231299856945,-1.5099336191979382,180,180,180,180,150,170,180
37.213829040527344,0.3804181424456091,4.604320504628652,0.2617993877991417,-0.43633231299856945,-1.4961294937557106,180,180,180,180,150,180,180
37.23019051551819,0.3804181424456091,4.604320504628652,0.2617993877991417,-0.43633231299856945,-1.4961294937557106,180,180,180,180,150,180,180
37.24043273925781,0.37970643431235906,4.595602450442193,0.2617993877991417,-0.43633231299856945,-1.4818756259646206,180,180,180,180,150,180,180
37.25062894821167,0.37970643431235906,4.595602450442193,0.2617993877991417,-0.43633231299856945,-1.4818756259646206,180,180,180,150,150,180,180
37.260817766189575,0.37970643431235906,4.595602450442193,0.2617993877991417,-0.43633231299856945,-1.4818756259646206,180,180,180,150,150,180,180
37.280308961868286,0.37970643431235906,4.595602450442193,0.2617993877991417,-0.43633231299856945,-1.4818756259646206,180,180,180,150,150,180,180
37.29068660736084,0.3788417891838015,4.586618650987007,0.2617993877991417,-0.43633231299856945,-1.4671593169428445,180,180,180,150,150,180,180
37.30115246772766,0.3788417891838015,4.586618650987007,0.2617993877991417,-0.43633231299856945,-1.4671593169428445,180,180,180,150,150,180,180
37.311574935913086,0.3778743529898056,4.577899177111932,0.2617993877991417,-0.43633231299856945,-1.4528450918932392,170,180,180,160,160,180,180
37.33106350898743,0.3778743529898056,4.577899177111932,0.2617993877991417,-0.43633231299856945,-1.4528450918932392,170,180,180,160,160,180,180
37.341339349746704,0.3767801606368059,4.56918209322938,0.2617993877991417,-0.40142572795868386,-1.4385028067715033,170,180,180,160,160,180,180
37.351547956466675,0.3767801606368059,4.56918209322938,0.2617993877991417,-0.36651914291879834,-1.4385028067715033,170,180,180,160,160,180,180
37.36175537109375,0.3767801606368059,4.56918209322938,0.2617993877991417,-0.36651914291879834,-1.4385028067715033,180,180,180,150,170,180,180
37.379740476608276,0.3767801606368059,4.56918209322938,0.2617993877991417,-0.2617993877991417,-1.4385028067715033,180,180,180,150,170,180,180
37.39009165763855,0.3755260367108499,4.560217991417156,0.2617993877991417,-0.157079632679485,-1.4248319288961295,180,180,180,150,170,180,180
37.40030217170715,0.3755260367108499,4.560217991417156,0.2617993877991417,-0.13962634015954223,-1.4248319288961295,180,180,180,170,150,180,180
37.41052532196045,0.37420373965940507,4.551555006924519,0.2617993877991417,-0.13962634015954223,-1.414344307151983,180,180,180,170,150,180,180
37.42808532714844,0.37420373965940507,4.551555006924519,0.2617993877991417,-0.12217304763959944,-1.414344307151983,180,180,180,170,150,180,180
37.438294887542725,0.37420373965940507,4.551555006924519,0.2617993877991417,-0.12217304763959944,-1.414344307151983,180,180,180,170,150,180,180
37.44848561286926,0.37280581236180826,4.542917568367847,0.2617993877991417,-0.12217304763959944,-1.406671917026452,180,180,180,170,150,180,180
37.45868110656738,0.37280581236180826,4.542917568367847,0.2617993877991417,-0.12217304763959944,-1.406671917026452,180,180,180,170,180,180,180
37.46885633468628,0.37280581236180826,4.542917568367847,0.2617993877991417,-0.10471975511965666,-1.406671917026452,180,180,180,170,180,180,180
37.480910301208496,0.37129801856140915,4.53399052105518,0.2617993877991417,-0.10471975511965666,-1.4006433373230576,180,180,180,170,180,180,180
37.49111318588257,0.37129801856140915,4.53399052105518,0.2617993877991417,-0.10471975511965666,-1.4006433373230576,180,180,180,170,180,180,180
37.50131154060364,0.37129801856140915,4.53399052105518,0.2617993877991417,-0.10471975511965666,-1.4006433373230576,180,180,180,170,180,180,180
37.51151704788208,0.36982009152683937,4.525474680362251,0.2617993877991417,-0.10471975511965666,-1.3960549142401288,180,170,180,150,180,180,180
37.52171587944031,0.36982009152683937,4.525474680362251,0.2617993877991417,-0.10471975511965666,-1.3960549142401288,180,170,180,150,180,180,180
37.53188681602478,0.36982009152683937,4.525474680362251,0.2617993877991417,-0.10471975511965666,-1.3960549142401288,180,170,180,150,180,180,180
37.54210543632507,0.36830831310480927,4.517003599447292,0.2617993877991417,-0.08726646259971389,-1.3925143811503997,180,170,180,150,180,180,180
37.55897283554077,0.36830831310480927,4.517003599447292,0.2617993877991417,-0.08726646259971389,-1.3925143811503997,180,170,180,150,180,180,180
37.56928730010986,0.36830831310480927,4.517003599447292,0.2617993877991417,-0.06981317007977111,-1.3925143811503997,180,170,180,150,180,180,180
37.57950949668884,0.3667184599951577,4.508260322433894,0.2617993877991417,-0.06981317007977111,-1.389478894227898,180,170,180,150,180,180,180
37.58970808982849,0.3667184599951577,4.508260322433894,0.2617993877991417,-0.06981317007977111,-1.389478894227898,180,180,180,180,180,180,180
37.60490965843201,0.3667184599951577,4.508260322433894,0.2617993877991417,-0.06981317007977111,-1.389478894227898,180,180,180,180,180,180,180
37.61513304710388,0.3651523795580436,4.4997696670698355,0.2617993877991417,-0.06981317007977111,-1.387127656927972,180,180,180,180,180,180,180
37.62535381317139,0.3651523795580436,4.4997696670698355,0.2617993877991417,-0.06981317007977111,-1.387127656927972,180,180,180,180,180,180,180
37.64638710021973,0.3635652026992345,4.4912721742341555,0.2617993877991417,-0.06981317007977111,-1.3847966744591635,180,180,180,180,180,180,180
37.656593799591064,0.3635652026992345,4.4912721742341555,0.2617993877991417,-0.06981317007977111,-1.3847966744591635,180,180,180,180,180,180,180
37.666794300079346,0.3635652026992345,4.4912721742341555,0.2617993877991417,-0.06981317007977111,-1.3847966744591635,180,180,180,180,180,180,180
37.677051067352295,0.36190667745298455,4.482509344405627,0.2617993877991417,-0.06981317007977111,-1.3823846724630182,180,180,180,180,180,180,180
37.68728756904602,0.36190667745298455,4.482509344405627,0.2617993877991417,-0.05235987755982833,-1.3823846724630182,180,180,180,180,180,180,180
37.6980299949646,0.36190667745298455,4.482509344405627,0.2617993877991417,-0.05235987755982833,-1.3823846724630182,180,180,180,180,180,180,180
37.70821809768677,0.36027415002805135,4.473995994960767,0.2617993877991417,-0.05235987755982833,-1.3800388326257942,180,180,180,180,180,180,180
37.7183997631073,0.36027415002805135,4.473995994960767,0.2617993877991417,-0.05235987755982833,-1.3800388326257942,180,180,180,180,180,180,180
37.72861838340759,0.36027415002805135,4.473995994960767,0.2617993877991417,-0.05235987755982833,-1.3800388326257942,180,180,180,180,180,180,180
37.740558385849,0.36027415002805135,4.473995994960767,0.2617993877991417,-0.05235987755982833,-1.3800388326257942,180,180,180,180,180,180,180
37.75076913833618,0.3586221025634726,4.4654795303892625,0.2617993877991417,0.0,-1.378243379688251,180,180,180,180,180,180,180
37.761045694351196,0.3586221025634726,4.4654795303892625,0.2617993877991417,0.0,-1.378243379688251,180,180,180,150,180,180,180
37.78060054779053,0.3586221025634726,4.4654795303892625,0.2617993877991417,0.0,-1.378243379688251,180,180,180,150,180,180,180
37.791000843048096,0.3569021834756672,4.456699994645835,0.2617993877991417,0.0,-1.3764279019432248,180,180,180,150,180,180,180
37.80148267745972,0.3569021834756672,4.456699994645835,0.2617993877991417,0.0,-1.3764279019432248,180,180,180,150,180,180,180
37.811777114868164,0.3552223707256337,4.4481851448620136,0.2617993877991417,0.0,-1.376246257094874,180,180,170,150,180,170,180
37.82201027870178,0.3552223707256337,4.4481851448620136,0.2617993877991417,0.0,-1.376246257094874,180,180,170,150,180,170,180
37.832985162734985,0.3552223707256337,4.4481851448620136,0.2617993877991417,0.0,-1.376246257094874,180,180,170,150,180,170,180
37.84321093559265,0.35355202374524247,4.439689958136917,0.2617993877991417,0.0,-1.376331691945149,180,180,170,150,180,170,180
37.85341501235962,0.35355202374524247,4.439689958136917,0.2617993877991417,0.0,-1.376331691945149,180,180,150,150,170,170,180
37.86365079879761,0.35355202374524247,4.439689958136917,0.2617993877991417,0.0,-1.376331691945149,180,180,150,150,170,170,180
37.879802942276,0.35355202374524247,4.439689958136917,0.2617993877991417,0.0,-1.376331691945149,180,180,150,150,170,170,180
37.8901789188385,0.35183617828627184,4.43097280742708,0.2617993877991417,0.0,-1.3765182794290174,180,180,150,150,170,170,180
37.90037727355957,0.35183617828627184,4.43097280742708,0.2617993877991417,0.0,-1.3765182794290174,180,180,150,150,180,170,180
37.910595417022705,0.3501822440642775,4.42253978517906,0.2617993877991417,0.0,-1.3763974186198398,180,180,150,150,180,170,180
37.92077875137329,0.3501822440642775,4.42253978517906,0.2617993877991417,0.0,-1.3763974186198398,180,180,150,150,180,170,180
37.935561418533325,0.3501822440642775,4.42253978517906,0.2617993877991417,0.0,-1.3763974186198398,180,180,150,150,180,170,180
37.94581317901611,0.3485226278240505,4.41410238325669,0.2617993877991417,0.0,-1.3763040089312468,180,180,150,150,180,170,180
37.95599293708801,0.3485226278240505,4.41410238325669,0.2617993877991417,0.0,-1.3763040089312468,180,180,150,150,180,170,180
37.96631979942322,0.3485226278240505,4.41410238325669,0.2617993877991417,0.0,-1.3763040089312468,180,180,180,150,180,170,180
37.98094296455383,0.3485226278240505,4.41410238325669,0.2617993877991417,0.0,-1.3763040089312468,180,180,180,150,180,170,180
37.99131798744202,0.34680946939798163,4.405398454569165,0.2617993877991417,0.0,-1.3762289280632471,180,180,180,150,180,170,180
38.00153732299805,0.34680946939798163,4.405398454569165,0.2617993877991417,0.0,-1.3762289280632471,180,180,180,150,170,180,180
38.011842489242554,0.3451435297307274,4.396941725004763,0.2617993877991417,0.0,-1.3761559363427411,180,180,180,150,170,180,180
38.022135496139526,0.3451435297307274,4.396941725004763,0.2617993877991417,0.0,-1.3761559363427411,180,180,180,150,170,180,180
38.03241753578186,0.3451435297307274,4.396941725004763,0.2617993877991417,0.0,-1.3761559363427411,180,180,180,150,170,180,180
38.042704343795776,0.34347494849338567,4.38847393992661,0.2617993877991417,0.0,-1.3760924961043273,180,180,180,150,170,180,180
38.052926778793335,0.34347494849338567,4.38847393992661,0.2617993877991417,0.0,-1.3760924961043273,180,180,180,150,160,170,180
38.06320118904114,0.34347494849338567,4.38847393992661,0.2617993877991417,0.0,-1.3760924961043273,180,180,180,150,160,170,180
38.078933000564575,0.34347494849338567,4.38847393992661,0.2617993877991417,0.0,-1.3760924961043273,180,180,180,150,160,170,180
38.08920979499817,0.3417530440604227,4.379738175067574,0.2617993877991417,0.0,-1.376035434747464,180,180,180,150,160,170,180
38.099369287490845,0.3417530440604227,4.379738175067574,0.2617993877991417,0.0,-1.376035434747464,180,180,180,150,160,170,180
38.10997247695923,0.3400793390237022,4.371249541648368,0.2617993877991417,0.0,-1.3759818119881984,180,180,180,170,160,170,180
38.120176553726196,0.3400793390237022,4.371249541648368,0.2617993877991417,0.0,-1.3759818119881984,180,180,180,170,160,170,180
38.130382776260376,0.3400793390237022,4.371249541648368,0.2617993877991417,0.0,-1.3759818119881984,180,180,180,170,160,170,180
38.14054727554321,0.3384030852032366,4.362751865353545,0.2617993877991417,0.0,-1.3759332425481257,180,180,180,170,160,170,180
38.15075206756592,0.3384030852032366,4.362751865353545,0.2617993877991417,0.0,-1.3759332425481257,180,180,180,170,160,170,180
38.161158084869385,0.3384030852032366,4.362751865353545,0.2617993877991417,0.0,-1.3759332425481257,180,180,180,180,170,170,180
38.17144703865051,0.3384030852032366,4.362751865353545,0.2617993877991417,0.0,-1.3759332425481257,180,180,180,180,170,170,180
38.181671380996704,0.3366734656019486,4.353989755130802,0.2617993877991417,0.0,-1.3759017805132556,180,180,180,180,170,170,180
38.19186973571777,0.3366734656019486,4.353989755130802,0.2617993877991417,0.0,-1.3759017805132556,180,180,180,180,170,170,180
38.20206427574158,0.3366734656019486,4.353989755130802,0.2617993877991417,0.0,-1.3759017805132556,180,180,180,180,180,170,180
38.2122528553009,0.33499397727466007,4.345487191544867,0.2617993877991417,0.0,-1.3759357551063611,180,180,180,180,180,170,180
38.222484827041626,0.33499397727466007,4.345487191544867,0.2617993877991417,0.0,-1.3759357551063611,180,180,180,180,180,170,180
38.232709646224976,0.33499397727466007,4.345487191544867,0.2617993877991417,0.0,-1.3759357551063611,180,180,180,180,180,170,180
38.242918491363525,0.3333210899923583,4.336997312361664,0.2617993877991417,0.0,-1.3760426853394654,180,180,180,180,180,170,180
38.253148794174194,0.3333210899923583,4.336997312361664,0.2617993877991417,0.0,-1.3760426853394654,180,180,180,180,180,170,180
38.263543128967285,0.3333210899923583,4.336997312361664,0.2617993877991417,0.0,-1.3760426853394654,180,180,180,180,180,170,180
38.28089880943298,0.33160447481179117,4.328282299125417,0.2617993877991417,0.0,-1.3762135020921584,180,180,180,180,180,170,180
38.29107427597046,0.33160447481179117,4.328282299125417,0.2617993877991417,0.0,-1.3762135020921584,180,180,180,180,180,170,180
38.30123329162598,0.33160447481179117,4.328282299125417,0.2617993877991417,0.0,-1.3762135020921584,180,180,180,180,180,170,180
38.311469316482544,0.32994734470469733,4.319854577288015,0.2617993877991417,0.0,-1.3760635652608701,180,180,180,140,180,170,180
38.32166790962219,0.32994734470469733,4.319854577288015,0.2617993877991417,0.0,-1.3760635652608701,180,180,180,140,180,170,180
38.33348107337952,0.32994734470469733,4.319854577288015,0.2617993877991417,0.0,-1.3760635652608701,180,180,180,140,180,170,180
38.34364676475525,0.3282846686757289,4.311412965642852,0.2617993877991417,0.0,-1.3759961186330676,180,180,180,140,180,170,180
38.35383081436157,0.3282846686757289,4.311412965642852,0.2617993877991417,0.0,-1.3759961186330676,180,180,180,140,180,170,180
38.364070892333984,0.3282846686757289,4.311412965642852,0.2617993877991417,0.0,-1.3759961186330676,180,180,180,150,180,160,170
38.38114047050476,0.3282846686757289,4.311412965642852,0.2617993877991417,0.0,-1.3759961186330676,180,180,180,150,180,160,170
38.39132475852966,0.3282846686757289,4.311412965642852,0.2617993877991417,0.0,-1.3759961186330676,180,180,180,150,180,160,170
38.40152096748352,0.32656837155852825,4.302709080088923,0.2617993877991417,0.0,-1.375917924723031,180,180,130,150,170,160,170
38.41172122955322,0.32489949934468065,4.294251573437966,0.2617993877991417,0.0,-1.3758458162394214,180,180,130,150,170,160,170
38.4219868183136,0.32489949934468065,4.294251573437966,0.2617993877991417,0.0,-1.3758458162394214,180,180,130,150,170,160,170
38.432721853256226,0.32489949934468065,4.294251573437966,0.2617993877991417,0.0,-1.3758458162394214,180,180,130,150,170,160,170
38.44289803504944,0.3232280341120503,4.285782968455098,0.2617993877991417,0.0,-1.3757831392591024,180,180,130,150,170,160,170
38.45308876037598,0.3232280341120503,4.285782968455098,0.2617993877991417,0.0,-1.3757831392591024,180,180,130,150,170,160,170
38.46329426765442,0.3232280341120503,4.285782968455098,0.2617993877991417,0.0,-1.3757831392591024,180,180,180,140,170,160,170
38.482722997665405,0.3232280341120503,4.285782968455098,0.2617993877991417,0.0,-1.3757831392591024,180,180,180,140,170,160,170
38.4930853843689,0.3215031811267371,4.2770464947722395,0.2617993877991417,0.0,-1.3757260111348033,180,180,180,140,170,160,170
38.50330972671509,0.3215031811267371,4.2770464947722395,0.2617993877991417,0.0,-1.3757260111348033,180,180,180,140,170,160,170
38.513497829437256,0.3198266220558682,4.268557250797031,0.2617993877991417,0.0,-1.3756724724573937,180,180,180,140,170,160,170
38.52378535270691,0.3198266220558682,4.268557250797031,0.2617993877991417,0.0,-1.3756724724573937,180,180,180,140,170,160,170
38.533971309661865,0.3198266220558682,4.268557250797031,0.2617993877991417,0.0,-1.3756724724573937,180,180,180,140,170,160,170
38.54416084289551,0.3181474362141921,4.2600591019139085,0.2617993877991417,0.0,-1.375623974910918,180,180,180,140,170,160,170
38.554354667663574,0.3181474362141921,4.2600591019139085,0.2617993877991417,0.0,-1.375623974910918,180,180,180,130,170,170,170
38.56457877159119,0.3181474362141921,4.2600591019139085,0.2617993877991417,0.0,-1.375623974910918,180,180,180,130,170,170,170
38.58068513870239,0.3181474362141921,4.2600591019139085,0.2617993877991417,0.0,-1.375623974910918,180,180,180,130,170,170,170
38.59099864959717,0.31641504746386545,4.2512971859034945,0.2617993877991417,0.0,-1.375598443553144,180,180,180,130,170,170,170
38.60117697715759,0.31641504746386545,4.2512971859034945,0.2617993877991417,0.0,-1.375598443553144,180,180,180,130,170,170,170
38.61136245727539,0.31473304908191035,4.242795982132193,0.2617993877991417,0.0,-1.3756421078477117,180,180,180,180,170,180,170
38.62901735305786,0.31473304908191035,4.242795982132193,0.2617993877991417,0.0,-1.3756421078477117,180,180,180,180,170,180,170
38.63934588432312,0.3130579002021911,4.234309933785907,0.2617993877991417,0.0,-1.3757583909012336,180,180,180,180,170,180,170
38.649542570114136,0.3130579002021911,4.234309933785907,0.2617993877991417,0.0,-1.3757583909012336,180,180,180,180,170,180,170
38.65987157821655,0.3130579002021911,4.234309933785907,0.2617993877991417,0.0,-1.3757583909012336,180,180,180,180,180,180,180
38.67018008232117,0.3130579002021911,4.234309933785907,0.2617993877991417,0.0,-1.3757583909012336,180,180,180,180,180,180,180
38.680439949035645,0.31134171045699344,4.225597330196206,0.2617993877991417,0.0,-1.3759121999061368,180,180,180,180,180,180,180
38.690624713897705,0.31134171045699344,4.225597330196206,0.2617993877991417,0.0,-1.3759121999061368,180,180,180,180,180,180,180
38.70082092285156,0.31134171045699344,4.225597330196206,0.2617993877991417,0.0,-1.3759121999061368,180,180,180,180,180,180,180
38.71101784706116,0.30968101121284203,4.217174642018097,0.2617993877991417,0.0,-1.3757347226210168,180,180,180,180,180,180,180
38.7266902923584,0.30968101121284203,4.217174642018097,0.2617993877991417,0.0,-1.3757347226210168,180,180,180,180,180,180,180
38.73758578300476,0.30968101121284203,4.217174642018097,0.2617993877991417,0.0,-1.3757347226210168,180,180,180,180,180,180,180
38.747771978378296,0.308015281715635,4.208730999912396,0.2617993877991417,0.0,-1.3756786599255486,180,180,180,180,180,180,180
38.75807285308838,0.308015281715635,4.208730999912396,0.2617993877991417,0.0,-1.3756786599255486,180,180,180,180,180,180,180
38.7683002948761,0.308015281715635,4.208730999912396,0.2617993877991417,0.0,-1.3756786599255486,180,180,180,180,180,180,180
38.785776138305664,0.3062958562823517,4.200026659405726,0.2617993877991417,0.0,-1.375600189953058,180,180,180,180,180,180,180
38.795968532562256,0.3062958562823517,4.200026659405726,0.2617993877991417,0.0,-1.375600189953058,180,180,180,180,180,180,180
38.80616903305054,0.3062958562823517,4.200026659405726,0.2617993877991417,0.05235987755982833,-1.375600189953058,180,180,180,180,180,180,180
38.8164336681366,0.30462403220210216,4.191568324130622,0.2617993877991417,0.05235987755982833,-1.375529652382906,180,180,180,180,180,180,180
38.83406162261963,0.30462403220210216,4.191568324130622,0.2617993877991417,0.05235987755982833,-1.375529652382906,180,180,180,180,180,180,180
38.84427094459534,0.3029576630732858,4.183110880368376,0.2617993877991417,0.05235987755982833,-1.3770396184551954,180,180,180,180,180,180,180
38.85444092750549,0.3029576630732858,4.183110880368376,0.2617993877991417,0.05235987755982833,-1.3770396184551954,180,180,180,180,180,180,180
38.864640951156616,0.3029576630732858,4.183110880368376,0.2617993877991417,0.05235987755982833,-1.3770396184551954,180,180,180,130,180,180,180
38.87834095954895,0.3029576630732858,4.183110880368376,0.2617993877991417,0.05235987755982833,-1.3770396184551954,180,180,180,130,180,180,180
38.8886501789093,0.3012517646015229,4.174381094211498,0.2617993877991417,0.05235987755982833,-1.3787289269946281,180,180,180,130,180,180,180
38.898821115493774,0.3012517646015229,4.174381094211498,0.2617993877991417,0.05235987755982833,-1.3787289269946281,180,180,180,130,180,180,180
38.909043312072754,0.29960673448956904,4.165893168810085,0.2617993877991417,0.05235987755982833,-1.380371868816804,180,180,180,130,180,180,180
38.91926884651184,0.29960673448956904,4.165893168810085,0.2617993877991417,0.05235987755982833,-1.380371868816804,180,180,180,130,180,180,180
38.92945885658264,0.29960673448956904,4.165893168810085,0.2617993877991417,0.05235987755982833,-1.380371868816804,180,180,180,130,180,180,180
38.93965792655945,0.2979727200122327,4.15739246045429,0.2617993877991417,0.05235987755982833,-1.3820313787348486,180,180,180,130,180,180,180
38.94984412193298,0.2979727200122327,4.15739246045429,0.2617993877991417,0.05235987755982833,-1.3820313787348486,180,180,180,130,180,180,180
38.96005654335022,0.2979727200122327,4.15739246045429,0.2617993877991417,0.05235987755982833,-1.3820313787348486,180,180,120,130,180,180,180
38.9702467918396,0.2979727200122327,4.15739246045429,0.2617993877991417,0.05235987755982833,-1.3820313787348486,180,180,120,130,180,180,180
38.98237895965576,0.29630132125099756,4.148623559891657,0.2617993877991417,0.05235987755982833,-1.3837792077307831,180,180,120,130,180,180,180
38.99255919456482,0.29630132125099756,4.148623559891657,0.2617993877991417,0.05235987755982833,-1.3837792077307831,180,180,120,130,180,180,180
39.002742290496826,0.29630132125099756,4.148623559891657,0.2617993877991417,0.05235987755982833,-1.3837792077307831,180,180,120,130,180,180,180
39.012996673583984,0.2946979800804202,4.140110913504096,0.2617993877991417,0.05235987755982833,-1.385539387593581,180,180,120,130,180,180,180
39.030980587005615,0.2946979800804202,4.140110913504096,0.2617993877991417,0.05235987755982833,-1.385539387593581,180,180,120,130,180,180,180
39.041203022003174,0.29311176527700233,4.131613748849262,0.2617993877991417,0.05235987755982833,-1.3873492969264751,180,180,120,130,180,180,180
39.05139684677124,0.29311176527700233,4.131613748849262,0.2617993877991417,0.05235987755982833,-1.3873492969264751,180,180,120,120,140,180,160
39.06158089637756,0.29311176527700233,4.131613748849262,0.2617993877991417,0.05235987755982833,-1.3873492969264751,180,180,120,120,140,180,160
39.07178616523743,0.29311176527700233,4.131613748849262,0.2617993877991417,0.05235987755982833,-1.3873492969264751,180,180,120,120,140,180,160
39.083810567855835,0.2915082505299535,4.1228941699726604,0.2617993877991417,0.05235987755982833,-1.3892695788427922,180,180,120,120,140,180,160
39.09399747848511,0.2915082505299535,4.1228941699726604,0.2617993877991417,0.05235987755982833,-1.3892695788427922,180,180,120,120,140,180,160
39.10432195663452,0.2915082505299535,4.1228941699726604,0.2617993877991417,0.05235987755982833,-1.3892695788427922,180,180,120,120,140,180,160
39.11453461647034,0.28996672989158223,4.114455657685305,0.2617993877991417,0.05235987755982833,-1.3908894724300285,130,180,120,120,140,180,160
39.12797427177429,0.28996672989158223,4.114455657685305,0.2617993877991417,0.05235987755982833,-1.3908894724300285,130,180,120,120,140,180,160
39.13817238807678,0.28996672989158223,4.114455657685305,0.2617993877991417,0.05235987755982833,-1.3908894724300285,130,180,120,120,140,180,160
39.14836597442627,0.288438048783198,4.105998143491206,0.2617993877991417,0.05235987755982833,-1.3925676001504965,180,180,110,110,160,180,160
39.15855002403259,0.288438048783198,4.105998143491206,0.2617993877991417,0.05235987755982833,-1.3925676001504965,180,180,110,110,160,180,160
39.16874027252197,0.288438048783198,4.105998143491206,0.2617993877991417,0.05235987755982833,-1.3925676001504965,180,180,110,110,160,180,160
39.18238854408264,0.288438048783198,4.105998143491206,0.2617993877991417,0.05235987755982833,-1.3925676001504965,180,180,110,110,160,180,160
39.19275212287903,0.28687543063307075,4.097276493923044,0.2617993877991417,0.05235987755982833,-1.3942692095212859,180,180,110,110,160,180,160
39.20294904708862,0.28687543063307075,4.097276493923044,0.2617993877991417,0.05235987755982833,-1.3942692095212859,180,120,120,110,110,180,170
39.213194131851196,0.2853709760433873,4.0887973576470555,0.2617993877991417,0.05235987755982833,-1.395924139298465,180,120,120,110,110,180,170
39.229267597198486,0.2853709760433873,4.0887973576470555,0.2617993877991417,0.05235987755982833,-1.395924139298465,180,120,120,110,110,180,170
39.23944640159607,0.28387835115906357,4.080304398108407,0.2617993877991417,0.05235987755982833,-1.3975881765092983,180,120,120,110,110,180,170
39.249638080596924,0.28387835115906357,4.080304398108407,0.2617993877991417,0.05235987755982833,-1.3975881765092983,180,120,120,110,110,180,170
39.26012468338013,0.28387835115906357,4.080304398108407,0.2617993877991417,0.05235987755982833,-1.3975881765092983,180,180,180,130,110,170,170
39.27034258842468,0.28387835115906357,4.080304398108407,0.2617993877991417,0.05235987755982833,-1.3975881765092983,180,180,180,130,110,170,170
39.281747817993164,0.2823524611152346,4.071539829283047,0.2617993877991417,0.05235987755982833,-1.3993111316742073,180,180,180,130,110,170,170
39.29194188117981,0.2823524611152346,4.071539829283047,0.2617993877991417,0.05235987755982833,-1.3993111316742073,180,180,180,130,110,170,170
39.302125215530396,0.2823524611152346,4.071539829283047,0.2617993877991417,0.05235987755982833,-1.3993111316742073,180,180,180,130,110,170,170
39.312320947647095,0.28088230919442436,4.063018286037991,0.2617993877991417,0.05235987755982833,-1.4009800125125509,180,180,180,140,120,170,170
39.322537422180176,0.28088230919442436,4.063018286037991,0.2617993877991417,0.05235987755982833,-1.4009800125125509,180,180,180,140,120,170,170
39.33473062515259,0.28088230919442436,4.063018286037991,0.2617993877991417,0.05235987755982833,-1.4009800125125509,180,180,180,140,120,170,170
39.3449273109436,0.2794228634377075,4.054483955107045,0.2617993877991417,0.05235987755982833,-1.4026611351106084,180,180,180,140,120,170,170
39.35513210296631,0.2794228634377075,4.054483955107045,0.2617993877991417,0.05235987755982833,-1.4026611351106084,180,180,180,140,120,170,170
39.365317583084106,0.2794228634377075,4.054483955107045,0.2617993877991417,0.05235987755982833,-1.4026611351106084,180,180,180,140,120,170,170
39.384552001953125,0.2779322968867702,4.045680143404691,0.2617993877991417,0.05235987755982833,-1.4044205465825277,180,180,180,140,120,170,170
39.39478945732117,0.2779322968867702,4.045680143404691,0.2617993877991417,0.05235987755982833,-1.4044205465825277,180,180,180,140,120,170,170
39.405006408691406,0.2779322968867702,4.045680143404691,0.2617993877991417,0.05235987755982833,-1.4044205465825277,180,130,180,130,120,170,170
39.41520953178406,0.27650083404185527,4.037135158475019,0.2617993877991417,0.05235987755982833,-1.4061575434532714,180,130,180,130,120,170,170
39.43366003036499,0.27650083404185527,4.037135158475019,0.2617993877991417,0.05235987755982833,-1.4061575434532714,180,130,180,130,120,170,170
39.44389605522156,0.27508911824664295,4.028604930366181,0.2617993877991417,0.05235987755982833,-1.4079183661086125,180,130,180,130,120,170,170
39.454140424728394,0.27508911824664295,4.028604930366181,0.2617993877991417,0.05235987755982833,-1.4079183661086125,180,130,120,120,120,170,180
39.464372634887695,0.27508911824664295,4.028604930366181,0.2617993877991417,0.05235987755982833,-1.4079183661086125,180,130,120,120,120,170,180
39.482789754867554,0.2736626770339684,4.019863779425755,0.2617993877991417,0.05235987755982833,-1.4096754495635406,180,130,120,120,120,170,180
39.49307990074158,0.2736626770339684,4.019863779425755,0.2617993877991417,0.05235987755982833,-1.4096754495635406,180,130,120,120,120,170,180
39.50328755378723,0.2736626770339684,4.019863779425755,0.2617993877991417,0.05235987755982833,-1.4096754495635406,180,180,120,120,180,160,180
39.51351356506348,0.2722936548788532,4.011386648567166,0.2617993877991417,0.05235987755982833,-1.4113781251413544,180,180,120,120,180,160,180
39.529656410217285,0.2722936548788532,4.011386648567166,0.2617993877991417,0.05235987755982833,-1.4113781251413544,180,180,120,120,180,160,180
39.5398850440979,0.27093740601811006,4.002903504950476,0.2617993877991417,0.05235987755982833,-1.4130783606234139,180,180,120,120,180,160,180
39.55008125305176,0.27093740601811006,4.002903504950476,0.2617993877991417,0.05235987755982833,-1.4130783606234139,180,180,120,110,180,180,180
39.560303926467896,0.27093740601811006,4.002903504950476,0.2617993877991417,0.05235987755982833,-1.4130783606234139,180,180,120,110,180,180,180
39.5705885887146,0.27093740601811006,4.002903504950476,0.2617993877991417,0.05235987755982833,-1.4130783606234139,180,180,120,110,180,180,180
39.58095574378967,0.2695540559666137,3.9941509903547594,0.2617993877991417,0.05235987755982833,-1.4148283736797163,180,180,120,110,180,180,180
39.59111404418945,0.2695540559666137,3.9941509903547594,0.2617993877991417,0.0,-1.4148283736797163,180,180,120,110,180,180,180
39.60129523277283,0.2695540559666137,3.9941509903547594,0.2617993877991417,0.0,-1.4148283736797163,180,180,120,120,180,180,180
39.611517906188965,0.26822428310721763,3.9856416898507137,0.2617993877991417,0.0,-1.4165248304566913,180,180,120,120,180,180,180
39.630078077316284,0.26822428310721763,3.9856416898507137,0.2617993877991417,0.0,-1.4165248304566913,180,180,120,120,180,180,180
39.64030647277832,0.26689962990150423,3.9771102403118226,0.2617993877991417,0.0,-1.4166170148351753,180,180,120,120,180,180,180
39.6506712436676,0.26689962990150423,3.9771102403118226,0.2617993877991417,0.0,-1.4166170148351753,180,180,120,120,180,180,180
39.660990953445435,0.26689962990150423,3.9771102403118226,0.2617993877991417,0.0,-1.4166170148351753,180,180,120,120,180,180,180
39.6762969493866,0.26689962990150423,3.9771102403118226,0.2617993877991417,0.0,-1.4166170148351753,180,180,120,120,180,180,180
39.68668818473816,0.2655325077913448,3.9683073163340925,0.2617993877991417,0.0,-1.416605263171582,180,180,120,120,180,180,180
39.696890354156494,0.2655325077913448,3.9683073163340925,0.2617993877991417,0.0,-1.416605263171582,180,180,120,120,180,180,180
39.70709156990051,0.2642038491282478,3.9597534479930188,0.2617993877991417,0.0,-1.416592654821223,180,180,120,120,120,180,180
39.717318058013916,0.2642038491282478,3.9597534479930188,0.2617993877991417,0.0,-1.416592654821223,180,180,120,120,120,180,180
39.73513889312744,0.2642038491282478,3.9597534479930188,0.2617993877991417,0.0,-1.416592654821223,180,180,120,120,120,180,180
39.74537181854248,0.2628729175159265,3.9511899553516066,0.2617993877991417,0.0,-1.4165801433802196,180,180,120,120,120,180,180
39.755603075027466,0.2628729175159265,3.9511899553516066,0.2617993877991417,0.0,-1.4165801433802196,180,180,180,120,180,180,180
39.765899896621704,0.2628729175159265,3.9511899553516066,0.2617993877991417,0.0,-1.4165801433802196,180,180,180,120,180,180,180
39.780593395233154,0.2628729175159265,3.9511899553516066,0.2617993877991417,0.0,-1.4165801433802196,180,180,180,120,180,180,180
39.790953397750854,0.2614996501553167,3.9423592857844048,0.2617993877991417,0.0,-1.416567048195594,180,180,180,120,180,180,180
39.80114269256592,0.2614996501553167,3.9423592857844048,0.2617993877991417,0.0,-1.416567048195594,180,180,120,110,120,180,180
39.811336040496826,0.26016597410664033,3.9337942958744603,0.2617993877991417,0.0,-1.4165550604030361,180,180,120,110,120,180,180
39.821516036987305,0.26016597410664033,3.9337942958744603,0.2617993877991417,0.0,-1.4165550604030361,180,180,120,110,120,180,180
39.833675146102905,0.26016597410664033,3.9337942958744603,0.2617993877991417,0.0,-1.4165550604030361,180,180,120,110,120,180,180
39.843875885009766,0.25883134738170094,3.9252482833127846,0.2617993877991417,0.0,-1.416526613073886,180,180,120,110,120,180,180
39.85409140586853,0.25883134738170094,3.9252482833127846,0.2617993877991417,0.0,-1.416526613073886,180,180,180,120,120,180,180
39.864322900772095,0.25883134738170094,3.9252482833127846,0.2617993877991417,0.0,-1.416526613073886,180,180,180,120,120,180,180
39.881043434143066,0.25747391943766235,3.916494114598684,0.2617993877991417,0.0,-1.416411643982058,180,180,180,120,120,180,180
39.891202449798584,0.25747391943766235,3.916494114598684,0.2617993877991417,0.0,-1.416411643982058,180,180,180,120,120,180,180
39.90133500099182,0.25747391943766235,3.916494114598684,0.2617993877991417,0.0,-1.416411643982058,180,180,180,120,120,180,180
39.911606311798096,0.2561518153884087,3.90798878328314,0.2617993877991417,0.0,-1.4164177922741834,180,180,130,120,120,180,180
39.92972922325134,0.2561518153884087,3.90798878328314,0.2617993877991417,0.0,-1.4164177922741834,180,180,130,120,120,180,180
39.93993258476257,0.2548286013009209,3.8994833209468,0.2617993877991417,0.0,-1.416397967601834,180,180,130,120,120,180,180
39.95020890235901,0.2548286013009209,3.8994833209468,0.2617993877991417,0.0,-1.416397967601834,180,180,130,120,120,180,180
39.96056842803955,0.2548286013009209,3.8994833209468,0.2617993877991417,0.0,-1.416397967601834,180,180,130,120,120,130,180
39.97078824043274,0.2548286013009209,3.8994833209468,0.2617993877991417,0.0,-1.416397967601834,180,180,130,120,120,130,180
39.98700523376465,0.2534641568853779,3.8907109960035036,0.2617993877991417,0.0,-1.4163812693507907,180,180,130,120,120,130,180
39.99724459648132,0.2534641568853779,3.8907109960035036,0.2617993877991417,0.0,-1.4163812693507907,180,180,130,120,120,130,180
40.0074257850647,0.2521381675603737,3.8821861021992827,0.2617993877991417,0.0,-1.4163713732590821,180,180,180,180,180,180,180
40.017621755599976,0.2521381675603737,3.8821861021992827,0.2617993877991417,0.0,-1.4163713732590821,180,180,180,180,180,180,180
40.030078172683716,0.2521381675603737,3.8821861021992827,0.2617993877991417,0.0,-1.4163713732590821,180,180,180,180,180,180,180
40.04033875465393,0.2508105274838342,3.8736512680442337,0.2617993877991417,0.0,-1.4163607931579307,180,180,180,180,180,180,180
40.050573110580444,0.2508105274838342,3.8736512680442337,0.2617993877991417,0.0,-1.4163607931579307,180,180,120,130,180,180,180
40.06081295013428,0.2508105274838342,3.8736512680442337,0.2617993877991417,0.0,-1.4163607931579307,180,180,120,130,180,180,180
40.071025371551514,0.2508105274838342,3.8736512680442337,0.2617993877991417,0.0,-1.4163607931579307,180,180,120,130,180,180,180
40.08454751968384,0.24944091853410427,3.864847483850595,0.2617993877991417,0.0,-1.4163484864861327,180,180,120,130,180,180,180
40.09479832649231,0.24944091853410427,3.864847483850595,0.2617993877991417,0.0,-1.4163484864861327,180,180,120,130,180,180,180
40.105000257492065,0.24944091853410427,3.864847483850595,0.2617993877991417,0.0,-1.4163484864861327,180,180,120,130,180,180,180
40.115217208862305,0.24810982009474444,3.8562927856656763,0.2617993877991417,0.0,-1.4163357246638149,180,180,180,130,180,180,180
40.129448890686035,0.24810982009474444,3.8562927856656763,0.2617993877991417,0.0,-1.4163357246638149,180,180,180,130,180,180,180
40.13964653015137,0.24677644447411018,3.8477284661760107,0.2617993877991417,0.0,-1.416323909582082,180,180,180,130,180,180,180
40.14984893798828,0.24677644447411018,3.8477284661760107,0.2617993877991417,0.0,-1.416323909582082,180,180,180,180,180,180,180
40.16009473800659,0.24677644447411018,3.8477284661760107,0.2617993877991417,0.0,-1.416323909582082,180,180,180,180,180,180,180
40.170305252075195,0.24677644447411018,3.8477284661760107,0.2617993877991417,0.0,-1.416323909582082,180,180,180,180,180,180,180
40.18500804901123,0.24540081279091994,3.8388979264179373,0.2617993877991417,0.0,-1.4163118446363865,180,180,180,180,180,180,180
40.19531226158142,0.24540081279091994,3.8388979264179373,0.2617993877991417,0.0,-1.4163118446363865,180,180,180,180,180,180,180
40.20558047294617,0.24540081279091994,3.8388979264179373,0.2617993877991417,0.0,-1.4163118446363865,180,180,180,180,180,180,180
40.21610450744629,0.2440646759501055,3.8303350169989767,0.2617993877991417,0.0,-1.4162998483561693,180,180,180,180,180,180,180
40.231419801712036,0.2440646759501055,3.8303350169989767,0.2617993877991417,0.0,-1.4162998483561693,180,180,180,180,180,180,180
40.24164009094238,0.24272876292094012,3.821792692122438,0.2617993877991417,0.0,-1.4162649697213103,180,180,180,180,180,180,180
40.25182914733887,0.24272876292094012,3.821792692122438,0.2617993877991417,0.0,-1.4162649697213103,180,180,180,180,180,180,180
40.262040853500366,0.24272876292094012,3.821792692122438,0.2617993877991417,0.0,-1.4162649697213103,180,180,180,180,180,180,180
40.279552698135376,0.24272876292094012,3.821792692122438,0.2617993877991417,0.0,-1.4162649697213103,180,180,180,180,180,180,180
40.28990435600281,0.24137005289803748,3.813042848549516,0.2617993877991417,0.0,-1.4161589918917459,180,180,180,180,180,180,180
40.30010414123535,0.24137005289803748,3.813042848549516,0.2617993877991417,0.0,-1.4161589918917459,180,180,180,180,180,180,180
40.310301065444946,0.24004551850019018,3.804536846077897,0.2617993877991417,0.0,-1.4161619778658021,180,180,180,180,180,180,180
40.32048964500427,0.24004551850019018,3.804536846077897,0.2617993877991417,0.0,-1.4161619778658021,180,180,180,180,180,180,180
40.3351993560791,0.24004551850019018,3.804536846077897,0.2617993877991417,0.0,-1.4161619778658021,180,180,180,180,180,180,180
40.3454053401947,0.2387200535916599,3.796030740295047,0.2617993877991417,0.0,-1.4161412766453207,180,180,180,180,180,180,180
40.355589628219604,0.2387200535916599,3.796030740295047,0.2617993877991417,0.0,-1.4161412766453207,180,180,180,180,180,180,180
40.365885972976685,0.2387200535916599,3.796030740295047,0.2617993877991417,0.0,-1.4161412766453207,180,180,180,180,180,180,180
40.376161336898804,0.23735319297570448,3.7872575864030447,0.2617993877991417,0.0,-1.4161251079957937,180,180,180,180,180,180,180
40.38700723648071,0.23735319297570448,3.7872575864030447,0.2617993877991417,0.0,-1.4161251079957937,180,180,180,180,180,180,180
40.39721441268921,0.23735319297570448,3.7872575864030447,0.2617993877991417,0.0,-1.4161251079957937,180,180,180,180,180,180,180
40.40741229057312,0.23735319297570448,3.7872575864030447,0.2617993877991417,0.0,-1.4161251079957937,180,180,180,180,180,180,180
40.42809820175171,0.23602483167793964,3.778731806442981,0.2617993877991417,0.0,-1.4161154252159764,180,180,180,180,180,180,180
40.438313722610474,0.23602483167793964,3.778731806442981,0.2617993877991417,0.0,-1.4161154252159764,180,180,180,180,180,180,180
40.44852113723755,0.23469481949911022,3.770196126855442,0.2617993877991417,0.0,-1.4161047109524065,180,180,180,180,180,180,180
40.458720684051514,0.23469481949911022,3.770196126855442,0.2617993877991417,0.0,-1.4161047109524065,180,180,180,180,180,180,180
40.46892261505127,0.23469481949911022,3.770196126855442,0.2617993877991417,0.0,-1.4161047109524065,180,180,180,180,180,180,180
40.482300996780396,0.2333227600663779,3.7613914757106293,0.2617993877991417,0.0,-1.4160923074564975,180,180,180,180,180,180,180
40.492552518844604,0.2333227600663779,3.7613914757106293,0.2617993877991417,0.0,-1.4160923074564975,180,180,180,180,180,180,180
40.502832651138306,0.2333227600663779,3.7613914757106293,0.2617993877991417,0.0,-1.4160923074564975,180,180,180,180,180,180,180
40.51304030418396,0.23198923830969467,3.7528359396485653,0.2617993877991417,0.0,-1.4160798629776536,180,190,180,180,180,180,180
40.53230285644531,0.23198923830969467,3.7528359396485653,0.2617993877991417,0.0,-1.4160798629776536,180,190,180,180,180,180,180
40.542535066604614,0.23065341649735024,3.7442708587762388,0.2617993877991417,0.0,-1.4160682042096748,180,190,180,180,180,180,180
40.552749156951904,0.23065341649735024,3.7442708587762388,0.2617993877991417,0.0,-1.4160682042096748,180,180,180,180,180,180,180
40.562962770462036,0.23065341649735024,3.7442708587762388,0.2617993877991417,0.0,-1.4160682042096748,180,180,180,180,180,180,180
40.57912278175354,0.22927546798065446,3.7354406997848235,0.2617993877991417,0.0,-1.4160567390078047,180,180,180,180,180,180,180
40.58935737609863,0.22927546798065446,3.7354406997848235,0.2617993877991417,0.0,-1.4160567390078047,180,180,180,180,180,180,180
40.59956169128418,0.22927546798065446,3.7354406997848235,0.2617993877991417,0.0,-1.4160567390078047,190,180,180,180,180,180,180
40.609761238098145,0.22793685179127196,3.7268800198513277,0.2617993877991417,0.0,-1.416044656462102,190,180,180,180,180,180,180
40.61997127532959,0.22793685179127196,3.7268800198513277,0.2617993877991417,0.0,-1.416044656462102,190,180,180,180,180,180,180
40.63536858558655,0.22793685179127196,3.7268800198513277,0.2617993877991417,0.0,-1.416044656462102,190,180,180,180,180,180,180
40.6455864906311,0.2265999649567755,3.718342044253908,0.2617993877991417,0.0,-1.4160006021039306,190,180,180,180,180,180,180
40.6557834148407,0.2265999649567755,3.718342044253908,0.2617993877991417,0.0,-1.4160006021039306,190,180,180,180,180,180,180
40.66600155830383,0.2265999649567755,3.718342044253908,0.2617993877991417,0.0,-1.4160006021039306,190,190,180,180,190,190,190
40.67623019218445,0.22523939926274134,3.709594253878311,0.2617993877991417,0.0,-1.4159114518893647,190,190,180,180,190,190,190
40.68685960769653,0.22523939926274134,3.709594253878311,0.2617993877991417,0.0,-1.4159114518893647,190,190,180,180,190,190,190
40.69704294204712,0.22523939926274134,3.709594253878311,0.2617993877991417,0.0,-1.4159114518893647,190,190,180,180,190,190,190
40.70724582672119,0.22391267130518505,3.701088889298333,0.2617993877991417,0.0,-1.4159068703482327,190,190,180,180,190,190,190
40.718133211135864,0.22391267130518505,3.701088889298333,0.2617993877991417,0.0,-1.4159068703482327,190,190,190,180,190,190,190
40.73544883728027,0.22391267130518505,3.701088889298333,0.2617993877991417,0.0,-1.4159068703482327,190,190,190,180,190,190,190
40.74565124511719,0.22258498869071783,3.692582171237732,0.2617993877991417,0.0,-1.4158858296161516,190,190,190,180,190,190,190
40.75583815574646,0.22258498869071783,3.692582171237732,0.2617993877991417,0.0,-1.4158858296161516,190,190,190,180,190,190,190
40.76606488227844,0.22258498869071783,3.692582171237732,0.2617993877991417,0.0,-1.4158858296161516,190,190,190,180,180,180,190
40.780797481536865,0.22258498869071783,3.692582171237732,0.2617993877991417,0.0,-1.4158858296161516,190,190,190,180,180,180,190
40.79112100601196,0.22121570883368294,3.6838081181680287,0.2617993877991417,0.0,-1.4158701219963767,190,190,190,180,180,180,190
40.80130624771118,0.22121570883368294,3.6838081181680287,0.2617993877991417,0.0,-1.4158701219963767,190,190,190,180,180,180,190
40.811556816101074,0.21988498173900325,3.6752814461495236,0.2617993877991417,0.0,-1.4158603066181956,190,190,190,180,190,180,190
40.821802854537964,0.21988498173900325,3.6752814461495236,0.2617993877991417,0.0,-1.4158603066181956,190,190,190,180,190,180,190
40.832809925079346,0.21988498173900325,3.6752814461495236,0.2617993877991417,0.0,-1.4158603066181956,190,190,190,180,190,180,190
40.84304594993591,0.21855260164079052,3.666744914740076,0.2617993877991417,0.0,-1.415849111597682,190,190,190,180,190,180,190
40.85326623916626,0.21855260164079052,3.666744914740076,0.2617993877991417,0.0,-1.415849111597682,180,190,180,180,180,180,190
40.863502979278564,0.21855260164079052,3.666744914740076,0.2617993877991417,0.0,-1.415849111597682,180,190,180,180,180,180,190
40.873754262924194,0.21855260164079052,3.666744914740076,0.2617993877991417,0.0,-1.415849111597682,180,190,180,180,180,180,190
40.8868522644043,0.21717809435875873,3.657939398718304,0.2617993877991417,0.0,-1.4158362283672066,180,190,180,180,180,180,190
40.897111892700195,0.21717809435875873,3.657939398718304,0.2617993877991417,0.0,-1.4158362283672066,180,190,180,180,180,180,190
40.90734577178955,0.2158421449901558,3.649383024323795,0.2617993877991417,0.0,-1.4158236653213696,180,190,180,180,180,180,190
40.91759920120239,0.2158421449901558,3.649383024323795,0.2617993877991417,0.0,-1.4158236653213696,180,190,180,180,180,180,190
40.93061900138855,0.2158421449901558,3.649383024323795,0.2617993877991417,0.0,-1.4158236653213696,180,190,180,180,180,180,190
40.94086503982544,0.21450387291779827,3.64081724401743,0.2617993877991417,0.0,-1.415811683056031,180,190,180,180,180,180,190
40.95149326324463,0.21450387291779827,3.64081724401743,0.2617993877991417,0.0,-1.415811683056031,180,190,180,180,180,180,190
40.961729288101196,0.21450387291779827,3.64081724401743,0.2617993877991417,0.0,-1.415811683056031,180,180,180,180,180,180,190
40.97195911407471,0.21450387291779827,3.64081724401743,0.2617993877991417,0.0,-1.415811683056031,180,180,180,180,180,180,190
40.982168674468994,0.21450387291779827,3.64081724401743,0.2617993877991417,0.0,-1.415811683056031,180,180,180,180,180,180,190
40.992390155792236,0.2131236502138111,3.631987722452007,0.2617993877991417,0.0,-1.4158005065230934,180,180,180,180,180,180,190
41.005818605422974,0.2131236502138111,3.631987722452007,0.2617993877991417,0.0,-1.4158005065230934,180,180,180,180,180,180,190
41.016337871551514,0.2117825270904318,3.6234294125551436,0.2617993877991417,0.0,-1.4157881216468662,180,180,180,180,180,180,190
41.02661466598511,0.2117825270904318,3.6234294125551436,0.2617993877991417,0.0,-1.4157881216468662,180,180,180,180,180,180,190
41.03686237335205,0.2117825270904318,3.6234294125551436,0.2617993877991417,0.0,-1.4157881216468662,180,180,180,180,180,180,190
41.04712128639221,0.2104452183851263,3.6148965841734846,0.2617993877991417,0.0,-1.4157331040153027,180,180,180,180,180,180,190
41.059290409088135,0.2104452183851263,3.6148965841734846,0.2617993877991417,0.0,-1.4157331040153027,180,180,180,180,180,180,190
41.06955313682556,0.2104452183851263,3.6148965841734846,0.2617993877991417,0.0,-1.4157331040153027,180,180,180,180,180,180,190
41.079885482788086,0.20908214556680602,3.606148811573952,0.2617993877991417,0.0,-1.4156643550895167,180,180,180,180,180,180,190
41.090144872665405,0.20908214556680602,3.606148811573952,0.2617993877991417,0.0,-1.4156643550895167,180,180,180,180,180,180,190
41.10342311859131,0.20908214556680602,3.606148811573952,0.2617993877991417,0.0,-1.4156643550895167,180,180,180,180,180,180,190
41.11367726325989,0.2077532986240122,3.5976449767808796,0.2617993877991417,0.0,-1.4156508264661918,180,180,180,180,180,180,190
41.123900175094604,0.2077532986240122,3.5976449767808796,0.2617993877991417,0.0,-1.4156508264661918,180,180,180,180,180,180,190
41.14521598815918,0.2077532986240122,3.5976449767808796,0.2617993877991417,0.0,-1.4156508264661918,180,180,180,180,180,180,190
41.1555118560791,0.2064233722782077,3.5891376259454413,0.2617993877991417,0.0,-1.4156300661871368,180,180,180,180,180,180,190
41.16575264930725,0.2064233722782077,3.5891376259454413,0.2617993877991417,0.0,-1.4156300661871368,180,180,180,180,180,180,190
41.17609906196594,0.20505166637903322,3.580362639560964,0.2617993877991417,0.0,-1.4156152475706465,180,180,180,180,180,180,180
41.19050979614258,0.20505166637903322,3.580362639560964,0.2617993877991417,0.0,-1.4156152475706465,180,180,180,180,180,180,180
41.20074415206909,0.20505166637903322,3.580362639560964,0.2617993877991417,0.0,-1.4156152475706465,180,180,180,180,180,180,180
41.21097707748413,0.2037185757525215,3.5718350872730906,0.2617993877991417,0.0,-1.4156055926653857,180,180,180,180,180,180,180
41.221222162246704,0.2037185757525215,3.5718350872730906,0.2617993877991417,0.0,-1.4156055926653857,180,180,180,180,180,180,180
41.237860679626465,0.2037185757525215,3.5718350872730906,0.2617993877991417,0.0,-1.4156055926653857,180,180,180,180,180,180,180
41.24815344810486,0.2023838317134438,3.5632977040539315,0.2617993877991417,0.0,-1.415594329467882,180,180,180,180,180,180,180
41.25842356681824,0.2023838317134438,3.5632977040539315,0.2617993877991417,0.0,-1.415594329467882,180,180,180,180,180,180,180
41.26866912841797,0.2023838317134438,3.5632977040539315,0.2617993877991417,0.0,-1.415594329467882,180,180,180,180,180,180,190
41.2850124835968,0.20100688426503438,3.55449132736383,0.2617993877991417,0.0,-1.4155813786621823,180,180,180,180,180,180,190
41.29516315460205,0.20100688426503438,3.55449132736383,0.2617993877991417,0.0,-1.4155813786621823,180,180,180,180,180,180,190
41.30534791946411,0.20100688426503438,3.55449132736383,0.2617993877991417,0.0,-1.4155813786621823,180,180,180,180,180,180,190
41.31635499000549,0.19966850315856752,3.5459341123457184,0.2617993877991417,0.0,-1.4155690998637487,180,180,180,180,180,180,190
41.334144830703735,0.19966850315856752,3.5459341123457184,0.2617993877991417,0.0,-1.4155690998637487,180,180,180,180,180,180,190
41.34439659118652,0.19832780727494687,3.5373676893926893,0.2617993877991417,0.0,-1.415557104513081,180,180,180,180,180,180,190
41.35461974143982,0.19832780727494687,3.5373676893926893,0.2617993877991417,0.0,-1.415557104513081,180,180,180,180,180,180,190
41.365135192871094,0.19832780727494687,3.5373676893926893,0.2617993877991417,0.0,-1.415557104513081,180,180,180,180,180,180,190
41.380072355270386,0.19832780727494687,3.5373676893926893,0.2617993877991417,0.0,-1.415557104513081,180,180,180,180,180,180,190
41.39052224159241,0.196945362641579,3.528539055639116,0.2617993877991417,0.0,-1.4155462813110244,180,180,180,180,180,180,190
41.40073299407959,0.196945362641579,3.528539055639116,0.2617993877991417,0.0,-1.4155462813110244,180,180,180,180,180,180,190
41.41100716590881,0.19560173007678947,3.5199832402504603,0.2617993877991417,0.0,-1.4155333940345447,180,180,180,190,180,180,190
41.421287536621094,0.19560173007678947,3.5199832402504603,0.2617993877991417,0.0,-1.4155333940345447,180,180,180,190,180,180,190
41.433207273483276,0.19560173007678947,3.5199832402504603,0.2617993877991417,0.0,-1.4155333940345447,180,180,180,190,180,180,190
41.44345951080322,0.19426466822873736,3.511456520273122,0.2617993877991417,0.0,-1.415466480829787,180,180,180,190,180,180,190
41.45372653007507,0.19426466822873736,3.511456520273122,0.2617993877991417,0.0,-1.415466480829787,180,180,180,190,180,180,190
41.46430802345276,0.19426466822873736,3.511456520273122,0.2617993877991417,0.0,-1.415466480829787,190,180,190,190,190,190,190
41.48131060600281,0.19289857681421815,3.5027073234289796,0.2617993877991417,0.0,-1.415416982345923,190,180,190,190,190,190,190
41.49156188964844,0.19289857681421815,3.5027073234289796,0.2617993877991417,0.0,-1.415416982345923,190,180,190,190,190,190,190
41.501869201660156,0.19289857681421815,3.5027073234289796,0.2617993877991417,0.0,-1.415416982345923,190,180,190,190,190,190,190
41.512535572052,0.19156754866405015,3.4942050991904092,0.2617993877991417,0.0,-1.4153960461778996,180,180,180,190,190,190,190
41.530762910842896,0.19156754866405015,3.4942050991904092,0.2617993877991417,0.0,-1.4153960461778996,180,180,180,190,190,190,190
41.54113459587097,0.19023535357661983,3.4856970835594825,0.2617993877991417,0.0,-1.4153755742795966,180,180,180,190,190,190,190
41.551368713378906,0.19023535357661983,3.4856970835594825,0.2617993877991417,0.0,-1.4153755742795966,180,180,180,190,190,190,190
41.56161284446716,0.19023535357661983,3.4856970835594825,0.2617993877991417,0.0,-1.4153755742795966,180,180,180,180,180,190,190
41.5718731880188,0.19023535357661983,3.4856970835594825,0.2617993877991417,0.0,-1.4153755742795966,180,180,180,180,180,190,190
41.587480545043945,0.18886122537406108,3.47692114859933,0.2617993877991417,0.0,-1.4153612568135356,180,180,180,180,180,190,190
41.59780716896057,0.18886122537406108,3.47692114859933,0.2617993877991417,0.0,-1.4153612568135356,180,180,180,180,180,190,190
41.60802936553955,0.18752577741943385,3.468392730698067,0.2617993877991417,0.0,-1.4153512445636496,180,180,180,180,190,190,190
41.61829376220703,0.18752577741943385,3.468392730698067,0.2617993877991417,0.0,-1.4153512445636496,180,180,180,180,190,190,190
41.632591247558594,0.18752577741943385,3.468392730698067,0.2617993877991417,0.0,-1.4153512445636496,180,180,180,180,190,190,190
41.64290428161621,0.1861886706094647,3.459854494957736,0.2617993877991417,0.0,-1.4153395122607442,180,180,180,180,190,190,190
41.65312910079956,0.1861886706094647,3.459854494957736,0.2617993877991417,0.0,-1.4153395122607442,180,190,180,180,180,180,190
41.66336226463318,0.1861886706094647,3.459854494957736,0.2617993877991417,0.0,-1.4153395122607442,180,190,180,180,180,180,190
41.673604011535645,0.1848092814814019,3.451047262919239,0.2617993877991417,0.0,-1.4153260962830085,180,190,180,180,180,180,190
41.68468904495239,0.1848092814814019,3.451047262919239,0.2617993877991417,0.0,-1.4153260962830085,180,190,180,180,180,180,190
41.69490671157837,0.1848092814814019,3.451047262919239,0.2617993877991417,0.0,-1.4153260962830085,180,190,180,180,180,180,190
41.70512294769287,0.1848092814814019,3.451047262919239,0.2617993877991417,0.0,-1.4153260962830085,180,190,180,190,180,180,190
41.71613574028015,0.18346844735234538,3.4424892189050835,0.2617993877991417,0.0,-1.415313798041933,180,190,180,190,180,180,190
41.73414063453674,0.18346844735234538,3.4424892189050835,0.2617993877991417,0.0,-1.415313798041933,180,190,180,190,180,180,190
41.74447441101074,0.18212533439708242,3.4339222196421852,0.2617993877991417,0.0,-1.4153015193333918,180,190,180,190,180,180,190
41.754716634750366,0.18212533439708242,3.4339222196421852,0.2617993877991417,0.0,-1.4153015193333918,180,180,180,180,180,180,180
41.76496362686157,0.18212533439708242,3.4339222196421852,0.2617993877991417,0.0,-1.4153015193333918,180,180,180,180,180,180,180
41.78004693984985,0.18212533439708242,3.4339222196421852,0.2617993877991417,0.0,-1.4153015193333918,180,180,180,180,180,180,180
41.79039478302002,0.18074063199857773,3.425094743007852,0.2617993877991417,0.0,-1.415290893600379,180,180,180,180,180,180,180
41.80064845085144,0.18074063199857773,3.425094743007852,0.2617993877991417,0.0,-1.415290893600379,180,180,180,180,180,180,180
41.810866594314575,0.17939450558223557,3.416541552905391,0.2617993877991417,0.0,-1.415277238486298,180,180,180,180,180,180,180
41.821075439453125,0.17939450558223557,3.416541552905391,0.2617993877991417,0.0,-1.415277238486298,180,180,180,180,180,180,180
41.83547353744507,0.17939450558223557,3.416541552905391,0.2617993877991417,0.0,-1.415277238486298,180,180,180,180,180,180,180
41.845662117004395,0.17939450558223557,3.416541552905391,0.2617993877991417,0.0,-1.415277238486298,180,180,180,180,180,180,180
41.85585570335388,0.17805817294212334,3.408021928966642,0.2617993877991417,0.0,-1.4151974147851734,180,180,180,180,180,180,190
41.8663911819458,0.17805817294212334,3.408021928966642,0.2617993877991417,0.0,-1.4151974147851734,180,180,180,180,180,180,190
41.88215732574463,0.17668870904437306,3.3992705078387333,0.2617993877991417,0.0,-1.4151645077339599,180,180,180,180,180,180,190
41.89239144325256,0.17668870904437306,3.3992705078387333,0.2617993877991417,0.0,-1.4151645077339599,180,180,180,180,180,180,190
41.90261697769165,0.17668870904437306,3.3992705078387333,0.2617993877991417,0.0,-1.4151645077339599,180,180,190,190,190,180,190
41.912821769714355,0.17535537258214884,3.3907692645844323,0.2617993877991417,0.0,-1.415140268059906,180,180,190,190,190,180,190
41.92301082611084,0.17535537258214884,3.3907692645844323,0.2617993877991417,0.0,-1.415140268059906,180,180,190,190,190,180,190
41.93448090553284,0.17535537258214884,3.3907692645844323,0.2617993877991417,0.0,-1.415140268059906,180,180,190,190,190,180,190
41.94468450546265,0.1740208800597902,3.3822605621918305,0.2617993877991417,0.0,-1.41512055697644,180,180,190,190,190,180,190
41.95488405227661,0.1740208800597902,3.3822605621918305,0.2617993877991417,0.0,-1.41512055697644,180,180,180,190,180,180,190
41.96514630317688,0.1740208800597902,3.3822605621918305,0.2617993877991417,0.0,-1.41512055697644,180,180,180,190,180,180,190
41.9786901473999,0.1740208800597902,3.3822605621918305,0.2617993877991417,0.0,-1.41512055697644,180,180,180,190,180,180,190
41.98888945579529,0.17264432130857327,3.3734836598577074,0.2617993877991417,0.0,-1.4151071415227054,180,180,180,190,180,180,190
41.999178886413574,0.17264432130857327,3.3734836598577074,0.2617993877991417,0.0,-1.4151071415227054,180,180,180,190,180,180,190
42.00945448875427,0.17130651663650448,3.3649543941796907,0.2617993877991417,0.0,-1.415097029939281,180,180,180,180,190,180,190
42.02749466896057,0.17130651663650448,3.3649543941796907,0.2617993877991417,0.0,-1.415097029939281,180,180,180,180,190,180,190
42.03775215148926,0.17130651663650448,3.3649543941796907,0.2617993877991417,0.0,-1.415097029939281,180,180,180,180,190,180,190
42.0479781627655,0.16996704895687154,3.356415308142099,0.2617993877991417,0.0,-1.415085229342637,180,180,180,180,190,180,190
42.05818176269531,0.16996704895687154,3.356415308142099,0.2617993877991417,0.0,-1.415085229342637,180,180,190,130,190,180,190
42.0783371925354,0.1685852217332192,3.3476072230915506,0.2617993877991417,0.0,-1.415071779497778,180,180,190,130,190,180,190
42.08861970901489,0.1685852217332192,3.3476072230915506,0.2617993877991417,0.0,-1.415071779497778,180,180,190,130,190,180,190
42.09883403778076,0.1685852217332192,3.3476072230915506,0.2617993877991417,0.0,-1.415071779497778,180,180,190,130,190,180,190
42.10903549194336,0.16724193182618025,3.339048359197289,0.2617993877991417,0.0,-1.4150599020378194,180,180,190,130,190,180,190
42.119242668151855,0.16724193182618025,3.339048359197289,0.2617993877991417,0.0,-1.4150599020378194,180,180,190,130,190,180,190
42.129449129104614,0.16724193182618025,3.339048359197289,0.2617993877991417,0.0,-1.4150599020378194,180,180,190,130,190,180,190
42.13962769508362,0.16589643194678444,3.330480858733213,0.2617993877991417,0.0,-1.4150476558245888,180,180,190,130,190,180,190
42.14981269836426,0.16589643194678444,3.330480858733213,0.2617993877991417,0.0,-1.4150476558245888,180,180,190,130,190,180,190
42.15998840332031,0.16589643194678444,3.330480858733213,0.2617993877991417,0.0,-1.4150476558245888,180,180,190,130,190,180,190
42.170175075531006,0.16589643194678444,3.330480858733213,0.2617993877991417,0.0,-1.4150476558245888,180,180,190,130,190,180,190
42.184465169906616,0.16589643194678444,3.330480858733213,0.2617993877991417,0.0,-1.4150476558245888,180,180,190,130,190,180,190
42.1947820186615,0.16450941226999533,3.3216548127053582,0.2617993877991417,0.0,-1.4150372406057616,180,180,190,130,190,180,190
42.20496702194214,0.16450941226999533,3.3216548127053582,0.2617993877991417,0.0,-1.4150372406057616,180,180,190,130,190,180,190
42.21570086479187,0.16316102334212457,3.3131043612893403,0.2617993877991417,0.0,-1.4150221042246176,190,190,190,130,190,180,190
42.235811948776245,0.16316102334212457,3.3131043612893403,0.2617993877991417,0.0,-1.4150221042246176,190,190,190,130,190,180,190
42.24614644050598,0.16182549738499288,3.3045925860869487,0.2617993877991417,0.0,-1.4149295156795838,190,190,190,130,190,180,190
42.256391286849976,0.16182549738499288,3.3045925860869487,0.2617993877991417,0.0,-1.4149295156795838,190,190,190,130,190,180,190
42.266642332077026,0.16182549738499288,3.3045925860869487,0.2617993877991417,0.0,-1.4149295156795838,190,190,190,120,190,190,190
42.28071856498718,0.16182549738499288,3.3045925860869487,0.2617993877991417,0.0,-1.4149295156795838,190,190,190,120,190,190,190
42.291133880615234,0.16045253924866992,3.2958386447617585,0.2617993877991417,0.0,-1.4149102716770647,190,190,190,120,190,190,190
42.3014132976532,0.16045253924866992,3.2958386447617585,0.2617993877991417,0.0,-1.4149102716770647,190,190,190,120,190,190,190
42.31164336204529,0.159116853609454,3.2873374538679423,0.2617993877991417,0.0,-1.4148861372927706,190,190,190,130,190,190,190
42.32186770439148,0.159116853609454,3.2873374538679423,0.2617993877991417,0.0,-1.4148861372927706,190,190,190,130,190,190,190
42.333943605422974,0.159116853609454,3.2873374538679423,0.2617993877991417,0.0,-1.4148861372927706,190,190,190,130,190,190,190
42.34428787231445,0.1577800574612022,3.278828023304505,0.2617993877991417,0.0,-1.4148669136198775,190,190,190,130,190,190,190
42.354588747024536,0.1577800574612022,3.278828023304505,0.2617993877991417,0.0,-1.4148669136198775,190,190,190,130,190,190,190
42.3648157119751,0.1577800574612022,3.278828023304505,0.2617993877991417,0.0,-1.4148669136198775,180,180,180,190,180,180,190
42.37511610984802,0.1564010733046126,3.270050139118543,0.2617993877991417,0.0,-1.41485404987202,180,180,180,190,180,180,190
42.38957357406616,0.1564010733046126,3.270050139118543,0.2617993877991417,0.0,-1.41485404987202,180,180,180,190,180,180,190
42.39984846115112,0.1564010733046126,3.270050139118543,0.2617993877991417,0.0,-1.41485404987202,180,180,180,190,180,180,190
42.41009497642517,0.15506091901721378,3.26152003941152,0.2617993877991417,0.0,-1.414843327826794,180,180,180,190,180,180,190
42.42033290863037,0.15506091901721378,3.26152003941152,0.2617993877991417,0.0,-1.414843327826794,180,180,180,180,180,180,190
42.43722987174988,0.15506091901721378,3.26152003941152,0.2617993877991417,0.0,-1.414843327826794,180,180,180,180,180,180,190
42.447468280792236,0.15371909296346148,3.25298010303025,0.2617993877991417,0.0,-1.4148310616778457,180,180,180,180,180,180,190
42.45770478248596,0.15371909296346148,3.25298010303025,0.2617993877991417,0.0,-1.4148310616778457,180,180,180,180,180,180,190
42.46870470046997,0.15371909296346148,3.25298010303025,0.2617993877991417,0.0,-1.4148310616778457,180,180,190,130,180,180,190
42.486692667007446,0.15233482085553374,3.244171167483485,0.2617993877991417,0.0,-1.4148172259693017,180,180,190,130,180,180,190
42.497026681900024,0.15233482085553374,3.244171167483485,0.2617993877991417,0.0,-1.4148172259693017,180,180,190,130,180,180,190
42.50733733177185,0.15098906813311558,3.2356115058299544,0.2617993877991417,0.0,-1.4148053719573412,180,180,190,130,180,180,190
42.51759338378906,0.15098906813311558,3.2356115058299544,0.2617993877991417,0.0,-1.4148053719573412,180,180,190,130,180,180,180
42.53236436843872,0.15098906813311558,3.2356115058299544,0.2617993877991417,0.0,-1.4148053719573412,180,180,190,130,180,180,180
42.54294562339783,0.14964119782909843,3.2270436186502875,0.2617993877991417,0.0,-1.4147931084323262,180,180,190,130,180,180,180
42.55320191383362,0.14964119782909843,3.2270436186502875,0.2617993877991417,0.0,-1.4147931084323262,180,180,190,130,180,180,180
42.56357264518738,0.14964119782909843,3.2270436186502875,0.2617993877991417,0.0,-1.4147931084323262,180,180,190,180,180,180,180
42.57409405708313,0.14825177284356655,3.218219265543238,0.2617993877991417,0.0,-1.414782639893118,180,180,190,180,180,180,180
42.58435034751892,0.14825177284356655,3.218219265543238,0.2617993877991417,0.0,-1.414782639893118,180,180,190,180,180,180,180
42.594589948654175,0.14825177284356655,3.218219265543238,0.2617993877991417,0.0,-1.414782639893118,180,180,190,180,180,180,180
42.60481595993042,0.14825177284356655,3.218219265543238,0.2617993877991417,0.0,-1.414782639893118,180,180,190,180,180,180,180
42.61503767967224,0.14690149073797543,3.2096716961874505,0.2617993877991417,0.0,-1.4147649979086223,180,180,190,180,180,180,180
42.63024044036865,0.14690149073797543,3.2096716961874505,0.2617993877991417,0.0,-1.4147649979086223,180,180,190,180,180,180,180
42.64125919342041,0.14556638030687957,3.2011679602498164,0.2617993877991417,0.0,-1.4146620099000293,180,180,190,180,180,180,180
42.651469707489014,0.14556638030687957,3.2011679602498164,0.2617993877991417,0.0,-1.4146620099000293,180,180,190,180,180,180,180
42.661686182022095,0.14556638030687957,3.2011679602498164,0.2617993877991417,0.0,-1.4146620099000293,180,180,190,190,180,180,190
42.680091857910156,0.14556638030687957,3.2011679602498164,0.2617993877991417,0.0,-1.4146620099000293,180,180,190,190,180,180,190
42.690343379974365,0.14419002712098142,3.1924114191022723,0.2617993877991417,0.06981317007977111,-1.4146541243457713,180,180,190,190,180,180,190
42.70057463645935,0.14419002712098142,3.1924114191022723,0.2617993877991417,0.06981317007977111,-1.4146541243457713,180,180,180,190,180,180,190
42.71092987060547,0.14286047638996943,3.183929650151333,0.2617993877991417,0.08726646259971389,-1.416128740751453,180,180,180,190,180,180,190
42.72119903564453,0.14286047638996943,3.183929650151333,0.2617993877991417,0.08726646259971389,-1.416128740751453,180,180,180,190,180,180,190
42.73140287399292,0.14286047638996943,3.183929650151333,0.2617993877991417,0.10471975511965666,-1.416128740751453,180,180,180,190,180,180,190
42.74165868759155,0.14154668259377887,3.1754356320623494,0.2617993877991417,0.10471975511965666,-1.4183854835057217,180,180,180,190,180,180,190
42.75217151641846,0.14154668259377887,3.1754356320623494,0.2617993877991417,0.12217304763959944,-1.4183854835057217,180,180,180,190,180,180,190
42.7624671459198,0.14154668259377887,3.1754356320623494,0.2617993877991417,0.12217304763959944,-1.4183854835057217,180,170,180,180,180,180,180
42.772666454315186,0.14154668259377887,3.1754356320623494,0.2617993877991417,0.13962634015954223,-1.4183854835057217,180,170,180,180,180,180,180
42.78289341926575,0.1402176677108438,3.166679362365158,0.2617993877991417,0.13962634015954223,-1.421862439322736,180,170,180,180,180,180,180
42.79315519332886,0.1402176677108438,3.166679362365158,0.2617993877991417,0.13962634015954223,-1.421862439322736,180,170,180,180,180,180,180
42.80345606803894,0.1402176677108438,3.166679362365158,0.2617993877991417,0.157079632679485,-1.421862439322736,180,170,180,180,180,180,180
42.81376647949219,0.13896105820350074,3.1581728182096085,0.2617993877991417,0.157079632679485,-1.4263874261945417,180,170,180,180,180,180,180
42.82403039932251,0.13896105820350074,3.1581728182096085,0.2617993877991417,0.157079632679485,-1.4263874261945417,180,170,180,180,180,180,180
42.83559036254883,0.13896105820350074,3.1581728182096085,0.2617993877991417,0.157079632679485,-1.4263874261945417,180,170,180,180,180,180,180
42.845807790756226,0.13774438727277688,3.1496531960325687,0.2617993877991417,0.157079632679485,-1.4315213225203802,180,170,180,180,180,180,180
42.856064558029175,0.13774438727277688,3.1496531960325687,0.2617993877991417,0.157079632679485,-1.4315213225203802,180,170,180,180,180,180,180
42.866371393203735,0.13774438727277688,3.1496531960325687,0.2617993877991417,0.157079632679485,-1.4315213225203802,180,170,180,180,180,180,180
42.881056785583496,0.13774438727277688,3.1496531960325687,0.2617993877991417,0.157079632679485,-1.4315213225203802,180,170,180,180,180,180,180
42.89142727851868,0.13653488759209675,3.140856974437784,0.2617993877991417,0.157079632679485,-1.43683312911311,180,170,180,180,180,180,180
42.90166187286377,0.13653488759209675,3.140856974437784,0.2617993877991417,0.13962634015954223,-1.43683312911311,180,170,180,180,180,180,180
42.91203331947327,0.13540373963974914,3.132302679245018,0.2617993877991417,0.13962634015954223,-1.4419861832980554,180,170,180,180,180,180,180
42.92237424850464,0.13540373963974914,3.132302679245018,0.2617993877991417,0.12217304763959944,-1.4419861832980554,180,170,180,180,180,180,180
42.934425830841064,0.13540373963974914,3.132302679245018,0.2617993877991417,0.10471975511965666,-1.4419861832980554,180,170,180,180,180,180,180
42.94468283653259,0.13431100880117405,3.1237320145480583,0.2617993877991417,0.10471975511965666,-1.446570347414983,180,170,180,180,180,180,180
42.95490217208862,0.13431100880117405,3.1237320145480583,0.2617993877991417,0.08726646259971389,-1.446570347414983,180,180,180,120,180,180,180
42.96514129638672,0.13431100880117405,3.1237320145480583,0.2617993877991417,0.05235987755982833,-1.446570347414983,180,180,180,120,180,180,180
42.984822034835815,0.13431100880117405,3.1237320145480583,0.2617993877991417,0.05235987755982833,-1.446570347414983,180,180,180,120,180,180,180
42.99535536766052,0.13321676607578067,3.1148872083397143,0.2617993877991417,0.0,-1.450098619783219,180,180,180,120,180,180,180
43.00558161735535,0.1321771434914568,3.1062490780007237,0.2617993877991417,0.0,-1.4523216651878588,180,180,180,120,180,180,180
43.01584053039551,0.1321771434914568,3.1062490780007237,0.2617993877991417,0.0,-1.4523216651878588,180,180,180,120,180,180,180
43.02859163284302,0.1321771434914568,3.1062490780007237,0.2617993877991417,0.0,-1.4523216651878588,180,180,180,120,180,180,180
43.038837909698486,0.1321771434914568,3.1062490780007237,0.2617993877991417,0.0,-1.4523216651878588,180,180,180,120,180,180,180
43.04907989501953,0.13116772529608092,3.0976903893339856,0.2617993877991417,0.0,-1.4530424619289977,130,180,180,120,120,180,180
43.0592679977417,0.13116772529608092,3.0976903893339856,0.2617993877991417,0.0,-1.4530424619289977,130,180,180,120,120,180,180
43.069441080093384,0.13116772529608092,3.0976903893339856,0.2617993877991417,0.0,-1.4530424619289977,130,180,180,120,120,180,180
43.084373235702515,0.13116772529608092,3.0976903893339856,0.2617993877991417,0.0,-1.4530424619289977,130,180,180,120,120,180,180
43.09479475021362,0.13012897031466458,3.0888944607349944,0.2617993877991417,0.0,-1.453092160466127,130,180,180,120,120,180,180
43.10505962371826,0.13012897031466458,3.0888944607349944,0.2617993877991417,0.0,-1.453092160466127,130,180,180,120,120,180,180
43.11539149284363,0.12911897406380468,3.0803466923003966,0.2617993877991417,0.0,-1.4531351786862725,130,180,180,120,120,120,130
43.13559412956238,0.12911897406380468,3.0803466923003966,0.2617993877991417,0.0,-1.4531351786862725,130,180,180,120,120,120,130
43.14593005180359,0.12810865380062786,3.0717898987855303,0.2617993877991417,0.0,-1.453176892798606,130,180,180,120,120,120,130
43.156235218048096,0.12810865380062786,3.0717898987855303,0.2617993877991417,0.0,-1.453176892798606,130,180,180,120,180,130,180
43.16707682609558,0.12810865380062786,3.0717898987855303,0.2617993877991417,0.05235987755982833,-1.453176892798606,130,180,180,120,180,130,180
43.18433737754822,0.12706685916293894,3.0629628760089562,0.2617993877991417,0.157079632679485,-1.4532080305968107,130,180,180,120,180,130,180
43.194621324539185,0.12706685916293894,3.0629628760089562,0.2617993877991417,0.17453292519942779,-1.4532080305968107,130,180,180,120,180,130,180
43.20486378669739,0.12706685916293894,3.0629628760089562,0.2617993877991417,0.17453292519942779,-1.4532080305968107,130,180,180,120,180,130,180
43.21509647369385,0.12606200115151855,3.054395908853539,0.2617993877991417,0.20943951023931331,-1.4548438566254829,120,180,120,120,120,120,180
43.23197865486145,0.12606200115151855,3.054395908853539,0.2617993877991417,0.2967059728390272,-1.4548438566254829,120,180,120,120,120,120,180
43.242326736450195,0.1250652665007997,3.0458331228998805,0.2617993877991417,0.2967059728390272,-1.4544572820560064,120,180,120,120,120,120,180
43.25260305404663,0.1250652665007997,3.0458331228998805,0.2617993877991417,0.2967059728390272,-1.4544572820560064,120,180,120,120,120,180,180
43.26297068595886,0.1250652665007997,3.0458331228998805,0.2617993877991417,0.33161255787891275,-1.4544572820560064,120,180,120,120,120,180,180
43.27324318885803,0.1250652665007997,3.0458331228998805,0.2617993877991417,0.33161255787891275,-1.4544572820560064,120,180,120,120,120,180,180
43.28361892700195,0.12405240898249519,3.0370535060970725,0.2617993877991417,0.34906585039885557,-1.4590449321915564,120,180,120,120,120,180,180
43.293840646743774,0.12405240898249519,3.0370535060970725,0.2617993877991417,0.3839724354387411,-1.4590449321915564,120,180,120,120,120,180,180
43.304110288619995,0.12405240898249519,3.0370535060970725,0.2617993877991417,0.3839724354387411,-1.4590449321915564,120,180,120,120,120,180,180
43.31434082984924,0.12313805105704155,3.0285519133325067,0.2617993877991417,0.43633231299856945,-1.4691880921205396,120,170,120,110,120,130,180
43.333099603652954,0.12313805105704155,3.0285519133325067,0.2617993877991417,0.43633231299856945,-1.4691880921205396,120,170,120,110,120,130,180
43.343451499938965,0.12231960932584879,3.0200347882507153,0.2617993877991417,0.43633231299856945,-1.4815734978021733,120,170,120,110,120,130,180
43.353679180145264,0.12231960932584879,3.0200347882507153,0.2617993877991417,0.43633231299856945,-1.4815734978021733,120,180,120,110,120,190,180
43.36392569541931,0.12231960932584879,3.0200347882507153,0.2617993877991417,0.43633231299856945,-1.4815734978021733,120,180,120,110,120,190,180
43.38187885284424,0.12159880722206647,3.011321745425924,0.2617993877991417,0.43633231299856945,-1.4955349366542605,120,180,120,110,120,190,180
43.39214110374451,0.12159880722206647,3.011321745425924,0.2617993877991417,0.43633231299856945,-1.4955349366542605,120,180,120,110,120,190,180
43.402474880218506,0.12159880722206647,3.011321745425924,0.2617993877991417,0.43633231299856945,-1.4955349366542605,120,180,180,110,110,120,180
43.41275072097778,0.12101958761109603,3.0028656086258607,0.2617993877991417,0.43633231299856945,-1.5093163010727293,120,180,180,110,110,120,180
43.43140530586243,0.12101958761109603,3.0028656086258607,0.2617993877991417,0.43633231299856945,-1.5093163010727293,120,180,180,110,110,120,180
43.441699504852295,0.12055492746053727,2.9943636219329,0.2617993877991417,0.43633231299856945,-1.5234148438453075,120,180,180,110,110,120,180
43.4519202709198,0.12055492746053727,2.9943636219329,0.2617993877991417,0.41887902047862663,-1.5234148438453075,130,120,110,100,110,120,180
43.46281695365906,0.12055492746053727,2.9943636219329,0.2617993877991417,0.40142572795868386,-1.5234148438453075,130,120,110,100,110,120,180
43.4798858165741,0.12055492746053727,2.9943636219329,0.2617993877991417,0.36651914291879834,-1.5234148438453075,130,120,110,100,110,120,180
43.49022698402405,0.1202071947950869,2.9855962354015477,0.2617993877991417,0.33161255787891275,-1.5379798459937257,130,120,110,100,110,120,180
43.50043797492981,0.1202071947950869,2.9855962354015477,0.2617993877991417,0.33161255787891275,-1.5379798459937257,140,120,120,120,110,120,130
43.510642766952515,0.11998586379089696,2.977165160142432,0.2617993877991417,0.31415926535897,-1.5508367817863746,140,120,120,120,110,120,130
43.5208580493927,0.11998586379089696,2.977165160142432,0.2617993877991417,0.20943951023931331,-1.5508367817863746,140,120,120,120,110,120,130
43.53108334541321,0.11998586379089696,2.977165160142432,0.2617993877991417,0.20943951023931331,-1.5508367817863746,140,120,120,120,110,120,130
43.54148769378662,0.11986514091132415,2.968701100587375,0.2617993877991417,0.20943951023931331,-1.5618293330501491,140,120,120,120,110,120,130
43.55168414115906,0.11986514091132415,2.968701100587375,0.2617993877991417,0.19198621771937055,-1.5618293330501491,180,120,120,120,110,120,130
43.56189942359924,0.11986514091132415,2.968701100587375,0.2617993877991417,0.17453292519942779,-1.5618293330501491,180,120,120,120,110,120,130
43.57212710380554,0.11986514091132415,2.968701100587375,0.2617993877991417,0.17453292519942779,-1.5618293330501491,180,120,120,120,110,120,130
43.5825297832489,0.11982463476839189,2.959914627323505,0.2617993877991417,0.157079632679485,-1.5700452459504586,180,120,120,120,110,120,130
43.592769145965576,0.11982463476839189,2.959914627323505,0.2617993877991417,0.157079632679485,-1.5700452459504586,180,120,120,120,110,120,130
43.60299515724182,0.11982463476839189,2.959914627323505,0.2617993877991417,0.157079632679485,-1.5700452459504586,180,120,180,120,110,180,110
43.61325025558472,0.11984489694626328,2.951334467561204,0.2617993877991417,0.157079632679485,-1.5760989702869865,180,120,180,120,110,180,110
43.63039255142212,0.11984489694626328,2.951334467561204,0.2617993877991417,0.157079632679485,-1.5760989702869865,180,120,180,120,110,180,110
43.64066505432129,0.11991342878887237,2.942734358710432,0.2617993877991417,0.157079632679485,-1.5814544250224623,180,120,180,120,110,180,110
43.65105056762695,0.11991342878887237,2.942734358710432,0.2617993877991417,0.157079632679485,-1.5814544250224623,180,120,180,120,110,180,110
43.66131019592285,0.11991342878887237,2.942734358710432,0.2617993877991417,0.17453292519942779,-1.5814544250224623,180,120,180,120,120,160,130
43.67155623435974,0.11991342878887237,2.942734358710432,0.2617993877991417,0.20943951023931331,-1.5814544250224623,180,120,180,120,120,160,130
43.68205451965332,0.12003119442239796,2.9338703708734033,0.2617993877991417,0.20943951023931331,-1.5868821284587435,180,120,180,120,120,160,130
43.69231128692627,0.12003119442239796,2.9338703708734033,0.2617993877991417,0.2268928027592561,-1.5868821284587435,180,120,180,120,120,160,130
43.702556133270264,0.12003119442239796,2.9338703708734033,0.2617993877991417,0.24434609527919887,-1.5868821284587435,180,120,120,110,110,160,120
43.712788820266724,0.12019606673000845,2.925290556387696,0.2617993877991417,0.24434609527919887,-1.5924791706988646,180,120,120,110,110,160,120
43.73323345184326,0.12019606673000845,2.925290556387696,0.2617993877991417,0.2617993877991417,-1.5924791706988646,180,120,120,110,110,160,120
43.74347376823425,0.12040993111386626,2.9169028073830146,0.2617993877991417,0.2617993877991417,-1.5999644437181881,180,120,120,110,110,160,120
43.75369930267334,0.12040993111386626,2.9169028073830146,0.2617993877991417,0.2617993877991417,-1.5999644437181881,180,120,120,110,110,160,120
43.763986110687256,0.12040993111386626,2.9169028073830146,0.2617993877991417,0.2617993877991417,-1.5999644437181881,180,120,120,120,90,120,180
43.781670570373535,0.12040993111386626,2.9169028073830146,0.2617993877991417,0.2617993877991417,-1.5999644437181881,180,120,120,120,90,120,180
43.79239630699158,0.12070213368902113,2.908135262586199,0.2617993877991417,0.19198621771937055,-1.6083342290294247,180,120,120,120,90,120,180
43.802650928497314,0.12070213368902113,2.908135262586199,0.2617993877991417,0.19198621771937055,-1.6083342290294247,180,120,120,120,90,120,180
43.81288003921509,0.12106021453005064,2.8995753577717864,0.2617993877991417,0.0,-1.6166898345568952,180,130,110,110,90,110,120
43.82810688018799,0.12106021453005064,2.8995753577717864,0.2617993877991417,0.0,-1.6166898345568952,180,130,110,110,90,110,120
43.83833456039429,0.12106021453005064,2.8995753577717864,0.2617993877991417,0.0,-1.6166898345568952,180,130,110,110,90,110,120
43.84856843948364,0.12147440668816319,2.8910277514120803,0.2617993877991417,0.0,-1.6205755050864428,180,180,110,110,90,110,180
43.858784914016724,0.12147440668816319,2.8910277514120803,0.2617993877991417,0.0,-1.6205755050864428,180,180,110,110,90,110,180
43.8690299987793,0.12147440668816319,2.8910277514120803,0.2617993877991417,0.0,-1.6205755050864428,180,180,110,110,90,110,180
43.881184339523315,0.1219194620298025,2.8821373954260947,0.2617993877991417,0.0,-1.6206347841473463,180,180,110,110,90,110,180
43.89154291152954,0.1219194620298025,2.8821373954260947,0.2617993877991417,0.0,-1.6206347841473463,180,180,110,110,90,110,180
43.901856660842896,0.1219194620298025,2.8821373954260947,0.2617993877991417,0.0,-1.6206347841473463,180,180,110,110,90,110,180
43.912532806396484,0.12235318096335968,2.873508622143432,0.2617993877991417,0.0,-1.62066465008872,180,140,110,100,100,110,180
43.92290258407593,0.12235318096335968,2.873508622143432,0.2617993877991417,0.0,-1.62066465008872,180,140,110,100,100,110,180
43.9330792427063,0.12235318096335968,2.873508622143432,0.2617993877991417,0.0,-1.62066465008872,180,140,110,100,100,110,180
43.943302154541016,0.12278443324665261,2.864922359912672,0.2617993877991417,0.0,-1.6210405225305955,180,140,110,100,100,110,180
43.95355486869812,0.12278443324665261,2.864922359912672,0.2617993877991417,0.0,-1.6210405225305955,180,140,110,110,100,110,110
43.96385836601257,0.12278443324665261,2.864922359912672,0.2617993877991417,0.0,-1.6210405225305955,180,140,110,110,100,110,110
43.98082232475281,0.12323445851177205,2.8560455367711124,0.2617993877991417,0.0,-1.6212734246263452,180,140,110,110,100,110,110
43.991100549697876,0.12323445851177205,2.8560455367711124,0.2617993877991417,0.0,-1.6212734246263452,180,140,110,110,100,110,110
44.00137662887573,0.12323445851177205,2.8560455367711124,0.2617993877991417,0.0,-1.6212734246263452,180,140,110,180,110,110,110
44.01170110702515,0.12367076599059668,2.8474258441714815,0.2617993877991417,0.0,-1.6215191492041245,180,140,110,180,110,110,110
44.021995306015015,0.12367076599059668,2.8474258441714815,0.2617993877991417,0.0,-1.6215191492041245,180,140,110,180,110,110,110
44.0325083732605,0.12367076599059668,2.8474258441714815,0.2617993877991417,0.0,-1.6215191492041245,180,140,110,180,110,110,110
44.04275727272034,0.12410989055899012,2.8387983059102075,0.2617993877991417,0.0,-1.621722029553622,180,140,110,180,110,110,110
44.053024768829346,0.12410989055899012,2.8387983059102075,0.2617993877991417,0.0,-1.621722029553622,180,140,110,180,110,110,110
44.06377553939819,0.12410989055899012,2.8387983059102075,0.2617993877991417,0.0,-1.621722029553622,180,140,110,180,110,110,110
44.074132442474365,0.12456526284221718,2.829909178033213,0.2617993877991417,0.0,-1.621831468893219,180,140,110,180,180,100,180
44.09343934059143,0.12456526284221718,2.829909178033213,0.2617993877991417,0.0,-1.621831468893219,180,140,110,180,180,100,180
44.10374093055725,0.12456526284221718,2.829909178033213,0.2617993877991417,-0.06981317007977111,-1.621831468893219,180,140,110,180,180,100,180
44.11396312713623,0.12500850484800213,2.8212887806969777,0.2617993877991417,-0.06981317007977111,-1.6217986777008444,180,140,110,180,180,100,180
44.12417984008789,0.12500850484800213,2.8212887806969777,0.2617993877991417,-0.10471975511965666,-1.6217986777008444,180,140,110,180,180,160,180
44.1412034034729,0.12544613783591377,2.812642615140344,0.2617993877991417,-0.12217304763959944,-1.6197294735109802,180,140,110,180,180,160,180
44.15139436721802,0.12544613783591377,2.812642615140344,0.2617993877991417,-0.13962634015954223,-1.6197294735109802,180,140,110,180,180,160,180
44.16155028343201,0.12544613783591377,2.812642615140344,0.2617993877991417,-0.13962634015954223,-1.6197294735109802,180,140,110,180,180,160,180
44.171809673309326,0.12544613783591377,2.812642615140344,0.2617993877991417,-0.157079632679485,-1.6197294735109802,180,140,110,180,180,160,180
44.18208646774292,0.12586487601688814,2.803728781891061,0.2617993877991417,-0.157079632679485,-1.615530596318813,180,150,110,180,180,140,180
44.195712089538574,0.12586487601688814,2.803728781891061,0.2617993877991417,-0.157079632679485,-1.615530596318813,180,150,110,180,180,140,180
44.205994606018066,0.12586487601688814,2.803728781891061,0.2617993877991417,-0.17453292519942779,-1.615530596318813,180,150,110,180,180,140,180
44.216206312179565,0.1262320092757511,2.7950538051603884,0.2617993877991417,-0.17453292519942779,-1.6102242893497751,180,150,110,180,180,140,180
44.22645592689514,0.1262320092757511,2.7950538051603884,0.2617993877991417,-0.17453292519942779,-1.6102242893497751,180,180,180,180,180,140,180
44.24308896064758,0.1265502165032915,2.786363684910991,0.2617993877991417,-0.157079632679485,-1.6043280725314641,180,180,180,180,180,140,180
44.25334405899048,0.1265502165032915,2.786363684910991,0.2617993877991417,-0.12217304763959944,-1.6043280725314641,180,180,180,180,180,140,180
44.2635383605957,0.1265502165032915,2.786363684910991,0.2617993877991417,-0.12217304763959944,-1.6043280725314641,180,130,180,180,140,140,180
44.27375149726868,0.12682550392774203,2.777417164221709,0.2617993877991417,-0.08726646259971389,-1.598901155241717,180,130,180,180,140,140,180
44.283995389938354,0.12682550392774203,2.777417164221709,0.2617993877991417,-0.06981317007977111,-1.598901155241717,180,130,180,180,140,140,180
44.29422974586487,0.12682550392774203,2.777417164221709,0.2617993877991417,0.0,-1.598901155241717,180,130,180,180,140,140,180
44.30443000793457,0.12682550392774203,2.777417164221709,0.2617993877991417,0.0,-1.598901155241717,180,130,170,180,180,160,180
44.314671754837036,0.1270658344339076,2.7685344046276046,0.2617993877991417,0.0,-1.5972242709424829,180,130,170,180,180,160,180
44.331520318984985,0.1270658344339076,2.7685344046276046,0.2617993877991417,0.0,-1.5972242709424829,180,130,170,180,180,160,180
44.341742515563965,0.12730120994194286,2.7597401704204234,0.2617993877991417,0.0,-1.5971511765383326,180,130,170,180,180,160,180
44.35194659233093,0.12730120994194286,2.7597401704204234,0.2617993877991417,0.0,-1.5971511765383326,180,130,170,180,180,160,180
44.362141370773315,0.12730120994194286,2.7597401704204234,0.2617993877991417,0.0,-1.5971511765383326,180,180,180,180,180,170,180
44.37236666679382,0.12730120994194286,2.7597401704204234,0.2617993877991417,0.0,-1.5971511765383326,180,180,180,180,180,170,180
44.384445667266846,0.12730120994194286,2.7597401704204234,0.2617993877991417,0.0,-1.5971511765383326,180,180,180,180,180,170,180
44.394880533218384,0.12753658037921992,2.7508614901893815,0.2617993877991417,0.0,-1.597413917906685,180,180,180,180,180,170,180
44.40507364273071,0.12753658037921992,2.7508614901893815,0.2617993877991417,0.0,-1.597413917906685,180,180,180,180,180,170,180
44.415759325027466,0.12776760596666467,2.74223100094089,0.2617993877991417,0.0,-1.597640388483914,180,130,180,180,180,120,180
44.43142819404602,0.12776760596666467,2.74223100094089,0.2617993877991417,0.0,-1.597640388483914,180,130,180,180,180,120,180
44.44161081314087,0.12800067143322325,2.7335913480217595,0.2617993877991417,0.0,-1.5978240337779703,180,130,180,180,180,120,180
44.452178955078125,0.12800067143322325,2.7335913480217595,0.2617993877991417,0.0,-1.5978240337779703,180,130,180,180,180,120,180
44.46238327026367,0.12800067143322325,2.7335913480217595,0.2617993877991417,0.0,-1.5978240337779703,180,180,180,180,180,120,180
44.479700803756714,0.1282417606188342,2.7246885873059616,0.2617993877991417,0.0,-1.597927597206276,180,180,180,180,180,120,180
44.48990488052368,0.1282417606188342,2.7246885873059616,0.2617993877991417,0.0,-1.597927597206276,180,180,180,180,180,120,180
44.500070333480835,0.1282417606188342,2.7246885873059616,0.2617993877991417,0.0,-1.597927597206276,180,180,180,180,180,120,180
44.510289907455444,0.12847981654546844,2.7160513491143123,0.2617993877991417,0.0,-1.5979292769752975,180,180,180,180,180,120,180
44.520493507385254,0.12847981654546844,2.7160513491143123,0.2617993877991417,0.0,-1.5979292769752975,180,180,180,180,180,120,180
44.53073453903198,0.12847981654546844,2.7160513491143123,0.2617993877991417,0.0,-1.5979292769752975,180,180,180,180,180,120,180
44.540931224823,0.1287157792665892,2.7074281783661145,0.2617993877991417,0.0,-1.597768723535373,180,180,180,180,180,120,180
44.55112171173096,0.1287157792665892,2.7074281783661145,0.2617993877991417,0.0,-1.597768723535373,180,180,180,180,180,120,180
44.56138205528259,0.1287157792665892,2.7074281783661145,0.2617993877991417,0.0,-1.597768723535373,180,180,180,180,180,130,180
44.580543994903564,0.1287157792665892,2.7074281783661145,0.2617993877991417,0.0,-1.597768723535373,180,180,180,180,180,130,180
44.59082221984863,0.12895657000482197,2.6985368261164413,0.2617993877991417,0.0,-1.5975839565019354,180,180,180,180,180,130,180
44.601253271102905,0.12895657000482197,2.6985368261164413,0.2617993877991417,0.0,-1.5975839565019354,180,180,180,180,180,130,180
44.61152744293213,0.12918735272925433,2.689897761825922,0.2617993877991417,0.0,-1.5973944621273322,180,180,180,180,180,140,180
44.62950158119202,0.12918735272925433,2.689897761825922,0.2617993877991417,0.0,-1.5973944621273322,180,180,180,180,180,140,180
44.639692544937134,0.12941664363691888,2.681252408302584,0.2617993877991417,0.0,-1.5972383559308534,180,180,180,180,180,140,180
44.649879455566406,0.12941664363691888,2.681252408302584,0.2617993877991417,0.0,-1.5972383559308534,180,180,180,180,180,140,180
44.66013193130493,0.12941664363691888,2.681252408302584,0.2617993877991417,0.0,-1.5972383559308534,180,180,180,180,180,140,180
44.67031931877136,0.12941664363691888,2.681252408302584,0.2617993877991417,0.0,-1.5972383559308534,180,180,180,180,180,140,180
44.68194365501404,0.12965104422128299,2.672349088876739,0.2617993877991417,0.0,-1.5971668246275494,180,180,180,180,180,140,180
44.69212079048157,0.12965104422128299,2.672349088876739,0.2617993877991417,0.0,-1.5971668246275494,180,180,180,180,180,140,180
44.70230293273926,0.12965104422128299,2.672349088876739,0.2617993877991417,0.0,-1.5971668246275494,180,180,180,180,180,140,180
44.712496757507324,0.12988213789176883,2.663734540439894,0.2617993877991417,0.0,-1.5973429752283623,180,180,180,180,180,180,180
44.73152732849121,0.12988213789176883,2.663734540439894,0.2617993877991417,0.0,-1.5973429752283623,180,180,180,180,180,180,180
44.74173069000244,0.13011285156527552,2.655133363021517,0.2617993877991417,0.0,-1.5976547820112044,180,180,180,180,180,180,180
44.75192880630493,0.13011285156527552,2.655133363021517,0.2617993877991417,0.0,-1.5976547820112044,180,180,180,180,180,180,180
44.762101888656616,0.13011285156527552,2.655133363021517,0.2617993877991417,0.0,-1.5976547820112044,180,180,180,180,180,180,180
44.772319078445435,0.13011285156527552,2.655133363021517,0.2617993877991417,0.0,-1.5976547820112044,180,180,180,180,180,180,180
44.78249955177307,0.13035408584479907,2.6462464697551122,0.2617993877991417,0.0,-1.5978721718303561,180,180,180,180,180,180,180
44.792691469192505,0.13035408584479907,2.6462464697551122,0.2617993877991417,0.0,-1.5978721718303561,180,180,180,180,180,180,180
44.80290508270264,0.13035408584479907,2.6462464697551122,0.2617993877991417,0.0,-1.5978721718303561,180,180,180,180,180,180,180
44.81312108039856,0.13058916270037454,2.6376150277407753,0.2617993877991417,-0.05235987755982833,-1.5980969616749172,180,180,180,180,180,180,180
44.82333016395569,0.13058916270037454,2.6376150277407753,0.2617993877991417,-0.05235987755982833,-1.5980969616749172,180,180,180,180,180,180,180
44.83388948440552,0.13058916270037454,2.6376150277407753,0.2617993877991417,-0.17453292519942779,-1.5980969616749172,180,180,180,180,180,180,180
44.84409737586975,0.13082612238928004,2.628975256378843,0.2617993877991417,-0.19198621771937055,-1.5982721884817916,180,180,180,180,180,180,180
44.8543016910553,0.13082612238928004,2.628975256378843,0.2617993877991417,-0.19198621771937055,-1.5982721884817916,180,180,180,180,180,180,180
44.86450219154358,0.13082612238928004,2.628975256378843,0.2617993877991417,-0.2268928027592561,-1.5982721884817916,180,180,180,180,180,180,180
44.88126802444458,0.13082612238928004,2.628975256378843,0.2617993877991417,-0.2268928027592561,-1.5982721884817916,180,180,180,180,180,180,180
44.89147448539734,0.13106815142933192,2.619913670159439,0.2617993877991417,-0.2617993877991417,-1.5953122885412852,180,180,180,180,180,180,180
44.901695728302,0.13106815142933192,2.619913670159439,0.2617993877991417,-0.27925268031908446,-1.5953122885412852,180,180,180,180,180,180,180
44.911980390548706,0.1312670266486736,2.610971331722813,0.2617993877991417,-0.27925268031908446,-1.5897737126096765,180,180,180,180,180,180,180
44.9221875667572,0.1312670266486736,2.610971331722813,0.2617993877991417,-0.2967059728390272,-1.5897737126096765,180,180,180,180,180,180,180
44.93243455886841,0.1312670266486736,2.610971331722813,0.2617993877991417,-0.2967059728390272,-1.5897737126096765,180,180,180,180,180,180,180
44.942633628845215,0.1314087700828583,2.6020080079590473,0.2617993877991417,-0.2967059728390272,-1.582448114872293,180,180,180,180,180,180,180
44.95283102989197,0.1314087700828583,2.6020080079590473,0.2617993877991417,-0.2967059728390272,-1.582448114872293,180,180,180,180,180,180,180
44.96304512023926,0.1314087700828583,2.6020080079590473,0.2617993877991417,-0.31415926535897,-1.582448114872293,180,180,180,180,180,180,180
44.973247051239014,0.1314087700828583,2.6020080079590473,0.2617993877991417,-0.31415926535897,-1.582448114872293,180,180,180,180,180,180,180
44.98610472679138,0.13147480051708052,2.5929472144954406,0.2617993877991417,-0.2967059728390272,-1.5727292400661774,180,180,180,180,180,180,180
44.99634289741516,0.13147480051708052,2.5929472144954406,0.2617993877991417,-0.157079632679485,-1.5727292400661774,180,180,180,180,180,180,180
45.00654077529907,0.13144715309311336,2.5842176146625424,0.2617993877991417,0.0,-1.562197221170271,180,180,180,180,180,180,180
45.01674246788025,0.13144715309311336,2.5842176146625424,0.2617993877991417,0.0,-1.562197221170271,180,180,180,180,180,180,180
45.026952505111694,0.13144715309311336,2.5842176146625424,0.2617993877991417,0.0,-1.562197221170271,180,180,180,180,180,180,180
45.04254126548767,0.13133803414117834,2.5754170477653444,0.2617993877991417,0.0,-1.5550581356602797,180,180,180,180,180,180,180
45.05279207229614,0.13133803414117834,2.5754170477653444,0.2617993877991417,0.0,-1.5550581356602797,180,180,180,180,180,180,180
45.06295561790466,0.13133803414117834,2.5754170477653444,0.2617993877991417,0.0,-1.5550581356602797,180,180,180,180,180,180,180
45.073132038116455,0.13133803414117834,2.5754170477653444,0.2617993877991417,0.0,-1.5550581356602797,180,180,180,180,180,180,180
45.08334016799927,0.1311802799722644,2.5662006246050337,0.2617993877991417,0.0,-1.5525763221591993,180,180,180,180,180,180,180
45.09353041648865,0.1311802799722644,2.5662006246050337,0.2617993877991417,0.0,-1.5525763221591993,180,180,180,180,180,180,180
45.10371160507202,0.1311802799722644,2.5662006246050337,0.2617993877991417,0.0,-1.5525763221591993,180,180,180,180,180,180,180
45.11392688751221,0.13101666838297638,2.557371887539876,0.2617993877991417,0.0,-1.5513155130641125,180,180,180,180,180,180,180
45.12443161010742,0.13101666838297638,2.557371887539876,0.2617993877991417,0.0,-1.5513155130641125,180,180,180,180,180,180,180
45.13473153114319,0.13101666838297638,2.557371887539876,0.2617993877991417,0.0,-1.5513155130641125,180,180,180,180,180,180,180
45.151737213134766,0.1308489556452789,2.548737520580602,0.2617993877991417,0.0,-1.5513806866268272,180,180,180,180,180,180,180
45.16199564933777,0.1308489556452789,2.548737520580602,0.2617993877991417,0.0,-1.5513806866268272,180,180,180,180,180,180,180
45.172239542007446,0.1308489556452789,2.548737520580602,0.2617993877991417,0.0,-1.5513806866268272,180,180,180,180,180,180,180
45.18253231048584,0.13067760593924962,2.5398476579383864,0.2617993877991417,0.0,-1.5515370385997596,180,180,180,180,180,180,180
45.20032358169556,0.13067760593924962,2.5398476579383864,0.2617993877991417,0.0,-1.5515370385997596,180,180,180,180,180,180,180
45.210535764694214,0.13051252361402965,2.5312085486268723,0.2617993877991417,0.0,-1.5516784444423215,180,180,180,180,180,180,180
45.220741510391235,0.13051252361402965,2.5312085486268723,0.2617993877991417,0.0,-1.5516784444423215,180,180,180,180,180,180,180
45.23096966743469,0.13051252361402965,2.5312085486268723,0.2617993877991417,0.0,-1.5516784444423215,180,180,180,180,180,180,180
45.244858264923096,0.13051252361402965,2.5312085486268723,0.2617993877991417,0.0,-1.5516784444423215,180,180,180,180,180,180,180
45.25522065162659,0.1303481813080291,2.522561714593273,0.2617993877991417,0.0,-1.551795571471819,180,180,180,180,180,180,180
45.26546621322632,0.1303481813080291,2.522561714593273,0.2617993877991417,0.0,-1.551795571471819,180,180,180,180,180,180,180
45.27601194381714,0.1303481813080291,2.522561714593273,0.2617993877991417,0.0,-1.551795571471819,180,180,180,180,180,180,180
45.29236602783203,0.13017953061583118,2.513650991474634,0.2617993877991417,0.0,-1.55185683838151,180,180,180,180,180,180,180
45.30257320404053,0.13017953061583118,2.513650991474634,0.2617993877991417,0.0,-1.55185683838151,180,180,180,180,180,180,180
45.312783002853394,0.13001947263421948,2.505012317878709,0.2617993877991417,0.0,-1.5517767682566745,180,180,180,180,180,180,180
45.32350969314575,0.13001947263421948,2.505012317878709,0.2617993877991417,0.0,-1.5517767682566745,180,180,180,180,180,180,180
45.34041404724121,0.12985586811751088,2.496414266050679,0.2617993877991417,0.0,-1.551340950176552,180,180,180,180,180,180,180
45.35063672065735,0.12985586811751088,2.496414266050679,0.2617993877991417,0.0,-1.551340950176552,180,180,180,180,180,180,180
45.36085867881775,0.12985586811751088,2.496414266050679,0.2617993877991417,0.0,-1.551340950176552,180,180,180,180,180,180,180
45.37105369567871,0.12985586811751088,2.496414266050679,0.2617993877991417,0.0,-1.551340950176552,180,180,180,180,180,180,180
45.38426852226257,0.12968432889586723,2.487519314597965,0.2617993877991417,0.0,-1.551093194624825,180,180,180,180,180,180,180
45.39447641372681,0.12968432889586723,2.487519314597965,0.2617993877991417,0.0,-1.551093194624825,180,180,180,180,180,180,180
45.40468454360962,0.12968432889586723,2.487519314597965,0.2617993877991417,0.0,-1.551093194624825,180,180,180,180,180,180,180
45.414910078048706,0.12951341188277196,2.4788799433593187,0.2617993877991417,0.0,-1.5508579398420947,180,180,180,180,180,180,180
45.432796239852905,0.12951341188277196,2.4788799433593187,0.2617993877991417,0.0,-1.5508579398420947,180,180,180,180,180,180,180
45.443018436431885,0.12934086737393766,2.4702412958150246,0.2617993877991417,0.0,-1.5506942508665547,180,180,180,180,180,180,180
45.45327186584473,0.12934086737393766,2.4702412958150246,0.2617993877991417,0.0,-1.5506942508665547,180,180,180,180,180,180,180
45.463603258132935,0.12934086737393766,2.4702412958150246,0.2617993877991417,0.0,-1.5506942508665547,180,180,180,180,180,180,180
45.48279285430908,0.12916569609627873,2.4613421857814126,0.2617993877991417,0.0,-1.5506163208299764,180,180,180,180,180,180,180
45.49304175376892,0.12916569609627873,2.4613421857814126,0.2617993877991417,0.0,-1.5506163208299764,180,180,180,180,180,180,180
45.503257513046265,0.12916569609627873,2.4613421857814126,0.2617993877991417,0.0,-1.5506163208299764,180,180,180,180,180,180,180
45.51350259780884,0.12899444455008657,2.4527235902913938,0.2617993877991417,0.0,-1.5507267745121212,180,180,180,180,180,180,180
45.523802042007446,0.12899444455008657,2.4527235902913938,0.2617993877991417,0.0,-1.5507267745121212,180,180,180,180,180,180,180
45.53404712677002,0.12899444455008657,2.4527235902913938,0.2617993877991417,0.0,-1.5507267745121212,180,180,180,180,180,180,180
45.544259548187256,0.1288224759116462,2.4441016964216167,0.2617993877991417,0.0,-1.5508700916255596,180,180,180,180,180,180,180
45.55448627471924,0.1288224759116462,2.4441016964216167,0.2617993877991417,0.0,-1.5508700916255596,180,180,180,180,180,180,180
45.565311670303345,0.1288224759116462,2.4441016964216167,0.2617993877991417,0.0,-1.5508700916255596,180,180,180,180,180,180,180
45.58271884918213,0.12864661831611018,2.435211362924832,0.2617993877991417,0.0,-1.5510288783092054,180,180,180,180,180,180,180
45.59298133850098,0.12864661831611018,2.435211362924832,0.2617993877991417,0.0,-1.5510288783092054,180,180,180,180,180,180,180
45.60319399833679,0.12864661831611018,2.435211362924832,0.2617993877991417,0.0,-1.5510288783092054,180,180,180,180,180,180,180
45.61343002319336,0.12847711495170758,2.4265713040257526,0.2617993877991417,0.0,-1.5511690821398005,180,180,180,180,180,180,180
45.62364912033081,0.12847711495170758,2.4265713040257526,0.2617993877991417,0.0,-1.5511690821398005,180,180,180,180,180,180,180
45.636354207992554,0.12847711495170758,2.4265713040257526,0.2617993877991417,0.0,-1.5511690821398005,180,180,180,180,180,180,180
45.64660358428955,0.12830843351893337,2.4179239501707905,0.2617993877991417,0.0,-1.5512817275266584,180,180,180,180,180,180,180
45.65682029724121,0.12830843351893337,2.4179239501707905,0.2617993877991417,0.0,-1.5512817275266584,180,180,180,180,180,180,180
45.667067527770996,0.12830843351893337,2.4179239501707905,0.2617993877991417,0.0,-1.5512817275266584,180,180,180,180,180,180,180
45.685219049453735,0.12813503082861497,2.4090135755988817,0.2617993877991417,0.0,-1.5513325925776993,180,180,180,180,180,180,180
45.695435523986816,0.12813503082861497,2.4090135755988817,0.2617993877991417,0.0,-1.5513325925776993,180,180,180,180,180,180,180
45.705641984939575,0.12813503082861497,2.4090135755988817,0.2617993877991417,0.0,-1.5513325925776993,180,180,180,180,180,180,180
45.71583294868469,0.12797134707943597,2.4003784564340966,0.2617993877991417,0.0,-1.5512188712728652,180,180,180,180,180,180,180
45.730804204940796,0.12797134707943597,2.4003784564340966,0.2617993877991417,0.0,-1.5512188712728652,180,180,180,180,180,180,180
45.74116086959839,0.12780266102461263,2.3917828180724467,0.2617993877991417,0.0,-1.550759442071421,180,180,180,180,180,180,180
45.75136661529541,0.12780266102461263,2.3917828180724467,0.2617993877991417,0.0,-1.550759442071421,180,180,180,180,180,180,180
45.76165175437927,0.12780266102461263,2.3917828180724467,0.2617993877991417,0.0,-1.550759442071421,180,180,180,180,180,180,180
45.77992868423462,0.12762570916117172,2.382885326078818,0.2617993877991417,0.0,-1.5505234089428477,180,180,180,180,180,180,180
45.7901713848114,0.12762570916117172,2.382885326078818,0.2617993877991417,0.0,-1.5505234089428477,180,180,180,180,180,180,180
45.800403118133545,0.12762570916117172,2.382885326078818,0.2617993877991417,0.0,-1.5505234089428477,180,180,180,180,180,180,180
45.810683727264404,0.12744979486880664,2.3742456991388527,0.2617993877991417,0.0,-1.550294910164736,180,180,180,180,180,180,180
45.82950139045715,0.12744979486880664,2.3742456991388527,0.2617993877991417,0.0,-1.550294910164736,180,180,180,180,180,180,180
45.83973288536072,0.1272730422244793,2.36560735526503,0.2617993877991417,0.0,-1.550140770759668,180,180,180,180,180,180,180
45.84995412826538,0.1272730422244793,2.36560735526503,0.2617993877991417,0.0,-1.550140770759668,180,180,180,180,180,180,180
45.86017990112305,0.1272730422244793,2.36560735526503,0.2617993877991417,0.0,-1.550140770759668,180,180,180,180,180,180,180
45.870394468307495,0.1272730422244793,2.36560735526503,0.2617993877991417,0.0,-1.550140770759668,180,180,180,180,180,180,180
45.88295936584473,0.1272730422244793,2.36560735526503,0.2617993877991417,0.0,-1.550140770759668,180,180,180,180,180,180,180
45.8934280872345,0.12709219013730055,2.3567092891287995,0.2617993877991417,0.0,-1.5500785038890865,180,180,180,180,180,180,180
45.90366744995117,0.12709219013730055,2.3567092891287995,0.2617993877991417,0.0,-1.5500785038890865,180,180,180,180,180,180,180
45.91426086425781,0.1269166949418962,2.3480918371403816,0.2617993877991417,0.0,-1.550202129353727,180,180,180,180,180,180,180
45.930620431900024,0.1269166949418962,2.3480918371403816,0.2617993877991417,0.0,-1.550202129353727,180,180,180,180,180,180,180
45.94084310531616,0.12674020682474818,2.33946964693854,0.2617993877991417,0.0,-1.5503497045212373,180,180,180,180,180,180,180
45.95106530189514,0.12674020682474818,2.33946964693854,0.2617993877991417,0.0,-1.5503497045212373,180,180,180,180,180,180,180
45.96218657493591,0.12674020682474818,2.33946964693854,0.2617993877991417,0.0,-1.5503497045212373,180,180,180,180,180,180,180
45.97256326675415,0.12674020682474818,2.33946964693854,0.2617993877991417,0.0,-1.5503497045212373,180,180,180,180,180,180,180
45.98304748535156,0.1265597269224698,2.330578196735263,0.2617993877991417,0.0,-1.550508270798389,180,180,180,180,180,180,180
45.993510246276855,0.1265597269224698,2.330578196735263,0.2617993877991417,0.0,-1.550508270798389,180,180,180,180,180,180,180
46.00378632545471,0.1265597269224698,2.330578196735263,0.2617993877991417,0.0,-1.550508270798389,180,180,180,180,180,180,180
46.01409101486206,0.12638567078355012,2.321937056678528,0.2617993877991417,0.0,-1.5506454792060989,180,180,180,180,180,180,180
46.02450227737427,0.12638567078355012,2.321937056678528,0.2617993877991417,0.0,-1.5506454792060989,180,180,180,180,180,180,180
46.03515315055847,0.12638567078355012,2.321937056678528,0.2617993877991417,0.0,-1.5506454792060989,180,180,180,180,180,180,180
46.045371294021606,0.12621245747173468,2.3132892760434514,0.2617993877991417,0.0,-1.5507532993843718,180,180,180,180,180,180,180
46.05590009689331,0.12621245747173468,2.3132892760434514,0.2617993877991417,0.0,-1.5507532993843718,180,180,180,180,180,180,180
46.066208839416504,0.12621245747173468,2.3132892760434514,0.2617993877991417,0.0,-1.5507532993843718,180,180,180,180,180,180,180
46.08294892311096,0.1260341132830103,2.304379408245052,0.2617993877991417,0.0,-1.5507931142355993,180,180,180,180,180,180,180
46.093212842941284,0.1260341132830103,2.304379408245052,0.2617993877991417,0.0,-1.5507931142355993,180,180,180,180,180,180,180
46.10346603393555,0.1260341132830103,2.304379408245052,0.2617993877991417,0.0,-1.5507931142355993,180,180,180,180,180,180,180
46.11369585990906,0.1260341132830103,2.304379408245052,0.2617993877991417,0.0,-1.5507931142355993,180,180,180,180,180,180,180
46.124940395355225,0.1258660776900345,2.2957487398867453,0.2617993877991417,0.0,-1.5506394774093692,180,180,180,180,180,180,180
46.13603925704956,0.1258660776900345,2.2957487398867453,0.2617993877991417,0.0,-1.5506394774093692,180,180,180,180,180,180,180
46.1482138633728,0.12569229036237392,2.287151149647597,0.2617993877991417,0.0,-1.5501905488468555,180,180,180,180,180,180,180
46.158507347106934,0.12569229036237392,2.287151149647597,0.2617993877991417,0.0,-1.5501905488468555,180,180,180,180,180,180,180
46.16883158683777,0.12569229036237392,2.287151149647597,0.2617993877991417,0.0,-1.5501905488468555,180,180,180,180,180,180,180
46.1791045665741,0.1255101258657061,2.2782509855248874,0.2617993877991417,0.0,-1.5499636853908276,180,180,180,180,180,180,180
46.1922709941864,0.1255101258657061,2.2782509855248874,0.2617993877991417,0.0,-1.5499636853908276,180,180,180,180,180,180,180
46.2024884223938,0.1255101258657061,2.2782509855248874,0.2617993877991417,0.0,-1.5499636853908276,180,180,180,180,180,180,180
46.21271800994873,0.1253294889441895,2.2696115215866755,0.2617993877991417,0.0,-1.549741838513246,180,180,180,180,180,180,180
46.22297263145447,0.1253294889441895,2.2696115215866755,0.2617993877991417,0.0,-1.549741838513246,180,180,180,180,180,180,180
46.23739004135132,0.1253294889441895,2.2696115215866755,0.2617993877991417,0.0,-1.549741838513246,180,180,180,180,180,180,180
46.24762177467346,0.12514887092603588,2.2609735737865604,0.2617993877991417,0.0,-1.5495981216753152,180,180,180,180,180,180,180
46.25786590576172,0.12514887092603588,2.2609735737865604,0.2617993877991417,0.0,-1.5495981216753152,180,180,180,180,180,180,180
46.268126249313354,0.12514887092603588,2.2609735737865604,0.2617993877991417,0.0,-1.5495981216753152,180,180,180,180,180,180,180
46.28285503387451,0.12496262304611874,2.2520772608015482,0.2617993877991417,-0.05235987755982833,-1.5495551127737341,180,180,180,180,180,180,180
46.293102502822876,0.12496262304611874,2.2520772608015482,0.2617993877991417,-0.08726646259971389,-1.5495551127737341,180,180,180,180,180,180,180
46.30338788032532,0.12478254347869268,2.2434603511645403,0.2617993877991417,-0.08726646259971389,-1.5496874467299346,180,180,180,180,180,180,180
46.313600301742554,0.12478254347869268,2.2434603511645403,0.2617993877991417,-0.10471975511965666,-1.5496874467299346,180,180,180,180,180,180,180
46.33104705810547,0.12478254347869268,2.2434603511645403,0.2617993877991417,-0.10471975511965666,-1.5496874467299346,180,180,180,180,180,180,180
46.34138083457947,0.12459292946311089,2.2348600479467975,0.2617993877991417,-0.157079632679485,-1.547216140807367,180,180,180,180,180,180,180
46.35163688659668,0.12459292946311089,2.2348600479467975,0.2617993877991417,-0.157079632679485,-1.547216140807367,180,180,180,180,180,180,180
46.361918926239014,0.12459292946311089,2.2348600479467975,0.2617993877991417,-0.19198621771937055,-1.547216140807367,180,180,180,180,180,180,180
46.3721809387207,0.12459292946311089,2.2348600479467975,0.2617993877991417,-0.20943951023931331,-1.547216140807367,180,180,180,180,180,180,180
46.3824565410614,0.12436369334555404,2.225933861990718,0.2617993877991417,-0.20943951023931331,-1.5427550993068055,180,180,180,180,180,180,180
46.39271593093872,0.12436369334555404,2.225933861990718,0.2617993877991417,-0.20943951023931331,-1.5427550993068055,180,180,180,180,180,180,180
46.40290570259094,0.12436369334555404,2.225933861990718,0.2617993877991417,-0.2268928027592561,-1.5427550993068055,180,180,180,180,180,180,180
46.413472414016724,0.12409669517748131,2.2172308146204323,0.2617993877991417,-0.2268928027592561,-1.5370535997512,180,180,180,180,180,180,180
46.431129932403564,0.12409669517748131,2.2172308146204323,0.2617993877991417,-0.2268928027592561,-1.5370535997512,180,180,180,180,180,180,180
46.44142699241638,0.12377314883647221,2.2085164514313345,0.2617993877991417,-0.12217304763959944,-1.5298635227113924,180,180,180,180,180,180,180
46.45164346694946,0.12377314883647221,2.2085164514313345,0.2617993877991417,-0.12217304763959944,-1.5298635227113924,180,180,180,180,180,180,180
46.461867332458496,0.12377314883647221,2.2085164514313345,0.2617993877991417,0.0,-1.5298635227113924,180,180,180,180,180,180,180
46.47615027427673,0.12377314883647221,2.2085164514313345,0.2617993877991417,0.0,-1.5298635227113924,180,180,180,180,180,180,180
46.486507177352905,0.1233722475996753,2.1995394690319614,0.2617993877991417,0.0,-1.5222594981193227,180,180,180,180,180,180,180
46.49674201011658,0.1233722475996753,2.1995394690319614,0.2617993877991417,0.0,-1.5222594981193227,180,180,180,180,180,180,180
46.50690031051636,0.1229439630968517,2.1910417512669538,0.2617993877991417,0.0,-1.5182369594678666,180,180,180,180,180,180,180
46.517133474349976,0.1229439630968517,2.1910417512669538,0.2617993877991417,0.0,-1.5182369594678666,180,180,180,180,180,180,180
46.52911186218262,0.1229439630968517,2.1910417512669538,0.2617993877991417,0.06981317007977111,-1.5182369594678666,180,180,180,180,180,180,180
46.5393123626709,0.1229439630968517,2.1910417512669538,0.2617993877991417,0.10471975511965666,-1.5182369594678666,180,180,180,180,180,180,180
46.549558877944946,0.12249915639402296,2.1826963788627554,0.2617993877991417,0.10471975511965666,-1.516023771013183,180,180,180,180,180,180,180
46.559860944747925,0.12249915639402296,2.1826963788627554,0.2617993877991417,0.12217304763959944,-1.516023771013183,180,180,180,180,180,180,180
46.57890057563782,0.12249915639402296,2.1826963788627554,0.2617993877991417,0.12217304763959944,-1.516023771013183,180,180,180,180,180,180,180
46.589123010635376,0.12203380905314998,2.174165940527871,0.2617993877991417,0.13962634015954223,-1.5164300834359996,180,180,180,180,180,180,180
46.5993378162384,0.12203380905314998,2.174165940527871,0.2617993877991417,0.157079632679485,-1.5164300834359996,180,180,180,180,180,180,180
46.6095404624939,0.12158820994330516,2.165728783937066,0.2617993877991417,0.157079632679485,-1.5197358782076948,180,180,180,180,180,180,180
46.61977529525757,0.12158820994330516,2.165728783937066,0.2617993877991417,0.157079632679485,-1.5197358782076948,180,180,180,180,180,180,180
46.62999629974365,0.12158820994330516,2.165728783937066,0.2617993877991417,0.157079632679485,-1.5197358782076948,180,180,180,180,180,180,180
46.64020776748657,0.1211731491005315,2.157129086566804,0.2617993877991417,0.157079632679485,-1.524634377068196,180,180,180,180,180,180,180
46.65048909187317,0.1211731491005315,2.157129086566804,0.2617993877991417,0.13962634015954223,-1.524634377068196,180,180,180,180,180,180,180
46.66113638877869,0.1211731491005315,2.157129086566804,0.2617993877991417,0.13962634015954223,-1.524634377068196,180,180,180,180,180,180,180
46.678343296051025,0.1211731491005315,2.157129086566804,0.2617993877991417,0.06981317007977111,-1.524634377068196,180,180,180,180,180,180,180
46.68868446350098,0.12078768019756543,2.148285196938592,0.2617993877991417,0.06981317007977111,-1.5299068699227178,180,180,180,180,180,180,180
46.69887852668762,0.12078768019756543,2.148285196938592,0.2617993877991417,0.05235987755982833,-1.5299068699227178,180,180,180,180,180,180,180
46.709057331085205,0.1204563206461533,2.139730856622407,0.2617993877991417,0.05235987755982833,-1.5337797701413145,180,180,180,180,180,180,180
46.71932005882263,0.1204563206461533,2.139730856622407,0.2617993877991417,0.0,-1.5337797701413145,180,180,180,180,180,180,180
46.73173141479492,0.1204563206461533,2.139730856622407,0.2617993877991417,0.0,-1.5337797701413145,180,180,180,180,180,180,180
46.741984605789185,0.12014804072929794,2.1311326286461805,0.2617993877991417,0.0,-1.5358288721566673,180,180,180,180,180,180,180
46.7521767616272,0.12014804072929794,2.1311326286461805,0.2617993877991417,0.0,-1.5358288721566673,180,180,180,180,180,180,180
46.76239252090454,0.12014804072929794,2.1311326286461805,0.2617993877991417,0.0,-1.5358288721566673,180,180,180,180,180,180,180
46.78013634681702,0.12014804072929794,2.1311326286461805,0.2617993877991417,0.0,-1.5358288721566673,180,180,180,180,180,180,180
46.79046273231506,0.11984001540668753,2.122246565166934,0.2617993877991417,0.0,-1.5361292591166702,180,180,180,180,180,180,180
46.800687074661255,0.11984001540668753,2.122246565166934,0.2617993877991417,0.0,-1.5361292591166702,180,180,180,180,180,180,180
46.81089782714844,0.11954149795070744,2.113606521394704,0.2617993877991417,0.0,-1.5362586309420527,180,180,180,180,180,180,180
46.830326795578,0.11954149795070744,2.113606521394704,0.2617993877991417,0.0,-1.5362586309420527,180,180,180,180,180,180,180
46.840569734573364,0.11924367609660076,2.1049608595147795,0.2617993877991417,0.0,-1.5363554790749203,180,180,180,180,180,180,180
46.85077619552612,0.11924367609660076,2.1049608595147795,0.2617993877991417,0.0,-1.5363554790749203,180,180,180,180,180,180,180
46.86101984977722,0.11924367609660076,2.1049608595147795,0.2617993877991417,0.0,-1.5363554790749203,180,180,180,180,180,180,180
46.871326208114624,0.11924367609660076,2.1049608595147795,0.2617993877991417,0.0,-1.5363554790749203,180,180,180,180,180,180,180
46.88268852233887,0.11924367609660076,2.1049608595147795,0.2617993877991417,0.0,-1.5363554790749203,180,180,180,180,180,180,180
46.89305233955383,0.11893674968042,2.0960552557080394,0.2617993877991417,0.0,-1.5363707461544711,180,180,180,180,180,180,180
46.90324783325195,0.11893674968042,2.0960552557080394,0.2617993877991417,0.0,-1.5363707461544711,180,180,180,180,180,180,180
46.913599491119385,0.11864396390828191,2.087437187481334,0.2617993877991417,0.0,-1.5361293780891807,180,180,180,180,180,180,180
46.9298632144928,0.11864396390828191,2.087437187481334,0.2617993877991417,0.0,-1.5361293780891807,180,180,180,180,180,180,180
46.94008827209473,0.11834523287058553,2.0788331980821013,0.2617993877991417,0.0,-1.5357382371885435,180,180,180,180,180,180,180
46.95072031021118,0.11834523287058553,2.0788331980821013,0.2617993877991417,0.0,-1.5357382371885435,180,180,180,180,180,180,180
46.96110272407532,0.11834523287058553,2.0788331980821013,0.2617993877991417,0.0,-1.5357382371885435,180,180,180,180,180,180,180
46.97974371910095,0.11834523287058553,2.0788331980821013,0.2617993877991417,0.0,-1.5357382371885435,180,180,180,180,180,180,180
46.990074157714844,0.11803406952229731,2.0699358574188107,0.2617993877991417,0.0,-1.535498292203326,180,180,180,180,180,180,180
47.000304222106934,0.11803406952229731,2.0699358574188107,0.2617993877991417,0.0,-1.535498292203326,180,180,180,180,180,180,180
47.01058483123779,0.11772855432549541,2.0613006496254327,0.2617993877991417,0.0,-1.5352934495578883,180,180,180,180,180,180,180
47.020883321762085,0.11772855432549541,2.0613006496254327,0.2617993877991417,0.0,-1.5352934495578883,180,180,180,180,180,180,180
47.03536915779114,0.11772855432549541,2.0613006496254327,0.2617993877991417,0.0,-1.5352934495578883,180,180,180,180,180,180,180
47.04621720314026,0.11742538281413586,2.0526668657174385,0.2617993877991417,0.0,-1.5351727189212951,180,180,180,180,180,180,180
47.056400775909424,0.11742538281413586,2.0526668657174385,0.2617993877991417,0.0,-1.5351727189212951,180,180,180,180,180,180,180
47.06662106513977,0.11742538281413586,2.0526668657174385,0.2617993877991417,0.0,-1.5351727189212951,180,180,180,180,180,180,180
47.07689356803894,0.11711028208127003,2.0437812749623547,0.2617993877991417,0.0,-1.5351897023189858,180,180,180,180,180,180,180
47.08812093734741,0.11711028208127003,2.0437812749623547,0.2617993877991417,0.0,-1.5351897023189858,180,180,180,180,180,180,180
47.09836983680725,0.11711028208127003,2.0437812749623547,0.2617993877991417,0.0,-1.5351897023189858,180,180,180,180,180,180,180
47.10862731933594,0.11680532108168758,2.0351668894151027,0.2617993877991417,0.0,-1.5353256973018952,180,180,180,180,180,180,180
47.11888885498047,0.11680532108168758,2.0351668894151027,0.2617993877991417,0.0,-1.5353256973018952,180,180,180,180,180,180,180
47.129172563552856,0.11680532108168758,2.0351668894151027,0.2617993877991417,0.0,-1.5353256973018952,180,180,180,180,180,180,180
47.144466161727905,0.11680532108168758,2.0351668894151027,0.2617993877991417,0.0,-1.5353256973018952,180,180,180,180,180,180,180
47.15565299987793,0.11650064925667299,2.026546388349156,0.2617993877991417,0.0,-1.5354781382423879,180,180,180,180,180,180,180
47.16592478752136,0.11650064925667299,2.026546388349156,0.2617993877991417,0.0,-1.5354781382423879,180,180,180,180,180,180,180
47.17622923851013,0.11618787671546014,2.0176543905593434,0.2617993877991417,0.0,-1.5356303285181223,180,180,180,180,180,180,180
47.19214606285095,0.11618787671546014,2.0176543905593434,0.2617993877991417,0.0,-1.5356303285181223,180,180,180,180,180,180,180
47.20244836807251,0.11618787671546014,2.0176543905593434,0.2617993877991417,0.0,-1.5356303285181223,180,180,180,180,180,180,180
47.2126567363739,0.11588505938636509,2.0090137528538294,0.2617993877991417,0.0,-1.5357565947996308,180,180,180,180,180,180,180
47.22338390350342,0.11588505938636509,2.0090137528538294,0.2617993877991417,0.0,-1.5357565947996308,180,180,180,180,180,180,180
47.24150800704956,0.11588505938636509,2.0090137528538294,0.2617993877991417,0.0,-1.5357565947996308,180,180,180,180,180,180,180
47.25187420845032,0.11558303268107778,2.0003682440116233,0.2617993877991417,0.0,-1.5358449928578675,180,180,180,180,180,180,180
47.26209211349487,0.11558303268107778,2.0003682440116233,0.2617993877991417,0.0,-1.5358449928578675,180,180,180,180,180,180,180
47.27233958244324,0.11558303268107778,2.0003682440116233,0.2617993877991417,0.0,-1.5358449928578675,180,180,180,180,180,180,180
47.28257727622986,0.11527233903174947,1.9914636803477692,0.2617993877991417,0.0,-1.535845154901765,180,180,180,180,180,180,180
47.29440999031067,0.11527233903174947,1.9914636803477692,0.2617993877991417,0.0,-1.535845154901765,180,180,180,180,180,180,180
47.30466413497925,0.11527233903174947,1.9914636803477692,0.2617993877991417,0.0,-1.535845154901765,180,180,180,180,180,180,180
47.31492257118225,0.1149748015379997,1.9828522472929841,0.2617993877991417,0.0,-1.5355488137154079,180,180,180,180,180,180,180
47.32530450820923,0.1149748015379997,1.9828522472929841,0.2617993877991417,0.0,-1.5355488137154079,180,180,180,180,180,180,180
47.344048500061035,0.1149748015379997,1.9828522472929841,0.2617993877991417,0.0,-1.5355488137154079,180,180,180,180,180,180,180
47.3543803691864,0.11467120965425195,1.9742414370842094,0.2617993877991417,0.0,-1.5352011901854363,180,180,180,180,180,180,180
47.36463236808777,0.11467120965425195,1.9742414370842094,0.2617993877991417,0.0,-1.5352011901854363,180,180,180,180,180,180,180
47.37489414215088,0.11435503568990135,1.9653447618639637,0.2617993877991417,0.0,-1.5349528937042762,180,180,180,180,180,180,180
47.38521456718445,0.11435503568990135,1.9653447618639637,0.2617993877991417,0.0,-1.5349528937042762,180,180,180,180,180,180,180
47.3998007774353,0.11435503568990135,1.9653447618639637,0.2617993877991417,0.0,-1.5349528937042762,180,180,180,180,180,180,180
47.41039156913757,0.1140447418278034,1.956709966493781,0.2617993877991417,0.0,-1.5347578904584076,180,180,180,180,180,180,180
47.420655965805054,0.1140447418278034,1.956709966493781,0.2617993877991417,0.0,-1.5347578904584076,180,180,180,180,180,180,180
47.43094348907471,0.1140447418278034,1.956709966493781,0.2617993877991417,0.0,-1.5347578904584076,180,180,180,180,180,180,180
47.44838833808899,0.11373783156813418,1.948076378342504,0.2617993877991417,0.0,-1.5346473783758137,180,180,180,180,180,180,180
47.458622217178345,0.11373783156813418,1.948076378342504,0.2617993877991417,0.0,-1.5346473783758137,180,180,180,180,180,180,180
47.468855142593384,0.11373783156813418,1.948076378342504,0.2617993877991417,0.0,-1.5346473783758137,180,180,180,180,180,180,180
47.47920203208923,0.1134179477882638,1.9391941422703254,0.2617993877991417,0.0,-1.5346924509767208,180,180,180,180,180,180,180
47.49978232383728,0.1134179477882638,1.9391941422703254,0.2617993877991417,0.0,-1.5346924509767208,180,180,180,180,180,180,180
47.51003551483154,0.11310825642099565,1.9305788087212288,0.2617993877991417,0.0,-1.534827725116812,180,180,180,180,180,180,180
47.5202739238739,0.11310825642099565,1.9305788087212288,0.2617993877991417,0.0,-1.534827725116812,180,180,180,180,180,180,180
47.530574321746826,0.11310825642099565,1.9305788087212288,0.2617993877991417,0.0,-1.534827725116812,180,180,180,180,180,180,180
47.54469966888428,0.11310825642099565,1.9305788087212288,0.2617993877991417,0.0,-1.534827725116812,180,180,180,180,180,180,180
47.55503296852112,0.112799263354816,1.9219574681478038,0.2617993877991417,0.0,-1.5349803088038536,180,180,180,180,180,180,180
47.56525373458862,0.112799263354816,1.9219574681478038,0.2617993877991417,0.0,-1.5349803088038536,180,180,180,180,180,180,180
47.575538873672485,0.11248200882705714,1.9130642330487369,0.2617993877991417,0.0,-1.5351305047471124,180,180,180,180,180,180,180
47.5903594493866,0.11248200882705714,1.9130642330487369,0.2617993877991417,0.0,-1.5351305047471124,180,180,180,180,180,180,180
47.60056829452515,0.11248200882705714,1.9130642330487369,0.2617993877991417,0.0,-1.5351305047471124,180,180,180,180,180,180,180
47.61078238487244,0.11217481081121689,1.9044228680164308,0.2617993877991417,0.0,-1.5352541204823154,180,180,180,180,180,180,180
47.62101364135742,0.11217481081121689,1.9044228680164308,0.2617993877991417,0.0,-1.5352541204823154,180,180,180,180,180,180,180
47.63735246658325,0.11217481081121689,1.9044228680164308,0.2617993877991417,0.0,-1.5352541204823154,180,180,180,180,180,180,180
47.6475613117218,0.11186841045584688,1.8957773888843723,0.2617993877991417,0.0,-1.5353352904038295,180,180,180,180,180,180,180
47.65777230262756,0.11186841045584688,1.8957773888843723,0.2617993877991417,0.0,-1.5353352904038295,180,180,180,180,180,180,180
47.667991399765015,0.11186841045584688,1.8957773888843723,0.2617993877991417,0.0,-1.5353352904038295,180,180,180,180,180,180,180
47.679078102111816,0.1115539011390247,1.8868742001581322,0.2617993877991417,0.0,-1.5353185119116906,180,180,180,180,180,180,180
47.68934416770935,0.1115539011390247,1.8868742001581322,0.2617993877991417,0.0,-1.5353185119116906,180,180,180,180,180,180,180
47.69953370094299,0.1115539011390247,1.8868742001581322,0.2617993877991417,0.0,-1.5353185119116906,180,180,180,180,180,180,180
47.709709882736206,0.11125109590977063,1.8782689546623645,0.2617993877991417,0.0,-1.5349719703682236,180,180,180,180,180,180,180
47.71990442276001,0.11125109590977063,1.8782689546623645,0.2617993877991417,0.0,-1.5349719703682236,180,180,180,180,180,180,180
47.736236810684204,0.11125109590977063,1.8782689546623645,0.2617993877991417,0.0,-1.5349719703682236,180,180,180,180,180,180,180
47.7464337348938,0.11094292431884091,1.869649432331226,0.2617993877991417,0.0,-1.5346778989067864,180,180,180,180,180,180,180
47.75661754608154,0.11094292431884091,1.869649432331226,0.2617993877991417,0.0,-1.5346778989067864,180,180,180,180,180,180,180
47.76683187484741,0.11094292431884091,1.869649432331226,0.2617993877991417,0.0,-1.5346778989067864,180,180,180,180,180,180,180
47.7860689163208,0.11062159217602875,1.8607536894722243,0.2617993877991417,0.0,-1.5344237883336231,180,180,180,180,180,180,180
47.79627561569214,0.11062159217602875,1.8607536894722243,0.2617993877991417,0.0,-1.5344237883336231,180,180,180,180,180,180,180
47.80643963813782,0.11030664779077998,1.852119364835634,0.2617993877991417,0.0,-1.5342388179826894,180,180,180,180,180,180,180
47.816641092300415,0.11030664779077998,1.852119364835634,0.2617993877991417,0.0,-1.5342388179826894,180,180,180,180,180,180,180
47.83199191093445,0.11030664779077998,1.852119364835634,0.2617993877991417,0.0,-1.5342388179826894,180,180,180,180,180,180,180
47.84231185913086,0.11030664779077998,1.852119364835634,0.2617993877991417,0.0,-1.5342388179826894,180,180,180,180,180,180,180
47.85253834724426,0.10999576891379587,1.8434860076178226,0.2617993877991417,0.0,-1.5341380828462918,180,180,180,180,180,180,180
47.86331033706665,0.10999576891379587,1.8434860076178226,0.2617993877991417,0.0,-1.5341380828462918,180,180,180,180,180,180,180
47.88019800186157,0.10999576891379587,1.8434860076178226,0.2617993877991417,0.0,-1.5341380828462918,180,180,180,180,180,180,180
47.89048957824707,0.1096715275307346,1.8346068545872007,0.2617993877991417,0.0,-1.534208848428478,180,180,180,180,180,180,180
47.90069079399109,0.1096715275307346,1.8346068545872007,0.2617993877991417,0.0,-1.534208848428478,180,180,180,180,180,180,180
47.91153120994568,0.10935738164754936,1.825990667143757,0.2617993877991417,0.0,-1.5343439417604845,180,180,180,180,180,180,180
47.927656173706055,0.10935738164754936,1.825990667143757,0.2617993877991417,0.0,-1.5343439417604845,180,180,180,180,180,180,180
47.93788027763367,0.10935738164754936,1.825990667143757,0.2617993877991417,0.0,-1.5343439417604845,180,180,180,180,180,180,180
47.94804883003235,0.10904418460926432,1.8173684507026737,0.2617993877991417,0.0,-1.5344960885403616,180,180,180,180,180,180,180
47.95823907852173,0.10904418460926432,1.8173684507026737,0.2617993877991417,0.0,-1.5344960885403616,180,180,180,180,180,180,180
47.968435287475586,0.10904418460926432,1.8173684507026737,0.2617993877991417,0.0,-1.5344960885403616,180,180,180,180,180,180,180
47.98031997680664,0.10872256443203265,1.8084739706746704,0.2617993877991417,0.0,-1.5346435941193348,180,180,180,180,180,180,180
47.99054169654846,0.10872256443203265,1.8084739706746704,0.2617993877991417,0.0,-1.5346435941193348,180,180,180,180,180,180,180
48.00077295303345,0.10872256443203265,1.8084739706746704,0.2617993877991417,0.0,-1.5346435941193348,180,180,180,180,180,180,180
48.01096820831299,0.10841109604575246,1.7998319376817222,0.2617993877991417,0.0,-1.5347640043327244,180,180,180,180,180,180,180
48.02117562294006,0.10841109604575246,1.7998319376817222,0.2617993877991417,0.0,-1.5347640043327244,180,180,180,180,180,180,180
48.03384780883789,0.10841109604575246,1.7998319376817222,0.2617993877991417,0.0,-1.5347640043327244,180,180,180,180,180,180,180
48.04409122467041,0.10810039354335844,1.7911865662647208,0.2617993877991417,0.0,-1.5348371405787729,180,180,180,180,180,180,180
48.05436062812805,0.10810039354335844,1.7911865662647208,0.2617993877991417,0.0,-1.5348371405787729,180,180,180,180,180,180,180
48.064595460891724,0.10810039354335844,1.7911865662647208,0.2617993877991417,0.0,-1.5348371405787729,190,180,190,180,180,180,180
48.0747971534729,0.107782365473829,1.782285113419674,0.2617993877991417,0.0,-1.5348003217672417,190,180,190,180,180,180,180
48.086190700531006,0.107782365473829,1.782285113419674,0.2617993877991417,0.0,-1.5348003217672417,190,180,190,180,180,180,180
48.09639263153076,0.107782365473829,1.782285113419674,0.2617993877991417,0.0,-1.5348003217672417,190,180,190,180,180,180,180
48.10659217834473,0.10747418427679858,1.7736850280456635,0.2617993877991417,0.0,-1.534411445572522,190,180,190,180,180,180,180
48.116833448410034,0.10747418427679858,1.7736850280456635,0.2617993877991417,0.0,-1.534411445572522,190,180,190,180,180,180,180
48.134793519973755,0.10747418427679858,1.7736850280456635,0.2617993877991417,0.0,-1.534411445572522,190,180,190,180,180,180,180
48.145058155059814,0.10716152863248972,1.7650606471198809,0.2617993877991417,0.0,-1.534143881944678,190,180,190,180,180,180,180
48.155330419540405,0.10716152863248972,1.7650606471198809,0.2617993877991417,0.0,-1.534143881944678,190,180,190,180,180,180,180
48.16570281982422,0.10716152863248972,1.7650606471198809,0.2617993877991417,0.0,-1.534143881944678,190,180,190,180,180,180,180
48.17591953277588,0.10716152863248972,1.7650606471198809,0.2617993877991417,0.0,-1.534143881944678,190,180,190,180,180,180,180
48.19082808494568,0.10683501273740258,1.7561649257576344,0.2617993877991417,0.0,-1.5338917718031888,190,180,190,180,180,180,180
48.20104742050171,0.10683501273740258,1.7561649257576344,0.2617993877991417,0.0,-1.5338917718031888,190,180,190,180,180,180,180
48.21125841140747,0.10651559153325044,1.747531027023321,0.2617993877991417,0.0,-1.5337167692531444,190,180,190,180,180,180,180
48.22145986557007,0.10651559153325044,1.747531027023321,0.2617993877991417,0.0,-1.5337167692531444,190,180,190,180,180,180,180
48.23664164543152,0.10651559153325044,1.747531027023321,0.2617993877991417,0.0,-1.5337167692531444,190,180,190,180,180,180,180
48.24691319465637,0.10619995804608587,1.738898058123602,0.2617993877991417,0.0,-1.5336270365955194,190,180,190,180,180,180,180
48.257131576538086,0.10619995804608587,1.738898058123602,0.2617993877991417,0.0,-1.5336270365955194,190,180,190,180,180,180,180
48.267343044281006,0.10619995804608587,1.738898058123602,0.2617993877991417,0.0,-1.5336270365955194,190,180,190,180,180,180,180
48.28120231628418,0.10619995804608587,1.738898058123602,0.2617993877991417,0.0,-1.5336270365955194,190,180,190,180,180,180,180
48.29144620895386,0.10587179813368093,1.7300214062696315,0.2617993877991417,0.0,-1.5337199433483824,190,180,190,180,180,180,180
48.30172944068909,0.10587179813368093,1.7300214062696315,0.2617993877991417,0.0,-1.5337199433483824,190,180,190,180,180,180,180
48.31203103065491,0.10555329913450694,1.7214046142818555,0.2617993877991417,0.0,-1.5338570834049552,180,180,190,180,180,180,180
48.33057236671448,0.10555329913450694,1.7214046142818555,0.2617993877991417,0.0,-1.5338570834049552,180,180,190,180,180,180,180
48.3408842086792,0.10523587304545519,1.712781502920076,0.2617993877991417,0.0,-1.534009034165649,180,180,190,180,180,180,180
48.351123571395874,0.10523587304545519,1.712781502920076,0.2617993877991417,0.0,-1.534009034165649,180,180,190,180,180,180,180
48.3613862991333,0.10523587304545519,1.712781502920076,0.2617993877991417,0.0,-1.534009034165649,180,180,190,180,180,180,180
48.37163281440735,0.10523587304545519,1.712781502920076,0.2617993877991417,0.0,-1.534009034165649,180,180,190,180,180,180,180
48.38626027107239,0.10523587304545519,1.712781502920076,0.2617993877991417,0.0,-1.534009034165649,180,180,190,180,180,180,180
48.39655685424805,0.10490986007439754,1.7038858033982776,0.2617993877991417,0.0,-1.5341541396176348,180,180,190,180,180,180,180
48.406837940216064,0.10459409810771828,1.695243193922783,0.2617993877991417,0.0,-1.5342710990247828,180,180,190,180,180,180,180
48.41711902618408,0.10459409810771828,1.695243193922783,0.2617993877991417,0.0,-1.5342710990247828,180,180,190,180,180,180,180
48.43553161621094,0.10459409810771828,1.695243193922783,0.2617993877991417,0.0,-1.5342710990247828,180,180,190,180,180,180,180
48.44577383995056,0.10427902921815835,1.686598043327297,0.2617993877991417,0.0,-1.5343359623283845,180,180,190,180,180,180,180
48.45597290992737,0.10427902921815835,1.686598043327297,0.2617993877991417,0.0,-1.5343359623283845,180,180,180,180,180,180,180
48.46617794036865,0.10427902921815835,1.686598043327297,0.2617993877991417,0.0,-1.5343359623283845,180,180,180,180,180,180,180
48.48295998573303,0.1039575325653123,1.6776988507925426,0.2617993877991417,0.0,-1.534275665913002,180,180,180,180,180,180,180
48.49319362640381,0.1039575325653123,1.6776988507925426,0.2617993877991417,0.0,-1.534275665913002,180,180,180,180,180,180,180
48.503395318984985,0.1039575325653123,1.6776988507925426,0.2617993877991417,0.0,-1.534275665913002,180,180,180,180,180,180,180
48.513901472091675,0.10364404339323043,1.6691031505647063,0.2617993877991417,0.0,-1.5338498283096258,180,180,180,180,180,180,180
48.5241162776947,0.10364404339323043,1.6691031505647063,0.2617993877991417,0.0,-1.5338498283096258,180,180,180,180,180,180,180
48.53431701660156,0.10364404339323043,1.6691031505647063,0.2617993877991417,0.0,-1.5338498283096258,180,180,180,180,180,180,180
48.54448914527893,0.10332659431415839,1.660476994987074,0.2617993877991417,0.0,-1.5335891953312342,180,180,180,180,180,180,180
48.55468153953552,0.10332659431415839,1.660476994987074,0.2617993877991417,0.0,-1.5335891953312342,180,180,180,180,180,180,180
48.56558156013489,0.10332659431415839,1.660476994987074,0.2617993877991417,0.0,-1.5335891953312342,180,180,180,180,180,180,180
48.58168339729309,0.10332659431415839,1.660476994987074,0.2617993877991417,0.0,-1.5335891953312342,180,180,180,180,180,180,180
48.59186339378357,0.10299489477814319,1.6515810856369662,0.2617993877991417,0.0,-1.533342343743437,180,180,180,180,180,180,180
48.60206174850464,0.10299489477814319,1.6515810856369662,0.2617993877991417,0.0,-1.533342343743437,180,180,180,180,180,180,180
48.61227035522461,0.10267115542462117,1.642947634760075,0.2617993877991417,0.0,-1.533176852055366,180,180,180,180,180,180,180
48.622458696365356,0.10267115542462117,1.642947634760075,0.2617993877991417,0.0,-1.533176852055366,180,180,180,180,180,180,180
48.635281562805176,0.10267115542462117,1.642947634760075,0.2617993877991417,0.0,-1.533176852055366,180,180,180,180,180,180,180
48.645527601242065,0.10235007113934137,1.6343154029047218,0.2617993877991417,0.0,-1.5330999158734049,180,180,180,180,180,180,180
48.65571618080139,0.10235007113934137,1.6343154029047218,0.2617993877991417,0.0,-1.5330999158734049,180,180,180,180,180,180,180
48.66596293449402,0.10235007113934137,1.6343154029047218,0.2617993877991417,0.0,-1.5330999158734049,180,180,180,180,180,180,180
48.681206703186035,0.10235007113934137,1.6343154029047218,0.2617993877991417,0.0,-1.5330999158734049,180,180,180,180,180,180,180
48.69141697883606,0.102018002828258,1.625440599687658,0.2617993877991417,0.0,-1.5332100937259532,180,180,180,180,180,180,180
48.70164179801941,0.102018002828258,1.625440599687658,0.2617993877991417,0.0,-1.5332100937259532,180,180,180,180,180,180,180
48.71185636520386,0.10169506854040335,1.6168235081623252,0.2617993877991417,0.0,-1.5333507612086967,180,180,180,180,180,180,180
48.72218155860901,0.10169506854040335,1.6168235081623252,0.2617993877991417,0.0,-1.5333507612086967,180,180,180,180,180,180,180
48.73295712471008,0.10169506854040335,1.6168235081623252,0.2617993877991417,0.0,-1.5333507612086967,180,180,180,180,180,180,180
48.743178606033325,0.10137324941650405,1.60819949907187,0.2617993877991417,0.0,-1.5335020084664357,180,180,180,180,180,180,180
48.753366470336914,0.10137324941650405,1.60819949907187,0.2617993877991417,0.0,-1.5335020084664357,180,180,180,180,180,180,180
48.76418876647949,0.10137324941650405,1.60819949907187,0.2617993877991417,0.0,-1.5335020084664357,180,180,180,180,180,180,180
48.78150415420532,0.10137324941650405,1.60819949907187,0.2617993877991417,0.0,-1.5335020084664357,180,180,180,180,180,180,180
48.79191493988037,0.10104266552639604,1.599302610987989,0.2617993877991417,0.0,-1.5336443101907895,180,180,180,180,180,180,180
48.802130937576294,0.10104266552639604,1.599302610987989,0.2617993877991417,0.0,-1.5336443101907895,180,180,180,180,180,180,180
48.81243181228638,0.10072245013625464,1.5906594952438438,0.2617993877991417,0.0,-1.5337570536187415,180,180,180,180,180,180,180
48.83054232597351,0.10072245013625464,1.5906594952438438,0.2617993877991417,0.0,-1.5337570536187415,180,180,180,180,180,180,180
48.840856313705444,0.10040277453724777,1.5820146549608252,0.2617993877991417,0.0,-1.533812639955619,180,180,180,180,180,180,180
48.851073265075684,0.10040277453724777,1.5820146549608252,0.2617993877991417,0.0,-1.533812639955619,180,180,190,180,180,180,180
48.86130881309509,0.10040277453724777,1.5820146549608252,0.2617993877991417,0.0,-1.533812639955619,180,180,190,180,180,180,180
48.88079810142517,0.10040277453724777,1.5820146549608252,0.2617993877991417,0.0,-1.533812639955619,180,180,190,180,180,180,180
48.891138315200806,0.10007754942000185,1.5731183671767117,0.2617993877991417,0.0,-1.5337237780943769,180,180,190,180,180,180,180
48.901307106018066,0.10007754942000185,1.5731183671767117,0.2617993877991417,0.0,-1.5337237780943769,180,180,190,180,180,180,180
48.911535024642944,0.09975863438292541,1.5645252065741844,0.2617993877991417,0.0,-1.5332747091155075,180,180,190,180,180,180,180
48.92179274559021,0.09975863438292541,1.5645252065741844,0.2617993877991417,0.0,-1.5332747091155075,180,180,190,180,180,180,180
48.932693004608154,0.09975863438292541,1.5645252065741844,0.2617993877991417,0.0,-1.5332747091155075,180,180,190,180,180,180,180
48.942975759506226,0.09943614587506076,1.5558959981460803,0.2617993877991417,0.0,-1.5330300648923672,180,180,190,180,180,180,180
48.95319175720215,0.09943614587506076,1.5558959981460803,0.2617993877991417,0.0,-1.5330300648923672,180,180,190,180,180,180,180
48.963512659072876,0.09943614587506076,1.5558959981460803,0.2617993877991417,0.0,-1.5330300648923672,180,180,190,180,180,180,180
48.97372579574585,0.09909937152880137,1.5469997959668405,0.2617993877991417,0.0,-1.5327903484929204,180,180,190,180,180,180,180
48.98544359207153,0.09909937152880137,1.5469997959668405,0.2617993877991417,0.0,-1.5327903484929204,180,180,190,180,180,180,180
48.99566316604614,0.09909937152880137,1.5469997959668405,0.2617993877991417,0.0,-1.5327903484929204,180,180,190,180,180,180,180
49.00587272644043,0.09909937152880137,1.5469997959668405,0.2617993877991417,0.0,-1.5327903484929204,180,180,190,180,180,180,180
49.01606774330139,0.0987715983254015,1.538366721289657,0.2617993877991417,0.0,-1.5326344346240723,190,180,190,180,180,180,180
49.032466650009155,0.0987715983254015,1.538366721289657,0.2617993877991417,0.0,-1.5326344346240723,190,180,190,180,180,180,180
49.04267120361328,0.09844498816921905,1.5297355223286477,0.2617993877991417,0.0,-1.532572403026454,190,180,190,180,180,180,180
49.05286431312561,0.09844498816921905,1.5297355223286477,0.2617993877991417,0.0,-1.532572403026454,180,180,190,180,180,180,180
49.06340050697327,0.09844498816921905,1.5297355223286477,0.2617993877991417,0.0,-1.532572403026454,180,180,190,180,180,180,180
49.07991576194763,0.09844498816921905,1.5297355223286477,0.2617993877991417,0.0,-1.532572403026454,180,180,190,180,180,180,180
49.09020948410034,0.09810872018541479,1.5208619026541368,0.2617993877991417,0.0,-1.532695796397271,180,180,190,180,180,180,180
49.1004102230072,0.09810872018541479,1.5208619026541368,0.2617993877991417,0.0,-1.532695796397271,180,180,190,180,180,180,180
49.11060905456543,0.09778135292254428,1.512244599019446,0.2617993877991417,0.0,-1.5328407610223698,180,180,190,180,180,180,180
49.12082099914551,0.09778135292254428,1.512244599019446,0.2617993877991417,0.0,-1.5328407610223698,180,180,190,180,180,180,180
49.13327431678772,0.09778135292254428,1.512244599019446,0.2617993877991417,0.0,-1.5328407610223698,180,180,190,180,180,180,180
49.14349150657654,0.09745510933632323,1.503619648117655,0.2617993877991417,0.0,-1.532991548946193,180,180,190,180,180,180,180
49.15369129180908,0.09745510933632323,1.503619648117655,0.2617993877991417,0.0,-1.532991548946193,180,180,190,180,180,180,180
49.164236307144165,0.09745510933632323,1.503619648117655,0.2617993877991417,0.0,-1.532991548946193,180,180,190,180,180,180,180
49.180439472198486,0.09745510933632323,1.503619648117655,0.2617993877991417,0.0,-1.532991548946193,180,180,190,180,180,180,180
49.19083213806152,0.09711991889126712,1.4947216371821461,0.2617993877991417,0.0,-1.5331312841149838,180,180,190,180,180,180,180
49.20105481147766,0.09711991889126712,1.4947216371821461,0.2617993877991417,0.0,-1.5331312841149838,180,180,190,180,180,180,180
49.211267948150635,0.0967952488909854,1.4860780975538352,0.2617993877991417,0.0,-1.5332396959050705,180,180,190,180,180,180,180
49.22957706451416,0.0967952488909854,1.4860780975538352,0.2617993877991417,0.0,-1.5332396959050705,180,180,190,180,180,180,180
49.23980712890625,0.09647088789215678,1.4774337114069755,0.2617993877991417,0.0,-1.5332853706807825,180,180,190,180,180,180,180
49.24999952316284,0.09647088789215678,1.4774337114069755,0.2617993877991417,0.0,-1.5332853706807825,180,180,190,180,180,180,180
49.26019763946533,0.09647088789215678,1.4774337114069755,0.2617993877991417,0.0,-1.5332853706807825,180,180,190,180,180,180,180
49.2703914642334,0.09647088789215678,1.4774337114069755,0.2617993877991417,0.0,-1.5332853706807825,180,180,190,180,180,180,180
49.285585165023804,0.09647088789215678,1.4774337114069755,0.2617993877991417,0.0,-1.5332853706807825,180,180,190,180,180,180,180
49.29594659805298,0.09614156637983234,1.468541189288177,0.2617993877991417,0.0,-1.5331618305215093,180,180,190,180,180,180,180
49.3063383102417,0.09581737492976526,1.4599477796502798,0.2617993877991417,0.0,-1.5327116971598862,180,180,190,180,180,180,180
49.31656789779663,0.09581737492976526,1.4599477796502798,0.2617993877991417,0.0,-1.5327116971598862,180,180,190,180,180,180,180
49.3303062915802,0.09581737492976526,1.4599477796502798,0.2617993877991417,0.0,-1.5327116971598862,180,180,190,180,180,180,180
49.34050989151001,0.09548990311328667,1.4513142278918114,0.2617993877991417,0.0,-1.5324901926157235,180,180,190,180,180,180,180
49.35086727142334,0.09548990311328667,1.4513142278918114,0.2617993877991417,0.0,-1.5324901926157235,180,180,190,180,180,180,180
49.36115312576294,0.09548990311328667,1.4513142278918114,0.2617993877991417,0.0,-1.5324901926157235,180,180,190,180,180,180,180
49.37136626243591,0.09548990311328667,1.4513142278918114,0.2617993877991417,0.0,-1.5324901926157235,180,180,190,180,180,180,180
49.383981704711914,0.09514832220656484,1.4424180169651883,0.2617993877991417,0.0,-1.5322583005612354,180,180,190,180,180,180,180
49.394197940826416,0.09514832220656484,1.4424180169651883,0.2617993877991417,0.0,-1.5322583005612354,180,180,190,180,180,180,180
49.40443444252014,0.09514832220656484,1.4424180169651883,0.2617993877991417,0.0,-1.5322583005612354,180,180,190,180,180,180,180
49.414705991744995,0.09481683131718321,1.4337852908610969,0.2617993877991417,0.0,-1.5321122057843004,180,180,180,180,180,180,180
49.42935490608215,0.09481683131718321,1.4337852908610969,0.2617993877991417,0.0,-1.5321122057843004,180,180,180,180,180,180,180
49.43956899642944,0.09448509560647518,1.4251558582534776,0.2617993877991417,0.0,-1.5320688837389622,180,180,180,180,180,180,180
49.44976806640625,0.09448509560647518,1.4251558582534776,0.2617993877991417,0.0,-1.5320688837389622,180,180,180,180,180,180,180
49.45996284484863,0.09448509560647518,1.4251558582534776,0.2617993877991417,0.0,-1.5320688837389622,180,180,180,180,180,180,180
49.47021484375,0.09448509560647518,1.4251558582534776,0.2617993877991417,0.0,-1.5320688837389622,180,180,180,180,180,180,180
49.480663537979126,0.09448509560647518,1.4251558582534776,0.2617993877991417,0.0,-1.5320688837389622,180,180,180,180,180,180,180
49.49088931083679,0.09414436715978491,1.4162828568562584,0.2617993877991417,0.0,-1.532201214798123,180,180,180,180,180,180,180
49.50116753578186,0.09414436715978491,1.4162828568562584,0.2617993877991417,0.0,-1.532201214798123,180,180,180,180,180,180,180
49.511470079422,0.09381276170840121,1.407665264683063,0.2617993877991417,0.0,-1.5323494254933032,180,180,190,180,180,180,180
49.52958798408508,0.09381276170840121,1.407665264683063,0.2617993877991417,0.0,-1.5323494254933032,180,180,190,180,180,180,180
49.53988337516785,0.09348226815290497,1.3990391976593364,0.2617993877991417,0.0,-1.5324995575696583,180,180,190,180,180,180,180
49.55007791519165,0.09348226815290497,1.3990391976593364,0.2617993877991417,0.0,-1.5324995575696583,180,180,190,180,180,180,180
49.560312271118164,0.09348226815290497,1.3990391976593364,0.2617993877991417,0.0,-1.5324995575696583,180,180,190,180,180,180,180
49.578805685043335,0.09348226815290497,1.3990391976593364,0.2617993877991417,0.0,-1.5324995575696583,180,180,190,180,180,180,180
49.58920669555664,0.0931426093753034,1.3901402373894276,0.2617993877991417,0.0,-1.5326358552411015,180,180,190,180,180,180,180
49.59946870803833,0.0931426093753034,1.3901402373894276,0.2617993877991417,0.0,-1.5326358552411015,180,180,190,180,180,180,180
49.60974740982056,0.09281363530680806,1.381496348705098,0.2617993877991417,0.0,-1.5327390074188634,180,180,180,180,180,180,180
49.6199586391449,0.09281363530680806,1.381496348705098,0.2617993877991417,0.0,-1.5327390074188634,180,180,180,180,180,180,180
49.63362717628479,0.09281363530680806,1.381496348705098,0.2617993877991417,0.0,-1.5327390074188634,180,180,180,180,180,180,180
49.643853425979614,0.09248472499334529,1.372852507042421,0.2617993877991417,0.0,-1.5327737429831172,180,180,180,180,180,180,180
49.65405821800232,0.09248472499334529,1.372852507042421,0.2617993877991417,0.0,-1.5327737429831172,180,180,180,180,180,180,180
49.66436243057251,0.09248472499334529,1.372852507042421,0.2617993877991417,0.0,-1.5327737429831172,180,180,180,180,180,180,180
49.67460870742798,0.09215118298547526,1.3639646446522853,0.2617993877991417,0.0,-1.532608298557341,180,180,180,180,180,180,180
49.686357259750366,0.09215118298547526,1.3639646446522853,0.2617993877991417,0.0,-1.532608298557341,180,180,180,180,180,180,180
49.696601152420044,0.09215118298547526,1.3639646446522853,0.2617993877991417,0.0,-1.532608298557341,180,180,180,180,180,180,180
49.706783294677734,0.09182209385160557,1.3553684027567667,0.2617993877991417,0.0,-1.532175069870138,180,180,180,180,180,180,180
49.71703505516052,0.09182209385160557,1.3553684027567667,0.2617993877991417,0.0,-1.532175069870138,180,180,180,180,180,180,180
49.73018836975098,0.09182209385160557,1.3553684027567667,0.2617993877991417,0.0,-1.532175069870138,180,180,180,180,180,180,180
49.74043107032776,0.09148972297770103,1.3467339565534469,0.2617993877991417,0.0,-1.5319518843705098,180,180,180,180,180,180,180
49.750667333602905,0.09148972297770103,1.3467339565534469,0.2617993877991417,0.0,-1.5319518843705098,180,180,180,180,180,180,180
49.761035680770874,0.09148972297770103,1.3467339565534469,0.2617993877991417,0.0,-1.5319518843705098,180,180,180,180,180,180,180
49.78089499473572,0.09148972297770103,1.3467339565534469,0.2617993877991417,0.0,-1.5319518843705098,180,180,180,180,180,180,180
49.79125356674194,0.09114345120503005,1.3378380979620834,0.2617993877991417,0.0,-1.5317275485263138,180,180,180,180,180,180,180
49.80146789550781,0.09114345120503005,1.3378380979620834,0.2617993877991417,0.0,-1.5317275485263138,180,180,180,180,180,180,180
49.81175923347473,0.09080834170855256,1.3292056157325727,0.2617993877991417,0.0,-1.5315921099026166,180,180,180,180,180,180,180
49.82195711135864,0.09080834170855256,1.3292056157325727,0.2617993877991417,0.0,-1.5315921099026166,180,180,180,180,180,180,180
49.832141399383545,0.09080834170855256,1.3292056157325727,0.2617993877991417,0.0,-1.5315921099026166,180,180,180,180,180,180,180
49.842347145080566,0.0904717485146373,1.3205785989118677,0.2617993877991417,0.0,-1.531571096499795,180,180,180,180,180,180,180
49.85256600379944,0.0904717485146373,1.3205785989118677,0.2617993877991417,0.0,-1.531571096499795,180,180,180,180,180,180,180
49.863274812698364,0.0904717485146373,1.3205785989118677,0.2617993877991417,0.0,-1.531571096499795,180,180,180,180,180,180,180
49.880443811416626,0.09012623299921337,1.3117056266172529,0.2617993877991417,0.0,-1.5317087839309285,180,180,180,180,180,180,180
49.890695571899414,0.09012623299921337,1.3117056266172529,0.2617993877991417,0.0,-1.5317087839309285,180,180,180,180,180,180,180
49.90090465545654,0.09012623299921337,1.3117056266172529,0.2617993877991417,0.0,-1.5317087839309285,180,180,180,180,180,180,180
49.911123514175415,0.08979040176199506,1.3030875375262918,0.2617993877991417,0.0,-1.5318592256584196,180,180,180,180,180,180,180
49.928685426712036,0.08979040176199506,1.3030875375262918,0.2617993877991417,0.0,-1.5318592256584196,180,180,180,180,180,180,180
49.9389009475708,0.08979040176199506,1.3030875375262918,0.2617993877991417,0.0,-1.5318592256584196,180,180,180,180,180,180,180
49.94919180870056,0.08945565269589781,1.2944602859974965,0.2617993877991417,0.0,-1.5320084444402908,180,180,180,180,180,180,180
49.95939111709595,0.08945565269589781,1.2944602859974965,0.2617993877991417,0.0,-1.5320084444402908,180,180,180,180,180,180,180
49.96958136558533,0.08945565269589781,1.2944602859974965,0.2617993877991417,0.0,-1.5320084444402908,180,180,180,180,180,180,180
49.98267579078674,0.08911154076205793,1.2855604723417444,0.2617993877991417,0.0,-1.5321419696605594,180,180,180,180,180,180,180
49.99314475059509,0.08911154076205793,1.2855604723417444,0.2617993877991417,0.0,-1.5321419696605594,180,180,180,180,180,180,180
50.00332570075989,0.08911154076205793,1.2855604723417444,0.2617993877991417,0.0,-1.5321419696605594,180,180,180,180,180,180,180
50.013522148132324,0.08877828003298162,1.276916346724136,0.2617993877991417,0.0,-1.532239567788882,180,180,180,180,180,180,180
50.02374982833862,0.08877828003298162,1.276916346724136,0.2617993877991417,0.0,-1.532239567788882,180,180,180,180,180,180,180
50.034088373184204,0.08877828003298162,1.276916346724136,0.2617993877991417,0.0,-1.532239567788882,180,180,180,180,180,180,180
50.04430103302002,0.08844495126156561,1.2682732132538803,0.2617993877991417,0.0,-1.532262618224265,180,180,180,180,180,180,180
50.05449199676514,0.08844495126156561,1.2682732132538803,0.2617993877991417,0.0,-1.532262618224265,180,180,180,180,180,180,180
50.06477975845337,0.08844495126156561,1.2682732132538803,0.2617993877991417,0.0,-1.532262618224265,180,180,190,180,180,180,180
50.08352613449097,0.08810697370595055,1.2593909707525477,0.2617993877991417,0.0,-1.5320487546772312,180,180,190,180,180,180,180
50.09375739097595,0.08810697370595055,1.2593909707525477,0.2617993877991417,0.0,-1.5320487546772312,180,180,190,180,180,180,180
50.10394525527954,0.08810697370595055,1.2593909707525477,0.2617993877991417,0.0,-1.5320487546772312,180,180,190,180,180,180,180
50.114161252975464,0.08777309874979403,1.2507904681223425,0.2617993877991417,0.0,-1.5316425943254306,180,180,180,180,180,180,180
50.13285708427429,0.08777309874979403,1.2507904681223425,0.2617993877991417,0.0,-1.5316425943254306,180,180,180,180,180,180,180
50.14307522773743,0.08743589850770961,1.2421560007555572,0.2617993877991417,0.0,-1.5314136326564949,180,180,180,180,180,180,180
50.153290033340454,0.08743589850770961,1.2421560007555572,0.2617993877991417,0.0,-1.5314136326564949,180,180,180,180,180,180,180
50.16351532936096,0.08743589850770961,1.2421560007555572,0.2617993877991417,0.0,-1.5314136326564949,180,180,180,180,180,180,180
50.180508852005005,0.08708483884791263,1.233260590913887,0.2617993877991417,0.0,-1.5311977090798448,180,180,180,180,180,180,180
50.19070053100586,0.08708483884791263,1.233260590913887,0.2617993877991417,0.0,-1.5311977090798448,180,180,180,180,180,180,180
50.20089626312256,0.08708483884791263,1.233260590913887,0.2617993877991417,0.0,-1.5311977090798448,180,180,180,180,180,180,180
50.21112275123596,0.08674609308682887,1.2246283428137803,0.2617993877991417,0.0,-1.531072841198011,180,180,180,180,180,180,180
50.221346616744995,0.08674609308682887,1.2246283428137803,0.2617993877991417,0.0,-1.531072841198011,180,180,180,180,180,180,180
50.23155069351196,0.08674609308682887,1.2246283428137803,0.2617993877991417,0.0,-1.531072841198011,180,180,180,180,180,180,180
50.24174165725708,0.08640483912322075,1.2160044116589952,0.2617993877991417,0.0,-1.5310776800944674,180,180,180,180,180,180,180
50.25193405151367,0.08640483912322075,1.2160044116589952,0.2617993877991417,0.0,-1.5310776800944674,180,180,180,180,180,180,180
50.2621488571167,0.08640483912322075,1.2160044116589952,0.2617993877991417,0.0,-1.5310776800944674,180,180,180,180,180,180,180
50.27236580848694,0.08640483912322075,1.2160044116589952,0.2617993877991417,0.0,-1.5310776800944674,180,180,180,180,180,180,180
50.28616380691528,0.08605441325714594,1.2071309577610583,0.2617993877991417,0.0,-1.5312169496617751,180,180,180,180,180,180,180
50.296377420425415,0.08605441325714594,1.2071309577610583,0.2617993877991417,0.0,-1.5312169496617751,180,180,180,180,180,180,180
50.30662941932678,0.085714338164191,1.198512201254157,0.2617993877991417,0.0,-1.5313681131891412,180,180,180,180,180,180,180
50.31689119338989,0.085714338164191,1.198512201254157,0.2617993877991417,0.0,-1.5313681131891412,180,180,180,180,180,180,180
50.33009672164917,0.085714338164191,1.198512201254157,0.2617993877991417,0.0,-1.5313681131891412,180,180,180,180,180,180,180
50.34031677246094,0.08537530776868543,1.1898837528393602,0.2617993877991417,0.0,-1.5315155365672413,180,180,180,180,180,180,180
50.350566387176514,0.08537530776868543,1.1898837528393602,0.2617993877991417,0.0,-1.5315155365672413,180,180,180,180,180,180,180
50.360766887664795,0.08537530776868543,1.1898837528393602,0.2617993877991417,0.0,-1.5315155365672413,180,180,180,180,180,180,180
50.37100911140442,0.08537530776868543,1.1898837528393602,0.2617993877991417,0.0,-1.5315155365672413,180,180,180,180,180,180,180
50.38955211639404,0.08502673571645404,1.180983122656316,0.2617993877991417,0.0,-1.5316460868734596,180,180,180,180,180,180,180
50.39978361129761,0.08502673571645404,1.180983122656316,0.2617993877991417,0.0,-1.5316460868734596,180,180,180,180,180,180,180
50.40997767448425,0.08468916756165738,1.172338849133119,0.2617993877991417,0.0,-1.5317372392766135,180,180,180,180,180,180,180
50.42018413543701,0.08468916756165738,1.172338849133119,0.2617993877991417,0.0,-1.5317372392766135,180,180,180,180,180,180,180
50.43041515350342,0.08468916756165738,1.172338849133119,0.2617993877991417,0.0,-1.5317372392766135,180,180,180,180,180,180,180
50.44298791885376,0.08435167852269145,1.1636965761984521,0.2617993877991417,0.0,-1.5317470857230924,180,180,180,180,180,180,180
50.453214168548584,0.08435167852269145,1.1636965761984521,0.2617993877991417,0.0,-1.5317470857230924,180,180,180,180,180,180,180
50.46341133117676,0.08435167852269145,1.1636965761984521,0.2617993877991417,0.0,-1.5317470857230924,180,180,180,180,180,180,180
50.473631620407104,0.08400894796715798,1.1548206374286878,0.2617993877991417,0.0,-1.5314797742819763,180,180,180,180,180,180,180
50.48386311531067,0.08400894796715798,1.1548206374286878,0.2617993877991417,0.0,-1.5314797742819763,180,180,180,180,180,180,180
50.49872040748596,0.08400894796715798,1.1548206374286878,0.2617993877991417,0.0,-1.5314797742819763,180,180,180,180,180,180,180
50.50898241996765,0.08367020899468576,1.1462148519543247,0.2617993877991417,0.0,-1.5311076623302573,180,180,180,180,180,180,180
50.519206523895264,0.08367020899468576,1.1462148519543247,0.2617993877991417,0.0,-1.5311076623302573,180,180,180,180,180,180,180
50.52942252159119,0.08367020899468576,1.1462148519543247,0.2617993877991417,0.0,-1.5311076623302573,180,180,180,180,180,180,180
50.542465925216675,0.0833282279825156,1.1375806302870197,0.2617993877991417,0.0,-1.530871236958908,180,180,180,180,180,180,180
50.55269980430603,0.0833282279825156,1.1375806302870197,0.2617993877991417,0.0,-1.530871236958908,180,180,180,180,180,180,180
50.56286954879761,0.0833282279825156,1.1375806302870197,0.2617993877991417,0.0,-1.530871236958908,180,180,180,180,180,180,180
50.57307767868042,0.0833282279825156,1.1375806302870197,0.2617993877991417,0.0,-1.530871236958908,180,190,180,180,180,180,180
50.58596229553223,0.0829722766498171,1.128685714783876,0.2617993877991417,0.0,-1.5306649161600967,180,190,180,180,180,180,180
50.59614181518555,0.0829722766498171,1.128685714783876,0.2617993877991417,0.0,-1.5306649161600967,180,190,180,180,180,180,180
50.60631775856018,0.08262984534964118,1.1200536660906861,0.2617993877991417,0.0,-1.5305504030458568,180,190,180,180,180,180,180
50.61651086807251,0.08262984534964118,1.1200536660906861,0.2617993877991417,0.0,-1.5305504030458568,180,190,180,180,180,180,180
50.63094210624695,0.08262984534964118,1.1200536660906861,0.2617993877991417,0.0,-1.5305504030458568,180,190,180,180,180,180,180
50.641178131103516,0.08228398471628413,1.1114330835326502,0.2617993877991417,0.0,-1.5305831120662468,180,190,180,180,180,180,180
50.65135216712952,0.08228398471628413,1.1114330835326502,0.2617993877991417,0.0,-1.5305831120662468,180,190,180,180,180,180,180
50.661537170410156,0.08228398471628413,1.1114330835326502,0.2617993877991417,0.0,-1.5305831120662468,180,190,180,180,180,180,180
50.671714067459106,0.08228398471628413,1.1114330835326502,0.2617993877991417,0.0,-1.5305831120662468,180,190,180,180,180,180,180
50.683406829833984,0.08192866059027626,1.102558764943164,0.2617993877991417,0.0,-1.5307220784875195,180,190,180,180,180,180,180
50.69360065460205,0.08192866059027626,1.102558764943164,0.2617993877991417,0.0,-1.5307220784875195,180,190,180,180,180,180,180
50.70380139350891,0.08192866059027626,1.102558764943164,0.2617993877991417,0.0,-1.5307220784875195,180,180,180,180,180,180,180
50.7140588760376,0.0815842916482179,1.093939205618866,0.2617993877991417,0.0,-1.5308735127621091,180,180,180,180,180,180,180
50.73240876197815,0.0815842916482179,1.093939205618866,0.2617993877991417,0.0,-1.5308735127621091,180,180,180,180,180,180,180
50.74260759353638,0.08124093686821181,1.085309564291209,0.2617993877991417,0.0,-1.5310191639094757,180,180,180,180,180,180,180
50.75279140472412,0.08124093686821181,1.085309564291209,0.2617993877991417,0.0,-1.5310191639094757,180,180,180,180,180,180,180
50.763033390045166,0.08124093686821181,1.085309564291209,0.2617993877991417,0.0,-1.5310191639094757,180,180,180,180,180,180,180
50.778838872909546,0.08088787839205108,1.0764081679891342,0.2617993877991417,0.0,-1.5311470836702816,180,180,180,180,180,180,180
50.78909611701965,0.08088787839205108,1.0764081679891342,0.2617993877991417,0.0,-1.5311470836702816,180,180,180,180,180,180,180
50.79929256439209,0.08088787839205108,1.0764081679891342,0.2617993877991417,0.0,-1.5311470836702816,180,180,180,180,180,180,180
50.80948209762573,0.08054597718052006,1.0677638746054474,0.2617993877991417,0.0,-1.5312314187997573,180,180,180,180,180,180,180
50.81973934173584,0.08054597718052006,1.0677638746054474,0.2617993877991417,0.0,-1.5312314187997573,180,180,180,180,180,180,180
50.83000683784485,0.08054597718052006,1.0677638746054474,0.2617993877991417,0.0,-1.5312314187997573,180,180,180,180,180,180,180
50.84019732475281,0.08020460447654694,1.05912271736836,0.2617993877991417,0.0,-1.5312265695864715,180,180,180,180,180,180,180
50.850411891937256,0.08020460447654694,1.05912271736836,0.2617993877991417,0.0,-1.5312265695864715,180,180,180,180,180,180,180
50.86061429977417,0.08020460447654694,1.05912271736836,0.2617993877991417,0.0,-1.5312265695864715,180,180,180,180,180,180,180
50.878499031066895,0.07985681954640134,1.0502533131659262,0.2617993877991417,0.0,-1.5309056260966136,180,180,180,180,180,180,180
50.888760566711426,0.07985681954640134,1.0502533131659262,0.2617993877991417,0.0,-1.5309056260966136,180,180,180,180,180,180,180
50.89917063713074,0.07985681954640134,1.0502533131659262,0.2617993877991417,0.0,-1.5309056260966136,180,180,180,180,180,180,180
50.9095401763916,0.07951329646826365,1.0416439453917978,0.2617993877991417,0.0,-1.530553177290675,180,180,180,180,180,180,180
50.91979789733887,0.07951329646826365,1.0416439453917978,0.2617993877991417,0.0,-1.530553177290675,180,180,180,180,180,180,180
50.93653130531311,0.07951329646826365,1.0416439453917978,0.2617993877991417,0.0,-1.530553177290675,180,180,180,180,180,180,180
50.946767807006836,0.07916624683055157,1.0330103044199483,0.2617993877991417,0.0,-1.5303112065424531,180,180,180,180,180,180,180
50.9569890499115,0.07916624683055157,1.0330103044199483,0.2617993877991417,0.0,-1.5303112065424531,180,180,180,180,180,180,180
50.96719479560852,0.07916624683055157,1.0330103044199483,0.2617993877991417,0.0,-1.5303112065424531,180,180,180,180,180,180,180
50.98180103302002,0.07880519858950676,1.0241158974787903,0.2617993877991417,0.0,-1.5301152291893194,180,180,180,180,180,180,180
50.99201989173889,0.07880519858950676,1.0241158974787903,0.2617993877991417,0.0,-1.5301152291893194,180,180,180,180,180,180,180
51.00229573249817,0.07880519858950676,1.0241158974787903,0.2617993877991417,0.0,-1.5301152291893194,180,180,180,180,180,180,180
51.01308870315552,0.0784586526518389,1.0154841475532688,0.2617993877991417,0.0,-1.5300109821502597,180,180,180,180,130,180,180
51.03061079978943,0.0784586526518389,1.0154841475532688,0.2617993877991417,0.0,-1.5300109821502597,180,180,180,180,130,180,180
51.040807247161865,0.07810825714570926,1.0068668608954074,0.2617993877991417,0.0,-1.530070560623558,180,180,180,180,130,180,180
51.050995111465454,0.07810825714570926,1.0068668608954074,0.2617993877991417,0.0,-1.530070560623558,180,180,180,180,120,180,180
51.061169385910034,0.07810825714570926,1.0068668608954074,0.2617993877991417,0.0,-1.530070560623558,180,180,180,180,120,180,180
51.0800883769989,0.07810825714570926,1.0068668608954074,0.2617993877991417,0.0,-1.530070560623558,180,180,180,180,120,180,180
51.090479373931885,0.07774800929493204,0.9979916262612094,0.2617993877991417,0.0,-1.5302087455949045,180,180,180,180,120,180,180
51.100672006607056,0.07774800929493204,0.9979916262612094,0.2617993877991417,0.0,-1.5302087455949045,180,180,180,180,120,180,180
51.11094331741333,0.07739917882607718,0.9893712245714714,0.2617993877991417,0.0,-1.5303597899537733,180,180,180,180,180,180,180
51.13019299507141,0.07739917882607718,0.9893712245714714,0.2617993877991417,0.0,-1.5303597899537733,180,180,180,180,180,180,180
51.14042568206787,0.07705132855467826,0.9807403921091837,0.2617993877991417,0.0,-1.530502970460918,180,180,180,180,180,180,180
51.150657653808594,0.07705132855467826,0.9807403921091837,0.2617993877991417,0.0,-1.530502970460918,180,180,180,180,180,180,180
51.16113066673279,0.07705132855467826,0.9807403921091837,0.2617993877991417,0.0,-1.530502970460918,180,180,180,180,180,180,180
51.177783727645874,0.07669360592222277,0.9718382856750876,0.2617993877991417,0.0,-1.5306278285050516,180,180,180,180,180,180,180
51.18799877166748,0.07669360592222277,0.9718382856750876,0.2617993877991417,0.0,-1.5306278285050516,180,180,180,180,180,180,180
51.198211669921875,0.07669360592222277,0.9718382856750876,0.2617993877991417,0.0,-1.5306278285050516,180,180,180,180,180,180,180
51.208393812179565,0.0763471747956547,0.9631940712536489,0.2617993877991417,0.0,-1.5307044535924348,180,180,180,180,180,180,180
51.218600273132324,0.0763471747956547,0.9631940712536489,0.2617993877991417,0.0,-1.5307044535924348,180,180,180,180,180,180,180
51.22882699966431,0.0763471747956547,0.9631940712536489,0.2617993877991417,0.0,-1.5307044535924348,180,180,180,180,180,180,180
51.239025592803955,0.0763471747956547,0.9631940712536489,0.2617993877991417,0.0,-1.5307044535924348,180,180,180,180,180,180,180
51.24926209449768,0.07600201442350264,0.9545543205142208,0.2617993877991417,0.0,-1.530682412360437,180,180,180,180,180,180,180
51.25955843925476,0.07600201442350264,0.9545543205142208,0.2617993877991417,0.0,-1.530682412360437,180,180,180,180,180,180,180
51.26985764503479,0.07600201442350264,0.9545543205142208,0.2617993877991417,0.0,-1.530682412360437,180,180,180,180,180,180,180
51.28495144844055,0.07564868446442664,0.9456909217477629,0.2617993877991417,0.0,-1.530312558689324,180,180,180,180,180,180,180
51.295196533203125,0.07564868446442664,0.9456909217477629,0.2617993877991417,0.0,-1.530312558689324,180,180,180,180,180,180,180
51.30539917945862,0.07564868446442664,0.9456909217477629,0.2617993877991417,0.0,-1.530312558689324,180,180,180,180,180,180,180
51.31563329696655,0.07530039007645369,0.9370737537011378,0.2617993877991417,0.0,-1.5300069356295178,180,180,180,180,180,180,180
51.33315634727478,0.07530039007645369,0.9370737537011378,0.2617993877991417,0.0,-1.5300069356295178,180,180,180,180,180,180,180
51.343419313430786,0.07494818183889948,0.9284409739250319,0.2617993877991417,0.0,-1.52976103470099,180,180,180,180,180,180,180
51.353713274002075,0.07494818183889948,0.9284409739250319,0.2617993877991417,0.0,-1.52976103470099,180,180,180,180,180,180,180
51.36394262313843,0.07494818183889948,0.9284409739250319,0.2617993877991417,0.0,-1.52976103470099,180,180,180,180,180,180,180
51.3832266330719,0.07458230278902071,0.9195471190005753,0.2617993877991417,0.0,-1.529575746207695,180,180,180,180,180,180,180
51.39343500137329,0.07458230278902071,0.9195471190005753,0.2617993877991417,0.0,-1.529575746207695,180,180,180,180,180,180,180
51.40364694595337,0.07458230278902071,0.9195471190005753,0.2617993877991417,0.0,-1.529575746207695,180,180,180,180,180,180,170
51.41386413574219,0.07423106360538101,0.9109156364669779,0.2617993877991417,0.0,-1.5294816713499841,180,180,180,180,180,180,170
51.424060344696045,0.07423106360538101,0.9109156364669779,0.2617993877991417,0.0,-1.5294816713499841,180,180,180,180,180,180,170
51.43425393104553,0.07423106360538101,0.9109156364669779,0.2617993877991417,0.0,-1.5294816713499841,180,180,180,180,180,180,170
51.444435834884644,0.07387665153861218,0.9023010955734692,0.2617993877991417,0.0,-1.5295647403140773,180,180,180,180,180,180,170
51.45463562011719,0.07387665153861218,0.9023010955734692,0.2617993877991417,0.0,-1.5295647403140773,180,180,180,180,180,180,170
51.4649772644043,0.07387665153861218,0.9023010955734692,0.2617993877991417,0.0,-1.5295647403140773,180,180,180,180,180,180,160
51.483126401901245,0.07351169728886973,0.8934251087860283,0.2617993877991417,0.0,-1.5297039442920035,180,180,180,180,180,180,160
51.49339985847473,0.07351169728886973,0.8934251087860283,0.2617993877991417,0.0,-1.5297039442920035,180,180,180,180,180,180,160
51.50360918045044,0.07351169728886973,0.8934251087860283,0.2617993877991417,0.0,-1.5297039442920035,180,180,180,180,180,180,160
51.51379752159119,0.07315847854856497,0.8848038380975858,0.2617993877991417,0.0,-1.5298548314637437,180,180,180,180,180,180,160
51.52403163909912,0.07315847854856497,0.8848038380975858,0.2617993877991417,0.0,-1.5298548314637437,180,180,180,180,180,180,160
51.53424286842346,0.07315847854856497,0.8848038380975858,0.2617993877991417,0.0,-1.5298548314637437,180,180,180,180,180,180,160
51.54448127746582,0.07280620473897663,0.8761718262038682,0.2617993877991417,0.0,-1.529995733303748,180,180,180,180,180,180,160
51.55468010902405,0.07280620473897663,0.8761718262038682,0.2617993877991417,0.0,-1.529995733303748,180,180,180,180,180,180,160
51.56486177444458,0.07280620473897663,0.8761718262038682,0.2617993877991417,0.0,-1.529995733303748,180,180,180,180,180,180,130
51.581881284713745,0.07244389806954402,0.8672690930861249,0.2617993877991417,0.0,-1.530117446668342,180,180,180,180,180,180,130
51.59211707115173,0.07244389806954402,0.8672690930861249,0.2617993877991417,0.0,-1.530117446668342,180,180,180,180,180,180,130
51.60230875015259,0.07244389806954402,0.8672690930861249,0.2617993877991417,0.0,-1.530117446668342,180,180,180,180,180,180,130
51.613184213638306,0.0720929759198105,0.8586250707455458,0.2617993877991417,0.0,-1.5301861157902243,180,180,180,180,180,180,160
51.630497455596924,0.0720929759198105,0.8586250707455458,0.2617993877991417,0.0,-1.5301861157902243,180,180,180,180,180,180,160
51.64073300361633,0.07174429167781368,0.8499871436929447,0.2617993877991417,0.0,-1.5301441646312899,180,180,180,180,180,180,160
51.650890588760376,0.07174429167781368,0.8499871436929447,0.2617993877991417,0.0,-1.5301441646312899,180,180,180,180,180,180,160
51.661070585250854,0.07174429167781368,0.8499871436929447,0.2617993877991417,0.0,-1.5301441646312899,180,180,180,180,180,180,160
51.67125463485718,0.07174429167781368,0.8499871436929447,0.2617993877991417,0.0,-1.5301441646312899,180,180,180,180,180,180,160
51.68277907371521,0.07138529140192325,0.8411287270516974,0.2617993877991417,0.0,-1.5297335787690896,180,180,180,180,180,180,160
51.6929988861084,0.07138529140192325,0.8411287270516974,0.2617993877991417,0.0,-1.5297335787690896,180,180,180,180,180,180,160
51.70318794250488,0.07138529140192325,0.8411287270516974,0.2617993877991417,0.0,-1.5297335787690896,180,180,180,180,180,180,180
51.713398694992065,0.07103226075887197,0.8325060148990704,0.2617993877991417,0.0,-1.529460264026469,180,180,180,180,180,180,180
51.7312126159668,0.07103226075887197,0.8325060148990704,0.2617993877991417,0.13962634015954223,-1.529460264026469,180,180,180,180,180,180,180
51.74147343635559,0.07067492785424426,0.823873337237722,0.2617993877991417,0.157079632679485,-1.5292171354976822,180,180,180,180,180,180,180
51.751683712005615,0.07067492785424426,0.823873337237722,0.2617993877991417,0.17453292519942779,-1.5292171354976822,180,180,180,180,180,180,140
51.761905908584595,0.07067492785424426,0.823873337237722,0.2617993877991417,0.17453292519942779,-1.5292171354976822,180,180,180,180,180,180,140
51.780269384384155,0.07067492785424426,0.823873337237722,0.2617993877991417,0.20943951023931331,-1.5292171354976822,180,180,180,180,180,180,140
51.79046368598938,0.0703121469308534,0.814902706395547,0.2617993877991417,0.2268928027592561,-1.532041736912143,180,180,180,180,180,180,140
51.800638914108276,0.0703121469308534,0.814902706395547,0.2617993877991417,0.12217304763959944,-1.532041736912143,180,180,180,180,180,180,180
51.810824394226074,0.06999793719717405,0.8061361434366705,0.2617993877991417,0.12217304763959944,-1.537584882766041,180,180,180,180,180,180,180
51.821022510528564,0.06999793719717405,0.8061361434366705,0.2617993877991417,0.0,-1.537584882766041,180,180,180,180,180,180,180
51.833552837371826,0.06999793719717405,0.8061361434366705,0.2617993877991417,0.0,-1.537584882766041,180,180,180,180,180,180,180
51.843746185302734,0.0697301908041956,0.7975109455165912,0.2617993877991417,0.0,-1.5418068102796034,180,180,180,180,180,180,180
51.853920698165894,0.0697301908041956,0.7975109455165912,0.2617993877991417,0.0,-1.5418068102796034,180,180,180,180,180,180,180
51.86413908004761,0.0697301908041956,0.7975109455165912,0.2617993877991417,0.0,-1.5418068102796034,180,180,180,180,180,180,150
51.8743417263031,0.06948635618850284,0.7887281073640344,0.2617993877991417,0.0,-1.5432434470482,180,180,180,180,180,180,150
