time,goal_x,goal_y,linear_x,angular_z,yaw,deadends
6.136168003082275,-0.0010048191944512603,10.98198724589475,0.0,0.0,-1.5389439611515645,180,190,180,190,190,180,190
6.146517753601074,-0.0010048191944512603,10.98198724589475,0.0,0.0,-1.5389439611515645,180,190,180,190,190,180,190
6.156897306442261,-0.0010048191944512603,10.98198724589475,0.0,0.0,-1.5389439611515645,180,190,180,190,190,180,190
6.1672139167785645,-0.0010056311179171256,10.981973101113912,0.0,0.0,-1.5389389212450766,180,190,180,190,190,180,190
6.179351091384888,-0.0010056311179171256,10.981973101113912,0.0,0.0,-1.5389389212450766,180,190,180,190,190,180,190
6.189620018005371,-0.0010056311179171256,10.981973101113912,0.0,0.0,-1.5389389212450766,180,190,180,190,190,180,190
6.199910879135132,-0.001006440877171732,10.981958981867383,0.0,0.0,-1.538933894783179,180,190,180,190,190,180,190
6.2101874351501465,-0.001006440877171732,10.981958981867383,0.0,0.0,-1.538933894783179,180,190,180,190,190,180,190
6.226152658462524,-0.001006440877171732,10.981958981867383,0.0,0.0,-1.538933894783179,180,190,180,190,190,180,190
6.236419916152954,-0.0010072729315786734,10.981944461623032,0.0,0.0,-1.538928729938164,180,190,180,190,190,180,190
6.246724843978882,-0.0010072729315786734,10.981944461623032,0.0,0.0,-1.538928729938164,180,190,180,190,190,180,180
6.268491268157959,-0.0010080787638806572,10.981930394670233,0.0,0.0,-1.5389237278574603,180,190,180,190,190,180,180
6.278791904449463,-0.0010080787638806572,10.981930394670233,0.0,0.0,-1.5389237278574603,180,190,180,190,190,180,180
6.289306879043579,-0.0010080787638806572,10.981930394670233,0.0,0.0,-1.5389237278574603,180,190,180,190,190,180,180
6.300298690795898,-0.001008882463316615,10.981916353188094,0.0,0.0,-1.5389187390248888,180,190,180,190,190,180,180
6.321173667907715,-0.001008882463316615,10.981916353188094,0.0,0.0,-1.5389187390248888,180,190,180,190,190,180,180
6.331451416015625,-0.0010097082776880546,10.981901912119067,0.0,0.0,-1.5389136129274241,180,190,180,190,190,180,180
6.342040061950684,-0.0010097082776880546,10.981901912119067,0.0,0.0,-1.5389136129274241,180,190,180,190,190,180,190
6.364854335784912,-0.0010097082776880546,10.981901912119067,0.0,0.0,-1.5389136129274241,180,190,180,190,190,180,190
6.375239372253418,-0.0010105076665852303,10.981887920738727,0.0,0.0,-1.53890865087016,180,190,180,190,190,180,190
6.38568639755249,-0.0010105076665852303,10.981887920738727,0.0,0.0,-1.53890865087016,180,190,180,190,190,180,190
6.396003484725952,-0.0010113049609910116,10.981873954135335,0.0,0.0,-1.5389037018224947,180,190,180,190,190,180,190
6.411778926849365,-0.0010113049609910116,10.981873954135335,0.0,0.0,-1.5389037018224947,180,190,180,190,190,180,190
6.422060012817383,-0.0010113049609910116,10.981873954135335,0.0,0.0,-1.5389037018224947,180,190,180,190,190,180,190
6.43222451210022,-0.0010121241254523428,10.981859590547426,0.0,0.0,-1.538898617033245,180,190,180,190,190,180,190
6.442495107650757,-0.0010121241254523428,10.981859590547426,0.0,0.0,-1.538898617033245,180,190,180,190,190,180,190
6.45478630065918,-0.0010121241254523428,10.981859590547426,0.0,0.0,-1.538898617033245,180,190,180,190,190,180,190
6.464984655380249,-0.0010129170210085474,10.981845675238429,0.0,0.0,-1.538893695313918,180,190,180,190,190,180,190
6.475207328796387,-0.0010129170210085474,10.981845675238429,0.0,0.0,-1.538893695313918,180,190,180,190,190,180,190
6.493356704711914,-0.0010129170210085474,10.981845675238429,0.0,0.0,-1.538893695313918,180,190,180,190,190,180,190
6.503538131713867,-0.0010137077647637779,10.981831785682253,0.0,0.0,-1.538888786963156,180,190,180,190,190,180,190
6.513729095458984,-0.0010137077647637779,10.981831785682253,0.0,0.0,-1.538888786963156,180,190,180,190,190,180,190
6.532554864883423,-0.0010145201951709832,10.981817502355712,0.0,0.0,-1.5388837440113012,180,190,180,190,190,180,190
6.543253660202026,-0.0010145201951709832,10.981817502355712,0.0,0.0,-1.5388837440113012,180,190,180,190,190,180,190
6.553449630737305,-0.0010145201951709832,10.981817502355712,0.01745329251994278,0.0,-1.5388837440113012,180,190,180,190,190,180,180
6.571471929550171,-0.0010153065087769677,10.981803665564623,0.06981317007977111,0.0,-1.5388788631867825,180,190,180,190,190,180,180
6.581661224365234,-0.0010153065087769677,10.981803665564623,0.06981317007977111,0.0,-1.5388788631867825,180,190,180,190,190,180,180
6.5920093059539795,-0.0010153065087769677,10.981803665564623,0.12217304763959944,0.0,-1.5388788631867825,180,190,180,190,190,180,190
6.611998558044434,-0.0010282881589985713,10.981773167537035,0.2268928027592561,0.0,-1.5387978293570492,180,190,180,190,190,180,190
6.622189283370972,-0.0010282881589985713,10.981773167537035,0.2617993877991417,0.0,-1.5387978293570492,180,190,180,190,190,180,190
6.632385015487671,-0.0010498482691585448,10.981727550833629,0.2617993877991417,0.0,-1.5386645146359366,180,190,180,190,190,180,180
6.642599582672119,-0.0010498482691585448,10.981727550833629,0.2617993877991417,0.0,-1.5386645146359366,180,190,180,190,190,180,180
6.6531455516815186,-0.0010498482691585448,10.981727550833629,0.2617993877991417,0.0,-1.5386645146359366,180,190,180,190,190,180,180
6.663386583328247,-0.0010623043924872656,10.981687251408076,0.2617993877991417,0.0,-1.5385873257573022,180,190,180,190,190,180,180
6.673590421676636,-0.0010623043924872656,10.981687251408076,0.2617993877991417,0.0,-1.5385873257573022,180,190,180,190,190,180,190
6.693216800689697,-0.0010623043924872656,10.981687251408076,0.2617993877991417,0.0,-1.5385873257573022,180,190,180,190,190,180,190
6.703484296798706,-0.0010344963009958474,10.981601099619876,0.2617993877991417,0.0,-1.5388129344757908,180,190,180,190,190,180,190
6.713696718215942,-0.0010344963009958474,10.981601099619876,0.2617993877991417,0.0,-1.5388129344757908,180,190,180,190,190,180,190
6.7240235805511475,-0.0010344963009958474,10.981601099619876,0.2617993877991417,0.0,-1.5388129344757908,180,190,180,190,190,180,190
6.741216421127319,-0.0010291808983291652,10.981352837794638,0.2617993877991417,0.0,-1.5389712864053626,180,190,180,190,190,180,190
6.751438856124878,-0.0010291808983291652,10.981352837794638,0.2617993877991417,0.0,-1.5389712864053626,180,190,180,190,190,180,190
6.761665344238281,-0.0010371757833163193,10.980818492252897,0.2617993877991417,0.0,-1.5390434533641018,180,190,180,190,190,180,190
6.780306577682495,-0.0010371757833163193,10.980818492252897,0.2617993877991417,0.0,-1.5390434533641018,180,190,180,190,190,180,190
6.7908244132995605,-0.0010371757833163193,10.980818492252897,0.2617993877991417,0.0,-1.5390434533641018,180,190,180,190,190,180,190
6.801172256469727,-0.0010625974735292015,10.97983791922097,0.2617993877991417,0.0,-1.5390249733168089,180,190,180,190,190,180,190
6.819060325622559,-0.0010625974735292015,10.97983791922097,0.2617993877991417,0.0,-1.5390249733168089,180,190,180,190,190,180,190
6.829274654388428,-0.001111220207654548,10.97818523655328,0.2617993877991417,0.0,-1.5388848665042762,180,190,180,190,190,180,190
6.83948826789856,-0.001111220207654548,10.97818523655328,0.2617993877991417,0.0,-1.5388848665042762,180,190,180,190,190,180,190
6.849903345108032,-0.001111220207654548,10.97818523655328,0.2617993877991417,0.0,-1.5388848665042762,180,190,180,190,190,180,190
6.866948127746582,-0.001111220207654548,10.97818523655328,0.2617993877991417,0.0,-1.5388848665042762,180,190,180,190,190,180,190
6.877155780792236,-0.001185511237697827,10.97579604166524,0.2617993877991417,0.0,-1.538581224501519,180,190,180,190,190,180,190
6.887341260910034,-0.001185511237697827,10.97579604166524,0.2617993877991417,0.0,-1.538581224501519,180,190,180,190,190,180,190
6.897601127624512,-0.0012908398505187834,10.972513264340567,0.2617993877991417,0.0,-1.538025427082376,180,190,180,190,190,180,190
6.907933950424194,-0.0012908398505187834,10.972513264340567,0.2617993877991417,0.0,-1.538025427082376,180,190,180,190,190,180,190
6.918135643005371,-0.0012908398505187834,10.972513264340567,0.2617993877991417,0.0,-1.538025427082376,180,190,180,190,190,180,190
6.928407192230225,-0.00143617386256132,10.968131118595087,0.2617993877991417,0.0,-1.5371430811045659,180,190,180,190,190,180,180
6.938803195953369,-0.00143617386256132,10.968131118595087,0.2617993877991417,0.0,-1.5371430811045659,180,190,180,190,190,180,180
6.950284242630005,-0.00143617386256132,10.968131118595087,0.2617993877991417,0.0,-1.5371430811045659,180,190,180,190,190,180,180
6.960472583770752,-0.00143617386256132,10.968131118595087,0.2617993877991417,0.0,-1.5371430811045659,180,190,180,190,190,180,180
6.970654249191284,-0.00161479650768315,10.962911421627558,0.2617993877991417,0.0,-1.5360540085533565,180,190,180,190,190,180,180
6.980847597122192,-0.00161479650768315,10.962911421627558,0.2617993877991417,0.0,-1.5360540085533565,180,190,180,190,180,180,180
6.995064735412598,-0.00161479650768315,10.962911421627558,0.2617993877991417,0.0,-1.5360540085533565,180,190,180,190,180,180,180
7.005255222320557,-0.0018310116688826457,10.95681563947608,0.2617993877991417,0.0,-1.5347053201353869,180,190,180,190,180,180,180
7.015472650527954,-0.0018310116688826457,10.95681563947608,0.2617993877991417,0.0,-1.5347053201353869,180,190,180,190,180,180,180
7.025664806365967,-0.0018310116688826457,10.95681563947608,0.2617993877991417,0.0,-1.5347053201353869,180,190,180,190,180,180,180
7.037807941436768,-0.002091309813026302,10.949773277267404,0.2617993877991417,0.0,-1.5330774621612462,180,190,180,190,180,180,180
7.048032522201538,-0.002091309813026302,10.949773277267404,0.2617993877991417,0.0,-1.5330774621612462,180,190,180,190,180,180,180
7.058255434036255,-0.002091309813026302,10.949773277267404,0.2617993877991417,0.0,-1.5330774621612462,180,190,180,190,180,180,190
7.068435430526733,-0.002377232815164921,10.942413911931013,0.2617993877991417,0.0,-1.531288195062838,180,190,180,190,180,180,190
7.078629016876221,-0.002377232815164921,10.942413911931013,0.2617993877991417,0.0,-1.531288195062838,180,190,180,190,180,180,190
7.088830471038818,-0.002377232815164921,10.942413911931013,0.2617993877991417,0.0,-1.531288195062838,180,190,180,190,180,180,190
7.099018335342407,-0.002690960246019337,10.934800037397483,0.2617993877991417,0.0,-1.5293235025831153,190,190,190,190,190,180,190
7.109238624572754,-0.002690960246019337,10.934800037397483,0.2617993877991417,0.0,-1.5293235025831153,190,190,190,190,190,180,190
7.120337963104248,-0.002690960246019337,10.934800037397483,0.2617993877991417,0.0,-1.5293235025831153,190,190,190,190,190,180,190
7.130642652511597,-0.0030127769943647637,10.926903450391315,0.2617993877991417,0.0,-1.52737089615295,190,190,190,190,190,180,190
7.14084792137146,-0.0030127769943647637,10.926903450391315,0.2617993877991417,0.0,-1.52737089615295,190,190,190,190,190,180,190
7.151051759719849,-0.0030127769943647637,10.926903450391315,0.2617993877991417,0.0,-1.52737089615295,180,190,180,190,180,180,180
7.165752649307251,-0.0033589211429588257,10.919043022395222,0.2617993877991417,0.0,-1.525345897844062,180,190,180,190,180,180,180
7.176002264022827,-0.0033589211429588257,10.919043022395222,0.2617993877991417,0.0,-1.525345897844062,180,190,180,190,180,180,180
7.186228036880493,-0.0033589211429588257,10.919043022395222,0.2617993877991417,0.0,-1.525345897844062,180,190,180,190,190,180,180
7.196442604064941,-0.003743317194505934,10.910789999432161,0.2617993877991417,0.0,-1.523420162317193,180,190,180,190,190,180,180
7.210637331008911,-0.003743317194505934,10.910789999432161,0.2617993877991417,0.0,-1.523420162317193,180,190,180,190,190,180,180
7.221004009246826,-0.003743317194505934,10.910789999432161,0.2617993877991417,0.0,-1.523420162317193,180,190,180,190,190,180,180
7.231267213821411,-0.004163973619273115,10.901952894552238,0.2617993877991417,0.0,-1.523226378715933,180,190,190,190,180,180,190
7.241523265838623,-0.004163973619273115,10.901952894552238,0.2617993877991417,0.0,-1.523226378715933,180,190,190,190,180,180,190
7.25350022315979,-0.004163973619273115,10.901952894552238,0.2617993877991417,0.0,-1.523226378715933,180,190,190,190,180,180,190
7.263919353485107,-0.004573080718804227,10.89333642286089,0.2617993877991417,0.0,-1.5232305247044013,180,190,190,190,180,180,190
7.27412223815918,-0.004573080718804227,10.89333642286089,0.2617993877991417,0.0,-1.5232305247044013,180,190,180,190,190,180,200
7.28438138961792,-0.004573080718804227,10.89333642286089,0.2617993877991417,0.0,-1.5232305247044013,180,190,180,190,190,180,200
7.298299789428711,-0.004573080718804227,10.89333642286089,0.2617993877991417,0.0,-1.5232305247044013,180,190,180,190,190,180,200
7.308585166931152,-0.004982737892693861,10.884710031418598,0.2617993877991417,0.0,-1.5232335412368323,180,190,180,190,190,180,200
7.318820953369141,-0.004982737892693861,10.884710031418598,0.2617993877991417,0.0,-1.5232335412368323,190,190,190,190,190,180,200
7.3404381275177,-0.005405324727762444,10.87581179008464,0.2617993877991417,0.0,-1.523234843809298,190,190,190,190,190,180,200
7.350743293762207,-0.005405324727762444,10.87581179008464,0.2617993877991417,0.0,-1.523234843809298,190,190,190,190,190,180,200
7.361006021499634,-0.005405324727762444,10.87581179008464,0.2617993877991417,0.0,-1.523234843809298,180,190,180,190,190,180,200
7.382388353347778,-0.005816087196802593,10.867165224001091,0.2617993877991417,0.0,-1.5232341925181767,180,190,180,190,190,180,200
7.392693996429443,-0.005816087196802593,10.867165224001091,0.2617993877991417,0.0,-1.5232341925181767,180,190,180,190,190,180,200
7.4029412269592285,-0.006227836898740491,10.85850882023422,0.2617993877991417,0.0,-1.5232324903892394,180,190,180,190,190,180,200
7.413213014602661,-0.006227836898740491,10.85850882023422,0.2617993877991417,0.0,-1.5232324903892394,190,190,180,190,190,180,200
7.428201198577881,-0.006227836898740491,10.85850882023422,0.2617993877991417,0.0,-1.5232324903892394,190,190,180,190,190,180,200
7.438477516174316,-0.0066532380256670385,10.849582372454726,0.2617993877991417,0.0,-1.5232161485046096,190,190,180,190,190,180,200
7.448706865310669,-0.0066532380256670385,10.849582372454726,0.2617993877991417,0.0,-1.5232161485046096,190,190,180,190,190,180,200
7.458958387374878,-0.0066532380256670385,10.849582372454726,0.2617993877991417,0.0,-1.5232161485046096,190,190,180,190,180,180,200
7.4728569984436035,-0.007067631109553907,10.840923822430497,0.2617993877991417,0.0,-1.5231789437247596,190,190,180,190,180,180,200
7.48309326171875,-0.007067631109553907,10.840923822430497,0.2617993877991417,0.0,-1.5231789437247596,190,190,180,190,180,180,200
7.493368148803711,-0.007067631109553907,10.840923822430497,0.2617993877991417,0.0,-1.5231789437247596,190,190,180,190,180,180,200
7.503670930862427,-0.007485374411971035,10.832285280678192,0.2617993877991417,0.0,-1.5230747517421905,190,190,190,190,190,180,200
7.517505407333374,-0.007485374411971035,10.832285280678192,0.2617993877991417,0.0,-1.5230747517421905,190,190,190,190,190,180,200
7.527827024459839,-0.007485374411971035,10.832285280678192,0.2617993877991417,0.0,-1.5230747517421905,190,190,190,190,190,180,200
7.538079261779785,-0.007906049289952798,10.823425442903936,0.2617993877991417,0.0,-1.5228551744527283,190,190,190,190,190,180,200
7.5483174324035645,-0.007906049289952798,10.823425442903936,0.2617993877991417,0.0,-1.5228551744527283,190,190,190,190,190,180,200
7.562297821044922,-0.007906049289952798,10.823425442903936,0.2617993877991417,0.0,-1.5228551744527283,190,190,190,190,190,180,200
7.572604656219482,-0.00831612629904903,10.814828998471075,0.2617993877991417,0.0,-1.5228708696067097,190,190,190,190,190,180,200
7.582779884338379,-0.00831612629904903,10.814828998471075,0.2617993877991417,0.0,-1.5228708696067097,180,190,180,190,190,180,200
7.604086875915527,-0.008727934836715478,10.806231026297274,0.2617993877991417,0.0,-1.5228629406476903,180,190,180,190,190,180,200
7.6143012046813965,-0.008727934836715478,10.806231026297274,0.2617993877991417,0.0,-1.5228629406476903,180,190,180,190,190,180,200
7.624509334564209,-0.008727934836715478,10.806231026297274,0.2617993877991417,0.0,-1.5228629406476903,190,190,190,190,190,180,200
7.634756803512573,-0.00915237490078195,10.797363170586937,0.2617993877991417,0.0,-1.5228600149269702,190,190,190,190,190,180,200
7.646538257598877,-0.00915237490078195,10.797363170586937,0.2617993877991417,0.0,-1.5228600149269702,190,190,190,190,190,180,200
7.656802415847778,-0.00915237490078195,10.797363170586937,0.2617993877991417,0.0,-1.5228600149269702,190,190,190,190,190,180,200
7.667027235031128,-0.009564775256774835,10.788745664712224,0.2617993877991417,0.0,-1.522863780525192,190,190,180,190,190,190,200
7.6772425174713135,-0.009564775256774835,10.788745664712224,0.2617993877991417,0.0,-1.522863780525192,190,190,180,190,190,190,200
7.6889564990997314,-0.009564775256774835,10.788745664712224,0.2617993877991417,0.0,-1.522863780525192,190,190,180,190,190,190,200
7.699155330657959,-0.009977659317883357,10.780118223592556,0.2617993877991417,0.0,-1.5228661689248448,190,190,180,190,190,190,200
7.709368705749512,-0.009977659317883357,10.780118223592556,0.2617993877991417,0.0,-1.5228661689248448,190,190,180,190,190,190,200
7.719597339630127,-0.009977659317883357,10.780118223592556,0.2617993877991417,0.0,-1.5228661689248448,190,190,180,190,190,190,200
7.731849670410156,-0.01040358271837825,10.771218900590654,0.2617993877991417,0.0,-1.5228668314070901,190,190,180,190,190,190,200
7.742062091827393,-0.01040358271837825,10.771218900590654,0.2617993877991417,0.0,-1.5228668314070901,190,190,180,190,190,190,200
7.752285957336426,-0.01040358271837825,10.771218900590654,0.2617993877991417,0.0,-1.5228668314070901,180,180,180,190,190,190,200
7.773488998413086,-0.010817631362157383,10.762571261864892,0.2617993877991417,0.0,-1.5228659880435516,180,180,180,190,190,190,200
7.783724308013916,-0.010817631362157383,10.762571261864892,0.2617993877991417,0.0,-1.5228659880435516,180,180,180,190,190,190,200
7.793999195098877,-0.010817631362157383,10.762571261864892,0.2617993877991417,0.0,-1.5228659880435516,190,190,180,190,190,190,200
7.81260871887207,-0.011232704924452792,10.753913851805025,0.2617993877991417,0.0,-1.5228636179210264,190,190,180,190,190,190,200
7.822805643081665,-0.011232704924452792,10.753913851805025,0.2617993877991417,0.0,-1.5228636179210264,190,190,180,190,190,190,200
7.833405256271362,-0.011661491688333117,10.74498729264155,0.2617993877991417,0.0,-1.522844816616482,190,190,180,190,190,180,200
7.8526856899261475,-0.011661491688333117,10.74498729264155,0.2617993877991417,0.0,-1.522844816616482,190,190,180,190,190,180,200
7.8629701137542725,-0.012079553442068845,10.736330592196158,0.2617993877991417,0.0,-1.5228057645273636,190,190,180,190,190,180,200
7.873204946517944,-0.012079553442068845,10.736330592196158,0.2617993877991417,0.0,-1.5228057645273636,200,190,180,190,190,180,200
7.8930535316467285,-0.012079553442068845,10.736330592196158,0.2617993877991417,0.0,-1.5228057645273636,200,190,180,190,190,180,200
7.903312683105469,-0.012499930299352568,10.727695984972193,0.2617993877991417,0.0,-1.5226776309144348,200,190,180,190,190,180,200
7.913552522659302,-0.012499930299352568,10.727695984972193,0.2617993877991417,0.0,-1.5226776309144348,200,190,180,190,190,180,200
7.935545444488525,-0.012499930299352568,10.727695984972193,0.2617993877991417,0.0,-1.5226776309144348,200,190,180,190,190,180,200
7.945948839187622,-0.012923301623304136,10.718839177509931,0.2617993877991417,0.0,-1.52250417770637,200,190,180,190,190,180,200
7.95616602897644,-0.012923301623304136,10.718839177509931,0.2617993877991417,0.0,-1.52250417770637,200,190,180,190,190,180,200
7.966380596160889,-0.013337001391718784,10.710242955504917,0.2617993877991417,0.0,-1.522504580642126,200,190,190,190,190,180,210
7.9819231033325195,-0.013337001391718784,10.710242955504917,0.2617993877991417,0.0,-1.522504580642126,200,190,190,190,190,180,210
7.992154359817505,-0.013337001391718784,10.710242955504917,0.2617993877991417,0.0,-1.522504580642126,200,190,190,190,190,180,210
8.002422332763672,-0.01375192031899075,10.70164420283946,0.2617993877991417,0.0,-1.5224960770776028,200,200,190,190,190,180,210
8.012654542922974,-0.01375192031899075,10.70164420283946,0.2617993877991417,0.0,-1.5224960770776028,200,200,190,190,190,180,210
8.024338483810425,-0.01375192031899075,10.70164420283946,0.2617993877991417,0.0,-1.5224960770776028,200,200,190,190,190,180,210
8.034573554992676,-0.01417964833189441,10.692775313637508,0.2617993877991417,0.0,-1.5224941383890118,200,200,190,190,190,180,210
8.044780254364014,-0.01417964833189441,10.692775313637508,0.2617993877991417,0.0,-1.5224941383890118,200,190,180,190,190,180,210
8.065790176391602,-0.014595261442835008,10.684156739085644,0.2617993877991417,0.0,-1.5224980069000429,200,190,180,190,190,180,210
8.07601261138916,-0.014595261442835008,10.684156739085644,0.2617993877991417,0.0,-1.5224980069000429,200,190,180,190,190,180,210
8.086241483688354,-0.014595261442835008,10.684156739085644,0.2617993877991417,0.0,-1.5224980069000429,190,190,180,190,190,180,210
8.096502780914307,-0.015011363991019374,10.67552824504974,0.2617993877991417,0.0,-1.5225002333016153,190,190,180,190,190,180,210
8.107120275497437,-0.015011363991019374,10.67552824504974,0.2617993877991417,0.0,-1.5225002333016153,190,190,180,190,190,180,210
8.117303133010864,-0.015011363991019374,10.67552824504974,0.2617993877991417,0.0,-1.5225002333016153,190,190,180,190,190,180,210
8.127512454986572,-0.015011363991019374,10.67552824504974,0.2617993877991417,0.0,-1.5225002333016153,190,190,180,190,190,180,210
8.137770175933838,-0.015440611517628294,10.666627844038779,0.2617993877991417,0.0,-1.5225006914330244,190,190,180,190,190,180,200
8.153569221496582,-0.015440611517628294,10.666627844038779,0.2617993877991417,0.0,-1.5225006914330244,190,190,180,190,190,180,200
8.16378116607666,-0.015857924409535026,10.657979139840966,0.2617993877991417,0.0,-1.522500042627434,190,190,180,190,190,180,200
8.173969984054565,-0.015857924409535026,10.657979139840966,0.2617993877991417,0.0,-1.522500042627434,190,190,180,190,190,180,200
8.184196949005127,-0.015857924409535026,10.657979139840966,0.2617993877991417,0.0,-1.522500042627434,200,190,190,190,190,180,200
8.200308084487915,-0.016276311275457506,10.649320778479401,0.2617993877991417,0.0,-1.5224968052130001,200,190,190,190,190,180,200
8.210466623306274,-0.016276311275457506,10.649320778479401,0.2617993877991417,0.0,-1.5224968052130001,200,190,190,190,190,180,200
8.220609426498413,-0.016276311275457506,10.649320778479401,0.2617993877991417,0.0,-1.5224968052130001,200,190,190,190,190,180,200
8.230830430984497,-0.01670845053139729,10.640394349411192,0.2617993877991417,0.0,-1.5224754718597997,200,190,180,190,190,180,200
8.245703935623169,-0.01670845053139729,10.640394349411192,0.2617993877991417,0.0,-1.5224754718597997,200,190,180,190,190,180,200
8.255948305130005,-0.01670845053139729,10.640394349411192,0.2617993877991417,0.0,-1.5224754718597997,200,190,180,190,190,180,200
8.266279697418213,-0.01713021491857894,10.631739673950648,0.2617993877991417,0.0,-1.5224342197526297,200,190,180,190,190,180,200
8.276602506637573,-0.01713021491857894,10.631739673950648,0.2617993877991417,0.0,-1.5224342197526297,190,190,180,190,180,180,200
8.286963939666748,-0.01713021491857894,10.631739673950648,0.2617993877991417,0.0,-1.5224342197526297,190,190,180,190,180,180,200
8.297408819198608,-0.017552758704337087,10.623109518864077,0.2617993877991417,0.0,-1.522275758546905,190,190,180,190,180,180,200
8.307641744613647,-0.017552758704337087,10.623109518864077,0.2617993877991417,0.0,-1.522275758546905,190,190,180,190,180,180,200
8.317886352539062,-0.017552758704337087,10.623109518864077,0.2617993877991417,0.0,-1.522275758546905,190,190,180,190,180,180,200
8.328431844711304,-0.01797907153467849,10.614254578096224,0.2617993877991417,0.0,-1.5221516962070527,190,190,180,190,180,180,200
8.342320442199707,-0.01797907153467849,10.614254578096224,0.2617993877991417,0.0,-1.5221516962070527,190,190,180,190,180,180,200
8.352593660354614,-0.01797907153467849,10.614254578096224,0.2617993877991417,0.0,-1.5221516962070527,190,190,180,190,180,180,200
8.36281132698059,-0.018396470792614406,10.605658825114125,0.2617993877991417,0.0,-1.5221386849310659,190,190,180,190,180,180,200
8.373400688171387,-0.018396470792614406,10.605658825114125,0.2617993877991417,0.0,-1.5221386849310659,190,190,180,190,190,180,200
8.390982389450073,-0.018396470792614406,10.605658825114125,0.2617993877991417,0.0,-1.5221386849310659,190,190,180,190,190,180,200
8.401267766952515,-0.018814545701294583,10.597059228063554,0.2617993877991417,0.0,-1.5221297580698347,190,190,180,190,190,180,200
8.411556959152222,-0.018814545701294583,10.597059228063554,0.2617993877991417,0.0,-1.5221297580698347,190,190,180,190,190,180,200
8.4218008518219,-0.018814545701294583,10.597059228063554,0.2617993877991417,0.0,-1.5221297580698347,190,190,190,190,190,190,200
8.436736583709717,-0.018814545701294583,10.597059228063554,0.2617993877991417,0.0,-1.5221297580698347,190,190,190,190,190,190,200
8.447047710418701,-0.01924556940177444,10.588189266078924,0.2617993877991417,0.0,-1.5221284069017682,190,190,190,190,190,190,200
8.457296371459961,-0.01924556940177444,10.588189266078924,0.2617993877991417,0.0,-1.5221284069017682,190,190,190,190,190,180,200
8.467630863189697,-0.0196643977231579,10.579569631522858,0.2617993877991417,0.0,-1.5221319095829253,190,190,190,190,190,180,200
8.48042607307434,-0.0196643977231579,10.579569631522858,0.2617993877991417,0.0,-1.5221319095829253,190,190,190,190,190,180,200
8.490694284439087,-0.0196643977231579,10.579569631522858,0.2617993877991417,0.0,-1.5221319095829253,190,190,190,190,190,180,200
8.500921726226807,-0.020083723745044274,10.570940083482126,0.2617993877991417,0.0,-1.522133582962109,190,190,190,190,190,180,200
8.51117753982544,-0.020083723745044274,10.570940083482126,0.2617993877991417,0.05235987755982833,-1.522133582962109,190,190,190,190,190,180,200
8.522233486175537,-0.020083723745044274,10.570940083482126,0.2617993877991417,0.06981317007977111,-1.522133582962109,190,190,190,190,190,180,200
8.532458543777466,-0.02051630390772998,10.562038607556216,0.2617993877991417,0.06981317007977111,-1.5221334252366014,190,190,190,190,190,180,200
8.542691707611084,-0.02051630390772998,10.562038607556216,0.2617993877991417,0.08726646259971389,-1.5221334252366014,190,190,190,190,190,180,200
8.552889585494995,-0.02051630390772998,10.562038607556216,0.2617993877991417,0.12217304763959944,-1.5221334252366014,190,190,190,190,190,180,200
8.569299936294556,-0.020930637471274,10.55339920122567,0.2617993877991417,0.157079632679485,-1.5241927076439057,190,190,190,190,190,180,200
8.57950234413147,-0.020930637471274,10.55339920122567,0.2617993877991417,0.157079632679485,-1.5241927076439057,190,190,190,190,190,180,200
8.589705228805542,-0.020930637471274,10.55339920122567,0.2617993877991417,0.19198621771937055,-1.5241927076439057,190,190,190,180,190,180,200
8.599910497665405,-0.02131939997513415,10.544762548656337,0.2617993877991417,0.19198621771937055,-1.5280477680119713,190,190,190,180,190,180,200
8.613365411758423,-0.02131939997513415,10.544762548656337,0.2617993877991417,0.20943951023931331,-1.5280477680119713,190,190,190,180,190,180,200
8.623594999313354,-0.02131939997513415,10.544762548656337,0.2617993877991417,0.20943951023931331,-1.5280477680119713,190,190,190,180,190,180,200
8.633824825286865,-0.021677138439464318,10.535875356599968,0.2617993877991417,0.2268928027592561,-1.534173428639593,190,190,190,180,190,180,200
8.644041061401367,-0.021677138439464318,10.535875356599968,0.2617993877991417,0.2268928027592561,-1.534173428639593,190,190,190,180,190,180,200
8.655154466629028,-0.021677138439464318,10.535875356599968,0.2617993877991417,0.2268928027592561,-1.534173428639593,190,190,190,180,190,180,200
8.665351152420044,-0.021972768029926287,10.527260539535181,0.2617993877991417,0.20943951023931331,-1.540944910836916,190,190,190,180,190,180,200
8.67556118965149,-0.021972768029926287,10.527260539535181,0.2617993877991417,0.20943951023931331,-1.540944910836916,190,190,190,180,180,180,190
8.68578052520752,-0.021972768029926287,10.527260539535181,0.2617993877991417,0.19198621771937055,-1.540944910836916,190,190,190,180,180,180,190
8.69983959197998,-0.022206465052844484,10.518690832569849,0.2617993877991417,0.06981317007977111,-1.5478546197956211,190,190,190,180,180,180,190
8.710050821304321,-0.022206465052844484,10.518690832569849,0.2617993877991417,0.06981317007977111,-1.5478546197956211,190,190,190,180,180,180,190
8.720414161682129,-0.022206465052844484,10.518690832569849,0.2617993877991417,0.06981317007977111,-1.5478546197956211,200,190,190,190,200,210,200
8.730668544769287,-0.02237105582705151,10.509912244734693,0.2617993877991417,0.05235987755982833,-1.554640516542494,200,190,190,190,200,210,200
8.740909337997437,-0.02237105582705151,10.509912244734693,0.2617993877991417,0.05235987755982833,-1.554640516542494,200,190,190,190,200,210,200
8.751117467880249,-0.02237105582705151,10.509912244734693,0.2617993877991417,0.0,-1.554640516542494,200,190,190,190,200,210,200
8.761671304702759,-0.022486395885385313,10.501473521316285,0.2617993877991417,0.0,-1.5579447218879297,180,180,180,180,190,190,190
8.78102707862854,-0.022486395885385313,10.501473521316285,0.2617993877991417,0.0,-1.5579447218879297,180,180,180,180,190,190,190
8.791242122650146,-0.022486395885385313,10.501473521316285,0.2617993877991417,0.0,-1.5579447218879297,180,180,180,180,190,190,190
8.801467657089233,-0.022594893044261877,10.492929539144718,0.2617993877991417,0.0,-1.5580844801893312,200,190,180,190,190,190,190
8.81169581413269,-0.022594893044261877,10.492929539144718,0.2617993877991417,0.0,-1.5580844801893312,200,190,180,190,190,190,190
8.823469638824463,-0.022594893044261877,10.492929539144718,0.2617993877991417,0.0,-1.5580844801893312,200,190,180,190,190,190,190
8.833653926849365,-0.022706146363870187,10.484048450691864,0.2617993877991417,0.0,-1.558125134686899,200,190,180,190,190,190,190
8.84388542175293,-0.022706146363870187,10.484048450691864,0.2617993877991417,0.0,-1.558125134686899,210,190,180,190,190,190,190
8.854074716567993,-0.022706146363870187,10.484048450691864,0.2617993877991417,0.0,-1.558125134686899,210,190,180,190,190,190,190
8.866500616073608,-0.02281437284563214,10.475418600647295,0.2617993877991417,0.0,-1.558159824657337,210,190,180,190,190,190,190
8.876684188842773,-0.02281437284563214,10.475418600647295,0.2617993877991417,0.0,-1.558159824657337,210,190,180,190,190,190,190
8.886882781982422,-0.02281437284563214,10.475418600647295,0.2617993877991417,0.0,-1.558159824657337,210,190,180,190,190,190,190
8.897106885910034,-0.022922506684249576,10.466778921470304,0.2617993877991417,0.05235987755982833,-1.5581926672540072,200,190,190,190,190,190,190
8.918718576431274,-0.022922506684249576,10.466778921470304,0.2617993877991417,0.157079632679485,-1.5581926672540072,200,190,190,190,190,190,190
8.928934097290039,-0.023028126657990648,10.457876493423235,0.2617993877991417,0.17453292519942779,-1.5598801489729965,200,190,190,190,190,190,190
8.939164876937866,-0.023028126657990648,10.457876493423235,0.2617993877991417,0.20943951023931331,-1.5598801489729965,190,190,190,190,190,190,190
8.94957685470581,-0.023028126657990648,10.457876493423235,0.2617993877991417,0.20943951023931331,-1.5598801489729965,190,190,190,190,190,190,190
8.962491273880005,-0.023028126657990648,10.457876493423235,0.2617993877991417,0.20943951023931331,-1.5598801489729965,190,190,190,190,190,190,190
8.972670078277588,-0.023117402083594783,10.449438832950877,0.2617993877991417,0.24434609527919887,-1.5603337401777027,190,190,190,190,190,190,190
8.982874631881714,-0.023117402083594783,10.449438832950877,0.2617993877991417,0.2617993877991417,-1.5603337401777027,210,190,190,190,190,190,190
8.993093967437744,-0.023117402083594783,10.449438832950877,0.2617993877991417,0.2617993877991417,-1.5603337401777027,210,190,190,190,190,190,190
9.00348973274231,-0.023117402083594783,10.449438832950877,0.2617993877991417,0.2617993877991417,-1.5603337401777027,210,190,190,190,190,190,190
9.013734340667725,-0.023117402083594783,10.449438832950877,0.2617993877991417,0.2617993877991417,-1.5603337401777027,210,190,190,190,190,190,190
9.02401065826416,-0.023193798596998157,10.441118624606794,0.2617993877991417,0.24434609527919887,-1.5642589302737522,210,190,190,190,190,190,190
9.034300565719604,-0.023221380206991327,10.43243240516435,0.2617993877991417,0.2268928027592561,-1.5717998710965375,200,190,190,190,190,190,190
9.044537544250488,-0.023221380206991327,10.43243240516435,0.2617993877991417,0.2268928027592561,-1.5717998710965375,200,190,190,190,190,190,190
9.05640697479248,-0.023221380206991327,10.43243240516435,0.2617993877991417,0.12217304763959944,-1.5717998710965375,200,190,190,190,190,190,190
9.066612482070923,-0.023181236384247232,10.423899826562163,0.2617993877991417,0.10471975511965666,-1.5792259815807146,200,190,190,190,190,190,190
9.076797723770142,-0.023181236384247232,10.423899826562163,0.2617993877991417,0.10471975511965666,-1.5792259815807146,210,200,190,190,190,210,190
9.086997032165527,-0.023181236384247232,10.423899826562163,0.2617993877991417,0.06981317007977111,-1.5792259815807146,210,200,190,190,190,210,190
9.101756572723389,-0.023181236384247232,10.423899826562163,0.2617993877991417,0.05235987755982833,-1.5792259815807146,210,200,190,190,190,210,190
9.112109661102295,-0.023083317060916656,10.415374799743198,0.2617993877991417,0.0,-1.5844188325469153,210,200,190,190,190,210,190
9.12229609489441,-0.023083317060916656,10.415374799743198,0.2617993877991417,0.0,-1.5844188325469153,180,180,180,180,180,190,180
9.13321590423584,-0.022943076548177864,10.406614355742139,0.2617993877991417,0.0,-1.587251309156468,180,180,180,180,180,190,180
9.149718761444092,-0.022943076548177864,10.406614355742139,0.2617993877991417,0.0,-1.587251309156468,180,180,180,180,180,190,180
9.160015344619751,-0.022943076548177864,10.406614355742139,0.2617993877991417,0.0,-1.587251309156468,180,180,180,180,180,190,180
9.170232772827148,-0.022795133962441882,10.398159033007438,0.2617993877991417,0.0,-1.5885483890936247,180,180,180,180,180,190,180
9.180473804473877,-0.022795133962441882,10.398159033007438,0.2617993877991417,0.0,-1.5885483890936247,180,190,180,180,180,190,180
9.190671920776367,-0.022795133962441882,10.398159033007438,0.2617993877991417,0.0,-1.5885483890936247,180,190,180,180,180,190,180
9.201580286026001,-0.022795133962441882,10.398159033007438,0.2617993877991417,0.0,-1.5885483890936247,180,190,180,180,180,190,180
9.21180272102356,-0.022640200813208146,10.389588553085678,0.2617993877991417,0.0,-1.588887815497874,180,190,180,180,180,190,180
9.22201943397522,-0.022640200813208146,10.389588553085678,0.2617993877991417,0.0,-1.588887815497874,190,190,190,190,180,190,180
9.232640504837036,-0.022477691246568562,10.380712980636535,0.2617993877991417,0.0,-1.5890077161314682,190,190,190,190,180,190,180
9.248968362808228,-0.022477691246568562,10.380712980636535,0.2617993877991417,0.0,-1.5890077161314682,190,190,190,190,180,190,180
9.259188175201416,-0.022477691246568562,10.380712980636535,0.2617993877991417,0.0,-1.5890077161314682,190,190,190,190,180,190,180
9.269400596618652,-0.02231924118000871,10.372087705952808,0.2617993877991417,0.0,-1.5891111502400728,190,180,180,190,180,190,180
9.279664993286133,-0.02231924118000871,10.372087705952808,0.2617993877991417,0.0,-1.5891111502400728,190,180,180,190,180,190,180
9.290004014968872,-0.02231924118000871,10.372087705952808,0.2617993877991417,0.0,-1.5891111502400728,190,180,180,190,180,190,180
9.300334453582764,-0.02215976308567871,10.363449698376037,0.2617993877991417,0.0,-1.5891935827911685,190,180,180,190,180,190,180
9.310548543930054,-0.02215976308567871,10.363449698376037,0.2617993877991417,0.0,-1.5891935827911685,190,180,180,190,180,190,180
9.320744276046753,-0.02215976308567871,10.363449698376037,0.2617993877991417,0.0,-1.5891935827911685,190,180,180,180,180,180,180
9.330995082855225,-0.021994843912733684,10.35453905422218,0.2617993877991417,0.0,-1.5892670262115078,190,180,180,180,180,180,180
9.34123945236206,-0.021994843912733684,10.35453905422218,0.2617993877991417,0.0,-1.5892670262115078,190,180,180,180,180,180,180
9.351579189300537,-0.021994843912733684,10.35453905422218,0.2617993877991417,0.0,-1.5892670262115078,190,180,180,180,180,180,180
9.361834287643433,-0.021834311629390597,10.345880901148142,0.2617993877991417,0.0,-1.5893279540032939,190,180,180,180,180,180,180
9.372079133987427,-0.021834311629390597,10.345880901148142,0.2617993877991417,0.0,-1.5893279540032939,190,190,180,190,190,180,180
9.382340908050537,-0.021834311629390597,10.345880901148142,0.2617993877991417,0.0,-1.5893279540032939,190,190,180,190,190,180,180
9.392646312713623,-0.021834311629390597,10.345880901148142,0.2617993877991417,0.0,-1.5893279540032939,190,190,180,190,190,180,180
9.402981281280518,-0.02167368806411919,10.337216532331574,0.2617993877991417,0.0,-1.5893556831075542,190,190,180,190,190,180,180
9.413179397583008,-0.02167368806411919,10.337216532331574,0.2617993877991417,0.0,-1.5893556831075542,190,190,180,190,190,180,180
9.423442602157593,-0.02167368806411919,10.337216532331574,0.2617993877991417,0.0,-1.5893556831075542,190,190,180,180,180,180,180
9.433922052383423,-0.02150834991412877,10.32828891694643,0.2617993877991417,0.0,-1.5893052064605655,190,190,180,180,180,180,180
9.45069670677185,-0.02150834991412877,10.32828891694643,0.2617993877991417,0.0,-1.5893052064605655,190,190,180,180,180,180,180
9.460946083068848,-0.02150834991412877,10.32828891694643,0.2617993877991417,0.0,-1.5893052064605655,190,190,180,180,180,180,180
9.471184015274048,-0.021346806458353483,10.319628769060879,0.2617993877991417,0.0,-1.5892016823685484,190,190,190,180,180,180,180
9.481430292129517,-0.021346806458353483,10.319628769060879,0.2617993877991417,0.0,-1.5892016823685484,190,190,190,180,180,180,180
9.501275539398193,-0.021188572369767393,10.31099769172905,0.2617993877991417,0.0,-1.5890189598696638,190,190,190,180,180,180,180
9.5115385055542,-0.021188572369767393,10.31099769172905,0.2617993877991417,0.0,-1.5890189598696638,190,190,190,180,180,180,180
9.521934986114502,-0.021188572369767393,10.31099769172905,0.2617993877991417,0.0,-1.5890189598696638,190,190,190,180,180,180,180
9.532252788543701,-0.0210224581126396,10.302134624643722,0.2617993877991417,0.0,-1.589052433875593,190,190,190,190,180,190,180
9.54250717163086,-0.0210224581126396,10.302134624643722,0.2617993877991417,0.0,-1.589052433875593,190,190,190,190,180,190,180
9.557908535003662,-0.0210224581126396,10.302134624643722,0.2617993877991417,0.0,-1.589052433875593,190,190,190,190,180,190,180
9.568142414093018,-0.020863353686504146,10.293546449696782,0.2617993877991417,0.0,-1.5892136979823506,190,190,190,190,180,190,180
9.578369855880737,-0.020863353686504146,10.293546449696782,0.2617993877991417,0.0,-1.5892136979823506,190,190,190,190,180,190,180
9.588597059249878,-0.020863353686504146,10.293546449696782,0.2617993877991417,0.0,-1.5892136979823506,190,190,190,190,180,180,180
9.604254484176636,-0.02070262672483725,10.284935535316723,0.2617993877991417,0.0,-1.589303470685847,190,190,190,190,180,180,180
9.614521026611328,-0.02070262672483725,10.284935535316723,0.2617993877991417,0.0,-1.589303470685847,190,190,190,190,180,180,180
9.624749660491943,-0.02070262672483725,10.284935535316723,0.2617993877991417,0.0,-1.589303470685847,190,190,190,190,180,180,180
9.63496994972229,-0.020536950826103236,10.276057196623743,0.2617993877991417,0.0,-1.5894095821712217,190,190,190,190,190,190,180
9.65111255645752,-0.020536950826103236,10.276057196623743,0.2617993877991417,0.0,-1.5894095821712217,190,190,190,190,190,190,180
9.661330938339233,-0.020374960672346197,10.267428849780917,0.2617993877991417,0.0,-1.5895004583669614,190,190,190,190,190,190,180
9.671540021896362,-0.020374960672346197,10.267428849780917,0.2617993877991417,0.0,-1.5895004583669614,190,190,190,190,190,180,180
9.682376861572266,-0.020374960672346197,10.267428849780917,0.2617993877991417,0.0,-1.5895004583669614,190,190,190,190,190,180,180
9.698211431503296,-0.020212249291582704,10.258788951624755,0.2617993877991417,0.0,-1.589576486312365,190,190,190,190,190,180,180
9.708461046218872,-0.020212249291582704,10.258788951624755,0.2617993877991417,0.0,-1.589576486312365,190,190,190,190,190,180,180
9.718684911727905,-0.020212249291582704,10.258788951624755,0.2617993877991417,0.0,-1.589576486312365,190,190,190,190,190,180,180
9.729198932647705,-0.02004398814897431,10.249876437017935,0.2617993877991417,0.0,-1.5896528039718671,190,190,190,190,190,180,180
9.739418745040894,-0.02004398814897431,10.249876437017935,0.2617993877991417,0.0,-1.5896528039718671,190,190,190,190,190,180,180
9.749939680099487,-0.02004398814897431,10.249876437017935,0.2617993877991417,0.0,-1.5896528039718671,190,190,190,190,190,180,180
9.760153770446777,-0.02004398814897431,10.249876437017935,0.2617993877991417,0.0,-1.5896528039718671,190,190,190,190,190,180,180
9.770351648330688,-0.019880147607464246,10.24121632059681,0.2617993877991417,0.0,-1.5897186111561514,190,190,190,190,190,190,180
9.780550479888916,-0.019880147607464246,10.24121632059681,0.2617993877991417,0.0,-1.5897186111561514,190,190,190,190,190,190,180
9.790797710418701,-0.019880147607464246,10.24121632059681,0.2617993877991417,0.0,-1.5897186111561514,190,190,190,190,190,190,180
9.8026442527771,-0.019716282995767893,10.232551690997052,0.2617993877991417,0.0,-1.589751537836908,190,190,190,190,190,190,180
9.812931776046753,-0.019716282995767893,10.232551690997052,0.2617993877991417,0.0,-1.589751537836908,190,190,190,190,190,190,180
9.823160171508789,-0.019716282995767893,10.232551690997052,0.2617993877991417,0.0,-1.589751537836908,190,190,190,190,190,190,180
9.834110975265503,-0.01954814091089501,10.223624201033964,0.2617993877991417,0.0,-1.5897019188114725,190,190,190,190,190,190,180
9.851329326629639,-0.01954814091089501,10.223624201033964,0.2617993877991417,0.0,-1.5897019188114725,190,190,190,190,190,190,180
9.861574649810791,-0.01938330329573286,10.21496636816423,0.2617993877991417,0.0,-1.5895857013750847,190,190,190,190,190,190,180
9.871793746948242,-0.01938330329573286,10.21496636816423,0.2617993877991417,0.0,-1.5895857013750847,190,180,190,180,190,190,180
9.881977319717407,-0.01938330329573286,10.21496636816423,0.2617993877991417,0.0,-1.5895857013750847,190,180,190,180,190,190,180
9.901294708251953,-0.01938330329573286,10.21496636816423,0.2617993877991417,0.0,-1.5895857013750847,190,180,190,180,190,190,180
9.911665678024292,-0.019222096847517772,10.2063377403237,0.2617993877991417,0.0,-1.5894124609523894,190,180,190,180,190,190,180
9.921885251998901,-0.019222096847517772,10.2063377403237,0.2617993877991417,0.0,-1.5894124609523894,190,180,190,190,190,190,180
9.932098388671875,-0.019052721056321484,10.197481057366005,0.2617993877991417,0.0,-1.5894924728129054,190,180,190,190,190,190,180
9.942332983016968,-0.019052721056321484,10.197481057366005,0.2617993877991417,0.0,-1.5894924728129054,190,180,190,190,190,190,180
9.952601671218872,-0.019052721056321484,10.197481057366005,0.2617993877991417,0.0,-1.5894924728129054,190,180,190,190,190,190,180
9.962804794311523,-0.018889197288602305,10.188887195403712,0.2617993877991417,0.0,-1.5896228344334746,190,180,190,190,190,190,180
9.97299313545227,-0.018889197288602305,10.188887195403712,0.2617993877991417,0.0,-1.5896228344334746,190,180,190,190,190,190,180
9.98321008682251,-0.018889197288602305,10.188887195403712,0.2617993877991417,0.0,-1.5896228344334746,190,180,190,190,190,190,180
9.9982328414917,-0.018889197288602305,10.188887195403712,0.2617993877991417,0.0,-1.5896228344334746,190,180,190,190,190,190,180
10.008553743362427,-0.0187254326649118,10.180277032874336,0.2617993877991417,0.0,-1.5897227361141726,190,180,190,190,190,190,180
10.018786907196045,-0.0187254326649118,10.180277032874336,0.2617993877991417,0.0,-1.5897227361141726,190,180,190,190,190,190,180
10.029021501541138,-0.01855603004145376,10.171397515247671,0.2617993877991417,0.0,-1.5898276570245549,190,180,190,190,190,180,180
10.039213418960571,-0.01855603004145376,10.171397515247671,0.2617993877991417,0.0,-1.5898276570245549,190,180,190,190,190,180,180
10.050326108932495,-0.01855603004145376,10.171397515247671,0.2617993877991417,0.0,-1.5898276570245549,190,180,190,190,190,180,180
10.060552597045898,-0.01855603004145376,10.171397515247671,0.2617993877991417,0.0,-1.5898276570245549,190,180,190,190,190,180,180
10.070763111114502,-0.018390418080759037,10.16276773606161,0.2617993877991417,0.0,-1.5899160290867285,190,180,190,190,190,180,180
10.081124305725098,-0.018390418080759037,10.16276773606161,0.2617993877991417,0.0,-1.5899160290867285,190,180,190,190,190,180,180
10.091410636901855,-0.018390418080759037,10.16276773606161,0.2617993877991417,0.0,-1.5899160290867285,190,180,190,190,190,180,180
10.10163927078247,-0.01822412164038037,10.154126682642767,0.2617993877991417,0.0,-1.5899913454012993,190,180,190,190,190,180,180
10.11185097694397,-0.01822412164038037,10.154126682642767,0.2617993877991417,0.0,-1.5899913454012993,190,180,190,190,190,180,180
10.122062921524048,-0.01822412164038037,10.154126682642767,0.2617993877991417,0.0,-1.5899913454012993,190,180,190,180,190,180,180
10.13225769996643,-0.01805217191552832,10.145212920900649,0.2617993877991417,0.0,-1.590067369349665,190,180,190,180,190,180,180
10.14254641532898,-0.01805217191552832,10.145212920900649,0.2617993877991417,0.0,-1.590067369349665,190,180,190,180,190,180,180
10.152782440185547,-0.01805217191552832,10.145212920900649,0.2617993877991417,0.0,-1.590067369349665,190,180,190,180,190,180,180
10.163002490997314,-0.01788475715765467,10.136551930454289,0.2617993877991417,0.0,-1.5901322167549654,190,180,190,180,190,180,180
10.173198699951172,-0.01788475715765467,10.136551930454289,0.2617993877991417,0.0,-1.5901322167549654,190,190,190,190,190,180,180
10.18344259262085,-0.01788475715765467,10.136551930454289,0.2617993877991417,0.0,-1.5901322167549654,190,190,190,190,190,180,180
10.198364496231079,-0.01788475715765467,10.136551930454289,0.2617993877991417,0.0,-1.5901322167549654,190,190,190,190,190,180,180
10.208708763122559,-0.017717546617820854,10.127887243635183,0.2617993877991417,0.0,-1.5901563456405572,190,190,190,190,190,180,180
10.218885660171509,-0.017717546617820854,10.127887243635183,0.2617993877991417,0.0,-1.5901563456405572,190,190,190,190,190,180,180
10.2290620803833,-0.017545004770333012,10.118959791969164,0.2617993877991417,0.0,-1.5900984703101544,190,190,190,190,190,180,180
10.239232540130615,-0.017545004770333012,10.118959791969164,0.2617993877991417,0.0,-1.5900984703101544,190,190,190,190,190,180,180
10.253060817718506,-0.017545004770333012,10.118959791969164,0.2617993877991417,0.0,-1.5900984703101544,190,190,190,190,190,180,180
10.263244390487671,-0.017377146417730676,10.110305351688098,0.2617993877991417,0.0,-1.5899658414835374,190,190,190,190,190,180,180
10.27341604232788,-0.017377146417730676,10.110305351688098,0.2617993877991417,0.0,-1.5899658414835374,190,190,190,180,190,180,180
10.283620834350586,-0.017377146417730676,10.110305351688098,0.2617993877991417,0.0,-1.5899658414835374,190,190,190,180,190,180,180
10.29939579963684,-0.01721263788174939,10.101679110668844,0.2617993877991417,0.0,-1.5898065209845795,190,190,190,180,190,180,180
10.309589862823486,-0.01721263788174939,10.101679110668844,0.2617993877991417,0.0,-1.5898065209845795,190,190,190,180,190,180,180
10.319765329360962,-0.01721263788174939,10.101679110668844,0.2617993877991417,0.0,-1.5898065209845795,190,190,180,180,190,180,180
10.329959392547607,-0.01721263788174939,10.101679110668844,0.2617993877991417,0.0,-1.5898065209845795,190,190,180,180,190,180,180
10.340203046798706,-0.017040003715124707,10.0928286857782,0.2617993877991417,0.0,-1.5899332811399784,190,190,180,180,190,180,180
10.35039234161377,-0.017040003715124707,10.0928286857782,0.2617993877991417,0.0,-1.5899332811399784,190,190,180,180,190,180,180
10.36056923866272,-0.017040003715124707,10.0928286857782,0.2617993877991417,0.0,-1.5899332811399784,190,190,180,180,190,180,180
10.370743036270142,-0.016872138264206887,10.084228842879323,0.2617993877991417,0.0,-1.5900336735312004,190,180,190,190,190,180,180
10.380990505218506,-0.016872138264206887,10.084228842879323,0.2617993877991417,0.0,-1.5900336735312004,190,180,190,190,190,180,180
10.391268253326416,-0.016872138264206887,10.084228842879323,0.2617993877991417,0.0,-1.5900336735312004,190,180,190,190,190,180,180
10.401638269424438,-0.01670533603637955,10.075618855303773,0.2617993877991417,0.0,-1.59013985197085,190,180,190,190,190,180,180
10.411869049072266,-0.01670533603637955,10.075618855303773,0.2617993877991417,0.0,-1.59013985197085,190,180,190,190,190,180,180
10.422072410583496,-0.01670533603637955,10.075618855303773,0.2617993877991417,0.0,-1.59013985197085,190,180,190,190,190,180,180
10.432288885116577,-0.01653222009614487,10.06673816815126,0.2617993877991417,0.0,-1.5902441331862283,190,180,190,180,190,180,180
10.442546844482422,-0.01653222009614487,10.06673816815126,0.2617993877991417,0.0,-1.5902441331862283,190,180,190,180,190,180,180
10.452883958816528,-0.01653222009614487,10.06673816815126,0.2617993877991417,0.0,-1.5902441331862283,190,180,190,180,190,180,180
10.463088750839233,-0.016363006286134126,10.058106993274862,0.2617993877991417,0.0,-1.5903306550179068,190,180,190,180,190,180,180
10.473307847976685,-0.016363006286134126,10.058106993274862,0.2617993877991417,0.0,-1.5903306550179068,190,180,180,180,190,180,180
10.483580827713013,-0.016363006286134126,10.058106993274862,0.2617993877991417,0.0,-1.5903306550179068,190,180,180,180,190,180,180
10.500322103500366,-0.016363006286134126,10.058106993274862,0.2617993877991417,0.0,-1.5903306550179068,190,180,180,180,190,180,180
10.51057505607605,-0.016193124666695043,10.049464803867494,0.2617993877991417,0.0,-1.5904059882180852,190,180,180,180,190,180,180
10.520783424377441,-0.016193124666695043,10.049464803867494,0.2617993877991417,0.0,-1.5904059882180852,190,180,190,180,190,180,180
10.531138181686401,-0.016017487518830496,10.040549849096129,0.2617993877991417,0.0,-1.5904817584735145,190,180,190,180,190,180,180
10.549046039581299,-0.016017487518830496,10.040549849096129,0.2617993877991417,0.0,-1.5904817584735145,190,180,190,180,190,180,180
10.55929684638977,-0.016017487518830496,10.040549849096129,0.2617993877991417,0.0,-1.5904817584735145,190,180,190,180,190,180,180
10.569503784179688,-0.015846507776978096,10.031888121239563,0.2617993877991417,0.0,-1.5905450355763318,190,180,190,180,190,180,180
10.580177545547485,-0.015846507776978096,10.031888121239563,0.2617993877991417,0.0,-1.5905450355763318,190,180,180,180,190,180,180
10.590452432632446,-0.015846507776978096,10.031888121239563,0.2617993877991417,0.0,-1.5905450355763318,190,180,180,180,190,180,180
10.602072477340698,-0.015675977598573282,10.023223453953541,0.2617993877991417,0.0,-1.5905598914940078,190,180,180,180,190,180,180
10.61227536201477,-0.015675977598573282,10.023223453953541,0.2617993877991417,0.0,-1.5905598914940078,190,180,180,180,190,180,180
10.62247371673584,-0.015675977598573282,10.023223453953541,0.2617993877991417,0.0,-1.5905598914940078,190,180,180,180,190,180,180
10.632946968078613,-0.01549890886490537,10.01429611951393,0.2617993877991417,0.0,-1.5904938506353101,190,180,180,180,190,180,180
10.650299072265625,-0.01549890886490537,10.01429611951393,0.2617993877991417,0.0,-1.5904938506353101,190,180,180,180,190,180,180
10.660565614700317,-0.01549890886490537,10.01429611951393,0.2617993877991417,0.0,-1.5904938506353101,190,180,180,180,190,180,180
10.670762538909912,-0.01532826538783967,10.005645742374663,0.2617993877991417,0.0,-1.5903433594784202,190,180,180,180,190,180,180
10.680976152420044,-0.01532826538783967,10.005645742374663,0.2617993877991417,0.0,-1.5903433594784202,190,180,180,180,190,180,180
10.691200971603394,-0.01532826538783967,10.005645742374663,0.2617993877991417,0.0,-1.5903433594784202,190,180,180,180,190,180,180
10.701457977294922,-0.015159928312871643,9.997021740202438,0.2617993877991417,0.0,-1.5902029830685471,190,180,180,180,190,180,180
10.711636543273926,-0.015159928312871643,9.997021740202438,0.2617993877991417,0.0,-1.5902029830685471,190,180,180,180,190,180,180
10.72181749343872,-0.015159928312871643,9.997021740202438,0.2617993877991417,0.0,-1.5902029830685471,190,180,180,180,190,180,180
10.73209547996521,-0.01498435771938652,9.988176818550905,0.2617993877991417,0.0,-1.5903709393367524,190,180,180,180,190,180,180
10.742342948913574,-0.01498435771938652,9.988176818550905,0.2617993877991417,0.0,-1.5903709393367524,190,180,180,180,190,180,180
10.753117799758911,-0.01498435771938652,9.988176818550905,0.2617993877991417,0.0,-1.5903709393367524,190,180,180,180,190,180,180
10.763287544250488,-0.014812585235867107,9.97957223508994,0.2617993877991417,0.0,-1.5904501703369132,190,180,180,180,190,180,180
10.77348279953003,-0.014812585235867107,9.97957223508994,0.2617993877991417,0.0,-1.5904501703369132,190,180,180,180,190,180,180
10.783678531646729,-0.014812585235867107,9.97957223508994,0.2617993877991417,0.0,-1.5904501703369132,190,180,180,180,190,180,180
10.798491477966309,-0.014812585235867107,9.97957223508994,0.2617993877991417,0.0,-1.5904501703369132,190,180,180,180,190,180,180
10.80869197845459,-0.014642381141214042,9.970961544217527,0.2617993877991417,0.0,-1.5905570749886684,190,180,180,180,190,180,180
10.81886911392212,-0.014642381141214042,9.970961544217527,0.2617993877991417,0.0,-1.5905570749886684,190,180,180,180,180,180,180
10.829049110412598,-0.014465537381855065,9.962079656217357,0.2617993877991417,0.0,-1.5906600964832192,190,180,180,180,180,180,180
10.83922529220581,-0.014465537381855065,9.962079656217357,0.2617993877991417,0.0,-1.5906600964832192,190,180,180,180,180,180,180
10.84940242767334,-0.014465537381855065,9.962079656217357,0.2617993877991417,0.0,-1.5906600964832192,190,180,180,180,180,180,180
10.860080480575562,-0.014465537381855065,9.962079656217357,0.2617993877991417,0.0,-1.5906600964832192,190,180,180,180,180,180,180
10.870276927947998,-0.014292725691994315,9.953447072378442,0.2617993877991417,0.0,-1.590744249048396,190,180,180,180,180,180,180
10.880492448806763,-0.014292725691994315,9.953447072378442,0.2617993877991417,0.0,-1.590744249048396,180,180,180,170,180,180,180
10.89069390296936,-0.014292725691994315,9.953447072378442,0.2617993877991417,0.0,-1.590744249048396,180,180,180,170,180,180,180
10.905059576034546,-0.014119271434164617,9.944803747151767,0.2617993877991417,0.0,-1.5908194147937798,180,180,180,170,180,180,180
10.915296077728271,-0.014119271434164617,9.944803747151767,0.2617993877991417,0.0,-1.5908194147937798,180,180,180,170,180,180,180
10.92549180984497,-0.014119271434164617,9.944803747151767,0.2617993877991417,0.0,-1.5908194147937798,180,180,170,170,180,180,170
10.935698986053467,-0.01393995803030589,9.935887618807765,0.2617993877991417,0.0,-1.5908943799717559,180,180,170,170,180,180,170
10.951728582382202,-0.01393995803030589,9.935887618807765,0.2617993877991417,0.0,-1.5908943799717559,180,180,170,170,180,180,170
10.961921691894531,-0.013765437846017439,9.927225252786403,0.2617993877991417,0.0,-1.590955117929198,180,180,170,170,180,180,170
10.972107410430908,-0.013765437846017439,9.927225252786403,0.2617993877991417,0.0,-1.590955117929198,180,180,170,170,180,180,170
10.982331275939941,-0.013765437846017439,9.927225252786403,0.2617993877991417,0.0,-1.590955117929198,180,180,170,170,180,170,170
11.002312660217285,-0.013765437846017439,9.927225252786403,0.2617993877991417,0.0,-1.590955117929198,180,180,170,170,180,170,170
11.01326322555542,-0.01359162698688586,9.918560607825487,0.2617993877991417,0.0,-1.5909601284265917,180,180,170,170,180,170,170
11.023472785949707,-0.01359162698688586,9.918560607825487,0.2617993877991417,0.0,-1.5909601284265917,180,180,180,170,180,180,170
11.03365969657898,-0.01341037574504779,9.90963346499092,0.2617993877991417,0.0,-1.5908862222749733,180,180,180,170,180,180,170
11.043858528137207,-0.01341037574504779,9.90963346499092,0.2617993877991417,0.0,-1.5908862222749733,180,180,180,170,180,180,170
11.054956436157227,-0.01341037574504779,9.90963346499092,0.2617993877991417,0.0,-1.5908862222749733,180,180,180,170,180,180,170
11.065142631530762,-0.013236875361909553,9.900987362771641,0.2617993877991417,0.0,-1.5907191404261205,180,180,180,170,180,180,170
11.075357675552368,-0.013236875361909553,9.900987362771641,0.2617993877991417,0.0,-1.5907191404261205,180,180,170,170,180,170,170
11.085610151290894,-0.013236875361909553,9.900987362771641,0.2617993877991417,0.0,-1.5907191404261205,180,180,170,170,180,170,170
11.103397130966187,-0.013236875361909553,9.900987362771641,0.2617993877991417,0.0,-1.5907191404261205,180,180,170,170,180,170,170
11.113605737686157,-0.013064146095926703,9.892365732492063,0.2617993877991417,0.0,-1.590601556065997,180,180,170,170,180,170,170
11.123822689056396,-0.013064146095926703,9.892365732492063,0.2617993877991417,0.0,-1.590601556065997,180,180,170,170,180,170,170
11.13402533531189,-0.012885891085621586,9.883524948554482,0.2617993877991417,0.0,-1.5908015428658107,180,180,170,170,180,170,170
11.14429759979248,-0.012885891085621586,9.883524948554482,0.2617993877991417,0.0,-1.5908015428658107,180,180,170,170,180,170,170
11.154669761657715,-0.012885891085621586,9.883524948554482,0.2617993877991417,0.0,-1.5908015428658107,180,180,170,170,180,170,170
11.1649010181427,-0.012710551718876546,9.87491801607534,0.2617993877991417,0.0,-1.5908757928990018,180,180,170,170,180,170,170
11.175094604492188,-0.012710551718876546,9.87491801607534,0.2617993877991417,0.0,-1.5908757928990018,180,170,170,170,180,170,170
11.185290575027466,-0.012710551718876546,9.87491801607534,0.2617993877991417,0.0,-1.5908757928990018,180,170,170,170,180,170,170
11.195491313934326,-0.012536627401549887,9.866306156202453,0.2617993877991417,0.0,-1.5909814384323766,180,170,170,170,180,170,170
11.20870590209961,-0.012536627401549887,9.866306156202453,0.2617993877991417,0.0,-1.5909814384323766,180,170,170,170,180,170,170
11.218907594680786,-0.012536627401549887,9.866306156202453,0.2617993877991417,0.0,-1.5909814384323766,180,170,170,170,180,170,170
11.229092597961426,-0.012355981988632275,9.857423038289788,0.2617993877991417,0.0,-1.59108342503997,180,180,180,170,180,180,170
11.23929238319397,-0.012355981988632275,9.857423038289788,0.2617993877991417,0.0,-1.59108342503997,180,180,180,170,180,180,170
11.25670337677002,-0.012355981988632275,9.857423038289788,0.2617993877991417,0.0,-1.59108342503997,180,180,180,170,180,180,170
11.266892194747925,-0.01217950484627615,9.848789068501192,0.2617993877991417,0.0,-1.59116581425162,180,180,180,170,180,180,170
11.277095079421997,-0.01217950484627615,9.848789068501192,0.2617993877991417,0.0,-1.59116581425162,180,180,180,170,180,180,170
11.287350177764893,-0.01217950484627615,9.848789068501192,0.2617993877991417,0.0,-1.59116581425162,180,180,180,170,180,180,170
11.306989908218384,-0.012002413940612404,9.840144586908586,0.2617993877991417,0.0,-1.591241216583601,180,180,180,170,180,180,170
11.317215204238892,-0.012002413940612404,9.840144586908586,0.2617993877991417,0.0,-1.591241216583601,180,180,180,170,180,180,170
11.327457666397095,-0.012002413940612404,9.840144586908586,0.2617993877991417,0.0,-1.591241216583601,180,170,170,170,180,180,170
11.33766508102417,-0.011819350463154483,9.831227314094367,0.2617993877991417,0.0,-1.5913155662279381,180,170,170,170,180,180,170
11.353176832199097,-0.011819350463154483,9.831227314094367,0.2617993877991417,0.0,-1.5913155662279381,180,170,170,170,180,180,170
11.363394975662231,-0.01164121840819902,9.822564440771535,0.2617993877991417,0.0,-1.5913733437468334,180,170,170,170,180,180,170
11.373592138290405,-0.01164121840819902,9.822564440771535,0.2617993877991417,0.0,-1.5913733437468334,180,170,170,170,180,180,170
11.383789300918579,-0.01164121840819902,9.822564440771535,0.2617993877991417,0.0,-1.5913733437468334,180,170,170,170,180,180,170
11.39398741722107,-0.01164121840819902,9.822564440771535,0.2617993877991417,0.0,-1.5913733437468334,180,170,170,170,180,180,170
11.405720710754395,-0.011464068305420018,9.81389986414138,0.2617993877991417,0.0,-1.5913684124302607,180,170,170,170,180,180,170
11.415922164916992,-0.011464068305420018,9.81389986414138,0.2617993877991417,0.0,-1.5913684124302607,180,170,170,170,180,180,170
11.426120042800903,-0.011464068305420018,9.81389986414138,0.2617993877991417,0.0,-1.5913684124302607,180,170,170,170,180,180,170
11.436829566955566,-0.01127908124090995,9.804973193363075,0.2617993877991417,0.0,-1.5912877523963833,180,180,170,170,180,180,170
11.453433513641357,-0.01127908124090995,9.804973193363075,0.2617993877991417,0.0,-1.5912877523963833,180,180,170,170,180,180,170
11.463636875152588,-0.011102311145029974,9.796331281039677,0.2617993877991417,0.0,-1.5911075976691493,180,180,170,170,180,180,170
11.473893165588379,-0.011102311145029974,9.796331281039677,0.2617993877991417,0.0,-1.5911075976691493,180,180,180,170,180,190,180
11.484092235565186,-0.011102311145029974,9.796331281039677,0.2617993877991417,0.0,-1.5911075976691493,180,180,180,170,180,190,180
11.494298219680786,-0.011102311145029974,9.796331281039677,0.2617993877991417,0.0,-1.5911075976691493,180,180,180,170,180,190,180
11.504538536071777,-0.011102311145029974,9.796331281039677,0.2617993877991417,0.0,-1.5911075976691493,180,180,180,170,180,190,180
11.514725685119629,-0.011102311145029974,9.796331281039677,0.2617993877991417,0.0,-1.5911075976691493,180,180,180,170,180,190,180
11.524911642074585,-0.010924786125858503,9.787712477070508,0.2617993877991417,0.0,-1.5910147922503524,180,180,170,170,180,180,180
11.53510308265686,-0.010743794616538798,9.77887422030875,0.2617993877991417,0.0,-1.5912356241057968,180,180,170,170,180,180,180
11.545358419418335,-0.010743794616538798,9.77887422030875,0.2617993877991417,0.0,-1.5912356241057968,180,180,170,170,180,180,180
11.556163549423218,-0.010743794616538798,9.77887422030875,0.2617993877991417,0.0,-1.5912356241057968,180,180,170,170,180,180,180
11.566347599029541,-0.010564997607025685,9.770264385712991,0.2617993877991417,0.0,-1.591300162315019,180,180,170,170,180,180,180
11.576551675796509,-0.010564997607025685,9.770264385712991,0.2617993877991417,0.0,-1.591300162315019,190,190,180,180,180,190,180
11.58675241470337,-0.010564997607025685,9.770264385712991,0.2617993877991417,0.0,-1.591300162315019,190,190,180,180,180,190,180
11.605743885040283,-0.010387289012749493,9.761651372079555,0.2617993877991417,0.0,-1.5914045689288097,190,190,180,180,180,190,180
11.615969896316528,-0.010387289012749493,9.761651372079555,0.2617993877991417,0.0,-1.5914045689288097,190,190,180,180,180,190,180
11.626174926757812,-0.010387289012749493,9.761651372079555,0.2617993877991417,0.0,-1.5914045689288097,190,190,180,180,190,190,180
11.636432886123657,-0.010202846577407039,9.752766997662192,0.2617993877991417,0.0,-1.5915049944870816,190,190,180,180,190,190,180
11.656096935272217,-0.010202846577407039,9.752766997662192,0.2617993877991417,0.0,-1.5915049944870816,190,190,180,180,190,190,180
11.666987657546997,-0.010022722440836131,9.744131674214547,0.2617993877991417,0.0,-1.5915853865404328,190,190,180,180,190,190,180
11.677204370498657,-0.010022722440836131,9.744131674214547,0.2617993877991417,0.0,-1.5915853865404328,190,180,180,180,180,190,180
11.687415838241577,-0.010022722440836131,9.744131674214547,0.2617993877991417,0.0,-1.5915853865404328,190,180,180,180,180,190,180
11.704383611679077,-0.009842015488129243,9.73548601820482,0.2617993877991417,0.0,-1.5916606138812759,190,180,180,180,180,190,180
11.714622497558594,-0.009842015488129243,9.73548601820482,0.2617993877991417,0.0,-1.5916606138812759,190,180,180,180,180,190,180
11.724814414978027,-0.009842015488129243,9.73548601820482,0.2617993877991417,0.0,-1.5916606138812759,180,180,180,170,180,180,180
11.735022068023682,-0.009655226272542792,9.7265676299785,0.2617993877991417,0.0,-1.5917337479284606,180,180,180,170,180,180,180
11.752177238464355,-0.009655226272542792,9.7265676299785,0.2617993877991417,0.0,-1.5917337479284606,180,180,180,170,180,180,180
11.762387752532959,-0.009473516111136544,9.717904352453518,0.2617993877991417,0.0,-1.5917875351952162,180,180,180,170,180,180,180
11.772595167160034,-0.009473516111136544,9.717904352453518,0.2617993877991417,0.0,-1.5917875351952162,180,180,180,180,180,180,180
11.78283166885376,-0.009473516111136544,9.717904352453518,0.2617993877991417,0.0,-1.5917875351952162,180,180,180,180,180,180,180
11.801117658615112,-0.009473516111136544,9.717904352453518,0.2617993877991417,0.0,-1.5917875351952162,180,180,180,180,180,180,180
11.811470746994019,-0.009293074831000607,9.709239845220942,0.2617993877991417,0.0,-1.5917722506212684,180,180,180,180,180,180,180
11.821685075759888,-0.009293074831000607,9.709239845220942,0.2617993877991417,0.0,-1.5917722506212684,180,180,180,180,190,180,180
11.83188509941101,-0.009104595657898113,9.70031397726175,0.2617993877991417,0.0,-1.5916851772340983,180,180,180,180,190,180,180
11.842082262039185,-0.009104595657898113,9.70031397726175,0.2617993877991417,0.0,-1.5916851772340983,180,180,180,180,190,180,180
11.853132486343384,-0.009104595657898113,9.70031397726175,0.2617993877991417,0.0,-1.5916851772340983,180,180,180,180,190,180,180
11.86332392692566,-0.008924453825466638,9.691675910342386,0.2617993877991417,0.0,-1.5914973848893432,180,180,180,180,190,180,180
11.873900413513184,-0.008924453825466638,9.691675910342386,0.2617993877991417,0.0,-1.5914973848893432,180,180,180,180,190,180,180
11.884111404418945,-0.008924453825466638,9.691675910342386,0.2617993877991417,0.0,-1.5914973848893432,180,180,180,170,180,180,180
11.90307068824768,-0.008924453825466638,9.691675910342386,0.2617993877991417,0.0,-1.5914973848893432,180,180,180,170,180,180,180
11.913403272628784,-0.00874239921792604,9.68306067153236,0.2617993877991417,0.0,-1.5914317095642296,180,180,180,170,180,180,180
11.923600196838379,-0.00874239921792604,9.68306067153236,0.2617993877991417,0.0,-1.5914317095642296,170,170,170,170,180,180,180
11.93394160270691,-0.00855834381950679,9.674222566438361,0.2617993877991417,0.0,-1.591656808777656,170,170,170,170,180,180,180
11.944147825241089,-0.00855834381950679,9.674222566438361,0.2617993877991417,0.0,-1.591656808777656,170,170,170,170,180,180,180
11.954371929168701,-0.00855834381950679,9.674222566438361,0.2617993877991417,0.0,-1.591656808777656,170,170,170,170,180,180,180
11.964561223983765,-0.008376115667976787,9.665610972621824,0.2617993877991417,0.0,-1.5917197361160076,170,170,170,170,180,180,180
11.97474718093872,-0.008376115667976787,9.665610972621824,0.2617993877991417,0.0,-1.5917197361160076,170,170,170,170,180,180,180
11.984930276870728,-0.008376115667976787,9.665610972621824,0.2617993877991417,0.0,-1.5917197361160076,170,170,170,170,180,180,180
11.995106220245361,-0.008194653029470868,9.656996878676598,0.2617993877991417,0.0,-1.5918238896917924,170,170,170,170,180,180,180
12.00530195236206,-0.008194653029470868,9.656996878676598,0.2617993877991417,0.0,-1.5918238896917924,170,170,170,170,180,180,180
12.015500545501709,-0.008194653029470868,9.656996878676598,0.2617993877991417,0.0,-1.5918238896917924,170,170,170,170,180,180,180
12.025707721710205,-0.008194653029470868,9.656996878676598,0.2617993877991417,0.0,-1.5918238896917924,170,170,170,170,180,180,180
12.035927772521973,-0.008006412131541223,9.648111151616863,0.2617993877991417,0.0,-1.5919230012087389,170,170,170,170,180,180,180
12.049306631088257,-0.008006412131541223,9.648111151616863,0.2617993877991417,0.0,-1.5919230012087389,170,170,170,170,180,180,180
12.059522151947021,-0.008006412131541223,9.648111151616863,0.2617993877991417,0.0,-1.5919230012087389,170,170,170,170,180,180,180
12.069720029830933,-0.007822708744964723,9.63947459079261,0.2617993877991417,0.0,-1.592002137075636,180,180,180,170,190,180,180
12.079936981201172,-0.007822708744964723,9.63947459079261,0.2617993877991417,0.0,-1.592002137075636,180,180,180,170,190,180,180
12.090141296386719,-0.007822708744964723,9.63947459079261,0.2617993877991417,0.0,-1.592002137075636,180,180,180,170,190,180,180
12.100768327713013,-0.007638407736239627,9.630827745977149,0.2617993877991417,0.0,-1.5920775721951577,180,180,180,170,190,180,180
12.110965251922607,-0.007638407736239627,9.630827745977149,0.2617993877991417,0.0,-1.5920775721951577,180,180,180,170,190,180,180
12.121152877807617,-0.007638407736239627,9.630827745977149,0.2617993877991417,0.0,-1.5920775721951577,180,180,180,170,180,180,180
12.131427526473999,-0.007447916826941084,9.62190828701767,0.2617993877991417,0.0,-1.592149574830454,180,180,180,170,180,180,180
12.149434328079224,-0.007447916826941084,9.62190828701767,0.2617993877991417,0.0,-1.592149574830454,180,180,180,170,180,180,180
12.15963625907898,-0.007447916826941084,9.62190828701767,0.2617993877991417,0.0,-1.592149574830454,180,180,180,170,180,180,180
12.169841527938843,-0.007262662521945753,9.613244730895225,0.2617993877991417,0.0,-1.5921987538373683,170,170,180,170,180,180,180
12.180216073989868,-0.007262662521945753,9.613244730895225,0.2617993877991417,0.0,-1.5921987538373683,170,170,180,170,180,180,180
12.19956636428833,-0.007262662521945753,9.613244730895225,0.2617993877991417,0.0,-1.5921987538373683,170,170,180,170,180,180,180
12.20989179611206,-0.007078921377163726,9.604580350052647,0.2617993877991417,0.0,-1.592173238486542,170,170,180,170,180,180,180
12.220115661621094,-0.007078921377163726,9.604580350052647,0.2617993877991417,0.0,-1.592173238486542,180,170,180,170,180,180,180
12.230307817459106,-0.007078921377163726,9.604580350052647,0.2617993877991417,0.0,-1.592173238486542,180,170,180,170,180,180,180
12.240493774414062,-0.006886870944476677,9.595655747070428,0.2617993877991417,0.0,-1.59207888778729,180,170,180,170,180,180,180
12.252118825912476,-0.006886870944476677,9.595655747070428,0.2617993877991417,0.0,-1.59207888778729,180,170,180,170,180,180,180
12.262317419052124,-0.006703459576332307,9.58702109619885,0.2617993877991417,0.0,-1.5918893442967768,180,170,180,170,180,180,180
12.272511005401611,-0.006703459576332307,9.58702109619885,0.2617993877991417,0.0,-1.5918893442967768,170,170,180,170,180,180,180
12.282759189605713,-0.006703459576332307,9.58702109619885,0.2617993877991417,0.0,-1.5918893442967768,170,170,180,170,180,180,180
12.298600196838379,-0.006517569354771357,9.578410261317373,0.2617993877991417,0.0,-1.5918556524452026,170,170,180,170,180,180,180
12.30879807472229,-0.006517569354771357,9.578410261317373,0.2617993877991417,0.0,-1.5918556524452026,170,170,180,170,180,180,180
12.31897521018982,-0.006517569354771357,9.578410261317373,0.2617993877991417,0.0,-1.5918556524452026,170,170,180,170,180,180,180
12.329193115234375,-0.006329773910206913,9.569569711733926,0.2617993877991417,0.0,-1.5920656910034552,170,170,180,170,180,180,170
12.349899053573608,-0.006329773910206913,9.569569711733926,0.2617993877991417,0.0,-1.5920656910034552,170,170,180,170,180,180,170
12.360086917877197,-0.006329773910206913,9.569569711733926,0.2617993877991417,0.0,-1.5920656910034552,170,170,180,170,180,180,170
12.370540142059326,-0.006144112888885042,9.560957736044791,0.2617993877991417,0.0,-1.5921354017972504,170,170,180,170,180,180,170
12.380910158157349,-0.006144112888885042,9.560957736044791,0.2617993877991417,0.0,-1.5921354017972504,170,170,180,170,170,180,180
12.401131629943848,-0.006144112888885042,9.560957736044791,0.2617993877991417,0.0,-1.5921354017972504,170,170,180,170,170,180,180
12.411641359329224,-0.005958974513299799,9.552342626463755,0.2617993877991417,0.0,-1.592239251487766,170,170,180,170,170,180,180
12.421850204467773,-0.005958974513299799,9.552342626463755,0.2617993877991417,0.0,-1.592239251487766,170,170,180,170,180,180,180
12.432096242904663,-0.005766980786665411,9.54345553061281,0.2617993877991417,0.0,-1.5923364248890095,170,170,180,170,180,180,180
12.450712203979492,-0.005766980786665411,9.54345553061281,0.2617993877991417,0.0,-1.5923364248890095,170,170,180,170,180,180,180
12.460931301116943,-0.0055797355114372196,9.534817785615864,0.2617993877991417,0.0,-1.592414266654956,170,170,180,170,180,180,180
12.471129417419434,-0.0055797355114372196,9.534817785615864,0.2617993877991417,0.0,-1.592414266654956,170,160,180,180,180,180,180
12.481306076049805,-0.0055797355114372196,9.534817785615864,0.2617993877991417,0.0,-1.592414266654956,170,160,180,180,180,180,180
12.491552352905273,-0.0055797355114372196,9.534817785615864,0.2617993877991417,0.0,-1.592414266654956,170,160,180,180,180,180,180
12.501826286315918,-0.0053918773841966795,9.526169749113954,0.2617993877991417,0.0,-1.5924894880109581,170,160,180,180,180,180,180
12.512016296386719,-0.0053918773841966795,9.526169749113954,0.2617993877991417,0.0,-1.5924894880109581,170,160,180,180,180,180,180
12.522206783294678,-0.0053918773841966795,9.526169749113954,0.2617993877991417,0.0,-1.5924894880109581,170,160,180,180,180,180,180
12.53283977508545,-0.005197732991910389,9.517249258670105,0.2617993877991417,0.0,-1.592559708562895,170,150,170,170,180,180,180
12.549165964126587,-0.005197732991910389,9.517249258670105,0.2617993877991417,0.0,-1.592559708562895,170,150,170,170,180,180,180
12.559359312057495,-0.005197732991910389,9.517249258670105,0.2617993877991417,0.0,-1.592559708562895,170,150,170,170,180,180,180
12.56956148147583,-0.0050090254285393675,9.508585508593447,0.2617993877991417,0.0,-1.5926031319520897,170,150,170,170,180,180,180
12.579758167266846,-0.0050090254285393675,9.508585508593447,0.2617993877991417,0.0,-1.5926031319520897,160,150,170,170,170,180,180
12.590003728866577,-0.0050090254285393675,9.508585508593447,0.2617993877991417,0.0,-1.5926031319520897,160,150,170,170,170,180,180
12.600486993789673,-0.004821797833400398,9.499921235088959,0.2617993877991417,0.0,-1.5925675761856086,160,150,170,170,170,180,180
12.610678672790527,-0.004821797833400398,9.499921235088959,0.2617993877991417,0.0,-1.5925675761856086,160,150,170,170,170,180,180
12.620877265930176,-0.004821797833400398,9.499921235088959,0.2617993877991417,0.0,-1.5925675761856086,170,160,170,170,180,180,180
12.631088972091675,-0.004626181180210678,9.490998463864123,0.2617993877991417,0.0,-1.5924634306603493,170,160,170,170,180,180,180
12.650187015533447,-0.004626181180210678,9.490998463864123,0.2617993877991417,0.0,-1.5924634306603493,170,160,170,170,180,180,180
12.66041898727417,-0.004626181180210678,9.490998463864123,0.2617993877991417,0.0,-1.5924634306603493,170,160,170,170,180,180,180
12.670615196228027,-0.004439699312891326,9.482366794410057,0.2617993877991417,0.0,-1.5922773165918114,170,160,170,170,170,170,170
12.681007146835327,-0.004439699312891326,9.482366794410057,0.2617993877991417,0.0,-1.5922773165918114,170,160,170,170,170,170,170
12.691293239593506,-0.004439699312891326,9.482366794410057,0.2617993877991417,0.0,-1.5922773165918114,170,160,170,170,170,170,170
12.701517820358276,-0.004250485981573291,9.47376119659647,0.2617993877991417,0.0,-1.59228175650514,170,160,170,170,170,170,170
12.711719512939453,-0.004250485981573291,9.47376119659647,0.2617993877991417,0.0,-1.59228175650514,170,160,170,170,170,170,170
12.721938848495483,-0.004250485981573291,9.47376119659647,0.2617993877991417,0.0,-1.59228175650514,170,150,170,170,170,170,170
12.732171773910522,-0.004058284281806095,9.464916953249334,0.2617993877991417,0.0,-1.592470971999591,170,150,170,170,170,170,170
12.751569747924805,-0.004058284281806095,9.464916953249334,0.2617993877991417,0.0,-1.592470971999591,170,150,170,170,170,170,170
12.761907815933228,-0.0038694148286031304,9.45630600157206,0.2617993877991417,0.0,-1.592554942449285,170,150,170,170,170,170,170
12.772111177444458,-0.0038694148286031304,9.45630600157206,0.2617993877991417,0.0,-1.592554942449285,170,150,170,180,180,180,170
12.782307386398315,-0.0038694148286031304,9.45630600157206,0.2617993877991417,0.0,-1.592554942449285,170,150,170,180,180,180,170
12.799833059310913,-0.0038694148286031304,9.45630600157206,0.2617993877991417,0.0,-1.592554942449285,170,150,170,180,180,180,170
12.810197114944458,-0.0036806221666621057,9.447689876438064,0.2617993877991417,0.0,-1.5926588289232868,170,150,170,180,180,180,170
12.820458889007568,-0.0036806221666621057,9.447689876438064,0.2617993877991417,0.0,-1.5926588289232868,170,150,170,180,180,180,170
12.830680847167969,-0.003484845938783565,9.438801383103849,0.2617993877991417,0.0,-1.5927543882766875,170,170,170,170,170,170,170
12.840923547744751,-0.003484845938783565,9.438801383103849,0.2617993877991417,0.0,-1.5927543882766875,170,170,170,170,170,170,170
12.85317850112915,-0.003484845938783565,9.438801383103849,0.2617993877991417,0.0,-1.5927543882766875,170,170,170,170,170,170,170
12.86338496208191,-0.0032940144147569376,9.43016249592952,0.2617993877991417,0.0,-1.5928316274054943,170,170,170,170,170,170,170
12.873589038848877,-0.0032940144147569376,9.43016249592952,0.2617993877991417,0.0,-1.5928316274054943,170,170,170,170,170,170,170
12.883793830871582,-0.0032940144147569376,9.43016249592952,0.2617993877991417,0.0,-1.5928316274054943,170,160,170,170,170,170,170
12.905153751373291,-0.0032940144147569376,9.43016249592952,0.2617993877991417,0.0,-1.5928316274054943,170,160,170,170,170,170,170
12.915566444396973,-0.0031025519955167956,9.421513277844422,0.2617993877991417,0.0,-1.592906949075266,170,160,170,170,170,170,170
12.92578125,-0.0031025519955167956,9.421513277844422,0.2617993877991417,0.0,-1.592906949075266,170,160,170,170,170,170,170
12.93596887588501,-0.002904698070715456,9.412591845836548,0.2617993877991417,0.0,-1.5929761872193067,160,160,170,170,170,170,170
12.949158430099487,-0.002904698070715456,9.412591845836548,0.2617993877991417,0.0,-1.5929761872193067,160,160,170,170,170,170,170
12.959375858306885,-0.002904698070715456,9.412591845836548,0.2617993877991417,0.0,-1.5929761872193067,160,160,170,170,170,170,170
12.96956205368042,-0.0027125494756487277,9.403928002375235,0.2617993877991417,0.0,-1.5930122889409095,170,170,170,180,180,170,170
12.980051279067993,-0.0027125494756487277,9.403928002375235,0.2617993877991417,0.0,-1.5930122889409095,170,170,170,180,180,170,170
12.990330457687378,-0.0027125494756487277,9.403928002375235,0.2617993877991417,0.0,-1.5930122889409095,170,170,170,180,180,170,170
13.000926733016968,-0.0025213996264058227,9.395263839402734,0.2617993877991417,0.0,-1.592967638726768,170,170,170,180,180,170,170
13.011185646057129,-0.0025213996264058227,9.395263839402734,0.2617993877991417,0.0,-1.592967638726768,170,170,170,180,180,170,170
13.021664381027222,-0.0025213996264058227,9.395263839402734,0.2617993877991417,0.0,-1.592967638726768,170,170,170,180,180,170,170
13.031889200210571,-0.0023222806756774683,9.386343624081745,0.2617993877991417,0.0,-1.592849987246445,180,170,170,180,180,180,170
13.049020528793335,-0.0023222806756774683,9.386343624081745,0.2617993877991417,0.0,-1.592849987246445,180,170,170,180,180,180,170
13.059221029281616,-0.0023222806756774683,9.386343624081745,0.2617993877991417,0.0,-1.592849987246445,180,170,170,180,180,180,170
13.06941556930542,-0.0021327815914902516,9.377714559146735,0.2617993877991417,0.0,-1.5926718003622362,180,170,170,180,180,180,170
13.079604625701904,-0.0021327815914902516,9.377714559146735,0.2617993877991417,0.0,-1.5926718003622362,180,170,170,180,180,180,170
13.089786529541016,-0.0021327815914902516,9.377714559146735,0.2617993877991417,0.0,-1.5926718003622362,180,170,170,180,180,180,170
13.101460218429565,-0.0019403367448048883,9.369114890230328,0.2617993877991417,0.0,-1.5927198699659015,180,170,170,180,180,180,170
13.111629009246826,-0.0019403367448048883,9.369114890230328,0.2617993877991417,0.0,-1.5927198699659015,180,170,170,180,180,180,170
13.121875047683716,-0.0019403367448048883,9.369114890230328,0.2617993877991417,0.0,-1.5927198699659015,180,170,170,180,180,180,170
13.132159233093262,-0.001743620310777037,9.360265504678802,0.2617993877991417,0.0,-1.5928801682096483,170,170,170,180,180,180,170
13.148295402526855,-0.001743620310777037,9.360265504678802,0.2617993877991417,0.0,-1.5928801682096483,170,170,170,180,180,180,170
13.15849781036377,-0.001743620310777037,9.360265504678802,0.2617993877991417,0.0,-1.5928801682096483,170,170,170,180,180,180,170
13.168678522109985,-0.0015515846612730677,9.35165531872983,0.2617993877991417,0.0,-1.592975000907959,170,170,170,180,180,180,170
13.179036378860474,-0.0015515846612730677,9.35165531872983,0.2617993877991417,0.0,-1.592975000907959,170,170,170,180,180,170,170
13.189313888549805,-0.0015515846612730677,9.35165531872983,0.2617993877991417,0.0,-1.592975000907959,170,170,170,180,180,170,170
13.199604034423828,-0.0015515846612730677,9.35165531872983,0.2617993877991417,0.0,-1.592975000907959,170,170,170,180,180,170,170
13.209776878356934,-0.001359157724315801,9.343038097059527,0.2617993877991417,0.0,-1.5930779688291343,170,170,170,180,180,170,170
13.220002889633179,-0.001359157724315801,9.343038097059527,0.2617993877991417,0.0,-1.5930779688291343,170,170,170,180,180,180,170
13.230220556259155,-0.0011596267743288805,9.334148159536207,0.2617993877991417,0.0,-1.593171092699556,170,170,170,180,180,180,170
13.240424394607544,-0.0011596267743288805,9.334148159536207,0.2617993877991417,0.0,-1.593171092699556,170,170,170,180,180,180,170
13.250943183898926,-0.0011596267743288805,9.334148159536207,0.2617993877991417,0.0,-1.593171092699556,170,170,170,180,180,180,170
13.26114559173584,-0.0011596267743288805,9.334148159536207,0.2617993877991417,0.0,-1.593171092699556,170,170,170,180,180,180,170
13.271463394165039,-0.0009652037264087745,9.325508128279045,0.2617993877991417,0.0,-1.5932475505587438,170,170,170,180,180,180,170
13.28168535232544,-0.0009652037264087745,9.325508128279045,0.2617993877991417,0.0,-1.5932475505587438,170,170,170,180,180,180,170
13.297539234161377,-0.0007701482560992182,9.316857712815061,0.2617993877991417,0.0,-1.5933226002054346,170,170,170,180,180,180,170
13.307736158370972,-0.0007701482560992182,9.316857712815061,0.2617993877991417,0.0,-1.5933226002054346,170,170,170,180,180,180,170
13.317933320999146,-0.0007701482560992182,9.316857712815061,0.2617993877991417,0.0,-1.5933226002054346,170,160,170,180,180,170,170
13.328128814697266,-0.0007701482560992182,9.316857712815061,0.2617993877991417,0.0,-1.5933226002054346,170,160,170,180,180,170,170
13.338443756103516,-0.0005685976411828402,9.307935373840785,0.2617993877991417,0.0,-1.5933909250401113,170,160,170,180,180,170,170
13.349939823150635,-0.0005685976411828402,9.307935373840785,0.2617993877991417,0.0,-1.5933909250401113,170,160,170,180,180,170,170
13.36018991470337,-0.0005685976411828402,9.307935373840785,0.2617993877991417,0.0,-1.5933909250401113,170,160,170,180,180,170,170
13.370368480682373,-0.0003730856329033765,9.299271479337293,0.2617993877991417,0.0,-1.593418296664472,170,160,170,180,180,170,170
13.380574703216553,-0.0003730856329033765,9.299271479337293,0.2617993877991417,0.0,-1.593418296664472,170,160,170,180,180,170,170
13.390768766403198,-0.0003730856329033765,9.299271479337293,0.2617993877991417,0.0,-1.593418296664472,170,160,170,180,180,170,170
13.406033754348755,-0.00017772187535228256,9.2906074234863,0.2617993877991417,0.0,-1.5933657774490806,170,160,170,180,180,170,170
13.416267156600952,-0.00017772187535228256,9.2906074234863,0.2617993877991417,0.0,-1.5933657774490806,170,160,170,180,180,170,170
13.426453828811646,-0.00017772187535228256,9.2906074234863,0.2617993877991417,0.0,-1.5933657774490806,170,160,170,180,180,170,170
13.436718702316284,2.462748558838636e-05,9.281690399826555,0.2617993877991417,0.0,-1.593231117011788,170,160,170,180,180,170,170
13.44992208480835,2.462748558838636e-05,9.281690399826555,0.2617993877991417,0.0,-1.593231117011788,170,160,170,180,180,170,170
13.460131406784058,2.462748558838636e-05,9.281690399826555,0.2617993877991417,0.0,-1.593231117011788,170,160,170,180,180,170,170
13.470309257507324,0.0002172613550441576,9.27306364707426,0.2617993877991417,0.0,-1.5930652239765677,170,170,170,180,180,180,170
13.480506658554077,0.0002172613550441576,9.27306364707426,0.2617993877991417,0.0,-1.5930652239765677,170,170,170,180,180,180,170
13.490700960159302,0.0002172613550441576,9.27306364707426,0.2617993877991417,0.0,-1.5930652239765677,170,170,170,180,180,180,170
13.506609201431274,0.0004129596714452872,9.264470215551533,0.2617993877991417,0.0,-1.593160467707732,170,170,170,180,180,180,170
13.516805171966553,0.0004129596714452872,9.264470215551533,0.2617993877991417,0.0,-1.593160467707732,170,170,170,180,180,180,170
13.526997804641724,0.0004129596714452872,9.264470215551533,0.2617993877991417,0.0,-1.593160467707732,180,170,170,180,180,180,170
13.537189483642578,0.000614231782642748,9.25561446763259,0.2617993877991417,0.0,-1.5932871344583963,180,170,170,180,180,180,170
13.552614688873291,0.000614231782642748,9.25561446763259,0.2617993877991417,0.0,-1.5932871344583963,180,170,170,180,180,180,170
13.56282377243042,0.0008092869150162394,9.247004942903907,0.2617993877991417,0.0,-1.593391630938448,180,170,170,180,180,180,170
13.573013305664062,0.0008092869150162394,9.247004942903907,0.2617993877991417,0.0,-1.593391630938448,180,180,170,190,180,180,180
13.583244323730469,0.0008092869150162394,9.247004942903907,0.2617993877991417,0.0,-1.593391630938448,180,180,170,190,180,180,180
13.599377632141113,0.001005318358316654,9.238386649084184,0.2617993877991417,0.0,-1.5934943223339,180,180,170,190,180,180,180
13.609575271606445,0.001005318358316654,9.238386649084184,0.2617993877991417,0.0,-1.5934943223339,180,180,170,190,180,180,180
13.619754791259766,0.001005318358316654,9.238386649084184,0.2617993877991417,0.0,-1.5934943223339,180,180,170,190,180,180,180
13.629963874816895,0.0012085669312171625,9.229495320530027,0.2617993877991417,0.0,-1.5935857939786497,180,180,170,180,180,180,170
13.640214443206787,0.0012085669312171625,9.229495320530027,0.2617993877991417,0.0,-1.5935857939786497,180,180,170,180,180,180,170
13.650768756866455,0.0012085669312171625,9.229495320530027,0.2617993877991417,0.0,-1.5935857939786497,180,180,170,180,180,180,170
13.660990953445435,0.0014065786781404324,9.220854167955387,0.2617993877991417,0.0,-1.5936621684150365,180,180,170,180,180,180,170
13.671189785003662,0.0014065786781404324,9.220854167955387,0.2617993877991417,0.0,-1.5936621684150365,180,170,170,180,170,180,170
13.681390762329102,0.0014065786781404324,9.220854167955387,0.2617993877991417,0.0,-1.5936621684150365,180,170,170,180,170,180,170
13.699319124221802,0.0014065786781404324,9.220854167955387,0.2617993877991417,0.0,-1.5936621684150365,180,170,170,180,170,180,170
13.70952582359314,0.001605216817140563,9.21220261933083,0.2617993877991417,0.0,-1.593736927747604,180,170,170,180,170,180,170
13.719731330871582,0.001605216817140563,9.21220261933083,0.2617993877991417,0.0,-1.593736927747604,180,170,170,180,170,180,170
13.729967832565308,0.001605216817140563,9.21220261933083,0.2617993877991417,0.0,-1.593736927747604,180,170,170,180,170,180,170
13.748639583587646,0.0018104458551995576,9.203279517884287,0.2617993877991417,0.0,-1.5938036958149244,180,170,170,180,170,180,170
13.75886607170105,0.0018104458551995576,9.203279517884287,0.2617993877991417,0.0,-1.5938036958149244,180,170,170,180,170,180,170
13.769068956375122,0.002009280818753318,9.194615656521936,0.2617993877991417,0.0,-1.5938216894087676,180,170,170,180,170,180,170
13.779272317886353,0.002009280818753318,9.194615656521936,0.2617993877991417,0.0,-1.5938216894087676,180,170,170,180,170,180,170
13.78951644897461,0.002009280818753318,9.194615656521936,0.2617993877991417,0.0,-1.5938216894087676,180,170,170,180,170,180,170
13.800761222839355,0.002009280818753318,9.194615656521936,0.2617993877991417,0.0,-1.5938216894087676,180,170,170,180,170,180,170
13.811007976531982,0.0022090884607131925,9.185951687384902,0.2617993877991417,0.0,-1.5937607120540405,180,170,170,180,170,180,170
13.821225643157959,0.0022090884607131925,9.185951687384902,0.2617993877991417,0.0,-1.5937607120540405,180,170,170,180,170,180,170
13.831454515457153,0.0024143564816595177,9.177038560447901,0.2617993877991417,0.0,-1.5936079604010398,180,170,170,190,180,180,170
13.84167742729187,0.0024143564816595177,9.177038560447901,0.2617993877991417,0.0,-1.5936079604010398,180,170,170,190,180,180,170
13.851855754852295,0.0024143564816595177,9.177038560447901,0.2617993877991417,0.0,-1.5936079604010398,180,170,170,190,180,180,170
13.862032413482666,0.0026105524561788516,9.168413959555265,0.2617993877991417,0.0,-1.5934590488539546,180,170,170,190,180,180,170
13.872217178344727,0.0026105524561788516,9.168413959555265,0.2617993877991417,0.0,-1.5934590488539546,180,170,170,180,180,180,170
13.882456064224243,0.0026105524561788516,9.168413959555265,0.2617993877991417,0.0,-1.5934590488539546,180,170,170,180,180,180,170
13.901336193084717,0.0026105524561788516,9.168413959555265,0.2617993877991417,0.0,-1.5934590488539546,180,170,170,180,180,180,170
13.911695718765259,0.0028092174384622064,9.159826562206462,0.2617993877991417,0.0,-1.593599884918053,180,170,170,180,180,180,170
13.921895265579224,0.0028092174384622064,9.159826562206462,0.2617993877991417,0.0,-1.593599884918053,180,170,170,190,180,180,170
13.93209457397461,0.0030147440060134013,9.150965532362392,0.2617993877991417,0.0,-1.593701154848091,180,170,170,190,180,180,170
13.942306756973267,0.0030147440060134013,9.150965532362392,0.2617993877991417,0.0,-1.593701154848091,180,170,170,190,180,180,170
13.95255446434021,0.0030147440060134013,9.150965532362392,0.2617993877991417,0.0,-1.593701154848091,180,170,170,190,180,180,170
13.962777376174927,0.0032130064826128048,9.142355704201638,0.2617993877991417,0.0,-1.5938086349795515,180,170,170,190,180,180,170
13.97298002243042,0.0032130064826128048,9.142355704201638,0.2617993877991417,0.0,-1.5938086349795515,180,170,170,180,180,180,180
13.983200073242188,0.0032130064826128048,9.142355704201638,0.2617993877991417,0.0,-1.5938086349795515,180,170,170,180,180,180,180
13.993434190750122,0.0034126512652150505,9.133736279777448,0.2617993877991417,0.0,-1.5939102518781905,180,170,170,180,180,180,180
14.003669738769531,0.0034126512652150505,9.133736279777448,0.2617993877991417,0.0,-1.5939102518781905,180,170,170,180,180,180,180
14.013897895812988,0.0034126512652150505,9.133736279777448,0.2617993877991417,0.0,-1.5939102518781905,180,170,170,180,180,180,180
14.024127006530762,0.0034126512652150505,9.133736279777448,0.2617993877991417,0.0,-1.5939102518781905,180,170,170,180,180,180,180
14.034435749053955,0.003619610563395743,9.12484352087705,0.2617993877991417,0.0,-1.5939993304014157,180,170,170,170,170,180,170
14.04465389251709,0.003619610563395743,9.12484352087705,0.2617993877991417,0.0,-1.5939993304014157,180,170,170,170,170,180,170
14.05673885345459,0.003619610563395743,9.12484352087705,0.2617993877991417,0.0,-1.5939993304014157,180,170,170,170,170,180,170
14.06693172454834,0.003619610563395743,9.12484352087705,0.2617993877991417,0.0,-1.5939993304014157,180,170,170,170,170,180,170
14.07711124420166,0.003821199594468452,9.116201246128195,0.2617993877991417,0.0,-1.5940754669284671,180,180,170,170,180,180,170
14.087376832962036,0.003821199594468452,9.116201246128195,0.2617993877991417,0.0,-1.5940754669284671,180,180,170,170,180,180,170
14.101366758346558,0.003821199594468452,9.116201246128195,0.2617993877991417,0.0,-1.5940754669284671,180,180,170,170,180,180,170
14.111716032028198,0.004023409014504632,9.107548566478572,0.2617993877991417,0.0,-1.5941494798118103,180,180,170,170,180,180,170
14.121930360794067,0.004023409014504632,9.107548566478572,0.2617993877991417,0.0,-1.5941494798118103,180,180,170,170,180,180,170
14.132107734680176,0.004232289408224886,9.09862478470555,0.2617993877991417,0.0,-1.594213768365862,180,180,180,180,180,180,180
14.142332792282104,0.004232289408224886,9.09862478470555,0.2617993877991417,0.0,-1.594213768365862,180,180,180,180,180,180,180
14.154332399368286,0.004232289408224886,9.09862478470555,0.2617993877991417,0.0,-1.594213768365862,180,180,180,180,180,180,180
14.164628267288208,0.004434408832159569,9.089960955064008,0.2617993877991417,0.0,-1.5942219485978328,180,180,180,180,180,180,180
14.174938917160034,0.004434408832159569,9.089960955064008,0.2617993877991417,0.0,-1.5942219485978328,180,180,180,180,180,180,180
14.185163021087646,0.004434408832159569,9.089960955064008,0.2617993877991417,0.0,-1.5942219485978328,180,170,180,180,180,180,170
14.201557397842407,0.004638497376160735,9.081297102340157,0.2617993877991417,0.0,-1.5941526519897753,180,170,180,180,180,180,170
14.21181607246399,0.004638497376160735,9.081297102340157,0.2617993877991417,0.0,-1.5941526519897753,180,170,180,180,180,180,170
14.222009420394897,0.004638497376160735,9.081297102340157,0.2617993877991417,0.0,-1.5941526519897753,180,170,180,180,180,180,170
14.232638120651245,0.004846570701801267,9.072388218225665,0.2617993877991417,0.0,-1.5939829021534342,180,170,180,170,180,180,170
14.242953062057495,0.004846570701801267,9.072388218225665,0.2617993877991417,0.0,-1.5939829021534342,180,170,180,170,180,180,170
14.253899097442627,0.004846570701801267,9.072388218225665,0.2617993877991417,0.0,-1.5939829021534342,180,170,180,170,180,180,170
14.264094114303589,0.005046908937194856,9.063765827559891,0.2617993877991417,0.0,-1.5938549831819269,180,170,180,170,180,180,170
14.27427864074707,0.005046908937194856,9.063765827559891,0.2617993877991417,0.0,-1.5938549831819269,180,170,180,180,180,180,170
14.284583806991577,0.005046908937194856,9.063765827559891,0.2617993877991417,0.0,-1.5938549831819269,180,170,180,180,180,180,170
14.301283597946167,0.005046908937194856,9.063765827559891,0.2617993877991417,0.0,-1.5938549831819269,180,170,180,180,180,180,170
14.311634540557861,0.005248208737799243,9.055183465928627,0.2617993877991417,0.0,-1.594033773543262,180,170,180,180,180,180,170
14.321842193603516,0.005248208737799243,9.055183465928627,0.2617993877991417,0.0,-1.594033773543262,180,180,180,180,180,180,170
14.332036256790161,0.005457608988905478,9.046317303036322,0.2617993877991417,0.0,-1.5941116816806726,180,180,180,180,180,180,170
14.342280387878418,0.005457608988905478,9.046317303036322,0.2617993877991417,0.0,-1.5941116816806726,180,180,180,180,180,180,170
14.354870319366455,0.005457608988905478,9.046317303036322,0.2617993877991417,0.0,-1.5941116816806726,180,180,180,180,180,180,170
14.365072250366211,0.005659344939217969,9.037706533286991,0.2617993877991417,0.0,-1.5942189209473312,180,180,180,180,180,180,170
14.375284671783447,0.005659344939217969,9.037706533286991,0.2617993877991417,0.0,-1.5942189209473312,180,180,180,180,180,180,170
14.385497093200684,0.005659344939217969,9.037706533286991,0.2617993877991417,0.0,-1.5942189209473312,180,180,180,180,180,180,170
14.398625373840332,0.005862557823356073,9.02908595074339,0.2617993877991417,0.0,-1.5943197067118495,180,180,180,180,180,180,170
14.408822536468506,0.005862557823356073,9.02908595074339,0.2617993877991417,0.0,-1.5943197067118495,180,180,180,180,180,180,170
14.418989896774292,0.005862557823356073,9.02908595074339,0.2617993877991417,0.0,-1.5943197067118495,180,180,180,180,180,180,170
14.42917799949646,0.006073173318732424,9.020191776372616,0.2617993877991417,0.0,-1.594406955069491,180,180,180,180,180,180,170
14.439398527145386,0.006073173318732424,9.020191776372616,0.2617993877991417,0.0,-1.594406955069491,180,180,180,180,180,180,170
14.45447850227356,0.006073173318732424,9.020191776372616,0.2617993877991417,0.0,-1.594406955069491,180,180,180,180,180,180,170
14.464763879776001,0.006278285335954919,9.011548367678873,0.2617993877991417,0.0,-1.594483315163742,180,180,180,180,180,180,170
14.474977016448975,0.006278285335954919,9.011548367678873,0.2617993877991417,0.0,-1.594483315163742,180,180,180,180,180,180,170
14.48521614074707,0.006278285335954919,9.011548367678873,0.2617993877991417,0.0,-1.594483315163742,180,180,180,180,180,180,170
14.504289388656616,0.006278285335954919,9.011548367678873,0.2617993877991417,0.0,-1.594483315163742,180,180,180,180,180,180,170
14.514485120773315,0.006484018400991956,9.002894585717387,0.2617993877991417,0.0,-1.594556752546115,180,180,180,180,180,180,170
14.524686813354492,0.006484018400991956,9.002894585717387,0.2617993877991417,0.0,-1.594556752546115,180,180,180,180,180,180,170
14.53489089012146,0.006696498755032688,8.993970257722484,0.2617993877991417,0.0,-1.594618140069873,180,180,180,180,180,180,180
14.553683996200562,0.006696498755032688,8.993970257722484,0.2617993877991417,0.0,-1.594618140069873,180,180,180,180,180,180,180
14.563921451568604,0.006901842384089554,8.985306501535526,0.2617993877991417,0.0,-1.5946163296334406,180,180,180,180,180,180,180
14.574118375778198,0.006901842384089554,8.985306501535526,0.2617993877991417,0.0,-1.5946163296334406,180,180,180,180,180,180,180
14.584468126296997,0.006901842384089554,8.985306501535526,0.2617993877991417,0.0,-1.5946163296334406,180,180,180,180,180,180,180
14.601909637451172,0.006901842384089554,8.985306501535526,0.2617993877991417,0.0,-1.5946163296334406,180,180,180,180,180,180,180
14.612287998199463,0.007109683303448423,8.97664299556244,0.2617993877991417,0.0,-1.5945396828379415,180,180,180,180,180,180,180
14.622467756271362,0.007109683303448423,8.97664299556244,0.2617993877991417,0.0,-1.5945396828379415,180,180,180,180,180,180,170
14.632883071899414,0.007320795204488566,8.967738353223623,0.2617993877991417,0.0,-1.5943560391051557,180,180,180,180,180,180,170
14.65237832069397,0.007320795204488566,8.967738353223623,0.2617993877991417,0.0,-1.5943560391051557,180,180,180,180,180,180,170
14.66257929801941,0.00752568885317714,8.95911852769537,0.2617993877991417,0.0,-1.5942512472028398,180,180,180,180,180,180,170
14.672793865203857,0.00752568885317714,8.95911852769537,0.2617993877991417,0.0,-1.5942512472028398,180,180,180,180,180,180,170
14.683011531829834,0.00752568885317714,8.95911852769537,0.2617993877991417,0.0,-1.5942512472028398,180,180,180,170,180,180,170
14.693254232406616,0.00752568885317714,8.95911852769537,0.2617993877991417,0.0,-1.5942512472028398,180,180,180,170,180,180,170
14.703482151031494,0.007729498589879528,8.950539820187828,0.2617993877991417,0.0,-1.5944584694663217,180,180,180,170,180,180,170
14.71367335319519,0.007729498589879528,8.950539820187828,0.2617993877991417,0.0,-1.5944584694663217,180,180,180,170,180,180,170
14.723885297775269,0.007729498589879528,8.950539820187828,0.2617993877991417,0.0,-1.5944584694663217,180,180,180,170,180,180,170
14.734148502349854,0.007942413469135845,8.941671431466023,0.2617993877991417,0.0,-1.5945313159839778,180,180,180,170,180,180,170
14.744365930557251,0.007942413469135845,8.941671431466023,0.2617993877991417,0.0,-1.5945313159839778,180,180,180,170,180,180,170
14.755489110946655,0.007942413469135845,8.941671431466023,0.2617993877991417,0.0,-1.5945313159839778,180,180,180,170,180,180,170
14.76568865776062,0.00814787909983047,8.933059492995625,0.2617993877991417,0.0,-1.5946370526377232,180,180,180,170,180,180,170
14.775908946990967,0.00814787909983047,8.933059492995625,0.2617993877991417,0.0,-1.5946370526377232,180,180,180,170,180,180,170
14.786132097244263,0.00814787909983047,8.933059492995625,0.2617993877991417,0.0,-1.5946370526377232,180,180,180,170,180,180,170
14.796338558197021,0.00835473451161006,8.924437712933102,0.2617993877991417,0.0,-1.5947363158943821,180,180,180,170,180,180,170
14.806598663330078,0.00835473451161006,8.924437712933102,0.2617993877991417,0.0,-1.5947363158943821,180,180,180,170,180,180,170
14.816814422607422,0.00835473451161006,8.924437712933102,0.2617993877991417,0.0,-1.5947363158943821,180,180,180,170,180,180,170
14.82701325416565,0.00835473451161006,8.924437712933102,0.2617993877991417,0.0,-1.5947363158943821,180,180,180,170,180,180,170
14.837347269058228,0.008569071874446782,8.915542126355142,0.2617993877991417,0.0,-1.5948213532571176,180,180,180,180,180,180,180
14.857025384902954,0.008569071874446782,8.915542126355142,0.2617993877991417,0.0,-1.5948213532571176,180,180,180,180,180,180,180
14.867310285568237,0.008777759517080038,8.906897558562232,0.2617993877991417,0.0,-1.594897568977495,180,180,180,180,180,180,180
14.877524375915527,0.008777759517080038,8.906897558562232,0.2617993877991417,0.0,-1.594897568977495,180,180,180,180,180,180,180
14.887737035751343,0.008777759517080038,8.906897558562232,0.2617993877991417,0.0,-1.594897568977495,180,180,180,180,180,180,180
14.897979259490967,0.008777759517080038,8.906897558562232,0.2617993877991417,0.0,-1.594897568977495,180,180,180,190,190,180,180
14.913538932800293,0.008777759517080038,8.906897558562232,0.2617993877991417,0.0,-1.594897568977495,180,180,180,190,190,180,180
14.92375898361206,0.008987068960546305,8.898242686767315,0.2617993877991417,0.0,-1.5949699352602988,180,180,180,190,190,180,180
14.933971405029297,0.00920319707475226,8.889317905042255,0.2617993877991417,0.0,-1.5950274964058238,190,180,180,190,190,190,180
14.944175958633423,0.00920319707475226,8.889317905042255,0.2617993877991417,0.0,-1.5950274964058238,190,180,180,190,190,190,180
14.956250667572021,0.00920319707475226,8.889317905042255,0.2617993877991417,0.0,-1.5950274964058238,190,180,180,190,190,190,180
14.96648359298706,0.009411790634724897,8.880654222194746,0.2617993877991417,0.0,-1.595015392787862,190,180,180,190,190,190,180
14.976722717285156,0.009411790634724897,8.880654222194746,0.2617993877991417,0.0,-1.595015392787862,190,190,180,190,190,190,190
14.987009525299072,0.009411790634724897,8.880654222194746,0.2617993877991417,0.0,-1.595015392787862,190,190,180,190,190,190,190
15.00122356414795,0.009411790634724897,8.880654222194746,0.2617993877991417,0.0,-1.595015392787862,190,190,180,190,190,190,190
15.011603832244873,0.009623012365826081,8.871991357279512,0.2617993877991417,0.0,-1.5949320193668342,190,190,180,190,190,190,190
15.021837711334229,0.009623012365826081,8.871991357279512,0.2617993877991417,0.0,-1.5949320193668342,190,190,180,190,190,190,190
15.032059669494629,0.009837505641164888,8.863090651881372,0.2617993877991417,0.0,-1.5947395224782497,190,190,180,190,190,190,190
15.042255878448486,0.009837505641164888,8.863090651881372,0.2617993877991417,0.0,-1.5947395224782497,190,190,180,190,190,190,190
15.052500486373901,0.009837505641164888,8.863090651881372,0.2617993877991417,0.0,-1.5947395224782497,190,190,180,190,190,190,190
15.062728643417358,0.010047037065737582,8.85447406244295,0.2617993877991417,0.0,-1.594659648544667,190,190,180,190,190,190,190
15.072986602783203,0.010047037065737582,8.85447406244295,0.2617993877991417,0.0,-1.594659648544667,190,190,180,190,190,190,190
15.083200216293335,0.010047037065737582,8.85447406244295,0.2617993877991417,0.0,-1.594659648544667,190,190,180,190,190,190,190
15.093425512313843,0.010047037065737582,8.85447406244295,0.2617993877991417,0.0,-1.594659648544667,190,190,180,190,190,190,190
15.106778383255005,0.010253551798325575,8.845897157565263,0.2617993877991417,0.0,-1.5948824571849516,190,190,180,190,190,190,190
15.117071628570557,0.010253551798325575,8.845897157565263,0.2617993877991417,0.0,-1.5948824571849516,190,190,180,190,190,190,190
15.127570629119873,0.010253551798325575,8.845897157565263,0.2617993877991417,0.0,-1.5948824571849516,190,190,210,190,190,190,190
15.137792587280273,0.010469979144882322,8.837026503626799,0.2617993877991417,0.0,-1.5949504609693541,190,190,210,190,190,190,190
15.155302286148071,0.010469979144882322,8.837026503626799,0.2617993877991417,0.0,-1.5949504609693541,190,190,210,190,190,190,190
15.165510892868042,0.01067920990955041,8.82841345544428,0.2617993877991417,0.0,-1.59505567858004,190,190,210,190,190,190,190
15.175718784332275,0.01067920990955041,8.82841345544428,0.2617993877991417,0.0,-1.59505567858004,190,190,190,190,190,190,180
15.18597412109375,0.01067920990955041,8.82841345544428,0.2617993877991417,0.0,-1.59505567858004,190,190,190,190,190,190,180
15.196296453475952,0.010889724451252511,8.819790446418859,0.2617993877991417,0.0,-1.5951538173468378,190,190,190,190,190,190,180
15.206489562988281,0.010889724451252511,8.819790446418859,0.2617993877991417,0.0,-1.5951538173468378,190,190,190,190,190,190,180
15.217204093933105,0.010889724451252511,8.819790446418859,0.2617993877991417,0.0,-1.5951538173468378,190,190,190,190,190,190,180
15.227558135986328,0.011107780341683589,8.810893516871793,0.2617993877991417,0.0,-1.595237355031702,190,190,180,190,190,180,180
15.237759590148926,0.011107780341683589,8.810893516871793,0.2617993877991417,0.0,-1.595237355031702,190,190,180,190,190,180,180
15.25371265411377,0.011107780341683589,8.810893516871793,0.2617993877991417,0.0,-1.595237355031702,190,190,180,190,190,180,180
15.263930559158325,0.011320058259910209,8.802247776859328,0.2617993877991417,0.0,-1.5953137765819367,190,190,180,190,190,180,180
15.274115562438965,0.011320058259910209,8.802247776859328,0.2617993877991417,0.0,-1.5953137765819367,190,190,180,190,190,180,180
15.28451418876648,0.011320058259910209,8.802247776859328,0.2617993877991417,0.0,-1.5953137765819367,180,180,180,190,190,180,180
15.294703960418701,0.011532958644958506,8.793591863449624,0.2617993877991417,0.0,-1.5953851358352877,180,180,180,190,190,180,180
15.30492115020752,0.011532958644958506,8.793591863449624,0.2617993877991417,0.0,-1.5953851358352877,180,180,180,190,190,180,180
15.315121173858643,0.011532958644958506,8.793591863449624,0.2617993877991417,0.0,-1.5953851358352877,180,180,180,190,190,180,180
15.325958490371704,0.011532958644958506,8.793591863449624,0.2617993877991417,0.0,-1.5953851358352877,180,180,180,190,190,180,180
15.336174726486206,0.011752742195270748,8.78466677114265,0.2617993877991417,0.0,-1.5954384883430344,180,180,180,180,180,180,180
15.355242252349854,0.011752742195270748,8.78466677114265,0.2617993877991417,0.0,-1.5954384883430344,180,180,180,180,180,180,180
15.36559510231018,0.011964612998626206,8.776003212659816,0.2617993877991417,0.0,-1.5954160622602425,180,180,180,180,180,180,180
15.375783443450928,0.011964612998626206,8.776003212659816,0.2617993877991417,0.0,-1.5954160622602425,180,190,180,180,190,190,180
15.385980367660522,0.011964612998626206,8.776003212659816,0.2617993877991417,0.0,-1.5954160622602425,180,190,180,180,190,190,180
15.400569677352905,0.011964612998626206,8.776003212659816,0.2617993877991417,0.0,-1.5954160622602425,180,190,180,180,190,190,180
15.410991907119751,0.012179222024941438,8.767341405644022,0.2617993877991417,0.0,-1.59532568927447,180,190,180,180,190,190,180
15.421218872070312,0.012179222024941438,8.767341405644022,0.2617993877991417,0.0,-1.59532568927447,180,190,190,190,190,190,180
15.431423902511597,0.012397146476481918,8.758444244214097,0.2617993877991417,0.0,-1.59512982841619,180,190,190,190,190,190,180
15.441653966903687,0.012397146476481918,8.758444244214097,0.2617993877991417,0.0,-1.59512982841619,180,190,190,190,190,190,180
15.452829122543335,0.012397146476481918,8.758444244214097,0.2617993877991417,0.0,-1.59512982841619,180,190,190,190,190,190,180
15.463048219680786,0.012610767915216363,8.74983170827311,0.2617993877991417,0.0,-1.5950789692085448,180,190,190,190,190,190,180
15.473248481750488,0.012610767915216363,8.74983170827311,0.2617993877991417,0.0,-1.5950789692085448,180,190,190,190,190,190,180
15.48346996307373,0.012610767915216363,8.74983170827311,0.2617993877991417,0.0,-1.5950789692085448,190,190,190,190,190,190,180
15.493703126907349,0.012610767915216363,8.74983170827311,0.2617993877991417,0.0,-1.5950789692085448,190,190,190,190,190,190,180
15.505171537399292,0.012820613516795597,8.741254175834163,0.2617993877991417,0.0,-1.5952990751869536,190,190,190,190,190,190,180
15.515426874160767,0.012820613516795597,8.741254175834163,0.2617993877991417,0.0,-1.5952990751869536,190,190,190,190,190,190,180
15.525649309158325,0.012820613516795597,8.741254175834163,0.2617993877991417,0.0,-1.5952990751869536,190,190,190,190,190,190,180
15.535930156707764,0.013040587783682568,8.732382119842152,0.2617993877991417,0.0,-1.5953674825757063,180,190,190,190,180,180,180
15.5548837184906,0.013040587783682568,8.732382119842152,0.2617993877991417,0.0,-1.5953674825757063,180,190,190,190,180,180,180
15.565115690231323,0.01325353260626253,8.72376805350262,0.2617993877991417,0.0,-1.5954723476039618,180,190,190,190,180,180,180
15.575331211090088,0.01325353260626253,8.72376805350262,0.2617993877991417,0.0,-1.5954723476039618,180,190,190,190,180,180,180
15.585587501525879,0.01325353260626253,8.72376805350262,0.2617993877991417,0.0,-1.5954723476039618,190,190,180,190,180,180,180
15.595822095870972,0.013467719482513497,8.715143724983724,0.2617993877991417,0.0,-1.5955687385379873,190,190,180,190,180,180,180
15.606963396072388,0.013467719482513497,8.715143724983724,0.2617993877991417,0.0,-1.5955687385379873,190,190,180,190,180,180,180
15.617158651351929,0.013467719482513497,8.715143724983724,0.2617993877991417,0.0,-1.5955687385379873,190,190,180,190,180,180,180
15.627359628677368,0.013467719482513497,8.715143724983724,0.2617993877991417,0.0,-1.5955687385379873,190,190,180,190,180,180,180
15.637612104415894,0.01368943449011742,8.706245556864044,0.2617993877991417,0.0,-1.5956506851714176,190,190,190,190,180,180,180
15.652987241744995,0.01368943449011742,8.706245556864044,0.2617993877991417,0.0,-1.5956506851714176,190,190,190,190,180,180,180
15.663235187530518,0.013905281928751706,8.697598640105618,0.2617993877991417,0.0,-1.5957268907308824,190,190,190,190,180,180,180
15.673449993133545,0.013905281928751706,8.697598640105618,0.2617993877991417,0.0,-1.5957268907308824,190,190,190,190,180,180,180
15.683635473251343,0.013905281928751706,8.697598640105618,0.2617993877991417,0.0,-1.5957268907308824,190,190,190,190,190,180,180
15.701604127883911,0.013905281928751706,8.697598640105618,0.2617993877991417,0.0,-1.5957268907308824,190,190,190,190,190,180,180
15.711971044540405,0.014121743251881445,8.68894172192772,0.2617993877991417,0.0,-1.5957966106279642,190,190,190,190,190,180,180
15.72263503074646,0.014121743251881445,8.68894172192772,0.2617993877991417,0.0,-1.5957966106279642,190,190,190,190,190,180,180
15.732864379882812,0.014345112853181267,8.680016403141725,0.2617993877991417,0.0,-1.5958443370021915,190,190,180,190,190,180,180
15.751883268356323,0.014345112853181267,8.680016403141725,0.2617993877991417,0.0,-1.5958443370021915,190,190,180,190,190,180,180
15.762142419815063,0.014560411229747994,8.671352965693224,0.2617993877991417,0.0,-1.5958116305529173,190,190,180,190,190,180,180
15.772396326065063,0.014560411229747994,8.671352965693224,0.2617993877991417,0.0,-1.5958116305529173,190,190,180,190,190,180,180
15.782627820968628,0.014560411229747994,8.671352965693224,0.2617993877991417,0.0,-1.5958116305529173,190,180,180,190,180,180,170
15.792850971221924,0.014560411229747994,8.671352965693224,0.2617993877991417,0.0,-1.5958116305529173,190,180,180,190,180,180,170
15.803026914596558,0.014560411229747994,8.671352965693224,0.2617993877991417,0.0,-1.5958116305529173,190,180,180,190,180,180,170
15.813227891921997,0.014778427124447421,8.662692762820821,0.2617993877991417,0.0,-1.5957126130218202,190,180,180,190,180,180,170
15.826049566268921,0.014778427124447421,8.662692762820821,0.2617993877991417,0.0,-1.5957126130218202,190,180,180,190,180,180,170
15.836236953735352,0.014999632622770714,8.65379873616427,0.2617993877991417,0.0,-1.5955183851547305,190,180,180,190,180,180,170
15.846432209014893,0.014999632622770714,8.65379873616427,0.2617993877991417,0.0,-1.5955183851547305,180,180,180,190,180,180,170
15.867504835128784,0.015216701921043333,8.645191071271947,0.2617993877991417,0.0,-1.5955028514809122,180,180,180,190,180,180,170
15.877752542495728,0.015216701921043333,8.645191071271947,0.2617993877991417,0.0,-1.5955028514809122,180,180,180,190,180,180,170
15.887972831726074,0.015216701921043333,8.645191071271947,0.2617993877991417,0.0,-1.5955028514809122,180,180,180,190,190,190,180
15.898215293884277,0.01543043889162602,8.636610217169078,0.2617993877991417,0.0,-1.5957018936427614,180,180,180,190,190,190,180
15.910315752029419,0.01543043889162602,8.636610217169078,0.2617993877991417,0.0,-1.5957018936427614,180,180,180,190,190,190,180
15.920740127563477,0.01543043889162602,8.636610217169078,0.2617993877991417,0.0,-1.5957018936427614,180,180,180,190,190,190,180
15.930941581726074,0.015653923852823638,8.627738041969367,0.2617993877991417,0.0,-1.5957789944975476,180,180,180,180,180,180,180
15.941207885742188,0.015653923852823638,8.627738041969367,0.2617993877991417,0.0,-1.5957789944975476,180,180,180,180,180,180,180
15.953643321990967,0.015653923852823638,8.627738041969367,0.2617993877991417,0.0,-1.5957789944975476,180,180,180,180,180,180,180
15.963836669921875,0.015870485171194725,8.619122962417606,0.2617993877991417,0.0,-1.5958838579242074,180,180,180,180,180,180,180
15.974029302597046,0.015870485171194725,8.619122962417606,0.2617993877991417,0.0,-1.5958838579242074,180,180,180,180,180,180,180
15.984251976013184,0.015870485171194725,8.619122962417606,0.2617993877991417,0.0,-1.5958838579242074,180,180,180,180,180,180,180
15.999017238616943,0.016088282784322755,8.610497308302662,0.2617993877991417,0.0,-1.5959787354807418,180,180,180,180,180,180,180
16.009256601333618,0.016088282784322755,8.610497308302662,0.2617993877991417,0.0,-1.5959787354807418,180,180,180,180,180,180,180
16.01947784423828,0.016088282784322755,8.610497308302662,0.2617993877991417,0.0,-1.5959787354807418,180,180,180,180,180,180,180
16.03002381324768,0.01631362409673538,8.601597947764272,0.2617993877991417,0.0,-1.5960598507153976,180,180,180,180,180,180,180
16.041120290756226,0.01631362409673538,8.601597947764272,0.2617993877991417,0.0,-1.5960598507153976,180,180,180,180,180,180,180
16.051419734954834,0.01631362409673538,8.601597947764272,0.2617993877991417,0.0,-1.5960598507153976,180,180,180,180,180,180,180
16.061645984649658,0.01653300815674706,8.59294984898466,0.2617993877991417,0.0,-1.5961362169047268,180,180,180,180,180,180,180
16.071854829788208,0.01653300815674706,8.59294984898466,0.2617993877991417,0.0,-1.5961362169047268,180,180,180,180,180,180,180
16.082096576690674,0.01653300815674706,8.59294984898466,0.2617993877991417,0.0,-1.5961362169047268,180,180,180,190,190,180,180
16.102845191955566,0.016752999593858044,8.584291989495899,0.2617993877991417,0.0,-1.5962048155251882,180,180,180,190,190,180,180
16.113065004348755,0.016752999593858044,8.584291989495899,0.2617993877991417,0.0,-1.5962048155251882,180,180,180,190,190,180,180
16.123236656188965,0.016752999593858044,8.584291989495899,0.2617993877991417,0.0,-1.5962048155251882,180,180,180,190,190,180,180
16.13350510597229,0.016979864842128843,8.575366549984327,0.2617993877991417,0.0,-1.5962457994465726,180,180,180,190,190,180,180
16.14754343032837,0.016979864842128843,8.575366549984327,0.2617993877991417,0.0,-1.5962457994465726,180,180,180,190,190,180,180
16.15777611732483,0.016979864842128843,8.575366549984327,0.2617993877991417,0.0,-1.5962457994465726,180,180,180,190,190,180,180
16.16821265220642,0.017198926394669713,8.566703230926436,0.2617993877991417,0.0,-1.596203790172252,180,180,180,190,190,180,180
16.178444385528564,0.017198926394669713,8.566703230926436,0.2617993877991417,0.0,-1.596203790172252,180,180,180,190,180,180,180
16.18868398666382,0.017198926394669713,8.566703230926436,0.2617993877991417,0.0,-1.596203790172252,180,180,180,190,180,180,180
16.199745416641235,0.017198926394669713,8.566703230926436,0.2617993877991417,0.0,-1.596203790172252,180,180,180,190,180,180,180
16.21002721786499,0.017420251663021386,8.558045248702225,0.2617993877991417,0.0,-1.5960927287193127,180,180,180,190,180,180,180
16.2202308177948,0.017420251663021386,8.558045248702225,0.2617993877991417,0.0,-1.5960927287193127,180,180,180,180,180,180,180
16.230440616607666,0.017644566877681844,8.549153987487227,0.2617993877991417,0.0,-1.5959043400737347,180,180,180,180,180,180,180
16.240690231323242,0.017644566877681844,8.549153987487227,0.2617993877991417,0.0,-1.5959043400737347,180,180,180,180,180,180,180
16.251514673233032,0.017644566877681844,8.549153987487227,0.2617993877991417,0.0,-1.5959043400737347,180,180,180,180,180,180,180
16.26173424720764,0.017864790487447837,8.540551957129164,0.2617993877991417,0.0,-1.5959302935357953,180,180,180,180,180,180,180
16.27195906639099,0.017864790487447837,8.540551957129164,0.2617993877991417,0.0,-1.5959302935357953,180,180,180,180,190,190,180
16.28219223022461,0.017864790487447837,8.540551957129164,0.2617993877991417,0.0,-1.5959302935357953,180,180,180,180,190,190,180
16.300235748291016,0.017864790487447837,8.540551957129164,0.2617993877991417,0.0,-1.5959302935357953,180,180,180,180,190,190,180
16.310431003570557,0.01808289925279853,8.53196671368344,0.2617993877991417,0.0,-1.5961043042160588,180,180,180,180,190,190,180
16.320642948150635,0.01808289925279853,8.53196671368344,0.2617993877991417,0.0,-1.5961043042160588,180,180,180,180,190,190,180
16.330846786499023,0.018309637250556298,8.523095629134438,0.2617993877991417,0.0,-1.5961953779134426,180,180,180,190,190,190,180
16.349874019622803,0.018309637250556298,8.523095629134438,0.2617993877991417,0.0,-1.5961953779134426,180,180,180,190,190,190,180
16.36018657684326,0.018309637250556298,8.523095629134438,0.2617993877991417,0.0,-1.5961953779134426,180,180,180,190,190,190,180
16.37035059928894,0.018529810783885627,8.514479521159853,0.2617993877991417,0.0,-1.5962997079861088,180,190,180,190,190,190,180
16.38057851791382,0.018529810783885627,8.514479521159853,0.2617993877991417,0.0,-1.5962997079861088,180,190,180,190,190,190,180
16.398996353149414,0.018751246230736884,8.505852503546961,0.2617993877991417,0.0,-1.5963924796534237,180,190,180,190,190,190,180
16.409271240234375,0.018751246230736884,8.505852503546961,0.2617993877991417,0.0,-1.5963924796534237,180,190,180,190,190,190,180
16.41949224472046,0.018751246230736884,8.505852503546961,0.2617993877991417,0.0,-1.5963924796534237,180,190,180,190,190,190,180
16.429697513580322,0.018980252263329788,8.496951975921387,0.2617993877991417,0.0,-1.5964726347390619,180,190,180,190,190,190,180
16.440008640289307,0.018980252263329788,8.496951975921387,0.2617993877991417,0.0,-1.5964726347390619,180,190,180,190,190,190,180
16.450257778167725,0.018980252263329788,8.496951975921387,0.2617993877991417,0.0,-1.5964726347390619,180,190,180,190,190,190,180
16.4604332447052,0.018980252263329788,8.496951975921387,0.2617993877991417,0.0,-1.5964726347390619,180,190,180,190,190,190,180
16.47063183784485,0.019203205421620614,8.488302709731474,0.2617993877991417,0.0,-1.5965486533427404,180,190,180,190,190,190,180
16.481779098510742,0.019203205421620614,8.488302709731474,0.2617993877991417,0.0,-1.5965486533427404,180,190,180,190,190,190,180
16.497672080993652,0.01942676179325589,8.479643972046597,0.2617993877991417,0.0,-1.5966164268532006,180,190,180,190,190,190,180
16.507879972457886,0.01942676179325589,8.479643972046597,0.2617993877991417,0.0,-1.5966164268532006,180,190,180,190,190,190,180
16.518059968948364,0.01942676179325589,8.479643972046597,0.2617993877991417,0.0,-1.5966164268532006,180,190,180,190,190,190,180
16.528449773788452,0.019657079785245824,8.470718474237803,0.2617993877991417,0.0,-1.5966485412392577,180,190,180,190,190,190,180
16.53864884376526,0.019657079785245824,8.470718474237803,0.2617993877991417,0.0,-1.5966485412392577,180,190,180,190,190,190,180
16.550657749176025,0.019657079785245824,8.470718474237803,0.2617993877991417,0.0,-1.5966485412392577,180,190,180,190,190,190,180
16.56084895133972,0.019657079785245824,8.470718474237803,0.2617993877991417,0.0,-1.5966485412392577,180,190,180,190,190,190,180
16.571025609970093,0.01988028765618021,8.462055264933845,0.2617993877991417,0.0,-1.5965981064188943,180,190,180,190,190,190,180
16.581221342086792,0.01988028765618021,8.462055264933845,0.2617993877991417,0.0,-1.5965981064188943,180,190,180,190,190,190,180
16.60036611557007,0.01988028765618021,8.462055264933845,0.2617993877991417,0.0,-1.5965981064188943,180,190,180,190,190,190,180
16.610722064971924,0.020104760066124733,8.453400166177895,0.2617993877991417,0.0,-1.5964712795178002,180,190,180,190,190,190,180
16.621325731277466,0.020104760066124733,8.453400166177895,0.2617993877991417,0.0,-1.5964712795178002,180,190,180,190,190,190,180
16.631549835205078,0.020332163486260914,8.444511342787287,0.2617993877991417,0.0,-1.59629288924024,180,190,180,180,190,190,180
16.649362564086914,0.020332163486260914,8.444511342787287,0.2617993877991417,0.0,-1.59629288924024,180,190,180,180,190,190,180
16.659604787826538,0.020332163486260914,8.444511342787287,0.2617993877991417,0.0,-1.59629288924024,180,190,180,180,190,190,180
16.669821739196777,0.020555559213902754,8.435915459807074,0.2617993877991417,0.0,-1.5963654150105715,180,190,180,180,190,190,180
16.680015325546265,0.020555559213902754,8.435915459807074,0.2617993877991417,0.0,-1.5963654150105715,180,190,180,180,190,190,180
16.701479196548462,0.020555559213902754,8.435915459807074,0.2617993877991417,0.0,-1.5963654150105715,180,190,180,180,190,190,180
16.711825132369995,0.020778032896357386,8.427324775828232,0.2617993877991417,0.0,-1.5965099982940143,180,190,180,180,190,190,180
16.72206997871399,0.020778032896357386,8.427324775828232,0.2617993877991417,0.0,-1.5965099982940143,180,190,180,180,190,190,180
16.732357025146484,0.021007973326292343,8.4184544001833,0.2617993877991417,0.0,-1.5966117480057458,180,190,180,180,190,190,180
16.750717163085938,0.021007973326292343,8.4184544001833,0.2617993877991417,0.0,-1.5966117480057458,180,190,180,180,190,190,180
16.760920524597168,0.021007973326292343,8.4184544001833,0.2617993877991417,0.0,-1.5966117480057458,180,190,180,180,190,190,180
16.77111268043518,0.02123175040570801,8.409837191800118,0.2617993877991417,0.0,-1.596715486378264,180,190,180,180,190,190,180
16.78129243850708,0.02123175040570801,8.409837191800118,0.2617993877991417,0.0,-1.596715486378264,180,190,180,180,190,190,180
16.791460037231445,0.02123175040570801,8.409837191800118,0.2617993877991417,0.0,-1.596715486378264,180,190,180,180,190,190,180
16.802425146102905,0.021456802096567702,8.401208788830608,0.2617993877991417,0.0,-1.5968063537411747,180,190,180,180,190,190,180
16.8126323223114,0.021456802096567702,8.401208788830608,0.2617993877991417,0.0,-1.5968063537411747,180,190,180,180,190,190,180
16.822824478149414,0.021456802096567702,8.401208788830608,0.2617993877991417,0.0,-1.5968063537411747,180,190,180,180,190,190,180
16.83305525779724,0.02168949209600946,8.392307093157807,0.2617993877991417,0.0,-1.5968862553685486,180,190,180,140,190,190,180
16.851744890213013,0.02168949209600946,8.392307093157807,0.2617993877991417,0.0,-1.5968862553685486,180,190,180,140,190,190,180
16.861944913864136,0.021916022798063404,8.383656663159966,0.2617993877991417,0.0,-1.5969622082229857,180,190,180,140,190,190,180
16.87223744392395,0.021916022798063404,8.383656663159966,0.2617993877991417,0.0,-1.5969622082229857,180,190,180,140,190,190,180
16.882461547851562,0.021916022798063404,8.383656663159966,0.2617993877991417,0.0,-1.5969622082229857,180,190,180,140,190,190,190
16.90069818496704,0.021916022798063404,8.383656663159966,0.2617993877991417,0.0,-1.5969622082229857,180,190,180,140,190,190,190
16.911004781723022,0.02214314714745555,8.374997122043286,0.2617993877991417,0.0,-1.5970289638287696,180,190,180,140,190,190,190
16.921247959136963,0.02214314714745555,8.374997122043286,0.2617993877991417,0.0,-1.5970289638287696,180,190,180,140,190,190,190
16.93147897720337,0.022376896001890023,8.36607164590183,0.2617993877991417,0.0,-1.5970519810576578,180,190,180,140,190,190,190
16.95026993751526,0.022376896001890023,8.36607164590183,0.2617993877991417,0.0,-1.5970519810576578,180,190,180,140,190,190,190
16.960578680038452,0.022376896001890023,8.36607164590183,0.2617993877991417,0.0,-1.5970519810576578,180,190,180,140,190,190,190
16.970791816711426,0.022604479329503234,8.357408590306822,0.2617993877991417,0.0,-1.5969939434708167,180,190,180,140,190,190,180
16.98100781440735,0.022604479329503234,8.357408590306822,0.2617993877991417,0.0,-1.5969939434708167,180,190,180,140,190,190,180
16.99122381210327,0.022604479329503234,8.357408590306822,0.2617993877991417,0.0,-1.5969939434708167,180,190,180,140,190,190,180
17.0014226436615,0.022831866927236027,8.348757009304387,0.2617993877991417,0.0,-1.596848938667217,180,190,180,140,190,190,180
17.011757373809814,0.022831866927236027,8.348757009304387,0.2617993877991417,0.0,-1.596848938667217,180,190,180,140,190,190,180
17.021955966949463,0.022831866927236027,8.348757009304387,0.2617993877991417,0.0,-1.596848938667217,180,190,180,140,180,190,180
17.03216576576233,0.023062665465024865,8.339870402961907,0.2617993877991417,0.0,-1.5966852108586413,180,190,180,140,180,190,180
17.042473793029785,0.023062665465024865,8.339870402961907,0.2617993877991417,0.0,-1.5966852108586413,180,190,180,140,180,190,180
17.052966594696045,0.023062665465024865,8.339870402961907,0.2617993877991417,0.0,-1.5966852108586413,180,190,180,140,180,190,180
17.06319546699524,0.023289166363460203,8.331280739052861,0.2617993877991417,0.0,-1.5968050528865667,180,190,180,140,180,190,180
17.073426246643066,0.023289166363460203,8.331280739052861,0.2617993877991417,0.0,-1.5968050528865667,180,190,180,130,180,190,180
17.083638668060303,0.023289166363460203,8.331280739052861,0.2617993877991417,0.0,-1.5968050528865667,180,190,180,130,180,190,180
17.100383043289185,0.023289166363460203,8.331280739052861,0.2617993877991417,0.0,-1.5968050528865667,180,190,180,130,180,190,180
17.11074137687683,0.023516015437145776,8.32268339083765,0.2617993877991417,0.0,-1.596914166836938,180,190,180,130,180,190,180
17.120954990386963,0.023516015437145776,8.32268339083765,0.2617993877991417,0.0,-1.596914166836938,180,190,180,140,180,190,180
17.13115429878235,0.02374903663331195,8.313813507542928,0.2617993877991417,0.0,-1.5970240883445588,180,190,180,140,180,190,180
17.141380548477173,0.02374903663331195,8.313813507542928,0.2617993877991417,0.0,-1.5970240883445588,180,190,180,140,180,190,180
17.152073621749878,0.02374903663331195,8.313813507542928,0.2617993877991417,0.0,-1.5970240883445588,180,190,180,140,180,190,180
17.16231417655945,0.023976386533402255,8.305195201475946,0.2617993877991417,0.0,-1.5971268930628915,180,190,180,140,180,190,180
17.172531604766846,0.023976386533402255,8.305195201475946,0.2617993877991417,0.0,-1.5971268930628915,180,190,180,140,180,190,180
17.182738542556763,0.023976386533402255,8.305195201475946,0.2617993877991417,0.0,-1.5971268930628915,180,190,180,140,180,190,180
17.20009756088257,0.024205006614400115,8.29656542638522,0.2617993877991417,0.0,-1.5972155097802188,180,190,180,140,180,190,180
17.21032691001892,0.024205006614400115,8.29656542638522,0.2617993877991417,0.0,-1.5972155097802188,180,190,180,140,180,190,180
17.22052812576294,0.024205006614400115,8.29656542638522,0.2617993877991417,0.0,-1.5972155097802188,180,190,180,180,190,190,180
17.23073410987854,0.024441346833158257,8.287662577222703,0.2617993877991417,0.0,-1.5972950241714523,180,190,180,180,190,190,180
17.24093723297119,0.024441346833158257,8.287662577222703,0.2617993877991417,0.0,-1.5972950241714523,180,190,180,180,190,190,180
17.25189518928528,0.024441346833158257,8.287662577222703,0.2617993877991417,0.0,-1.5972950241714523,180,190,180,180,190,190,180
17.262168407440186,0.024671413352041552,8.279011026301845,0.2617993877991417,0.0,-1.5973702439730375,180,190,180,180,190,190,180
17.272440910339355,0.024671413352041552,8.279011026301845,0.2617993877991417,0.0,-1.5973702439730375,180,190,180,180,190,190,180
17.28292155265808,0.024671413352041552,8.279011026301845,0.2617993877991417,0.0,-1.5973702439730375,180,190,180,180,190,190,180
17.299616813659668,0.024671413352041552,8.279011026301845,0.2617993877991417,0.0,-1.5973702439730375,180,190,180,180,190,190,180
17.309945344924927,0.024902047620768,8.270350795511936,0.2617993877991417,0.0,-1.5974348393522717,180,190,180,180,190,190,180
17.320156812667847,0.024902047620768,8.270350795511936,0.2617993877991417,0.0,-1.5974348393522717,180,190,180,180,190,190,180
17.330365419387817,0.025139152020529815,8.26142535906945,0.2617993877991417,0.0,-1.5974479073437502,180,190,180,180,190,190,180
17.340550184249878,0.025139152020529815,8.26142535906945,0.2617993877991417,0.0,-1.5974479073437502,180,190,180,180,190,190,180
17.35693907737732,0.025139152020529815,8.26142535906945,0.2617993877991417,0.0,-1.5974479073437502,180,190,180,180,190,190,180
17.367153644561768,0.025371043987454683,8.252762420170068,0.2617993877991417,0.0,-1.5973813000330832,180,190,180,180,190,190,180
17.377304077148438,0.025371043987454683,8.252762420170068,0.2617993877991417,0.0,-1.5973813000330832,180,190,180,180,190,190,180
17.387531757354736,0.025371043987454683,8.252762420170068,0.2617993877991417,0.0,-1.5973813000330832,190,190,180,190,190,190,190
17.40136957168579,0.025371043987454683,8.252762420170068,0.2617993877991417,0.0,-1.5973813000330832,190,190,180,190,190,190,190
17.411798238754272,0.025601144523050817,8.244114873275596,0.2617993877991417,0.0,-1.5972187403279747,190,190,180,190,190,190,190
17.4220027923584,0.025601144523050817,8.244114873275596,0.2617993877991417,0.0,-1.5972187403279747,190,190,180,190,190,190,190
17.43227195739746,0.02583581999556465,8.235230437751335,0.2617993877991417,0.0,-1.5970742902688513,190,190,190,180,190,190,190
17.442464590072632,0.02583581999556465,8.235230437751335,0.2617993877991417,0.0,-1.5970742902688513,190,190,190,180,190,190,190
17.454245567321777,0.02583581999556465,8.235230437751335,0.2617993877991417,0.0,-1.5970742902688513,190,190,190,180,190,190,190
17.464470863342285,0.026065109214704313,8.226646390672107,0.2617993877991417,0.0,-1.5972368265861598,190,190,190,180,190,190,190
17.474663019180298,0.026065109214704313,8.226646390672107,0.2617993877991417,0.0,-1.5972368265861598,190,190,190,180,190,190,190
17.484925508499146,0.026065109214704313,8.226646390672107,0.2617993877991417,0.0,-1.5972368265861598,190,190,190,190,190,190,190
17.50452208518982,0.026065109214704313,8.226646390672107,0.2617993877991417,0.0,-1.5972368265861598,190,190,190,190,190,190,190
17.514773845672607,0.026065109214704313,8.226646390672107,0.2617993877991417,0.0,-1.5972368265861598,190,190,190,190,190,190,190
17.524999618530273,0.02629594724910348,8.218043443350114,0.2617993877991417,0.0,-1.5973191710785182,190,190,190,190,190,190,190
17.535247087478638,0.026532285267600472,8.209173060615242,0.2617993877991417,0.0,-1.5974314237971632,190,190,190,190,190,190,190
17.545474767684937,0.026532285267600472,8.209173060615242,0.2617993877991417,0.0,-1.5974314237971632,190,190,190,190,190,190,190
17.556362867355347,0.026532285267600472,8.209173060615242,0.2617993877991417,0.0,-1.5974314237971632,190,190,190,190,190,190,190
17.566542387008667,0.02676317624763821,8.200553638489563,0.2617993877991417,0.0,-1.5975336102147675,190,190,190,190,190,190,190
17.576765775680542,0.02676317624763821,8.200553638489563,0.2617993877991417,0.0,-1.5975336102147675,190,190,190,190,190,190,190
17.587984085083008,0.02676317624763821,8.200553638489563,0.2617993877991417,0.0,-1.5975336102147675,190,190,190,190,180,190,190
17.605139017105103,0.02699532429858379,8.191922502485747,0.2617993877991417,0.0,-1.5976204605336775,190,190,190,190,180,190,190
17.615351676940918,0.02699532429858379,8.191922502485747,0.2617993877991417,0.0,-1.5976204605336775,190,190,190,190,180,190,190
17.625535488128662,0.02699532429858379,8.191922502485747,0.2617993877991417,0.0,-1.5976204605336775,190,190,190,190,190,190,190
17.63572382926941,0.02723527797067237,8.183018506851248,0.2617993877991417,0.0,-1.5977001630697525,190,190,190,190,190,190,190
17.64592957496643,0.02723527797067237,8.183018506851248,0.2617993877991417,0.0,-1.5977001630697525,190,190,190,190,190,190,190
17.656142950057983,0.02723527797067237,8.183018506851248,0.2617993877991417,0.0,-1.5977001630697525,190,190,190,190,190,190,190
17.666364908218384,0.027468848671123185,8.174365871887495,0.2617993877991417,0.0,-1.5977747809581713,190,190,190,190,190,190,190
17.676591396331787,0.027468848671123185,8.174365871887495,0.2617993877991417,0.0,-1.5977747809581713,190,190,200,190,190,190,190
17.686779260635376,0.027468848671123185,8.174365871887495,0.2617993877991417,0.0,-1.5977747809581713,190,190,200,190,190,190,190
17.696954250335693,0.02770295663517732,8.165705089309903,0.2617993877991417,0.0,-1.5978367505280016,190,190,200,190,190,190,190
17.708312511444092,0.02770295663517732,8.165705089309903,0.2617993877991417,0.0,-1.5978367505280016,190,190,200,190,190,190,190
17.718552827835083,0.02770295663517732,8.165705089309903,0.2617993877991417,0.0,-1.5978367505280016,190,190,200,190,190,190,190
17.728764057159424,0.02794337197880161,8.156779736640217,0.2617993877991417,0.0,-1.5978395661893294,190,190,190,190,190,190,180
17.738974809646606,0.02794337197880161,8.156779736640217,0.2617993877991417,0.0,-1.5978395661893294,190,190,190,190,190,190,180
17.751652240753174,0.02794337197880161,8.156779736640217,0.2617993877991417,0.0,-1.5978395661893294,190,190,190,190,190,190,180
17.761869192123413,0.028179123541837794,8.148117100143821,0.2617993877991417,0.0,-1.5977648727117915,190,190,190,190,190,190,180
17.772075176239014,0.028179123541837794,8.148117100143821,0.2617993877991417,0.0,-1.5977648727117915,190,190,190,190,190,190,180
17.78254795074463,0.028179123541837794,8.148117100143821,0.2617993877991417,0.0,-1.5977648727117915,190,190,190,190,190,190,180
17.792737007141113,0.028179123541837794,8.148117100143821,0.2617993877991417,0.0,-1.5977648727117915,190,190,190,190,190,190,180
17.80292844772339,0.028412104352764044,8.139473728740082,0.2617993877991417,0.0,-1.597587006390197,190,190,190,190,190,190,180
17.813119173049927,0.028412104352764044,8.139473728740082,0.2617993877991417,0.0,-1.597587006390197,190,190,190,190,190,190,180
17.823341369628906,0.028412104352764044,8.139473728740082,0.2617993877991417,0.0,-1.597587006390197,190,190,190,190,190,190,180
17.83355951309204,0.02865118453750868,8.13059168129514,0.2617993877991417,0.0,-1.5974649806676862,190,190,180,190,190,190,180
17.843751668930054,0.02865118453750868,8.13059168129514,0.2617993877991417,0.0,-1.5974649806676862,190,190,180,190,190,190,180
17.856727838516235,0.02865118453750868,8.13059168129514,0.2617993877991417,0.0,-1.5974649806676862,190,190,180,190,190,190,180
17.866971969604492,0.02888292873578885,8.122011900088093,0.2617993877991417,0.0,-1.5976594572741105,190,190,180,190,190,190,180
17.877186059951782,0.02888292873578885,8.122011900088093,0.2617993877991417,0.0,-1.5976594572741105,190,190,180,130,190,190,180
17.887492179870605,0.02888292873578885,8.122011900088093,0.2617993877991417,0.0,-1.5976594572741105,190,190,180,130,190,190,180
17.902133464813232,0.02888292873578885,8.122011900088093,0.2617993877991417,0.0,-1.5976594572741105,190,190,180,130,190,190,180
17.912331104278564,0.029117364916603262,8.113405339350335,0.2617993877991417,0.0,-1.597728214387238,190,190,180,130,190,190,180
17.923032999038696,0.029117364916603262,8.113405339350335,0.2617993877991417,0.0,-1.597728214387238,190,190,180,130,190,190,180
17.933793306350708,0.029357352569225677,8.104533818238394,0.2617993877991417,0.0,-1.5978389410524505,190,190,190,190,190,190,180
17.95075297355652,0.029357352569225677,8.104533818238394,0.2617993877991417,0.0,-1.5978389410524505,190,190,190,190,190,190,180
17.96097993850708,0.029357352569225677,8.104533818238394,0.2617993877991417,0.0,-1.5978389410524505,190,190,190,190,190,190,180
17.97117042541504,0.029591796969504137,8.095913236882474,0.2617993877991417,0.0,-1.5979398011656052,190,190,180,190,180,190,180
17.981387853622437,0.029591796969504137,8.095913236882474,0.2617993877991417,0.0,-1.5979398011656052,190,190,180,190,180,190,180
17.991557121276855,0.029591796969504137,8.095913236882474,0.2617993877991417,0.0,-1.5979398011656052,190,190,180,190,180,190,180
18.003255605697632,0.029827470967828663,8.087280729716673,0.2617993877991417,0.0,-1.5980244270209856,190,190,180,190,180,190,180
18.013455390930176,0.029827470967828663,8.087280729716673,0.2617993877991417,0.0,-1.5980244270209856,190,190,180,190,180,190,180
18.02367377281189,0.029827470967828663,8.087280729716673,0.2617993877991417,0.0,-1.5980244270209856,190,190,190,190,180,190,180
18.033923864364624,0.030071023242653837,8.078375569711092,0.2617993877991417,0.0,-1.598103968069549,190,190,190,190,180,190,180
18.04971933364868,0.030071023242653837,8.078375569711092,0.2617993877991417,0.0,-1.598103968069549,190,190,190,190,180,190,180
18.059978008270264,0.030071023242653837,8.078375569711092,0.2617993877991417,0.0,-1.598103968069549,190,190,190,190,180,190,180
18.070347547531128,0.03030808428198677,8.069721860494791,0.2617993877991417,0.0,-1.5981774904132935,190,190,190,190,180,190,180
18.080684423446655,0.03030808428198677,8.069721860494791,0.2617993877991417,0.0,-1.5981774904132935,190,190,180,190,180,190,180
18.09101152420044,0.03030808428198677,8.069721860494791,0.2617993877991417,0.0,-1.5981774904132935,190,190,180,190,180,190,180
18.10815668106079,0.030545647341546345,8.061060617542077,0.2617993877991417,0.0,-1.598235982473524,190,190,180,190,180,190,180
18.118383646011353,0.030545647341546345,8.061060617542077,0.2617993877991417,0.0,-1.598235982473524,190,190,180,190,180,190,180
18.128642559051514,0.030789329939067273,8.052135341338868,0.2617993877991417,0.0,-1.5982281258980497,190,190,180,190,180,190,180
18.138859033584595,0.030789329939067273,8.052135341338868,0.2617993877991417,0.0,-1.5982281258980497,190,190,180,190,180,180,180
18.15958070755005,0.030789329939067273,8.052135341338868,0.2617993877991417,0.0,-1.5982281258980497,190,190,180,190,180,180,180
18.16981339454651,0.031028433483507912,8.043473280471165,0.2617993877991417,0.0,-1.5981459429718428,190,190,180,190,180,180,180
18.18000841140747,0.031028433483507912,8.043473280471165,0.2617993877991417,0.0,-1.5981459429718428,190,190,180,190,180,180,180
18.190185070037842,0.031028433483507912,8.043473280471165,0.2617993877991417,0.0,-1.5981459429718428,190,190,180,190,180,180,180
18.206353187561035,0.03126458144060846,8.034833850355358,0.2617993877991417,0.0,-1.5979572836985323,190,190,180,190,180,180,180
18.216549396514893,0.03126458144060846,8.034833850355358,0.2617993877991417,0.0,-1.5979572836985323,190,190,180,190,180,180,180
18.226758241653442,0.03126458144060846,8.034833850355358,0.2617993877991417,0.0,-1.5979572836985323,190,190,180,190,180,180,180
18.236995220184326,0.03150830900290868,8.02595474030463,0.2617993877991417,0.0,-1.5978593630109978,190,190,180,190,180,180,180
18.2566819190979,0.03150830900290868,8.02595474030463,0.2617993877991417,0.0,-1.5978593630109978,190,190,180,190,180,180,180
18.266939163208008,0.03174259760037513,8.017377755152271,0.2617993877991417,0.0,-1.5980768088902013,190,190,180,190,180,180,180
18.277153730392456,0.03174259760037513,8.017377755152271,0.2617993877991417,0.0,-1.5980768088902013,190,190,180,190,180,180,180
18.287363290786743,0.03174259760037513,8.017377755152271,0.2617993877991417,0.0,-1.5980768088902013,190,190,180,190,180,180,180
18.30294108390808,0.031980349789972315,8.00876967793119,0.2617993877991417,0.0,-1.5981451638581814,190,190,180,190,180,180,180
18.313166618347168,0.031980349789972315,8.00876967793119,0.2617993877991417,0.0,-1.5981451638581814,190,190,180,190,180,180,180
18.323447942733765,0.031980349789972315,8.00876967793119,0.2617993877991417,0.0,-1.5981451638581814,190,190,180,190,180,180,180
18.33365535736084,0.0322241847383423,7.999896969137399,0.2617993877991417,0.0,-1.598254886831265,190,190,180,190,180,180,180
18.35257077217102,0.0322241847383423,7.999896969137399,0.2617993877991417,0.0,-1.598254886831265,190,190,180,190,180,180,180
18.362818956375122,0.03246225812359073,7.991275197694515,0.2617993877991417,0.0,-1.5983546110590054,190,190,180,190,180,180,180
18.373005390167236,0.03246225812359073,7.991275197694515,0.2617993877991417,0.0,-1.5983546110590054,190,190,180,190,180,180,180
18.38322138786316,0.03246225812359073,7.991275197694515,0.2617993877991417,0.0,-1.5983546110590054,190,190,180,190,180,180,180
18.40082621574402,0.03246225812359073,7.991275197694515,0.2617993877991417,0.0,-1.5983546110590054,190,190,180,190,180,180,180
18.411122798919678,0.03270153470363308,7.982641344426354,0.2617993877991417,0.0,-1.5984376034643395,190,190,180,190,180,180,180
18.42129898071289,0.03270153470363308,7.982641344426354,0.2617993877991417,0.0,-1.5984376034643395,190,190,180,190,180,180,180
18.431506156921387,0.03294876509720791,7.973734994614016,0.2617993877991417,0.0,-1.5985173798419112,190,190,180,190,190,180,180
18.441707849502563,0.03294876509720791,7.973734994614016,0.2617993877991417,0.0,-1.5985173798419112,190,190,180,190,190,180,180
18.4526150226593,0.03294876509720791,7.973734994614016,0.2617993877991417,0.0,-1.5985173798419112,190,190,180,190,190,180,180
18.462809324264526,0.03318939700734363,7.965080241474465,0.2617993877991417,0.0,-1.598589974451602,190,190,180,190,190,180,180
18.4729962348938,0.03318939700734363,7.965080241474465,0.2617993877991417,0.0,-1.598589974451602,190,190,180,190,190,180,190
18.483173847198486,0.03318939700734363,7.965080241474465,0.2617993877991417,0.0,-1.598589974451602,190,190,180,190,190,180,190
18.493303060531616,0.03318939700734363,7.965080241474465,0.2617993877991417,0.0,-1.598589974451602,190,190,180,190,190,180,190
18.50402307510376,0.03318939700734363,7.965080241474465,0.2617993877991417,0.0,-1.598589974451602,190,190,180,190,190,180,190
18.514353275299072,0.03343049492375199,7.956418663860224,0.2617993877991417,0.0,-1.598644546225865,190,190,180,190,190,180,190
18.524543046951294,0.03343049492375199,7.956418663860224,0.2617993877991417,0.0,-1.598644546225865,190,190,180,190,190,180,190
18.534752130508423,0.03367752275232855,7.947493515635301,0.2617993877991417,0.0,-1.59862611914073,190,190,180,190,190,180,190
18.553659439086914,0.03367752275232855,7.947493515635301,0.2617993877991417,0.0,-1.59862611914073,190,190,180,190,190,180,190
18.563857555389404,0.03391997166343494,7.938832431332761,0.2617993877991417,0.0,-1.5985364750601054,190,190,180,190,190,180,190
18.57407808303833,0.03391997166343494,7.938832431332761,0.2617993877991417,0.0,-1.5985364750601054,190,190,180,190,190,180,190
18.58426332473755,0.03391997166343494,7.938832431332761,0.2617993877991417,0.0,-1.5985364750601054,190,190,180,190,190,180,190
18.594469785690308,0.034159416962161904,7.930196545950988,0.2617993877991417,0.0,-1.5983426561175667,190,190,180,190,190,180,190
18.607568979263306,0.034159416962161904,7.930196545950988,0.2617993877991417,0.0,-1.5983426561175667,190,190,180,190,190,180,190
18.617750883102417,0.034159416962161904,7.930196545950988,0.2617993877991417,0.0,-1.5983426561175667,190,190,180,190,190,180,190
18.62792992591858,0.034159416962161904,7.930196545950988,0.2617993877991417,0.0,-1.5983426561175667,190,190,180,190,190,180,190
18.638121843338013,0.034407585630041634,7.921321172826035,0.2617993877991417,0.0,-1.598271674059467,190,190,180,190,180,180,190
18.653785467147827,0.034407585630041634,7.921321172826035,0.2617993877991417,0.0,-1.598271674059467,190,190,180,190,180,180,190
18.663992643356323,0.0346448756060234,7.912744922624515,0.2617993877991417,0.0,-1.5984962771436186,190,190,180,190,180,180,190
18.674182415008545,0.0346448756060234,7.912744922624515,0.2617993877991417,0.0,-1.5984962771436186,190,190,180,190,180,180,190
18.68435049057007,0.0346448756060234,7.912744922624515,0.2617993877991417,0.0,-1.5984962771436186,190,190,180,190,180,180,190
18.694530963897705,0.03488601703268099,7.904134898048967,0.2617993877991417,0.0,-1.5985609759669495,190,190,180,190,180,180,190
18.704887628555298,0.03488601703268099,7.904134898048967,0.2617993877991417,0.0,-1.5985609759669495,190,190,180,190,180,180,190
18.715088844299316,0.03488601703268099,7.904134898048967,0.2617993877991417,0.0,-1.5985609759669495,190,190,180,190,180,180,190
18.72526741027832,0.03488601703268099,7.904134898048967,0.2617993877991417,0.0,-1.5985609759669495,190,190,180,190,190,180,190
18.735501766204834,0.0351336895958236,7.895261088729381,0.2617993877991417,0.0,-1.598669946935181,190,190,180,190,190,180,190
18.75093150138855,0.0351336895958236,7.895261088729381,0.2617993877991417,0.0,-1.598669946935181,190,190,180,190,190,180,190
18.76115655899048,0.03537541500634703,7.886638040743403,0.2617993877991417,0.0,-1.5987680294684166,190,190,180,190,190,180,190
18.7713463306427,0.03537541500634703,7.886638040743403,0.2617993877991417,0.0,-1.5987680294684166,190,190,180,190,190,180,190
18.781872034072876,0.03537541500634703,7.886638040743403,0.2617993877991417,0.0,-1.5987680294684166,190,190,180,190,190,180,190
18.801379442214966,0.03537541500634703,7.886638040743403,0.2617993877991417,0.0,-1.5987680294684166,190,190,180,190,190,180,190
18.811723470687866,0.03561824715325154,7.878002943945676,0.2617993877991417,0.0,-1.598849202857677,190,190,180,190,190,180,190
18.822027683258057,0.03561824715325154,7.878002943945676,0.2617993877991417,0.0,-1.598849202857677,190,190,180,190,180,180,180
18.832228422164917,0.03586914175075082,7.869095394770884,0.2617993877991417,0.0,-1.5989287775134526,190,190,180,190,180,180,180
18.842418670654297,0.03586914175075082,7.869095394770884,0.2617993877991417,0.0,-1.5989287775134526,190,190,180,190,180,180,180
18.85797929763794,0.03586914175075082,7.869095394770884,0.2617993877991417,0.0,-1.5989287775134526,190,190,180,190,180,180,180
18.868216514587402,0.03611332360896834,7.860439633080325,0.2617993877991417,0.0,-1.598999817551509,190,190,180,190,180,180,180
18.878427267074585,0.03611332360896834,7.860439633080325,0.2617993877991417,0.0,-1.598999817551509,190,190,180,190,180,180,180
18.888641834259033,0.03611332360896834,7.860439633080325,0.2617993877991417,0.0,-1.598999817551509,190,190,180,190,180,180,180
18.907690048217773,0.03635791230908954,7.8517778166778465,0.2617993877991417,0.0,-1.599049365364695,190,190,180,190,180,180,180
18.917980909347534,0.03635791230908954,7.8517778166778465,0.2617993877991417,0.0,-1.599049365364695,190,190,180,190,180,180,180
18.92819571495056,0.03635791230908954,7.8517778166778465,0.2617993877991417,0.0,-1.599049365364695,190,190,180,190,190,180,190
18.938415050506592,0.03660838501344984,7.842852798756307,0.2617993877991417,0.0,-1.599020203920869,190,190,180,190,190,180,190
18.9525363445282,0.03660838501344984,7.842852798756307,0.2617993877991417,0.0,-1.599020203920869,190,190,180,190,190,180,190
18.962749481201172,0.03685421108036593,7.8341931487256655,0.2617993877991417,0.0,-1.5989216742637715,190,190,180,190,190,180,190
18.9729585647583,0.03685421108036593,7.8341931487256655,0.2617993877991417,0.0,-1.5989216742637715,190,190,180,190,190,180,190
18.983177185058594,0.03685421108036593,7.8341931487256655,0.2617993877991417,0.0,-1.5989216742637715,190,190,180,190,190,180,190
19.002933740615845,0.03685421108036593,7.8341931487256655,0.2617993877991417,0.0,-1.5989216742637715,190,190,180,190,190,180,190
19.013314247131348,0.03709681298076338,7.825560351702024,0.2617993877991417,0.0,-1.5987281060462069,190,190,180,190,190,180,190
19.023537397384644,0.03709681298076338,7.825560351702024,0.2617993877991417,0.0,-1.5987281060462069,190,190,180,190,190,180,190
19.03376603126526,0.03734872002608775,7.816689530915302,0.2617993877991417,0.0,-1.5986898160181526,190,190,180,190,190,180,190
19.050935745239258,0.03734872002608775,7.816689530915302,0.2617993877991417,0.0,-1.5986898160181526,190,190,180,190,190,180,190
19.061147212982178,0.03734872002608775,7.816689530915302,0.2617993877991417,0.0,-1.5986898160181526,190,190,180,190,190,180,190
19.071500539779663,0.03758965809907847,7.808111347655961,0.2617993877991417,0.0,-1.598902602430452,190,190,180,190,190,190,190
19.08171319961548,0.03758965809907847,7.808111347655961,0.2617993877991417,0.0,-1.598902602430452,190,190,180,190,190,190,190
19.091935634613037,0.03758965809907847,7.808111347655961,0.2617993877991417,0.0,-1.598902602430452,190,190,180,190,190,190,190
19.105910062789917,0.03783418822124165,7.799500629319666,0.2617993877991417,0.0,-1.5989722372828055,190,190,180,190,190,190,190
19.11616086959839,0.03783418822124165,7.799500629319666,0.2617993877991417,0.0,-1.5989722372828055,190,190,180,190,190,190,190
19.12636709213257,0.03783418822124165,7.799500629319666,0.2617993877991417,0.0,-1.5989722372828055,190,190,180,190,190,190,190
19.13658881187439,0.038085625440528736,7.790625777676094,0.2617993877991417,0.0,-1.5990811972046757,190,190,180,190,190,190,190
19.14897632598877,0.038085625440528736,7.790625777676094,0.2617993877991417,0.0,-1.5990811972046757,190,190,180,190,190,190,190
19.159475803375244,0.038085625440528736,7.790625777676094,0.2617993877991417,0.0,-1.5990811972046757,190,190,180,190,190,190,190
19.16978645324707,0.03833097974658581,7.782001394356186,0.2617993877991417,0.0,-1.5991777880009381,190,190,180,190,190,190,190
19.18001103401184,0.03833097974658581,7.782001394356186,0.2617993877991417,0.0,-1.5991777880009381,190,190,180,190,190,190,190
19.19020962715149,0.03833097974658581,7.782001394356186,0.2617993877991417,0.0,-1.5991777880009381,190,190,180,190,190,190,190
19.20043182373047,0.03833097974658581,7.782001394356186,0.2617993877991417,0.0,-1.5991777880009381,190,190,180,190,190,190,190
19.210601091384888,0.03857732121039692,7.773365137091908,0.2617993877991417,0.0,-1.5992579883953488,190,190,180,190,190,190,190
19.220805883407593,0.03857732121039692,7.773365137091908,0.2617993877991417,0.0,-1.5992579883953488,190,190,180,190,190,190,190
19.231059789657593,0.038831858400865824,7.764456383435902,0.2617993877991417,0.0,-1.5993377298056712,190,190,180,190,190,190,190
19.248387336730957,0.038831858400865824,7.764456383435902,0.2617993877991417,0.0,-1.5993377298056712,190,190,180,190,190,190,190
19.258605003356934,0.038831858400865824,7.764456383435902,0.2617993877991417,0.0,-1.5993377298056712,190,190,180,190,190,190,190
19.268802642822266,0.0390795681349975,7.755799672504923,0.2617993877991417,0.0,-1.5994074340074778,190,190,180,190,190,190,190
19.278993129730225,0.0390795681349975,7.755799672504923,0.2617993877991417,0.0,-1.5994074340074778,190,190,180,190,190,190,190
19.289183139801025,0.0390795681349975,7.755799672504923,0.2617993877991417,0.0,-1.5994074340074778,190,190,180,190,190,190,190
19.301111459732056,0.0390795681349975,7.755799672504923,0.2617993877991417,0.0,-1.5994074340074778,190,190,180,190,190,190,190
19.31147289276123,0.03932757580686243,7.747137730117197,0.2617993877991417,0.0,-1.5994510771172064,190,190,180,190,190,190,190
19.32174324989319,0.03932757580686243,7.747137730117197,0.2617993877991417,0.0,-1.5994510771172064,190,190,180,190,190,190,190
19.33194661140442,0.03958181422377151,7.73821284386079,0.2617993877991417,0.0,-1.5994120194634853,190,190,180,190,190,190,190
19.350293159484863,0.03958181422377151,7.73821284386079,0.2617993877991417,0.0,-1.5994120194634853,190,190,180,190,190,190,190
19.3605854511261,0.03958181422377151,7.73821284386079,0.2617993877991417,0.0,-1.5994120194634853,190,190,180,190,190,190,190
19.370800256729126,0.0398309582299558,7.729555273793003,0.2617993877991417,0.0,-1.5993017276836785,190,190,180,190,190,190,190
19.381027221679688,0.0398309582299558,7.729555273793003,0.2617993877991417,0.0,-1.5993017276836785,190,190,180,190,190,190,190
19.391236305236816,0.0398309582299558,7.729555273793003,0.2617993877991417,0.0,-1.5993017276836785,190,190,180,190,190,190,190
19.402023315429688,0.04007656384476651,7.720925155219239,0.2617993877991417,0.0,-1.5991129630794183,190,190,180,190,190,190,190
19.412294626235962,0.04007656384476651,7.720925155219239,0.2617993877991417,0.0,-1.5991129630794183,190,190,180,190,190,190,190
19.422513484954834,0.04007656384476651,7.720925155219239,0.2617993877991417,0.0,-1.5991129630794183,190,190,180,190,190,190,190
19.433260202407837,0.040331767364613906,7.712059705434847,0.2617993877991417,0.0,-1.5991141249138003,190,190,180,190,190,190,190
19.450284242630005,0.040331767364613906,7.712059705434847,0.2617993877991417,0.0,-1.5991141249138003,190,190,180,190,190,190,190
19.460503816604614,0.040331767364613906,7.712059705434847,0.2617993877991417,0.0,-1.5991141249138003,190,190,180,190,190,190,190
19.47070837020874,0.04057686739388586,7.703477327809078,0.2617993877991417,0.0,-1.5993011141007358,190,190,180,190,190,190,190
19.481001615524292,0.04057686739388586,7.703477327809078,0.2617993877991417,0.0,-1.5993011141007358,190,190,180,190,190,190,190
19.49120783805847,0.04057686739388586,7.703477327809078,0.2617993877991417,0.0,-1.5993011141007358,190,190,180,190,190,190,190
19.501442193984985,0.04082468394664228,7.694867321908107,0.2617993877991417,0.0,-1.5993833135630127,190,190,180,190,190,190,190
19.51166582107544,0.04082468394664228,7.694867321908107,0.2617993877991417,0.0,-1.5993833135630127,190,190,180,190,190,190,190
19.521850109100342,0.04082468394664228,7.694867321908107,0.2617993877991417,0.0,-1.5993833135630127,190,190,180,190,190,190,190
19.53204345703125,0.04107983378852828,7.685991463444945,0.2617993877991417,0.0,-1.5994920265909494,190,190,180,190,190,190,190
19.542267560958862,0.04107983378852828,7.685991463444945,0.2617993877991417,0.0,-1.5994920265909494,190,190,180,190,190,190,190
19.552469968795776,0.04107983378852828,7.685991463444945,0.2617993877991417,0.0,-1.5994920265909494,190,190,180,190,190,190,190
19.562714099884033,0.04132878873300309,7.677365776003779,0.2617993877991417,0.0,-1.5995867406720639,190,190,180,190,190,190,190
19.572906494140625,0.04132878873300309,7.677365776003779,0.2617993877991417,0.0,-1.5995867406720639,200,190,180,190,190,190,190
19.583117485046387,0.04132878873300309,7.677365776003779,0.2617993877991417,0.0,-1.5995867406720639,200,190,180,190,190,190,190
19.59896445274353,0.04157864982771307,7.668728389790478,0.2617993877991417,0.0,-1.5996658735228662,200,190,180,190,190,190,190
19.60914921760559,0.04157864982771307,7.668728389790478,0.2617993877991417,0.0,-1.5996658735228662,200,190,180,190,190,190,190
19.619304180145264,0.04157864982771307,7.668728389790478,0.2617993877991417,0.0,-1.5996658735228662,190,190,180,190,190,190,190
19.629496812820435,0.04183682328894178,7.659818452522799,0.2617993877991417,0.0,-1.5997452373600471,190,190,180,190,190,190,190
19.63974618911743,0.04183682328894178,7.659818452522799,0.2617993877991417,0.0,-1.5997452373600471,190,190,180,190,190,190,190
19.65068817138672,0.04183682328894178,7.659818452522799,0.2617993877991417,0.0,-1.5997452373600471,190,190,180,190,190,190,190
19.660892486572266,0.04183682328894178,7.659818452522799,0.2617993877991417,0.0,-1.5997452373600471,190,190,180,190,190,190,190
19.67130708694458,0.04208805790909566,7.651160869582146,0.2617993877991417,0.0,-1.5998140562301044,190,190,180,190,190,190,190
19.681641578674316,0.04208805790909566,7.651160869582146,0.2617993877991417,0.0,-1.5998140562301044,190,190,190,190,190,190,190
19.701621532440186,0.04208805790909566,7.651160869582146,0.2617993877991417,0.0,-1.5998140562301044,190,190,190,190,190,190,190
19.711995840072632,0.04233939455122408,7.6424988678018995,0.2617993877991417,0.0,-1.5998493652648076,190,190,190,190,190,190,190
19.72223401069641,0.04233939455122408,7.6424988678018995,0.2617993877991417,0.0,-1.5998493652648076,190,190,190,190,190,190,190
19.732571601867676,0.04259776804428828,7.6335740930008695,0.2617993877991417,0.0,-1.5998011203686036,190,190,190,190,190,190,190
19.75016975402832,0.04259776804428828,7.6335740930008695,0.2617993877991417,0.0,-1.5998011203686036,190,190,190,190,190,190,190
19.76038670539856,0.04259776804428828,7.6335740930008695,0.2617993877991417,0.0,-1.5998011203686036,190,190,190,190,190,190,190
19.77058744430542,0.04285004509589726,7.624919258748742,0.2617993877991417,0.0,-1.599675447562678,190,190,190,190,190,190,190
19.780900716781616,0.04285004509589726,7.624919258748742,0.2617993877991417,0.0,-1.599675447562678,190,190,190,190,190,200,190
19.799816846847534,0.04285004509589726,7.624919258748742,0.2617993877991417,0.0,-1.599675447562678,190,190,190,190,190,200,190
19.81016230583191,0.04309854021251182,7.616291440395006,0.2617993877991417,0.0,-1.5994954201713019,190,190,190,190,190,200,190
19.820343494415283,0.04309854021251182,7.616291440395006,0.2617993877991417,0.0,-1.5994954201713019,190,190,190,190,190,200,190
19.83053493499756,0.043356932015387616,7.607432033161102,0.2617993877991417,0.0,-1.5995414392238407,190,180,180,190,190,200,190
19.84078288078308,0.043356932015387616,7.607432033161102,0.2617993877991417,0.0,-1.5995414392238407,190,180,180,190,190,200,190
19.85518455505371,0.043356932015387616,7.607432033161102,0.2617993877991417,0.0,-1.5995414392238407,190,180,180,190,190,200,190
19.86540150642395,0.043606397633245586,7.598844853749051,0.2617993877991417,0.0,-1.599702331019478,190,180,180,190,190,200,190
19.875654220581055,0.043606397633245586,7.598844853749051,0.2617993877991417,0.0,-1.599702331019478,190,180,180,190,190,200,190
19.885958194732666,0.043606397633245586,7.598844853749051,0.2617993877991417,0.0,-1.599702331019478,190,190,180,190,190,220,190
19.896204948425293,0.04385726181073711,7.5902357518704076,0.2617993877991417,0.0,-1.5997965710836506,190,190,180,190,190,220,190
19.906717538833618,0.04385726181073711,7.5902357518704076,0.2617993877991417,0.0,-1.5997965710836506,190,190,180,190,190,220,190
19.916903972625732,0.04385726181073711,7.5902357518704076,0.2617993877991417,0.0,-1.5997965710836506,190,190,180,190,190,220,190
19.927125930786133,0.04385726181073711,7.5902357518704076,0.2617993877991417,0.0,-1.5997965710836506,190,190,180,190,190,220,190
19.93732976913452,0.044116103466799055,7.581358785726936,0.2617993877991417,0.0,-1.5999047406852822,190,190,180,190,190,220,190
19.951733827590942,0.044116103466799055,7.581358785726936,0.2617993877991417,0.0,-1.5999047406852822,190,190,180,190,190,220,190
19.961979150772095,0.04436866213054468,7.57273171625483,0.2617993877991417,0.0,-1.599997523064683,190,190,180,190,190,220,190
19.972177743911743,0.04436866213054468,7.57273171625483,0.2617993877991417,0.0,-1.599997523064683,190,190,180,190,190,200,190
19.982375383377075,0.04436866213054468,7.57273171625483,0.2617993877991417,0.0,-1.599997523064683,190,190,180,190,190,200,190
20.00090980529785,0.04436866213054468,7.57273171625483,0.2617993877991417,0.0,-1.599997523064683,190,190,180,190,190,200,190
20.01126718521118,0.04462206740464909,7.5640932023563225,0.2617993877991417,0.0,-1.600076233300953,190,190,180,190,190,200,190
20.0214421749115,0.04462206740464909,7.5640932023563225,0.2617993877991417,0.0,-1.600076233300953,180,180,180,190,190,190,190
20.031646251678467,0.044883901090130525,7.555182062521697,0.2617993877991417,0.0,-1.6001556376355133,180,180,180,190,190,190,190
20.04995608329773,0.044883901090130525,7.555182062521697,0.2617993877991417,0.0,-1.6001556376355133,180,180,180,190,190,190,190
20.060171842575073,0.044883901090130525,7.555182062521697,0.2617993877991417,0.0,-1.6001556376355133,180,180,180,190,190,190,190
20.070401906967163,0.045138681367211046,7.5465236571763095,0.2617993877991417,0.0,-1.6002236397147016,180,180,180,190,190,190,190
20.08072257041931,0.045138681367211046,7.5465236571763095,0.2617993877991417,0.0,-1.6002236397147016,180,180,190,190,190,200,190
20.099514484405518,0.045138681367211046,7.5465236571763095,0.2617993877991417,0.0,-1.6002236397147016,180,180,190,190,190,200,190
20.109885692596436,0.04539333111574627,7.537861671790709,0.2617993877991417,0.0,-1.6002503456572117,180,180,190,190,190,200,190
20.120097398757935,0.04539333111574627,7.537861671790709,0.2617993877991417,0.0,-1.6002503456572117,180,180,180,190,190,190,190
20.13029909133911,0.04539333111574627,7.537861671790709,0.2617993877991417,0.0,-1.6002503456572117,180,180,180,190,190,190,190
20.148497819900513,0.04565610492980525,7.528937072427803,0.2617993877991417,0.0,-1.6001942044152955,180,180,180,190,190,190,190
20.15871024131775,0.04565610492980525,7.528937072427803,0.2617993877991417,0.0,-1.6001942044152955,180,180,180,190,190,190,190
20.1689133644104,0.045911320932639166,7.5202855865117915,0.2617993877991417,0.0,-1.6000503461174558,180,180,180,190,190,190,190
20.179131507873535,0.045911320932639166,7.5202855865117915,0.2617993877991417,0.0,-1.6000503461174558,190,180,180,190,190,200,190
20.189309120178223,0.045911320932639166,7.5202855865117915,0.2617993877991417,0.0,-1.6000503461174558,190,180,180,190,190,200,190
20.19950222969055,0.04616284050461485,7.511659803402282,0.2617993877991417,0.0,-1.5998829765056688,190,180,180,190,190,200,190
20.2097008228302,0.04616284050461485,7.511659803402282,0.2617993877991417,0.0,-1.5998829765056688,190,180,180,190,190,200,190
20.219917058944702,0.04616284050461485,7.511659803402282,0.2617993877991417,0.0,-1.5998829765056688,190,180,180,190,190,190,190
20.230124711990356,0.046424494572186226,7.502806771676249,0.2617993877991417,0.0,-1.5999773316697359,190,180,180,190,190,190,190
20.2403404712677,0.046424494572186226,7.502806771676249,0.2617993877991417,0.0,-1.5999773316697359,190,180,180,190,190,190,190
20.250566959381104,0.046424494572186226,7.502806771676249,0.2617993877991417,0.0,-1.5999773316697359,190,180,180,190,190,190,190
20.26077961921692,0.046424494572186226,7.502806771676249,0.2617993877991417,0.0,-1.5999773316697359,190,180,180,190,190,190,190
20.270979642868042,0.046678366496538094,7.494213218245343,0.2617993877991417,0.0,-1.6001034643785403,190,180,180,190,190,190,190
20.28134846687317,0.046678366496538094,7.494213218245343,0.2617993877991417,0.0,-1.6001034643785403,190,180,180,190,190,200,190
20.291651725769043,0.046678366496538094,7.494213218245343,0.2617993877991417,0.0,-1.6001034643785403,190,180,180,190,190,200,190
20.301867246627808,0.046932190183730335,7.48560485761214,0.2617993877991417,0.0,-1.6002075513895087,190,180,180,190,190,200,190
20.312033653259277,0.046932190183730335,7.48560485761214,0.2617993877991417,0.0,-1.6002075513895087,190,180,180,190,190,200,190
20.322219133377075,0.046932190183730335,7.48560485761214,0.2617993877991417,0.0,-1.6002075513895087,190,180,180,190,190,200,190
20.332431316375732,0.04719470123988152,7.476726773612982,0.2617993877991417,0.0,-1.6003147378087694,190,180,180,190,190,200,190
20.350387811660767,0.04719470123988152,7.476726773612982,0.2617993877991417,0.0,-1.6003147378087694,190,180,180,190,190,200,190
20.360889673233032,0.04719470123988152,7.476726773612982,0.2617993877991417,0.0,-1.6003147378087694,190,180,180,190,190,200,190
20.371222734451294,0.04745082422162364,7.468098329861478,0.2617993877991417,0.0,-1.6004051898636455,190,180,180,190,190,190,200
20.381427764892578,0.04745082422162364,7.468098329861478,0.2617993877991417,0.0,-1.6004051898636455,190,180,180,190,190,190,200
20.398547649383545,0.04745082422162364,7.468098329861478,0.2617993877991417,0.0,-1.6004051898636455,190,180,180,190,190,190,200
20.408855676651,0.04770775967800404,7.459458699173917,0.2617993877991417,0.0,-1.6004834198135542,190,180,180,190,190,190,200
20.419042348861694,0.04770775967800404,7.459458699173917,0.2617993877991417,0.0,-1.6004834198135542,190,180,180,190,190,190,200
20.429243564605713,0.047973225637157044,7.450546393664873,0.2617993877991417,0.0,-1.6005621957923246,190,190,180,190,190,200,200
20.439483165740967,0.047973225637157044,7.450546393664873,0.2617993877991417,0.0,-1.6005621957923246,190,190,180,190,190,200,200
20.449955224990845,0.047973225637157044,7.450546393664873,0.2617993877991417,0.0,-1.6005621957923246,190,190,180,190,190,200,200
20.460153579711914,0.047973225637157044,7.450546393664873,0.2617993877991417,0.0,-1.6005621957923246,190,190,180,190,190,200,200
20.470353603363037,0.04823150737276571,7.441887270110633,0.2617993877991417,0.0,-1.6006282691244136,190,190,180,190,190,200,200
20.4806010723114,0.04823150737276571,7.441887270110633,0.2617993877991417,0.0,-1.6006282691244136,190,180,180,190,190,190,190
20.500118017196655,0.04823150737276571,7.441887270110633,0.2617993877991417,0.0,-1.6006282691244136,190,180,180,190,190,190,190
20.510340929031372,0.04848940566213918,7.4332253263677845,0.2617993877991417,0.0,-1.6006455925695486,190,180,180,190,190,190,190
20.52056121826172,0.04848940566213918,7.4332253263677845,0.2617993877991417,0.0,-1.6006455925695486,190,180,180,190,190,190,190
20.53076410293579,0.048756604602886826,7.424300900538927,0.2617993877991417,0.0,-1.600581069931493,190,190,180,190,190,190,190
20.549059629440308,0.048756604602886826,7.424300900538927,0.2617993877991417,0.0,-1.600581069931493,190,190,180,190,190,190,190
20.559289693832397,0.048756604602886826,7.424300900538927,0.2617993877991417,0.0,-1.600581069931493,190,190,180,190,190,190,190
20.569469928741455,0.04901451711183433,7.4156533047116415,0.2617993877991417,0.0,-1.600419057290734,190,190,180,190,190,190,190
20.58004641532898,0.04901451711183433,7.4156533047116415,0.2617993877991417,0.0,-1.600419057290734,190,190,180,190,190,190,190
20.590369701385498,0.04901451711183433,7.4156533047116415,0.2617993877991417,0.0,-1.600419057290734,190,190,180,190,190,190,190
20.60067582130432,0.0492694290879033,7.407029446020279,0.2617993877991417,0.0,-1.600268300033567,190,190,180,190,190,190,190
20.610909461975098,0.0492694290879033,7.407029446020279,0.2617993877991417,0.0,-1.600268300033567,190,190,180,190,190,190,190
20.621179342269897,0.0492694290879033,7.407029446020279,0.2617993877991417,0.0,-1.600268300033567,190,190,180,190,190,190,190
20.63146710395813,0.04953421440523714,7.3981825382097215,0.2617993877991417,0.0,-1.600409514879349,190,190,190,190,190,180,180
20.649348497390747,0.04953421440523714,7.3981825382097215,0.2617993877991417,0.0,-1.600409514879349,190,190,190,190,190,180,180
20.659570932388306,0.04953421440523714,7.3981825382097215,0.2617993877991417,0.0,-1.600409514879349,190,190,190,190,190,180,180
20.669798135757446,0.04979224467510685,7.389582762511856,0.2617993877991417,0.0,-1.6005042453438092,190,190,180,190,190,180,180
20.679992198944092,0.04979224467510685,7.389582762511856,0.2617993877991417,0.0,-1.6005042453438092,190,190,180,190,190,180,180
20.690228700637817,0.04979224467510685,7.389582762511856,0.2617993877991417,0.0,-1.6005042453438092,190,190,180,190,190,180,180
20.700446367263794,0.050049118417134004,7.380974439952263,0.2617993877991417,0.0,-1.6006137147302082,190,190,180,190,190,180,180
20.71065068244934,0.050049118417134004,7.380974439952263,0.2617993877991417,0.0,-1.6006137147302082,190,190,180,190,190,180,180
20.72083282470703,0.050049118417134004,7.380974439952263,0.2617993877991417,0.0,-1.6006137147302082,190,190,180,190,190,180,180
20.73103642463684,0.05031526317730304,7.3720952423634305,0.2617993877991417,0.0,-1.6007204208061956,190,190,180,190,190,180,180
20.74953818321228,0.05031526317730304,7.3720952423634305,0.2617993877991417,0.0,-1.6007204208061956,190,190,180,190,190,180,180
20.75974678993225,0.05031526317730304,7.3720952423634305,0.2617993877991417,0.0,-1.6007204208061956,190,190,180,190,190,180,180
20.76993680000305,0.05057490934332123,7.363465455013705,0.2617993877991417,0.0,-1.6008091535988773,190,190,180,190,190,180,180
20.780193567276,0.05057490934332123,7.363465455013705,0.2617993877991417,0.0,-1.6008091535988773,190,190,180,190,190,180,180
20.80044388771057,0.050835348404874386,7.354824723731818,0.2617993877991417,0.0,-1.6008874997061717,190,190,180,190,190,180,180
20.810697317123413,0.050835348404874386,7.354824723731818,0.2617993877991417,-0.05235987755982833,-1.6008874997061717,190,190,180,190,190,180,180
20.82093119621277,0.050835348404874386,7.354824723731818,0.2617993877991417,-0.05235987755982833,-1.6008874997061717,190,190,180,190,190,180,180
20.831132650375366,0.05109864239196871,7.345898668002906,0.2617993877991417,-0.06981317007977111,-1.5993420459866963,190,190,180,190,190,180,180
20.8413028717041,0.05109864239196871,7.345898668002906,0.2617993877991417,-0.06981317007977111,-1.5993420459866963,190,190,180,190,190,180,180
20.851561546325684,0.05109864239196871,7.345898668002906,0.2617993877991417,-0.08726646259971389,-1.5993420459866963,190,190,180,190,190,180,180
20.861748456954956,0.05133755619897561,7.337219340687434,0.2617993877991417,-0.10471975511965666,-1.597135051634038,190,190,180,190,190,180,180
20.87195587158203,0.05133755619897561,7.337219340687434,0.2617993877991417,-0.10471975511965666,-1.597135051634038,190,180,180,190,190,180,180
20.882230043411255,0.05133755619897561,7.337219340687434,0.2617993877991417,-0.12217304763959944,-1.597135051634038,190,180,180,190,190,180,180
20.8981511592865,0.05155236763639648,7.328523407061037,0.2617993877991417,-0.13962634015954223,-1.5937651435234914,190,180,180,190,190,180,180
20.908339738845825,0.05155236763639648,7.328523407061037,0.2617993877991417,-0.157079632679485,-1.5937651435234914,190,180,180,190,190,180,180
20.91853094100952,0.05155236763639648,7.328523407061037,0.2617993877991417,-0.157079632679485,-1.5937651435234914,190,180,180,190,190,180,180
20.928730010986328,0.0517422981951169,7.319539007133226,0.2617993877991417,-0.157079632679485,-1.5891562574860962,190,190,180,190,200,180,180
20.93894052505493,0.0517422981951169,7.319539007133226,0.2617993877991417,-0.157079632679485,-1.5891562574860962,190,190,180,190,200,180,180
20.95225167274475,0.0517422981951169,7.319539007133226,0.2617993877991417,-0.17453292519942779,-1.5891562574860962,190,190,180,190,200,180,180
20.962491750717163,0.05187828915548251,7.310818515297088,0.2617993877991417,-0.17453292519942779,-1.5840681415199773,190,190,180,190,200,180,180
20.97279977798462,0.05187828915548251,7.310818515297088,0.2617993877991417,-0.17453292519942779,-1.5840681415199773,190,190,180,190,200,180,180
20.983054876327515,0.05187828915548251,7.310818515297088,0.2617993877991417,-0.17453292519942779,-1.5840681415199773,190,190,180,190,190,180,180
20.993272066116333,0.05187828915548251,7.310818515297088,0.2617993877991417,-0.17453292519942779,-1.5840681415199773,190,190,180,190,190,180,180
21.00785255432129,0.05197080175489342,7.302174144595296,0.2617993877991417,-0.17453292519942779,-1.578334213147858,190,190,180,190,190,180,180
21.018112421035767,0.05197080175489342,7.302174144595296,0.2617993877991417,-0.17453292519942779,-1.578334213147858,190,190,180,190,190,180,180
21.028483867645264,0.05201445262982392,7.293295915266275,0.2617993877991417,-0.17453292519942779,-1.5726797105377717,190,180,180,190,180,180,180
21.038697481155396,0.05201445262982392,7.293295915266275,0.2617993877991417,-0.17453292519942779,-1.5726797105377717,190,180,180,190,180,180,180
21.054186820983887,0.05201445262982392,7.293295915266275,0.2617993877991417,-0.17453292519942779,-1.5726797105377717,190,180,180,190,180,180,180
21.064393997192383,0.052006283996891056,7.2846517934577415,0.2617993877991417,-0.17453292519942779,-1.5670512981054163,190,180,180,190,180,180,180
21.074610710144043,0.052006283996891056,7.2846517934577415,0.2617993877991417,-0.157079632679485,-1.5670512981054163,190,180,180,190,180,180,180
21.08487868309021,0.052006283996891056,7.2846517934577415,0.2617993877991417,-0.13962634015954223,-1.5670512981054163,180,180,180,190,180,180,180
21.10359477996826,0.052006283996891056,7.2846517934577415,0.2617993877991417,-0.13962634015954223,-1.5670512981054163,180,180,180,190,180,180,180
21.113975048065186,0.05195121633193073,7.275993547090412,0.2617993877991417,-0.13962634015954223,-1.5613813888830919,180,180,180,190,180,180,180
21.12420392036438,0.05195121633193073,7.275993547090412,0.2617993877991417,-0.12217304763959944,-1.5613813888830919,180,180,180,190,180,180,180
21.135106801986694,0.051847553222664385,7.26707291200966,0.2617993877991417,-0.12217304763959944,-1.556670130029436,190,180,180,190,180,180,180
21.15125846862793,0.051847553222664385,7.26707291200966,0.2617993877991417,-0.10471975511965666,-1.556670130029436,190,180,180,190,180,180,180
21.161487817764282,0.05170921266288364,7.258407505009157,0.2617993877991417,-0.10471975511965666,-1.552689694168659,190,180,180,190,180,180,180
21.17184019088745,0.05170921266288364,7.258407505009157,0.2617993877991417,-0.08726646259971389,-1.552689694168659,190,180,180,190,180,180,180
21.18224263191223,0.05170921266288364,7.258407505009157,0.2617993877991417,-0.08726646259971389,-1.552689694168659,180,180,180,190,180,170,170
21.20219135284424,0.05170921266288364,7.258407505009157,0.2617993877991417,-0.08726646259971389,-1.552689694168659,180,180,180,190,180,170,170
21.212589979171753,0.05153847001704831,7.249735270142323,0.2617993877991417,-0.06981317007977111,-1.549273458159033,180,180,180,190,180,170,170
21.22280764579773,0.05153847001704831,7.249735270142323,0.2617993877991417,-0.06981317007977111,-1.549273458159033,190,190,180,190,170,170,170
21.2330322265625,0.05133361077514085,7.240793069443715,0.2617993877991417,-0.06981317007977111,-1.5463348837711577,190,190,180,190,170,170,170
21.251432418823242,0.05133361077514085,7.240793069443715,0.2617993877991417,-0.06981317007977111,-1.5463348837711577,190,190,180,190,170,170,170
21.26166844367981,0.05111134812787411,7.232107842446401,0.2617993877991417,-0.06981317007977111,-1.544044827606546,190,190,180,190,170,170,170
21.271892309188843,0.05111134812787411,7.232107842446401,0.2617993877991417,-0.06981317007977111,-1.544044827606546,180,180,180,190,180,180,180
21.28209900856018,0.05111134812787411,7.232107842446401,0.2617993877991417,-0.06981317007977111,-1.544044827606546,180,180,180,190,180,180,180
21.292346000671387,0.05111134812787411,7.232107842446401,0.2617993877991417,-0.06981317007977111,-1.544044827606546,180,180,180,190,180,180,180
21.303122997283936,0.05086852030699756,7.223415981557604,0.2617993877991417,-0.06981317007977111,-1.541759566001481,180,180,180,190,180,180,180
21.31331515312195,0.05086852030699756,7.223415981557604,0.2617993877991417,-0.06981317007977111,-1.541759566001481,180,180,180,190,180,180,180
21.323542833328247,0.05086852030699756,7.223415981557604,0.2617993877991417,-0.06981317007977111,-1.541759566001481,190,180,180,180,170,180,170
21.33396053314209,0.050595365590040534,7.214467136546145,0.2617993877991417,-0.06981317007977111,-1.5393993118075489,190,180,180,180,170,180,170
21.35279679298401,0.050595365590040534,7.214467136546145,0.2617993877991417,-0.05235987755982833,-1.5393993118075489,190,180,180,180,170,180,170
21.36302900314331,0.050305383681944454,7.2057959447006725,0.2617993877991417,-0.05235987755982833,-1.5372336858597995,190,180,180,180,170,180,170
21.373235940933228,0.050305383681944454,7.2057959447006725,0.2617993877991417,-0.05235987755982833,-1.5372336858597995,190,180,180,180,170,180,170
21.383443117141724,0.050305383681944454,7.2057959447006725,0.2617993877991417,-0.05235987755982833,-1.5372336858597995,180,180,180,180,180,180,180
21.393644332885742,0.050305383681944454,7.2057959447006725,0.2617993877991417,-0.05235987755982833,-1.5372336858597995,180,180,180,180,180,180,180
21.4058256149292,0.05001683205658137,7.197177192666861,0.2617993877991417,-0.05235987755982833,-1.5354528523815856,180,180,180,180,180,180,180
21.41604208946228,0.05001683205658137,7.197177192666861,0.2617993877991417,-0.05235987755982833,-1.5354528523815856,180,180,180,180,180,180,180
21.42622971534729,0.05001683205658137,7.197177192666861,0.2617993877991417,-0.05235987755982833,-1.5354528523815856,180,180,180,180,180,180,180
21.436510801315308,0.04969376299602624,7.188307654395806,0.2617993877991417,-0.05235987755982833,-1.5336841255129754,180,180,180,180,180,180,180
21.454407215118408,0.04969376299602624,7.188307654395806,0.2617993877991417,-0.06981317007977111,-1.5336841255129754,180,180,180,180,180,180,180
21.464624881744385,0.04936533933681083,7.1796986769071305,0.2617993877991417,-0.06981317007977111,-1.5319681227140305,180,180,180,180,180,180,180
21.47481918334961,0.04936533933681083,7.1796986769071305,0.2617993877991417,-0.06981317007977111,-1.5319681227140305,180,180,180,180,180,180,180
21.48504638671875,0.04936533933681083,7.1796986769071305,0.2617993877991417,-0.06981317007977111,-1.5319681227140305,180,180,180,180,180,180,180
21.500943183898926,0.04902019016230194,7.171077322861478,0.2617993877991417,-0.05235987755982833,-1.5297275304301319,180,180,180,180,180,180,180
21.51116633415222,0.04902019016230194,7.171077322861478,0.2617993877991417,-0.05235987755982833,-1.5297275304301319,180,180,180,180,180,180,180
21.521355628967285,0.04902019016230194,7.171077322861478,0.2617993877991417,-0.05235987755982833,-1.5297275304301319,180,180,180,180,180,180,180
21.531558513641357,0.04864675269163817,7.162181613259968,0.2617993877991417,-0.05235987755982833,-1.527373837861831,180,180,180,180,180,180,180
21.541751384735107,0.04864675269163817,7.162181613259968,0.2617993877991417,-0.05235987755982833,-1.527373837861831,180,180,180,180,180,180,180
21.55269193649292,0.04864675269163817,7.162181613259968,0.2617993877991417,-0.05235987755982833,-1.527373837861831,180,180,180,180,180,180,180
21.562918186187744,0.04826520072788981,7.153541453647452,0.2617993877991417,-0.05235987755982833,-1.5256320078846775,180,180,180,180,180,180,180
21.573113441467285,0.04826520072788981,7.153541453647452,0.2617993877991417,-0.05235987755982833,-1.5256320078846775,180,180,180,180,190,180,180
21.58334970474243,0.04826520072788981,7.153541453647452,0.2617993877991417,-0.05235987755982833,-1.5256320078846775,180,180,180,180,190,180,180
21.600088834762573,0.04826520072788981,7.153541453647452,0.2617993877991417,-0.05235987755982833,-1.5256320078846775,180,180,180,180,190,180,180
21.61042070388794,0.047867850318941,7.144890972678645,0.2617993877991417,-0.05235987755982833,-1.523904980249856,180,180,180,180,190,180,180
21.62067174911499,0.047867850318941,7.144890972678645,0.2617993877991417,-0.05235987755982833,-1.523904980249856,180,180,180,180,190,170,180
21.63089919090271,0.04744188787306399,7.135966341070354,0.2617993877991417,-0.05235987755982833,-1.5221186572941525,180,180,180,180,190,170,180
21.641106128692627,0.04744188787306399,7.135966341070354,0.2617993877991417,-0.05235987755982833,-1.5221186572941525,180,180,180,180,190,170,180
21.65147566795349,0.04744188787306399,7.135966341070354,0.2617993877991417,-0.05235987755982833,-1.5221186572941525,180,180,180,180,190,170,180
21.661725521087646,0.04701215224715631,7.127293869891077,0.2617993877991417,-0.05235987755982833,-1.5203813200208705,180,180,180,180,190,170,180
21.672029733657837,0.04701215224715631,7.127293869891077,0.2617993877991417,-0.05235987755982833,-1.5203813200208705,180,180,180,180,190,170,180
21.682349681854248,0.04701215224715631,7.127293869891077,0.2617993877991417,-0.05235987755982833,-1.5203813200208705,180,180,180,180,180,170,180
21.692589044570923,0.04701215224715631,7.127293869891077,0.2617993877991417,-0.05235987755982833,-1.5203813200208705,180,180,180,180,180,170,180
21.703722953796387,0.046566441764182606,7.1186161048408945,0.2617993877991417,-0.05235987755982833,-1.5186506814160197,180,180,180,180,180,170,180
21.713935375213623,0.046566441764182606,7.1186161048408945,0.2617993877991417,-0.05235987755982833,-1.5186506814160197,180,180,180,180,180,170,180
21.724133729934692,0.046566441764182606,7.1186161048408945,0.2617993877991417,-0.05235987755982833,-1.5186506814160197,180,180,180,180,180,170,180
21.73433232307434,0.04608988086141251,7.109684414091344,0.2617993877991417,-0.05235987755982833,-1.5168772222277407,180,180,180,180,180,170,180
21.744529247283936,0.04608988086141251,7.109684414091344,0.2617993877991417,-0.05235987755982833,-1.5168772222277407,180,180,180,180,180,170,180
21.755958795547485,0.04608988086141251,7.109684414091344,0.2617993877991417,-0.05235987755982833,-1.5168772222277407,180,180,180,180,180,170,180
21.7661714553833,0.045614014051022764,7.101035144742108,0.2617993877991417,-0.05235987755982833,-1.5151360688847173,180,180,180,180,180,170,180
21.77636694908142,0.045614014051022764,7.101035144742108,0.2617993877991417,-0.05235987755982833,-1.5151360688847173,180,180,180,180,180,170,180
21.78658366203308,0.045614014051022764,7.101035144742108,0.2617993877991417,-0.05235987755982833,-1.5151360688847173,180,180,180,180,180,170,180
21.800437211990356,0.045614014051022764,7.101035144742108,0.2617993877991417,-0.05235987755982833,-1.5151360688847173,180,180,180,180,180,170,180
21.810800075531006,0.04513146447639825,7.092443779313932,0.2617993877991417,-0.05235987755982833,-1.5133111409439817,180,180,180,180,180,170,180
21.821009159088135,0.04513146447639825,7.092443779313932,0.2617993877991417,-0.05235987755982833,-1.5133111409439817,180,180,180,180,170,170,180
21.83124017715454,0.04461378096431239,7.083583672690565,0.2617993877991417,-0.05235987755982833,-1.511539368818032,180,180,180,180,170,170,180
21.85065984725952,0.04461378096431239,7.083583672690565,0.2617993877991417,-0.05235987755982833,-1.511539368818032,180,180,180,180,170,170,180
21.860923290252686,0.04461378096431239,7.083583672690565,0.2617993877991417,-0.05235987755982833,-1.511539368818032,180,180,180,180,170,170,180
21.87111234664917,0.04409450188364002,7.074983589327355,0.2617993877991417,-0.05235987755982833,-1.509803559127026,180,180,180,180,170,170,180
21.881301641464233,0.04409450188364002,7.074983589327355,0.2617993877991417,-0.05235987755982833,-1.509803559127026,180,180,190,190,170,170,180
21.89148187637329,0.04409450188364002,7.074983589327355,0.2617993877991417,-0.05235987755982833,-1.509803559127026,180,180,190,190,170,170,180
21.90167498588562,0.043561134939425906,7.066374847228273,0.2617993877991417,-0.05235987755982833,-1.5080607462237123,180,180,190,190,170,170,180
21.919795274734497,0.043561134939425906,7.066374847228273,0.2617993877991417,0.0,-1.5080607462237123,180,180,190,190,170,170,180
21.930019855499268,0.042996805729813015,7.057491950263604,0.2617993877991417,0.0,-1.5062625540452794,180,180,190,190,170,170,180
21.94023323059082,0.042996805729813015,7.057491950263604,0.2617993877991417,0.0,-1.5062625540452794,180,180,190,190,170,170,180
21.95053768157959,0.042996805729813015,7.057491950263604,0.2617993877991417,0.0,-1.5062625540452794,180,180,190,180,170,180,180
21.96535062789917,0.042996805729813015,7.057491950263604,0.2617993877991417,0.0,-1.5062625540452794,180,180,190,180,170,180,180
21.975558519363403,0.04243940313519533,7.048870747078257,0.2617993877991417,0.0,-1.5061151673850344,180,180,190,180,170,180,180
21.985764503479004,0.04243940313519533,7.048870747078257,0.2617993877991417,0.0,-1.5061151673850344,180,180,190,180,180,180,180
21.99599289894104,0.04188114814966393,7.040239362780786,0.2617993877991417,0.0,-1.5060829153383077,180,180,190,180,180,180,180
22.009032249450684,0.04188114814966393,7.040239362780786,0.2617993877991417,0.0,-1.5060829153383077,180,180,190,180,180,180,180
22.019237995147705,0.04188114814966393,7.040239362780786,0.2617993877991417,0.0,-1.5060829153383077,180,180,190,180,180,180,180
22.029420137405396,0.041304868867382764,7.031336262877302,0.2617993877991417,0.0,-1.506050524855518,180,180,190,180,180,180,180
22.039655685424805,0.041304868867382764,7.031336262877302,0.2617993877991417,0.0,-1.506050524855518,180,180,190,180,180,180,180
22.05605697631836,0.041304868867382764,7.031336262877302,0.2617993877991417,0.0,-1.506050524855518,180,180,190,180,180,180,180
22.066211462020874,0.04074385114726009,7.0226854439769255,0.2617993877991417,0.0,-1.5060260127641585,180,180,190,180,180,180,180
22.07639789581299,0.04074385114726009,7.0226854439769255,0.2617993877991417,0.0,-1.5060260127641585,180,180,190,180,180,180,180
22.086614847183228,0.04074385114726009,7.0226854439769255,0.2617993877991417,0.0,-1.5060260127641585,180,180,190,180,180,180,180
22.104629278182983,0.04074385114726009,7.0226854439769255,0.2617993877991417,0.0,-1.5060260127641585,180,180,190,180,180,180,180
22.114838123321533,0.040181844430630664,7.0140304111525795,0.2617993877991417,0.0,-1.5060261010484275,180,180,190,180,180,180,180
22.125025033950806,0.040181844430630664,7.0140304111525795,0.2617993877991417,0.0,-1.5060261010484275,180,180,190,180,180,180,180
22.135297536849976,0.03960170532679982,7.005122092970602,0.2617993877991417,0.0,-1.5060494191504366,180,180,190,180,180,180,170
22.152218103408813,0.03960170532679982,7.005122092970602,0.2617993877991417,0.0,-1.5060494191504366,180,180,190,180,180,180,170
22.162523984909058,0.03904126206509674,6.996497344801646,0.2617993877991417,0.0,-1.5060833399853708,180,180,190,180,180,180,170
22.1727032661438,0.03904126206509674,6.996497344801646,0.2617993877991417,0.0,-1.5060833399853708,180,180,190,180,180,180,170
22.18293285369873,0.03904126206509674,6.996497344801646,0.2617993877991417,0.0,-1.5060833399853708,180,180,190,180,180,180,170
22.201111555099487,0.03904126206509674,6.996497344801646,0.2617993877991417,0.0,-1.5060833399853708,180,180,190,180,180,180,170
22.211316108703613,0.038491067881169766,6.9879227266131325,0.2617993877991417,0.0,-1.5059928977189767,180,180,190,180,180,180,170
22.22149157524109,0.038491067881169766,6.9879227266131325,0.2617993877991417,0.0,-1.5059928977189767,180,180,190,180,180,180,170
22.23204278945923,0.03791886698011332,6.97907328099955,0.2617993877991417,0.0,-1.5059733813390273,180,180,190,170,180,170,180
22.242324590682983,0.03791886698011332,6.97907328099955,0.2617993877991417,0.0,-1.5059733813390273,180,180,190,170,180,170,180
22.25254726409912,0.03791886698011332,6.97907328099955,0.2617993877991417,0.0,-1.5059733813390273,180,180,190,170,180,170,180
22.26275110244751,0.03736144819368885,6.970482086435456,0.2617993877991417,0.0,-1.5059264569546127,180,180,190,170,180,170,180
22.27294373512268,0.03736144819368885,6.970482086435456,0.2617993877991417,0.0,-1.5059264569546127,180,180,190,170,170,170,180
22.283199071884155,0.03736144819368885,6.970482086435456,0.2617993877991417,0.0,-1.5059264569546127,180,180,190,170,170,170,180
22.29338812828064,0.03736144819368885,6.970482086435456,0.2617993877991417,0.0,-1.5059264569546127,180,180,190,170,170,170,180
22.307042837142944,0.03680344221487912,6.961881357910242,0.2617993877991417,0.0,-1.5058853620438244,180,180,190,170,170,170,180
22.317244291305542,0.03680344221487912,6.961881357910242,0.2617993877991417,0.0,-1.5058853620438244,180,180,190,170,170,170,180
22.327447175979614,0.03680344221487912,6.961881357910242,0.2617993877991417,0.0,-1.5058853620438244,180,180,190,180,180,170,180
22.337681770324707,0.03622754759369483,6.953008491094233,0.2617993877991417,0.0,-1.5058504324866622,180,180,190,180,180,170,180
22.353496551513672,0.03622754759369483,6.953008491094233,0.2617993877991417,0.0,-1.5058504324866622,180,180,190,180,180,170,180
22.363698720932007,0.03566761989807207,6.94438602509026,0.2617993877991417,0.0,-1.505818424996942,180,180,190,180,180,170,180
22.37391209602356,0.03566761989807207,6.94438602509026,0.2617993877991417,0.0,-1.505818424996942,180,180,190,180,180,160,180
22.384174346923828,0.03566761989807207,6.94438602509026,0.2617993877991417,0.0,-1.505818424996942,180,180,190,180,180,160,180
22.404320001602173,0.03510674636384176,6.935753621863618,0.2617993877991417,0.0,-1.5057860576122082,180,180,190,180,180,160,180
22.414578199386597,0.03510674636384176,6.935753621863618,0.2617993877991417,0.0,-1.5057860576122082,180,180,190,180,180,160,180
22.42477321624756,0.03510674636384176,6.935753621863618,0.2617993877991417,0.0,-1.5057860576122082,180,180,190,180,170,160,180
22.435322999954224,0.03452768491670327,6.926849455452389,0.2617993877991417,0.0,-1.5057548372221492,180,180,190,180,170,160,180
22.451549530029297,0.03452768491670327,6.926849455452389,0.2617993877991417,0.0,-1.5057548372221492,180,180,190,180,170,160,180
22.46176791191101,0.03396399755377997,6.918197833553781,0.2617993877991417,0.0,-1.5057335359170645,180,180,190,180,170,160,180
22.471965312957764,0.03396399755377997,6.918197833553781,0.2617993877991417,0.0,-1.5057335359170645,180,180,190,180,170,160,180
22.482226848602295,0.03396399755377997,6.918197833553781,0.2617993877991417,0.0,-1.5057335359170645,180,180,190,180,170,160,180
22.49242854118347,0.03396399755377997,6.918197833553781,0.2617993877991417,0.0,-1.5057335359170645,180,180,190,180,170,160,180
22.503287315368652,0.03339934959142345,6.909543304525027,0.2617993877991417,0.0,-1.505739098405259,180,180,190,180,170,160,180
22.513481855392456,0.03339934959142345,6.909543304525027,0.2617993877991417,0.0,-1.505739098405259,180,180,190,180,170,160,180
22.523661851882935,0.03339934959142345,6.909543304525027,0.2617993877991417,0.0,-1.505739098405259,180,180,190,180,170,170,180
22.53403067588806,0.03281739376307338,6.900637148873143,0.2617993877991417,0.0,-1.5057659407768862,180,180,190,180,170,170,180
22.550639390945435,0.03281739376307338,6.900637148873143,0.2617993877991417,0.0,-1.5057659407768862,180,180,190,180,170,170,180
22.56084632873535,0.03281739376307338,6.900637148873143,0.2617993877991417,0.0,-1.5057659407768862,180,180,190,180,170,170,180
22.57103133201599,0.03225602101309907,6.892017498531472,0.2617993877991417,0.0,-1.5058060758597107,180,180,190,180,170,170,170
22.581249475479126,0.03225602101309907,6.892017498531472,0.2617993877991417,0.0,-1.5058060758597107,180,180,190,180,170,170,170
22.59141969680786,0.03225602101309907,6.892017498531472,0.2617993877991417,0.0,-1.5058060758597107,180,180,190,180,170,170,170
22.60685133934021,0.03170200609925321,6.883445739640485,0.2617993877991417,0.0,-1.5056970910256657,180,180,190,180,170,170,170
22.61706519126892,0.03170200609925321,6.883445739640485,0.2617993877991417,0.0,-1.5056970910256657,180,180,190,180,170,170,170
22.62725806236267,0.03170200609925321,6.883445739640485,0.2617993877991417,0.0,-1.5056970910256657,180,180,190,180,170,170,170
22.637460470199585,0.03112737943619817,6.874595360500475,0.2617993877991417,0.0,-1.5056789432706346,180,180,190,180,160,170,170
22.656558990478516,0.03112737943619817,6.874595360500475,0.2617993877991417,0.0,-1.5056789432706346,180,180,190,180,160,170,170
22.666792392730713,0.030567423857629138,6.866003269218854,0.2617993877991417,0.0,-1.5056328586363352,180,180,190,180,160,170,170
22.67698621749878,0.030567423857629138,6.866003269218854,0.2617993877991417,0.0,-1.5056328586363352,180,180,190,180,160,170,170
22.68780207633972,0.030567423857629138,6.866003269218854,0.2617993877991417,0.0,-1.5056328586363352,190,180,190,180,160,170,160
22.704834461212158,0.03000683629933111,6.857401429444243,0.2617993877991417,0.0,-1.5055920936515448,190,180,190,180,160,170,160
22.715049982070923,0.03000683629933111,6.857401429444243,0.2617993877991417,0.0,-1.5055920936515448,190,180,190,180,160,170,160
22.725234508514404,0.03000683629933111,6.857401429444243,0.2617993877991417,0.0,-1.5055920936515448,190,180,190,180,160,170,160
22.735461950302124,0.02942825607160473,6.848527362859821,0.2617993877991417,0.0,-1.5055575697701953,190,180,190,180,170,170,160
22.745702981948853,0.02942825607160473,6.848527362859821,0.2617993877991417,0.0,-1.5055575697701953,190,180,190,180,170,170,160
22.755905866622925,0.02942825607160473,6.848527362859821,0.2617993877991417,0.0,-1.5055575697701953,190,180,190,180,170,170,160
22.766109228134155,0.028865721818005553,6.8399038656222455,0.2617993877991417,0.0,-1.5055251012575153,190,180,190,180,170,170,160
22.77631950378418,0.028865721818005553,6.8399038656222455,0.2617993877991417,0.0,-1.5055251012575153,190,180,190,180,170,170,170
22.786542654037476,0.028865721818005553,6.8399038656222455,0.2617993877991417,0.0,-1.5055251012575153,190,180,190,180,170,170,170
22.805625438690186,0.028302233579715733,6.831270444023076,0.2617993877991417,0.0,-1.5054924533728071,190,180,190,180,170,170,170
22.81585192680359,0.028302233579715733,6.831270444023076,0.2617993877991417,0.0,-1.5054924533728071,190,180,190,180,170,170,170
22.826038122177124,0.028302233579715733,6.831270444023076,0.2617993877991417,0.0,-1.5054924533728071,180,180,190,180,170,180,180
22.83622431755066,0.027720392690776256,6.822365240909745,0.2617993877991417,0.0,-1.5054616117598627,180,180,190,180,170,180,180
22.853708505630493,0.027720392690776256,6.822365240909745,0.2617993877991417,0.0,-1.5054616117598627,180,180,190,180,170,180,180
22.863951683044434,0.02715404110465907,6.8137128836789795,0.2617993877991417,0.0,-1.5054418178872009,180,180,190,180,170,180,180
22.874163150787354,0.02715404110465907,6.8137128836789795,0.2617993877991417,0.0,-1.5054418178872009,180,180,190,180,170,180,180
22.884395599365234,0.02715404110465907,6.8137128836789795,0.2617993877991417,0.0,-1.5054418178872009,180,180,190,170,180,160,180
22.90105414390564,0.026586710757871394,6.805059141288034,0.2617993877991417,0.0,-1.505451676920602,180,180,190,170,180,160,180
22.91132378578186,0.026586710757871394,6.805059141288034,0.2617993877991417,0.0,-1.505451676920602,180,180,190,170,180,160,180
22.921529293060303,0.026586710757871394,6.805059141288034,0.2617993877991417,0.0,-1.505451676920602,180,180,190,180,170,160,180
22.931753635406494,0.026002968557941736,6.796154972852018,0.2617993877991417,0.0,-1.5054797251299448,180,180,190,180,170,160,180
22.942054271697998,0.026002968557941736,6.796154972852018,0.2617993877991417,0.0,-1.5054797251299448,180,180,190,180,170,160,180
22.952268600463867,0.026002968557941736,6.796154972852018,0.2617993877991417,0.0,-1.5054797251299448,180,180,190,180,170,160,180
22.962464094161987,0.02544080842487392,6.787541246027471,0.2617993877991417,0.0,-1.5055226783956082,180,180,190,180,170,160,180
22.972673892974854,0.02544080842487392,6.787541246027471,0.2617993877991417,0.0,-1.5055226783956082,180,180,210,180,170,160,170
22.98288059234619,0.02544080842487392,6.787541246027471,0.2617993877991417,0.0,-1.5055226783956082,180,180,210,180,170,160,170
22.993107557296753,0.02544080842487392,6.787541246027471,0.2617993877991417,0.0,-1.5055226783956082,180,180,210,180,170,160,170
23.006665468215942,0.024882639479544513,6.778970494671485,0.2617993877991417,0.0,-1.505403681487985,180,180,210,180,170,160,170
23.01687216758728,0.024882639479544513,6.778970494671485,0.2617993877991417,0.0,-1.505403681487985,180,180,210,180,170,160,170
23.027076721191406,0.024882639479544513,6.778970494671485,0.2617993877991417,0.0,-1.505403681487985,180,180,190,180,170,160,170
23.03730797767639,0.024305387359341964,6.770119815461056,0.2617993877991417,0.0,-1.5053811604565315,180,180,190,180,170,160,170
23.055904150009155,0.024305387359341964,6.770119815461056,0.2617993877991417,0.0,-1.5053811604565315,180,180,190,180,170,160,170
23.066124439239502,0.023742882941819518,6.761526864301556,0.2617993877991417,0.0,-1.5053358131153571,180,180,190,180,170,160,170
23.07634735107422,0.023742882941819518,6.761526864301556,0.2617993877991417,0.0,-1.5053358131153571,180,180,180,180,160,160,170
23.0865797996521,0.023742882941819518,6.761526864301556,0.2617993877991417,0.0,-1.5053358131153571,180,180,180,180,160,160,170
23.096806526184082,0.023179672067258194,6.752923900873746,0.2617993877991417,0.0,-1.5052958036045698,180,180,180,180,160,160,170
23.10703420639038,0.023179672067258194,6.752923900873746,0.2617993877991417,0.0,-1.5052958036045698,180,180,180,180,160,160,170
23.117233514785767,0.023179672067258194,6.752923900873746,0.2617993877991417,0.0,-1.5052958036045698,180,180,180,180,160,160,170
23.127461671829224,0.023179672067258194,6.752923900873746,0.2617993877991417,0.0,-1.5052958036045698,180,180,180,180,160,160,170
23.137667894363403,0.022598380230686003,6.744048662647453,0.2617993877991417,0.0,-1.5052619305327788,180,180,170,180,160,160,160
23.151992559432983,0.022598380230686003,6.744048662647453,0.2617993877991417,0.0,-1.5052619305327788,180,180,170,180,160,160,160
23.162208318710327,0.02203321645252841,6.735424132459341,0.2617993877991417,0.0,-1.5052294513848745,180,180,170,180,160,160,160
23.172420501708984,0.02203321645252841,6.735424132459341,0.2617993877991417,0.0,-1.5052294513848745,180,180,180,180,160,170,160
23.18261480331421,0.02203321645252841,6.735424132459341,0.2617993877991417,0.0,-1.5052294513848745,180,180,180,180,160,170,160
23.201194286346436,0.02203321645252841,6.735424132459341,0.2617993877991417,0.0,-1.5052294513848745,180,180,180,180,160,170,160
23.211401224136353,0.02146709323883036,6.726789700734117,0.2617993877991417,0.0,-1.5051969381236792,180,180,180,180,160,170,160
23.221614122390747,0.02146709323883036,6.726789700734117,0.2617993877991417,0.0,-1.5051969381236792,180,180,180,180,160,170,160
23.2318696975708,0.020882447090369644,6.717883465676682,0.2617993877991417,0.0,-1.505167049573383,180,180,180,180,160,170,160
23.24215865135193,0.020882447090369644,6.717883465676682,0.2617993877991417,0.0,-1.505167049573383,180,180,180,180,160,170,160
23.2528338432312,0.020882447090369644,6.717883465676682,0.2617993877991417,0.0,-1.505167049573383,180,180,180,180,160,170,160
23.263010501861572,0.020313428827514298,6.70923048734198,0.2617993877991417,0.0,-1.5051495466791924,180,180,180,180,160,170,160
23.273216485977173,0.020313428827514298,6.70923048734198,0.2617993877991417,0.0,-1.5051495466791924,180,180,180,180,160,170,160
23.28405475616455,0.020313428827514298,6.70923048734198,0.2617993877991417,0.0,-1.5051495466791924,180,180,170,170,170,170,170
23.300677061080933,0.019743398770423894,6.700577726607925,0.2617993877991417,0.0,-1.505163525617506,180,180,170,170,170,170,170
23.310893297195435,0.019743398770423894,6.700577726607925,0.2617993877991417,0.0,-1.505163525617506,180,180,170,170,170,170,170
23.321126699447632,0.019743398770423894,6.700577726607925,0.2617993877991417,0.0,-1.505163525617506,180,180,180,180,170,170,170
23.331531286239624,0.01915770882960955,6.691675656572249,0.2617993877991417,0.0,-1.5051920960758045,180,180,180,180,170,170,170
23.34172558784485,0.01915770882960955,6.691675656572249,0.2617993877991417,0.0,-1.5051920960758045,180,180,180,180,170,170,170
23.352245092391968,0.01915770882960955,6.691675656572249,0.2617993877991417,0.0,-1.5051920960758045,180,180,180,180,170,170,170
23.36243438720703,0.018594801068066526,6.683068474941868,0.2617993877991417,0.0,-1.5052327678236725,180,180,180,180,170,170,170
23.372636318206787,0.018594801068066526,6.683068474941868,0.2617993877991417,0.0,-1.5052327678236725,180,180,180,180,180,160,170
23.383082151412964,0.018594801068066526,6.683068474941868,0.2617993877991417,0.0,-1.5052327678236725,180,180,180,180,180,160,170
23.393344163894653,0.018594801068066526,6.683068474941868,0.2617993877991417,0.0,-1.5052327678236725,180,180,180,180,180,160,170
23.404608964920044,0.018032646750997285,6.674496343138344,0.2617993877991417,0.0,-1.5051169630344245,180,180,180,180,180,160,170
23.414835691452026,0.018032646750997285,6.674496343138344,0.2617993877991417,0.0,-1.5051169630344245,180,180,180,180,180,160,170
23.425055742263794,0.018032646750997285,6.674496343138344,0.2617993877991417,0.0,-1.5051169630344245,180,180,170,170,170,160,170
23.435282945632935,0.017452712043940135,6.665645686529694,0.2617993877991417,0.0,-1.5050877435133514,180,180,170,170,170,160,170
23.44555115699768,0.017452712043940135,6.665645686529694,0.2617993877991417,0.0,-1.5050877435133514,180,180,170,170,170,160,170
23.455772399902344,0.017452712043940135,6.665645686529694,0.2617993877991417,0.0,-1.5050877435133514,180,180,170,170,170,160,170
23.46595001220703,0.016887684285725575,6.6570518408974335,0.2617993877991417,0.0,-1.50504292818578,180,180,170,170,170,160,170
23.476176500320435,0.016887684285725575,6.6570518408974335,0.2617993877991417,0.0,-1.50504292818578,180,180,180,170,180,160,160
23.486383199691772,0.016887684285725575,6.6570518408974335,0.2617993877991417,0.0,-1.50504292818578,180,180,180,170,180,160,160
23.502723217010498,0.016321879005218205,6.6484477340998165,0.2617993877991417,0.0,-1.5050033650040358,180,180,180,170,180,160,160
23.51291537284851,0.016321879005218205,6.6484477340998165,0.2617993877991417,0.0,-1.5050033650040358,180,180,180,170,180,160,160
23.52312994003296,0.016321879005218205,6.6484477340998165,0.2617993877991417,0.0,-1.5050033650040358,180,180,180,180,170,160,160
23.53330683708191,0.015737907207088113,6.639571342444565,0.2617993877991417,0.0,-1.5049695865131527,180,180,180,180,170,160,160
23.543572425842285,0.015737907207088113,6.639571342444565,0.2617993877991417,0.0,-1.5049695865131527,180,180,180,180,170,160,160
23.553794860839844,0.015737907207088113,6.639571342444565,0.2617993877991417,0.0,-1.5049695865131527,180,180,180,180,170,160,160
23.563973903656006,0.015170139866440096,6.630945773746086,0.2617993877991417,0.0,-1.5049367249834105,180,180,180,180,170,160,160
23.574163675308228,0.015170139866440096,6.630945773746086,0.2617993877991417,0.0,-1.5049367249834105,180,180,180,180,170,160,160
23.584388971328735,0.015170139866440096,6.630945773746086,0.2617993877991417,0.0,-1.5049367249834105,190,180,180,180,160,160,160
23.600566148757935,0.014601405406994611,6.622310338853449,0.2617993877991417,0.0,-1.5049039986107124,190,180,180,180,160,160,160
23.61076593399048,0.014601405406994611,6.622310338853449,0.2617993877991417,0.0,-1.5049039986107124,190,180,180,180,160,160,160
23.62095069885254,0.014601405406994611,6.622310338853449,0.2617993877991417,0.0,-1.5049039986107124,180,190,170,180,160,160,160
23.63114285469055,0.014013964738352484,6.613403091948133,0.2617993877991417,0.0,-1.5048748541766812,180,190,170,180,160,160,160
23.64133334159851,0.014013964738352484,6.613403091948133,0.2617993877991417,0.0,-1.5048748541766812,180,190,170,180,160,160,160
23.651827335357666,0.014013964738352484,6.613403091948133,0.2617993877991417,0.0,-1.5048748541766812,180,190,170,180,160,160,160
23.66203546524048,0.013442312002420135,6.604749638433899,0.2617993877991417,0.0,-1.5048598589604016,180,190,170,180,160,160,160
23.672312259674072,0.013442312002420135,6.604749638433899,0.2617993877991417,0.0,-1.5048598589604016,180,190,170,180,160,160,160
23.682597875595093,0.013442312002420135,6.604749638433899,0.2617993877991417,0.0,-1.5048598589604016,190,190,180,180,160,160,160
23.701876640319824,0.013442312002420135,6.604749638433899,0.2617993877991417,0.0,-1.5048598589604016,190,190,180,180,160,160,160
23.712202548980713,0.012869614684701273,6.59609804104376,0.2617993877991417,0.0,-1.5048774421620208,190,190,180,180,160,160,160
23.722424030303955,0.012869614684701273,6.59609804104376,0.2617993877991417,0.0,-1.5048774421620208,190,190,180,180,160,160,160
23.732679843902588,0.012281457117340026,6.587198274736897,0.2617993877991417,0.0,-1.504906271294312,190,190,180,180,160,160,160
23.75173044204712,0.012281457117340026,6.587198274736897,0.2617993877991417,0.0,-1.504906271294312,190,190,180,180,160,160,160
23.76203727722168,0.011717996715640699,6.578598102047852,0.2617993877991417,0.0,-1.5049363697247065,190,190,180,180,160,160,160
23.772252798080444,0.011717996715640699,6.578598102047852,0.2617993877991417,0.0,-1.5049363697247065,190,190,180,180,160,160,160
23.78250765800476,0.011717996715640699,6.578598102047852,0.2617993877991417,0.0,-1.5049363697247065,180,180,180,170,170,160,170
23.79276990890503,0.011717996715640699,6.578598102047852,0.2617993877991417,0.0,-1.5049363697247065,180,180,180,170,170,160,170
23.803446292877197,0.011152543140346333,6.570024246394764,0.2617993877991417,0.0,-1.5048260137423037,180,180,180,170,170,160,170
23.81365418434143,0.011152543140346333,6.570024246394764,0.2617993877991417,0.0,-1.5048260137423037,180,180,180,170,170,160,170
23.82388710975647,0.011152543140346333,6.570024246394764,0.2617993877991417,0.0,-1.5048260137423037,180,180,180,170,170,160,170
23.83418893814087,0.010569719506308268,6.561174454753221,0.2617993877991417,0.0,-1.5047871708121938,180,180,180,170,170,160,170
23.851663827896118,0.010569719506308268,6.561174454753221,0.2617993877991417,0.0,-1.5047871708121938,180,180,180,170,170,160,170
23.86186909675598,0.010002072176045158,6.552579695988062,0.2617993877991417,0.0,-1.504743020811667,180,180,180,170,170,160,170
23.872074604034424,0.010002072176045158,6.552579695988062,0.2617993877991417,0.0,-1.504743020811667,180,180,180,170,170,160,170
23.882344722747803,0.010002072176045158,6.552579695988062,0.2617993877991417,0.0,-1.504743020811667,180,180,180,180,170,160,170
23.900456428527832,0.010002072176045158,6.552579695988062,0.2617993877991417,0.0,-1.504743020811667,180,180,180,180,170,160,170
23.910783767700195,0.00943361473410344,6.543974468883025,0.2617993877991417,0.0,-1.5047041151865015,180,180,180,180,170,160,170
23.921011924743652,0.00943361473410344,6.543974468883025,0.2617993877991417,0.0,-1.5047041151865015,180,180,180,180,170,160,170
23.93122386932373,0.008846904632266391,6.535096959334536,0.2617993877991417,0.0,-1.5046706368631078,180,190,190,180,170,160,160
23.941649913787842,0.008846904632266391,6.535096959334536,0.2617993877991417,0.0,-1.5046706368631078,180,190,190,180,170,160,160
23.952380418777466,0.008846904632266391,6.535096959334536,0.2617993877991417,0.0,-1.5046706368631078,180,190,190,180,170,160,160
23.96261477470398,0.008276477089564282,6.5264703601094975,0.2617993877991417,0.0,-1.5046377836418054,180,190,190,180,170,160,160
23.972864151000977,0.008276477089564282,6.5264703601094975,0.2617993877991417,0.0,-1.5046377836418054,180,180,180,170,170,160,160
23.983099937438965,0.008276477089564282,6.5264703601094975,0.2617993877991417,0.0,-1.5046377836418054,180,180,180,170,170,160,160
24.002031087875366,0.00770507362087236,6.517833926846,0.2617993877991417,0.0,-1.504605298889273,180,180,180,170,170,160,160
24.012328386306763,0.00770507362087236,6.517833926846,0.2617993877991417,0.0,-1.504605298889273,180,180,180,170,170,160,160
24.022534608840942,0.00770507362087236,6.517833926846,0.2617993877991417,0.0,-1.504605298889273,180,180,180,170,170,160,160
24.032729148864746,0.007114789950837622,6.508925677319648,0.2617993877991417,0.0,-1.504577556799262,180,180,180,170,160,160,160
24.04296350479126,0.007114789950837622,6.508925677319648,0.2617993877991417,0.0,-1.504577556799262,180,180,180,170,160,160,160
24.05367350578308,0.007114789950837622,6.508925677319648,0.2617993877991417,0.0,-1.504577556799262,180,180,180,170,160,160,160
24.063907861709595,0.006540476906717035,6.500271896193166,0.2617993877991417,0.0,-1.5045659163655665,180,180,180,170,160,160,160
24.074134588241577,0.006540476906717035,6.500271896193166,0.2617993877991417,0.0,-1.5045659163655665,180,190,180,170,160,170,170
24.084344148635864,0.006540476906717035,6.500271896193166,0.2617993877991417,0.0,-1.5045659163655665,180,190,180,170,160,170,170
24.094559907913208,0.006540476906717035,6.500271896193166,0.2617993877991417,0.0,-1.5045659163655665,180,190,180,170,160,170,170
24.10672163963318,0.0059650703184875205,6.491621656488379,0.2617993877991417,0.0,-1.5045870956982061,180,190,180,170,160,170,170
24.116933584213257,0.0059650703184875205,6.491621656488379,0.2617993877991417,0.0,-1.5045870956982061,180,190,180,170,160,170,170
24.127131462097168,0.0059650703184875205,6.491621656488379,0.2617993877991417,0.0,-1.5045870956982061,190,190,190,180,160,170,170
24.137310028076172,0.005374045267159904,6.482724514776477,0.2617993877991417,0.0,-1.5046163996802675,190,190,190,180,160,170,170
24.148866176605225,0.005374045267159904,6.482724514776477,0.2617993877991417,0.0,-1.5046163996802675,190,190,190,180,160,170,170
24.159090995788574,0.005374045267159904,6.482724514776477,0.2617993877991417,0.0,-1.5046163996802675,190,190,190,180,160,170,170
24.169316291809082,0.004810014189511469,6.474131484120351,0.2617993877991417,0.0,-1.5046263667376476,190,180,190,180,160,170,170
24.179789066314697,0.004810014189511469,6.474131484120351,0.2617993877991417,0.0,-1.5046263667376476,190,180,190,180,160,170,170
24.190038919448853,0.004810014189511469,6.474131484120351,0.2617993877991417,0.0,-1.5046263667376476,190,180,190,180,160,170,170
24.200847387313843,0.004241604738391925,6.465554270944395,0.2617993877991417,0.0,-1.5045354855390993,190,180,190,180,160,170,170
24.211016416549683,0.004241604738391925,6.465554270944395,0.2617993877991417,0.0,-1.5045354855390993,190,180,190,180,160,170,170
24.221209287643433,0.004241604738391925,6.465554270944395,0.2617993877991417,0.0,-1.5045354855390993,190,180,190,180,160,170,170
24.231450080871582,0.003655893620242733,6.456705321225604,0.2617993877991417,0.0,-1.5044882043753618,190,180,190,170,170,170,170
24.241668224334717,0.003655893620242733,6.456705321225604,0.2617993877991417,0.0,-1.5044882043753618,190,180,190,170,170,170,170
24.253140687942505,0.003655893620242733,6.456705321225604,0.2617993877991417,0.0,-1.5044882043753618,190,180,190,170,170,170,170
24.2633695602417,0.0030856242456316595,6.4481095657603245,0.2617993877991417,0.0,-1.5044447104031087,190,180,190,170,170,170,170
24.27357292175293,0.0030856242456316595,6.4481095657603245,0.2617993877991417,0.0,-1.5044447104031087,190,190,180,170,170,170,170
24.283759355545044,0.0030856242456316595,6.4481095657603245,0.2617993877991417,0.0,-1.5044447104031087,190,190,180,170,170,170,170
24.299440383911133,0.0025145259886091694,6.439503207607943,0.2617993877991417,0.0,-1.5044061079937419,190,190,180,170,170,170,170
24.30966067314148,0.0025145259886091694,6.439503207607943,0.2617993877991417,0.0,-1.5044061079937419,190,190,180,170,170,170,170
24.31985640525818,0.0025145259886091694,6.439503207607943,0.2617993877991417,0.0,-1.5044061079937419,190,190,180,170,170,170,170
24.330070734024048,0.0019250856068293463,6.430624593157575,0.2617993877991417,0.0,-1.5043724141498322,180,180,180,170,170,170,170
24.348808526992798,0.0019250856068293463,6.430624593157575,0.2617993877991417,0.0,-1.5043724141498322,180,180,180,170,170,170,170
24.35909938812256,0.0019250856068293463,6.430624593157575,0.2617993877991417,0.0,-1.5043724141498322,180,180,180,170,170,170,170
24.369303941726685,0.0013520020168048717,6.42199696424459,0.2617993877991417,0.0,-1.504339183470847,180,190,190,160,170,160,170
24.379515886306763,0.0013520020168048717,6.42199696424459,0.2617993877991417,0.0,-1.504339183470847,180,190,190,160,170,160,170
24.389748096466064,0.0013520020168048717,6.42199696424459,0.2617993877991417,0.0,-1.504339183470847,180,190,190,160,170,160,170
24.40000343322754,0.000777918779486941,6.413359537196553,0.2617993877991417,0.0,-1.5043066674798504,180,190,190,160,170,160,170
24.410245656967163,0.000777918779486941,6.413359537196553,0.2617993877991417,0.0,-1.5043066674798504,180,190,190,160,170,160,170
24.420435190200806,0.000777918779486941,6.413359537196553,0.2617993877991417,0.0,-1.5043066674798504,190,180,180,170,190,160,170
24.430619478225708,0.0001847948330536566,6.404450317422079,0.2617993877991417,0.0,-1.5042801201653007,190,180,180,170,190,160,170
24.451215505599976,0.0001847948330536566,6.404450317422079,0.2617993877991417,0.0,-1.5042801201653007,190,180,180,170,190,160,170
24.461463451385498,-0.0003921604473470323,6.395796370256411,0.2617993877991417,0.0,-1.504271992227411,190,180,180,170,190,160,170
24.47168207168579,-0.0003921604473470323,6.395796370256411,0.2617993877991417,0.0,-1.504271992227411,190,180,180,170,190,160,160
24.481908559799194,-0.0003921604473470323,6.395796370256411,0.2617993877991417,0.0,-1.504271992227411,190,180,180,170,190,160,160
24.49212145805359,-0.0003921604473470323,6.395796370256411,0.2617993877991417,0.0,-1.504271992227411,190,180,180,170,190,160,160
24.502339839935303,-0.0009702952649138373,6.387147669908572,0.2617993877991417,0.0,-1.5042962650782314,190,180,180,170,190,160,160
24.512540102005005,-0.0009702952649138373,6.387147669908572,0.2617993877991417,0.0,-1.5042962650782314,190,180,180,170,190,160,160
24.522725105285645,-0.0009702952649138373,6.387147669908572,0.2617993877991417,0.0,-1.5042962650782314,180,190,190,170,170,160,160
24.53292226791382,-0.0015640980139503,6.378253726416185,0.2617993877991417,0.0,-1.504327918546725,180,190,190,170,170,160,160
24.549002647399902,-0.0015640980139503,6.378253726416185,0.2617993877991417,0.0,-1.504327918546725,180,190,190,170,170,160,160
24.55922269821167,-0.0015640980139503,6.378253726416185,0.2617993877991417,0.0,-1.504327918546725,180,190,190,170,170,160,160
24.56942057609558,-0.002129175850312955,6.369667574534861,0.2617993877991417,0.0,-1.5043094726076425,180,190,190,170,160,160,160
24.57962727546692,-0.002129175850312955,6.369667574534861,0.2617993877991417,0.0,-1.5043094726076425,180,190,190,170,160,160,160
24.589925289154053,-0.002129175850312955,6.369667574534861,0.2617993877991417,0.0,-1.5043094726076425,180,190,190,170,160,160,160
24.600566864013672,-0.0027000881187686813,6.361086824939688,0.2617993877991417,0.0,-1.5042424337470526,180,190,190,170,160,160,160
24.610767602920532,-0.0027000881187686813,6.361086824939688,0.2617993877991417,0.0,-1.5042424337470526,180,190,190,170,160,160,160
24.620975732803345,-0.0027000881187686813,6.361086824939688,0.2617993877991417,0.0,-1.5042424337470526,180,190,190,170,160,160,160
24.63121509552002,-0.0032888042213045105,6.352238301065137,0.2617993877991417,0.0,-1.5041908053449113,180,190,190,170,160,160,160
24.641388416290283,-0.0032888042213045105,6.352238301065137,0.2617993877991417,0.0,-1.5041908053449113,180,190,190,170,160,160,160
24.651625633239746,-0.0032888042213045105,6.352238301065137,0.2617993877991417,0.0,-1.5041908053449113,180,190,190,170,160,160,160
24.661810636520386,-0.0032888042213045105,6.352238301065137,0.2617993877991417,0.0,-1.5041908053449113,180,190,190,170,160,160,160
24.671980142593384,-0.0038616874792834115,6.343641518275637,0.2617993877991417,0.0,-1.504147443956397,190,180,180,180,160,160,160
24.682246208190918,-0.0038616874792834115,6.343641518275637,0.2617993877991417,0.0,-1.504147443956397,190,180,180,180,160,160,160
24.70060634613037,-0.0038616874792834115,6.343641518275637,0.2617993877991417,0.0,-1.504147443956397,190,180,180,180,160,160,160
24.71092963218689,-0.0044354169518335635,6.3350340039894775,0.2617993877991417,0.0,-1.504109696621693,190,180,180,180,160,160,160
24.721136331558228,-0.0044354169518335635,6.3350340039894775,0.2617993877991417,0.0,-1.504109696621693,180,180,180,180,160,160,160
24.731374740600586,-0.005027572990534794,6.326154295757906,0.2617993877991417,0.0,-1.504076150424028,180,180,180,180,160,160,160
24.750211238861084,-0.005027572990534794,6.326154295757906,0.2617993877991417,0.0,-1.504076150424028,180,180,180,180,160,160,160
24.760440349578857,-0.005027572990534794,6.326154295757906,0.2617993877991417,0.0,-1.504076150424028,180,180,180,180,160,160,160
24.770647287368774,-0.00560329542663942,6.317525639698641,0.2617993877991417,0.0,-1.5040429692408284,180,180,180,180,160,160,160
24.78084659576416,-0.00560329542663942,6.317525639698641,0.2617993877991417,0.0,-1.5040429692408284,180,180,180,180,160,160,160
24.798547506332397,-0.006180052229304315,6.308887217156725,0.2617993877991417,0.0,-1.5040109512457842,180,180,180,180,160,160,160
24.808745861053467,-0.006180052229304315,6.308887217156725,0.2617993877991417,0.0,-1.5040109512457842,180,180,180,180,160,160,160
24.81894302368164,-0.006180052229304315,6.308887217156725,0.2617993877991417,0.0,-1.5040109512457842,180,180,180,180,160,160,160
24.82922387123108,-0.0067759804523594425,6.299977056506414,0.2617993877991417,0.0,-1.5039859508327869,180,180,170,170,170,160,170
24.83949327468872,-0.0067759804523594425,6.299977056506414,0.2617993877991417,0.0,-1.5039859508327869,180,180,170,170,170,160,170
24.85128951072693,-0.0067759804523594425,6.299977056506414,0.2617993877991417,0.0,-1.5039859508327869,180,180,170,170,170,160,170
24.861507654190063,-0.007355535356113798,6.291323119717667,0.2617993877991417,0.0,-1.5039820581229293,180,180,170,170,170,160,170
24.871728897094727,-0.007355535356113798,6.291323119717667,0.2617993877991417,0.0,-1.5039820581229293,180,180,170,170,170,160,170
24.88193964958191,-0.007355535356113798,6.291323119717667,0.2617993877991417,0.0,-1.5039820581229293,180,180,170,160,160,170,170
24.89214825630188,-0.007355535356113798,6.291323119717667,0.2617993877991417,0.0,-1.5039820581229293,180,180,170,160,160,170,170
24.903115034103394,-0.00793622160235477,6.2826760799260635,0.2617993877991417,0.0,-1.5040089586830636,180,180,170,160,160,170,170
24.9132821559906,-0.00793622160235477,6.2826760799260635,0.2617993877991417,0.0,-1.5040089586830636,180,180,170,160,160,170,170
24.92342185974121,-0.00793622160235477,6.2826760799260635,0.2617993877991417,0.0,-1.5040089586830636,180,180,170,160,160,170,170
24.93364453315735,-0.008532512415991636,6.273785883403095,0.2617993877991417,0.0,-1.5040442311301354,180,180,170,160,160,170,170
24.950109481811523,-0.008532512415991636,6.273785883403095,0.2617993877991417,0.0,-1.5040442311301354,180,180,170,160,160,170,170
24.960317134857178,-0.008532512415991636,6.273785883403095,0.2617993877991417,0.0,-1.5040442311301354,180,180,170,160,160,170,170
24.970508575439453,-0.009099383135544304,6.265206036308156,0.2617993877991417,0.0,-1.5039928537734222,180,180,170,160,160,170,160
24.980730533599854,-0.009099383135544304,6.265206036308156,0.2617993877991417,0.0,-1.5039928537734222,180,180,170,160,160,170,160
24.99095582962036,-0.009099383135544304,6.265206036308156,0.2617993877991417,0.0,-1.5039928537734222,180,180,170,160,160,170,160
25.00142478942871,-0.009672494902237375,6.2566221417155266,0.2617993877991417,0.0,-1.5039487001257787,180,180,170,160,160,170,160
25.011625051498413,-0.009672494902237375,6.2566221417155266,0.2617993877991417,0.0,-1.5039487001257787,180,180,170,160,160,170,160
25.021807432174683,-0.009672494902237375,6.2566221417155266,0.2617993877991417,0.0,-1.5039487001257787,180,180,170,160,160,160,160
25.03201961517334,-0.010264257634104205,6.247773339051238,0.2617993877991417,0.0,-1.5038961772425845,180,180,170,160,160,160,160
25.050370931625366,-0.010264257634104205,6.247773339051238,0.2617993877991417,0.0,-1.5038961772425845,180,180,170,160,160,160,160
25.060590028762817,-0.010264257634104205,6.247773339051238,0.2617993877991417,0.0,-1.5038961772425845,180,180,170,160,160,160,160
25.07085680961609,-0.010839702116569098,6.239175499354292,0.2617993877991417,0.0,-1.5038526783984631,180,180,170,160,160,160,160
25.08112072944641,-0.010839702116569098,6.239175499354292,0.2617993877991417,0.0,-1.5038526783984631,180,180,170,160,160,160,160
25.101491451263428,-0.010839702116569098,6.239175499354292,0.2617993877991417,0.0,-1.5038526783984631,180,180,170,160,160,160,160
25.11183214187622,-0.011416045963174313,6.230566797336747,0.2617993877991417,0.0,-1.5038155895731915,180,180,170,160,160,160,160
25.12204909324646,-0.011416045963174313,6.230566797336747,0.2617993877991417,0.0,-1.5038155895731915,180,180,170,160,160,160,160
25.132262229919434,-0.012010900377678208,6.22168600532793,0.2617993877991417,0.0,-1.5037817044132042,180,180,170,160,160,160,160
25.142472982406616,-0.012010900377678208,6.22168600532793,0.2617993877991417,0.0,-1.5037817044132042,180,180,170,160,160,160,160
25.15266513824463,-0.012010900377678208,6.22168600532793,0.2617993877991417,0.0,-1.5037817044132042,180,180,170,160,160,160,160
25.162875175476074,-0.012589247723621732,6.213056324003828,0.2617993877991417,0.0,-1.5037482100702202,180,180,170,160,160,160,160
25.17309880256653,-0.012589247723621732,6.213056324003828,0.2617993877991417,0.0,-1.5037482100702202,180,180,170,160,160,160,160
25.183945417404175,-0.012589247723621732,6.213056324003828,0.2617993877991417,0.0,-1.5037482100702202,180,180,170,160,160,160,160
25.200650215148926,-0.013168674148176534,6.204416902577931,0.2617993877991417,0.0,-1.503716348468637,180,180,170,160,160,160,160
25.210874795913696,-0.013168674148176534,6.204416902577931,0.2617993877991417,0.0,-1.503716348468637,180,180,170,160,160,160,160
25.221112489700317,-0.013168674148176534,6.204416902577931,0.2617993877991417,0.0,-1.503716348468637,180,180,170,160,160,160,160
25.23130178451538,-0.013767395721733593,6.195505852197451,0.2617993877991417,0.0,-1.5036924395763622,180,180,170,160,160,160,160
25.241508722305298,-0.013767395721733593,6.195505852197451,0.2617993877991417,0.0,-1.5036924395763622,180,180,170,160,160,160,160
25.252408981323242,-0.013767395721733593,6.195505852197451,0.2617993877991417,0.0,-1.5036924395763622,180,180,170,160,160,160,160
25.262595891952515,-0.014349561415521456,6.186852159476526,0.2617993877991417,0.0,-1.5036930426993478,180,180,170,160,160,160,160
25.272822618484497,-0.014349561415521456,6.186852159476526,0.2617993877991417,0.0,-1.5036930426993478,190,180,170,160,160,160,160
25.283058166503906,-0.014349561415521456,6.186852159476526,0.2617993877991417,0.0,-1.5036930426993478,190,180,170,160,160,160,160
25.297786474227905,-0.014349561415521456,6.186852159476526,0.2617993877991417,0.0,-1.5036930426993478,190,180,170,160,160,160,160
25.30803918838501,-0.014932545003513294,6.178206904680638,0.2617993877991417,0.0,-1.5037217419545479,190,180,170,160,160,160,160
25.318254947662354,-0.014932545003513294,6.178206904680638,0.2617993877991417,0.0,-1.5037217419545479,180,180,170,160,160,150,160
25.328479051589966,-0.014932545003513294,6.178206904680638,0.2617993877991417,0.0,-1.5037217419545479,180,180,170,160,160,150,160
25.338768243789673,-0.015530766479264668,6.1693209413709,0.2617993877991417,0.0,-1.5037618100277397,180,180,170,160,160,150,160
25.350717067718506,-0.015530766479264668,6.1693209413709,0.2617993877991417,0.0,-1.5037618100277397,180,180,170,160,160,150,160
25.36096167564392,-0.015530766479264668,6.1693209413709,0.2617993877991417,0.0,-1.5037618100277397,180,180,170,160,160,150,160
25.37114119529724,-0.016100388334637533,6.16074627195068,0.2617993877991417,0.0,-1.5036798703967307,180,180,170,160,160,150,160
25.381397247314453,-0.016100388334637533,6.16074627195068,0.2617993877991417,0.0,-1.5036798703967307,190,180,170,160,160,160,160
25.40041494369507,-0.016100388334637533,6.16074627195068,0.2617993877991417,0.0,-1.5036798703967307,190,180,170,160,160,160,160
25.41066312789917,-0.016675669901857704,6.152159814545293,0.2617993877991417,0.0,-1.503652819779187,190,180,170,160,160,160,160
25.420892000198364,-0.016675669901857704,6.152159814545293,0.2617993877991417,0.0,-1.503652819779187,180,180,170,160,160,160,160
25.431154012680054,-0.01727036086339056,6.143310262665244,0.2617993877991417,0.0,-1.5036014952614318,180,180,170,160,160,160,160
25.441539525985718,-0.01727036086339056,6.143310262665244,0.2617993877991417,0.0,-1.5036014952614318,180,180,170,160,160,160,160
25.452962398529053,-0.01727036086339056,6.143310262665244,0.2617993877991417,0.0,-1.5036014952614318,180,180,170,160,160,160,160
25.463435649871826,-0.01784836161082036,6.134711357713491,0.2617993877991417,0.0,-1.5035584176010608,180,180,170,160,160,160,160
25.473662853240967,-0.01784836161082036,6.134711357713491,0.2617993877991417,0.0,-1.5035584176010608,180,180,170,160,160,170,150
25.483910083770752,-0.01784836161082036,6.134711357713491,0.2617993877991417,0.0,-1.5035584176010608,180,180,170,160,160,170,150
25.501909017562866,-0.018427316820529383,6.126101463903149,0.2617993877991417,0.0,-1.503522416286928,180,180,170,160,160,170,150
25.512181758880615,-0.018427316820529383,6.126101463903149,0.2617993877991417,0.0,-1.503522416286928,180,180,170,160,160,170,150
25.522397994995117,-0.018427316820529383,6.126101463903149,0.2617993877991417,0.0,-1.503522416286928,180,180,170,160,160,170,150
25.53268551826477,-0.019024860597531258,6.11721961323937,0.2617993877991417,0.0,-1.5034884511726967,180,180,170,160,160,150,160
25.553837537765503,-0.019024860597531258,6.11721961323937,0.2617993877991417,0.0,-1.5034884511726967,180,180,170,160,160,150,160
25.56417441368103,-0.019605822369162147,6.108588911974618,0.2617993877991417,0.0,-1.5034550538664662,180,180,170,160,160,150,160
25.57442355155945,-0.019605822369162147,6.108588911974618,0.2617993877991417,0.0,-1.5034550538664662,180,180,170,160,160,150,160
25.584710359573364,-0.019605822369162147,6.108588911974618,0.2617993877991417,0.0,-1.5034550538664662,180,180,170,160,160,150,160
25.6065731048584,-0.019605822369162147,6.108588911974618,0.2617993877991417,0.0,-1.5034550538664662,180,180,170,160,160,150,160
25.61704707145691,-0.020187920275223915,6.0999484802014585,0.2617993877991417,0.0,-1.5034237970586146,180,180,170,160,160,150,160
25.62727689743042,-0.020187920275223915,6.0999484802014585,0.2617993877991417,0.0,-1.5034237970586146,180,180,170,160,160,150,160
25.63752579689026,-0.020789400971207864,6.091036567042677,0.2617993877991417,0.0,-1.5034013474657801,180,180,170,160,160,150,150
25.65126657485962,-0.020789400971207864,6.091036567042677,0.2617993877991417,0.0,-1.5034013474657801,180,180,170,160,160,150,150
25.661497592926025,-0.021374200412767188,6.082383378858111,0.2617993877991417,0.0,-1.5034070300415816,180,180,170,160,160,150,150
25.67170214653015,-0.021374200412767188,6.082383378858111,0.2617993877991417,0.0,-1.5034070300415816,180,180,170,160,160,150,150
25.68224310874939,-0.021374200412767188,6.082383378858111,0.2617993877991417,0.0,-1.5034070300415816,180,180,160,160,160,150,140
25.70316219329834,-0.021374200412767188,6.082383378858111,0.2617993877991417,0.0,-1.5034070300415816,180,180,160,160,160,150,140
25.71358013153076,-0.02195915908229429,6.073739973644097,0.2617993877991417,0.05235987755982833,-1.5034371229817778,180,180,160,160,160,150,140
25.72417449951172,-0.02195915908229429,6.073739973644097,0.2617993877991417,0.05235987755982833,-1.5034371229817778,180,180,160,160,160,150,140
25.734535932540894,-0.022558597555442768,6.064858959291959,0.2617993877991417,0.05235987755982833,-1.5034833319104675,180,180,160,160,160,140,150
25.75553250312805,-0.022558597555442768,6.064858959291959,0.2617993877991417,0.05235987755982833,-1.5034833319104675,180,180,160,160,160,140,150
25.76584553718567,-0.023123371657961633,6.0563488705714414,0.2617993877991417,0.06981317007977111,-1.504275917875934,180,180,160,160,160,140,150
25.776057481765747,-0.023123371657961633,6.0563488705714414,0.2617993877991417,0.06981317007977111,-1.504275917875934,180,180,160,160,160,140,150
25.78625249862671,-0.023123371657961633,6.0563488705714414,0.2617993877991417,0.06981317007977111,-1.504275917875934,180,180,160,160,160,140,150
25.80301284790039,-0.023123371657961633,6.0563488705714414,0.2617993877991417,0.08726646259971389,-1.504275917875934,180,180,160,160,160,140,150
25.813426971435547,-0.0236861655259889,6.047800361373326,0.2617993877991417,0.10471975511965666,-1.5058043812392037,180,180,160,160,160,140,150
25.82365608215332,-0.0236861655259889,6.047800361373326,0.2617993877991417,0.10471975511965666,-1.5058043812392037,180,180,160,160,150,160,150
25.833904027938843,-0.02424974987887674,6.038967256328722,0.2617993877991417,0.12217304763959944,-1.5080910567133743,180,180,160,160,150,160,150
25.85016679763794,-0.02424974987887674,6.038967256328722,0.2617993877991417,0.12217304763959944,-1.5080910567133743,180,180,160,160,150,160,150
25.860486030578613,-0.02424974987887674,6.038967256328722,0.2617993877991417,0.157079632679485,-1.5080910567133743,180,180,160,160,150,160,150
25.87070322036743,-0.02477342980451122,6.030393123247784,0.2617993877991417,0.157079632679485,-1.5114233586491261,180,180,160,160,150,160,150
25.881089687347412,-0.02477342980451122,6.030393123247784,0.2617993877991417,0.157079632679485,-1.5114233586491261,180,180,160,160,150,160,150
25.901512384414673,-0.02477342980451122,6.030393123247784,0.2617993877991417,0.157079632679485,-1.5114233586491261,180,180,160,160,150,160,150
25.912047386169434,-0.025261863375928735,6.021819735180823,0.2617993877991417,0.19198621771937055,-1.5164140495027434,180,180,160,160,150,160,150
25.922279596328735,-0.025261863375928735,6.021819735180823,0.2617993877991417,0.19198621771937055,-1.5164140495027434,180,180,160,160,150,160,150
25.93250846862793,-0.025717326113235125,6.012975767450758,0.2617993877991417,0.19198621771937055,-1.5222671789194435,180,180,160,160,150,140,140
25.942766904830933,-0.025717326113235125,6.012975767450758,0.2617993877991417,0.19198621771937055,-1.5222671789194435,180,180,160,160,150,140,140
25.959049463272095,-0.025717326113235125,6.012975767450758,0.2617993877991417,0.19198621771937055,-1.5222671789194435,180,180,160,160,150,140,140
25.969375133514404,-0.026108110820535865,6.004382087008793,0.2617993877991417,0.19198621771937055,-1.528530773661308,180,180,160,160,150,140,140
25.979581356048584,-0.026108110820535865,6.004382087008793,0.2617993877991417,0.19198621771937055,-1.528530773661308,180,180,160,160,150,140,140
25.98982524871826,-0.026108110820535865,6.004382087008793,0.2617993877991417,0.19198621771937055,-1.528530773661308,180,180,160,160,150,140,140
26.01142692565918,-0.02644560466296083,5.995774885987097,0.2617993877991417,0.19198621771937055,-1.5348213311183474,180,180,160,160,150,140,140
26.021703720092773,-0.02644560466296083,5.995774885987097,0.2617993877991417,0.19198621771937055,-1.5348213311183474,180,180,160,160,150,140,140
26.032256841659546,-0.026737593694574555,5.986895006883965,0.2617993877991417,0.19198621771937055,-1.541304644111042,180,180,160,160,150,140,140
26.042614698410034,-0.026737593694574555,5.986895006883965,0.2617993877991417,0.19198621771937055,-1.541304644111042,190,180,170,160,150,150,150
26.058043241500854,-0.026737593694574555,5.986895006883965,0.2617993877991417,0.19198621771937055,-1.541304644111042,190,180,170,160,150,150,150
26.068251609802246,-0.02696779460126283,5.978272459286885,0.2617993877991417,0.19198621771937055,-1.5475734989015342,190,180,170,160,150,150,150
26.078449964523315,-0.02696779460126283,5.978272459286885,0.2617993877991417,0.19198621771937055,-1.5475734989015342,180,180,180,160,140,150,140
26.08866572380066,-0.02696779460126283,5.978272459286885,0.2617993877991417,0.19198621771937055,-1.5475734989015342,180,180,180,160,140,150,140
26.09884285926819,-0.02696779460126283,5.978272459286885,0.2617993877991417,0.19198621771937055,-1.5475734989015342,180,180,180,160,140,150,140
26.109049081802368,-0.02715174160250868,5.969642989616609,0.2617993877991417,0.19198621771937055,-1.5537916161910788,180,180,180,160,140,150,140
26.11928129196167,-0.02715174160250868,5.969642989616609,0.2617993877991417,0.19198621771937055,-1.5537916161910788,180,180,180,160,140,150,140
26.12949800491333,-0.027275872655159204,5.96078901688837,0.2617993877991417,0.19198621771937055,-1.5598852476074734,180,180,180,160,140,150,140
26.139728546142578,-0.027275872655159204,5.96078901688837,0.2617993877991417,0.19198621771937055,-1.5598852476074734,180,180,180,160,140,150,140
26.149951219558716,-0.027275872655159204,5.96078901688837,0.2617993877991417,0.19198621771937055,-1.5598852476074734,180,180,190,150,140,150,140
26.160194873809814,-0.027275872655159204,5.96078901688837,0.2617993877991417,0.19198621771937055,-1.5598852476074734,180,180,190,150,140,150,140
26.173408031463623,-0.02733901673215459,5.952210641905507,0.2617993877991417,0.19198621771937055,-1.5660201256860364,180,180,190,150,140,150,140
26.183677196502686,-0.02733901673215459,5.952210641905507,0.2617993877991417,0.19198621771937055,-1.5660201256860364,180,180,190,150,140,150,140
26.193891525268555,-0.02733901673215459,5.952210641905507,0.2617993877991417,0.19198621771937055,-1.5660201256860364,180,180,180,150,140,140,140
26.204145431518555,-0.027352287035722726,5.943665095740791,0.2617993877991417,0.19198621771937055,-1.572372898437841,180,180,180,150,140,140,140
26.216108322143555,-0.027352287035722726,5.943665095740791,0.2617993877991417,0.19198621771937055,-1.572372898437841,180,180,180,150,140,140,140
26.226269960403442,-0.027352287035722726,5.943665095740791,0.2617993877991417,0.19198621771937055,-1.572372898437841,180,180,180,150,140,140,140
26.236518144607544,-0.02730946680453561,5.934851412836599,0.2617993877991417,0.19198621771937055,-1.5789280229200353,180,180,180,150,140,140,140
26.246748208999634,-0.02730946680453561,5.934851412836599,0.2617993877991417,0.19198621771937055,-1.5789280229200353,180,180,170,140,140,140,140
26.26272416114807,-0.027212277927648854,5.926287289920685,0.2617993877991417,0.19198621771937055,-1.5853040401372345,180,180,170,140,140,140,140
26.2732036113739,-0.027212277927648854,5.926287289920685,0.2617993877991417,0.19198621771937055,-1.5853040401372345,180,180,170,140,140,140,140
26.28356432914734,-0.027212277927648854,5.926287289920685,0.2617993877991417,0.19198621771937055,-1.5853040401372345,180,180,160,150,140,140,140
26.29380226135254,-0.027212277927648854,5.926287289920685,0.2617993877991417,0.19198621771937055,-1.5853040401372345,180,180,160,150,140,140,140
26.304797649383545,-0.027060195413790827,5.917711588687563,0.2617993877991417,0.19198621771937055,-1.5916846366965023,180,180,160,150,140,140,140
26.31499433517456,-0.027060195413790827,5.917711588687563,0.2617993877991417,0.19198621771937055,-1.5916846366965023,180,180,160,150,140,140,140
26.325178623199463,-0.027060195413790827,5.917711588687563,0.2617993877991417,0.20943951023931331,-1.5916846366965023,180,180,170,150,140,150,140
26.33575987815857,-0.026846201600559633,5.90886441765168,0.2617993877991417,0.20943951023931331,-1.5982585664940425,180,180,170,150,140,150,140
26.353445291519165,-0.026846201600559633,5.90886441765168,0.2617993877991417,0.2268928027592561,-1.5982585664940425,180,180,170,150,140,150,140
26.363719701766968,-0.026580837518124786,5.900271742840793,0.2617993877991417,0.2268928027592561,-1.6051880188860816,180,180,170,150,140,150,140
26.373868942260742,-0.026580837518124786,5.900271742840793,0.2617993877991417,0.24434609527919887,-1.6051880188860816,180,180,170,150,140,150,140
26.384295225143433,-0.026580837518124786,5.900271742840793,0.2617993877991417,0.24434609527919887,-1.6051880188860816,180,180,180,160,140,140,140
26.401686668395996,-0.02625378949780015,5.891677015533074,0.2617993877991417,0.24434609527919887,-1.6126768205023316,180,180,180,160,140,140,140
26.41199517250061,-0.02625378949780015,5.891677015533074,0.2617993877991417,0.2617993877991417,-1.6126768205023316,180,180,180,160,140,140,140
26.42233657836914,-0.02625378949780015,5.891677015533074,0.2617993877991417,0.2617993877991417,-1.6126768205023316,190,180,180,160,150,140,140
26.43255615234375,-0.025848645517585617,5.8828294502917675,0.2617993877991417,0.2617993877991417,-1.6209093312954033,190,180,180,160,150,140,140
26.45231318473816,-0.025848645517585617,5.8828294502917675,0.2617993877991417,0.27925268031908446,-1.6209093312954033,190,180,180,160,150,140,140
26.46268606185913,-0.02538438181118682,5.874279771621351,0.2617993877991417,0.27925268031908446,-1.6291803220907617,190,180,180,160,150,140,140
26.472898244857788,-0.02538438181118682,5.874279771621351,0.2617993877991417,0.27925268031908446,-1.6291803220907617,190,190,190,170,140,140,140
26.483144521713257,-0.02538438181118682,5.874279771621351,0.2617993877991417,0.27925268031908446,-1.6291803220907617,190,190,190,170,140,140,140
26.497309684753418,-0.02538438181118682,5.874279771621351,0.2617993877991417,0.27925268031908446,-1.6291803220907617,190,190,190,170,140,140,140
26.507643222808838,-0.024851648608396497,5.865779853906085,0.2617993877991417,0.27925268031908446,-1.637704469167811,190,190,190,170,140,140,140
26.517879962921143,-0.024851648608396497,5.865779853906085,0.2617993877991417,0.27925268031908446,-1.637704469167811,180,190,180,170,140,140,140
26.52809166908264,-0.024851648608396497,5.865779853906085,0.2617993877991417,0.27925268031908446,-1.637704469167811,180,190,180,170,140,140,140
26.53831696510315,-0.024220749408243262,5.856977242882253,0.2617993877991417,0.27925268031908446,-1.6468862930171326,180,190,180,170,140,140,140
26.553171157836914,-0.024220749408243262,5.856977242882253,0.2617993877991417,0.27925268031908446,-1.6468862930171326,180,190,180,170,140,140,140
26.563499927520752,-0.023530575385929335,5.848439782871653,0.2617993877991417,0.31415926535897,-1.6558090007962725,180,190,180,170,140,140,140
26.57381272315979,-0.023530575385929335,5.848439782871653,0.2617993877991417,0.31415926535897,-1.6558090007962725,180,190,180,170,140,140,140
26.58408546447754,-0.023530575385929335,5.848439782871653,0.2617993877991417,0.33161255787891275,-1.6558090007962725,180,190,180,180,140,140,140
26.6065092086792,-0.023530575385929335,5.848439782871653,0.2617993877991417,0.33161255787891275,-1.6558090007962725,180,190,180,180,140,140,140
26.617056131362915,-0.022761932675793215,5.8398931019945515,0.2617993877991417,0.43633231299856945,-1.6647425372065807,180,190,180,180,140,140,140
26.627368688583374,-0.022761932675793215,5.8398931019945515,0.2617993877991417,0.43633231299856945,-1.6647425372065807,180,190,180,180,140,140,140
26.63767695426941,-0.021883733960603502,5.8310814560518835,0.2617993877991417,0.43633231299856945,-1.6754990921881512,180,190,170,170,140,140,140
26.65419054031372,-0.021883733960603502,5.8310814560518835,0.2617993877991417,0.43633231299856945,-1.6754990921881512,180,190,170,170,140,140,140
26.66449475288391,-0.02096824315149997,5.82272295632152,0.2617993877991417,0.43633231299856945,-1.683334908857679,180,190,170,170,140,140,140
26.674783945083618,-0.02096824315149997,5.82272295632152,0.2617993877991417,0.43633231299856945,-1.683334908857679,180,180,180,180,140,140,130
26.685051202774048,-0.02096824315149997,5.82272295632152,0.2617993877991417,0.43633231299856945,-1.683334908857679,180,180,180,180,140,140,130
26.70422339439392,-0.02096824315149997,5.82272295632152,0.2617993877991417,0.43633231299856945,-1.683334908857679,180,180,180,180,140,140,130
26.714839935302734,-0.019982070831018606,5.814350006691965,0.2617993877991417,0.43633231299856945,-1.694334515403044,180,180,180,180,140,140,130
26.725122928619385,-0.019982070831018606,5.814350006691965,0.2617993877991417,0.43633231299856945,-1.694334515403044,180,180,180,180,140,140,130
26.735397338867188,-0.01883887753795088,5.805662225897618,0.2617993877991417,0.43633231299856945,-1.7093089893049083,180,190,190,170,150,140,130
26.745784044265747,-0.01883887753795088,5.805662225897618,0.2617993877991417,0.43633231299856945,-1.7093089893049083,180,190,190,170,150,140,130
26.759920120239258,-0.01883887753795088,5.805662225897618,0.2617993877991417,0.43633231299856945,-1.7093089893049083,180,190,190,170,150,140,130
26.770221710205078,-0.017603750564165993,5.797236543563259,0.2617993877991417,0.43633231299856945,-1.7238146781606167,180,190,190,170,150,140,130
26.78049397468567,-0.017603750564165993,5.797236543563259,0.2617993877991417,0.43633231299856945,-1.7238146781606167,180,190,190,170,150,140,130
26.79079580307007,-0.017603750564165993,5.797236543563259,0.2617993877991417,0.43633231299856945,-1.7238146781606167,180,190,180,170,150,140,140
26.809316635131836,-0.016247653069472654,5.788844657456727,0.2617993877991417,0.43633231299856945,-1.7381430719355804,180,190,180,170,150,140,140
26.819689750671387,-0.016247653069472654,5.788844657456727,0.2617993877991417,0.43633231299856945,-1.7381430719355804,180,190,180,170,150,140,140
26.829935312271118,-0.014731519526943928,5.780249086206373,0.2617993877991417,0.43633231299856945,-1.7526098412955218,180,190,180,170,150,140,140
26.8402202129364,-0.014731519526943928,5.780249086206373,0.2617993877991417,0.43633231299856945,-1.7526098412955218,180,180,180,180,150,140,140
26.86274266242981,-0.014731519526943928,5.780249086206373,0.2617993877991417,0.43633231299856945,-1.7526098412955218,180,180,180,180,150,140,140
26.872958183288574,-0.013134386474155909,5.771898828808026,0.2617993877991417,0.43633231299856945,-1.766785392082184,180,180,180,180,150,140,140
26.883183240890503,-0.013134386474155909,5.771898828808026,0.2617993877991417,0.43633231299856945,-1.766785392082184,180,190,190,190,180,140,140
26.893433332443237,-0.013134386474155909,5.771898828808026,0.2617993877991417,0.43633231299856945,-1.766785392082184,180,190,190,190,180,140,140
26.905604362487793,-0.011418909009308115,5.763563754291326,0.2617993877991417,0.43633231299856945,-1.7809492393735438,180,190,190,190,180,140,140
26.915897607803345,-0.011418909009308115,5.763563754291326,0.2617993877991417,0.43633231299856945,-1.7809492393735438,180,190,190,190,180,140,140
26.926374197006226,-0.011418909009308115,5.763563754291326,0.2617993877991417,0.43633231299856945,-1.7809492393735438,180,190,190,190,180,140,140
26.936652183532715,-0.009525587184201965,5.754990268878601,0.2617993877991417,0.43633231299856945,-1.7955705675584956,180,180,190,190,180,150,140
26.95277500152588,-0.009525587184201965,5.754990268878601,0.2617993877991417,0.43633231299856945,-1.7955705675584956,180,180,190,190,180,150,140
26.96301031112671,-0.007565736259653936,5.746684628185742,0.2617993877991417,0.43633231299856945,-1.8097849299729756,180,180,190,190,180,150,140
26.973225355148315,-0.007565736259653936,5.746684628185742,0.2617993877991417,0.43633231299856945,-1.8097849299729756,180,180,190,190,180,150,140
26.98348307609558,-0.007565736259653936,5.746684628185742,0.2617993877991417,0.43633231299856945,-1.8097849299729756,190,180,190,190,180,160,140
26.993674755096436,-0.007565736259653936,5.746684628185742,0.2617993877991417,0.43633231299856945,-1.8097849299729756,190,180,190,190,180,160,140
27.00465440750122,-0.005485838403375426,5.738397627977771,0.2617993877991417,0.43633231299856945,-1.8240317496221148,190,180,190,190,180,160,140
27.014907598495483,-0.005485838403375426,5.738397627977771,0.2617993877991417,0.43633231299856945,-1.8240317496221148,190,180,190,190,180,160,140
27.02511739730835,-0.005485838403375426,5.738397627977771,0.2617993877991417,0.43633231299856945,-1.8240317496221148,190,180,190,190,180,180,140
27.035342931747437,-0.0032181897251494502,5.72988461932611,0.2617993877991417,0.43633231299856945,-1.8387631237342814,190,180,190,190,180,180,140
27.045608043670654,-0.0032181897251494502,5.72988461932611,0.2617993877991417,0.43633231299856945,-1.8387631237342814,190,180,190,190,180,180,140
27.055855751037598,-0.0032181897251494502,5.72988461932611,0.2617993877991417,0.43633231299856945,-1.8387631237342814,190,180,190,190,180,180,140
27.066102504730225,-0.0008989942911504481,5.721653641591299,0.2617993877991417,0.43633231299856945,-1.8531170816936633,190,180,190,190,180,180,140
27.076680898666382,-0.0008989942911504481,5.721653641591299,0.2617993877991417,0.43633231299856945,-1.8531170816936633,190,180,190,190,180,180,140
27.08691382408142,-0.0008989942911504481,5.721653641591299,0.2617993877991417,0.43633231299856945,-1.8531170816936633,190,180,190,190,190,180,140
27.106005907058716,0.0015272231468508944,5.713444310717058,0.2617993877991417,0.43633231299856945,-1.8674295673926684,190,180,190,190,190,180,140
27.116325616836548,0.0015272231468508944,5.713444310717058,0.2617993877991417,0.43633231299856945,-1.8674295673926684,190,180,190,190,190,180,140
27.12653350830078,0.0015272231468508944,5.713444310717058,0.2617993877991417,0.43633231299856945,-1.8674295673926684,190,180,190,190,190,180,140
27.136783838272095,0.0040997874289559165,5.7050622931062875,0.2617993877991417,0.43633231299856945,-1.882451236373563,190,180,190,210,220,190,150
27.154000282287598,0.0040997874289559165,5.7050622931062875,0.2617993877991417,0.43633231299856945,-1.882451236373563,190,180,190,210,220,190,150
27.16423225402832,0.006749414763782885,5.697027723442565,0.2617993877991417,0.43633231299856945,-1.8967992429435432,190,180,190,210,220,190,150
27.174453258514404,0.006749414763782885,5.697027723442565,0.2617993877991417,0.43633231299856945,-1.8967992429435432,190,180,190,190,210,190,180
27.18472146987915,0.006749414763782885,5.697027723442565,0.2617993877991417,0.43633231299856945,-1.8967992429435432,190,180,190,190,210,190,180
27.203384399414062,0.009519935970915031,5.689020903030626,0.2617993877991417,0.43633231299856945,-1.9111913858694378,190,180,190,190,210,190,180
27.213670015335083,0.009519935970915031,5.689020903030626,0.2617993877991417,0.43633231299856945,-1.9111913858694378,190,180,190,190,210,190,180
27.22386860847473,0.009519935970915031,5.689020903030626,0.2617993877991417,0.43633231299856945,-1.9111913858694378,190,180,190,190,210,190,180
27.234387159347534,0.01249732696612277,5.680806170840935,0.2617993877991417,0.43633231299856945,-1.9260429182065495,190,190,180,190,210,190,180
27.250861644744873,0.01249732696612277,5.680806170840935,0.2617993877991417,0.43633231299856945,-1.9260429182065495,190,190,180,190,210,190,180
27.261123657226562,0.01249732696612277,5.680806170840935,0.2617993877991417,0.43633231299856945,-1.9260429182065495,190,190,180,190,210,190,180
27.271478414535522,0.01550779268090842,5.672865318753285,0.2617993877991417,0.43633231299856945,-1.9404747839813057,190,190,180,190,210,190,190
27.281702518463135,0.01550779268090842,5.672865318753285,0.2617993877991417,0.43633231299856945,-1.9404747839813057,190,190,180,190,210,190,190
27.29191565513611,0.01550779268090842,5.672865318753285,0.2617993877991417,0.43633231299856945,-1.9404747839813057,190,190,180,190,210,190,190
27.303345203399658,0.01550779268090842,5.672865318753285,0.2617993877991417,0.43633231299856945,-1.9404747839813057,190,190,180,190,210,190,190
27.313636779785156,0.01863749229343388,5.664956437898956,0.2617993877991417,0.43633231299856945,-1.9549185539109628,190,190,180,190,210,190,190
27.32437252998352,0.01863749229343388,5.664956437898956,0.2617993877991417,0.43633231299856945,-1.9549185539109628,190,190,180,190,210,190,190
27.334661722183228,0.021985943666638242,5.65684374324535,0.2617993877991417,0.43633231299856945,-1.9698087871029444,190,190,180,190,210,210,210
27.35365915298462,0.021985943666638242,5.65684374324535,0.2617993877991417,0.43633231299856945,-1.9698087871029444,190,190,180,190,210,210,210
27.363924503326416,0.025355394413014563,5.649007274546012,0.2617993877991417,0.43633231299856945,-1.984261888580464,190,190,180,190,210,210,210
27.374157905578613,0.025355394413014563,5.649007274546012,0.2617993877991417,0.43633231299856945,-1.984261888580464,190,190,180,190,210,210,210
27.384432554244995,0.025355394413014563,5.649007274546012,0.2617993877991417,0.43633231299856945,-1.984261888580464,190,190,180,190,210,210,210
27.404510021209717,0.025355394413014563,5.649007274546012,0.2617993877991417,0.43633231299856945,-1.984261888580464,190,190,180,190,210,210,210
27.414902925491333,0.028839380701748903,5.641214781674333,0.2617993877991417,0.43633231299856945,-1.9986871215386899,190,190,180,190,210,210,210
27.425117254257202,0.028839380701748903,5.641214781674333,0.2617993877991417,0.43633231299856945,-1.9986871215386899,190,190,180,190,210,210,210
27.435319185256958,0.0325427657457781,5.633242873927967,0.2617993877991417,0.43633231299856945,-2.013445195354962,190,190,190,190,190,210,190
27.446531057357788,0.0325427657457781,5.633242873927967,0.2617993877991417,0.43633231299856945,-2.013445195354962,190,190,190,190,190,210,190
27.456772327423096,0.0325427657457781,5.633242873927967,0.2617993877991417,0.43633231299856945,-2.013445195354962,190,190,190,190,190,210,190
27.46699094772339,0.03623957296032525,5.625584195065297,0.2617993877991417,0.43633231299856945,-2.0274834210963886,190,190,190,190,190,210,190
27.47717809677124,0.03623957296032525,5.625584195065297,0.2617993877991417,0.43633231299856945,-2.0274834210963886,190,190,180,190,190,210,210
27.487409830093384,0.03623957296032525,5.625584195065297,0.2617993877991417,0.43633231299856945,-2.0274834210963886,190,190,180,190,190,210,210
27.499324798583984,0.03623957296032525,5.625584195065297,0.2617993877991417,0.43633231299856945,-2.0274834210963886,190,190,180,190,190,210,210
27.50955367088318,0.040049734735424655,5.617966078426566,0.2617993877991417,0.43633231299856945,-2.04157898510669,190,190,180,190,190,210,210
27.51978874206543,0.040049734735424655,5.617966078426566,0.2617993877991417,0.43633231299856945,-2.04157898510669,190,190,180,190,190,210,210
27.530001878738403,0.044086612480398156,5.6101709394649095,0.2617993877991417,0.43633231299856945,-2.0561117474989095,190,190,180,190,190,210,210
27.540210962295532,0.044086612480398156,5.6101709394649095,0.2617993877991417,0.43633231299856945,-2.0561117474989095,190,190,180,190,190,210,210
27.55287194252014,0.044086612480398156,5.6101709394649095,0.2617993877991417,0.43633231299856945,-2.0561117474989095,190,190,180,190,190,210,210
27.563104391098022,0.048113961333100905,5.602659672651025,0.2617993877991417,0.43633231299856945,-2.070288902229122,190,190,180,190,190,210,210
27.57334852218628,0.048113961333100905,5.602659672651025,0.2617993877991417,0.43633231299856945,-2.070288902229122,190,190,180,190,190,210,210
27.58431100845337,0.048113961333100905,5.602659672651025,0.2617993877991417,0.43633231299856945,-2.070288902229122,190,190,190,180,190,210,210
27.60155987739563,0.048113961333100905,5.602659672651025,0.2617993877991417,0.43633231299856945,-2.070288902229122,190,190,190,180,190,210,210
27.611836671829224,0.05224531086815619,5.59520876079445,0.2617993877991417,0.43633231299856945,-2.084581385729131,190,190,190,180,190,210,210
27.62203574180603,0.05224531086815619,5.59520876079445,0.2617993877991417,0.43633231299856945,-2.084581385729131,190,180,190,180,190,190,210
27.63225293159485,0.05660374038764428,5.587621577293664,0.2617993877991417,0.43633231299856945,-2.0996055705012258,190,180,190,180,190,190,210
27.650681495666504,0.05660374038764428,5.587621577293664,0.2617993877991417,0.43633231299856945,-2.0996055705012258,190,180,190,180,190,190,210
27.660901069641113,0.05660374038764428,5.587621577293664,0.2617993877991417,0.43633231299856945,-2.0996055705012258,190,180,190,180,190,190,210
27.671136617660522,0.060930899881602905,5.580338519352867,0.2617993877991417,0.43633231299856945,-2.114405201404796,190,180,190,180,190,190,210
27.68146562576294,0.060930899881602905,5.580338519352867,0.2617993877991417,0.43633231299856945,-2.114405201404796,210,180,190,180,190,190,210
27.691859006881714,0.060930899881602905,5.580338519352867,0.2617993877991417,0.43633231299856945,-2.114405201404796,210,180,190,180,190,190,210
27.70407247543335,0.0653861730311194,5.573086994783635,0.2617993877991417,0.43633231299856945,-2.12901885580808,210,180,190,180,190,190,210
27.714390754699707,0.0653861730311194,5.573086994783635,0.2617993877991417,0.43633231299856945,-2.12901885580808,210,180,190,180,190,190,210
27.72477650642395,0.0653861730311194,5.573086994783635,0.2617993877991417,0.43633231299856945,-2.12901885580808,210,180,190,180,190,190,210
27.73538112640381,0.07008003783638264,5.565689478182328,0.2617993877991417,0.43633231299856945,-2.144055865719523,210,190,180,180,190,190,210
27.7457492351532,0.07008003783638264,5.565689478182328,0.2617993877991417,0.43633231299856945,-2.144055865719523,210,190,180,180,190,190,210
27.75813603401184,0.07008003783638264,5.565689478182328,0.2617993877991417,0.43633231299856945,-2.144055865719523,210,190,180,180,190,190,210
27.768410682678223,0.07473382452582744,5.558594431951558,0.2617993877991417,0.43633231299856945,-2.158473380570046,210,190,180,180,190,190,210
27.77870535850525,0.07473382452582744,5.558594431951558,0.2617993877991417,0.43633231299856945,-2.158473380570046,210,190,180,180,190,190,210
27.789021492004395,0.07473382452582744,5.558594431951558,0.2617993877991417,0.43633231299856945,-2.158473380570046,190,190,190,190,190,190,210
27.808393955230713,0.07473382452582744,5.558594431951558,0.2617993877991417,0.43633231299856945,-2.158473380570046,190,190,190,190,190,190,210
27.818686723709106,0.07948210482850179,5.551576584802498,0.2617993877991417,0.43633231299856945,-2.172727622690579,190,190,190,190,190,190,210
27.828954935073853,0.08448570479516322,5.544406448750044,0.2617993877991417,0.43633231299856945,-2.1874173049462824,190,190,190,190,190,190,210
27.839155197143555,0.08448570479516322,5.544406448750044,0.2617993877991417,0.43633231299856945,-2.1874173049462824,190,190,190,190,190,190,210
27.849442720413208,0.08448570479516322,5.544406448750044,0.2617993877991417,0.43633231299856945,-2.1874173049462824,190,190,190,190,180,190,210
27.867518424987793,0.08448570479516322,5.544406448750044,0.2617993877991417,0.43633231299856945,-2.1874173049462824,190,190,190,190,180,190,210
27.877795696258545,0.08944863150371057,5.537508321763021,0.2617993877991417,0.43633231299856945,-2.2016888388832956,190,190,190,190,180,190,210
27.88801145553589,0.08944863150371057,5.537508321763021,0.2617993877991417,0.43633231299856945,-2.2016888388832956,190,190,190,190,180,190,210
27.898303270339966,0.0945169617970865,5.530671823922962,0.2617993877991417,0.43633231299856945,-2.2159805217470834,190,210,180,190,190,190,190
27.921878814697266,0.0945169617970865,5.530671823922962,0.2617993877991417,0.43633231299856945,-2.2159805217470834,190,210,180,190,190,190,190
27.932148933410645,0.09984847919985473,5.523694007622064,0.2617993877991417,0.43633231299856945,-2.2307260843603807,190,210,180,190,190,190,190
27.942404985427856,0.09984847919985473,5.523694007622064,0.2617993877991417,0.43633231299856945,-2.2307260843603807,190,210,180,190,190,190,190
27.952704668045044,0.09984847919985473,5.523694007622064,0.2617993877991417,0.43633231299856945,-2.2307260843603807,210,190,190,180,180,190,190
27.96296525001526,0.10512862987010976,5.516987184402839,0.2617993877991417,0.43633231299856945,-2.2450567265144556,210,190,190,180,180,190,190
27.97440814971924,0.10512862987010976,5.516987184402839,0.2617993877991417,0.43633231299856945,-2.2450567265144556,210,190,190,180,180,190,190
27.984708070755005,0.10512862987010976,5.516987184402839,0.2617993877991417,0.43633231299856945,-2.2450567265144556,210,190,190,180,180,190,190
27.995083808898926,0.10512862987010976,5.516987184402839,0.2617993877991417,0.43633231299856945,-2.2450567265144556,210,190,190,180,180,190,190
28.00534176826477,0.11051105130540634,5.510347676365427,0.2617993877991417,0.43633231299856945,-2.259400133218861,190,190,210,190,180,190,200
28.018468141555786,0.11051105130540634,5.510347676365427,0.2617993877991417,0.43633231299856945,-2.259400133218861,190,190,210,190,180,190,200
28.028701305389404,0.11615909272586761,5.503582983788206,0.2617993877991417,0.43633231299856945,-2.274164552549741,190,190,210,190,180,190,200
28.038940906524658,0.11615909272586761,5.503582983788206,0.2617993877991417,0.41887902047862663,-2.274164552549741,210,210,210,190,190,190,200
28.061028718948364,0.11615909272586761,5.503582983788206,0.2617993877991417,0.2967059728390272,-2.274164552549741,210,210,210,190,190,190,200
28.07132363319397,0.12173007524674188,5.49709932740903,0.2617993877991417,0.27925268031908446,-2.2884584433403967,210,210,210,190,190,190,200
28.081566333770752,0.12173007524674188,5.49709932740903,0.2617993877991417,0.2617993877991417,-2.2884584433403967,210,210,200,190,190,190,190
28.091821432113647,0.12173007524674188,5.49709932740903,0.2617993877991417,0.2617993877991417,-2.2884584433403967,210,210,200,190,190,190,190
28.102890968322754,0.12742518946360912,5.490656994241034,0.2617993877991417,0.2268928027592561,-2.301473561628948,210,210,200,190,190,190,190
28.113224506378174,0.12742518946360912,5.490656994241034,0.2617993877991417,0.20943951023931331,-2.301473561628948,210,210,200,190,190,190,190
28.123533010482788,0.12742518946360912,5.490656994241034,0.2617993877991417,0.20943951023931331,-2.301473561628948,210,210,190,190,190,190,190
28.133850574493408,0.13330992757030188,5.484160942434413,0.2617993877991417,0.20943951023931331,-2.311967700617793,210,210,190,190,190,190,190
28.14411211013794,0.13330992757030188,5.484160942434413,0.2617993877991417,0.19198621771937055,-2.311967700617793,210,210,190,190,190,190,190
28.154346227645874,0.13330992757030188,5.484160942434413,0.2617993877991417,0.19198621771937055,-2.311967700617793,210,210,190,190,190,190,190
28.164560079574585,0.13896890978022605,5.478035970244683,0.2617993877991417,0.17453292519942779,-2.3202158193513287,210,210,190,190,190,190,190
28.17480707168579,0.13896890978022605,5.478035970244683,0.2617993877991417,0.17453292519942779,-2.3202158193513287,210,210,210,190,190,190,190
28.18508815765381,0.13896890978022605,5.478035970244683,0.2617993877991417,0.17453292519942779,-2.3202158193513287,210,210,210,190,190,190,190
28.20009160041809,0.13896890978022605,5.478035970244683,0.2617993877991417,0.157079632679485,-2.3202158193513287,210,210,210,190,190,190,190
28.21038293838501,0.1447165206405665,5.471906406646289,0.2617993877991417,0.13962634015954223,-2.3270697233179485,210,210,210,190,190,190,190
28.22064447402954,0.1447165206405665,5.471906406646289,0.2617993877991417,0.13962634015954223,-2.3270697233179485,210,210,210,190,190,190,190
28.230998516082764,0.1507814945880818,5.46551387301279,0.2617993877991417,0.12217304763959944,-2.332633550501852,190,210,190,200,190,190,190
28.241225957870483,0.1507814945880818,5.46551387301279,0.2617993877991417,0.08726646259971389,-2.332633550501852,190,210,190,200,190,190,190
28.251490354537964,0.1507814945880818,5.46551387301279,0.2617993877991417,0.08726646259971389,-2.332633550501852,190,210,190,200,190,190,190
28.261684894561768,0.15672151088168787,5.459314398622354,0.2617993877991417,0.06981317007977111,-2.3368428800519,190,210,190,200,190,190,190
28.271913528442383,0.15672151088168787,5.459314398622354,0.2617993877991417,0.05235987755982833,-2.3368428800519,210,210,210,200,190,190,190
28.282148361206055,0.15672151088168787,5.459314398622354,0.2617993877991417,0.05235987755982833,-2.3368428800519,210,210,210,200,190,190,190
28.292343854904175,0.15672151088168787,5.459314398622354,0.2617993877991417,0.0,-2.3368428800519,210,210,210,200,190,190,190
28.303959369659424,0.16270133138913268,5.453116330196867,0.2617993877991417,0.0,-2.339395626656927,210,210,210,200,190,190,190
28.314214944839478,0.16270133138913268,5.453116330196867,0.2617993877991417,0.0,-2.339395626656927,210,210,210,200,190,190,190
28.324435234069824,0.16270133138913268,5.453116330196867,0.2617993877991417,0.0,-2.339395626656927,210,210,210,210,180,190,190
28.33477473258972,0.16882704518913855,5.446815189577824,0.2617993877991417,0.0,-2.3455624099344274,210,210,210,210,180,190,190
28.35009765625,0.16882704518913855,5.446815189577824,0.2617993877991417,0.0,-2.3455624099344274,210,210,210,210,180,190,190
28.360320568084717,0.16882704518913855,5.446815189577824,0.2617993877991417,0.0,-2.3455624099344274,210,210,210,210,180,190,190
28.370569467544556,0.17483440811152828,5.440702164018138,0.2617993877991417,0.0,-2.347854081638124,210,210,210,210,180,190,190
28.38082242012024,0.17483440811152828,5.440702164018138,0.2617993877991417,0.0,-2.347854081638124,210,210,210,200,190,190,190
28.391056537628174,0.17483440811152828,5.440702164018138,0.2617993877991417,0.0,-2.347854081638124,210,210,210,200,190,190,190
28.406179666519165,0.17483440811152828,5.440702164018138,0.2617993877991417,0.0,-2.347854081638124,210,210,210,200,190,190,190
28.41670250892639,0.18090643013682614,5.434529002987965,0.2617993877991417,0.0,-2.3478863026874257,210,210,210,200,190,190,190
28.426943063735962,0.18090643013682614,5.434529002987965,0.2617993877991417,0.0,-2.3478863026874257,210,210,210,210,190,190,190
28.437159061431885,0.18716028373796373,5.428171020212561,0.2617993877991417,0.0,-2.347817327352454,210,210,210,210,190,190,190
28.456066846847534,0.18716028373796373,5.428171020212561,0.2617993877991417,0.0,-2.347817327352454,210,210,210,210,190,190,190
28.46667218208313,0.19321047131118044,5.4220204676850665,0.2617993877991417,0.0,-2.34747442091521,210,210,210,210,190,190,190
28.477198123931885,0.19321047131118044,5.4220204676850665,0.2617993877991417,0.0,-2.34747442091521,210,210,210,210,190,190,190
28.487699031829834,0.19321047131118044,5.4220204676850665,0.2617993877991417,0.0,-2.34747442091521,210,210,210,210,190,190,190
28.498146295547485,0.19926511379541287,5.4158601885562305,0.2617993877991417,0.0,-2.3472256146713506,210,210,210,210,190,190,190
28.50839114189148,0.19926511379541287,5.4158601885562305,0.2617993877991417,0.0,-2.3472256146713506,210,210,210,210,190,190,190
28.518707275390625,0.19926511379541287,5.4158601885562305,0.2617993877991417,0.0,-2.3472256146713506,210,210,210,210,190,190,190
28.529003381729126,0.20549464361563863,5.409519981723045,0.2617993877991417,0.0,-2.3470712752740766,210,210,210,200,190,190,190
28.5397686958313,0.20549464361563863,5.409519981723045,0.2617993877991417,0.0,-2.3470712752740766,210,210,210,200,190,190,190
28.558127880096436,0.20549464361563863,5.409519981723045,0.2617993877991417,0.0,-2.3470712752740766,210,210,210,200,190,190,190
28.568498849868774,0.21152097657233584,5.403387611945883,0.2617993877991417,0.0,-2.347195892158229,210,210,210,200,190,190,190
28.578959941864014,0.21152097657233584,5.403387611945883,0.2617993877991417,0.0,-2.347195892158229,210,210,210,200,190,190,190
28.589186429977417,0.21152097657233584,5.403387611945883,0.2617993877991417,0.0,-2.347195892158229,210,210,210,190,190,190,190
28.603689193725586,0.21755674368645023,5.3972467601261656,0.2617993877991417,0.0,-2.3472843483809305,210,210,210,190,190,190,190
28.613970041275024,0.21755674368645023,5.3972467601261656,0.2617993877991417,0.0,-2.3472843483809305,210,210,210,190,190,190,190
28.624212503433228,0.21755674368645023,5.3972467601261656,0.2617993877991417,0.0,-2.3472843483809305,210,210,210,190,190,190,190
28.634549140930176,0.22377777206135077,5.390915427623469,0.2617993877991417,0.0,-2.3474108618677803,210,210,210,190,190,190,190
28.65409803390503,0.22377777206135077,5.390915427623469,0.2617993877991417,0.0,-2.3474108618677803,210,210,210,190,190,190,190
28.664382219314575,0.22982363211367818,5.3847642572999925,0.2617993877991417,0.0,-2.3475280664673437,210,210,210,190,190,190,190
28.674668550491333,0.22982363211367818,5.3847642572999925,0.2617993877991417,0.0,-2.3475280664673437,210,210,210,190,190,190,190
28.68536925315857,0.22982363211367818,5.3847642572999925,0.2617993877991417,0.0,-2.3475280664673437,210,210,200,190,190,190,190
28.701194763183594,0.22982363211367818,5.3847642572999925,0.2617993877991417,0.0,-2.3475280664673437,210,210,200,190,190,190,190
28.711975812911987,0.23587845532714957,5.378605463602758,0.2617993877991417,0.0,-2.347631419772232,210,210,200,190,190,190,190
28.722256660461426,0.23587845532714957,5.378605463602758,0.2617993877991417,0.0,-2.347631419772232,210,210,200,190,190,190,190
28.73247265815735,0.2421247371511857,5.372252818557439,0.2617993877991417,-0.05235987755982833,-2.347724428581574,190,210,190,190,190,190,190
28.75062370300293,0.2421247371511857,5.372252818557439,0.2617993877991417,-0.05235987755982833,-2.347724428581574,190,210,190,190,190,190,190
28.76085090637207,0.2421247371511857,5.372252818557439,0.2617993877991417,-0.06981317007977111,-2.347724428581574,190,210,190,190,190,190,190
28.771045684814453,0.2481980241912064,5.366068462349575,0.2617993877991417,-0.06981317007977111,-2.346219964127798,190,210,190,190,190,190,190
28.781255960464478,0.2481980241912064,5.366068462349575,0.2617993877991417,-0.06981317007977111,-2.346219964127798,190,210,190,190,190,190,190
28.791532516479492,0.2481980241912064,5.366068462349575,0.2617993877991417,-0.08726646259971389,-2.346219964127798,190,210,190,190,190,190,190
28.803176403045654,0.2542670232158079,5.359864249786671,0.2617993877991417,-0.10471975511965666,-2.3439784445539558,190,210,190,190,190,190,190
28.813384532928467,0.2542670232158079,5.359864249786671,0.2617993877991417,-0.10471975511965666,-2.3439784445539558,190,210,190,190,190,190,190
28.823605060577393,0.2542670232158079,5.359864249786671,0.2617993877991417,-0.12217304763959944,-2.3439784445539558,190,210,190,190,190,190,190
28.834009170532227,0.2605044769394056,5.3534564536130596,0.2617993877991417,-0.12217304763959944,-2.3409402663288126,190,210,190,190,190,190,190
28.844303369522095,0.2605044769394056,5.3534564536130596,0.2617993877991417,-0.12217304763959944,-2.3409402663288126,190,210,190,190,190,190,190
28.854545831680298,0.2605044769394056,5.3534564536130596,0.2617993877991417,-0.13962634015954223,-2.3409402663288126,190,210,190,190,190,190,190
28.8647403717041,0.26655273769757915,5.347201068013909,0.2617993877991417,-0.157079632679485,-2.3369290884279046,190,210,190,190,190,190,190
28.874958992004395,0.26655273769757915,5.347201068013909,0.2617993877991417,-0.157079632679485,-2.3369290884279046,210,210,210,190,190,190,190
28.88514804840088,0.26655273769757915,5.347201068013909,0.2617993877991417,-0.157079632679485,-2.3369290884279046,210,210,210,190,190,190,190
28.90309476852417,0.26655273769757915,5.347201068013909,0.2617993877991417,-0.157079632679485,-2.3369290884279046,210,210,210,190,190,190,190
28.913522720336914,0.2725453359066901,5.340943726110179,0.2617993877991417,-0.19198621771937055,-2.332058956186655,210,210,210,190,190,190,190
28.92371940612793,0.2725453359066901,5.340943726110179,0.2617993877991417,-0.19198621771937055,-2.332058956186655,210,210,210,190,190,190,190
28.933969974517822,0.27867521110521454,5.334481087702958,0.2617993877991417,-0.19198621771937055,-2.326752118671637,210,210,210,190,190,190,190
28.953135013580322,0.27867521110521454,5.334481087702958,0.2617993877991417,-0.19198621771937055,-2.326752118671637,210,210,210,190,190,190,190
28.963476419448853,0.28454640647210844,5.328222908303482,0.2617993877991417,-0.20943951023931331,-2.3210210077522415,210,210,210,190,190,190,190
28.973716259002686,0.28454640647210844,5.328222908303482,0.2617993877991417,-0.20943951023931331,-2.3210210077522415,210,210,210,190,190,190,190
28.983951091766357,0.28454640647210844,5.328222908303482,0.2617993877991417,-0.20943951023931331,-2.3210210077522415,210,210,210,190,190,190,190
28.994189739227295,0.28454640647210844,5.328222908303482,0.2617993877991417,-0.20943951023931331,-2.3210210077522415,210,210,210,190,190,190,190
29.009670972824097,0.29041843051623684,5.321881900234684,0.2617993877991417,-0.20943951023931331,-2.314358352896872,210,210,210,190,190,190,190
29.01989483833313,0.29041843051623684,5.321881900234684,0.2617993877991417,-0.20943951023931331,-2.314358352896872,210,210,210,190,190,190,190
29.03010368347168,0.29644415956480524,5.315286583089987,0.2617993877991417,-0.2268928027592561,-2.3073521668142005,210,210,210,190,190,190,190
29.04029679298401,0.29644415956480524,5.315286583089987,0.2617993877991417,-0.2268928027592561,-2.3073521668142005,210,210,210,190,190,190,190
29.054925441741943,0.29644415956480524,5.315286583089987,0.2617993877991417,-0.2268928027592561,-2.3073521668142005,210,210,210,190,190,190,190
29.065173625946045,0.302256699215034,5.308832188737471,0.2617993877991417,-0.2268928027592561,-2.2999908696587728,210,210,210,190,190,190,190
29.07544255256653,0.302256699215034,5.308832188737471,0.2617993877991417,-0.2268928027592561,-2.2999908696587728,210,210,210,190,190,190,190
29.085657596588135,0.302256699215034,5.308832188737471,0.2617993877991417,-0.2268928027592561,-2.2999908696587728,210,210,190,180,190,190,190
29.10135293006897,0.30803025019748603,5.302324923386471,0.2617993877991417,-0.24434609527919887,-2.292593212058648,210,210,190,180,190,190,190
29.111722469329834,0.30803025019748603,5.302324923386471,0.2617993877991417,-0.24434609527919887,-2.292593212058648,210,210,190,180,190,190,190
29.121954202651978,0.30803025019748603,5.302324923386471,0.2617993877991417,-0.24434609527919887,-2.292593212058648,210,210,210,180,190,190,190
29.133124113082886,0.31393782879845034,5.2955609535037205,0.2617993877991417,-0.24434609527919887,-2.2843792344698324,210,210,210,180,190,190,190
29.150509119033813,0.31393782879845034,5.2955609535037205,0.2617993877991417,-0.24434609527919887,-2.2843792344698324,210,210,210,180,190,190,190
29.16075325012207,0.31393782879845034,5.2955609535037205,0.2617993877991417,-0.24434609527919887,-2.2843792344698324,210,210,210,180,190,190,190
29.1709725856781,0.31962615846276476,5.288939605141081,0.2617993877991417,-0.2617993877991417,-2.276366130524399,210,210,210,180,190,190,190
29.181212663650513,0.31962615846276476,5.288939605141081,0.2617993877991417,-0.2617993877991417,-2.276366130524399,210,210,210,190,180,180,190
29.19144105911255,0.31962615846276476,5.288939605141081,0.2617993877991417,-0.2617993877991417,-2.276366130524399,210,210,210,190,180,180,190
29.203039169311523,0.32526756759979747,5.282264469088191,0.2617993877991417,-0.2617993877991417,-2.268332295430116,210,210,210,190,180,180,190
29.213258743286133,0.32526756759979747,5.282264469088191,0.2617993877991417,-0.2617993877991417,-2.268332295430116,210,210,210,190,180,180,190
29.22347927093506,0.32526756759979747,5.282264469088191,0.2617993877991417,-0.2617993877991417,-2.268332295430116,210,210,210,190,180,190,190
29.23371458053589,0.33102696226209755,5.27533128884358,0.2617993877991417,-0.2617993877991417,-2.259467668309934,210,210,210,190,180,190,190
29.252881050109863,0.33102696226209755,5.27533128884358,0.2617993877991417,-0.2617993877991417,-2.259467668309934,210,210,210,190,180,190,190
29.263096809387207,0.3365475632592408,5.268561027947942,0.2617993877991417,-0.2617993877991417,-2.2508638874621907,210,210,210,190,180,190,190
29.273313283920288,0.3365475632592408,5.268561027947942,0.2617993877991417,-0.2617993877991417,-2.2508638874621907,210,210,190,190,180,190,190
29.28354263305664,0.3365475632592408,5.268561027947942,0.2617993877991417,-0.2617993877991417,-2.2508638874621907,210,210,190,190,180,190,190
29.29821276664734,0.3365475632592408,5.268561027947942,0.2617993877991417,-0.2617993877991417,-2.2508638874621907,210,210,190,190,180,190,190
29.30858612060547,0.3419911377140971,5.261774922767611,0.2617993877991417,-0.2617993877991417,-2.242375044204698,210,210,190,190,180,190,190
29.318811655044556,0.3419911377140971,5.261774922767611,0.2617993877991417,-0.2617993877991417,-2.242375044204698,210,210,190,190,180,190,190
29.329050064086914,0.347498252147428,5.254782779099136,0.2617993877991417,-0.2617993877991417,-2.2335277497904533,210,210,210,190,180,190,190
29.33926224708557,0.347498252147428,5.254782779099136,0.2617993877991417,-0.2617993877991417,-2.2335277497904533,210,210,210,190,180,190,190
29.35118532180786,0.347498252147428,5.254782779099136,0.2617993877991417,-0.2617993877991417,-2.2335277497904533,210,210,210,190,180,190,190
29.36144256591797,0.352805898793192,5.247923626976928,0.2617993877991417,-0.2617993877991417,-2.2249006471286035,210,210,210,190,180,190,190
29.3716721534729,0.352805898793192,5.247923626976928,0.2617993877991417,-0.2617993877991417,-2.2249006471286035,210,210,210,190,180,190,190
29.381892681121826,0.352805898793192,5.247923626976928,0.2617993877991417,-0.2617993877991417,-2.2249006471286035,210,210,190,190,180,190,190
29.39211392402649,0.352805898793192,5.247923626976928,0.2617993877991417,-0.2617993877991417,-2.2249006471286035,210,210,190,190,180,190,190
29.405055046081543,0.3580589392458578,5.241013308619216,0.2617993877991417,-0.2617993877991417,-2.2162784960545903,210,210,190,190,180,190,190
29.415295124053955,0.3580589392458578,5.241013308619216,0.2617993877991417,-0.2617993877991417,-2.2162784960545903,210,210,190,190,180,190,190
29.42551326751709,0.3580589392458578,5.241013308619216,0.2617993877991417,-0.2617993877991417,-2.2162784960545903,210,210,190,190,180,190,200
29.435739517211914,0.3634148002752148,5.233838673028318,0.2617993877991417,-0.2617993877991417,-2.2073725022948363,210,210,190,190,180,190,200
29.448835611343384,0.3634148002752148,5.233838673028318,0.2617993877991417,-0.2617993877991417,-2.2073725022948363,210,210,190,190,180,190,200
29.459046125411987,0.3634148002752148,5.233838673028318,0.2617993877991417,-0.2617993877991417,-2.2073725022948363,210,210,190,190,180,190,200
29.46925926208496,0.368558659885101,5.2268203891218885,0.2617993877991417,-0.2617993877991417,-2.1987102363219613,210,210,190,190,180,190,200
29.479514360427856,0.368558659885101,5.2268203891218885,0.2617993877991417,-0.2617993877991417,-2.1987102363219613,210,210,190,190,180,190,200
29.489736080169678,0.368558659885101,5.2268203891218885,0.2617993877991417,-0.2617993877991417,-2.1987102363219613,210,210,190,190,180,190,200
29.501765489578247,0.368558659885101,5.2268203891218885,0.2617993877991417,-0.2617993877991417,-2.1987102363219613,210,210,190,190,180,190,200
29.512234687805176,0.3736483748826626,5.219748002617154,0.2617993877991417,-0.2617993877991417,-2.1900330001465504,210,210,190,190,180,190,200
29.522614240646362,0.3736483748826626,5.219748002617154,0.2617993877991417,-0.2617993877991417,-2.1900330001465504,210,210,190,190,180,190,200
29.533363103866577,0.378834714564392,5.212405237868624,0.2617993877991417,-0.2617993877991417,-2.181083276462005,210,190,190,180,190,190,200
29.556312322616577,0.378834714564392,5.212405237868624,0.2617993877991417,-0.2617993877991417,-2.181083276462005,210,190,190,180,190,190,200
29.566627025604248,0.38381062670952637,5.205226031330223,0.2617993877991417,-0.2617993877991417,-2.1723932279993585,210,190,190,180,190,190,200
29.576922178268433,0.38381062670952637,5.205226031330223,0.2617993877991417,-0.2617993877991417,-2.1723932279993585,210,190,190,180,190,190,200
29.587249755859375,0.38381062670952637,5.205226031330223,0.2617993877991417,-0.2617993877991417,-2.1723932279993585,210,190,190,180,190,190,210
29.601407527923584,0.38872418816714516,5.19800286080895,0.2617993877991417,-0.2617993877991417,-2.1637623119338594,210,190,190,180,190,190,210
29.6117262840271,0.38872418816714516,5.19800286080895,0.2617993877991417,-0.2617993877991417,-2.1637623119338594,210,190,190,180,190,190,210
29.621925115585327,0.38872418816714516,5.19800286080895,0.2617993877991417,-0.2617993877991417,-2.1637623119338594,210,190,190,180,190,190,210
29.632127285003662,0.3937149538581657,5.1905348764448345,0.2617993877991417,-0.2617993877991417,-2.155050444538943,210,190,190,180,190,190,210
29.642879486083984,0.3937149538581657,5.1905348764448345,0.2617993877991417,-0.2617993877991417,-2.155050444538943,210,190,190,170,190,200,200
29.66033434867859,0.3937149538581657,5.1905348764448345,0.2617993877991417,-0.24434609527919887,-2.155050444538943,210,190,190,170,190,200,200
29.67060160636902,0.39847249795898654,5.183276612847015,0.2617993877991417,-0.12217304763959944,-2.1468668924746757,210,190,190,170,190,200,200
29.680869102478027,0.39847249795898654,5.183276612847015,0.2617993877991417,0.0,-2.1468668924746757,210,190,190,170,190,200,200
29.69111466407776,0.39847249795898654,5.183276612847015,0.2617993877991417,0.0,-2.1468668924746757,210,190,180,170,180,190,200
29.701327323913574,0.40316932887479057,5.175995740316118,0.2617993877991417,0.0,-2.141780156009525,210,190,180,170,180,190,200
29.71427083015442,0.40316932887479057,5.175995740316118,0.2617993877991417,0.0,-2.141780156009525,210,190,180,170,180,190,200
29.724550485610962,0.40316932887479057,5.175995740316118,0.2617993877991417,0.0,-2.141780156009525,210,190,180,170,180,190,200
29.734771966934204,0.40793041795549717,5.1685750383940725,0.2617993877991417,0.0,-2.1412162416727964,210,190,190,180,190,190,200
29.74510359764099,0.40793041795549717,5.1685750383940725,0.2617993877991417,0.0,-2.1412162416727964,210,190,190,180,190,190,200
29.75589919090271,0.40793041795549717,5.1685750383940725,0.2617993877991417,0.0,-2.1412162416727964,210,190,190,180,190,190,200
29.76616358757019,0.4125604554958475,5.161362986613886,0.2617993877991417,0.0,-2.140861101917718,210,190,190,180,190,190,200
29.776455879211426,0.4125604554958475,5.161362986613886,0.2617993877991417,0.05235987755982833,-2.140861101917718,210,190,180,180,190,190,200
29.78668522834778,0.4125604554958475,5.161362986613886,0.2617993877991417,0.05235987755982833,-2.140861101917718,210,190,180,180,190,190,200
29.80037808418274,0.4125604554958475,5.161362986613886,0.2617993877991417,0.06981317007977111,-2.140861101917718,210,190,180,180,190,190,200
29.810846090316772,0.4172060472736515,5.154118962391861,0.2617993877991417,0.10471975511965666,-2.140698725872123,210,190,180,180,190,190,200
29.82109498977661,0.4172060472736515,5.154118962391861,0.2617993877991417,0.10471975511965666,-2.140698725872123,210,190,180,180,180,190,200
29.83138155937195,0.4219891160028513,5.14667031332465,0.2617993877991417,0.10471975511965666,-2.1425939580795634,210,190,180,180,180,190,200
29.84184169769287,0.4219891160028513,5.14667031332465,0.2617993877991417,0.12217304763959944,-2.1425939580795634,210,190,180,180,180,190,200
29.852041721343994,0.4219891160028513,5.14667031332465,0.2617993877991417,0.12217304763959944,-2.1425939580795634,210,190,180,180,180,190,200
29.862255334854126,0.4266569129912703,5.139442630283254,0.2617993877991417,0.12217304763959944,-2.1458084035968423,210,190,180,180,180,190,200
29.872496604919434,0.4266569129912703,5.139442630283254,0.2617993877991417,0.13962634015954223,-2.1458084035968423,210,190,180,180,180,190,200
29.88274097442627,0.4266569129912703,5.139442630283254,0.2617993877991417,0.13962634015954223,-2.1458084035968423,210,190,180,180,180,190,200
29.899386167526245,0.4266569129912703,5.139442630283254,0.2617993877991417,0.13962634015954223,-2.1458084035968423,210,190,180,180,180,190,200
29.909794092178345,0.4313537583268545,5.132225163931412,0.2617993877991417,0.13962634015954223,-2.149654898356772,210,190,180,180,180,190,200
29.92000126838684,0.4313537583268545,5.132225163931412,0.2617993877991417,0.13962634015954223,-2.149654898356772,210,190,180,180,180,190,200
29.93023920059204,0.4362273189573165,5.124803980896469,0.2617993877991417,0.13962634015954223,-2.154231225223508,210,190,180,180,180,190,200
29.948188066482544,0.4362273189573165,5.124803980896469,0.2617993877991417,0.12217304763959944,-2.154231225223508,210,190,180,180,180,190,200
29.95842742919922,0.4362273189573165,5.124803980896469,0.2617993877991417,0.12217304763959944,-2.154231225223508,210,190,180,180,180,190,200
29.968691110610962,0.4409945192181219,5.117614927283643,0.2617993877991417,0.10471975511965666,-2.1587230142653926,210,190,180,180,180,190,200
29.978923797607422,0.4409945192181219,5.117614927283643,0.2617993877991417,0.06981317007977111,-2.1587230142653926,210,190,180,170,180,190,200
29.989126920700073,0.4409945192181219,5.117614927283643,0.2617993877991417,0.06981317007977111,-2.1587230142653926,210,190,180,170,180,190,200
30.000348329544067,0.44579806055211046,5.110435860094979,0.2617993877991417,0.05235987755982833,-2.162701231635162,210,190,180,170,180,190,200
30.010605812072754,0.44579806055211046,5.110435860094979,0.2617993877991417,0.0,-2.162701231635162,210,190,180,170,180,190,200
30.020822048187256,0.44579806055211046,5.110435860094979,0.2617993877991417,0.0,-2.162701231635162,210,190,180,170,180,190,200
30.03108263015747,0.44579806055211046,5.110435860094979,0.2617993877991417,0.0,-2.162701231635162,210,190,180,170,180,190,200
30.04680895805359,0.4507555311782736,5.103091242389316,0.2617993877991417,0.0,-2.16559765498038,210,190,180,170,180,190,200
30.05701518058777,0.4507555311782736,5.103091242389316,0.2617993877991417,0.0,-2.16559765498038,210,190,180,170,180,190,200
30.067190170288086,0.45550707361789655,5.096086984695849,0.2617993877991417,0.0,-2.1666599146822496,210,190,180,170,180,190,200
30.077390432357788,0.45550707361789655,5.096086984695849,0.2617993877991417,0.0,-2.1666599146822496,210,190,180,170,180,190,200
30.08760142326355,0.45550707361789655,5.096086984695849,0.2617993877991417,0.0,-2.1666599146822496,210,190,180,170,180,190,200
30.10120987892151,0.4602883451831617,5.089033460102489,0.2617993877991417,0.0,-2.16663253659396,210,190,180,170,180,190,200
30.111432313919067,0.4602883451831617,5.089033460102489,0.2617993877991417,0.0,-2.16663253659396,210,190,180,170,180,190,200
30.12166738510132,0.4602883451831617,5.089033460102489,0.2617993877991417,0.0,-2.16663253659396,210,190,170,170,180,190,200
30.13254427909851,0.46528950375174327,5.081671311560195,0.2617993877991417,0.0,-2.1668710627876036,210,190,170,170,180,190,200
30.149940490722656,0.46528950375174327,5.081671311560195,0.2617993877991417,0.0,-2.1668710627876036,210,190,170,170,180,190,200
30.160165786743164,0.46528950375174327,5.081671311560195,0.2617993877991417,0.0,-2.1668710627876036,210,190,170,170,180,190,200
30.170607089996338,0.4701199818811599,5.074552466746802,0.2617993877991417,0.0,-2.1667646478889684,210,190,170,170,180,190,200
30.18172836303711,0.4701199818811599,5.074552466746802,0.2617993877991417,0.0,-2.1667646478889684,210,190,170,180,190,190,200
30.197681427001953,0.4749584528115177,5.067422133265525,0.2617993877991417,0.0,-2.166693634694584,210,190,170,180,190,190,200
30.207908391952515,0.4749584528115177,5.067422133265525,0.2617993877991417,0.0,-2.166693634694584,210,190,170,180,190,190,200
30.218340635299683,0.4749584528115177,5.067422133265525,0.2617993877991417,0.0,-2.166693634694584,210,190,170,180,190,190,200
30.22866702079773,0.47994437889332436,5.060070518138705,0.2617993877991417,0.0,-2.1665847157117883,210,190,170,180,190,190,200
30.2388699054718,0.47994437889332436,5.060070518138705,0.2617993877991417,0.0,-2.1665847157117883,210,190,170,180,190,190,200
30.254680633544922,0.47994437889332436,5.060070518138705,0.2617993877991417,0.0,-2.1665847157117883,210,190,170,180,190,190,200
30.26494550704956,0.48478931545842013,5.052925199861027,0.2617993877991417,0.0,-2.1664870434530714,210,190,170,180,190,190,200
30.275242567062378,0.48478931545842013,5.052925199861027,0.2617993877991417,0.0,-2.1664870434530714,210,190,170,180,190,190,200
30.285528659820557,0.48478931545842013,5.052925199861027,0.2617993877991417,0.0,-2.1664870434530714,210,200,170,180,180,190,200
30.30164408683777,0.48963975584986674,5.045770410705536,0.2617993877991417,0.0,-2.1663998283677555,210,200,170,180,180,190,200
30.311916828155518,0.48963975584986674,5.045770410705536,0.2617993877991417,0.0,-2.1663998283677555,210,200,170,180,180,190,200
30.3222017288208,0.48963975584986674,5.045770410705536,0.2617993877991417,0.0,-2.1663998283677555,210,200,170,180,180,190,200
30.332417249679565,0.49464189340326054,5.0383901639474615,0.2617993877991417,0.0,-2.1663138009485006,210,200,170,180,180,190,200
30.35104012489319,0.49464189340326054,5.0383901639474615,0.2617993877991417,0.0,-2.1663138009485006,210,200,170,180,180,190,200
30.36140465736389,0.4995001293910285,5.031220217378405,0.2617993877991417,0.0,-2.1662435907201654,210,200,170,180,180,190,200
30.371630668640137,0.4995001293910285,5.031220217378405,0.2617993877991417,0.0,-2.1662435907201654,210,200,170,180,180,190,200
30.38204073905945,0.4995001293910285,5.031220217378405,0.2617993877991417,0.0,-2.1662435907201654,210,200,170,190,180,190,200
30.40008020401001,0.4995001293910285,5.031220217378405,0.2617993877991417,0.0,-2.1662435907201654,210,200,170,190,180,190,200
30.410443544387817,0.5043575680904879,5.024049633279286,0.2617993877991417,0.0,-2.1662423789728322,210,200,170,190,180,190,200
30.420652627944946,0.5043575680904879,5.024049633279286,0.2617993877991417,0.0,-2.1662423789728322,210,200,170,190,190,190,200
30.43087387084961,0.5093564082023601,5.016675360214066,0.2617993877991417,0.0,-2.1664078489517626,210,200,170,190,190,190,200
30.449779272079468,0.5093564082023601,5.016675360214066,0.2617993877991417,0.0,-2.1664078489517626,210,200,170,190,190,190,200
30.460010290145874,0.5093564082023601,5.016675360214066,0.2617993877991417,0.0,-2.1664078489517626,210,200,170,190,190,190,200
30.470226526260376,0.5141874159980185,5.009548975976471,0.2617993877991417,0.0,-2.166815845473005,210,190,170,190,190,190,190
30.481159687042236,0.5141874159980185,5.009548975976471,0.2617993877991417,0.0,-2.166815845473005,210,190,170,190,190,190,190
30.49934983253479,0.5141874159980185,5.009548975976471,0.2617993877991417,0.0,-2.166815845473005,210,190,170,190,190,190,190
30.509844541549683,0.5190357274621857,5.00240608880433,0.2617993877991417,0.0,-2.1670175115044272,210,190,170,190,190,190,190
30.520129919052124,0.5190357274621857,5.00240608880433,0.2617993877991417,0.0,-2.1670175115044272,210,190,170,190,190,190,190
30.530378103256226,0.5240205833035316,4.99506838380923,0.2617993877991417,0.0,-2.167030503161716,210,190,170,190,190,190,210
30.540587663650513,0.5240205833035316,4.99506838380923,0.2617993877991417,0.0,-2.167030503161716,210,190,170,190,190,190,210
30.553375959396362,0.5240205833035316,4.99506838380923,0.2617993877991417,0.0,-2.167030503161716,210,190,170,190,190,190,210
30.563637495040894,0.528850758208514,4.987952032696362,0.2617993877991417,0.0,-2.1669067343628616,210,190,170,190,190,190,210
30.573856353759766,0.528850758208514,4.987952032696362,0.2617993877991417,0.0,-2.1669067343628616,210,190,170,190,190,190,190
30.584095239639282,0.528850758208514,4.987952032696362,0.2617993877991417,0.0,-2.1669067343628616,210,190,170,190,190,190,190
30.60041379928589,0.5336894440450393,4.980823187716568,0.2617993877991417,0.0,-2.1668199937066035,210,190,170,190,190,190,190
30.610652208328247,0.5336894440450393,4.980823187716568,0.2617993877991417,0.0,-2.1668199937066035,210,190,170,190,190,190,190
30.620895862579346,0.5336894440450393,4.980823187716568,0.2617993877991417,0.0,-2.1668199937066035,210,190,170,190,190,190,190
30.6311194896698,0.5386769981684967,4.973471182796658,0.2617993877991417,0.0,-2.166711096757993,210,190,170,190,190,190,190
30.65020251274109,0.5386769981684967,4.973471182796658,0.2617993877991417,0.0,-2.166711096757993,210,190,170,190,190,190,190
30.66042399406433,0.5386769981684967,4.973471182796658,0.2617993877991417,0.0,-2.166711096757993,210,190,170,190,190,190,190
30.67060899734497,0.5435235854779035,4.966325404978076,0.2617993877991417,0.0,-2.166614981017649,210,190,170,190,190,190,190
30.6808443069458,0.5435235854779035,4.966325404978076,0.2617993877991417,0.0,-2.166614981017649,210,180,170,190,190,190,190
30.69825029373169,0.5483756066924557,4.959170264175416,0.2617993877991417,0.0,-2.1665286858715858,210,180,170,190,190,190,190
30.7084641456604,0.5483756066924557,4.959170264175416,0.2617993877991417,0.0,-2.1665286858715858,210,180,170,190,190,190,190
30.718669414520264,0.5483756066924557,4.959170264175416,0.2617993877991417,0.0,-2.1665286858715858,210,180,170,190,190,190,190
30.728896141052246,0.5483756066924557,4.959170264175416,0.2617993877991417,0.0,-2.1665286858715858,200,180,170,190,180,190,200
30.73914861679077,0.553379254040111,4.951789737912684,0.2617993877991417,0.0,-2.1664431492138343,200,180,170,190,180,190,200
30.752875566482544,0.553379254040111,4.951789737912684,0.2617993877991417,0.0,-2.1664431492138343,200,180,170,190,180,190,200
30.763121128082275,0.5582386789412532,4.944620041354797,0.2617993877991417,0.0,-2.166378169353106,200,180,170,190,180,190,200
30.773317575454712,0.5582386789412532,4.944620041354797,0.2617993877991417,0.0,-2.166378169353106,200,180,170,190,180,190,200
30.78356647491455,0.5582386789412532,4.944620041354797,0.2617993877991417,0.0,-2.166378169353106,200,180,170,190,190,190,200
30.79384136199951,0.5582386789412532,4.944620041354797,0.2617993877991417,0.0,-2.166378169353106,200,180,170,190,190,190,200
30.807035207748413,0.5630966296044811,4.937450382509985,0.2617993877991417,0.0,-2.1663889326815555,200,180,170,190,190,190,200
30.817267656326294,0.5630966296044811,4.937450382509985,0.2617993877991417,-0.05235987755982833,-2.1663889326815555,200,180,170,190,190,190,200
30.827483415603638,0.5630966296044811,4.937450382509985,0.2617993877991417,-0.05235987755982833,-2.1663889326815555,200,180,170,190,190,190,190
30.837719440460205,0.5680942575653601,4.930080897976917,0.2617993877991417,-0.05235987755982833,-2.166589856369892,200,180,170,190,190,190,190
30.85023808479309,0.5680942575653601,4.930080897976917,0.2617993877991417,-0.05235987755982833,-2.166589856369892,200,180,170,190,190,190,190
30.860488414764404,0.5680942575653601,4.930080897976917,0.2617993877991417,-0.06981317007977111,-2.166589856369892,200,180,170,190,190,190,190
30.870710134506226,0.5728951126409129,4.92299974209818,0.2617993877991417,-0.06981317007977111,-2.165958147835256,200,180,170,190,190,190,190
30.880932331085205,0.5728951126409129,4.92299974209818,0.2617993877991417,-0.06981317007977111,-2.165958147835256,200,180,170,190,190,190,200
30.891233682632446,0.5728951126409129,4.92299974209818,0.2617993877991417,-0.06981317007977111,-2.165958147835256,200,180,170,190,190,190,200
30.904649019241333,0.5777198728218237,4.915860613087446,0.2617993877991417,-0.08726646259971389,-2.1640244880348005,200,180,170,190,190,190,200
30.91490626335144,0.5777198728218237,4.915860613087446,0.2617993877991417,-0.08726646259971389,-2.1640244880348005,200,180,170,190,190,190,200
30.92515516281128,0.5777198728218237,4.915860613087446,0.2617993877991417,-0.08726646259971389,-2.1640244880348005,200,180,170,190,190,190,200
30.93573021888733,0.5826967498263412,4.9084613309901695,0.2617993877991417,-0.10471975511965666,-2.161339482698147,200,180,170,190,190,190,190
30.951765060424805,0.5826967498263412,4.9084613309901695,0.2617993877991417,-0.12217304763959944,-2.161339482698147,200,180,170,190,190,190,190
30.962042570114136,0.5874938836383486,4.901283682807742,0.2617993877991417,-0.12217304763959944,-2.157857003156091,200,180,170,190,190,190,190
30.972250938415527,0.5874938836383486,4.901283682807742,0.2617993877991417,-0.12217304763959944,-2.157857003156091,200,170,170,200,190,190,200
30.982584953308105,0.5874938836383486,4.901283682807742,0.2617993877991417,-0.12217304763959944,-2.157857003156091,200,170,170,200,190,190,200
31.001930713653564,0.5922670729298427,4.894077171483579,0.2617993877991417,-0.13962634015954223,-2.1537574203038328,200,170,170,200,190,190,200
31.012184858322144,0.5922670729298427,4.894077171483579,0.2617993877991417,-0.13962634015954223,-2.1537574203038328,200,170,170,200,190,190,200
31.022435426712036,0.5922670729298427,4.894077171483579,0.2617993877991417,-0.13962634015954223,-2.1537574203038328,200,170,170,200,190,190,200
31.03269910812378,0.5971635245163478,4.886616083037592,0.2617993877991417,-0.13962634015954223,-2.148936839043835,200,170,170,190,190,190,200
31.05033230781555,0.5971635245163478,4.886616083037592,0.2617993877991417,-0.13962634015954223,-2.148936839043835,200,170,170,190,190,190,200
31.060584783554077,0.5971635245163478,4.886616083037592,0.2617993877991417,-0.13962634015954223,-2.148936839043835,200,170,170,190,190,190,200
31.07081174850464,0.6018873910763957,4.879341667912183,0.2617993877991417,-0.157079632679485,-2.1442186797830383,200,170,180,190,190,190,190
31.08105444908142,0.6018873910763957,4.879341667912183,0.2617993877991417,-0.157079632679485,-2.1442186797830383,200,170,180,190,190,190,190
31.09128737449646,0.6018873910763957,4.879341667912183,0.2617993877991417,-0.157079632679485,-2.1442186797830383,200,170,180,190,190,190,190
31.102370023727417,0.6065825865887496,4.8720357193134305,0.2617993877991417,-0.157079632679485,-2.1394953013687648,200,170,180,190,190,190,190
31.112592935562134,0.6065825865887496,4.8720357193134305,0.2617993877991417,-0.157079632679485,-2.1394953013687648,200,170,180,190,190,190,190
31.12283420562744,0.6065825865887496,4.8720357193134305,0.2617993877991417,-0.157079632679485,-2.1394953013687648,200,170,180,190,190,190,190
31.13315749168396,0.6113894887841235,4.86447148180978,0.2617993877991417,-0.157079632679485,-2.1340614962775755,200,170,170,190,180,190,190
31.153465509414673,0.6113894887841235,4.86447148180978,0.2617993877991417,-0.157079632679485,-2.1340614962775755,200,170,170,190,180,190,190
31.163750648498535,0.616016095734834,4.857103044705821,0.2617993877991417,-0.17453292519942779,-2.128828503775095,200,170,170,190,180,190,190
31.173975944519043,0.616016095734834,4.857103044705821,0.2617993877991417,-0.17453292519942779,-2.128828503775095,190,170,170,190,190,190,190
31.184269666671753,0.616016095734834,4.857103044705821,0.2617993877991417,-0.19198621771937055,-2.128828503775095,190,170,170,190,190,190,190
31.201645135879517,0.616016095734834,4.857103044705821,0.2617993877991417,-0.19198621771937055,-2.128828503775095,190,170,170,190,190,190,190
31.211923360824585,0.6205917791998209,4.849733561011517,0.2617993877991417,-0.19198621771937055,-2.123312634760995,190,170,170,190,190,190,190
31.222081184387207,0.6205917791998209,4.849733561011517,0.2617993877991417,-0.20943951023931331,-2.123312634760995,190,170,170,190,190,190,190
31.232330799102783,0.6252342698469314,4.842159641197585,0.2617993877991417,-0.20943951023931331,-2.1174576581578375,180,170,170,190,180,200,190
31.242703199386597,0.6252342698469314,4.842159641197585,0.2617993877991417,-0.20943951023931331,-2.1174576581578375,180,170,170,190,180,200,190
31.253241062164307,0.6252342698469314,4.842159641197585,0.2617993877991417,-0.2268928027592561,-2.1174576581578375,180,170,170,190,180,200,190
31.26350164413452,0.6297195214976982,4.8347368010544916,0.2617993877991417,-0.24434609527919887,-2.1109426205170196,180,170,170,190,180,200,190
31.273714303970337,0.6297195214976982,4.8347368010544916,0.2617993877991417,-0.24434609527919887,-2.1109426205170196,180,170,170,190,180,200,190
31.284324169158936,0.6297195214976982,4.8347368010544916,0.2617993877991417,-0.24434609527919887,-2.1109426205170196,180,180,180,190,190,190,190
31.30285930633545,0.6297195214976982,4.8347368010544916,0.2617993877991417,-0.24434609527919887,-2.1109426205170196,180,180,180,190,190,190,190
31.313151836395264,0.6341669678107273,4.827262164619,0.2617993877991417,-0.24434609527919887,-2.103742318871104,180,180,180,190,190,190,190
31.323614358901978,0.6341669678107273,4.827262164619,0.2617993877991417,-0.24434609527919887,-2.103742318871104,180,180,180,190,190,190,190
31.33384871482849,0.6386925442328016,4.819523615901719,0.2617993877991417,-0.2617993877991417,-2.095615962984435,180,180,190,190,190,190,190
31.3441002368927,0.6386925442328016,4.819523615901719,0.2617993877991417,-0.2617993877991417,-2.095615962984435,180,180,190,190,190,190,190
31.35552430152893,0.6386925442328016,4.819523615901719,0.2617993877991417,-0.2617993877991417,-2.095615962984435,180,180,190,190,190,190,190
31.365750551223755,0.643033614004792,4.811963070016943,0.2617993877991417,-0.2617993877991417,-2.0871509821153884,180,180,190,190,190,190,190
31.37598204612732,0.643033614004792,4.811963070016943,0.2617993877991417,-0.2617993877991417,-2.0871509821153884,170,180,190,190,190,200,210
31.386239290237427,0.643033614004792,4.811963070016943,0.2617993877991417,-0.2617993877991417,-2.0871509821153884,170,180,190,190,190,200,210
31.40502142906189,0.6472867946085108,4.804396626885593,0.2617993877991417,-0.2617993877991417,-2.0782779187933715,170,180,190,190,190,200,210
31.415239810943604,0.6472867946085108,4.804396626885593,0.2617993877991417,-0.2617993877991417,-2.0782779187933715,170,180,190,190,190,200,210
31.425447463989258,0.6472867946085108,4.804396626885593,0.2617993877991417,-0.2617993877991417,-2.0782779187933715,170,180,190,190,190,200,210
31.435879230499268,0.6516097941847835,4.796540496792019,0.2617993877991417,-0.2617993877991417,-2.069213195269743,170,180,190,190,190,190,190
31.455148696899414,0.6516097941847835,4.796540496792019,0.2617993877991417,-0.2617993877991417,-2.069213195269743,170,180,190,190,190,190,190
31.465445518493652,0.6557423239439214,4.788869291110348,0.2617993877991417,-0.2617993877991417,-2.0603866400033017,170,180,190,190,190,190,190
31.475667476654053,0.6557423239439214,4.788869291110348,0.2617993877991417,-0.2617993877991417,-2.0603866400033017,170,180,190,190,190,190,190
31.485976934432983,0.6557423239439214,4.788869291110348,0.2617993877991417,-0.2617993877991417,-2.0603866400033017,170,180,190,190,190,190,190
31.502079486846924,0.6598094361935133,4.781156909690506,0.2617993877991417,-0.2617993877991417,-2.0515725908804123,170,180,190,190,190,190,190
31.5123028755188,0.6598094361935133,4.781156909690506,0.2617993877991417,-0.2617993877991417,-2.0515725908804123,170,180,190,190,190,190,190
31.522529363632202,0.6598094361935133,4.781156909690506,0.2617993877991417,-0.2617993877991417,-2.0515725908804123,170,180,190,190,190,190,190
31.533266305923462,0.6639253133641998,4.7731790167099115,0.2617993877991417,-0.2617993877991417,-2.0425859349363273,170,180,190,190,190,190,190
31.544044017791748,0.6639253133641998,4.7731790167099115,0.2617993877991417,-0.2617993877991417,-2.0425859349363273,160,170,180,180,190,190,210
31.561758756637573,0.6678399640003005,4.765436311637745,0.2617993877991417,-0.2617993877991417,-2.034164689845341,160,170,180,180,190,190,210
31.572009086608887,0.6678399640003005,4.765436311637745,0.2617993877991417,-0.2617993877991417,-2.034164689845341,160,170,180,180,190,190,210
31.582258939743042,0.6678399640003005,4.765436311637745,0.2617993877991417,-0.2617993877991417,-2.034164689845341,160,190,180,180,200,190,210
31.592512845993042,0.6678399640003005,4.765436311637745,0.2617993877991417,-0.2617993877991417,-2.034164689845341,160,190,180,180,200,190,210
31.60482692718506,0.6678399640003005,4.765436311637745,0.2617993877991417,-0.2617993877991417,-2.034164689845341,160,190,180,180,200,190,210
31.615326166152954,0.6716834757373678,4.757664712118304,0.2617993877991417,-0.2617993877991417,-2.025819746479357,160,190,180,180,200,190,210
31.62560749053955,0.6716834757373678,4.757664712118304,0.2617993877991417,-0.2617993877991417,-2.025819746479357,160,190,180,180,200,190,210
31.63582992553711,0.6755878501765498,4.749600546329043,0.2617993877991417,-0.2617993877991417,-2.017124072790721,160,190,190,190,190,190,190
31.65468454360962,0.6755878501765498,4.749600546329043,0.2617993877991417,-0.2617993877991417,-2.017124072790721,160,190,190,190,190,190,190
31.664949417114258,0.6793139101605169,4.741733414245305,0.2617993877991417,-0.2617993877991417,-2.008690521028929,160,190,190,190,190,190,190
31.675201892852783,0.6793139101605169,4.741733414245305,0.2617993877991417,-0.2617993877991417,-2.008690521028929,160,190,190,190,190,190,190
31.68545889854431,0.6793139101605169,4.741733414245305,0.2617993877991417,-0.2617993877991417,-2.008690521028929,160,190,180,180,190,190,210
31.704806804656982,0.6829785899928312,4.7338238230952365,0.2617993877991417,-0.2617993877991417,-2.0002383158741917,160,190,180,180,190,190,210
31.715067386627197,0.6829785899928312,4.7338238230952365,0.2617993877991417,-0.2617993877991417,-2.0002383158741917,160,190,180,180,190,190,210
31.72537589073181,0.6829785899928312,4.7338238230952365,0.2617993877991417,-0.2617993877991417,-2.0002383158741917,160,190,180,180,190,190,210
31.735742807388306,0.6866882958808616,4.725632449088284,0.2617993877991417,-0.2617993877991417,-1.9914932849892557,160,190,180,180,190,190,210
31.75641965866089,0.6866882958808616,4.725632449088284,0.2617993877991417,-0.2617993877991417,-1.9914932849892557,160,190,180,180,190,190,210
31.76670742034912,0.6902222777744399,4.717645277099127,0.2617993877991417,-0.2617993877991417,-1.9829460299839923,160,190,180,180,190,190,210
31.776973009109497,0.6902222777744399,4.717645277099127,0.2617993877991417,-0.2617993877991417,-1.9829460299839923,160,180,180,190,180,190,210
31.787267923355103,0.6902222777744399,4.717645277099127,0.2617993877991417,-0.2617993877991417,-1.9829460299839923,160,180,180,190,180,190,210
31.80545926094055,0.6902222777744399,4.717645277099127,0.2617993877991417,-0.2617993877991417,-1.9829460299839923,160,180,180,190,180,190,210
31.815967798233032,0.693687348959794,4.709627073175952,0.2617993877991417,-0.2617993877991417,-1.9742990616295735,160,180,180,190,180,190,210
31.826264142990112,0.693687348959794,4.709627073175952,0.2617993877991417,-0.2617993877991417,-1.9742990616295735,160,180,180,190,180,190,210
31.837209224700928,0.6971811713155247,4.701349069557536,0.2617993877991417,-0.2617993877991417,-1.9652146214606903,190,180,180,190,190,190,190
31.859634160995483,0.6971811713155247,4.701349069557536,0.2617993877991417,-0.2617993877991417,-1.9652146214606903,190,180,180,190,190,190,190
31.870022773742676,0.7004832522655019,4.693313189370846,0.2617993877991417,-0.2617993877991417,-1.9562309210434041,190,180,180,190,190,190,190
31.880359411239624,0.7004832522655019,4.693313189370846,0.2617993877991417,-0.2617993877991417,-1.9562309210434041,200,180,190,190,190,210,210
31.890677213668823,0.7004832522655019,4.693313189370846,0.2617993877991417,-0.2617993877991417,-1.9562309210434041,200,180,190,190,190,210,210
31.905824661254883,0.7037201896606194,4.685246514711659,0.2617993877991417,-0.2617993877991417,-1.9475387863840898,200,180,190,190,190,210,210
31.916151523590088,0.7037201896606194,4.685246514711659,0.2617993877991417,-0.2617993877991417,-1.9475387863840898,200,180,190,190,190,210,210
31.92641592025757,0.7037201896606194,4.685246514711659,0.2617993877991417,-0.2617993877991417,-1.9475387863840898,200,180,190,190,190,210,210
31.936699628829956,0.7069631597918347,4.676946089654992,0.2617993877991417,-0.2617993877991417,-1.9388868631506755,190,180,180,190,190,210,210
31.95612335205078,0.7069631597918347,4.676946089654992,0.2617993877991417,-0.2617993877991417,-1.9388868631506755,190,180,180,190,190,210,210
31.966447591781616,0.7100516151845979,4.66883827979718,0.2617993877991417,-0.2617993877991417,-1.9303515056492637,190,180,180,190,190,210,210
31.976706981658936,0.7100516151845979,4.66883827979718,0.2617993877991417,-0.2617993877991417,-1.9303515056492637,180,180,180,190,190,180,210
31.986945629119873,0.7100516151845979,4.66883827979718,0.2617993877991417,-0.2617993877991417,-1.9303515056492637,180,180,180,190,190,180,210
32.00137758255005,0.7100516151845979,4.66883827979718,0.2617993877991417,-0.2617993877991417,-1.9303515056492637,180,180,180,190,190,180,210
32.011860609054565,0.7130744949742288,4.660696328161064,0.2617993877991417,-0.2617993877991417,-1.9218129509219908,180,180,180,190,190,180,210
32.022085666656494,0.7130744949742288,4.660696328161064,0.2617993877991417,-0.2617993877991417,-1.9218129509219908,180,180,180,190,190,180,210
32.03246235847473,0.7161204178108199,4.652270044499387,0.2617993877991417,-0.2617993877991417,-1.91300346348034,180,180,180,190,190,180,210
32.052053451538086,0.7161204178108199,4.652270044499387,0.2617993877991417,-0.2617993877991417,-1.91300346348034,180,180,180,190,190,180,210
32.06234121322632,0.7190095892699994,4.644054413823687,0.2617993877991417,-0.2617993877991417,-1.904436441502445,180,180,180,190,190,180,210
32.072582721710205,0.7190095892699994,4.644054413823687,0.2617993877991417,-0.2617993877991417,-1.904436441502445,180,180,180,190,190,210,210
32.08284115791321,0.7190095892699994,4.644054413823687,0.2617993877991417,-0.2617993877991417,-1.904436441502445,180,180,180,190,190,210,210
32.10132813453674,0.7190095892699994,4.644054413823687,0.2617993877991417,-0.2617993877991417,-1.904436441502445,180,180,180,190,190,210,210
32.111833810806274,0.721832042293742,4.635802520918571,0.2617993877991417,-0.2617993877991417,-1.8958523716359796,180,180,180,190,190,210,210
32.12208700180054,0.721832042293742,4.635802520918571,0.2617993877991417,-0.2617993877991417,-1.8958523716359796,180,180,180,190,190,210,210
32.13240432739258,0.7246694532628246,4.627263299393649,0.2617993877991417,-0.2617993877991417,-1.886991407974099,180,180,180,190,190,180,210
32.142635107040405,0.7246694532628246,4.627263299393649,0.2617993877991417,-0.2617993877991417,-1.886991407974099,180,180,180,190,190,180,210
32.15569090843201,0.7246694532628246,4.627263299393649,0.2617993877991417,-0.2617993877991417,-1.886991407974099,180,180,180,190,190,180,210
32.16603899002075,0.727353745253276,4.618941027292933,0.2617993877991417,-0.2617993877991417,-1.8783816190396936,180,180,180,190,190,180,210
32.176310539245605,0.727353745253276,4.618941027292933,0.2617993877991417,-0.2617993877991417,-1.8783816190396936,180,180,180,190,190,180,210
32.18712139129639,0.727353745253276,4.618941027292933,0.2617993877991417,-0.2617993877991417,-1.8783816190396936,180,180,180,190,190,210,210
32.20422387123108,0.7299669301441853,4.6105921419518126,0.2617993877991417,-0.2617993877991417,-1.8697925298240754,180,180,180,190,190,210,210
32.214529514312744,0.7299669301441853,4.6105921419518126,0.2617993877991417,-0.2617993877991417,-1.8697925298240754,180,180,180,190,190,210,210
32.224791049957275,0.7299669301441853,4.6105921419518126,0.2617993877991417,-0.2617993877991417,-1.8697925298240754,180,180,180,190,190,210,210
32.23568367958069,0.7325791202500406,4.601978990382813,0.2617993877991417,-0.2617993877991417,-1.8610111170992394,180,190,190,190,190,210,190
32.2537887096405,0.7325791202500406,4.601978990382813,0.2617993877991417,-0.2617993877991417,-1.8610111170992394,180,190,190,190,190,210,190
32.26406216621399,0.7350320025011089,4.593642279609105,0.2617993877991417,-0.2617993877991417,-1.8527157002644135,180,190,190,190,190,210,190
32.27434277534485,0.7350320025011089,4.593642279609105,0.2617993877991417,-0.2617993877991417,-1.8527157002644135,180,180,190,180,190,210,210
32.28462743759155,0.7350320025011089,4.593642279609105,0.2617993877991417,-0.2617993877991417,-1.8527157002644135,180,180,190,180,190,210,210
32.304333448410034,0.737411816133404,4.585301948170612,0.2617993877991417,-0.2617993877991417,-1.8442614392288943,180,180,190,180,190,210,210
32.314608335494995,0.737411816133404,4.585301948170612,0.2617993877991417,-0.2617993877991417,-1.8442614392288943,180,180,190,180,190,210,210
32.32496452331543,0.737411816133404,4.585301948170612,0.2617993877991417,-0.2617993877991417,-1.8442614392288943,180,180,190,180,190,210,210
32.335283041000366,0.7397854682670912,4.576698514686525,0.2617993877991417,-0.2617993877991417,-1.8352970713495895,180,190,190,190,190,200,210
32.351677656173706,0.7397854682670912,4.576698514686525,0.2617993877991417,-0.2617993877991417,-1.8352970713495895,180,190,190,190,190,200,210
32.36206674575806,0.7420210654231053,4.568308239182522,0.2617993877991417,-0.2617993877991417,-1.8266705516688277,180,190,190,190,190,200,210
32.372275590896606,0.7420210654231053,4.568308239182522,0.2617993877991417,-0.2617993877991417,-1.8266705516688277,180,190,190,190,190,200,210
32.38299894332886,0.7420210654231053,4.568308239182522,0.2617993877991417,-0.2617993877991417,-1.8266705516688277,180,180,190,190,210,210,210
32.400566816329956,0.7420210654231053,4.568308239182522,0.2617993877991417,-0.2617993877991417,-1.8266705516688277,180,180,190,190,210,210,210
32.41082286834717,0.7441856672780522,4.559892298316831,0.2617993877991417,-0.2617993877991417,-1.8180034380327261,180,180,190,190,210,210,210
32.42105293273926,0.7441856672780522,4.559892298316831,0.2617993877991417,-0.2617993877991417,-1.8180034380327261,180,180,190,190,190,190,190
32.43145704269409,0.7463424212545099,4.551190490143753,0.2617993877991417,-0.2617993877991417,-1.8090501569481405,180,180,190,190,190,190,190
32.45263862609863,0.7463424212545099,4.551190490143753,0.2617993877991417,-0.2617993877991417,-1.8090501569481405,180,180,190,190,190,190,190
32.462915897369385,0.7483637081169838,4.54271501194705,0.2617993877991417,-0.2617993877991417,-1.8003429483356281,180,180,190,190,190,190,190
32.47313475608826,0.7483637081169838,4.54271501194705,0.2617993877991417,-0.2617993877991417,-1.8003429483356281,180,190,190,190,190,190,190
32.4834303855896,0.7483637081169838,4.54271501194705,0.2617993877991417,-0.2617993877991417,-1.8003429483356281,180,190,190,190,190,190,190
32.49384355545044,0.7483637081169838,4.54271501194705,0.2617993877991417,-0.2617993877991417,-1.8003429483356281,180,190,190,190,190,190,190
32.504146575927734,0.750313271044302,4.53421127095814,0.2617993877991417,-0.2617993877991417,-1.7916268957582662,180,190,190,190,190,190,190
32.51437830924988,0.750313271044302,4.53421127095814,0.2617993877991417,-0.2617993877991417,-1.7916268957582662,180,190,190,190,190,190,190
32.5245897769928,0.750313271044302,4.53421127095814,0.2617993877991417,-0.2617993877991417,-1.7916268957582662,180,200,190,190,190,190,190
32.53494334220886,0.7522458604168871,4.525423809417652,0.2617993877991417,-0.2617993877991417,-1.7826541034727477,180,200,190,190,190,190,190
32.545145988464355,0.7522458604168871,4.525423809417652,0.2617993877991417,-0.2617993877991417,-1.7826541034727477,180,200,190,190,190,190,190
32.55586385726929,0.7522458604168871,4.525423809417652,0.2617993877991417,-0.2617993877991417,-1.7826541034727477,180,200,190,190,190,190,190
32.56610107421875,0.75404490472537,4.516880845487133,0.2617993877991417,-0.2617993877991417,-1.7740285423611457,180,200,190,190,190,190,190
32.576327323913574,0.75404490472537,4.516880845487133,0.2617993877991417,-0.2617993877991417,-1.7740285423611457,180,180,190,190,210,190,190
32.586544036865234,0.75404490472537,4.516880845487133,0.2617993877991417,-0.2617993877991417,-1.7740285423611457,180,180,190,190,210,190,190
32.60229253768921,0.7557698776278231,4.508352335642967,0.2617993877991417,-0.2617993877991417,-1.7656504391389571,180,180,190,190,210,190,190
32.61256527900696,0.7557698776278231,4.508352335642967,0.2617993877991417,-0.2617993877991417,-1.7656504391389571,180,180,190,190,210,190,190
32.62276601791382,0.7557698776278231,4.508352335642967,0.2617993877991417,-0.2617993877991417,-1.7656504391389571,180,190,190,190,190,190,190
32.633320331573486,0.7574646652631121,4.4995737890987915,0.2617993877991417,-0.2617993877991417,-1.7572075434854113,180,190,190,190,190,190,190
32.650972843170166,0.7574646652631121,4.4995737890987915,0.2617993877991417,-0.2617993877991417,-1.7572075434854113,180,190,190,190,190,190,190
32.66137075424194,0.7590439009991468,4.491010765169808,0.2617993877991417,-0.2617993877991417,-1.7488660196333958,180,190,190,190,190,190,190
32.67165184020996,0.7590439009991468,4.491010765169808,0.2617993877991417,-0.2617993877991417,-1.7488660196333958,180,190,190,190,190,190,190
32.68191695213318,0.7590439009991468,4.491010765169808,0.2617993877991417,-0.2617993877991417,-1.7488660196333958,180,190,190,190,190,190,190
32.692187786102295,0.7590439009991468,4.491010765169808,0.2617993877991417,-0.2617993877991417,-1.7488660196333958,180,190,190,190,190,190,190
32.704745292663574,0.7605518930257193,4.48243158144507,0.2617993877991417,-0.2617993877991417,-1.7404734511543178,180,190,190,190,190,190,190
32.71504831314087,0.7605518930257193,4.48243158144507,0.2617993877991417,-0.2617993877991417,-1.7404734511543178,180,190,190,190,190,190,190
32.725329875946045,0.7605518930257193,4.48243158144507,0.2617993877991417,-0.2617993877991417,-1.7404734511543178,180,190,190,190,190,190,190
32.7355682849884,0.7620318573131024,4.4735801506149455,0.2617993877991417,-0.2617993877991417,-1.73172405826956,180,190,190,190,190,190,190
32.74588704109192,0.7620318573131024,4.4735801506149455,0.2617993877991417,-0.2617993877991417,-1.73172405826956,180,190,190,190,190,190,190
32.762187004089355,0.7633919869543118,4.46498665499934,0.2617993877991417,-0.2617993877991417,-1.7230613483495167,180,190,190,190,190,190,190
32.772456407547,0.7633919869543118,4.46498665499934,0.2617993877991417,-0.2617993877991417,-1.7230613483495167,180,190,190,190,190,190,190
32.78275513648987,0.7633919869543118,4.46498665499934,0.2617993877991417,-0.2617993877991417,-1.7230613483495167,180,190,190,190,190,190,190
32.793009757995605,0.7633919869543118,4.46498665499934,0.2617993877991417,-0.2617993877991417,-1.7230613483495167,190,190,190,190,190,190,210
32.80327343940735,0.7646722763300218,4.456397599525896,0.2617993877991417,-0.2617993877991417,-1.7141907184410499,190,190,190,190,190,190,210
32.81644034385681,0.7646722763300218,4.456397599525896,0.2617993877991417,-0.2617993877991417,-1.7141907184410499,190,190,190,190,190,190,210
32.82671093940735,0.7646722763300218,4.456397599525896,0.2617993877991417,-0.2617993877991417,-1.7141907184410499,190,190,190,190,190,190,210
32.836984157562256,0.7659160064506894,4.447510584339634,0.2617993877991417,-0.2617993877991417,-1.7051337477913193,190,190,190,190,190,190,200
32.84723091125488,0.7659160064506894,4.447510584339634,0.2617993877991417,-0.2617993877991417,-1.7051337477913193,190,190,190,190,190,190,200
32.8615562915802,0.7659160064506894,4.447510584339634,0.2617993877991417,-0.2617993877991417,-1.7051337477913193,190,190,190,190,190,190,200
32.872081995010376,0.7670464467833047,4.438867202175359,0.2617993877991417,-0.2617993877991417,-1.6963076238161483,190,190,190,190,190,190,200
32.882373332977295,0.7670464467833047,4.438867202175359,0.2617993877991417,-0.2617993877991417,-1.6963076238161483,190,190,190,190,190,190,200
32.89270281791687,0.7670464467833047,4.438867202175359,0.2617993877991417,-0.2617993877991417,-1.6963076238161483,190,180,180,190,190,190,190
32.91269493103027,0.7681005258429882,4.4302132294977525,0.2617993877991417,-0.2617993877991417,-1.6875245285661995,190,180,180,190,190,190,190
32.92305254936218,0.7681005258429882,4.4302132294977525,0.2617993877991417,-0.2617993877991417,-1.6875245285661995,190,180,180,190,190,190,190
32.93332123756409,0.7691087579050812,4.4213030913996665,0.2617993877991417,-0.2617993877991417,-1.6786339655110707,190,180,180,190,190,190,190
32.94369149208069,0.7691087579050812,4.4213030913996665,0.2617993877991417,-0.2617993877991417,-1.6786339655110707,180,180,190,190,190,190,190
32.964890480041504,0.770006867257826,4.412691630708706,0.2617993877991417,-0.2617993877991417,-1.670344152375958,180,180,190,190,190,190,190
32.97512149810791,0.770006867257826,4.412691630708706,0.2617993877991417,-0.2617993877991417,-1.670344152375958,180,180,190,190,190,190,190
32.9853081703186,0.770006867257826,4.412691630708706,0.2617993877991417,-0.2617993877991417,-1.670344152375958,180,190,190,190,190,190,190
32.99551486968994,0.7708348951907859,4.404044259770501,0.2617993877991417,-0.2617993877991417,-1.661928224612164,180,190,190,190,190,190,190
33.01785397529602,0.7708348951907859,4.404044259770501,0.2617993877991417,-0.2617993877991417,-1.661928224612164,180,190,190,190,190,190,190
33.02808356285095,0.7708348951907859,4.404044259770501,0.2617993877991417,-0.2617993877991417,-1.661928224612164,180,190,190,190,190,190,190
33.03842258453369,0.7716135325285373,4.395115636409184,0.2617993877991417,-0.2617993877991417,-1.6532451719228933,190,190,190,190,190,190,190
33.05539512634277,0.7716135325285373,4.395115636409184,0.2617993877991417,-0.2617993877991417,-1.6532451719228933,190,190,190,190,190,190,190
33.06562829017639,0.7722961729078602,4.38643185019243,0.2617993877991417,-0.2617993877991417,-1.6448097695249386,190,190,190,190,190,190,190
33.07585620880127,0.7722961729078602,4.38643185019243,0.2617993877991417,-0.2617993877991417,-1.6448097695249386,190,190,190,190,190,190,190
33.086092948913574,0.7722961729078602,4.38643185019243,0.2617993877991417,-0.2617993877991417,-1.6448097695249386,190,190,190,190,190,190,190
33.09634041786194,0.7729059633763516,4.377730931677635,0.2617993877991417,-0.2617993877991417,-1.6363485688861308,190,190,190,190,190,190,190
33.10932159423828,0.7729059633763516,4.377730931677635,0.2617993877991417,-0.2617993877991417,-1.6363485688861308,190,190,190,190,190,190,190
33.11954069137573,0.7729059633763516,4.377730931677635,0.2617993877991417,-0.2617993877991417,-1.6363485688861308,190,190,190,190,190,190,190
33.12979197502136,0.7734573852105845,4.3687511150728096,0.2617993877991417,-0.2617993877991417,-1.627593584049548,180,190,190,190,190,190,190
33.151469707489014,0.7734573852105845,4.3687511150728096,0.2617993877991417,-0.2617993877991417,-1.627593584049548,180,190,190,190,190,190,190
33.161797285079956,0.7739166817521478,4.360026275342874,0.2617993877991417,-0.2617993877991417,-1.619022957010834,180,190,190,190,190,190,190
33.17211937904358,0.7739166817521478,4.360026275342874,0.2617993877991417,-0.2617993877991417,-1.619022957010834,180,190,190,190,190,190,190
33.18271279335022,0.7739166817521478,4.360026275342874,0.2617993877991417,-0.2617993877991417,-1.619022957010834,180,190,190,190,190,190,190
33.20112609863281,0.7739166817521478,4.360026275342874,0.2617993877991417,-0.2617993877991417,-1.619022957010834,180,190,190,190,190,190,190
33.211410999298096,0.7743028785428707,4.351297234159627,0.2617993877991417,-0.2617993877991417,-1.6103610926116807,180,190,190,190,190,190,190
33.22162890434265,0.7743028785428707,4.351297234159627,0.2617993877991417,-0.2617993877991417,-1.6103610926116807,180,190,190,190,190,190,190
33.23190522193909,0.7746195775601648,4.34231302736529,0.2617993877991417,-0.2617993877991417,-1.6013132972392765,180,190,190,190,190,190,190
33.242188692092896,0.7746195775601648,4.34231302736529,0.2617993877991417,-0.2617993877991417,-1.6013132972392765,180,190,190,190,190,210,190
33.256526470184326,0.7746195775601648,4.34231302736529,0.2617993877991417,-0.2617993877991417,-1.6013132972392765,180,190,190,190,190,210,190
33.266772747039795,0.7748465068780364,4.333618427292532,0.2617993877991417,-0.2617993877991417,-1.592484064067252,180,190,190,190,190,210,190
33.27741098403931,0.7748465068780364,4.333618427292532,0.2617993877991417,-0.2617993877991417,-1.592484064067252,180,190,190,190,190,210,190
33.287628412246704,0.7748465068780364,4.333618427292532,0.2617993877991417,-0.2617993877991417,-1.592484064067252,190,190,190,190,200,200,190
33.30740022659302,0.7750027897001848,4.324950921849782,0.2617993877991417,-0.2617993877991417,-1.5839654309956055,190,190,190,190,200,200,190
33.3176474571228,0.7750027897001848,4.324950921849782,0.2617993877991417,-0.2617993877991417,-1.5839654309956055,190,190,190,190,200,200,190
33.327895164489746,0.7750027897001848,4.324950921849782,0.2617993877991417,-0.2617993877991417,-1.5839654309956055,190,220,210,210,220,220,220
33.338135719299316,0.7750820517114051,4.31603093348203,0.2617993877991417,-0.2617993877991417,-1.575265369078622,190,220,210,210,220,220,220
33.35007047653198,0.7750820517114051,4.31603093348203,0.2617993877991417,-0.2617993877991417,-1.575265369078622,190,220,210,210,220,220,220
33.36046648025513,0.7750820517114051,4.31603093348203,0.2617993877991417,-0.2617993877991417,-1.575265369078622,190,220,210,210,220,220,220
33.37069869041443,0.7750857393856775,4.307349579522294,0.2617993877991417,-0.2617993877991417,-1.566723507545763,190,190,190,190,190,210,190
33.380926847457886,0.7750857393856775,4.307349579522294,0.2617993877991417,-0.2617993877991417,-1.566723507545763,190,190,190,190,190,210,190
33.401458501815796,0.7750857393856775,4.307349579522294,0.2617993877991417,-0.2617993877991417,-1.566723507545763,190,190,190,190,190,210,190
33.41173505783081,0.7750857393856775,4.307349579522294,0.2617993877991417,-0.2617993877991417,-1.566723507545763,190,190,190,190,190,210,190
33.42194676399231,0.7750152509604131,4.298660186127911,0.2617993877991417,-0.2617993877991417,-1.5581840986328017,190,190,190,190,190,210,190
33.43221354484558,0.7748649065503829,4.289695799427882,0.2617993877991417,-0.2617993877991417,-1.5493690982752464,190,190,190,190,200,200,190
33.45336437225342,0.7748649065503829,4.289695799427882,0.2617993877991417,-0.2617993877991417,-1.5493690982752464,190,190,190,190,200,200,190
33.46364402770996,0.7746428390867682,4.280984175075368,0.2617993877991417,-0.2617993877991417,-1.5407973004085258,190,190,190,190,200,200,190
33.47391080856323,0.7746428390867682,4.280984175075368,0.2617993877991417,-0.2617993877991417,-1.5407973004085258,190,190,190,190,200,200,190
33.48416829109192,0.7746428390867682,4.280984175075368,0.2617993877991417,-0.2617993877991417,-1.5407973004085258,190,190,190,190,210,190,190
33.50177311897278,0.7743453521756205,4.272262326394546,0.2617993877991417,-0.2617993877991417,-1.5322088143224872,190,190,190,190,210,190,190
33.51201295852661,0.7743453521756205,4.272262326394546,0.2617993877991417,-0.2617993877991417,-1.5322088143224872,190,190,190,190,210,190,190
33.52225685119629,0.7743453521756205,4.272262326394546,0.2617993877991417,-0.2617993877991417,-1.5322088143224872,190,190,190,190,210,190,190
33.53249669075012,0.7739594912752354,4.263266768964525,0.2617993877991417,-0.2617993877991417,-1.5233452412434056,180,190,190,190,200,190,190
33.5427782535553,0.7739594912752354,4.263266768964525,0.2617993877991417,-0.2617993877991417,-1.5233452412434056,180,190,190,190,200,190,190
33.555511713027954,0.7739594912752354,4.263266768964525,0.2617993877991417,-0.2617993877991417,-1.5233452412434056,180,190,190,190,200,190,190
33.56575679779053,0.7735076699830192,4.2545301942909255,0.2617993877991417,-0.2617993877991417,-1.5147405075721738,180,190,190,190,200,190,190
33.576027393341064,0.7735076699830192,4.2545301942909255,0.2617993877991417,-0.2617993877991417,-1.5147405075721738,180,190,190,190,200,190,190
33.586456537246704,0.7735076699830192,4.2545301942909255,0.2617993877991417,-0.2617993877991417,-1.5147405075721738,190,190,190,190,210,200,190
33.60415554046631,0.7729798177592869,4.245799866492403,0.2617993877991417,-0.2617993877991417,-1.5061803874019328,190,190,190,190,210,200,190
33.61439609527588,0.7729798177592869,4.245799866492403,0.2617993877991417,-0.2617993877991417,-1.5061803874019328,190,190,190,190,210,200,190
33.62461185455322,0.7729798177592869,4.245799866492403,0.2617993877991417,-0.2617993877991417,-1.5061803874019328,190,190,190,190,210,200,190
33.63482093811035,0.7723607706679194,4.236832638614892,0.2617993877991417,-0.2617993877991417,-1.4974816127194661,190,190,190,190,210,200,190
33.645119190216064,0.7723607706679194,4.236832638614892,0.2617993877991417,-0.2617993877991417,-1.4974816127194661,190,200,190,190,200,200,190
33.657679319381714,0.7723607706679194,4.236832638614892,0.2617993877991417,-0.2617993877991417,-1.4974816127194661,190,200,190,190,200,200,190
33.66789889335632,0.771690396589488,4.228180188921966,0.2617993877991417,-0.2617993877991417,-1.4892623245615622,190,200,190,190,200,200,190
33.678138732910156,0.771690396589488,4.228180188921966,0.2617993877991417,-0.2617993877991417,-1.4892623245615622,210,190,190,210,210,210,210
33.688324213027954,0.771690396589488,4.228180188921966,0.2617993877991417,-0.2617993877991417,-1.4892623245615622,210,190,190,210,210,210,210
33.70174288749695,0.771690396589488,4.228180188921966,0.2617993877991417,-0.2617993877991417,-1.4892623245615622,210,190,190,210,210,210,210
33.71215581893921,0.7709471024379236,4.21952271501139,0.2617993877991417,-0.2617993877991417,-1.480798783663266,210,190,190,210,210,210,210
33.72239375114441,0.7709471024379236,4.21952271501139,0.2617993877991417,-0.2617993877991417,-1.480798783663266,190,190,170,190,190,190,190
33.73263192176819,0.7701065868739974,4.210623395814094,0.2617993877991417,-0.2617993877991417,-1.4719121300748763,190,190,170,190,190,190,190
33.74290943145752,0.7701065868739974,4.210623395814094,0.2617993877991417,-0.2617993877991417,-1.4719121300748763,190,190,170,190,190,190,190
33.75317668914795,0.7701065868739974,4.210623395814094,0.2617993877991417,-0.2617993877991417,-1.4719121300748763,190,190,170,190,190,190,190
33.76335573196411,0.7692134993449797,4.201984494371716,0.2617993877991417,-0.2617993877991417,-1.463266166684815,190,190,170,190,190,190,190
33.77353239059448,0.7692134993449797,4.201984494371716,0.2617993877991417,-0.2617993877991417,-1.463266166684815,190,190,170,190,190,190,190
33.78446364402771,0.7692134993449797,4.201984494371716,0.2617993877991417,-0.2617993877991417,-1.463266166684815,190,190,170,190,190,190,190
33.80181860923767,0.7682447574662882,4.193343873090451,0.2617993877991417,-0.2617993877991417,-1.4545935766906446,190,190,170,190,190,190,190
33.81201410293579,0.7682447574662882,4.193343873090451,0.2617993877991417,-0.2617993877991417,-1.4545935766906446,190,190,170,190,190,190,190
33.822234869003296,0.7682447574662882,4.193343873090451,0.2617993877991417,-0.2617993877991417,-1.4545935766906446,190,190,180,190,190,190,190
33.83250832557678,0.7671668114605172,4.184438596698804,0.2617993877991417,-0.2617993877991417,-1.4456360109659612,190,190,180,190,190,190,190
33.842782974243164,0.7671668114605172,4.184438596698804,0.2617993877991417,-0.2617993877991417,-1.4456360109659612,190,190,180,190,190,190,190
33.852975845336914,0.7671668114605172,4.184438596698804,0.2617993877991417,-0.2617993877991417,-1.4456360109659612,190,190,180,190,190,190,190
33.86317539215088,0.7660425625568154,4.175793113528671,0.2617993877991417,-0.2617993877991417,-1.4369265954641621,190,190,180,190,190,190,190
33.873303174972534,0.7660425625568154,4.175793113528671,0.2617993877991417,-0.2617993877991417,-1.4369265954641621,190,190,180,190,190,190,190
33.88402438163757,0.7660425625568154,4.175793113528671,0.2617993877991417,-0.2617993877991417,-1.4369265954641621,190,180,180,180,190,190,190
33.90119457244873,0.764841152597516,4.167147271238863,0.2617993877991417,-0.2617993877991417,-1.4282113416611266,190,180,180,180,190,190,190
33.9114305973053,0.764841152597516,4.167147271238863,0.2617993877991417,-0.2617993877991417,-1.4282113416611266,190,180,180,180,190,190,190
33.92163348197937,0.764841152597516,4.167147271238863,0.2617993877991417,-0.2617993877991417,-1.4282113416611266,190,180,180,180,190,190,190
33.931846380233765,0.7635236959711306,4.158245651485543,0.2617993877991417,-0.2617993877991417,-1.4192652978629687,190,180,180,180,190,180,180
33.94205069541931,0.7635236959711306,4.158245651485543,0.2617993877991417,-0.2617993877991417,-1.4192652978629687,190,180,180,180,190,180,180
33.953129529953,0.7635236959711306,4.158245651485543,0.2617993877991417,-0.2617993877991417,-1.4192652978629687,190,180,180,180,190,180,180
33.96334099769592,0.7621728393945657,4.149619827231965,0.2617993877991417,-0.2617993877991417,-1.410632240447875,190,180,180,180,190,180,180
33.973530530929565,0.7621728393945657,4.149619827231965,0.2617993877991417,-0.2617993877991417,-1.410632240447875,190,180,180,180,190,180,180
33.98390316963196,0.7621728393945657,4.149619827231965,0.2617993877991417,-0.2617993877991417,-1.410632240447875,180,180,180,180,180,180,180
34.00231599807739,0.7621728393945657,4.149619827231965,0.2617993877991417,-0.2617993877991417,-1.410632240447875,180,180,180,180,180,180,180
34.012694358825684,0.7607505154664782,4.1410322003617965,0.2617993877991417,-0.2617993877991417,-1.4022182472176818,180,180,180,180,180,180,180
34.022911071777344,0.7607505154664782,4.1410322003617965,0.2617993877991417,-0.2617993877991417,-1.4022182472176818,180,180,180,180,180,180,180
34.03369379043579,0.7592104340989636,4.132209338784479,0.2617993877991417,-0.2617993877991417,-1.3936685078122875,180,180,180,180,180,180,180
34.050915241241455,0.7592104340989636,4.132209338784479,0.2617993877991417,-0.2617993877991417,-1.3936685078122875,180,180,180,180,180,180,180
34.06115174293518,0.7592104340989636,4.132209338784479,0.2617993877991417,-0.2617993877991417,-1.3936685078122875,180,180,180,180,180,180,180
34.07143568992615,0.7576414648755921,4.123642914470177,0.2617993877991417,-0.2617993877991417,-1.385290538981713,180,180,180,180,180,180,180
34.0816388130188,0.7576414648755921,4.123642914470177,0.2617993877991417,-0.2617993877991417,-1.385290538981713,180,180,180,180,180,180,180
34.09187579154968,0.7576414648755921,4.123642914470177,0.2617993877991417,-0.2617993877991417,-1.385290538981713,180,180,180,180,180,180,180
34.10208773612976,0.755999998430452,4.1150909514234595,0.2617993877991417,-0.2617993877991417,-1.3768240085813217,180,180,180,180,180,180,180
34.112303256988525,0.755999998430452,4.1150909514234595,0.2617993877991417,-0.2617993877991417,-1.3768240085813217,180,180,180,180,180,180,180
34.12253141403198,0.755999998430452,4.1150909514234595,0.2617993877991417,-0.2617993877991417,-1.3768240085813217,180,170,180,180,180,180,180
34.13275337219238,0.7542402375208507,4.1063067945535865,0.2617993877991417,-0.2617993877991417,-1.3679000083510935,180,170,180,180,180,180,180
34.14958143234253,0.7542402375208507,4.1063067945535865,0.2617993877991417,-0.2617993877991417,-1.3679000083510935,180,170,180,180,180,180,180
34.159886837005615,0.7542402375208507,4.1063067945535865,0.2617993877991417,-0.2617993877991417,-1.3679000083510935,180,170,180,180,180,180,180
34.17007923126221,0.752460712736841,4.0978409370371445,0.2617993877991417,-0.2617993877991417,-1.3588245991080705,180,170,180,180,180,180,180
34.180314779281616,0.752460712736841,4.0978409370371445,0.2617993877991417,-0.2617993877991417,-1.3588245991080705,180,170,180,180,180,180,180
34.190481662750244,0.752460712736841,4.0978409370371445,0.2617993877991417,-0.2617993877991417,-1.3588245991080705,180,170,180,180,180,180,180
34.20076131820679,0.7505958064908531,4.089352427931427,0.2617993877991417,-0.2617993877991417,-1.349961870724039,180,170,180,180,180,180,180
34.21095633506775,0.7505958064908531,4.089352427931427,0.2617993877991417,-0.2617993877991417,-1.349961870724039,180,170,180,180,180,180,180
34.22114849090576,0.7505958064908531,4.089352427931427,0.2617993877991417,-0.2617993877991417,-1.349961870724039,180,170,180,180,180,180,180
34.23144865036011,0.7485918078545117,4.080605101160047,0.2617993877991417,-0.2617993877991417,-1.3408645215160886,180,170,180,180,180,180,180
34.24926042556763,0.7485918078545117,4.080605101160047,0.2617993877991417,-0.2617993877991417,-1.3408645215160886,180,170,180,180,180,180,180
34.259493827819824,0.7485918078545117,4.080605101160047,0.2617993877991417,-0.2617993877991417,-1.3408645215160886,180,170,180,180,180,180,180
34.26978802680969,0.746568358628741,4.072124858467152,0.2617993877991417,-0.2617993877991417,-1.3320314694484947,180,170,180,180,180,180,180
34.2800190448761,0.746568358628741,4.072124858467152,0.2617993877991417,-0.2617993877991417,-1.3320314694484947,180,180,180,180,180,180,180
34.290289640426636,0.746568358628741,4.072124858467152,0.2617993877991417,-0.2617993877991417,-1.3320314694484947,180,180,180,180,180,180,180
34.300565004348755,0.7444708387021951,4.063664658176886,0.2617993877991417,-0.2617993877991417,-1.3232617711295127,180,180,180,180,180,180,180
34.31078481674194,0.7444708387021951,4.063664658176886,0.2617993877991417,-0.2617993877991417,-1.3232617711295127,180,180,180,180,180,180,180
34.32100820541382,0.7444708387021951,4.063664658176886,0.2617993877991417,-0.2617993877991417,-1.3232617711295127,180,180,180,180,180,180,180
34.33121395111084,0.7422412036847892,4.054982565253475,0.2617993877991417,-0.2617993877991417,-1.3143920254094954,180,180,180,180,180,180,180
34.3511061668396,0.7422412036847892,4.054982565253475,0.2617993877991417,-0.2617993877991417,-1.3143920254094954,180,180,180,180,180,180,180
34.361416816711426,0.7400089596018047,4.046608154594172,0.2617993877991417,-0.2617993877991417,-1.3060503690918084,180,180,180,180,180,180,180
34.37164616584778,0.7400089596018047,4.046608154594172,0.2617993877991417,-0.2617993877991417,-1.3060503690918084,180,180,180,180,180,180,180
34.38190579414368,0.7400089596018047,4.046608154594172,0.2617993877991417,-0.2617993877991417,-1.3060503690918084,180,180,180,180,180,180,180
34.392165422439575,0.7400089596018047,4.046608154594172,0.2617993877991417,-0.2617993877991417,-1.3060503690918084,180,180,180,180,180,180,180
34.4033727645874,0.737699957180759,4.038224819870016,0.2617993877991417,-0.2617993877991417,-1.2975865549750765,180,180,180,180,180,180,180
34.41356611251831,0.737699957180759,4.038224819870016,0.2617993877991417,-0.2617993877991417,-1.2975865549750765,180,180,180,180,180,180,180
34.42377591133118,0.737699957180759,4.038224819870016,0.2617993877991417,-0.2617993877991417,-1.2975865549750765,180,180,180,180,180,180,180
34.43404293060303,0.7352448719396292,4.029600852098299,0.2617993877991417,-0.2617993877991417,-1.2888797512665442,180,180,180,180,180,180,180
34.448143005371094,0.7352448719396292,4.029600852098299,0.2617993877991417,-0.2617993877991417,-1.2888797512665442,180,180,180,180,180,180,180
34.45835041999817,0.7352448719396292,4.029600852098299,0.2617993877991417,-0.2617993877991417,-1.2888797512665442,180,180,180,180,180,180,180
34.46878719329834,0.7327868259488765,4.021239613363885,0.2617993877991417,-0.2617993877991417,-1.2804171079497322,180,180,180,180,180,180,180
34.47901749610901,0.7327868259488765,4.021239613363885,0.2617993877991417,-0.2617993877991417,-1.2804171079497322,180,180,180,180,180,180,180
34.48930358886719,0.7327868259488765,4.021239613363885,0.2617993877991417,-0.2617993877991417,-1.2804171079497322,180,180,180,180,180,180,180
34.50000333786011,0.7302546855563348,4.012889591027438,0.2617993877991417,-0.2617993877991417,-1.2719211938649462,180,180,180,180,180,180,180
34.51020264625549,0.7302546855563348,4.012889591027438,0.2617993877991417,-0.2617993877991417,-1.2719211938649462,180,180,180,180,180,180,180
34.52041673660278,0.7302546855563348,4.012889591027438,0.2617993877991417,-0.2617993877991417,-1.2719211938649462,180,180,180,180,180,180,180
34.53063702583313,0.7275691360116924,4.0043025667749506,0.2617993877991417,-0.2617993877991417,-1.2631137483245778,180,180,180,180,180,180,180
34.540841817855835,0.7275691360116924,4.0043025667749506,0.2617993877991417,-0.2617993877991417,-1.2631137483245778,180,180,180,180,180,180,180
34.551058769226074,0.7275691360116924,4.0043025667749506,0.2617993877991417,-0.2617993877991417,-1.2631137483245778,180,180,180,180,180,180,180
34.561323404312134,0.7248887386812894,3.995990493691058,0.2617993877991417,-0.2617993877991417,-1.2544639125304005,180,180,180,180,180,180,180
34.57150101661682,0.7248887386812894,3.995990493691058,0.2617993877991417,-0.2617993877991417,-1.2544639125304005,180,180,180,180,180,180,180
34.58171367645264,0.7248887386812894,3.995990493691058,0.2617993877991417,-0.2617993877991417,-1.2544639125304005,180,180,180,180,180,180,180
34.59197545051575,0.7248887386812894,3.995990493691058,0.2617993877991417,-0.2617993877991417,-1.2544639125304005,180,180,180,180,180,180,180
34.60220956802368,0.7221450229784191,3.987716166371163,0.2617993877991417,-0.2617993877991417,-1.2456017175771814,180,180,180,180,180,180,180
34.612406492233276,0.7221450229784191,3.987716166371163,0.2617993877991417,-0.2617993877991417,-1.2456017175771814,180,180,180,180,180,180,180
34.62263536453247,0.7221450229784191,3.987716166371163,0.2617993877991417,-0.2617993877991417,-1.2456017175771814,190,180,180,180,180,180,180
34.633626222610474,0.7192498598584554,3.9792594357337236,0.2617993877991417,-0.2617993877991417,-1.2362091211670976,190,180,180,180,180,180,180
34.65090990066528,0.7192498598584554,3.9792594357337236,0.2617993877991417,-0.2617993877991417,-1.2362091211670976,190,180,180,180,180,180,180
34.661123752593994,0.7192498598584554,3.9792594357337236,0.2617993877991417,-0.2617993877991417,-1.2362091211670976,190,180,180,180,180,180,180
34.671440839767456,0.7163630219896513,3.9710552802916887,0.2617993877991417,-0.2617993877991417,-1.227423417745155,190,180,180,180,180,180,180
34.68196630477905,0.7163630219896513,3.9710552802916887,0.2617993877991417,-0.2617993877991417,-1.227423417745155,190,180,180,180,180,180,180
34.692169189453125,0.7163630219896513,3.9710552802916887,0.2617993877991417,-0.2617993877991417,-1.227423417745155,190,180,180,180,180,180,180
34.70238637924194,0.7134126183958396,3.9629112703872913,0.2617993877991417,-0.2617993877991417,-1.218935306638738,190,180,180,180,180,180,180
34.712581634521484,0.7134126183958396,3.9629112703872913,0.2617993877991417,-0.24434609527919887,-1.218935306638738,190,180,180,180,180,180,180
34.722779989242554,0.7134126183958396,3.9629112703872913,0.2617993877991417,-0.20943951023931331,-1.218935306638738,180,180,180,180,180,180,180
34.732951164245605,0.7102969769658384,3.954537303039576,0.2617993877991417,-0.20943951023931331,-1.2101433427854629,180,180,180,180,180,180,180
34.75150418281555,0.7102969769658384,3.954537303039576,0.2617993877991417,-0.19198621771937055,-1.2101433427854629,180,180,180,180,180,180,180
34.76171851158142,0.7072107909746805,3.9464378136403706,0.2617993877991417,-0.157079632679485,-1.2031631232268325,180,180,180,180,180,180,180
34.77194356918335,0.7072107909746805,3.9464378136403706,0.2617993877991417,-0.12217304763959944,-1.2031631232268325,180,180,180,180,180,180,180
34.782204389572144,0.7072107909746805,3.9464378136403706,0.2617993877991417,-0.12217304763959944,-1.2031631232268325,180,180,180,180,180,180,180
34.80090069770813,0.7072107909746805,3.9464378136403706,0.2617993877991417,-0.08726646259971389,-1.2031631232268325,180,180,180,180,180,180,180
34.8112428188324,0.7040770045750208,3.938361288749115,0.2617993877991417,-0.06981317007977111,-1.1979267190592227,180,180,180,180,180,180,180
34.821454763412476,0.7040770045750208,3.938361288749115,0.2617993877991417,-0.05235987755982833,-1.1979267190592227,180,190,180,180,180,180,180
34.831719636917114,0.7008156106491338,3.930060829615813,0.2617993877991417,-0.05235987755982833,-1.1948104301942348,180,190,180,180,180,180,180
34.84981656074524,0.7008156106491338,3.930060829615813,0.2617993877991417,-0.05235987755982833,-1.1948104301942348,180,190,180,180,180,180,180
34.860090494155884,0.7008156106491338,3.930060829615813,0.2617993877991417,0.0,-1.1948104301942348,180,190,180,180,180,180,180
34.87029004096985,0.6976303824897854,3.9220101772082803,0.2617993877991417,0.0,-1.1930772366543727,180,190,180,180,180,180,180
34.88050413131714,0.6976303824897854,3.9220101772082803,0.2617993877991417,0.0,-1.1930772366543727,180,190,180,180,180,180,180
34.89069628715515,0.6976303824897854,3.9220101772082803,0.2617993877991417,0.0,-1.1930772366543727,180,190,180,180,180,180,180
34.900882720947266,0.6944370344281423,3.9139631862702267,0.2617993877991417,0.0,-1.1929806909604694,180,190,180,180,180,180,180
34.91109371185303,0.6944370344281423,3.9139631862702267,0.2617993877991417,0.0,-1.1929806909604694,180,190,180,180,180,180,180
34.921268463134766,0.6944370344281423,3.9139631862702267,0.2617993877991417,0.0,-1.1929806909604694,180,190,180,180,180,180,180
34.93152737617493,0.6911436077355325,3.905664078728314,0.2617993877991417,0.0,-1.192991692022985,180,190,180,180,180,180,180
34.94947361946106,0.6911436077355325,3.905664078728314,0.2617993877991417,0.0,-1.192991692022985,180,190,180,180,180,180,180
34.959649085998535,0.6911436077355325,3.905664078728314,0.2617993877991417,0.0,-1.192991692022985,180,190,180,180,180,180,180
34.96985173225403,0.6879440112408887,3.897603355873299,0.2617993877991417,0.0,-1.1929747060746483,180,190,180,180,180,180,180
34.98002648353577,0.6879440112408887,3.897603355873299,0.2617993877991417,0.0,-1.1929747060746483,180,190,180,180,180,180,180
34.999571561813354,0.6879440112408887,3.897603355873299,0.2617993877991417,0.0,-1.1929747060746483,180,190,180,180,180,180,180
35.00987005233765,0.6847445806875584,3.8895486697843644,0.2617993877991417,0.0,-1.1929203072193053,180,190,180,180,180,180,180
35.02007293701172,0.6847445806875584,3.8895486697843644,0.2617993877991417,0.0,-1.1929203072193053,180,190,180,180,180,180,180
35.030277252197266,0.6814557164958757,3.8812739990964666,0.2617993877991417,0.0,-1.1927799449879533,180,180,180,180,180,180,180
35.040515422821045,0.6814557164958757,3.8812739990964666,0.2617993877991417,0.0,-1.1927799449879533,180,180,180,180,180,180,180
35.05144500732422,0.6814557164958757,3.8812739990964666,0.2617993877991417,0.0,-1.1927799449879533,180,180,180,180,180,180,180
35.06168293952942,0.6782821564530075,3.873272060021181,0.2617993877991417,0.0,-1.1926775828996736,180,180,180,180,180,180,180
35.07187843322754,0.6782821564530075,3.873272060021181,0.2617993877991417,0.0,-1.1926775828996736,190,190,190,190,190,190,190
35.082075119018555,0.6782821564530075,3.873272060021181,0.2617993877991417,0.0,-1.1926775828996736,190,190,190,190,190,190,190
35.099709033966064,0.6782821564530075,3.873272060021181,0.2617993877991417,0.0,-1.1926775828996736,190,190,190,190,190,190,190
35.11006760597229,0.6751076595129138,3.8652756438932268,0.2617993877991417,0.0,-1.192695977779513,190,190,190,190,190,190,190
35.12025690078735,0.6751076595129138,3.8652756438932268,0.2617993877991417,0.0,-1.192695977779513,190,190,190,190,190,190,190
35.13049650192261,0.6718346159888979,3.857033585037941,0.2617993877991417,0.0,-1.192720612293501,190,190,190,190,190,190,190
35.14068818092346,0.6718346159888979,3.857033585037941,0.2617993877991417,0.0,-1.192720612293501,190,190,190,190,190,190,190
35.153578758239746,0.6718346159888979,3.857033585037941,0.2617993877991417,0.0,-1.192720612293501,190,190,190,190,190,190,190
35.16379356384277,0.6686548368886565,3.849024620249864,0.2617993877991417,0.0,-1.1927401272969418,190,190,190,190,190,190,190
35.1739821434021,0.6686548368886565,3.849024620249864,0.2617993877991417,0.0,-1.1927401272969418,180,180,180,180,180,180,180
35.18419122695923,0.6686548368886565,3.849024620249864,0.2617993877991417,0.0,-1.1927401272969418,180,180,180,180,180,180,180
35.19904065132141,0.665471334297264,3.841006068640075,0.2617993877991417,0.0,-1.1927608046484144,180,180,180,180,180,180,180
35.20926356315613,0.665471334297264,3.841006068640075,0.2617993877991417,0.0,-1.1927608046484144,180,180,180,180,180,180,180
35.21949028968811,0.665471334297264,3.841006068640075,0.2617993877991417,0.0,-1.1927608046484144,180,180,180,180,180,180,180
35.22968077659607,0.6621876762679799,3.8327349401289457,0.2617993877991417,0.0,-1.1927800575155374,180,180,180,180,180,180,180
35.239874601364136,0.6621876762679799,3.8327349401289457,0.2617993877991417,0.0,-1.1927800575155374,180,180,180,180,180,180,180
35.251763343811035,0.6621876762679799,3.8327349401289457,0.2617993877991417,0.0,-1.1927800575155374,180,180,180,180,180,180,180
35.261974573135376,0.6589969440855439,3.8246976258668326,0.2617993877991417,0.0,-1.1927963676360098,180,180,180,180,180,180,180
35.272385120391846,0.6589969440855439,3.8246976258668326,0.2617993877991417,0.0,-1.1927963676360098,180,180,180,180,180,180,180
35.28278970718384,0.6589969440855439,3.8246976258668326,0.2617993877991417,0.0,-1.1927963676360098,190,180,180,180,180,180,180
35.30303716659546,0.6589969440855439,3.8246976258668326,0.2617993877991417,0.0,-1.1927963676360098,190,180,180,180,180,180,180
35.313440561294556,0.6558024309936659,3.8166509978622822,0.2617993877991417,0.0,-1.192810955667865,190,180,180,180,180,180,180
35.32364368438721,0.6558024309936659,3.8166509978622822,0.2617993877991417,0.0,-1.192810955667865,190,180,180,180,180,180,180
35.3340961933136,0.6525070984198422,3.8083513987018756,0.2617993877991417,0.0,-1.1928207522144283,180,190,180,180,190,180,180
35.350706338882446,0.6525070984198422,3.8083513987018756,0.2617993877991417,0.0,-1.1928207522144283,180,190,180,180,190,180,180
35.3615448474884,0.6493060010517957,3.800291140770762,0.2617993877991417,0.0,-1.1927988633794941,180,190,180,180,190,180,180
35.371793031692505,0.6493060010517957,3.800291140770762,0.2617993877991417,0.0,-1.1927988633794941,180,190,180,180,190,180,180
35.382020711898804,0.6493060010517957,3.800291140770762,0.2617993877991417,0.0,-1.1927988633794941,180,180,180,180,180,180,180
35.39225172996521,0.6493060010517957,3.800291140770762,0.2617993877991417,0.0,-1.1927988633794941,180,180,180,180,180,180,180
35.407668590545654,0.6461053174007717,3.792238795072771,0.2617993877991417,0.0,-1.192740981803096,180,180,180,180,180,180,180
35.41792440414429,0.6461053174007717,3.792238795072771,0.2617993877991417,0.0,-1.192740981803096,180,180,180,180,180,180,180
35.428112506866455,0.6461053174007717,3.792238795072771,0.2617993877991417,0.0,-1.192740981803096,180,180,180,180,180,180,180
35.43829298019409,0.6428172058632213,3.78396928504409,0.2617993877991417,0.0,-1.1925770618337255,180,180,180,180,180,180,180
35.458117723464966,0.6428172058632213,3.78396928504409,0.2617993877991417,0.0,-1.1925770618337255,180,180,180,180,180,180,180
35.468483209609985,0.6396436211456596,3.775969379537549,0.2617993877991417,0.0,-1.1925174301647945,180,180,180,180,180,180,180
35.478718996047974,0.6396436211456596,3.775969379537549,0.2617993877991417,0.0,-1.1925174301647945,190,190,190,190,190,190,190
35.489485025405884,0.6396436211456596,3.775969379537549,0.2617993877991417,0.0,-1.1925174301647945,190,190,190,190,190,190,190
35.50570845603943,0.6364669823630821,3.7679733322813487,0.2617993877991417,0.0,-1.1925286454316848,190,190,190,190,190,190,190
35.515963554382324,0.6364669823630821,3.7679733322813487,0.2617993877991417,0.0,-1.1925286454316848,190,190,190,190,190,190,190
35.52617597579956,0.6364669823630821,3.7679733322813487,0.2617993877991417,0.0,-1.1925286454316848,190,190,190,190,190,190,180
35.53642749786377,0.6331922982092179,3.759730999926385,0.2617993877991417,0.0,-1.1925538681413541,190,190,190,190,190,190,180
35.55358076095581,0.6331922982092179,3.759730999926385,0.2617993877991417,0.0,-1.1925538681413541,190,190,190,190,190,190,180
35.56379055976868,0.6300107071608785,3.75172135594683,0.2617993877991417,0.0,-1.1925727056155022,190,190,190,190,190,190,180
35.57401752471924,0.6300107071608785,3.75172135594683,0.2617993877991417,0.0,-1.1925727056155022,190,180,180,180,110,180,180
35.58423733711243,0.6300107071608785,3.75172135594683,0.2617993877991417,0.0,-1.1925727056155022,190,180,180,180,110,180,180
35.60048246383667,0.6300107071608785,3.75172135594683,0.2617993877991417,0.0,-1.1925727056155022,190,180,180,180,110,180,180
35.61072516441345,0.6268254386448279,3.743702292654046,0.2617993877991417,0.0,-1.1925931414404247,190,180,180,180,110,180,180
35.62095808982849,0.6268254386448279,3.743702292654046,0.2617993877991417,0.0,-1.1925931414404247,190,180,180,180,180,180,180
35.6311993598938,0.6235399424630548,3.73543059832609,0.2617993877991417,0.0,-1.1926120573251697,190,180,180,180,180,180,180
35.64146161079407,0.6235399424630548,3.73543059832609,0.2617993877991417,0.0,-1.1926120573251697,190,180,180,180,180,180,180
35.65229868888855,0.6235399424630548,3.73543059832609,0.2617993877991417,0.0,-1.1926120573251697,190,180,180,180,180,180,180
35.66256308555603,0.6203474221358032,3.7273927455212204,0.2617993877991417,0.0,-1.1926279455273554,190,180,180,180,180,180,180
35.67279124259949,0.6203474221358032,3.7273927455212204,0.2617993877991417,0.0,-1.1926279455273554,190,190,180,180,180,180,180
35.683138847351074,0.6203474221358032,3.7273927455212204,0.2617993877991417,0.0,-1.1926279455273554,190,190,180,180,180,180,180
35.6996705532074,0.6203474221358032,3.7273927455212204,0.2617993877991417,0.0,-1.1926279455273554,190,190,180,180,180,180,180
35.7100465297699,0.6171510797689425,3.719345562955639,0.2617993877991417,0.0,-1.192642401764352,190,190,180,180,180,180,180
35.72025156021118,0.6171510797689425,3.719345562955639,0.2617993877991417,0.0,-1.192642401764352,190,190,180,180,180,180,180
35.73048162460327,0.6138538774739347,3.71104560788736,0.2617993877991417,0.0,-1.1926501634442295,190,190,180,180,180,110,180
35.74070382118225,0.6138538774739347,3.71104560788736,0.2617993877991417,0.0,-1.1926501634442295,190,190,180,180,180,110,180
35.751466512680054,0.6138538774739347,3.71104560788736,0.2617993877991417,0.0,-1.1926501634442295,190,190,180,180,180,110,180
35.76169228553772,0.6106513271234091,3.702986047830254,0.2617993877991417,0.0,-1.192623097330833,190,190,180,180,180,110,180
35.77190089225769,0.6106513271234091,3.702986047830254,0.2617993877991417,0.0,-1.192623097330833,190,190,180,180,180,110,180
35.782145261764526,0.6106513271234091,3.702986047830254,0.2617993877991417,0.0,-1.192623097330833,190,190,180,180,180,180,180
35.80105638504028,0.6106513271234091,3.702986047830254,0.2617993877991417,0.0,-1.192623097330833,190,190,180,180,180,180,180
35.81134486198425,0.6074494397134338,3.6949362839959004,0.2617993877991417,0.0,-1.192561398982976,190,190,180,180,180,180,180
35.82154607772827,0.6074494397134338,3.6949362839959004,0.2617993877991417,0.0,-1.192561398982976,190,190,180,180,180,180,180
35.83190870285034,0.6041628389104723,3.686671885760659,0.2617993877991417,0.0,-1.1923740877921756,190,190,190,190,190,190,190
35.84218645095825,0.6041628389104723,3.686671885760659,0.2617993877991417,0.0,-1.1923740877921756,190,190,190,190,190,190,190
35.85242676734924,0.6041628389104723,3.686671885760659,0.2617993877991417,0.0,-1.1923740877921756,190,190,190,190,190,190,190
35.86270189285278,0.6009884284913594,3.6786738594839847,0.2617993877991417,0.0,-1.192353508662731,190,190,190,190,190,190,190
35.872913122177124,0.6009884284913594,3.6786738594839847,0.2617993877991417,0.0,-1.192353508662731,190,190,190,190,190,190,190
35.88312101364136,0.6009884284913594,3.6786738594839847,0.2617993877991417,0.0,-1.192353508662731,190,190,190,190,190,190,190
35.8933207988739,0.6009884284913594,3.6786738594839847,0.2617993877991417,0.0,-1.192353508662731,190,190,190,190,190,190,190
35.90362811088562,0.6009884284913594,3.6786738594839847,0.2617993877991417,0.0,-1.192353508662731,190,190,190,190,190,190,190
35.913885831832886,0.597809701608476,3.6706778731773535,0.2617993877991417,0.0,-1.1923619782005657,190,190,190,190,190,190,190
35.92406153678894,0.597809701608476,3.6706778731773535,0.2617993877991417,0.0,-1.1923619782005657,190,190,190,190,190,190,190
35.934290170669556,0.5945332892711352,3.6624350846047466,0.2617993877991417,0.0,-1.192387271795423,190,190,190,190,190,190,190
35.948586225509644,0.5945332892711352,3.6624350846047466,0.2617993877991417,0.0,-1.192387271795423,190,190,190,190,190,190,190
35.9588680267334,0.5945332892711352,3.6624350846047466,0.2617993877991417,0.0,-1.192387271795423,190,190,190,190,190,190,190
35.96907663345337,0.5913498608987704,3.654424706125813,0.2617993877991417,0.0,-1.1924056665492069,190,190,190,190,190,190,190
35.97929668426514,0.5913498608987704,3.654424706125813,0.2617993877991417,0.0,-1.1924056665492069,190,180,180,190,190,180,180
35.98953151702881,0.5913498608987704,3.654424706125813,0.2617993877991417,0.0,-1.1924056665492069,190,180,180,190,190,180,180
36.00001239776611,0.5913498608987704,3.654424706125813,0.2617993877991417,0.0,-1.1924056665492069,190,180,180,190,190,180,180
36.010294914245605,0.5881628056575007,3.6464050811620012,0.2617993877991417,0.0,-1.192425735627448,190,180,180,190,190,180,180
36.02048134803772,0.5881628056575007,3.6464050811620012,0.2617993877991417,0.0,-1.192425735627448,190,180,180,190,190,180,180
36.03091025352478,0.5848754489730853,3.638132760105115,0.2617993877991417,0.0,-1.1924443325358478,190,190,180,180,190,190,190
36.051069259643555,0.5848754489730853,3.638132760105115,0.2617993877991417,0.0,-1.1924443325358478,190,190,180,180,190,190,190
36.06129574775696,0.5816811177448259,3.6300943113586737,0.2617993877991417,0.0,-1.192459814362994,190,190,180,180,190,190,190
36.0714852809906,0.5816811177448259,3.6300943113586737,0.2617993877991417,0.0,-1.192459814362994,190,190,180,190,190,190,190
36.081666469573975,0.5816811177448259,3.6300943113586737,0.2617993877991417,0.0,-1.192459814362994,190,190,180,190,190,190,190
36.09187865257263,0.5816811177448259,3.6300943113586737,0.2617993877991417,0.0,-1.192459814362994,190,190,180,190,190,190,190
36.102076292037964,0.578482925419152,3.6220465256161134,0.2617993877991417,0.0,-1.1924741614940315,190,190,180,190,190,190,190
36.112266063690186,0.578482925419152,3.6220465256161134,0.2617993877991417,0.0,-1.1924741614940315,190,190,180,190,190,190,190
36.12245965003967,0.578482925419152,3.6220465256161134,0.2617993877991417,0.0,-1.1924741614940315,190,190,180,190,190,190,190
36.133023262023926,0.5751838506833734,3.613746207559501,0.2617993877991417,0.0,-1.1924795313959193,190,190,180,190,190,190,190
36.15035533905029,0.5751838506833734,3.613746207559501,0.2617993877991417,0.0,-1.1924795313959193,190,190,180,190,190,190,190
36.16058683395386,0.5751838506833734,3.613746207559501,0.2617993877991417,0.0,-1.1924795313959193,190,190,180,190,190,190,190
36.17082166671753,0.571979869818296,3.6056875557193866,0.2617993877991417,0.0,-1.1924473926037709,190,190,180,190,190,190,190
36.181031703948975,0.571979869818296,3.6056875557193866,0.2617993877991417,0.0,-1.1924473926037709,190,190,180,190,190,190,190
36.19124174118042,0.571979869818296,3.6056875557193866,0.2617993877991417,0.0,-1.1924473926037709,190,190,180,190,190,190,190
36.20341920852661,0.5687769734415087,3.5976405776977387,0.2617993877991417,0.0,-1.1923811020550539,190,190,180,190,190,190,190
36.21361494064331,0.5687769734415087,3.5976405776977387,0.2617993877991417,0.0,-1.1923811020550539,190,190,180,190,190,190,190
36.22381782531738,0.5687769734415087,3.5976405776977387,0.2617993877991417,0.0,-1.1923811020550539,190,190,190,190,190,190,190
36.23403573036194,0.5654921706336311,3.589381155635362,0.2617993877991417,0.0,-1.1921756507633077,190,190,190,190,190,190,190
36.250454902648926,0.5654921706336311,3.589381155635362,0.2617993877991417,0.0,-1.1921756507633077,190,190,190,190,190,190,190
36.26065135002136,0.5654921706336311,3.589381155635362,0.2617993877991417,0.0,-1.1921756507633077,190,190,190,190,190,190,190
36.2708261013031,0.5623162419167739,3.581384825066353,0.2617993877991417,0.0,-1.192186433698677,190,190,190,190,190,190,190
36.281097173690796,0.5623162419167739,3.581384825066353,0.2617993877991417,0.0,-1.192186433698677,190,190,190,190,190,190,190
36.291316747665405,0.5623162419167739,3.581384825066353,0.2617993877991417,0.0,-1.192186433698677,190,190,190,190,190,190,190
36.303329944610596,0.5591356388004827,3.5733888056637704,0.2617993877991417,0.0,-1.1921956182540898,190,190,190,190,190,190,190
36.31357288360596,0.5591356388004827,3.5733888056637704,0.2617993877991417,0.0,-1.1921956182540898,190,190,190,190,190,190,190
36.32380247116089,0.5591356388004827,3.5733888056637704,0.2617993877991417,0.0,-1.1921956182540898,180,180,180,180,180,180,180
36.33400273323059,0.5558575035941983,3.5651455086602866,0.2617993877991417,0.0,-1.1922202109095514,180,180,180,180,180,180,180
36.35021090507507,0.5558575035941983,3.5651455086602866,0.2617993877991417,0.0,-1.1922202109095514,180,180,180,180,180,180,180
36.360416889190674,0.5558575035941983,3.5651455086602866,0.2617993877991417,0.0,-1.1922202109095514,180,180,180,180,180,180,180
36.37058687210083,0.5526722501986676,3.557134502811911,0.2617993877991417,0.0,-1.1922387573274729,180,180,180,180,180,180,180
36.38081216812134,0.5526722501986676,3.557134502811911,0.2617993877991417,0.0,-1.1922387573274729,180,180,180,190,180,190,180
36.39099884033203,0.5526722501986676,3.557134502811911,0.2617993877991417,0.0,-1.1922387573274729,180,180,180,190,180,190,180
36.411019802093506,0.5494834268860508,3.549114361163543,0.2617993877991417,0.0,-1.1922584517197208,180,180,180,190,180,190,180
36.42120051383972,0.5494834268860508,3.549114361163543,0.2617993877991417,0.0,-1.1922584517197208,180,180,180,190,180,190,180
36.431395053863525,0.5461942338944891,3.5408414736948526,0.2617993877991417,0.0,-1.1922766922337604,180,180,180,190,180,180,180
36.44942331314087,0.5461942338944891,3.5408414736948526,0.2617993877991417,0.0,-1.1922766922337604,180,180,180,190,180,180,180
36.46040153503418,0.5461942338944891,3.5408414736948526,0.2617993877991417,0.0,-1.1922766922337604,180,180,180,190,180,180,180
36.470704078674316,0.5429981077959994,3.5328024868439165,0.2617993877991417,0.0,-1.19229177016255,180,180,180,190,180,180,180
36.48095154762268,0.5429981077959994,3.5328024868439165,0.2617993877991417,0.0,-1.19229177016255,180,180,180,190,180,190,180
36.49120044708252,0.5429981077959994,3.5328024868439165,0.2617993877991417,0.0,-1.19229177016255,180,180,180,190,180,190,180
36.501805782318115,0.539798097258738,3.524754165920541,0.2617993877991417,0.0,-1.1923059256156097,180,180,180,190,180,190,180
36.51428818702698,0.539798097258738,3.524754165920541,0.2617993877991417,0.0,-1.1923059256156097,180,180,180,190,180,190,180
36.524494647979736,0.539798097258738,3.524754165920541,0.2617993877991417,0.0,-1.1923059256156097,180,180,180,190,180,190,180
36.53473138809204,0.5364971965657204,3.5164536057403444,0.2617993877991417,0.0,-1.1923083819474987,180,180,180,190,180,190,180
36.545562505722046,0.5364971965657204,3.5164536057403444,0.2617993877991417,0.0,-1.1923083819474987,180,180,180,190,180,180,180
36.56397557258606,0.5364971965657204,3.5164536057403444,0.2617993877991417,0.0,-1.1923083819474987,180,180,180,190,180,180,180
36.574915170669556,0.5332918322789405,3.508396104229363,0.2617993877991417,0.0,-1.1922715581833778,180,180,180,190,180,180,180
36.58516836166382,0.5332918322789405,3.508396104229363,0.2617993877991417,0.0,-1.1922715581833778,180,190,180,190,180,190,180
36.59541940689087,0.5300882535735396,3.5003520731637074,0.2617993877991417,0.0,-1.1921995416293192,180,190,180,190,180,190,180
36.611883878707886,0.5300882535735396,3.5003520731637074,0.2617993877991417,0.0,-1.1921995416293192,180,190,180,190,180,190,180
36.62219715118408,0.5300882535735396,3.5003520731637074,0.2617993877991417,0.0,-1.1921995416293192,180,190,180,190,180,190,180
36.63250923156738,0.5268049092807889,3.492097439768581,0.2617993877991417,0.0,-1.1919859328139004,180,190,180,190,180,190,180
36.64282536506653,0.5268049092807889,3.492097439768581,0.2617993877991417,0.0,-1.1919859328139004,190,190,190,190,190,190,190
36.65910816192627,0.5268049092807889,3.492097439768581,0.2617993877991417,0.0,-1.1919859328139004,190,190,190,190,190,190,190
36.669418811798096,0.5236271260170857,3.4841023770687554,0.2617993877991417,0.0,-1.1920174964443402,190,190,190,190,190,190,190
36.67969560623169,0.5236271260170857,3.4841023770687554,0.2617993877991417,0.0,-1.1920174964443402,190,190,190,190,190,190,190
36.69001650810242,0.5236271260170857,3.4841023770687554,0.2617993877991417,0.0,-1.1920174964443402,190,190,190,190,190,190,190
36.710970401763916,0.5204449338530739,3.4761064607373626,0.2617993877991417,0.0,-1.1920294693317735,190,190,190,190,190,190,190
36.72130036354065,0.5204449338530739,3.4761064607373626,0.2617993877991417,0.0,-1.1920294693317735,190,190,190,190,190,190,190
36.73175764083862,0.517165052952372,3.4678625462060353,0.2617993877991417,0.0,-1.1920532054585729,180,180,180,180,180,190,180
36.74211812019348,0.517165052952372,3.4678625462060353,0.2617993877991417,0.0,-1.1920532054585729,180,180,180,180,180,190,180
36.75363278388977,0.517165052952372,3.4678625462060353,0.2617993877991417,0.0,-1.1920532054585729,180,180,180,180,180,190,180
36.763946294784546,0.5139779670625056,3.4598509053927526,0.2617993877991417,0.0,-1.1920721431733319,180,180,180,180,180,190,180
36.77417778968811,0.5139779670625056,3.4598509053927526,0.2617993877991417,0.0,-1.1920721431733319,180,180,180,180,180,190,180
36.78468990325928,0.5139779670625056,3.4598509053927526,0.2617993877991417,0.0,-1.1920721431733319,190,180,180,180,180,180,180
36.80331826210022,0.5107873528919276,3.4518301774359372,0.2617993877991417,0.0,-1.1920915384712185,190,180,180,180,180,180,180
36.81367874145508,0.5107873528919276,3.4518301774359372,0.2617993877991417,0.0,-1.1920915384712185,190,180,180,180,180,180,180
36.82395601272583,0.5107873528919276,3.4518301774359372,0.2617993877991417,0.0,-1.1920915384712185,190,180,190,190,180,190,180
36.834275007247925,0.5074963021544364,3.443556662732963,0.2617993877991417,0.0,-1.1921094410095283,190,180,190,190,180,190,180
36.85000944137573,0.5074963021544364,3.443556662732963,0.2617993877991417,0.0,-1.1921094410095283,190,180,190,190,180,190,180
36.86030673980713,0.5074963021544364,3.443556662732963,0.2617993877991417,0.0,-1.1921094410095283,190,180,190,190,180,190,180
36.8706157207489,0.5042983487404263,3.435517076969458,0.2617993877991417,0.0,-1.1921242119155198,190,180,190,190,180,190,180
36.88088941574097,0.5042983487404263,3.435517076969458,0.2617993877991417,0.0,-1.1921242119155198,180,180,180,180,180,190,180
36.891162395477295,0.5042983487404263,3.435517076969458,0.2617993877991417,0.0,-1.1921242119155198,180,180,180,180,180,190,180
36.90592408180237,0.501096512269179,3.4274681834905554,0.2617993877991417,0.0,-1.1921380188694481,180,180,180,180,180,190,180
36.91621208190918,0.501096512269179,3.4274681834905554,0.2617993877991417,0.0,-1.1921380188694481,180,180,180,180,180,190,180
36.92642140388489,0.501096512269179,3.4274681834905554,0.2617993877991417,0.0,-1.1921380188694481,180,180,180,180,180,190,180
36.93676137924194,0.49779380543825413,3.4191674464180837,0.2617993877991417,0.0,-1.1921369443442698,180,180,180,190,190,190,180
36.957112312316895,0.49779380543825413,3.4191674464180837,0.2617993877991417,0.0,-1.1921369443442698,180,180,180,190,190,190,180
36.96744132041931,0.4945871054586996,3.4111112781893342,0.2617993877991417,0.0,-1.1920958208554577,180,180,180,190,190,190,180
36.97764301300049,0.4945871054586996,3.4111112781893342,0.2617993877991417,0.0,-1.1920958208554577,180,180,180,190,190,190,180
36.98792123794556,0.4945871054586996,3.4111112781893342,0.2617993877991417,0.0,-1.1920958208554577,180,190,190,190,190,190,180
37.00691509246826,0.4913832264220868,3.4030703721457822,0.2617993877991417,0.0,-1.1920163186730048,180,190,190,190,190,190,180
37.017192363739014,0.4913832264220868,3.4030703721457822,0.2617993877991417,0.0,-1.1920163186730048,180,190,190,190,190,190,180
37.02743577957153,0.4913832264220868,3.4030703721457822,0.2617993877991417,0.0,-1.1920163186730048,180,190,190,190,190,190,180
37.03768801689148,0.48810065861144314,3.394820184413221,0.2617993877991417,0.0,-1.1918072473647459,190,190,190,200,190,190,190
37.05255317687988,0.48810065861144314,3.394820184413221,0.2617993877991417,0.0,-1.1918072473647459,190,190,190,200,190,190,190
37.06286644935608,0.48492100927303317,3.3868260265454624,0.2617993877991417,0.0,-1.1918482956213905,190,190,190,200,190,190,190
37.07309293746948,0.48492100927303317,3.3868260265454624,0.2617993877991417,0.0,-1.1918482956213905,190,190,190,190,190,190,190
37.08336067199707,0.48492100927303317,3.3868260265454624,0.2617993877991417,0.0,-1.1918482956213905,190,190,190,190,190,190,190
37.093671798706055,0.48492100927303317,3.3868260265454624,0.2617993877991417,0.0,-1.1918482956213905,190,190,190,190,190,190,190
37.10391855239868,0.4817374824214354,3.3788304530617843,0.2617993877991417,0.0,-1.1918637320587695,190,190,190,190,190,190,190
37.11415243148804,0.4817374824214354,3.3788304530617843,0.2617993877991417,0.0,-1.1918637320587695,190,190,190,190,190,190,190
37.1243896484375,0.4817374824214354,3.3788304530617843,0.2617993877991417,0.0,-1.1918637320587695,190,190,190,190,190,190,190
37.134644985198975,0.4784558586699758,3.370585934397352,0.2617993877991417,0.0,-1.1918864803571239,190,190,180,190,180,190,180
37.150261640548706,0.4784558586699758,3.370585934397352,0.2617993877991417,0.0,-1.1918864803571239,190,190,180,190,180,190,180
37.16045331954956,0.4784558586699758,3.370585934397352,0.2617993877991417,0.0,-1.1918864803571239,190,190,180,190,180,190,180
37.17064309120178,0.47526698138383755,3.3625737393008097,0.2617993877991417,0.0,-1.191905753507164,190,190,180,190,190,190,180
37.18086314201355,0.47526698138383755,3.3625737393008097,0.2617993877991417,0.0,-1.191905753507164,190,190,180,190,190,190,180
37.19611072540283,0.47526698138383755,3.3625737393008097,0.2617993877991417,0.0,-1.191905753507164,190,190,180,190,190,190,180
37.20641613006592,0.47207459714131367,3.354552470572752,0.2617993877991417,0.0,-1.1919248370307771,190,190,180,190,190,190,180
37.21659970283508,0.47207459714131367,3.354552470572752,0.2617993877991417,0.0,-1.1919248370307771,190,190,180,190,190,190,180
37.22680950164795,0.47207459714131367,3.354552470572752,0.2617993877991417,0.0,-1.1919248370307771,190,190,180,190,190,180,180
37.23702788352966,0.4687817139720414,3.346278389372797,0.2617993877991417,0.0,-1.1919423650484071,190,190,180,190,190,180,180
37.25072646141052,0.4687817139720414,3.346278389372797,0.2617993877991417,0.0,-1.1919423650484071,190,190,180,190,190,180,180
37.26094698905945,0.4687817139720414,3.346278389372797,0.2617993877991417,0.0,-1.1919423650484071,190,190,180,190,190,180,180
37.271167278289795,0.4655819516667967,3.33823825508609,0.2617993877991417,0.0,-1.1919568824804196,190,190,180,190,180,180,180
37.28144884109497,0.4655819516667967,3.33823825508609,0.2617993877991417,0.0,-1.1919568824804196,190,190,180,190,180,180,180
37.3001549243927,0.4655819516667967,3.33823825508609,0.2617993877991417,0.0,-1.1919568824804196,190,190,180,190,180,180,180
37.310542583465576,0.4623783116972089,3.3301888659883927,0.2617993877991417,0.0,-1.1919700660740462,190,190,180,190,180,180,180
37.32077598571777,0.4623783116972089,3.3301888659883927,0.2617993877991417,0.0,-1.1919700660740462,190,190,180,180,180,180,180
37.33105683326721,0.4590738680604628,3.321888117222312,0.2617993877991417,0.0,-1.1919650001749407,190,190,180,180,180,180,180
37.350841999053955,0.4590738680604628,3.321888117222312,0.2617993877991417,0.0,-1.1919650001749407,190,190,180,180,180,180,180
37.361096143722534,0.4590738680604628,3.321888117222312,0.2617993877991417,0.0,-1.1919650001749407,190,190,180,180,180,180,180
37.37143516540527,0.4558659059763281,3.313833493215875,0.2617993877991417,0.0,-1.1919199602945105,190,190,180,180,180,180,180
37.38164186477661,0.4558659059763281,3.313833493215875,0.2617993877991417,0.0,-1.1919199602945105,190,190,180,180,180,180,180
37.391865253448486,0.4558659059763281,3.313833493215875,0.2617993877991417,0.0,-1.1919199602945105,190,190,180,180,180,180,180
37.4023814201355,0.4558659059763281,3.313833493215875,0.2617993877991417,0.0,-1.1919199602945105,190,190,180,180,180,180,180
37.41270565986633,0.45266187885837267,3.305796072945464,0.2617993877991417,0.0,-1.1918302365362836,190,190,180,180,180,180,180
37.422929525375366,0.45266187885837267,3.305796072945464,0.2617993877991417,0.0,-1.1918302365362836,190,190,190,190,190,180,180
37.43383479118347,0.44937967184439476,3.297549786692053,0.2617993877991417,0.0,-1.1916391237139257,190,190,190,190,190,180,180
37.45142078399658,0.44937967184439476,3.297549786692053,0.2617993877991417,0.0,-1.1916391237139257,190,190,190,190,190,180,180
37.4616973400116,0.44619825169457156,3.2895563450431364,0.2617993877991417,0.0,-1.1916794466832232,190,190,190,190,190,180,180
37.471925497055054,0.44619825169457156,3.2895563450431364,0.2617993877991417,0.0,-1.1916794466832232,190,190,190,190,190,180,180
37.48214054107666,0.44619825169457156,3.2895563450431364,0.2617993877991417,0.0,-1.1916794466832232,190,190,190,190,190,180,180
37.492358446121216,0.44619825169457156,3.2895563450431364,0.2617993877991417,0.0,-1.1916794466832232,190,190,190,190,190,180,180
37.504491090774536,0.44301347666840757,3.2815611387708348,0.2617993877991417,0.0,-1.1916983067106182,190,190,190,190,190,180,180
37.5146906375885,0.44301347666840757,3.2815611387708348,0.2617993877991417,0.0,-1.1916983067106182,190,190,190,190,190,180,180
37.52490997314453,0.44301347666840757,3.2815611387708348,0.2617993877991417,0.0,-1.1916983067106182,190,190,190,190,190,180,180
37.535104751586914,0.43973006376061635,3.273315924930096,0.2617993877991417,0.0,-1.191719990603593,190,190,190,190,190,180,180
37.54530692100525,0.43973006376061635,3.273315924930096,0.2617993877991417,0.0,-1.191719990603593,190,190,190,190,190,180,180
37.55550527572632,0.43973006376061635,3.273315924930096,0.2617993877991417,0.0,-1.191719990603593,190,190,190,190,190,180,180
37.56570863723755,0.436539392640266,3.26530313874622,0.2617993877991417,0.0,-1.1917396977966734,190,190,190,190,190,180,180
37.57598304748535,0.436539392640266,3.26530313874622,0.2617993877991417,0.0,-1.1917396977966734,190,190,190,190,190,180,180
37.58623814582825,0.436539392640266,3.26530313874622,0.2617993877991417,0.0,-1.1917396977966734,190,190,190,190,190,190,190
37.60180735588074,0.4333452169390625,3.2572812657391768,0.2617993877991417,0.0,-1.1917585065574439,190,190,190,190,190,190,190
37.61209535598755,0.4333452169390625,3.2572812657391768,0.2617993877991417,0.0,-1.1917585065574439,190,190,190,190,190,190,190
37.62234544754028,0.4333452169390625,3.2572812657391768,0.2617993877991417,0.0,-1.1917585065574439,190,190,190,190,190,190,190
37.632574796676636,0.43005048012763797,3.249006558246224,0.2617993877991417,0.0,-1.1917756734123948,190,190,190,190,190,190,190
37.64988994598389,0.43005048012763797,3.249006558246224,0.2617993877991417,0.0,-1.1917756734123948,190,190,190,190,190,190,190
37.66014790534973,0.43005048012763797,3.249006558246224,0.2617993877991417,0.0,-1.1917756734123948,190,190,190,190,190,190,190
37.67035388946533,0.42684888387662134,3.240965811331475,0.2617993877991417,0.05235987755982833,-1.1917900176478746,190,190,190,190,190,180,190
37.68070578575134,0.42684888387662134,3.240965811331475,0.2617993877991417,0.05235987755982833,-1.1917900176478746,190,190,190,190,190,180,190
37.700666189193726,0.42684888387662134,3.240965811331475,0.2617993877991417,0.05235987755982833,-1.1917900176478746,190,190,190,190,190,180,190
37.71092343330383,0.4236434170370529,3.2329159121421047,0.2617993877991417,0.06981317007977111,-1.1918023802642388,190,190,190,190,190,180,190
37.72115874290466,0.4236434170370529,3.2329159121421047,0.2617993877991417,0.06981317007977111,-1.1918023802642388,190,190,190,190,190,180,190
37.73138499259949,0.42034382074609283,3.224621088185187,0.2617993877991417,0.06981317007977111,-1.1934117817577075,190,190,190,190,190,180,190
37.741607904434204,0.42034382074609283,3.224621088185187,0.2617993877991417,0.06981317007977111,-1.1934117817577075,190,190,190,190,190,180,190
37.75233864784241,0.42034382074609283,3.224621088185187,0.2617993877991417,0.06981317007977111,-1.1934117817577075,190,190,190,190,190,180,190
37.76257252693176,0.41715681305001234,3.21656897985255,0.2617993877991417,0.06981317007977111,-1.1956344665023202,190,190,190,190,190,180,190
37.772804498672485,0.41715681305001234,3.21656897985255,0.2617993877991417,0.06981317007977111,-1.1956344665023202,190,190,190,190,180,180,180
37.78347444534302,0.41715681305001234,3.21656897985255,0.2617993877991417,0.06981317007977111,-1.1956344665023202,190,190,190,190,180,180,180
37.80001497268677,0.41715681305001234,3.21656897985255,0.2617993877991417,0.06981317007977111,-1.1956344665023202,190,190,190,190,180,180,180
37.81032729148865,0.41399454167442573,3.2085314710438158,0.2617993877991417,0.06981317007977111,-1.197790472235974,190,190,190,190,180,180,180
37.82056903839111,0.41399454167442573,3.2085314710438158,0.2617993877991417,0.06981317007977111,-1.197790472235974,190,190,190,190,190,190,190
37.83086085319519,0.41077932026377717,3.2002765906715105,0.2617993877991417,0.06981317007977111,-1.1999491304253174,190,190,190,190,190,190,190
37.84994435310364,0.41077932026377717,3.2002765906715105,0.2617993877991417,0.06981317007977111,-1.1999491304253174,190,190,190,190,190,190,190
37.86026048660278,0.41077932026377717,3.2002765906715105,0.2617993877991417,0.06981317007977111,-1.1999491304253174,190,190,190,190,190,190,190
37.870502948760986,0.4076806015105685,3.1922740582824103,0.2617993877991417,0.06981317007977111,-1.2022689922491054,190,190,190,190,190,190,190
37.88099479675293,0.4076806015105685,3.1922740582824103,0.2617993877991417,0.06981317007977111,-1.2022689922491054,190,190,190,190,190,190,190
37.90099859237671,0.4076806015105685,3.1922740582824103,0.2617993877991417,0.06981317007977111,-1.2022689922491054,190,190,190,190,190,190,190
37.91131401062012,0.4045969338831509,3.1842605864239575,0.2617993877991417,0.06981317007977111,-1.204592194650338,190,190,190,190,190,190,190
37.92155933380127,0.4045969338831509,3.1842605864239575,0.2617993877991417,0.06981317007977111,-1.204592194650338,190,190,190,190,190,190,190
37.93174743652344,0.4014369921332005,3.175989349639563,0.2617993877991417,0.06981317007977111,-1.2070006177707682,190,190,190,180,180,180,190
37.94198155403137,0.4014369921332005,3.175989349639563,0.2617993877991417,0.06981317007977111,-1.2070006177707682,190,190,190,180,180,180,190
37.95551085472107,0.4014369921332005,3.175989349639563,0.2617993877991417,0.06981317007977111,-1.2070006177707682,190,190,190,180,180,180,190
37.965707302093506,0.39838502688183075,3.167942917420271,0.2617993877991417,0.06981317007977111,-1.2093370765417568,190,190,190,180,180,180,190
37.975937843322754,0.39838502688183075,3.167942917420271,0.2617993877991417,0.06981317007977111,-1.2093370765417568,190,190,190,180,180,180,180
37.98618030548096,0.39838502688183075,3.167942917420271,0.2617993877991417,0.06981317007977111,-1.2093370765417568,190,190,190,180,180,180,180
37.99945688247681,0.3953473430481104,3.1598778311602618,0.2617993877991417,0.06981317007977111,-1.211669583701104,190,190,190,180,180,180,180
38.009687423706055,0.3953473430481104,3.1598778311602618,0.2617993877991417,0.06981317007977111,-1.211669583701104,190,190,190,180,180,180,180
38.01997208595276,0.3953473430481104,3.1598778311602618,0.2617993877991417,0.06981317007977111,-1.211669583701104,190,190,190,180,180,180,180
38.03016996383667,0.39223251405705195,3.151548938328351,0.2617993877991417,0.06981317007977111,-1.214067678259114,190,180,180,180,180,180,180
38.04056215286255,0.39223251405705195,3.151548938328351,0.2617993877991417,0.06981317007977111,-1.214067678259114,190,180,180,180,180,180,180
38.051011085510254,0.39223251405705195,3.151548938328351,0.2617993877991417,0.06981317007977111,-1.214067678259114,190,180,180,180,180,180,180
38.061274766922,0.39223251405705195,3.151548938328351,0.2617993877991417,0.06981317007977111,-1.214067678259114,190,180,180,180,180,180,180
38.071590423583984,0.3892235614098975,3.1434477065830158,0.2617993877991417,0.06981317007977111,-1.2163874910446304,180,180,180,180,180,180,180
38.08199381828308,0.3892235614098975,3.1434477065830158,0.2617993877991417,0.06981317007977111,-1.2163874910446304,180,180,180,180,180,180,180
38.09225344657898,0.3892235614098975,3.1434477065830158,0.2617993877991417,0.06981317007977111,-1.2163874910446304,180,180,180,180,180,180,180
38.103028297424316,0.3862271761628917,3.135330371800399,0.2617993877991417,0.06981317007977111,-1.2187128167126353,180,180,180,180,180,180,180
38.1132390499115,0.3862271761628917,3.135330371800399,0.2617993877991417,0.06981317007977111,-1.2187128167126353,180,180,180,180,180,180,180
38.12347197532654,0.3862271761628917,3.135330371800399,0.2617993877991417,0.06981317007977111,-1.2187128167126353,180,180,180,180,180,180,180
38.13376307487488,0.3831549962689381,3.126952989508699,0.2617993877991417,0.06981317007977111,-1.2210573503197524,180,180,180,180,180,180,180
38.15063285827637,0.3831549962689381,3.126952989508699,0.2617993877991417,0.06981317007977111,-1.2210573503197524,180,180,180,180,180,180,180
38.160866022109985,0.3831549962689381,3.126952989508699,0.2617993877991417,0.06981317007977111,-1.2210573503197524,180,180,180,180,180,180,180
38.171083211898804,0.38019415171719795,3.118822261807113,0.2617993877991417,0.06981317007977111,-1.2232409768963814,180,180,180,180,180,180,180
38.18131351470947,0.38019415171719795,3.118822261807113,0.2617993877991417,0.06981317007977111,-1.2232409768963814,180,180,180,180,180,180,180
38.19153571128845,0.38019415171719795,3.118822261807113,0.2617993877991417,0.06981317007977111,-1.2232409768963814,180,180,180,180,180,180,180
38.204017162323,0.38019415171719795,3.118822261807113,0.2617993877991417,0.06981317007977111,-1.2232409768963814,180,180,180,180,180,180,180
38.2142858505249,0.3772680237769962,3.1107224779010085,0.2617993877991417,0.06981317007977111,-1.2251903418278274,180,180,180,180,180,180,180
38.224467515945435,0.3772680237769962,3.1107224779010085,0.2617993877991417,0.06981317007977111,-1.2251903418278274,180,180,180,180,180,180,180
38.2348849773407,0.37427774077117837,3.102366191177694,0.2617993877991417,0.06981317007977111,-1.2273698471675876,180,180,190,190,180,190,180
38.25128197669983,0.37427774077117837,3.102366191177694,0.2617993877991417,0.06981317007977111,-1.2273698471675876,180,180,190,190,180,190,180
38.261467933654785,0.37427774077117837,3.102366191177694,0.2617993877991417,0.06981317007977111,-1.2273698471675876,180,180,190,190,180,190,180
38.27179002761841,0.3713969241262448,3.0942786595656138,0.2617993877991417,0.06981317007977111,-1.2296984380136617,180,180,190,190,180,190,180
38.281981468200684,0.3713969241262448,3.0942786595656138,0.2617993877991417,0.06981317007977111,-1.2296984380136617,180,180,180,180,180,120,180
38.29220795631409,0.3713969241262448,3.0942786595656138,0.2617993877991417,0.06981317007977111,-1.2296984380136617,180,180,180,180,180,120,180
38.3040771484375,0.3685343514739033,3.0861802898315704,0.2617993877991417,0.06981317007977111,-1.2320527263487167,180,180,180,180,180,120,180
38.31429958343506,0.3685343514739033,3.0861802898315704,0.2617993877991417,0.06981317007977111,-1.2320527263487167,180,180,180,180,180,120,180
38.32448148727417,0.3685343514739033,3.0861802898315704,0.2617993877991417,0.06981317007977111,-1.2320527263487167,180,180,180,180,180,120,180
38.33473229408264,0.3656025289440984,3.0778244132200205,0.2617993877991417,0.06981317007977111,-1.2345121815025206,180,180,190,180,180,180,180
38.353909730911255,0.3656025289440984,3.0778244132200205,0.2617993877991417,0.06981317007977111,-1.2345121815025206,180,180,190,180,180,180,180
38.36421275138855,0.3627731777236795,3.0696971314053405,0.2617993877991417,0.06981317007977111,-1.2369003846094406,180,180,190,180,180,180,180
38.374425649642944,0.3627731777236795,3.0696971314053405,0.2617993877991417,0.06981317007977111,-1.2369003846094406,180,180,190,180,180,180,180
38.38462495803833,0.3627731777236795,3.0696971314053405,0.2617993877991417,0.06981317007977111,-1.2369003846094406,180,180,190,180,120,180,180
38.39979147911072,0.3627731777236795,3.0696971314053405,0.2617993877991417,0.06981317007977111,-1.2369003846094406,180,180,190,180,120,180,180
38.41019892692566,0.35995899706492257,3.061550931065628,0.2617993877991417,0.06981317007977111,-1.2392807995175796,180,180,190,180,120,180,180
38.42040252685547,0.35995899706492257,3.061550931065628,0.2617993877991417,0.06981317007977111,-1.2392807995175796,180,180,180,180,180,180,180
38.43095421791077,0.3570753844356318,3.0531392230746777,0.2617993877991417,0.06981317007977111,-1.2417183864794454,180,180,180,180,180,180,180
38.441160917282104,0.3570753844356318,3.0531392230746777,0.2617993877991417,0.06981317007977111,-1.2417183864794454,180,180,180,180,180,180,180
38.45167827606201,0.3570753844356318,3.0531392230746777,0.2617993877991417,0.06981317007977111,-1.2417183864794454,180,180,180,180,180,180,180
38.46190857887268,0.3542914947089865,3.04495829452082,0.2617993877991417,0.05235987755982833,-1.2440646968291014,180,180,180,180,180,180,180
38.47212028503418,0.3542914947089865,3.04495829452082,0.2617993877991417,0.05235987755982833,-1.2440646968291014,180,180,180,180,180,180,180
38.482399463653564,0.3542914947089865,3.04495829452082,0.2617993877991417,0.05235987755982833,-1.2440646968291014,180,180,180,180,180,180,180
38.50006294250488,0.3542914947089865,3.04495829452082,0.2617993877991417,0.0,-1.2440646968291014,180,180,180,180,180,180,180
38.51036262512207,0.3515181576204961,3.0367594381371235,0.2617993877991417,0.0,-1.2458365985657975,180,180,180,180,180,180,180
38.52061581611633,0.3515181576204961,3.0367594381371235,0.2617993877991417,0.0,-1.2458365985657975,180,180,180,180,180,180,180
38.53092336654663,0.3486677746974679,3.028294186452062,0.2617993877991417,0.0,-1.2459493335625949,180,180,180,180,180,180,180
38.54120182991028,0.3486677746974679,3.028294186452062,0.2617993877991417,0.0,-1.2459493335625949,180,180,180,180,180,180,180
38.551422357559204,0.3486677746974679,3.028294186452062,0.2617993877991417,0.0,-1.2459493335625949,180,180,180,180,180,180,180
38.56180238723755,0.34591164810520075,3.0201009894628235,0.2617993877991417,0.0,-1.2457064823113848,180,180,180,180,180,180,180
38.57202458381653,0.34591164810520075,3.0201009894628235,0.2617993877991417,0.0,-1.2457064823113848,180,180,180,180,180,120,180
38.5828959941864,0.34591164810520075,3.0201009894628235,0.2617993877991417,0.0,-1.2457064823113848,180,180,180,180,180,120,180
38.600467681884766,0.34591164810520075,3.0201009894628235,0.2617993877991417,0.0,-1.2457064823113848,180,180,180,180,180,120,180
38.61082577705383,0.3431570609346695,3.011932716659859,0.2617993877991417,0.0,-1.2453527214718516,180,180,180,180,180,120,180
38.62104249000549,0.3431570609346695,3.011932716659859,0.2617993877991417,0.0,-1.2453527214718516,180,180,180,180,180,120,180
38.63123822212219,0.34031976448067236,3.0035033377851836,0.2617993877991417,0.0,-1.245188077801898,180,180,180,180,120,190,180
38.651318073272705,0.34031976448067236,3.0035033377851836,0.2617993877991417,0.0,-1.245188077801898,180,180,180,180,120,190,180
38.66173958778381,0.3375663883430492,2.9953459226988786,0.2617993877991417,0.0,-1.2452119059014182,180,180,180,180,120,190,180
38.67205238342285,0.3375663883430492,2.9953459226988786,0.2617993877991417,0.0,-1.2452119059014182,180,180,180,180,120,190,180
38.68224024772644,0.3375663883430492,2.9953459226988786,0.2617993877991417,0.0,-1.2452119059014182,180,180,190,180,180,190,180
38.69250440597534,0.3375663883430492,2.9953459226988786,0.2617993877991417,0.0,-1.2452119059014182,180,180,190,180,180,190,180
38.702901124954224,0.3375663883430492,2.9953459226988786,0.2617993877991417,0.0,-1.2452119059014182,180,180,190,180,180,190,180
38.71317219734192,0.334813398828679,2.987185986952704,0.2617993877991417,0.0,-1.2452764642257628,180,180,190,180,180,190,180
38.72341012954712,0.334813398828679,2.987185986952704,0.2617993877991417,0.0,-1.2452764642257628,180,180,180,190,180,190,180
38.7337007522583,0.3319754412540673,2.978774137240015,0.2617993877991417,0.0,-1.245369760567635,180,180,180,190,180,190,180
38.752158403396606,0.3319754412540673,2.978774137240015,0.2617993877991417,0.0,-1.245369760567635,180,180,180,190,180,190,180
38.76241683959961,0.3292187544906488,2.9706002076301146,0.2617993877991417,0.0,-1.2454556771447365,180,180,180,190,180,190,180
38.77262544631958,0.3292187544906488,2.9706002076301146,0.2617993877991417,0.0,-1.2454556771447365,180,180,180,190,180,190,180
38.782822608947754,0.3292187544906488,2.9706002076301146,0.2617993877991417,0.0,-1.2454556771447365,180,180,180,190,180,190,180
38.79309320449829,0.3292187544906488,2.9706002076301146,0.2617993877991417,0.0,-1.2454556771447365,180,180,180,180,110,180,180
38.80734920501709,0.32645911155717006,2.9624153890318388,0.2617993877991417,0.0,-1.2455310658867322,180,180,180,180,110,180,180
38.81755805015564,0.32645911155717006,2.9624153890318388,0.2617993877991417,0.0,-1.2455310658867322,180,180,180,180,110,180,180
38.827781677246094,0.32645911155717006,2.9624153890318388,0.2617993877991417,0.0,-1.2455310658867322,180,180,180,180,110,120,180
38.83801198005676,0.3236130727098777,2.953972917782349,0.2617993877991417,0.0,-1.2456033563051034,180,180,180,180,110,120,180
38.85045552253723,0.3236130727098777,2.953972917782349,0.2617993877991417,0.0,-1.2456033563051034,180,180,180,180,110,120,180
38.86066746711731,0.32084804779947607,2.9457697736459014,0.2617993877991417,0.0,-1.24566284168907,180,180,180,180,110,120,180
38.870874881744385,0.32084804779947607,2.9457697736459014,0.2617993877991417,0.0,-1.24566284168907,180,180,180,180,110,180,180
38.88113474845886,0.32084804779947607,2.9457697736459014,0.2617993877991417,0.0,-1.24566284168907,180,180,180,180,110,180,180
38.89986324310303,0.32084804779947607,2.9457697736459014,0.2617993877991417,0.0,-1.24566284168907,180,180,180,180,110,180,180
38.910523891448975,0.31808149710340894,2.937561349791446,0.2617993877991417,0.0,-1.2456900528011798,180,180,180,180,110,180,180
38.92073059082031,0.31808149710340894,2.937561349791446,0.2617993877991417,0.0,-1.2456900528011798,180,180,180,180,110,180,180
38.93100023269653,0.31523040482640136,2.929106548184221,0.2617993877991417,0.0,-1.2456184774046608,180,180,180,180,110,180,180
38.95052218437195,0.31523040482640136,2.929106548184221,0.2617993877991417,0.0,-1.2456184774046608,180,180,180,180,110,180,180
38.96076416969299,0.31523040482640136,2.929106548184221,0.2617993877991417,0.0,-1.2456184774046608,180,180,180,180,110,180,180
38.97094488143921,0.31247314499478895,2.920922165457838,0.2617993877991417,0.0,-1.2453089791523715,180,180,180,180,110,180,180
38.98113131523132,0.31247314499478895,2.920922165457838,0.2617993877991417,0.0,-1.2453089791523715,180,180,180,120,110,180,180
38.99138879776001,0.31247314499478895,2.920922165457838,0.2617993877991417,0.0,-1.2453089791523715,180,180,180,120,110,180,180
39.002447843551636,0.3097140452720888,2.912750445999385,0.2617993877991417,0.0,-1.2449954869962534,180,180,180,120,110,180,180
39.012665033340454,0.3097140452720888,2.912750445999385,0.2617993877991417,0.0,-1.2449954869962534,180,180,180,120,110,180,180
39.02286958694458,0.3097140452720888,2.912750445999385,0.2617993877991417,0.0,-1.2449954869962534,180,180,180,120,110,180,180
39.033061265945435,0.30687463378090885,2.904325027643428,0.2617993877991417,0.0,-1.2448411547632103,180,180,180,130,110,180,180
39.04338192939758,0.30687463378090885,2.904325027643428,0.2617993877991417,0.0,-1.2448411547632103,180,180,180,130,110,180,180
39.0536425113678,0.30687463378090885,2.904325027643428,0.2617993877991417,0.0,-1.2448411547632103,180,180,180,130,110,180,180
39.06381797790527,0.3041190964693182,2.8961706110035665,0.2617993877991417,0.0,-1.2448838424544164,180,180,180,130,110,180,180
39.07400584220886,0.3041190964693182,2.8961706110035665,0.2617993877991417,0.0,-1.2448838424544164,180,180,180,180,120,190,180
39.084266901016235,0.3041190964693182,2.8961706110035665,0.2617993877991417,0.0,-1.2448838424544164,180,180,180,180,120,190,180
39.09459924697876,0.3013628696786945,2.8880107323544264,0.2617993877991417,0.0,-1.2449496884603308,180,180,180,180,120,190,180
39.104812145233154,0.3013628696786945,2.8880107323544264,0.2617993877991417,0.0,-1.2449496884603308,180,180,180,180,120,190,180
39.11500883102417,0.3013628696786945,2.8880107323544264,0.2617993877991417,0.0,-1.2449496884603308,180,180,180,180,120,190,180
39.12520980834961,0.3013628696786945,2.8880107323544264,0.2617993877991417,0.0,-1.2449496884603308,180,180,180,180,180,190,180
39.13542723655701,0.29852184912954627,2.8795987628070274,0.2617993877991417,0.0,-1.2450429450933775,180,180,180,180,180,190,180
39.1495943069458,0.29852184912954627,2.8795987628070274,0.2617993877991417,0.0,-1.2450429450933775,180,180,180,180,180,190,180
39.160391330718994,0.29852184912954627,2.8795987628070274,0.2617993877991417,0.0,-1.2450429450933775,180,180,180,180,180,190,180
39.17060947418213,0.29576207155262835,2.8714243960368457,0.2617993877991417,0.0,-1.245127475705039,180,180,180,180,180,190,180
39.18086910247803,0.29576207155262835,2.8714243960368457,0.2617993877991417,0.0,-1.245127475705039,180,180,180,180,180,130,180
39.19113636016846,0.29576207155262835,2.8714243960368457,0.2617993877991417,0.0,-1.245127475705039,180,180,180,180,180,130,180
39.20262598991394,0.2929993169001177,2.8632393791784247,0.2617993877991417,0.0,-1.2452020991075157,180,180,180,180,180,130,180
39.21284818649292,0.2929993169001177,2.8632393791784247,0.2617993877991417,0.0,-1.2452020991075157,180,180,180,180,180,130,180
39.22304368019104,0.2929993169001177,2.8632393791784247,0.2617993877991417,0.0,-1.2452020991075157,120,180,180,190,180,130,180
39.23329520225525,0.29015009596091884,2.8547967182710914,0.2617993877991417,0.0,-1.2452732814260767,120,180,180,190,180,130,180
39.250669717788696,0.29015009596091884,2.8547967182710914,0.2617993877991417,0.0,-1.2452732814260767,120,180,180,190,180,130,180
39.260892152786255,0.29015009596091884,2.8547967182710914,0.2617993877991417,0.0,-1.2452732814260767,120,180,180,190,180,130,180
39.27112603187561,0.2873819864962531,2.8465935068276753,0.2617993877991417,0.0,-1.2453307331432573,120,180,180,190,180,130,180
39.281310081481934,0.2873819864962531,2.8465935068276753,0.2617993877991417,0.0,-1.2453307331432573,120,180,170,190,180,180,180
39.291568994522095,0.2873819864962531,2.8465935068276753,0.2617993877991417,0.0,-1.2453307331432573,120,180,170,190,180,180,180
39.30184197425842,0.28461264588503316,2.838385963295045,0.2617993877991417,0.0,-1.2453505137354703,120,180,170,190,180,180,180
39.31203365325928,0.28461264588503316,2.838385963295045,0.2617993877991417,0.0,-1.2453505137354703,120,180,170,190,180,180,180
39.3222599029541,0.28461264588503316,2.838385963295045,0.2617993877991417,0.0,-1.2453505137354703,120,180,170,190,180,180,180
39.332573890686035,0.281758931247811,2.8299326951676056,0.2617993877991417,0.0,-1.245260515284755,120,180,180,190,180,180,180
39.35172748565674,0.281758931247811,2.8299326951676056,0.2617993877991417,0.0,-1.245260515284755,120,180,180,190,180,180,180
39.36197805404663,0.2790002827522589,2.8217549238626125,0.2617993877991417,0.0,-1.2449110870383486,120,180,180,190,180,180,180
39.3722939491272,0.2790002827522589,2.8217549238626125,0.2617993877991417,0.0,-1.2449110870383486,180,180,140,100,180,130,180
39.382514238357544,0.2790002827522589,2.8217549238626125,0.2617993877991417,0.0,-1.2449110870383486,180,180,140,100,180,130,180
39.39275145530701,0.2790002827522589,2.8217549238626125,0.2617993877991417,0.0,-1.2449110870383486,180,180,140,100,180,130,180
39.40577030181885,0.27623704353421086,2.8135802207597593,0.2617993877991417,0.0,-1.2446363310508495,180,180,140,100,180,130,180
39.41596245765686,0.27623704353421086,2.8135802207597593,0.2617993877991417,0.0,-1.2446363310508495,180,180,140,100,180,130,180
39.42616605758667,0.27623704353421086,2.8135802207597593,0.2617993877991417,0.0,-1.2446363310508495,180,180,140,180,180,180,180
39.43689465522766,0.2733949878839725,2.805158311466572,0.2617993877991417,0.0,-1.244496334146142,180,180,140,180,180,180,180
39.45376801490784,0.2733949878839725,2.805158311466572,0.2617993877991417,0.0,-1.244496334146142,180,180,140,180,180,180,180
39.46399664878845,0.27063730488829846,2.7970056485792525,0.2617993877991417,0.0,-1.2445498299402646,180,180,140,180,180,180,180
39.474188804626465,0.27063730488829846,2.7970056485792525,0.2617993877991417,0.0,-1.2445498299402646,180,180,140,180,180,180,180
39.48473763465881,0.27063730488829846,2.7970056485792525,0.2617993877991417,0.0,-1.2445498299402646,180,180,180,180,180,180,180
39.50293755531311,0.2678780584287893,2.788846271150762,0.2617993877991417,0.0,-1.2446195409183862,180,180,180,180,180,180,180
39.5132155418396,0.2678780584287893,2.788846271150762,0.2617993877991417,0.0,-1.2446195409183862,180,180,180,180,180,180,180
39.523443937301636,0.2678780584287893,2.788846271150762,0.2617993877991417,0.0,-1.2446195409183862,180,180,150,180,180,180,180
39.53368830680847,0.26503394424864357,2.780434220522018,0.2617993877991417,0.0,-1.244712536188748,180,180,150,180,180,180,180
39.55291485786438,0.26503394424864357,2.780434220522018,0.2617993877991417,0.0,-1.244712536188748,180,180,150,180,180,180,180
39.563228607177734,0.26227103981660527,2.7722594551212096,0.2617993877991417,0.0,-1.2447952943084097,180,180,150,180,180,180,180
39.57342576980591,0.26227103981660527,2.7722594551212096,0.2617993877991417,0.0,-1.2447952943084097,180,180,150,180,180,180,180
39.58373403549194,0.26227103981660527,2.7722594551212096,0.2617993877991417,0.0,-1.2447952943084097,180,180,170,180,180,180,180
39.60457634925842,0.26227103981660527,2.7722594551212096,0.2617993877991417,0.0,-1.2447952943084097,180,180,170,180,180,180,180
39.61493277549744,0.25950517789055466,2.764074332835448,0.2617993877991417,0.0,-1.2448694277363117,180,180,170,180,180,180,180
39.625258922576904,0.25950517789055466,2.764074332835448,0.2617993877991417,0.0,-1.2448694277363117,180,180,180,180,180,180,180
39.63554668426514,0.2566527600370168,2.7556315616278324,0.2617993877991417,0.0,-1.2449393952072354,180,180,180,180,180,180,180
39.64987397193909,0.2566527600370168,2.7556315616278324,0.2617993877991417,0.0,-1.2449393952072354,180,180,180,180,180,180,180
39.66006636619568,0.2566527600370168,2.7556315616278324,0.2617993877991417,0.0,-1.2449393952072354,180,180,180,180,180,180,180
39.67025589942932,0.2538815641117819,2.7474283727119184,0.2617993877991417,0.0,-1.244994607503972,180,180,180,180,180,180,180
39.680466175079346,0.2538815641117819,2.7474283727119184,0.2617993877991417,0.0,-1.244994607503972,180,180,180,180,180,180,180
39.70027780532837,0.2538815641117819,2.7474283727119184,0.2617993877991417,0.0,-1.244994607503972,180,180,180,180,180,180,180
39.71065664291382,0.2511094028316315,2.7392218413569283,0.2617993877991417,0.0,-1.245006083780045,180,180,180,180,180,180,180
39.72083854675293,0.2511094028316315,2.7392218413569283,0.2617993877991417,0.0,-1.245006083780045,180,180,170,180,180,180,180
39.73101305961609,0.24825346231009343,2.7307703654530537,0.2617993877991417,0.0,-1.2448964962144595,180,180,170,180,180,180,180
39.74128460884094,0.24825346231009343,2.7307703654530537,0.2617993877991417,0.0,-1.2448964962144595,180,180,170,180,180,180,180
39.75147557258606,0.24825346231009343,2.7307703654530537,0.2617993877991417,0.0,-1.2448964962144595,180,180,170,180,180,180,180
39.76166582107544,0.24549301826961453,2.7225990043321753,0.2617993877991417,0.0,-1.2445125448055272,180,180,170,180,180,180,180
39.77186059951782,0.24549301826961453,2.7225990043321753,0.2617993877991417,0.0,-1.2445125448055272,180,180,180,180,180,180,180
39.78206515312195,0.24549301826961453,2.7225990043321753,0.2617993877991417,0.0,-1.2445125448055272,180,180,180,180,180,180,180
39.79224729537964,0.24549301826961453,2.7225990043321753,0.2617993877991417,0.0,-1.2445125448055272,180,180,180,180,180,180,180
39.80528736114502,0.24272604747493384,2.7144215595760244,0.2617993877991417,0.0,-1.2442713066134274,180,180,180,180,180,180,180
39.81550645828247,0.24272604747493384,2.7144215595760244,0.2617993877991417,0.0,-1.2442713066134274,180,180,180,180,180,180,180
39.82569122314453,0.24272604747493384,2.7144215595760244,0.2617993877991417,0.0,-1.2442713066134274,180,180,180,180,180,180,180
39.83587288856506,0.23988085054807332,2.706003608661604,0.2617993877991417,0.0,-1.2441555708768322,180,180,180,180,180,180,180
39.846055030822754,0.23988085054807332,2.706003608661604,0.2617993877991417,0.0,-1.2441555708768322,180,180,180,180,180,180,180
39.85653305053711,0.23988085054807332,2.706003608661604,0.2617993877991417,0.0,-1.2441555708768322,180,180,180,180,180,180,180
39.866740465164185,0.23712123477467473,2.697851843387743,0.2617993877991417,0.0,-1.244216155134078,180,180,180,180,180,180,180
39.87692999839783,0.23712123477467473,2.697851843387743,0.2617993877991417,0.0,-1.244216155134078,180,180,180,180,180,180,180
39.887136459350586,0.23712123477467473,2.697851843387743,0.2617993877991417,0.0,-1.244216155134078,180,180,180,180,180,180,180
39.90609955787659,0.23712123477467473,2.697851843387743,0.2617993877991417,0.0,-1.244216155134078,180,180,180,180,180,180,180
39.916295528411865,0.23435912119040853,2.6896932553632693,0.2617993877991417,0.0,-1.2442916768954642,180,180,180,180,180,180,180
39.92649173736572,0.23435912119040853,2.6896932553632693,0.2617993877991417,0.0,-1.2442916768954642,180,180,180,180,180,180,180
39.93668341636658,0.2315119076171362,2.6812810572022006,0.2617993877991417,0.0,-1.244384414480252,180,180,180,180,180,180,180
39.95265054702759,0.2315119076171362,2.6812810572022006,0.2617993877991417,0.0,-1.244384414480252,180,180,180,180,180,180,180
39.96286940574646,0.22874586454975832,2.6731058493244326,0.2617993877991417,0.0,-1.244465492142383,180,180,180,180,180,180,180
39.97305250167847,0.22874586454975832,2.6731058493244326,0.2617993877991417,0.0,-1.244465492142383,180,180,180,180,180,180,180
39.98346185684204,0.22874586454975832,2.6731058493244326,0.2617993877991417,0.0,-1.244465492142383,180,180,180,180,180,180,180
39.99981188774109,0.22597690670745377,2.664920553334386,0.2617993877991417,0.0,-1.2445391816497595,180,180,180,180,180,180,180
40.01003646850586,0.22597690670745377,2.664920553334386,0.2617993877991417,0.0,-1.2445391816497595,180,180,180,180,180,180,180
40.02023768424988,0.22597690670745377,2.664920553334386,0.2617993877991417,0.0,-1.2445391816497595,180,180,180,180,180,180,180
40.030420541763306,0.22312128949187343,2.6564776225167517,0.2617993877991417,0.0,-1.2446078488364314,180,180,180,180,180,180,180
40.04060983657837,0.22312128949187343,2.6564776225167517,0.2617993877991417,0.0,-1.2446078488364314,180,180,180,180,180,180,180
40.05354690551758,0.22312128949187343,2.6564776225167517,0.2617993877991417,0.0,-1.2446078488364314,180,180,180,180,180,180,180
40.0637481212616,0.2203470357209895,2.6482744674095953,0.2617993877991417,0.0,-1.2446602501562858,180,180,180,180,180,180,180
40.073946952819824,0.2203470357209895,2.6482744674095953,0.2617993877991417,0.0,-1.2446602501562858,180,180,180,180,180,180,180
40.08465266227722,0.2203470357209895,2.6482744674095953,0.2617993877991417,0.0,-1.2446602501562858,180,180,180,180,180,180,180
40.10149645805359,0.21757206229985,2.6400690311495216,0.2617993877991417,0.0,-1.2446627067294898,180,180,180,180,180,180,180
40.11170315742493,0.21757206229985,2.6400690311495216,0.2617993877991417,0.0,-1.2446627067294898,180,180,180,180,180,180,180
40.12217450141907,0.21757206229985,2.6400690311495216,0.2617993877991417,0.0,-1.2446627067294898,180,180,180,180,180,180,180
40.13237738609314,0.2147143021929992,2.631619623564955,0.2617993877991417,0.0,-1.2445313171535286,180,180,180,190,180,180,180
40.142611265182495,0.2147143021929992,2.631619623564955,0.2617993877991417,0.0,-1.2445313171535286,180,180,180,190,180,180,180
40.15283012390137,0.2147143021929992,2.631619623564955,0.2617993877991417,0.0,-1.2445313171535286,180,180,180,190,180,180,180
40.163023233413696,0.2119514632861641,2.623453776702916,0.2617993877991417,0.0,-1.244122984730804,180,180,180,190,180,180,180
40.173216819763184,0.2119514632861641,2.623453776702916,0.2617993877991417,0.0,-1.244122984730804,180,180,180,190,180,180,180
40.18342089653015,0.2119514632861641,2.623453776702916,0.2617993877991417,0.0,-1.244122984730804,180,180,180,190,180,180,180
40.20341944694519,0.2119514632861641,2.623453776702916,0.2617993877991417,0.0,-1.244122984730804,180,180,180,190,180,180,180
40.21360969543457,0.20918143590107394,2.6152743762075934,0.2617993877991417,0.0,-1.2439092521472663,180,180,180,190,180,180,180
40.223795652389526,0.20918143590107394,2.6152743762075934,0.2617993877991417,0.0,-1.2439092521472663,180,180,180,190,180,180,180
40.23455476760864,0.2063329281180334,2.6068605211480524,0.2617993877991417,0.0,-1.2438214226228885,180,180,180,190,180,180,180
40.251790046691895,0.2063329281180334,2.6068605211480524,0.2617993877991417,0.0,-1.2438214226228885,180,180,180,190,180,180,180
40.26201939582825,0.20357109721637684,2.5987088994929355,0.2617993877991417,0.0,-1.2438847157562067,180,180,180,190,180,180,180
40.272217988967896,0.20357109721637684,2.5987088994929355,0.2617993877991417,0.0,-1.2438847157562067,180,180,180,190,180,180,180
40.28244423866272,0.20357109721637684,2.5987088994929355,0.2617993877991417,0.0,-1.2438847157562067,180,180,180,190,180,180,180
40.30077648162842,0.20357109721637684,2.5987088994929355,0.2617993877991417,0.0,-1.2438847157562067,180,180,180,190,180,180,180
40.311134338378906,0.20080619355518584,2.590551280574877,0.2617993877991417,0.0,-1.2439662678841588,180,180,180,190,180,180,180
40.32129907608032,0.20080619355518584,2.590551280574877,0.2617993877991417,0.0,-1.2439662678841588,180,180,180,190,180,180,180
40.33150267601013,0.1979558984334039,2.5821389441680007,0.2617993877991417,0.0,-1.2440584034204107,180,180,180,180,180,180,180
40.351233959198,0.1979558984334039,2.5821389441680007,0.2617993877991417,0.0,-1.2440584034204107,180,180,180,180,180,180,180
40.36146640777588,0.19518674649917023,2.573963369370288,0.2617993877991417,0.0,-1.2441379253769498,180,180,180,180,180,180,180
40.371668577194214,0.19518674649917023,2.573963369370288,0.2617993877991417,0.0,-1.2441379253769498,180,180,180,180,180,180,180
40.3818678855896,0.19518674649917023,2.573963369370288,0.2617993877991417,0.0,-1.2441379253769498,180,180,180,180,180,180,180
40.392088890075684,0.19518674649917023,2.573963369370288,0.2617993877991417,0.0,-1.2441379253769498,180,180,180,180,180,180,180
40.40304160118103,0.1924147316772849,2.5657779334779973,0.2617993877991417,0.0,-1.2442109919610873,180,180,180,180,180,180,180
40.41323781013489,0.1924147316772849,2.5657779334779973,0.2617993877991417,0.0,-1.2442109919610873,180,180,180,180,180,180,180
40.42349648475647,0.1924147316772849,2.5657779334779973,0.2617993877991417,0.0,-1.2442109919610873,180,180,180,180,180,180,180
40.43378043174744,0.18955594586657476,2.557334892075345,0.2617993877991417,0.0,-1.2442783977864837,180,180,180,180,180,180,180
40.452014684677124,0.18955594586657476,2.557334892075345,0.2617993877991417,0.0,-1.2442783977864837,180,180,180,180,180,180,180
40.46226215362549,0.1867787010186647,2.5491319096481533,0.2617993877991417,0.0,-1.2443272929887785,180,180,180,180,180,180,180
40.47246742248535,0.1867787010186647,2.5491319096481533,0.2617993877991417,0.0,-1.2443272929887785,180,180,180,180,180,180,180
40.48266315460205,0.1867787010186647,2.5491319096481533,0.2617993877991417,0.0,-1.2443272929887785,180,180,180,180,180,180,180
40.499380111694336,0.1867787010186647,2.5491319096481533,0.2617993877991417,0.0,-1.2443272929887785,180,180,180,180,180,180,180
40.50977087020874,0.18400089930348437,2.5409276382341672,0.2617993877991417,0.0,-1.2443200735115332,180,180,180,180,180,180,180
40.519965410232544,0.18400089930348437,2.5409276382341672,0.2617993877991417,0.0,-1.2443200735115332,180,180,180,180,180,180,180
40.53018832206726,0.18114163063012706,2.532480798621931,0.2617993877991417,0.0,-1.2441643697652096,180,180,180,180,180,180,180
40.54039478302002,0.18114163063012706,2.532480798621931,0.2617993877991417,0.0,-1.2441643697652096,180,180,180,180,180,180,180
40.55352592468262,0.18114163063012706,2.532480798621931,0.2617993877991417,0.0,-1.2441643697652096,180,180,180,180,180,180,180
40.56372141838074,0.1783758402193793,2.5243191071964026,0.2617993877991417,0.0,-1.2437442913491186,180,180,180,180,180,180,180
40.573920249938965,0.1783758402193793,2.5243191071964026,0.2617993877991417,0.0,-1.2437442913491186,180,180,180,180,180,180,180
40.58414697647095,0.1783758402193793,2.5243191071964026,0.2617993877991417,0.0,-1.2437442913491186,180,180,180,180,180,180,180
40.59883737564087,0.17560344199467437,2.516138766752775,0.2617993877991417,0.0,-1.2435536421450626,180,180,180,180,180,180,180
40.609055280685425,0.17560344199467437,2.516138766752775,0.2617993877991417,0.0,-1.2435536421450626,180,180,180,180,180,180,180
40.619245767593384,0.17560344199467437,2.516138766752775,0.2617993877991417,0.0,-1.2435536421450626,180,180,180,180,180,180,180
40.62959337234497,0.17275178788079767,2.5077290136380124,0.2617993877991417,0.0,-1.2434930490077638,180,180,180,180,180,180,180
40.648905515670776,0.17275178788079767,2.5077290136380124,0.2617993877991417,0.0,-1.2434930490077638,180,180,180,180,180,180,180
40.65912365913391,0.17275178788079767,2.5077290136380124,0.2617993877991417,0.0,-1.2434930490077638,180,180,180,180,180,180,180
40.66929841041565,0.16998722680518374,2.4995772762232376,0.2617993877991417,0.0,-1.2435574044961808,180,180,180,180,180,180,180
40.67956328392029,0.16998722680518374,2.4995772762232376,0.2617993877991417,0.0,-1.2435574044961808,180,180,180,180,180,180,180
40.689861536026,0.16998722680518374,2.4995772762232376,0.2617993877991417,0.0,-1.2435574044961808,180,180,180,180,180,180,180
40.700172424316406,0.16721952877665355,2.491420347684195,0.2617993877991417,0.05235987755982833,-1.2436435817025844,180,180,180,180,180,180,180
40.71037840843201,0.16721952877665355,2.491420347684195,0.2617993877991417,0.05235987755982833,-1.2436435817025844,180,180,180,180,180,180,180
40.720651626586914,0.16721952877665355,2.491420347684195,0.2617993877991417,0.05235987755982833,-1.2436435817025844,180,180,180,180,180,180,180
40.73093605041504,0.16721952877665355,2.491420347684195,0.2617993877991417,0.05235987755982833,-1.2436435817025844,180,180,180,180,180,180,180
40.74114489555359,0.1643661449837464,2.483007782470139,0.2617993877991417,0.05235987755982833,-1.2437349727887363,180,180,180,180,180,180,180
40.75448489189148,0.1643661449837464,2.483007782470139,0.2617993877991417,0.05235987755982833,-1.2437349727887363,180,180,180,180,180,180,180
40.76466464996338,0.16160364326002394,2.4748413283230484,0.2617993877991417,0.05235987755982833,-1.2454377963671215,180,180,180,180,180,180,180
40.774842977523804,0.16160364326002394,2.4748413283230484,0.2617993877991417,0.05235987755982833,-1.2454377963671215,180,180,180,180,180,180,180
40.78502607345581,0.16160364326002394,2.4748413283230484,0.2617993877991417,0.05235987755982833,-1.2454377963671215,180,180,180,180,180,180,180
40.799365282058716,0.16160364326002394,2.4748413283230484,0.2617993877991417,0.05235987755982833,-1.2454377963671215,180,180,180,180,180,180,180
40.80981707572937,0.15885204895507327,2.4666598529703903,0.2617993877991417,0.05235987755982833,-1.247238824513396,180,180,180,180,180,180,180
40.82003307342529,0.15885204895507327,2.4666598529703903,0.2617993877991417,0.06981317007977111,-1.247238824513396,190,180,180,180,180,180,180
40.83025670051575,0.1560271663444858,2.4582142645006115,0.2617993877991417,0.06981317007977111,-1.2490855877863385,190,180,180,180,180,180,180
40.84861946105957,0.1560271663444858,2.4582142645006115,0.2617993877991417,0.06981317007977111,-1.2490855877863385,190,180,180,180,180,180,180
40.85884475708008,0.1560271663444858,2.4582142645006115,0.2617993877991417,0.06981317007977111,-1.2490855877863385,190,180,180,180,180,180,180
40.86909890174866,0.15329954064018883,2.4500062464401946,0.2617993877991417,0.06981317007977111,-1.2514226753533706,190,180,180,180,180,180,180
40.87947463989258,0.15329954064018883,2.4500062464401946,0.2617993877991417,0.06981317007977111,-1.2514226753533706,190,180,180,180,180,180,180
40.89962697029114,0.15329954064018883,2.4500062464401946,0.2617993877991417,0.06981317007977111,-1.2514226753533706,190,180,180,180,180,180,180
40.90982246398926,0.15058930617937216,2.441789232857542,0.2617993877991417,0.06981317007977111,-1.2537110338017874,190,180,180,180,180,180,180
40.9200496673584,0.15058930617937216,2.441789232857542,0.2617993877991417,0.06981317007977111,-1.2537110338017874,190,180,180,180,180,180,180
40.93027114868164,0.14782461823365511,2.43333291809547,0.2617993877991417,0.06981317007977111,-1.2558552838023007,190,190,180,180,180,180,180
40.950374603271484,0.14782461823365511,2.43333291809547,0.2617993877991417,0.06981317007977111,-1.2558552838023007,190,190,180,180,180,180,180
40.96059203147888,0.14782461823365511,2.43333291809547,0.2617993877991417,0.06981317007977111,-1.2558552838023007,190,190,180,180,180,180,180
40.970765352249146,0.1451660054435853,2.4251518930412153,0.2617993877991417,0.06981317007977111,-1.257693303241271,190,190,180,180,180,180,180
40.98095107078552,0.1451660054435853,2.4251518930412153,0.2617993877991417,0.06981317007977111,-1.257693303241271,190,190,180,180,180,180,180
40.991169929504395,0.1451660054435853,2.4251518930412153,0.2617993877991417,0.06981317007977111,-1.257693303241271,190,190,180,180,180,180,180
41.00136375427246,0.14252173734450835,2.4169442028899133,0.2617993877991417,0.06981317007977111,-1.259752151595112,190,190,180,180,180,180,180
41.01159644126892,0.14252173734450835,2.4169442028899133,0.2617993877991417,0.06981317007977111,-1.259752151595112,190,190,180,180,180,180,180
41.021825551986694,0.14252173734450835,2.4169442028899133,0.2617993877991417,0.06981317007977111,-1.259752151595112,190,190,180,180,180,180,180
41.032036542892456,0.13982104851390312,2.4084964492681467,0.2617993877991417,0.06981317007977111,-1.262002784537497,190,190,180,180,180,180,180
41.04224109649658,0.13982104851390312,2.4084964492681467,0.2617993877991417,0.06981317007977111,-1.262002784537497,190,190,180,180,180,180,180
41.05246376991272,0.13982104851390312,2.4084964492681467,0.2617993877991417,0.06981317007977111,-1.262002784537497,190,190,180,180,180,180,180
41.06265044212341,0.1372231505040996,2.400312502174476,0.2617993877991417,0.06981317007977111,-1.264396422516895,190,190,180,180,180,180,180
41.07287240028381,0.1372231505040996,2.400312502174476,0.2617993877991417,0.06981317007977111,-1.264396422516895,190,190,180,180,180,180,180
41.08308434486389,0.1372231505040996,2.400312502174476,0.2617993877991417,0.06981317007977111,-1.264396422516895,190,190,180,180,180,180,180
41.09875798225403,0.134640665914717,2.392112535731578,0.2617993877991417,0.06981317007977111,-1.2667971073411624,190,190,180,180,180,180,180
41.109007120132446,0.134640665914717,2.392112535731578,0.2617993877991417,0.06981317007977111,-1.2667971073411624,190,190,180,180,180,180,180
41.1192409992218,0.134640665914717,2.392112535731578,0.2617993877991417,0.06981317007977111,-1.2667971073411624,190,190,180,180,180,180,180
41.12946128845215,0.134640665914717,2.392112535731578,0.2617993877991417,0.06981317007977111,-1.2667971073411624,190,180,180,180,180,180,180
41.14777994155884,0.13199826728219807,2.38365097032292,0.2617993877991417,0.08726646259971389,-1.2692958082896582,190,180,180,180,180,180,180
41.15798783302307,0.13199826728219807,2.38365097032292,0.2617993877991417,0.08726646259971389,-1.2692958082896582,190,180,180,180,180,180,180
41.16837024688721,0.12945043433905776,2.375420761096574,0.2617993877991417,0.08726646259971389,-1.2717210764102789,190,180,180,180,180,180,180
41.17860817909241,0.12945043433905776,2.375420761096574,0.2617993877991417,0.08726646259971389,-1.2717210764102789,180,180,180,180,180,180,180
41.188846826553345,0.12945043433905776,2.375420761096574,0.2617993877991417,0.08726646259971389,-1.2717210764102789,180,180,180,180,180,180,180
41.19923281669617,0.126922285749871,2.3671769835488137,0.2617993877991417,0.08726646259971389,-1.2746860649946443,180,180,180,180,180,180,180
41.20944690704346,0.126922285749871,2.3671769835488137,0.2617993877991417,0.08726646259971389,-1.2746860649946443,180,180,180,180,180,180,180
41.219650983810425,0.126922285749871,2.3671769835488137,0.2617993877991417,0.08726646259971389,-1.2746860649946443,180,180,180,180,180,180,180
41.23008871078491,0.12433935871229865,2.358666171444069,0.2617993877991417,0.08726646259971389,-1.2777349788692103,180,180,170,180,180,180,180
41.24050045013428,0.12433935871229865,2.358666171444069,0.2617993877991417,0.08726646259971389,-1.2777349788692103,180,180,170,180,180,180,180
41.25119233131409,0.12433935871229865,2.358666171444069,0.2617993877991417,0.08726646259971389,-1.2777349788692103,180,180,170,180,180,180,180
41.261406660079956,0.12185365680946798,2.3503911276479617,0.2617993877991417,0.08726646259971389,-1.280668096101898,180,180,170,180,180,180,180
41.27161931991577,0.12185365680946798,2.3503911276479617,0.2617993877991417,0.08726646259971389,-1.280668096101898,180,180,170,180,180,180,180
41.28191018104553,0.12185365680946798,2.3503911276479617,0.2617993877991417,0.08726646259971389,-1.280668096101898,180,180,180,180,180,180,180
41.29215884208679,0.12185365680946798,2.3503911276479617,0.2617993877991417,0.08726646259971389,-1.280668096101898,180,180,180,180,180,180,180
41.302382707595825,0.11939684445258741,2.3421106061057877,0.2617993877991417,0.08726646259971389,-1.2834970381203095,180,180,180,180,180,180,180
41.31262683868408,0.11939684445258741,2.3421106061057877,0.2617993877991417,0.08726646259971389,-1.2834970381203095,180,180,180,180,180,180,180
41.32283067703247,0.11939684445258741,2.3421106061057877,0.2617993877991417,0.08726646259971389,-1.2834970381203095,180,180,180,180,180,180,180
41.333479166030884,0.11689679952623656,2.3336173080381624,0.2617993877991417,0.08726646259971389,-1.2859758987478969,180,180,180,180,180,180,180
41.35075902938843,0.11689679952623656,2.3336173080381624,0.2617993877991417,0.08726646259971389,-1.2859758987478969,180,180,180,180,180,180,180
41.361000537872314,0.11689679952623656,2.3336173080381624,0.2617993877991417,0.08726646259971389,-1.2859758987478969,180,180,180,180,180,180,180
41.3714017868042,0.11448573525917585,2.325349004630302,0.2617993877991417,0.08726646259971389,-1.288474215284921,180,180,180,180,180,180,180
41.38225436210632,0.11448573525917585,2.325349004630302,0.2617993877991417,0.08726646259971389,-1.288474215284921,180,180,180,180,180,180,180
41.39812207221985,0.11209743117401462,2.3170663133584863,0.2617993877991417,0.08726646259971389,-1.2910565558209632,180,180,180,180,180,180,180
41.408363819122314,0.11209743117401462,2.3170663133584863,0.2617993877991417,0.08726646259971389,-1.2910565558209632,180,180,180,180,180,180,180
41.418593645095825,0.11209743117401462,2.3170663133584863,0.2617993877991417,0.08726646259971389,-1.2910565558209632,180,180,180,180,180,180,180
41.42921233177185,0.1096644305666283,2.3085284623806066,0.2617993877991417,0.08726646259971389,-1.2938340311911325,180,180,180,180,180,180,180
41.43962121009827,0.1096644305666283,2.3085284623806066,0.2617993877991417,0.08726646259971389,-1.2938340311911325,180,180,180,180,180,180,180
41.450419425964355,0.1096644305666283,2.3085284623806066,0.2617993877991417,0.08726646259971389,-1.2938340311911325,180,180,180,180,180,180,180
41.460641622543335,0.1096644305666283,2.3085284623806066,0.2617993877991417,0.08726646259971389,-1.2938340311911325,180,180,180,180,180,180,180
41.47084307670593,0.1073271278392352,2.300255343182031,0.2617993877991417,0.08726646259971389,-1.2967522293012625,180,180,180,180,180,180,180
41.48107433319092,0.1073271278392352,2.300255343182031,0.2617993877991417,0.08726646259971389,-1.2967522293012625,180,180,180,180,180,180,180
41.49930739402771,0.1050148742559434,2.2919783006116496,0.2617993877991417,0.08726646259971389,-1.299759481169795,180,180,180,180,180,180,180
41.50955104827881,0.1050148742559434,2.2919783006116496,0.2617993877991417,0.08726646259971389,-1.299759481169795,180,180,180,180,180,180,180
41.519744873046875,0.1050148742559434,2.2919783006116496,0.2617993877991417,0.08726646259971389,-1.299759481169795,180,180,180,180,180,180,180
41.530004262924194,0.1050148742559434,2.2919783006116496,0.2617993877991417,0.08726646259971389,-1.299759481169795,190,180,180,180,180,180,180
41.54783344268799,0.10265612422454133,2.2834370303976153,0.2617993877991417,0.08726646259971389,-1.3028885941667157,190,180,180,180,180,180,180
41.55804800987244,0.10265612422454133,2.2834370303976153,0.2617993877991417,0.08726646259971389,-1.3028885941667157,190,180,180,180,180,180,180
41.5682373046875,0.10038968850402373,2.275129676923507,0.2617993877991417,0.08726646259971389,-1.3059306329112428,190,180,180,180,180,180,180
41.57848882675171,0.10038968850402373,2.275129676923507,0.2617993877991417,0.08726646259971389,-1.3059306329112428,180,180,180,180,180,180,180
41.598230838775635,0.10038968850402373,2.275129676923507,0.2617993877991417,0.08726646259971389,-1.3059306329112428,180,180,180,180,180,180,180
41.608662128448486,0.09814513752780492,2.266805321657306,0.2617993877991417,0.08726646259971389,-1.30895120349376,180,180,180,180,180,180,180
41.618871450424194,0.09814513752780492,2.266805321657306,0.2617993877991417,0.08726646259971389,-1.30895120349376,180,180,180,180,180,180,180
41.629069328308105,0.09814513752780492,2.266805321657306,0.2617993877991417,0.08726646259971389,-1.30895120349376,180,180,180,180,180,180,180
41.63927221298218,0.09585543763456929,2.2582135268283725,0.2617993877991417,0.08726646259971389,-1.3120336444244673,180,180,180,180,180,180,180
41.650153160095215,0.09585543763456929,2.2582135268283725,0.2617993877991417,0.08726646259971389,-1.3120336444244673,180,180,180,180,180,180,180
41.66035079956055,0.09585543763456929,2.2582135268283725,0.2617993877991417,0.08726646259971389,-1.3120336444244673,180,180,180,180,180,180,180
41.670576095581055,0.0936591737490357,2.2498650748343003,0.2617993877991417,0.08726646259971389,-1.314957784904458,180,180,180,180,180,180,180
41.680875301361084,0.0936591737490357,2.2498650748343003,0.2617993877991417,0.08726646259971389,-1.314957784904458,180,180,180,180,180,180,180
41.699726581573486,0.0936591737490357,2.2498650748343003,0.2617993877991417,0.08726646259971389,-1.314957784904458,180,180,180,180,180,180,180
41.710158348083496,0.09149602101875251,2.2415370637893473,0.2617993877991417,0.12217304763959944,-1.3175732916343448,180,180,180,180,180,180,180
41.72037672996521,0.09149602101875251,2.2415370637893473,0.2617993877991417,0.12217304763959944,-1.3175732916343448,180,180,180,180,180,180,180
41.73072409629822,0.0892983254243689,2.2329939761252895,0.2617993877991417,0.12217304763959944,-1.3205001237642717,180,180,180,180,180,180,180
41.749125719070435,0.0892983254243689,2.2329939761252895,0.2617993877991417,0.12217304763959944,-1.3205001237642717,180,180,180,180,180,180,180
41.75944495201111,0.0892983254243689,2.2329939761252895,0.2617993877991417,0.157079632679485,-1.3205001237642717,180,180,180,180,180,180,180
41.76963925361633,0.08718164110974591,2.224652390363448,0.2617993877991417,0.157079632679485,-1.3242020344850902,180,180,180,180,180,180,180
41.779866218566895,0.08718164110974591,2.224652390363448,0.2617993877991417,0.157079632679485,-1.3242020344850902,180,180,180,180,180,180,180
41.79916739463806,0.08510000957451479,2.216304989363479,0.2617993877991417,0.17453292519942779,-1.329027609010887,180,180,180,180,180,180,180
41.809375047683716,0.08510000957451479,2.216304989363479,0.2617993877991417,0.17453292519942779,-1.329027609010887,180,180,180,180,180,180,180
41.81959557533264,0.08510000957451479,2.216304989363479,0.2617993877991417,0.17453292519942779,-1.329027609010887,180,180,180,180,180,180,180
41.82983374595642,0.08510000957451479,2.216304989363479,0.2617993877991417,0.17453292519942779,-1.329027609010887,180,180,180,180,180,180,180
41.84892797470093,0.08300562772584273,2.207690026395819,0.2617993877991417,0.17453292519942779,-1.334683577386072,180,180,180,180,180,180,180
41.859187841415405,0.08300562772584273,2.207690026395819,0.2617993877991417,0.17453292519942779,-1.334683577386072,180,180,180,180,180,180,180
41.86941385269165,0.08101804215006782,2.1993132555972403,0.2617993877991417,0.17453292519942779,-1.3402765929413978,180,180,180,180,180,180,180
41.87969088554382,0.08101804215006782,2.1993132555972403,0.2617993877991417,0.17453292519942779,-1.3402765929413978,180,180,180,180,180,180,180
41.889925479888916,0.08101804215006782,2.1993132555972403,0.2617993877991417,0.17453292519942779,-1.3402765929413978,180,180,180,180,180,180,180
41.90016317367554,0.0790840786063149,2.1909585474843456,0.2617993877991417,0.17453292519942779,-1.3461736292347433,180,180,180,180,180,180,180
41.91035604476929,0.0790840786063149,2.1909585474843456,0.2617993877991417,0.17453292519942779,-1.3461736292347433,180,180,180,180,180,180,180
41.920551776885986,0.0790840786063149,2.1909585474843456,0.2617993877991417,0.17453292519942779,-1.3461736292347433,180,180,180,180,180,180,180
41.93076515197754,0.07714153151292331,2.18233532552999,0.2617993877991417,0.17453292519942779,-1.3522964036345175,180,180,180,180,180,180,180
41.95001244544983,0.07714153151292331,2.18233532552999,0.2617993877991417,0.17453292519942779,-1.3522964036345175,180,180,180,180,180,180,180
41.960362911224365,0.07530533814801436,2.1739491033781078,0.2617993877991417,0.17453292519942779,-1.3582679025420927,180,180,180,180,180,180,180
41.97073292732239,0.07530533814801436,2.1739491033781078,0.2617993877991417,0.17453292519942779,-1.3582679025420927,180,180,180,180,180,180,180
41.98095965385437,0.07530533814801436,2.1739491033781078,0.2617993877991417,0.17453292519942779,-1.3582679025420927,180,180,180,180,180,180,180
41.99964237213135,0.07530533814801436,2.1739491033781078,0.2617993877991417,0.17453292519942779,-1.3582679025420927,180,180,180,180,180,180,180
42.01000165939331,0.07351764468338454,2.16554556416922,0.2617993877991417,0.17453292519942779,-1.3641997786783773,180,180,180,180,180,180,180
42.02018618583679,0.07351764468338454,2.16554556416922,0.2617993877991417,0.17453292519942779,-1.3641997786783773,180,180,180,180,180,180,180
42.03039050102234,0.07172707153767555,2.156879168066533,0.2617993877991417,0.17453292519942779,-1.3702130452679107,180,180,180,180,180,180,180
42.040627241134644,0.07172707153767555,2.156879168066533,0.2617993877991417,0.17453292519942779,-1.3702130452679107,180,180,180,180,180,180,180
42.05181288719177,0.07172707153767555,2.156879168066533,0.2617993877991417,0.17453292519942779,-1.3702130452679107,180,180,180,180,180,180,180
42.06202554702759,0.07004893588408738,2.14848717683645,0.2617993877991417,0.17453292519942779,-1.3757120196926924,180,180,180,180,180,180,180
42.07225251197815,0.07004893588408738,2.14848717683645,0.2617993877991417,0.17453292519942779,-1.3757120196926924,180,180,180,180,180,180,180
42.0824613571167,0.07004893588408738,2.14848717683645,0.2617993877991417,0.17453292519942779,-1.3757120196926924,180,180,180,180,180,180,180
42.099472999572754,0.06841443260680903,2.140090280529617,0.2617993877991417,0.17453292519942779,-1.3811254760364402,180,180,180,180,180,180,180
42.10969662666321,0.06841443260680903,2.140090280529617,0.2617993877991417,0.17453292519942779,-1.3811254760364402,180,180,180,180,180,180,180
42.11990308761597,0.06841443260680903,2.140090280529617,0.2617993877991417,0.17453292519942779,-1.3811254760364402,180,180,180,180,180,180,180
42.130136013031006,0.06677305420592866,2.1314008008277923,0.2617993877991417,0.17453292519942779,-1.3868157512127128,180,180,180,180,180,180,180
42.14809703826904,0.06677305420592866,2.1314008008277923,0.2617993877991417,0.17453292519942779,-1.3868157512127128,180,180,180,180,180,180,180
42.15830874443054,0.06677305420592866,2.1314008008277923,0.2617993877991417,0.157079632679485,-1.3868157512127128,180,180,180,180,180,180,180
42.16851472854614,0.06522411365721706,2.122948308017717,0.2617993877991417,0.157079632679485,-1.3923400939861645,180,180,180,180,180,180,180
42.17895030975342,0.06522411365721706,2.122948308017717,0.2617993877991417,0.157079632679485,-1.3923400939861645,180,180,180,180,180,180,180
42.18921494483948,0.06522411365721706,2.122948308017717,0.2617993877991417,0.157079632679485,-1.3923400939861645,180,180,180,180,180,180,180
42.19944453239441,0.06371708907130827,2.114473193609201,0.2617993877991417,0.157079632679485,-1.3973344054391412,180,180,180,180,180,180,180
42.209664821624756,0.06371708907130827,2.114473193609201,0.2617993877991417,0.157079632679485,-1.3973344054391412,180,180,180,180,180,180,180
42.219873666763306,0.06371708907130827,2.114473193609201,0.2617993877991417,0.157079632679485,-1.3973344054391412,180,180,180,180,180,180,180
42.230098247528076,0.062205766406904096,2.105724367326193,0.2617993877991417,0.157079632679485,-1.4024881237433262,180,180,180,180,180,180,180
42.24030876159668,0.062205766406904096,2.105724367326193,0.2617993877991417,0.13962634015954223,-1.4024881237433262,180,180,180,180,180,180,180
42.25161385536194,0.062205766406904096,2.105724367326193,0.2617993877991417,0.13962634015954223,-1.4024881237433262,180,180,180,180,180,180,180
42.26181936264038,0.06078164492719401,2.097214766561148,0.2617993877991417,0.13962634015954223,-1.4075068682469163,180,180,180,180,180,180,180
42.27204084396362,0.06078164492719401,2.097214766561148,0.2617993877991417,0.13962634015954223,-1.4075068682469163,180,180,180,180,180,180,180
42.28231239318848,0.06078164492719401,2.097214766561148,0.2617993877991417,0.13962634015954223,-1.4075068682469163,180,180,180,180,180,180,180
42.298837661743164,0.06078164492719401,2.097214766561148,0.2617993877991417,0.13962634015954223,-1.4075068682469163,180,180,180,180,180,180,180
42.30905055999756,0.059404967531869045,2.0887105453056156,0.2617993877991417,0.13962634015954223,-1.412174740161046,180,180,180,180,180,180,180
42.31926512718201,0.059404967531869045,2.0887105453056156,0.2617993877991417,0.12217304763959944,-1.412174740161046,180,180,180,180,180,180,180
42.32947516441345,0.058029502535362806,2.079968264765967,0.2617993877991417,0.12217304763959944,-1.417194078227332,180,180,180,180,180,180,180
42.33976650238037,0.058029502535362806,2.079968264765967,0.2617993877991417,0.12217304763959944,-1.417194078227332,180,180,180,180,180,180,180
42.35912299156189,0.058029502535362806,2.079968264765967,0.2617993877991417,0.10471975511965666,-1.417194078227332,180,180,180,180,180,180,180
42.369298219680786,0.0567318654001079,2.071465726138017,0.2617993877991417,0.08726646259971389,-1.4214955476487825,180,180,180,180,180,180,180
42.37948775291443,0.0567318654001079,2.071465726138017,0.2617993877991417,0.08726646259971389,-1.4214955476487825,180,180,180,180,180,180,180
42.38967537879944,0.0567318654001079,2.071465726138017,0.2617993877991417,0.08726646259971389,-1.4214955476487825,180,180,180,180,180,180,180
42.401679039001465,0.0567318654001079,2.071465726138017,0.2617993877991417,0.06981317007977111,-1.4214955476487825,180,180,180,180,180,180,180
42.411951780319214,0.055470186495803965,2.0629560345761853,0.2617993877991417,0.06981317007977111,-1.4251986221010189,180,180,180,180,180,180,180
42.42236685752869,0.055470186495803965,2.0629560345761853,0.2617993877991417,0.06981317007977111,-1.4251986221010189,180,180,180,180,180,180,180
42.433090925216675,0.05420063142009417,2.054181829972014,0.2617993877991417,0.05235987755982833,-1.4282571715712145,180,180,180,180,180,180,180
42.44977593421936,0.05420063142009417,2.054181829972014,0.2617993877991417,0.05235987755982833,-1.4282571715712145,180,180,180,180,180,180,180
42.45997881889343,0.05420063142009417,2.054181829972014,0.2617993877991417,0.05235987755982833,-1.4282571715712145,180,180,180,180,180,180,180
42.47015643119812,0.05299156787458569,2.045675135740945,0.2617993877991417,0.05235987755982833,-1.430446903189627,180,180,180,180,180,180,180
42.48032355308533,0.05299156787458569,2.045675135740945,0.2617993877991417,0.05235987755982833,-1.430446903189627,180,180,180,180,180,180,180
42.49051856994629,0.05299156787458569,2.045675135740945,0.2617993877991417,0.05235987755982833,-1.430446903189627,180,180,180,180,180,180,180
42.500805139541626,0.05179571508688436,2.037151210736418,0.2617993877991417,0.0,-1.4320459234354712,180,180,180,180,180,180,180
42.51096153259277,0.05179571508688436,2.037151210736418,0.2617993877991417,0.0,-1.4320459234354712,180,180,180,180,180,180,180
42.52114462852478,0.05179571508688436,2.037151210736418,0.2617993877991417,0.0,-1.4320459234354712,180,180,180,180,180,180,180
42.53141641616821,0.05056774306195647,2.028347634639949,0.2617993877991417,0.0,-1.4320222815865236,180,180,180,180,180,180,180
42.5415997505188,0.05056774306195647,2.028347634639949,0.2617993877991417,0.0,-1.4320222815865236,180,180,180,180,180,180,180
42.55180335044861,0.05056774306195647,2.028347634639949,0.2617993877991417,0.0,-1.4320222815865236,180,180,180,180,180,180,180
42.56198835372925,0.04937310535947982,2.0197901148362787,0.2617993877991417,0.0,-1.4319119700432912,180,180,180,180,180,180,180
42.57217073440552,0.04937310535947982,2.0197901148362787,0.2617993877991417,0.0,-1.4319119700432912,180,180,180,180,180,180,180
42.58275556564331,0.04937310535947982,2.0197901148362787,0.2617993877991417,0.0,-1.4319119700432912,180,180,180,180,180,180,180
42.60006761550903,0.04937310535947982,2.0197901148362787,0.2617993877991417,0.0,-1.4319119700432912,180,180,180,180,180,180,180
42.61038780212402,0.04817590009508943,2.0112227667050377,0.2617993877991417,0.0,-1.4318068644280377,180,180,180,180,180,180,180
42.62057018280029,0.04817590009508943,2.0112227667050377,0.2617993877991417,0.0,-1.4318068644280377,180,180,180,180,180,180,180
42.630741119384766,0.04693976391443873,2.0023874868764246,0.2617993877991417,0.0,-1.431704672732747,180,180,180,180,180,180,180
42.64926338195801,0.04693976391443873,2.0023874868764246,0.2617993877991417,0.0,-1.431704672732747,180,180,180,180,180,180,180
42.659483194351196,0.04693976391443873,2.0023874868764246,0.2617993877991417,0.0,-1.431704672732747,180,180,180,180,180,180,180
42.669676780700684,0.04573887924423347,1.9938102917302671,0.2617993877991417,0.0,-1.4316558245977873,180,180,180,180,180,180,180
42.67984700202942,0.04573887924423347,1.9938102917302671,0.2617993877991417,0.0,-1.4316558245977873,180,180,180,180,180,180,180
42.69003438949585,0.04573887924423347,1.9938102917302671,0.2617993877991417,0.0,-1.4316558245977873,180,180,180,180,180,180,180
42.70060753822327,0.04454131865526037,1.9852373835625523,0.2617993877991417,0.0,-1.4317016865547085,180,180,180,180,180,180,180
42.71077847480774,0.04454131865526037,1.9852373835625523,0.2617993877991417,0.0,-1.4317016865547085,180,180,180,180,180,180,180
42.72093605995178,0.04454131865526037,1.9852373835625523,0.2617993877991417,0.0,-1.4317016865547085,180,180,180,180,180,180,180
42.73111176490784,0.04330925764909202,1.976424770393575,0.2617993877991417,0.0,-1.4319136660224063,180,180,180,180,180,180,180
42.741326570510864,0.04330925764909202,1.976424770393575,0.2617993877991417,0.0,-1.4319136660224063,180,180,180,180,180,180,180
42.75380730628967,0.04330925764909202,1.976424770393575,0.2617993877991417,0.0,-1.4319136660224063,180,180,180,180,180,180,180
42.76400136947632,0.04211607052948835,1.9678755649522672,0.2617993877991417,0.0,-1.432129811184802,180,180,180,180,180,180,180
42.77417016029358,0.04211607052948835,1.9678755649522672,0.2617993877991417,0.0,-1.432129811184802,180,180,180,180,180,180,180
42.784358501434326,0.04211607052948835,1.9678755649522672,0.2617993877991417,0.0,-1.432129811184802,180,180,180,180,180,180,180
42.79929327964783,0.04211607052948835,1.9678755649522672,0.2617993877991417,0.0,-1.432129811184802,180,180,180,180,180,180,180
42.809656620025635,0.04092717030395483,1.9593347349931576,0.2617993877991417,0.0,-1.4322519619530814,180,180,180,180,180,180,180
42.81987690925598,0.04092717030395483,1.9593347349931576,0.2617993877991417,0.0,-1.4322519619530814,180,180,180,180,180,180,180
42.83012390136719,0.03970805555087976,1.9505793295871983,0.2617993877991417,0.0,-1.4319621298712277,180,180,180,180,180,180,180
42.840322732925415,0.03970805555087976,1.9505793295871983,0.2617993877991417,0.0,-1.4319621298712277,180,180,180,180,180,180,180
42.850525856018066,0.03970805555087976,1.9505793295871983,0.2617993877991417,0.0,-1.4319621298712277,180,180,180,180,180,180,180
42.860721826553345,0.03970805555087976,1.9505793295871983,0.2617993877991417,0.0,-1.4319621298712277,180,180,180,180,180,180,180
42.870908975601196,0.03851882228795649,1.9420578780436628,0.2617993877991417,0.0,-1.4318004286723536,180,180,180,180,180,180,180
42.88110852241516,0.03851882228795649,1.9420578780436628,0.2617993877991417,0.0,-1.4318004286723536,180,180,180,180,180,180,180
42.89138579368591,0.03851882228795649,1.9420578780436628,0.2617993877991417,0.0,-1.4318004286723536,180,180,180,180,180,180,180
42.90157747268677,0.03732576182763181,1.9335216863376177,0.2617993877991417,0.0,-1.4316746507803888,180,180,180,180,180,180,180
42.91176795959473,0.03732576182763181,1.9335216863376177,0.2617993877991417,0.0,-1.4316746507803888,180,180,180,180,180,180,180
42.92197775840759,0.03732576182763181,1.9335216863376177,0.2617993877991417,0.0,-1.4316746507803888,180,180,180,180,180,180,180
42.93216514587402,0.03609315896662375,1.924716438003085,0.2617993877991417,0.0,-1.4315449347409475,180,180,180,180,180,180,180
42.95053172111511,0.03609315896662375,1.924716438003085,0.2617993877991417,0.0,-1.4315449347409475,180,180,180,180,180,180,180
42.96074557304382,0.03609315896662375,1.924716438003085,0.2617993877991417,0.0,-1.4315449347409475,180,180,180,180,180,180,180
42.97093486785889,0.0348942626143527,1.9161586320044417,0.2617993877991417,0.0,-1.4314326883627693,180,180,180,180,180,180,180
42.98115110397339,0.0348942626143527,1.9161586320044417,0.2617993877991417,0.0,-1.4314326883627693,180,180,180,180,180,180,180
42.991344928741455,0.0348942626143527,1.9161586320044417,0.2617993877991417,0.0,-1.4314326883627693,180,180,180,180,180,180,180
43.00163555145264,0.03369294419719216,1.9075909365410326,0.2617993877991417,0.0,-1.4313284761051839,180,180,180,180,180,180,180
43.011813163757324,0.03369294419719216,1.9075909365410326,0.2617993877991417,0.0,-1.4313284761051839,180,180,180,180,180,180,180
43.02201747894287,0.03369294419719216,1.9075909365410326,0.2617993877991417,0.0,-1.4313284761051839,180,180,180,180,180,180,180
43.03223013877869,0.03245266994630781,1.8987556456519306,0.2617993877991417,0.0,-1.4312302422846939,180,180,180,180,180,180,180
43.04242444038391,0.03245266994630781,1.8987556456519306,0.2617993877991417,0.0,-1.4312302422846939,180,180,180,180,180,180,180
43.0540668964386,0.03245266994630781,1.8987556456519306,0.2617993877991417,0.0,-1.4312302422846939,180,180,180,180,180,180,180
43.06426286697388,0.03124777663172071,1.8901794606354105,0.2617993877991417,0.0,-1.431193415836269,180,180,180,180,180,180,180
43.0744686126709,0.03124777663172071,1.8901794606354105,0.2617993877991417,0.0,-1.431193415836269,180,180,180,180,180,180,180
43.084689140319824,0.03124777663172071,1.8901794606354105,0.2617993877991417,0.0,-1.431193415836269,180,180,180,180,180,180,180
43.10352802276611,0.030047427849319276,1.8816080729598195,0.2617993877991417,0.0,-1.4312510643198169,180,180,180,180,180,180,180
43.113784074783325,0.030047427849319276,1.8816080729598195,0.2617993877991417,0.0,-1.4312510643198169,180,180,180,180,180,180,180
43.12399435043335,0.030047427849319276,1.8816080729598195,0.2617993877991417,0.0,-1.4312510643198169,180,180,180,180,180,180,180
43.134185552597046,0.02881141568906164,1.8727984908454605,0.2617993877991417,0.0,-1.431481831588703,180,180,180,180,180,180,180
43.14439845085144,0.02881141568906164,1.8727984908454605,0.2617993877991417,0.0,-1.431481831588703,180,180,180,180,180,180,180
43.15458822250366,0.02881141568906164,1.8727984908454605,0.2617993877991417,0.0,-1.431481831588703,180,180,180,180,180,180,180
43.16477942466736,0.027614242405994537,1.8642501078445979,0.2617993877991417,0.0,-1.431691273646465,180,180,180,180,180,180,180
43.17497277259827,0.027614242405994537,1.8642501078445979,0.2617993877991417,0.0,-1.431691273646465,180,180,180,180,180,180,180
43.18531370162964,0.027614242405994537,1.8642501078445979,0.2617993877991417,0.0,-1.431691273646465,180,180,180,180,180,180,180
43.20194435119629,0.02642285850467739,1.8557117541105568,0.2617993877991417,0.0,-1.4317831503357272,180,180,180,180,180,180,180
43.21216797828674,0.02642285850467739,1.8557117541105568,0.2617993877991417,0.0,-1.4317831503357272,180,180,180,180,180,180,180
43.2223539352417,0.02642285850467739,1.8557117541105568,0.2617993877991417,0.0,-1.4317831503357272,180,180,180,180,180,180,180
43.23253273963928,0.02642285850467739,1.8557117541105568,0.2617993877991417,0.0,-1.4317831503357272,180,180,180,180,180,180,180
43.24894905090332,0.02642285850467739,1.8557117541105568,0.2617993877991417,0.0,-1.4317831503357272,180,180,180,180,180,180,180
43.25917720794678,0.025199509765381163,1.8469621414192767,0.2617993877991417,0.0,-1.4314509829261448,180,180,180,180,180,180,180
43.26938724517822,0.024005632354452328,1.8384389060127684,0.2617993877991417,0.0,-1.431297811475068,180,180,180,180,180,180,180
43.279616594314575,0.024005632354452328,1.8384389060127684,0.2617993877991417,0.0,-1.431297811475068,180,180,180,180,180,180,180
43.28983187675476,0.024005632354452328,1.8384389060127684,0.2617993877991417,0.0,-1.431297811475068,180,180,180,180,180,180,180
43.300230264663696,0.02280798743847203,1.8299026430385974,0.2617993877991417,0.0,-1.4311692341399074,180,180,180,180,180,180,180
43.3104612827301,0.02280798743847203,1.8299026430385974,0.2617993877991417,0.0,-1.4311692341399074,180,180,180,180,180,180,180
43.32067823410034,0.02280798743847203,1.8299026430385974,0.2617993877991417,0.0,-1.4311692341399074,180,180,180,180,180,180,180
43.330894947052,0.021570714782110034,1.8210965608651237,0.2617993877991417,0.0,-1.4310406767318002,180,180,180,180,180,180,180
43.34109544754028,0.021570714782110034,1.8210965608651237,0.2617993877991417,0.0,-1.4310406767318002,180,180,180,180,180,180,180
43.35261106491089,0.021570714782110034,1.8210965608651237,0.2617993877991417,0.0,-1.4310406767318002,180,180,180,180,180,180,180
43.36280155181885,0.02036732404965884,1.8125380462615708,0.2617993877991417,0.0,-1.4309297039444502,180,180,180,180,180,180,180
43.37300157546997,0.02036732404965884,1.8125380462615708,0.2617993877991417,0.0,-1.4309297039444502,180,180,180,180,180,180,180
43.38321542739868,0.02036732404965884,1.8125380462615708,0.2617993877991417,0.0,-1.4309297039444502,180,180,180,180,180,180,180
43.39341759681702,0.02036732404965884,1.8125380462615708,0.2617993877991417,0.0,-1.4309297039444502,180,180,180,180,180,180,180
43.40361738204956,0.01916147722936457,1.8039698892762508,0.2617993877991417,0.0,-1.4308252154606382,180,180,180,180,180,180,180
43.41426467895508,0.01916147722936457,1.8039698892762508,0.2617993877991417,0.0,-1.4308252154606382,180,180,180,180,180,180,180
43.42456340789795,0.01916147722936457,1.8039698892762508,0.2617993877991417,0.0,-1.4308252154606382,190,180,180,180,180,180,180
43.43481683731079,0.017916689212051203,1.7951346876542404,0.2617993877991417,0.0,-1.4307307230487765,190,180,180,180,180,180,180
43.45216250419617,0.017916689212051203,1.7951346876542404,0.2617993877991417,0.0,-1.4307307230487765,190,180,180,180,180,180,180
43.46237802505493,0.016707387115504235,1.7865595356722495,0.2617993877991417,0.0,-1.4307044710525265,190,180,180,180,180,180,180
43.47267031669617,0.016707387115504235,1.7865595356722495,0.2617993877991417,0.0,-1.4307044710525265,190,180,180,180,180,180,180
43.4830858707428,0.016707387115504235,1.7865595356722495,0.2617993877991417,0.0,-1.4307044710525265,190,180,180,180,180,180,180
43.50015449523926,0.016707387115504235,1.7865595356722495,0.2617993877991417,0.0,-1.4307044710525265,190,180,180,180,180,180,180
43.510528564453125,0.01550323835458324,1.7779901218123666,0.2617993877991417,0.0,-1.4307749177742848,190,180,180,180,180,180,180
43.5208420753479,0.01550323835458324,1.7779901218123666,0.2617993877991417,0.0,-1.4307749177742848,190,180,180,180,180,180,180
43.53114414215088,0.014263509018798467,1.7691828015017783,0.2617993877991417,0.0,-1.431018388385545,190,180,180,180,180,180,180
43.55006146430969,0.014263509018798467,1.7691828015017783,0.2617993877991417,0.0,-1.431018388385545,190,180,180,180,180,180,180
43.56036972999573,0.014263509018798467,1.7691828015017783,0.2617993877991417,0.0,-1.431018388385545,190,180,180,180,180,180,180
43.570594787597656,0.01306224426824112,1.7606356170556252,0.2617993877991417,0.0,-1.4312225621802046,190,180,180,180,180,180,180
43.580870389938354,0.01306224426824112,1.7606356170556252,0.2617993877991417,0.0,-1.4312225621802046,190,180,180,180,180,180,180
43.591095209121704,0.01306224426824112,1.7606356170556252,0.2617993877991417,0.0,-1.4312225621802046,190,180,180,180,180,180,180
43.601290702819824,0.011868052086183018,1.752100694098911,0.2617993877991417,0.0,-1.4312782747318775,190,180,180,180,180,180,180
43.611523151397705,0.011868052086183018,1.752100694098911,0.2617993877991417,0.0,-1.4312782747318775,190,180,180,180,180,180,180
43.62174367904663,0.011868052086183018,1.752100694098911,0.2617993877991417,0.0,-1.4312782747318775,190,180,180,180,180,180,180
43.63194394111633,0.010639811700749553,1.7433540365707594,0.2617993877991417,0.0,-1.4309273848100215,190,180,180,180,180,180,180
43.64219403266907,0.010639811700749553,1.7433540365707594,0.2617993877991417,0.0,-1.4309273848100215,190,180,180,180,180,180,180
43.652395725250244,0.010639811700749553,1.7433540365707594,0.2617993877991417,0.0,-1.4309273848100215,190,180,180,180,180,180,180
43.66260123252869,0.009440958700746963,1.734824289810819,0.2617993877991417,0.0,-1.430814720364567,190,180,180,180,180,180,180
43.67279410362244,0.009440958700746963,1.734824289810819,0.2617993877991417,0.0,-1.430814720364567,190,180,180,180,180,180,180
43.6829891204834,0.009440958700746963,1.734824289810819,0.2617993877991417,0.0,-1.430814720364567,190,180,180,180,180,180,180
43.69318151473999,0.009440958700746963,1.734824289810819,0.2617993877991417,0.0,-1.430814720364567,190,180,180,180,180,180,180
43.703399658203125,0.008238780073754736,1.7262874799963435,0.2617993877991417,0.0,-1.4306865992643294,190,180,180,180,180,180,180
43.713573694229126,0.008238780073754736,1.7262874799963435,0.2617993877991417,0.0,-1.4306865992643294,190,180,180,180,180,180,180
43.72377943992615,0.008238780073754736,1.7262874799963435,0.2617993877991417,0.0,-1.4306865992643294,180,180,180,170,180,180,180
43.73395752906799,0.006997068572751498,1.7174804954854779,0.2617993877991417,0.0,-1.4305597458902861,180,180,180,170,180,180,180
43.75260543823242,0.006997068572751498,1.7174804954854779,0.2617993877991417,0.0,-1.4305597458902861,180,180,180,170,180,180,180
43.76281189918518,0.0057893916658235105,1.708921281719422,0.2617993877991417,0.0,-1.430450286129718,180,180,180,170,180,180,180
43.77298283576965,0.0057893916658235105,1.708921281719422,0.2617993877991417,0.0,-1.430450286129718,180,180,180,170,180,180,180
43.78315854072571,0.0057893916658235105,1.708921281719422,0.2617993877991417,0.0,-1.430450286129718,180,180,180,170,180,180,180
43.793322801589966,0.0057893916658235105,1.708921281719422,0.2617993877991417,0.0,-1.430450286129718,180,180,180,170,180,180,180
43.803590536117554,0.004579225271540678,1.7003526585180362,0.2617993877991417,0.0,-1.430346101748175,180,180,180,170,180,180,180
43.81377816200256,0.004579225271540678,1.7003526585180362,0.2617993877991417,0.0,-1.430346101748175,180,180,180,170,180,180,180
43.82395148277283,0.004579225271540678,1.7003526585180362,0.2617993877991417,0.0,-1.430346101748175,180,180,180,150,180,180,180
43.83420491218567,0.0033301661034365864,1.6915176173618292,0.2617993877991417,0.0,-1.4302563967056403,180,180,180,150,180,180,180
43.85217595100403,0.0033301661034365864,1.6915176173618292,0.2617993877991417,0.0,-1.4302563967056403,180,180,180,150,180,180,180
43.8623743057251,0.0021167603056877335,1.6829434967324308,0.2617993877991417,0.0,-1.430241589728013,180,180,180,150,180,180,180
43.872549057006836,0.0021167603056877335,1.6829434967324308,0.2617993877991417,0.0,-1.430241589728013,180,180,180,160,180,180,180
43.88273072242737,0.0021167603056877335,1.6829434967324308,0.2617993877991417,0.0,-1.430241589728013,180,180,180,160,180,180,180
43.90083360671997,0.0021167603056877335,1.6829434967324308,0.2617993877991417,0.0,-1.430241589728013,180,180,180,160,180,180,180
43.91113877296448,0.0009086046665925088,1.6743764136433437,0.2617993877991417,0.0,-1.4303271303669778,180,180,180,160,180,180,180
43.92129635810852,0.0009086046665925088,1.6743764136433437,0.2617993877991417,0.0,-1.4303271303669778,180,180,180,150,180,180,180
43.931519985198975,-0.0003342889402205185,1.665570482167927,0.2617993877991417,0.0,-1.430577008712127,180,180,180,150,180,180,180
43.94172286987305,-0.0003342889402205185,1.665570482167927,0.2617993877991417,0.0,-1.430577008712127,180,180,180,150,180,180,180
43.95191764831543,-0.0003342889402205185,1.665570482167927,0.2617993877991417,0.0,-1.430577008712127,180,180,180,150,180,180,180
43.962130308151245,-0.0015394363681800979,1.6570247643872862,0.2617993877991417,0.0,-1.4307768606525737,180,180,180,150,180,180,180
43.97233510017395,-0.0015394363681800979,1.6570247643872862,0.2617993877991417,0.0,-1.4307768606525737,190,180,180,150,180,180,180
43.98300576210022,-0.0015394363681800979,1.6570247643872862,0.2617993877991417,0.0,-1.4307768606525737,190,180,180,150,180,180,180
44.000250816345215,-0.0015394363681800979,1.6570247643872862,0.2617993877991417,0.0,-1.4307768606525737,190,180,180,150,180,180,180
44.0106406211853,-0.0027364755014157105,1.6484944127729704,0.2617993877991417,0.0,-1.430790521949044,190,180,180,150,180,180,180
44.02086567878723,-0.0027364755014157105,1.6484944127729704,0.2617993877991417,0.0,-1.430790521949044,190,180,180,150,180,180,180
44.03107929229736,-0.0039692673310427595,1.639748598108972,0.2617993877991417,0.0,-1.430433226808493,190,180,180,150,180,180,180
44.04127025604248,-0.0039692673310427595,1.639748598108972,0.2617993877991417,0.0,-1.430433226808493,190,180,180,150,180,180,180
44.054176330566406,-0.0039692673310427595,1.639748598108972,0.2617993877991417,0.0,-1.430433226808493,190,180,180,150,180,180,180
44.06438589096069,-0.005172787039689234,1.6312165617970447,0.2617993877991417,0.0,-1.430331936844497,190,180,180,150,180,180,180
44.07455587387085,-0.005172787039689234,1.6312165617970447,0.2617993877991417,0.0,-1.430331936844497,180,180,180,180,180,180,180
44.085145235061646,-0.005172787039689234,1.6312165617970447,0.2617993877991417,0.0,-1.430331936844497,180,180,180,180,180,180,180
44.101459980010986,-0.00637932497332192,1.622679124563536,0.2617993877991417,0.0,-1.4302034161702784,180,180,180,180,180,180,180
44.111653089523315,-0.00637932497332192,1.622679124563536,0.2617993877991417,0.0,-1.4302034161702784,180,180,180,180,180,180,180
44.12189245223999,-0.00637932497332192,1.622679124563536,0.2617993877991417,0.0,-1.4302034161702784,180,180,180,180,180,180,180
44.132182359695435,-0.007625450487879566,1.613871273810212,0.2617993877991417,0.0,-1.43007801531839,180,180,180,180,180,180,180
44.14267110824585,-0.007625450487879566,1.613871273810212,0.2617993877991417,0.0,-1.43007801531839,180,180,180,180,180,180,180
44.15362811088562,-0.007625450487879566,1.613871273810212,0.2617993877991417,0.0,-1.43007801531839,180,180,180,180,180,180,180
44.16381812095642,-0.008837418097865021,1.6053113931384626,0.2617993877991417,0.0,-1.4299696314456356,180,180,180,180,180,180,180
44.17400884628296,-0.008837418097865021,1.6053113931384626,0.2617993877991417,0.0,-1.4299696314456356,180,180,180,180,180,180,180
44.184592962265015,-0.008837418097865021,1.6053113931384626,0.2617993877991417,0.0,-1.4299696314456356,180,180,180,180,180,180,180
44.20090293884277,-0.008837418097865021,1.6053113931384626,0.2617993877991417,0.0,-1.4299696314456356,180,180,180,180,180,180,180
44.21124219894409,-0.010051923378439877,1.5967423302974153,0.2617993877991417,0.0,-1.4298654785458613,180,180,180,180,180,180,180
44.221474409103394,-0.010051923378439877,1.5967423302974153,0.2617993877991417,0.0,-1.4298654785458613,190,180,180,180,180,180,180
44.231689453125,-0.011305247179344828,1.587907586399175,0.2617993877991417,0.0,-1.4297810778352358,190,180,180,180,180,180,180
44.250529766082764,-0.011305247179344828,1.587907586399175,0.2617993877991417,0.0,-1.4297810778352358,190,180,180,180,180,180,180
44.26076030731201,-0.011305247179344828,1.587907586399175,0.2617993877991417,0.0,-1.4297810778352358,190,180,180,180,180,180,180
44.27094554901123,-0.012522477535457401,1.5793345187834764,0.2617993877991417,0.0,-1.4297775889690347,190,180,180,180,180,180,180
44.281152963638306,-0.012522477535457401,1.5793345187834764,0.2617993877991417,0.0,-1.4297775889690347,190,180,180,180,180,180,180
44.29883360862732,-0.013734777012699418,1.5707702745323173,0.2617993877991417,0.0,-1.4298812500908544,190,180,180,180,180,180,180
44.30901765823364,-0.013734777012699418,1.5707702745323173,0.2617993877991417,0.0,-1.4298812500908544,190,180,180,180,180,180,180
44.31919741630554,-0.013734777012699418,1.5707702745323173,0.2617993877991417,0.0,-1.4298812500908544,190,180,180,180,180,180,180
44.32939314842224,-0.014980918468258376,1.5619651130976917,0.2617993877991417,0.0,-1.430131867039284,190,180,180,180,180,180,180
44.33956551551819,-0.014980918468258376,1.5619651130976917,0.2617993877991417,0.0,-1.430131867039284,190,180,180,180,180,180,180
44.35052013397217,-0.014980918468258376,1.5619651130976917,0.2617993877991417,0.0,-1.430131867039284,190,180,180,180,180,180,180
44.360796213150024,-0.014980918468258376,1.5619651130976917,0.2617993877991417,0.0,-1.430131867039284,190,180,180,180,180,180,180
44.37096405029297,-0.016189990748873086,1.5534211404974734,0.2617993877991417,0.0,-1.4303266490919289,190,180,180,180,180,180,180
44.38114643096924,-0.016189990748873086,1.5534211404974734,0.2617993877991417,0.0,-1.4303266490919289,190,180,180,180,180,180,180
44.39958095550537,-0.016189990748873086,1.5534211404974734,0.2617993877991417,0.0,-1.4303266490919289,190,180,180,180,180,180,180
44.40999746322632,-0.017390135235564774,1.544896472586672,0.2617993877991417,0.0,-1.4302913407032853,190,180,180,180,180,180,180
44.420183181762695,-0.017390135235564774,1.544896472586672,0.2617993877991417,0.0,-1.4302913407032853,190,180,180,180,180,180,180
44.43037271499634,-0.018627554887183297,1.5361492902463345,0.2617993877991417,0.0,-1.4299435797139053,190,180,180,180,180,180,180
44.440613985061646,-0.018627554887183297,1.5361492902463345,0.2617993877991417,0.0,-1.4299435797139053,190,180,180,180,180,180,180
44.450817584991455,-0.018627554887183297,1.5361492902463345,0.2617993877991417,0.0,-1.4299435797139053,190,180,180,180,180,180,180
44.4610538482666,-0.018627554887183297,1.5361492902463345,0.2617993877991417,0.0,-1.4299435797139053,190,180,180,180,180,180,180
44.47129535675049,-0.01983567565154914,1.5276153573637905,0.2617993877991417,0.0,-1.4298512144191824,190,180,180,180,180,180,180
44.481557846069336,-0.01983567565154914,1.5276153573637905,0.2617993877991417,0.0,-1.4298512144191824,180,180,180,180,180,180,180
44.503087520599365,-0.02104651860397136,1.5190772402180022,0.2617993877991417,0.0,-1.4297225914282357,180,180,180,180,180,180,180
44.51331615447998,-0.02104651860397136,1.5190772402180022,0.2617993877991417,0.0,-1.4297225914282357,180,180,180,180,180,180,180
44.52353549003601,-0.02104651860397136,1.5190772402180022,0.2617993877991417,0.0,-1.4297225914282357,180,180,180,180,180,180,180
44.533732652664185,-0.022297010637098838,1.5102686255939393,0.2617993877991417,0.0,-1.4295988124144932,180,180,180,180,180,180,180
44.54827618598938,-0.022297010637098838,1.5102686255939393,0.2617993877991417,0.0,-1.4295988124144932,180,180,180,180,180,180,180
44.558473110198975,-0.022297010637098838,1.5102686255939393,0.2617993877991417,0.0,-1.4295988124144932,180,180,180,180,180,180,180
44.56878089904785,-0.023513243220339826,1.5017081155986451,0.2617993877991417,0.0,-1.4294917601280122,180,180,180,180,180,180,180
44.57897353172302,-0.023513243220339826,1.5017081155986451,0.2617993877991417,0.0,-1.4294917601280122,180,180,180,180,180,180,180
44.58915591239929,-0.023513243220339826,1.5017081155986451,0.2617993877991417,0.0,-1.4294917601280122,180,180,180,180,180,180,180
44.60046982765198,-0.02473205200975545,1.4931386424058466,0.2617993877991417,0.0,-1.4293881562439563,180,180,180,180,180,180,180
44.61068558692932,-0.02473205200975545,1.4931386424058466,0.2617993877991417,0.0,-1.4293881562439563,180,180,180,180,180,180,180
44.62088418006897,-0.02473205200975545,1.4931386424058466,0.2617993877991417,0.0,-1.4293881562439563,180,180,180,180,180,180,180
44.631258487701416,-0.025989589986365892,1.484304305166682,0.2617993877991417,0.0,-1.4293102063914154,180,180,180,180,180,180,180
44.641517877578735,-0.025989589986365892,1.484304305166682,0.2617993877991417,0.0,-1.4293102063914154,180,180,180,180,180,180,180
44.65172982215881,-0.025989589986365892,1.484304305166682,0.2617993877991417,0.0,-1.4293102063914154,180,180,180,180,180,180,180
44.661932945251465,-0.0272102973848787,1.47573227718761,0.2617993877991417,0.0,-1.4293183736400918,180,180,180,180,180,180,180
44.672406911849976,-0.0272102973848787,1.47573227718761,0.2617993877991417,0.0,-1.4293183736400918,180,180,180,180,180,180,180
44.6825966835022,-0.0272102973848787,1.47573227718761,0.2617993877991417,0.0,-1.4293183736400918,180,180,180,180,180,180,180
44.701251745224,-0.0272102973848787,1.47573227718761,0.2617993877991417,0.0,-1.4293183736400918,180,180,180,180,180,180,180
44.71158170700073,-0.02842661361255476,1.467171273777123,0.2617993877991417,0.0,-1.4294437054072537,180,180,180,180,180,180,180
44.72178792953491,-0.02842661361255476,1.467171273777123,0.2617993877991417,0.0,-1.4294437054072537,180,180,180,180,180,180,180
44.73199009895325,-0.029676357362101974,1.4583665743355951,0.2617993877991417,0.0,-1.4296915614186734,190,180,180,180,180,180,180
44.74217748641968,-0.029676357362101974,1.4583665743355951,0.2617993877991417,0.0,-1.4296915614186734,190,180,180,180,180,180,180
44.753968954086304,-0.029676357362101974,1.4583665743355951,0.2617993877991417,0.0,-1.4296915614186734,190,180,180,180,180,180,180
44.764161348342896,-0.030889083480234204,1.4498243383383829,0.2617993877991417,0.0,-1.4298778927802762,190,180,180,180,180,180,180
44.77437686920166,-0.030889083480234204,1.4498243383383829,0.2617993877991417,0.0,-1.4298778927802762,190,180,180,180,180,180,180
44.78456997871399,-0.030889083480234204,1.4498243383383829,0.2617993877991417,0.0,-1.4298778927802762,180,180,180,180,180,180,180
44.80337166786194,-0.03209252502841575,1.4413062821310356,0.2617993877991417,0.0,-1.429787043398865,180,180,180,180,180,180,180
44.813586711883545,-0.03209252502841575,1.4413062821310356,0.2617993877991417,0.0,-1.429787043398865,180,180,180,180,180,180,180
44.82379412651062,-0.03209252502841575,1.4413062821310356,0.2617993877991417,0.0,-1.429787043398865,180,180,180,180,180,180,180
44.83457064628601,-0.03333482910190542,1.432554970911941,0.2617993877991417,0.0,-1.429467537783648,180,180,180,180,180,180,180
44.85082936286926,-0.03333482910190542,1.432554970911941,0.2617993877991417,0.0,-1.429467537783648,180,180,180,180,180,180,180
44.86107397079468,-0.03333482910190542,1.432554970911941,0.2617993877991417,0.0,-1.429467537783648,180,180,180,180,180,180,180
44.87141013145447,-0.034547200220478656,1.424021287502796,0.2617993877991417,0.0,-1.4293685429002916,180,180,180,180,180,180,180
44.88165020942688,-0.034547200220478656,1.424021287502796,0.2617993877991417,0.0,-1.4293685429002916,180,180,180,180,180,180,180
44.900320053100586,-0.034547200220478656,1.424021287502796,0.2617993877991417,0.0,-1.4293685429002916,180,180,180,180,180,180,180
44.9107232093811,-0.035762364895310636,1.4154825104951976,0.2617993877991417,0.0,-1.4292394185142667,180,180,180,180,180,180,180
44.92098307609558,-0.035762364895310636,1.4154825104951976,0.2617993877991417,0.0,-1.4292394185142667,180,180,180,180,180,180,180
44.931180000305176,-0.037017263264322156,1.4066731454436963,0.2617993877991417,0.0,-1.4291168399799163,180,180,180,180,180,180,180
44.950143814086914,-0.037017263264322156,1.4066731454436963,0.2617993877991417,0.0,-1.4291168399799163,180,180,180,180,180,180,180
44.96041226387024,-0.037017263264322156,1.4066731454436963,0.2617993877991417,0.0,-1.4291168399799163,180,180,180,180,180,180,180
44.97062063217163,-0.03823778419211449,1.3981120549806263,0.2617993877991417,0.0,-1.429010627412673,180,180,180,180,180,180,180
44.98098087310791,-0.03823778419211449,1.3981120549806263,0.2617993877991417,0.0,-1.429010627412673,180,180,180,180,180,180,180
44.99127531051636,-0.03823778419211449,1.3981120549806263,0.2617993877991417,0.0,-1.429010627412673,180,180,180,180,180,180,180
45.001638889312744,-0.03823778419211449,1.3981120549806263,0.2617993877991417,0.0,-1.429010627412673,180,180,180,180,180,180,180
45.01192116737366,-0.039460923994650975,1.389542223415192,0.2617993877991417,0.0,-1.4289073780646206,180,180,180,180,180,180,180
45.02215337753296,-0.039460923994650975,1.389542223415192,0.2617993877991417,0.0,-1.4289073780646206,180,180,180,180,180,180,180
45.03236150741577,-0.040722685541175696,1.3807084556896363,0.2617993877991417,0.0,-1.4288365572707016,180,180,180,180,180,180,180
45.04260587692261,-0.040722685541175696,1.3807084556896363,0.2617993877991417,0.0,-1.4288365572707016,180,180,180,180,180,180,180
45.05498456954956,-0.040722685541175696,1.3807084556896363,0.2617993877991417,0.0,-1.4288365572707016,180,180,180,180,180,180,180
45.065234422683716,-0.041946602380240026,1.3721375378636245,0.2617993877991417,0.0,-1.4288561194638842,180,180,180,180,180,180,180
45.075464963912964,-0.041946602380240026,1.3721375378636245,0.2617993877991417,0.0,-1.4288561194638842,180,180,180,180,180,180,180
45.085654497146606,-0.041946602380240026,1.3721375378636245,0.2617993877991417,0.0,-1.4288561194638842,180,180,180,180,180,180,180
45.10479760169983,-0.04316686033446886,1.3635801561062537,0.2617993877991417,0.0,-1.4290052939392048,180,180,180,180,180,180,180
45.115055084228516,-0.04316686033446886,1.3635801561062537,0.2617993877991417,0.05235987755982833,-1.4290052939392048,180,180,180,180,180,180,180
45.12530994415283,-0.04316686033446886,1.3635801561062537,0.2617993877991417,0.05235987755982833,-1.4290052939392048,180,180,180,180,180,180,180
45.13555979728699,-0.044420658474584804,1.3547758689470948,0.2617993877991417,0.05235987755982833,-1.4292479522368944,180,180,180,180,180,180,180
45.15003204345703,-0.044420658474584804,1.3547758689470948,0.2617993877991417,0.05235987755982833,-1.4292479522368944,180,180,180,180,180,180,180
45.16028308868408,-0.044420658474584804,1.3547758689470948,0.2617993877991417,0.06981317007977111,-1.4292479522368944,180,180,180,180,180,180,180
45.170485496520996,-0.04562934995376144,1.3462491734822735,0.2617993877991417,0.06981317007977111,-1.4309522434284725,180,180,180,180,180,180,180
45.18096137046814,-0.04562934995376144,1.3462491734822735,0.2617993877991417,0.06981317007977111,-1.4309522434284725,180,180,180,180,180,180,180
45.1912796497345,-0.04562934995376144,1.3462491734822735,0.2617993877991417,0.06981317007977111,-1.4309522434284725,180,180,180,180,180,180,180
45.2015278339386,-0.046810465244170534,1.3377615827328873,0.2617993877991417,0.06981317007977111,-1.4330103161219425,180,180,180,180,180,180,180
45.2117383480072,-0.046810465244170534,1.3377615827328873,0.2617993877991417,0.08726646259971389,-1.4330103161219425,180,180,180,180,180,180,180
45.221972942352295,-0.046810465244170534,1.3377615827328873,0.2617993877991417,0.08726646259971389,-1.4330103161219425,180,180,180,180,180,180,180
45.232205390930176,-0.048011651848443124,1.3290222543209766,0.2617993877991417,0.08726646259971389,-1.4350413510239355,180,180,180,180,180,180,180
45.251243114471436,-0.048011651848443124,1.3290222543209766,0.2617993877991417,0.08726646259971389,-1.4350413510239355,180,180,180,180,180,180,180
45.26145386695862,-0.049161971808763506,1.3205022885977908,0.2617993877991417,0.08726646259971389,-1.4377588457251809,180,180,180,180,180,180,180
45.27165365219116,-0.049161971808763506,1.3205022885977908,0.2617993877991417,0.08726646259971389,-1.4377588457251809,180,180,180,180,180,180,180
45.2819459438324,-0.049161971808763506,1.3205022885977908,0.2617993877991417,0.08726646259971389,-1.4377588457251809,180,180,180,180,180,180,180
45.30029010772705,-0.049161971808763506,1.3205022885977908,0.2617993877991417,0.08726646259971389,-1.4377588457251809,180,180,180,180,180,180,180
45.31069254875183,-0.05029143175338659,1.311971025429113,0.2617993877991417,0.08726646259971389,-1.4404711270664492,180,180,180,180,180,180,180
45.32090520858765,-0.05029143175338659,1.311971025429113,0.2617993877991417,0.08726646259971389,-1.4404711270664492,180,180,180,180,180,180,180
45.33110690116882,-0.05143259574868737,1.3031660994839576,0.2617993877991417,0.08726646259971389,-1.443280960181191,180,180,180,180,180,180,180
45.34888768196106,-0.05143259574868737,1.3031660994839576,0.2617993877991417,0.08726646259971389,-1.443280960181191,180,180,180,180,180,180,180
45.359174728393555,-0.05143259574868737,1.3031660994839576,0.2617993877991417,0.08726646259971389,-1.443280960181191,180,180,180,180,180,180,180
45.36938190460205,-0.052518589466089144,1.2946063321635484,0.2617993877991417,0.08726646259971389,-1.4460276225001174,180,180,180,180,180,180,180
45.37963151931763,-0.052518589466089144,1.2946063321635484,0.2617993877991417,0.08726646259971389,-1.4460276225001174,180,190,180,180,180,180,180
45.389870405197144,-0.052518589466089144,1.2946063321635484,0.2617993877991417,0.08726646259971389,-1.4460276225001174,180,190,180,180,180,180,180
45.40274715423584,-0.053583967859085806,1.2860321306518867,0.2617993877991417,0.08726646259971389,-1.448775776519541,180,190,180,180,180,180,180
45.412925481796265,-0.053583967859085806,1.2860321306518867,0.2617993877991417,0.08726646259971389,-1.448775776519541,180,190,180,180,180,180,180
45.423084020614624,-0.053583967859085806,1.2860321306518867,0.2617993877991417,0.08726646259971389,-1.448775776519541,180,190,180,180,180,180,180
45.433290243148804,-0.05465923137560514,1.2771841287816121,0.2617993877991417,0.10471975511965666,-1.4516277715262647,180,190,180,180,180,180,180
45.44351816177368,-0.05465923137560514,1.2771841287816121,0.2617993877991417,0.10471975511965666,-1.4516277715262647,180,190,180,180,180,180,180
45.45374298095703,-0.05465923137560514,1.2771841287816121,0.2617993877991417,0.10471975511965666,-1.4516277715262647,180,190,180,180,180,180,180
45.463945388793945,-0.055672915053230444,1.2685921182155184,0.2617993877991417,0.10471975511965666,-1.45446661015385,180,190,180,180,180,180,180
45.47416400909424,-0.055672915053230444,1.2685921182155184,0.2617993877991417,0.10471975511965666,-1.45446661015385,180,190,180,180,180,180,180
45.48438787460327,-0.055672915053230444,1.2685921182155184,0.2617993877991417,0.10471975511965666,-1.45446661015385,180,190,180,180,180,180,180
45.50342798233032,-0.05666684289802457,1.2599845255362572,0.2617993877991417,0.10471975511965666,-1.4578142677451649,180,190,180,180,180,180,180
45.513673067092896,-0.05666684289802457,1.2599845255362572,0.2617993877991417,0.10471975511965666,-1.4578142677451649,180,190,180,180,180,180,180
45.52386236190796,-0.05666684289802457,1.2599845255362572,0.2617993877991417,0.10471975511965666,-1.4578142677451649,180,190,180,180,180,180,180
45.53406620025635,-0.05765537284319355,1.2511535177713948,0.2617993877991417,0.10471975511965666,-1.4615753677874226,180,180,180,180,180,180,180
45.54999113082886,-0.05765537284319355,1.2511535177713948,0.2617993877991417,0.12217304763959944,-1.4615753677874226,180,180,180,180,180,180,180
45.56019926071167,-0.05765537284319355,1.2511535177713948,0.2617993877991417,0.12217304763959944,-1.4615753677874226,180,180,180,180,180,180,180
45.57039999961853,-0.058570693096861554,1.242609054349301,0.2617993877991417,0.12217304763959944,-1.4651823523638239,180,180,180,180,180,180,180
45.5805766582489,-0.058570693096861554,1.242609054349301,0.2617993877991417,0.13962634015954223,-1.4651823523638239,180,180,180,180,180,180,180
45.59077191352844,-0.058570693096861554,1.242609054349301,0.2617993877991417,0.13962634015954223,-1.4651823523638239,180,180,180,180,180,180,180
45.60100841522217,-0.05945433401909697,1.23411797018869,0.2617993877991417,0.13962634015954223,-1.4688842591341846,180,180,180,180,180,180,180
45.61118483543396,-0.05945433401909697,1.23411797018869,0.2617993877991417,0.157079632679485,-1.4688842591341846,180,180,180,180,180,180,180
45.621363401412964,-0.05945433401909697,1.23411797018869,0.2617993877991417,0.157079632679485,-1.4688842591341846,180,180,180,180,180,180,180
45.63159799575806,-0.060330637955951096,1.2253346298424377,0.2617993877991417,0.157079632679485,-1.4734809718991353,180,180,180,180,180,180,180
45.6499445438385,-0.060330637955951096,1.2253346298424377,0.2617993877991417,0.17453292519942779,-1.4734809718991353,180,180,180,180,180,180,180
45.660157203674316,-0.060330637955951096,1.2253346298424377,0.2617993877991417,0.17453292519942779,-1.4734809718991353,180,180,180,180,180,180,180
45.67034292221069,-0.06114184528609115,1.2167989672873976,0.2617993877991417,0.19198621771937055,-1.4785234418259605,180,180,180,180,180,180,180
45.680564880371094,-0.06114184528609115,1.2167989672873976,0.2617993877991417,0.19198621771937055,-1.4785234418259605,180,180,180,180,180,180,180
45.6956102848053,-0.06114184528609115,1.2167989672873976,0.2617993877991417,0.20943951023931331,-1.4785234418259605,180,180,180,180,180,180,180
45.70580577850342,-0.061908334273580536,1.2082524595477637,0.2617993877991417,0.2268928027592561,-1.4841487120351882,180,180,180,180,180,180,180
45.716004848480225,-0.061908334273580536,1.2082524595477637,0.2617993877991417,0.2268928027592561,-1.4841487120351882,180,180,180,180,180,180,180
45.726176023483276,-0.061908334273580536,1.2082524595477637,0.2617993877991417,0.2268928027592561,-1.4841487120351882,180,180,180,180,180,180,180
45.73655962944031,-0.06264330287554215,1.1994398244114908,0.2617993877991417,0.24434609527919887,-1.491106779372032,180,180,180,180,180,180,180
45.753159046173096,-0.06264330287554215,1.1994398244114908,0.2617993877991417,0.24434609527919887,-1.491106779372032,180,180,180,180,180,180,180
45.76333975791931,-0.06329601150443613,1.190874299075777,0.2617993877991417,0.24434609527919887,-1.498482679211642,180,180,180,180,180,180,180
45.773531913757324,-0.06329601150443613,1.190874299075777,0.2617993877991417,0.24434609527919887,-1.498482679211642,180,180,180,180,180,180,180
45.783910512924194,-0.06329601150443613,1.190874299075777,0.2617993877991417,0.24434609527919887,-1.498482679211642,180,180,180,180,180,180,180
45.7940731048584,-0.06329601150443613,1.190874299075777,0.2617993877991417,0.24434609527919887,-1.498482679211642,180,180,180,180,180,180,180
45.80447769165039,-0.06388393648589719,1.1822979146932209,0.2617993877991417,0.24434609527919887,-1.506444245966225,180,180,180,180,180,180,180
45.81470847129822,-0.06388393648589719,1.1822979146932209,0.2617993877991417,0.24434609527919887,-1.506444245966225,180,180,180,180,180,180,180
45.82490396499634,-0.06388393648589719,1.1822979146932209,0.2617993877991417,0.24434609527919887,-1.506444245966225,180,180,180,180,180,180,180
45.83509421348572,-0.06441902608091642,1.1734472451875964,0.2617993877991417,0.24434609527919887,-1.5146837652257255,180,180,180,180,180,180,180
45.85058355331421,-0.06441902608091642,1.1734472451875964,0.2617993877991417,0.24434609527919887,-1.5146837652257255,180,180,180,180,180,180,180
45.86083006858826,-0.06441902608091642,1.1734472451875964,0.2617993877991417,0.2268928027592561,-1.5146837652257255,180,180,180,180,180,180,180
45.871148347854614,-0.06486936526939052,1.1648484597304927,0.2617993877991417,0.2268928027592561,-1.5226956923954311,180,180,180,180,180,180,180
45.881338596343994,-0.06486936526939052,1.1648484597304927,0.2617993877991417,0.2268928027592561,-1.5226956923954311,180,180,180,180,180,180,180
45.891560316085815,-0.06486936526939052,1.1648484597304927,0.2617993877991417,0.20943951023931331,-1.5226956923954311,180,180,180,180,180,180,180
45.90551710128784,-0.06525989115074227,1.1562387776075582,0.2617993877991417,0.20943951023931331,-1.5300911514165267,180,180,180,180,180,180,180
45.9157350063324,-0.06525989115074227,1.1562387776075582,0.2617993877991417,0.20943951023931331,-1.5300911514165267,180,180,180,180,180,180,180
45.92593693733215,-0.06525989115074227,1.1562387776075582,0.2617993877991417,0.19198621771937055,-1.5300911514165267,180,180,180,180,180,180,180
45.93614101409912,-0.06560420931884793,1.1473630537883421,0.2617993877991417,0.19198621771937055,-1.5372229217501223,180,180,180,180,180,180,180
45.948100566864014,-0.06560420931884793,1.1473630537883421,0.2617993877991417,0.19198621771937055,-1.5372229217501223,180,180,180,180,180,180,180
45.958319425582886,-0.06560420931884793,1.1473630537883421,0.2617993877991417,0.19198621771937055,-1.5372229217501223,180,180,180,180,180,180,180
45.968501806259155,-0.06585576175900616,1.1388290875215,0.2617993877991417,0.19198621771937055,-1.5435583935950012,180,180,180,180,180,180,180
45.9787175655365,-0.06585576175900616,1.1388290875215,0.2617993877991417,0.17453292519942779,-1.5435583935950012,180,180,180,180,180,180,180
45.988930463790894,-0.06585576175900616,1.1388290875215,0.2617993877991417,0.17453292519942779,-1.5435583935950012,180,180,180,180,180,180,180
46.00171685218811,-0.06585576175900616,1.1388290875215,0.2617993877991417,0.17453292519942779,-1.5435583935950012,180,180,180,180,180,180,180
46.011951208114624,-0.06606156377942417,1.1302814023336627,0.2617993877991417,0.17453292519942779,-1.5498746599534652,180,180,180,180,180,180,180
46.022165298461914,-0.06606156377942417,1.1302814023336627,0.2617993877991417,0.17453292519942779,-1.5498746599534652,180,180,180,180,180,180,180
46.0323703289032,-0.06621946994231488,1.1214665845990768,0.2617993877991417,0.17453292519942779,-1.5558391377611374,180,180,180,180,180,180,180
46.051419496536255,-0.06621946994231488,1.1214665845990768,0.2617993877991417,0.17453292519942779,-1.5558391377611374,180,180,180,180,180,180,180
46.06164860725403,-0.06632247084077955,1.1128989924964345,0.2617993877991417,0.157079632679485,-1.561613430278578,180,180,180,180,180,180,180
46.071847438812256,-0.06632247084077955,1.1128989924964345,0.2617993877991417,0.157079632679485,-1.561613430278578,180,180,180,180,180,180,180
46.08206510543823,-0.06632247084077955,1.1128989924964345,0.2617993877991417,0.157079632679485,-1.561613430278578,180,180,180,180,180,180,180
46.092312812805176,-0.06632247084077955,1.1128989924964345,0.2617993877991417,0.13962634015954223,-1.561613430278578,180,180,180,180,180,180,180
46.10251760482788,-0.06637829362332115,1.1043141515089094,0.2617993877991417,0.13962634015954223,-1.5668372947404354,180,180,180,180,180,180,180
46.112708568573,-0.06637829362332115,1.1043141515089094,0.2617993877991417,0.13962634015954223,-1.5668372947404354,180,180,180,180,180,180,180
46.12293314933777,-0.06637829362332115,1.1043141515089094,0.2617993877991417,0.12217304763959944,-1.5668372947404354,180,180,180,180,180,180,180
46.133211851119995,-0.06639164924614228,1.0954505677881716,0.2617993877991417,0.12217304763959944,-1.571626712568026,180,180,180,180,180,180,180
46.14344143867493,-0.06639164924614228,1.0954505677881716,0.2617993877991417,0.12217304763959944,-1.571626712568026,180,180,180,180,180,180,180
46.154245138168335,-0.06639164924614228,1.0954505677881716,0.2617993877991417,0.12217304763959944,-1.571626712568026,180,180,180,180,180,180,180
46.16449809074402,-0.0663667090381109,1.0868302497036202,0.2617993877991417,0.06981317007977111,-1.5756976556640927,180,180,180,180,180,180,180
46.174721002578735,-0.0663667090381109,1.0868302497036202,0.2617993877991417,0.06981317007977111,-1.5756976556640927,180,180,180,180,180,180,180
46.184937953948975,-0.0663667090381109,1.0868302497036202,0.2617993877991417,0.05235987755982833,-1.5756976556640927,180,180,180,180,180,180,180
46.199206829071045,-0.06630963019376739,1.0781938980178143,0.2617993877991417,0.0,-1.5791826587485938,180,180,180,180,180,180,180
46.20942497253418,-0.06630963019376739,1.0781938980178143,0.2617993877991417,0.0,-1.5791826587485938,180,180,180,180,180,180,180
46.219597578048706,-0.06630963019376739,1.0781938980178143,0.2617993877991417,0.0,-1.5791826587485938,180,180,180,180,180,180,180
46.2298367023468,-0.06622831325787533,1.0692713360478519,0.2617993877991417,0.0,-1.5810978499279178,180,180,180,180,180,180,180
46.240042209625244,-0.06622831325787533,1.0692713360478519,0.2617993877991417,0.0,-1.5810978499279178,180,180,180,180,180,180,180
46.25105309486389,-0.06622831325787533,1.0692713360478519,0.2617993877991417,0.0,-1.5810978499279178,180,180,180,180,180,180,180
46.26129174232483,-0.06614039312352366,1.0605963456107972,0.2617993877991417,0.0,-1.5812389686696486,180,180,180,180,180,180,180
46.2717068195343,-0.06614039312352366,1.0605963456107972,0.2617993877991417,0.0,-1.5812389686696486,180,180,180,180,180,180,180
46.28248167037964,-0.06614039312352366,1.0605963456107972,0.2617993877991417,0.0,-1.5812389686696486,180,180,180,180,180,180,180
46.29982805252075,-0.06604946144883783,1.0519400798905747,0.2617993877991417,0.0,-1.581104660670736,180,180,180,180,180,180,180
46.31006455421448,-0.06604946144883783,1.0519400798905747,0.2617993877991417,0.0,-1.581104660670736,180,180,180,180,180,180,180
46.32027459144592,-0.06604946144883783,1.0519400798905747,0.2617993877991417,0.0,-1.581104660670736,180,180,180,180,180,180,180
46.33047318458557,-0.06595953708218406,1.0430474703379808,0.2617993877991417,0.0,-1.5809242991653476,180,180,180,180,130,180,180
46.34075045585632,-0.06595953708218406,1.0430474703379808,0.2617993877991417,0.0,-1.5809242991653476,180,180,180,180,130,180,180
46.35096216201782,-0.06595953708218406,1.0430474703379808,0.2617993877991417,0.0,-1.5809242991653476,180,180,180,180,130,180,180
46.36116170883179,-0.06595953708218406,1.0430474703379808,0.2617993877991417,0.0,-1.5809242991653476,180,180,180,180,130,180,180
46.371521949768066,-0.06586646860682416,1.0344508939605173,0.2617993877991417,0.0,-1.5810064982960261,180,180,180,180,130,180,180
46.381913900375366,-0.06586646860682416,1.0344508939605173,0.2617993877991417,0.0,-1.5810064982960261,180,180,180,120,130,130,180
46.40142464637756,-0.06586646860682416,1.0344508939605173,0.2617993877991417,0.0,-1.5810064982960261,180,180,180,120,130,130,180
46.41185259819031,-0.06577635361260994,1.0258570781578602,0.2617993877991417,0.0,-1.5811220267851491,180,180,180,120,130,130,180
46.422043561935425,-0.06577635361260994,1.0258570781578602,0.2617993877991417,0.0,-1.5811220267851491,180,180,120,120,130,130,140
46.43223524093628,-0.06568324061013307,1.0169862930769524,0.2617993877991417,0.0,-1.5812130129760742,180,180,120,120,130,130,140
46.450302839279175,-0.06568324061013307,1.0169862930769524,0.2617993877991417,0.0,-1.5812130129760742,180,180,120,120,130,130,140
46.46048092842102,-0.06568324061013307,1.0169862930769524,0.2617993877991417,0.0,-1.5812130129760742,180,180,120,120,130,130,140
46.470688343048096,-0.0655922337679302,1.0083682621311272,0.2617993877991417,0.0,-1.5813022488105386,180,180,120,120,130,130,140
46.4809365272522,-0.0655922337679302,1.0083682621311272,0.2617993877991417,0.0,-1.5813022488105386,180,180,120,120,130,180,140
46.50012016296387,-0.0655922337679302,1.0083682621311272,0.2617993877991417,0.0,-1.5813022488105386,180,180,120,120,130,180,140
46.510472774505615,-0.06550023483421774,0.9997390183177406,0.2617993877991417,0.0,-1.581377703868608,180,180,120,120,130,180,140
46.520689964294434,-0.06550023483421774,0.9997390183177406,0.2617993877991417,0.0,-1.581377703868608,130,140,120,120,130,130,140
46.530917167663574,-0.06540493924457623,0.9908366590937319,0.2617993877991417,0.0,-1.5814432287367217,130,140,120,120,130,130,140
46.54116129875183,-0.06540493924457623,0.9908366590937319,0.2617993877991417,0.0,-1.5814432287367217,130,140,120,120,130,130,140
46.55522060394287,-0.06540493924457623,0.9908366590937319,0.2617993877991417,0.0,-1.5814432287367217,130,140,120,120,130,130,140
46.565417528152466,-0.0653119984119118,0.9821856545921248,0.2617993877991417,0.0,-1.5815057239633692,130,140,120,120,130,130,140
46.57562279701233,-0.0653119984119118,0.9821856545921248,0.2617993877991417,0.0,-1.5815057239633692,130,140,120,120,130,130,140
46.58588910102844,-0.0653119984119118,0.9821856545921248,0.2617993877991417,0.0,-1.5815057239633692,130,140,180,120,180,130,140
46.59981608390808,-0.0653119984119118,0.9821856545921248,0.2617993877991417,0.0,-1.5815057239633692,130,140,180,120,180,130,140
46.61001777648926,-0.06521870385154395,0.973524531141913,0.2617993877991417,0.0,-1.5815632644202349,130,140,180,120,180,130,140
46.62022113800049,-0.06521870385154395,0.973524531141913,0.2617993877991417,0.0,-1.5815632644202349,130,140,180,120,180,130,140
46.630422830581665,-0.065122520899389,0.9645944854295005,0.2617993877991417,0.0,-1.5815993011830036,120,140,130,120,180,130,140
46.64958453178406,-0.065122520899389,0.9645944854295005,0.2617993877991417,0.0,-1.5815993011830036,120,140,130,120,180,130,140
46.659791469573975,-0.065122520899389,0.9645944854295005,0.2617993877991417,0.0,-1.5815993011830036,120,140,130,120,180,130,140
46.66999077796936,-0.06503090048792472,0.9559266576885594,0.2617993877991417,0.0,-1.5815621799430009,120,180,130,120,120,130,140
46.680213928222656,-0.06503090048792472,0.9559266576885594,0.2617993877991417,0.0,-1.5815621799430009,120,180,130,120,120,130,140
46.69042944908142,-0.06503090048792472,0.9559266576885594,0.2617993877991417,0.0,-1.5815621799430009,120,180,130,120,120,130,140
46.70083212852478,-0.06493678909703075,0.9472618324108883,0.2617993877991417,0.0,-1.5814924668287558,120,180,130,120,120,130,140
46.71107459068298,-0.06493678909703075,0.9472618324108883,0.2617993877991417,0.0,-1.5814924668287558,120,180,130,120,120,130,140
46.721301317214966,-0.06493678909703075,0.9472618324108883,0.2617993877991417,0.0,-1.5814924668287558,120,180,130,180,120,120,140
46.731539249420166,-0.06484280828523546,0.9383690040914625,0.2617993877991417,0.0,-1.5813322567751409,120,180,130,180,120,120,140
46.74187636375427,-0.06484280828523546,0.9383690040914625,0.2617993877991417,0.0,-1.5813322567751409,120,180,130,180,120,120,140
46.75209450721741,-0.06484280828523546,0.9383690040914625,0.2617993877991417,0.0,-1.5813322567751409,120,180,130,180,120,120,140
46.7623016834259,-0.06474719334298537,0.9297786525528053,0.2617993877991417,0.0,-1.5814559499696688,120,180,130,180,120,120,140
46.772517919540405,-0.06474719334298537,0.9297786525528053,0.2617993877991417,0.0,-1.5814559499696688,120,180,180,180,180,120,140
46.78276801109314,-0.06474719334298537,0.9297786525528053,0.2617993877991417,0.0,-1.5814559499696688,120,180,180,180,180,120,140
46.8012318611145,-0.06474719334298537,0.9297786525528053,0.2617993877991417,0.0,-1.5814559499696688,120,180,180,180,180,120,140
46.81155753135681,-0.06465262484451853,0.9211786396870063,0.2617993877991417,0.0,-1.5815385405535058,120,180,180,180,180,120,140
46.821757793426514,-0.06465262484451853,0.9211786396870063,0.2617993877991417,0.0,-1.5815385405535058,120,180,180,180,180,120,140
46.83204412460327,-0.06455627164072658,0.9123078207786333,0.2617993877991417,0.0,-1.5816341086757635,120,180,180,180,180,120,140
46.84231472015381,-0.06455627164072658,0.9123078207786333,0.2617993877991417,0.0,-1.5816341086757635,120,180,180,180,180,120,140
46.852742433547974,-0.06455627164072658,0.9123078207786333,0.2617993877991417,0.0,-1.5816341086757635,120,180,180,180,180,120,140
46.862959146499634,-0.06446163277345074,0.9036884687668993,0.2617993877991417,0.0,-1.581721477065191,120,180,180,180,180,120,140
46.87318539619446,-0.06446163277345074,0.9036884687668993,0.2617993877991417,0.0,-1.581721477065191,120,180,180,110,180,120,140
46.88341808319092,-0.06446163277345074,0.9036884687668993,0.2617993877991417,0.0,-1.581721477065191,120,180,180,110,180,120,140
46.90111541748047,-0.06446163277345074,0.9036884687668993,0.2617993877991417,0.0,-1.581721477065191,120,180,180,110,180,120,140
46.91155767440796,-0.06436602614755936,0.8950576649921955,0.2617993877991417,0.0,-1.5817939800582277,120,180,180,110,180,120,140
46.92181921005249,-0.06436602614755936,0.8950576649921955,0.2617993877991417,0.0,-1.5817939800582277,120,180,180,110,180,120,140
46.932188272476196,-0.06426702782571693,0.8861541155548629,0.2617993877991417,0.0,-1.5818595532027222,130,180,180,180,180,120,140
46.95108342170715,-0.06426702782571693,0.8861541155548629,0.2617993877991417,0.0,-1.5818595532027222,130,180,180,180,180,120,140
46.96137475967407,-0.06417050370584795,0.8775017667501999,0.2617993877991417,0.0,-1.5819228187038903,130,180,180,180,180,120,140
46.97157430648804,-0.06417050370584795,0.8775017667501999,0.2617993877991417,0.0,-1.5819228187038903,130,180,180,180,180,120,180
46.98249793052673,-0.06417050370584795,0.8775017667501999,0.2617993877991417,0.0,-1.5819228187038903,130,180,180,180,180,120,180
46.99905800819397,-0.06407363398949505,0.8688395289384783,0.2617993877991417,0.0,-1.5819795085702761,130,180,180,180,180,120,180
47.00934100151062,-0.06407363398949505,0.8688395289384783,0.2617993877991417,0.0,-1.5819795085702761,130,180,180,180,180,120,180
47.019628286361694,-0.06407363398949505,0.8688395289384783,0.2617993877991417,0.0,-1.5819795085702761,130,180,180,180,180,120,130
47.02984309196472,-0.06397384952074525,0.8599092332188567,0.2617993877991417,0.0,-1.5820106858319603,130,180,180,180,180,120,130
47.0400447845459,-0.06397384952074525,0.8599092332188567,0.2617993877991417,0.0,-1.5820106858319603,130,180,180,180,180,120,130
47.05184054374695,-0.06397384952074525,0.8599092332188567,0.2617993877991417,0.0,-1.5820106858319603,130,180,180,180,180,120,130
47.062050342559814,-0.06387875594784634,0.8512416077540288,0.2617993877991417,0.0,-1.581965704432302,130,180,180,180,180,120,130
47.07223582267761,-0.06387875594784634,0.8512416077540288,0.2617993877991417,0.0,-1.581965704432302,130,180,180,180,180,120,130
47.08243417739868,-0.06387875594784634,0.8512416077540288,0.2617993877991417,0.0,-1.581965704432302,180,180,180,180,180,110,130
47.092639207839966,-0.06387875594784634,0.8512416077540288,0.2617993877991417,0.0,-1.581965704432302,180,180,180,180,180,110,130
47.10485100746155,-0.06378129082139315,0.842578720813286,0.2617993877991417,0.0,-1.5818924040135267,180,180,180,180,180,110,130
47.11506938934326,-0.06378129082139315,0.842578720813286,0.2617993877991417,0.0,-1.5818924040135267,180,180,180,180,180,110,130
47.125248193740845,-0.06378129082139315,0.842578720813286,0.2617993877991417,0.0,-1.5818924040135267,180,180,180,180,180,110,130
47.13561296463013,-0.06368324050898333,0.8336902624441511,0.2617993877991417,0.0,-1.5817397984348085,180,180,180,180,120,120,130
47.15467119216919,-0.06368324050898333,0.8336902624441511,0.2617993877991417,0.0,-1.5817397984348085,180,180,180,180,120,120,130
47.16494178771973,-0.06358453719509964,0.8251052934831606,0.2617993877991417,0.0,-1.5818970193991464,180,180,180,180,120,120,130
47.17517423629761,-0.06358453719509964,0.8251052934831606,0.2617993877991417,0.0,-1.5818970193991464,180,180,180,180,180,180,140
47.185396671295166,-0.06358453719509964,0.8251052934831606,0.2617993877991417,0.0,-1.5818970193991464,180,180,180,180,180,180,140
47.20367217063904,-0.06358453719509964,0.8251052934831606,0.2617993877991417,0.0,-1.5818970193991464,180,180,180,180,180,180,140
47.21396231651306,-0.06348593257726536,0.8165007660911607,0.2617993877991417,0.0,-1.5819605185056864,180,180,180,180,180,180,140
47.22415375709534,-0.06348593257726536,0.8165007660911607,0.2617993877991417,0.0,-1.5819605185056864,180,180,180,180,180,180,140
47.23436093330383,-0.06338595710123661,0.8076291770064872,0.2617993877991417,0.0,-1.5820564344770307,180,180,180,180,180,180,130
47.249927043914795,-0.06338595710123661,0.8076291770064872,0.2617993877991417,0.0,-1.5820564344770307,180,180,180,180,180,180,130
47.26014590263367,-0.06338595710123661,0.8076291770064872,0.2617993877991417,0.0,-1.5820564344770307,180,180,180,180,180,180,130
47.27035737037659,-0.06328765827420721,0.7990086626286304,0.2617993877991417,0.0,-1.5821428463252878,180,180,180,180,180,180,130
47.28065037727356,-0.06328765827420721,0.7990086626286304,0.2617993877991417,0.0,-1.5821428463252878,180,180,180,180,180,180,180
47.29978394508362,-0.06328765827420721,0.7990086626286304,0.2617993877991417,0.0,-1.5821428463252878,180,180,180,180,180,180,180
47.310022592544556,-0.06318841737679293,0.7903764798608943,0.2617993877991417,0.0,-1.582213368526039,180,180,180,180,180,180,180
