time,goal_x,goal_y,linear_x,angular_z,yaw,deadends
7.539140224456787,0.00041720164176401863,10.995370257254734,0.0,0.0,-1.5707696750637383,170,170,130,180,170,170,180
7.551005840301514,0.00041720164176401863,10.995370257254734,0.0,0.0,-1.5707696750637383,170,170,130,180,170,170,180
7.561533689498901,0.0004181136615777177,10.995354696134498,0.0,0.0,-1.5707753054014923,170,170,130,180,170,170,180
7.571798324584961,0.0004181136615777177,10.995354696134498,0.0,0.0,-1.5707753054014923,170,170,130,180,170,170,180
7.582110404968262,0.0004181136615777177,10.995354696134498,0.0,0.0,-1.5707753054014923,180,180,180,170,200,210,210
7.600230693817139,0.0004189986586556405,10.995339575727503,0.0,0.0,-1.5707807689144748,180,180,180,170,200,210,210
7.61055064201355,0.0004189986586556405,10.995339575727503,0.0,0.0,-1.5707807689144748,180,180,180,170,200,210,210
7.620779514312744,0.0004189986586556405,10.995339575727503,0.0,0.0,-1.5707807689144748,180,180,180,170,200,210,210
7.631413459777832,0.0004198834591460629,10.995324438591751,0.0,0.0,-1.5707862312134337,180,180,180,170,200,210,210
7.650580644607544,0.0004198834591460629,10.995324438591751,0.0,0.0,-1.5707862312134337,180,180,180,170,200,210,210
7.660930395126343,0.0004207948652267839,10.995308825241919,0.05235987755982833,0.0,-1.5707918577610867,180,180,180,170,200,210,210
7.671184778213501,0.0004207948652267839,10.995308825241919,0.05235987755982833,0.0,-1.5707918577610867,180,180,180,170,200,210,210
7.692239284515381,0.00042130841865273765,10.994893923710311,0.157079632679485,0.0,-1.5707950273494968,180,180,180,170,200,210,210
7.705536365509033,0.00042130841865273765,10.994893923710311,0.157079632679485,0.0,-1.5707950273494968,180,180,180,170,200,210,210
7.715954065322876,0.00042130841865273765,10.994893923710311,0.20943951023931331,0.0,-1.5707950273494968,180,180,180,170,200,210,210
7.733399868011475,0.00042115992274873267,10.99384270392837,0.2617993877991417,0.0,-1.57079411317579,180,180,180,170,200,210,210
7.743711709976196,0.00042115992274873267,10.99384270392837,0.2617993877991417,0.0,-1.57079411317579,180,180,180,170,200,210,210
7.7539167404174805,0.00042115992274873267,10.99384270392837,0.2617993877991417,0.0,-1.57079411317579,180,180,180,170,200,210,210
7.764166593551636,0.00042145412350722466,10.991821285843326,0.2617993877991417,0.0,-1.5707959298994052,180,180,180,170,200,210,210
7.785113334655762,0.00042145412350722466,10.991821285843326,0.2617993877991417,0.0,-1.5707959298994052,180,180,180,170,200,210,210
7.795367479324341,0.0004215566207570002,10.988985279920843,0.2617993877991417,0.0,-1.5707963120135862,180,180,180,170,200,210,210
7.80560827255249,0.0004215566207570002,10.988985279920843,0.2617993877991417,0.0,-1.5707963120135862,180,180,180,170,200,210,210
7.815828561782837,0.0004215566207570002,10.988985279920843,0.2617993877991417,0.0,-1.5707963120135862,180,180,180,170,200,210,210
7.837093114852905,0.0004215566207570002,10.988985279920843,0.2617993877991417,0.0,-1.5707963120135862,180,180,180,170,200,210,210
7.847270250320435,0.0004216028708674544,10.98535120513898,0.2617993877991417,0.0,-1.5707546266881578,180,180,180,170,200,210,210
7.867420196533203,0.0004216028708674544,10.98535120513898,0.2617993877991417,0.0,-1.5707546266881578,180,180,180,170,200,210,210
7.877807855606079,0.0004204320289552999,10.980878632032915,0.2617993877991417,0.0,-1.5704923673379578,180,180,180,170,200,210,210
7.88799786567688,0.0004204320289552999,10.980878632032915,0.2617993877991417,0.0,-1.5704923673379578,180,180,180,170,200,210,210
7.898233652114868,0.000414726834221535,10.975985028451687,0.2617993877991417,0.0,-1.5698251870664433,180,180,180,170,200,210,210
7.910587787628174,0.000414726834221535,10.975985028451687,0.2617993877991417,0.0,-1.5698251870664433,180,180,180,170,200,210,210
7.920791149139404,0.000414726834221535,10.975985028451687,0.2617993877991417,0.0,-1.5698251870664433,180,180,180,170,200,210,210
7.930999040603638,0.000397090874282628,10.970759226894117,0.2617993877991417,0.0,-1.5685715450904014,180,180,180,170,200,210,210
7.941232442855835,0.000397090874282628,10.970759226894117,0.2617993877991417,0.0,-1.5685715450904014,180,180,180,170,200,210,210
7.960204839706421,0.000397090874282628,10.970759226894117,0.2617993877991417,0.0,-1.5685715450904014,180,180,180,170,200,210,210
7.970564126968384,0.000376424333522883,10.965256476536712,0.2617993877991417,0.0,-1.5671939727088442,180,180,180,170,200,210,210
7.980812072753906,0.000376424333522883,10.965256476536712,0.2617993877991417,0.0,-1.5671939727088442,180,180,180,170,200,210,210
8.0004301071167,0.0003753722222865963,10.959779317697087,0.2617993877991417,0.0,-1.567197676247543,180,180,180,170,200,210,210
8.010659456253052,0.0003753722222865963,10.959779317697087,0.2617993877991417,0.0,-1.567197676247543,180,180,180,170,200,210,210
8.021118879318237,0.0003753722222865963,10.959779317697087,0.2617993877991417,0.0,-1.567197676247543,180,180,180,170,200,210,210
8.03141164779663,0.00036057335565561183,10.953952320855707,0.2617993877991417,0.0,-1.5677966816041495,180,180,180,170,200,210,210
8.044997930526733,0.00036057335565561183,10.953952320855707,0.2617993877991417,0.0,-1.5677966816041495,180,180,180,170,200,210,210
8.055219173431396,0.00036057335565561183,10.953952320855707,0.2617993877991417,0.0,-1.5677966816041495,180,180,180,170,200,210,210
8.065443992614746,0.0003459159087282172,10.94736238362967,0.2617993877991417,0.0,-1.5688212854787211,180,180,180,170,200,210,210
8.07572078704834,0.0003459159087282172,10.94736238362967,0.2617993877991417,0.0,-1.5688212854787211,180,180,180,170,200,210,210
8.090998411178589,0.0003459159087282172,10.94736238362967,0.2617993877991417,0.0,-1.5688212854787211,180,180,180,170,200,210,210
8.10122299194336,0.0003371168675336712,10.940217318385837,0.2617993877991417,0.0,-1.5700191812939364,180,180,180,170,200,210,210
8.111515760421753,0.0003371168675336712,10.940217318385837,0.2617993877991417,0.0,-1.5700191812939364,180,180,180,170,200,210,210
8.121749877929688,0.0003371168675336712,10.940217318385837,0.2617993877991417,0.0,-1.5700191812939364,180,180,180,170,200,210,210
8.131977081298828,0.0003362951540605712,10.932202950746825,0.2617993877991417,0.0,-1.5711671598460808,180,180,180,170,200,210,210
8.142190217971802,0.0003362951540605712,10.932202950746825,0.2617993877991417,0.0,-1.5711671598460808,180,180,180,170,200,210,210
8.152387619018555,0.0003362951540605712,10.932202950746825,0.2617993877991417,0.0,-1.5711671598460808,180,180,180,170,200,210,210
8.170451879501343,0.0003404390203603709,10.923319711973992,0.2617993877991417,0.0,-1.5713146985217301,180,180,180,170,200,210,210
8.180639743804932,0.0003404390203603709,10.923319711973992,0.2617993877991417,0.0,-1.5713146985217301,180,180,180,170,200,210,210
8.190850734710693,0.0003457057469198051,10.914666978467448,0.2617993877991417,0.0,-1.5713441541405828,180,180,180,150,200,210,210
8.201085090637207,0.0003457057469198051,10.914666978467448,0.2617993877991417,0.0,-1.5713441541405828,180,180,180,150,200,210,210
8.213232040405273,0.0003457057469198051,10.914666978467448,0.2617993877991417,0.0,-1.5713441541405828,180,180,180,150,200,210,210
8.223454713821411,0.0003508154824059407,10.906003985159568,0.2617993877991417,0.0,-1.5713635703413593,180,180,180,150,200,210,210
8.233686685562134,0.0003508154824059407,10.906003985159568,0.2617993877991417,0.0,-1.5713635703413593,180,180,180,150,200,210,210
8.24387788772583,0.0003508154824059407,10.906003985159568,0.2617993877991417,0.0,-1.5713635703413593,180,190,180,180,200,210,210
8.263763904571533,0.0003508154824059407,10.906003985159568,0.2617993877991417,0.0,-1.5713635703413593,180,190,180,180,200,210,210
8.274100065231323,0.0003555704801410241,10.897068393075582,0.2617993877991417,0.0,-1.5713645316841054,180,190,180,180,200,210,210
8.284304857254028,0.0003555704801410241,10.897068393075582,0.2617993877991417,0.0,-1.5713645316841054,180,190,180,180,200,210,210
8.294501781463623,0.00035908023779120633,10.888394937643767,0.2617993877991417,0.0,-1.5713353395541467,190,190,190,210,200,210,210
8.30787706375122,0.00035908023779120633,10.888394937643767,0.2617993877991417,0.0,-1.5713353395541467,190,190,190,210,200,210,210
8.318268299102783,0.00035908023779120633,10.888394937643767,0.2617993877991417,0.0,-1.5713353395541467,190,190,190,210,200,210,210
8.328479051589966,0.00036114704167560007,10.879730939357257,0.2617993877991417,0.0,-1.5713290122233918,190,190,190,210,200,210,210
8.33870244026184,0.00036114704167560007,10.879730939357257,0.2617993877991417,0.0,-1.5713290122233918,190,190,190,190,200,200,200
8.351927757263184,0.00036114704167560007,10.879730939357257,0.2617993877991417,0.0,-1.5713290122233918,190,190,190,190,200,200,200
8.362119197845459,0.000364734969595466,10.870834764035997,0.2617993877991417,0.0,-1.57133707975464,190,190,190,190,200,200,200
8.372315645217896,0.000364734969595466,10.870834764035997,0.2617993877991417,0.0,-1.57133707975464,190,190,180,180,200,210,210
8.38252592086792,0.000364734969595466,10.870834764035997,0.2617993877991417,0.0,-1.57133707975464,190,190,180,180,200,210,210
8.39513087272644,0.000364734969595466,10.870834764035997,0.2617993877991417,0.0,-1.57133707975464,190,190,180,180,200,210,210
8.405454397201538,0.0003739954768195372,10.862242485833287,0.2617993877991417,0.0,-1.571393277841955,190,190,180,180,200,210,210
8.415794134140015,0.0003739954768195372,10.862242485833287,0.2617993877991417,0.0,-1.571393277841955,180,190,190,180,200,200,210
8.434129238128662,0.00038017936640307175,10.853636968838819,0.2617993877991417,0.0,-1.5714314674547671,180,190,190,180,200,200,210
8.44436001777649,0.00038017936640307175,10.853636968838819,0.2617993877991417,0.0,-1.5714314674547671,180,190,190,180,200,200,210
8.454541683197021,0.00038017936640307175,10.853636968838819,0.2617993877991417,0.0,-1.5714314674547671,180,190,190,150,200,200,200
8.475254774093628,0.0003868389198119177,10.844763278765704,0.2617993877991417,0.0,-1.5714726007067714,180,190,190,150,200,200,200
8.485469579696655,0.0003868389198119177,10.844763278765704,0.2617993877991417,0.0,-1.5714726007067714,180,190,190,150,200,200,200
8.495668888092041,0.0003934405107572993,10.836139688715765,0.2617993877991417,0.0,-1.5715117366784783,180,190,190,150,200,200,200
8.505874395370483,0.0003934405107572993,10.836139688715765,0.2617993877991417,0.0,-1.5715117366784783,180,190,190,150,200,200,200
8.518913507461548,0.0003934405107572993,10.836139688715765,0.2617993877991417,0.0,-1.5715117366784783,180,190,190,150,200,200,200
8.529144525527954,0.00040066976629368365,10.827505794535767,0.2617993877991417,0.0,-1.5715448696363605,180,190,190,150,200,200,200
8.539328813552856,0.00040066976629368365,10.827505794535767,0.2617993877991417,0.0,-1.5715448696363605,180,190,180,140,200,200,200
8.549481868743896,0.00040066976629368365,10.827505794535767,0.2617993877991417,0.0,-1.5715448696363605,180,190,180,140,200,200,200
8.562001466751099,0.00040066976629368365,10.827505794535767,0.2617993877991417,0.0,-1.5715448696363605,180,190,180,140,200,200,200
8.572217226028442,0.000408287825716855,10.818599815130987,0.2617993877991417,0.0,-1.5715773154913912,180,190,180,140,200,200,200
8.582397222518921,0.000408287825716855,10.818599815130987,0.2617993877991417,0.0,-1.5715773154913912,190,180,180,140,190,190,190
8.592594385147095,0.00041574816466059643,10.809944836970326,0.2617993877991417,0.0,-1.5716112052351798,190,180,180,140,190,190,190
8.603982925415039,0.00041574816466059643,10.809944836970326,0.2617993877991417,0.0,-1.5716112052351798,190,180,180,140,190,190,190
8.614184379577637,0.00041574816466059643,10.809944836970326,0.2617993877991417,0.0,-1.5716112052351798,190,180,180,140,190,190,190
8.624391317367554,0.0004232269382826374,10.801279514595063,0.2617993877991417,0.0,-1.5716450829856574,190,180,180,140,190,190,190
8.63462209701538,0.0004232269382826374,10.801279514595063,0.2617993877991417,0.0,-1.5716450829856574,190,180,190,140,190,190,190
8.650277853012085,0.0004232269382826374,10.801279514595063,0.2617993877991417,0.0,-1.5716450829856574,190,180,190,140,190,190,190
8.660488367080688,0.0004232269382826374,10.801279514595063,0.2617993877991417,0.0,-1.5716450829856574,190,180,190,140,190,190,190
8.670700788497925,0.0004232269382826374,10.801279514595063,0.2617993877991417,0.0,-1.5716450829856574,190,180,190,140,190,190,190
8.680922269821167,0.00043044815727410514,10.792343284385804,0.2617993877991417,0.0,-1.5716609497964653,190,180,190,140,190,190,190
8.6911461353302,0.0004359844652863926,10.783670987799361,0.2617993877991417,0.0,-1.571640775017508,190,180,190,140,190,190,190
8.701900720596313,0.0004359844652863926,10.783670987799361,0.2617993877991417,0.0,-1.571640775017508,190,180,190,140,190,190,190
8.712112426757812,0.0004359844652863926,10.783670987799361,0.2617993877991417,0.0,-1.571640775017508,190,180,190,140,190,190,190
8.722321271896362,0.00043897195185599026,10.775007669024223,0.2617993877991417,0.0,-1.5716518392361776,190,180,180,150,200,190,190
8.74214768409729,0.00043897195185599026,10.775007669024223,0.2617993877991417,0.0,-1.5716518392361776,190,180,180,150,200,190,190
8.7524573802948,0.00043897195185599026,10.775007669024223,0.2617993877991417,0.0,-1.5716518392361776,190,180,180,150,200,190,190
8.762757778167725,0.00044711037784162476,10.766122308162675,0.2617993877991417,0.0,-1.5716820413730161,190,180,180,180,200,190,190
8.781501293182373,0.00044711037784162476,10.766122308162675,0.2617993877991417,0.0,-1.5716820413730161,190,180,180,180,200,190,190
8.791683673858643,0.0004573958240967833,10.75752728882557,0.2617993877991417,0.0,-1.5717361835621344,190,180,180,180,200,190,190
8.801884889602661,0.0004573958240967833,10.75752728882557,0.2617993877991417,0.0,-1.5717361835621344,180,180,180,140,190,190,190
8.812126636505127,0.0004573958240967833,10.75752728882557,0.2617993877991417,0.0,-1.5717361835621344,180,180,180,140,190,190,190
8.822636365890503,0.0004666778264291088,10.748922324935323,0.2617993877991417,0.0,-1.5717857153653796,180,180,180,140,190,190,190
8.832842826843262,0.0004666778264291088,10.748922324935323,0.2617993877991417,0.0,-1.5717857153653796,180,180,180,140,190,190,190
8.84314513206482,0.0004666778264291088,10.748922324935323,0.2617993877991417,0.0,-1.5717857153653796,180,180,180,180,190,190,190
8.862675905227661,0.0004666778264291088,10.748922324935323,0.2617993877991417,0.0,-1.5717857153653796,180,180,180,180,190,190,190
8.873031377792358,0.0004765906339200281,10.740048042318938,0.2617993877991417,0.0,-1.5718405600127665,180,180,180,180,190,190,190
8.883212566375732,0.0004765906339200281,10.740048042318938,0.2617993877991417,0.0,-1.5718405600127665,180,180,180,180,190,190,190
8.893491268157959,0.00048683828450433965,10.731423305069553,0.2617993877991417,0.0,-1.5718788409961741,180,180,140,180,190,190,190
8.903708219528198,0.00048683828450433965,10.731423305069553,0.2617993877991417,0.0,-1.5718788409961741,180,180,140,180,190,190,190
8.91387414932251,0.00048683828450433965,10.731423305069553,0.2617993877991417,0.0,-1.5718788409961741,180,180,140,180,190,190,190
8.924063444137573,0.0004971875849638074,10.722788278859301,0.2617993877991417,0.0,-1.5719111706612605,180,180,140,180,190,190,190
8.934271097183228,0.0004971875849638074,10.722788278859301,0.2617993877991417,0.0,-1.5719111706612605,180,180,150,140,190,190,190
8.944487571716309,0.0004971875849638074,10.722788278859301,0.2617993877991417,0.0,-1.5719111706612605,180,180,150,140,190,190,190
8.956562995910645,0.0004971875849638074,10.722788278859301,0.2617993877991417,0.0,-1.5719111706612605,180,180,150,140,190,190,190
8.966772079467773,0.0005080481064935294,10.713881057707352,0.2617993877991417,0.0,-1.5719427453007522,180,180,150,140,190,190,190
8.976983070373535,0.0005080481064935294,10.713881057707352,0.2617993877991417,0.0,-1.5719427453007522,180,180,150,140,190,190,190
8.987215280532837,0.0005080481064935294,10.713881057707352,0.2617993877991417,0.0,-1.5719427453007522,180,180,180,150,180,190,190
9.004132509231567,0.0005186464430751762,10.705224819180346,0.2617993877991417,0.0,-1.5719761717093783,180,180,180,150,180,190,190
9.014433860778809,0.0005186464430751762,10.705224819180346,0.2617993877991417,0.0,-1.5719761717093783,180,180,180,150,180,190,190
9.02498722076416,0.000529229950033919,10.69655841060035,0.2617993877991417,0.0,-1.572008705397263,180,180,180,150,180,190,190
9.035205841064453,0.000529229950033919,10.69655841060035,0.2617993877991417,0.0,-1.572008705397263,180,180,140,140,180,190,190
9.051531553268433,0.000529229950033919,10.69655841060035,0.2617993877991417,0.0,-1.572008705397263,180,180,140,140,180,190,190
9.061890363693237,0.0005395987401406832,10.687621654363863,0.2617993877991417,0.0,-1.5720198876419127,180,180,140,140,180,190,190
9.07207179069519,0.0005395987401406832,10.687621654363863,0.2617993877991417,0.0,-1.5720198876419127,180,180,180,140,190,190,190
9.082305192947388,0.0005395987401406832,10.687621654363863,0.2617993877991417,0.0,-1.5720198876419127,180,180,180,140,190,190,190
9.09248971939087,0.0005477853106452077,10.678950307086513,0.2617993877991417,0.0,-1.5719987346236837,180,180,180,140,190,190,190
9.102716445922852,0.0005477853106452077,10.678950307086513,0.2617993877991417,0.0,-1.5719987346236837,180,180,180,140,190,190,190
9.112943649291992,0.0005477853106452077,10.678950307086513,0.2617993877991417,0.0,-1.5719987346236837,180,190,180,190,190,200,200
9.123140335083008,0.0005535994492091477,10.670287711286596,0.2617993877991417,0.0,-1.572026468048875,180,190,180,190,190,200,200
9.134740591049194,0.0005535994492091477,10.670287711286596,0.2617993877991417,0.0,-1.572026468048875,180,190,180,190,190,200,200
9.144954919815063,0.0005535994492091477,10.670287711286596,0.2617993877991417,0.0,-1.572026468048875,180,190,180,190,190,200,200
9.155150890350342,0.0005535994492091477,10.670287711286596,0.2617993877991417,0.0,-1.572026468048875,180,190,180,190,190,200,200
9.1757173538208,0.0005674136102931022,10.661412861871502,0.2617993877991417,0.0,-1.5720779129950924,180,190,180,190,190,200,200
9.185992002487183,0.0005674136102931022,10.661412861871502,0.2617993877991417,0.0,-1.5720779129950924,180,190,180,190,190,200,200
9.196264505386353,0.0005799745615974038,10.652814691312862,0.2617993877991417,0.0,-1.572124246014489,180,190,180,190,200,200,200
9.216177701950073,0.0005799745615974038,10.652814691312862,0.2617993877991417,0.0,-1.572124246014489,180,190,180,190,200,200,200
9.226417541503906,0.0005923875467996569,10.644209421678221,0.2617993877991417,0.0,-1.5721760041744042,180,190,180,190,200,200,200
9.236664772033691,0.0005923875467996569,10.644209421678221,0.2617993877991417,0.0,-1.5721760041744042,180,190,140,190,190,190,200
9.254707336425781,0.0005923875467996569,10.644209421678221,0.2617993877991417,0.0,-1.5721760041744042,180,190,140,190,190,190,200
9.264918565750122,0.0006057576824028448,10.635333773188991,0.2617993877991417,0.0,-1.572228858580702,180,190,140,190,190,190,200
9.275135517120361,0.0006057576824028448,10.635333773188991,0.2617993877991417,0.0,-1.572228858580702,180,190,140,190,190,190,190
9.292449235916138,0.0006193218869841162,10.62670760646168,0.2617993877991417,0.0,-1.5722639463440102,180,190,140,190,190,190,190
9.302691459655762,0.0006193218869841162,10.62670760646168,0.2617993877991417,0.0,-1.5722639463440102,180,190,140,190,190,190,190
9.312882661819458,0.0006193218869841162,10.62670760646168,0.2617993877991417,0.0,-1.5722639463440102,180,190,140,190,190,190,190
9.323131084442139,0.0006329816860304971,10.618071369546314,0.2617993877991417,0.0,-1.572295630258837,180,190,140,190,190,190,200
9.336105823516846,0.0006329816860304971,10.618071369546314,0.2617993877991417,0.0,-1.572295630258837,180,190,140,190,190,190,200
9.346324443817139,0.0006329816860304971,10.618071369546314,0.2617993877991417,0.0,-1.572295630258837,180,190,140,190,190,190,200
9.356623649597168,0.0006329816860304971,10.618071369546314,0.2617993877991417,0.0,-1.572295630258837,180,190,180,190,190,190,200
9.375692129135132,0.000647245926027492,10.609162825374241,0.2617993877991417,0.0,-1.572326766193193,180,190,180,190,190,190,200
9.385916233062744,0.000647245926027492,10.609162825374241,0.2617993877991417,0.0,-1.572326766193193,180,190,180,190,190,190,200
9.396111011505127,0.0006611432110142215,10.600505267468936,0.2617993877991417,0.0,-1.5723600144937286,180,190,190,190,190,190,200
9.406320095062256,0.0006611432110142215,10.600505267468936,0.2617993877991417,0.0,-1.5723600144937286,180,190,190,190,190,190,200
9.417761087417603,0.0006611432110142215,10.600505267468936,0.2617993877991417,0.0,-1.5723600144937286,180,190,190,190,190,190,200
9.427992105484009,0.0006749743899421903,10.591837757167369,0.2617993877991417,0.0,-1.5723912254786674,180,190,190,190,190,190,200
9.438215970993042,0.0006749743899421903,10.591837757167369,0.2617993877991417,0.0,-1.5723912254786674,180,190,190,190,190,190,200
9.457855224609375,0.0006749743899421903,10.591837757167369,0.2617993877991417,0.0,-1.5723912254786674,180,190,190,190,190,190,200
9.46818232536316,0.0006886675186103871,10.58290058087419,0.2617993877991417,0.0,-1.5723973409194596,180,190,190,190,190,190,200
9.478392601013184,0.0006886675186103871,10.58290058087419,0.2617993877991417,0.0,-1.5723973409194596,180,190,190,190,190,190,200
9.48860788345337,0.0006886675186103871,10.58290058087419,0.2617993877991417,0.0,-1.5723973409194596,180,190,190,190,190,190,200
9.499634027481079,0.0006995391714030088,10.574230272538308,0.2617993877991417,0.0,-1.572376738441142,180,190,190,190,190,190,200
9.509833812713623,0.0006995391714030088,10.574230272538308,0.2617993877991417,0.0,-1.572376738441142,180,190,190,190,190,190,200
9.520033359527588,0.0006995391714030088,10.574230272538308,0.2617993877991417,0.0,-1.572376738441142,180,190,190,190,190,190,200
9.539918661117554,0.0007085230218852646,10.56556883518546,0.2617993877991417,0.0,-1.5724226964786945,180,190,190,190,190,190,200
9.55019474029541,0.0007085230218852646,10.56556883518546,0.2617993877991417,0.0,-1.5724226964786945,180,190,190,190,190,190,200
9.560712575912476,0.0007279380365745823,10.55670514504417,0.2617993877991417,0.0,-1.572492371292274,180,190,140,190,190,190,200
9.579841375350952,0.0007279380365745823,10.55670514504417,0.2617993877991417,0.0,-1.572492371292274,180,190,140,190,190,190,200
9.590062618255615,0.00074324968954676,10.54810327667272,0.2617993877991417,0.0,-1.5725301927314503,180,190,140,190,190,190,200
9.600240468978882,0.00074324968954676,10.54810327667272,0.2617993877991417,0.0,-1.5725301927314503,180,180,120,190,190,190,190
9.620381593704224,0.00074324968954676,10.54810327667272,0.2617993877991417,0.0,-1.5725301927314503,180,180,120,190,190,190,190
9.63058352470398,0.0007588279538214863,10.53949727131674,0.2617993877991417,0.0,-1.5725816922074218,180,180,120,190,190,190,190
9.640756607055664,0.0007588279538214863,10.53949727131674,0.2617993877991417,0.0,-1.5725816922074218,180,180,120,190,190,190,190
9.650945663452148,0.0007588279538214863,10.53949727131674,0.2617993877991417,0.0,-1.5725816922074218,180,180,180,190,190,190,190
9.663948774337769,0.0007758296645715337,10.53062027344605,0.2617993877991417,0.0,-1.5726323908819473,180,180,180,190,190,190,190
9.67423415184021,0.0007758296645715337,10.53062027344605,0.2617993877991417,0.0,-1.5726323908819473,180,180,180,190,190,190,190
9.684426307678223,0.0007758296645715337,10.53062027344605,0.2617993877991417,0.0,-1.5726323908819473,180,180,180,190,190,190,190
9.694631814956665,0.000792828778072803,10.521992820953194,0.2617993877991417,0.0,-1.5726656300829986,180,180,180,190,190,190,190
9.70698070526123,0.000792828778072803,10.521992820953194,0.2617993877991417,0.0,-1.5726656300829986,180,180,180,190,190,190,190
9.71717643737793,0.000792828778072803,10.521992820953194,0.2617993877991417,0.0,-1.5726656300829986,180,180,180,190,190,190,190
9.72740650177002,0.0008099457263979775,10.513355418963927,0.2617993877991417,0.0,-1.5726967451735039,180,180,180,190,190,190,190
9.745666265487671,0.0008099457263979775,10.513355418963927,0.2617993877991417,0.0,-1.5726967451735039,180,180,180,190,190,190,190
9.755919218063354,0.0008099457263979775,10.513355418963927,0.2617993877991417,0.0,-1.5726967451735039,180,180,180,190,190,190,190
9.766103267669678,0.0008277624433829046,10.504445599964027,0.2617993877991417,0.0,-1.5727277002674183,180,180,180,190,190,190,190
9.776374101638794,0.0008277624433829046,10.504445599964027,0.2617993877991417,0.0,-1.5727277002674183,180,180,180,190,190,190,190
9.787440061569214,0.0008277624433829046,10.504445599964027,0.2617993877991417,0.0,-1.5727277002674183,180,180,180,190,190,190,190
9.797617197036743,0.0008451045632663457,10.4957867910474,0.2617993877991417,0.0,-1.5727608814455334,180,180,180,190,190,190,190
9.807815790176392,0.0008451045632663457,10.4957867910474,0.2617993877991417,0.0,-1.5727608814455334,180,180,180,190,190,190,190
9.818021535873413,0.0008451045632663457,10.4957867910474,0.2617993877991417,0.0,-1.5727608814455334,180,180,180,190,190,190,190
9.828832864761353,0.0008623201525776295,10.487118257397839,0.2617993877991417,0.0,-1.5727906753214091,180,180,180,190,190,190,190
9.839062690734863,0.0008623201525776295,10.487118257397839,0.2617993877991417,0.0,-1.5727906753214091,180,180,180,190,190,190,190
9.84927248954773,0.0008623201525776295,10.487118257397839,0.2617993877991417,0.0,-1.5727906753214091,180,180,190,190,190,190,190
9.8706214427948,0.0008794606628888,10.478180869970743,0.2617993877991417,0.0,-1.572791674040966,180,180,190,190,190,190,190
9.88085389137268,0.0008794606628888,10.478180869970743,0.2617993877991417,0.0,-1.572791674040966,180,180,190,190,190,190,190
9.891061067581177,0.0008930854540876411,10.469511662807818,0.2617993877991417,0.0,-1.5727734815796963,180,180,190,190,190,190,190
9.910437107086182,0.0008930854540876411,10.469511662807818,0.2617993877991417,0.0,-1.5727734815796963,180,180,190,190,190,190,190
9.920647382736206,0.0008930854540876411,10.469511662807818,0.2617993877991417,0.0,-1.5727734815796963,180,180,190,190,190,190,190
9.930861234664917,0.0009056343530414986,10.460852275782841,0.2617993877991417,0.0,-1.5728363814982693,180,190,190,190,190,190,190
9.953219890594482,0.0009056343530414986,10.460852275782841,0.2617993877991417,0.0,-1.5728363814982693,180,190,190,190,190,190,190
9.963446855545044,0.0009301171614339124,10.451998471044568,0.2617993877991417,0.0,-1.5729228867510054,180,190,190,190,190,190,190
9.973642349243164,0.0009301171614339124,10.451998471044568,0.2617993877991417,0.0,-1.5729228867510054,180,180,130,190,190,190,190
9.983823776245117,0.0009301171614339124,10.451998471044568,0.2617993877991417,0.0,-1.5729228867510054,180,180,130,190,190,190,190
9.994983911514282,0.0009484854445926338,10.443393484972837,0.2617993877991417,0.0,-1.5729505572991953,180,180,130,190,190,190,190
10.005165100097656,0.0009484854445926338,10.443393484972837,0.2617993877991417,0.0,-1.5729505572991953,180,180,130,190,190,190,190
10.015359163284302,0.0009484854445926338,10.443393484972837,0.2617993877991417,0.0,-1.5729505572991953,180,180,130,190,190,190,190
10.025579452514648,0.000967594215869551,10.434786372852496,0.2617993877991417,0.0,-1.5730002983981912,180,180,190,190,190,190,190
10.040506839752197,0.000967594215869551,10.434786372852496,0.2617993877991417,0.0,-1.5730002983981912,180,180,190,190,190,190,190
10.05070948600769,0.000967594215869551,10.434786372852496,0.2617993877991417,0.0,-1.5730002983981912,180,180,190,190,190,190,190
10.06096339225769,0.000988375219344324,10.425907914125206,0.2617993877991417,0.0,-1.573048685299742,180,180,190,190,190,190,190
10.071277856826782,0.000988375219344324,10.425907914125206,0.2617993877991417,0.0,-1.573048685299742,180,180,190,190,190,190,190
10.085845947265625,0.000988375219344324,10.425907914125206,0.2617993877991417,0.0,-1.573048685299742,180,180,190,190,190,190,190
10.096044778823853,0.0010089093389508527,10.417279183459506,0.2617993877991417,0.0,-1.5730808488875394,180,180,190,190,190,190,190
10.106338500976562,0.0010089093389508527,10.417279183459506,0.2617993877991417,0.0,-1.5730808488875394,180,180,190,190,190,190,190
10.125741958618164,0.0010296041537467679,10.408640548709812,0.2617993877991417,0.0,-1.5731115456354055,180,180,190,190,190,190,190
10.136011362075806,0.0010296041537467679,10.408640548709812,0.2617993877991417,0.0,-1.5731115456354055,180,180,190,190,190,190,190
10.146185636520386,0.0010296041537467679,10.408640548709812,0.2617993877991417,0.0,-1.5731115456354055,180,190,190,190,190,190,190
10.1563880443573,0.0010296041537467679,10.408640548709812,0.2617993877991417,0.0,-1.5731115456354055,180,190,190,190,190,190,190
10.166557788848877,0.0010510948416818011,10.399729367517773,0.2617993877991417,0.0,-1.5731426341372003,180,190,190,190,190,190,190
10.178956270217896,0.0010510948416818011,10.399729367517773,0.2617993877991417,0.0,-1.5731426341372003,180,190,190,190,190,190,190
10.189217329025269,0.001072000247732039,10.391069256452516,0.2617993877991417,0.0,-1.5731758767762094,180,190,190,190,190,190,190
10.199390411376953,0.001072000247732039,10.391069256452516,0.2617993877991417,0.0,-1.5731758767762094,180,190,190,190,190,190,190
10.209596157073975,0.001072000247732039,10.391069256452516,0.2617993877991417,0.0,-1.5731758767762094,180,190,190,190,190,190,190
10.22906231880188,0.001092713197935632,10.3823996745868,0.2617993877991417,0.0,-1.5732039658689252,180,190,190,190,190,190,190
10.239275217056274,0.001092713197935632,10.3823996745868,0.2617993877991417,0.0,-1.5732039658689252,180,190,190,190,190,190,190
10.24945878982544,0.001092713197935632,10.3823996745868,0.2617993877991417,0.0,-1.5732039658689252,180,190,190,190,190,190,190
10.259694814682007,0.0011133710560832166,10.373462268126438,0.2617993877991417,0.0,-1.573199960222286,180,190,190,190,190,190,190
10.277535200119019,0.0011133710560832166,10.373462268126438,0.2617993877991417,0.0,-1.573199960222286,180,190,190,190,190,190,190
10.287766456604004,0.0011133710560832166,10.373462268126438,0.2617993877991417,0.0,-1.573199960222286,180,190,190,190,190,190,190
10.297969102859497,0.0011298584734747495,10.364794144854855,0.2617993877991417,0.0,-1.5731863156210653,180,190,190,190,190,190,190
10.308189868927002,0.0011298584734747495,10.364794144854855,0.2617993877991417,0.0,-1.5731863156210653,180,190,190,190,190,190,190
10.326453924179077,0.0011465108518731915,10.356138005913692,0.2617993877991417,0.0,-1.5732635143031592,180,190,190,190,190,190,190
10.336666584014893,0.0011465108518731915,10.356138005913692,0.2617993877991417,0.0,-1.5732635143031592,180,190,190,190,190,190,190
10.346895456314087,0.0011465108518731915,10.356138005913692,0.2617993877991417,0.0,-1.5732635143031592,180,190,190,190,190,190,190
10.357094764709473,0.0011750926580496382,10.347291766583576,0.2617993877991417,0.0,-1.5733656080822525,180,190,190,190,190,190,190
10.36728835105896,0.0011750926580496382,10.347291766583576,0.2617993877991417,0.0,-1.5733656080822525,180,190,190,190,190,190,190
10.382038593292236,0.0011750926580496382,10.347291766583576,0.2617993877991417,0.0,-1.5733656080822525,180,190,190,190,190,190,190
10.392256736755371,0.0011972704058229983,10.338684616935499,0.2617993877991417,0.0,-1.573382854067042,180,190,190,190,190,190,190
10.402461290359497,0.0011972704058229983,10.338684616935499,0.2617993877991417,0.0,-1.573382854067042,180,190,190,190,190,190,190
10.412704944610596,0.0011972704058229983,10.338684616935499,0.2617993877991417,0.0,-1.573382854067042,180,190,190,190,190,190,190
10.429718494415283,0.0011972704058229983,10.338684616935499,0.2617993877991417,0.0,-1.573382854067042,180,190,190,190,190,190,190
10.440455675125122,0.0012202083736881728,10.330076368268108,0.2617993877991417,0.0,-1.5734318575553041,180,190,190,190,190,190,190
10.450678825378418,0.0012202083736881728,10.330076368268108,0.2617993877991417,0.0,-1.5734318575553041,180,180,190,190,190,190,190
10.460901737213135,0.0012448779529408394,10.321196514035057,0.2617993877991417,0.0,-1.573478418552916,180,180,190,190,190,190,190
10.47988748550415,0.0012448779529408394,10.321196514035057,0.2617993877991417,0.0,-1.573478418552916,180,180,190,190,190,190,190
10.490148544311523,0.0012690774980443954,10.312566611301438,0.2617993877991417,0.0,-1.5735100695163329,180,180,190,190,190,190,190
10.500359535217285,0.0012690774980443954,10.312566611301438,0.2617993877991417,0.0,-1.5735100695163329,180,190,190,190,180,190,190
10.510610103607178,0.0012690774980443954,10.312566611301438,0.2617993877991417,0.0,-1.5735100695163329,180,190,190,190,180,190,190
10.52519154548645,0.0012690774980443954,10.312566611301438,0.2617993877991417,0.0,-1.5735100695163329,180,190,190,190,180,190,190
10.535557746887207,0.0012934733048609853,10.303926807214268,0.2617993877991417,0.0,-1.5735404600165024,180,190,190,190,180,190,190
10.545767784118652,0.0012934733048609853,10.303926807214268,0.2617993877991417,0.0,-1.5735404600165024,180,190,190,190,180,190,190
10.556076526641846,0.001318765733845646,10.295014334916662,0.2617993877991417,0.0,-1.5735717587456544,180,190,190,190,180,190,190
10.566328048706055,0.001318765733845646,10.295014334916662,0.2617993877991417,0.0,-1.5735717587456544,180,190,190,190,180,190,190
10.576533079147339,0.001318765733845646,10.295014334916662,0.2617993877991417,0.0,-1.5735717587456544,180,190,190,190,180,190,190
10.586746454238892,0.001318765733845646,10.295014334916662,0.2617993877991417,0.0,-1.5735717587456544,180,190,190,190,180,190,190
10.597002983093262,0.0013433568940919478,10.286353026005012,0.2617993877991417,0.0,-1.5736049175971163,180,190,190,190,180,190,190
10.60758924484253,0.0013433568940919478,10.286353026005012,0.2617993877991417,0.0,-1.5736049175971163,180,190,190,190,180,190,190
10.617847204208374,0.0013433568940919478,10.286353026005012,0.2617993877991417,0.0,-1.5736049175971163,180,190,190,190,180,190,190
10.628079652786255,0.001367688736882711,10.277682494495075,0.2617993877991417,0.0,-1.573630841375382,180,190,190,190,180,190,190
10.638345956802368,0.001367688736882711,10.277682494495075,0.2617993877991417,0.0,-1.573630841375382,180,190,190,190,180,190,190
10.648547410964966,0.001367688736882711,10.277682494495075,0.2617993877991417,0.0,-1.573630841375382,180,190,190,190,180,190,180
10.658739805221558,0.0013919376855353227,10.268745328959657,0.2617993877991417,0.0,-1.573621842218293,180,190,190,190,180,190,180
10.677197694778442,0.0013919376855353227,10.268745328959657,0.2617993877991417,0.0,-1.573621842218293,180,190,190,190,180,190,180
10.687442302703857,0.0013919376855353227,10.268745328959657,0.2617993877991417,0.0,-1.573621842218293,180,190,190,190,180,190,180
10.697652101516724,0.001411558719209355,10.260078263854913,0.2617993877991417,0.0,-1.5736148029418466,180,190,190,190,180,190,180
10.707877159118652,0.001411558719209355,10.260078263854913,0.2617993877991417,0.0,-1.5736148029418466,180,190,190,190,190,190,180
10.718074321746826,0.001411558719209355,10.260078263854913,0.2617993877991417,0.0,-1.5736148029418466,180,190,190,190,190,190,180
10.733138084411621,0.0014327791107253767,10.25142708639997,0.2617993877991417,0.0,-1.5736986838358136,180,190,190,190,190,190,180
10.743372201919556,0.0014327791107253767,10.25142708639997,0.2617993877991417,0.0,-1.5736986838358136,180,190,190,190,190,190,180
10.75357985496521,0.0014327791107253767,10.25142708639997,0.2617993877991417,0.0,-1.5736986838358136,180,190,190,190,190,190,180
10.763879776000977,0.0014643669923866405,10.242585366094671,0.2617993877991417,0.0,-1.5738143780338778,180,190,190,190,190,190,180
10.782042741775513,0.0014643669923866405,10.242585366094671,0.2617993877991417,0.0,-1.5738143780338778,180,190,190,190,190,190,180
10.792287588119507,0.001491167557506575,10.233977284754658,0.2617993877991417,0.0,-1.5738265218108685,180,190,190,190,190,190,180
10.802520036697388,0.001491167557506575,10.233977284754658,0.2617993877991417,0.0,-1.5738265218108685,180,190,190,190,190,190,190
10.812763214111328,0.001491167557506575,10.233977284754658,0.2617993877991417,0.0,-1.5738265218108685,180,190,190,190,190,190,190
10.829709529876709,0.0015180937479251633,10.22536790878005,0.2617993877991417,0.0,-1.5738760023526315,180,190,190,190,190,190,190
10.83992075920105,0.0015180937479251633,10.22536790878005,0.2617993877991417,0.0,-1.5738760023526315,180,190,190,190,190,190,190
10.850139856338501,0.0015180937479251633,10.22536790878005,0.2617993877991417,0.0,-1.5738760023526315,180,190,190,190,190,190,190
10.860353946685791,0.0015467403917156747,10.21648660575048,0.2617993877991417,0.0,-1.573920844125254,180,190,190,190,190,190,190
10.87877631187439,0.0015467403917156747,10.21648660575048,0.2617993877991417,0.0,-1.573920844125254,180,190,190,190,190,190,190
10.889032125473022,0.0015747370315299096,10.207855489716446,0.2617993877991417,0.0,-1.5739523127847936,180,190,190,190,190,190,190
10.899250507354736,0.0015747370315299096,10.207855489716446,0.2617993877991417,0.0,-1.5739523127847936,180,190,190,190,190,190,190
10.90947151184082,0.0015747370315299096,10.207855489716446,0.2617993877991417,0.0,-1.5739523127847936,180,190,190,190,190,190,190
10.927961587905884,0.0015747370315299096,10.207855489716446,0.2617993877991417,0.0,-1.5739523127847936,180,190,190,190,190,190,190
10.938190698623657,0.0016029489698391078,10.199214456096646,0.2617993877991417,0.0,-1.573982518133525,180,190,190,190,190,190,190
10.948519706726074,0.0016029489698391078,10.199214456096646,0.2617993877991417,0.0,-1.573982518133525,180,190,190,190,190,190,190
10.95871090888977,0.0016029489698391078,10.199214456096646,0.2617993877991417,0.0,-1.573982518133525,180,190,190,190,190,190,190
10.968905448913574,0.001632159279761247,10.190300622651305,0.2617993877991417,0.0,-1.5740141965567744,180,190,190,190,190,190,190
10.982022047042847,0.001632159279761247,10.190300622651305,0.2617993877991417,0.0,-1.5740141965567744,180,190,190,190,190,190,190
10.992219686508179,0.001660549590761193,10.181638091704208,0.2617993877991417,0.0,-1.5740472343629344,180,190,190,190,190,190,190
11.002440929412842,0.001660549590761193,10.181638091704208,0.2617993877991417,0.0,-1.5740472343629344,180,190,190,190,190,190,190
11.012662887573242,0.001660549590761193,10.181638091704208,0.2617993877991417,0.0,-1.5740472343629344,180,190,190,190,190,190,190
11.027128219604492,0.001660549590761193,10.181638091704208,0.2617993877991417,0.0,-1.5740472343629344,180,190,190,190,190,190,190
11.037352800369263,0.0016886158766834223,10.172966620159904,0.2617993877991417,0.0,-1.5740704808429224,180,190,190,190,190,190,190
11.047562837600708,0.0016886158766834223,10.172966620159904,0.2617993877991417,0.0,-1.5740704808429224,180,190,190,190,190,190,190
11.057784795761108,0.0017165330902110326,10.164029902489734,0.2617993877991417,0.0,-1.5740566409811025,180,190,190,190,190,190,190
11.06801152229309,0.0017165330902110326,10.164029902489734,0.2617993877991417,0.0,-1.5740566409811025,180,190,190,190,190,190,190
11.079494714736938,0.0017165330902110326,10.164029902489734,0.2617993877991417,0.0,-1.5740566409811025,180,190,190,190,190,190,190
11.089699506759644,0.0017397318875259043,10.155363818259062,0.2617993877991417,0.0,-1.5740587686907481,180,190,190,190,190,190,190
11.09989595413208,0.0017397318875259043,10.155363818259062,0.2617993877991417,0.0,-1.5740587686907481,180,190,190,190,190,190,190
11.110106468200684,0.0017397318875259043,10.155363818259062,0.2617993877991417,0.0,-1.5740587686907481,180,190,190,190,180,190,190
11.120336294174194,0.0017397318875259043,10.155363818259062,0.2617993877991417,0.0,-1.5740587686907481,180,190,190,190,180,190,190
11.130702257156372,0.00176575697577355,10.14671938922745,0.2617993877991417,0.0,-1.574135251766806,180,190,190,190,180,190,190
11.140906810760498,0.00176575697577355,10.14671938922745,0.2617993877991417,0.0,-1.574135251766806,180,190,190,190,180,190,190
11.151119232177734,0.00176575697577355,10.14671938922745,0.2617993877991417,0.0,-1.574135251766806,180,190,190,190,190,190,190
11.161317825317383,0.0018001436524609452,10.137878631285929,0.2617993877991417,0.0,-1.5742588340186225,180,190,190,190,190,190,190
11.178830623626709,0.0018001436524609452,10.137878631285929,0.2617993877991417,0.0,-1.5742588340186225,180,190,190,190,190,190,190
11.189061880111694,0.0018314746771608745,10.129270580854985,0.2617993877991417,0.0,-1.5742760281895531,180,190,190,190,190,190,190
11.199288368225098,0.0018314746771608745,10.129270580854985,0.2617993877991417,0.0,-1.5742760281895531,180,190,190,190,190,190,190
11.209602117538452,0.0018314746771608745,10.129270580854985,0.2617993877991417,0.0,-1.5742760281895531,180,190,190,190,190,190,190
11.227176904678345,0.0018314746771608745,10.129270580854985,0.2617993877991417,0.0,-1.5742760281895531,180,190,190,190,190,190,190
11.23747730255127,0.0018623986576991097,10.120660158122721,0.2617993877991417,0.0,-1.5743269204567638,180,190,190,190,190,190,190
11.247690200805664,0.0018623986576991097,10.120660158122721,0.2617993877991417,0.0,-1.5743269204567638,180,190,190,190,190,190,190
11.257896900177002,0.0018950616217129012,10.111777521543361,0.2617993877991417,0.0,-1.5743704718264804,180,190,190,190,190,190,190
11.268113136291504,0.0018950616217129012,10.111777521543361,0.2617993877991417,0.0,-1.5743704718264804,180,190,190,190,190,190,190
11.278327703475952,0.0018950616217129012,10.111777521543361,0.2617993877991417,0.0,-1.5743704718264804,180,190,190,190,190,190,190
11.28852891921997,0.0018950616217129012,10.111777521543361,0.2617993877991417,0.0,-1.5743704718264804,180,190,190,190,190,190,190
11.29874300956726,0.0019269325405898586,10.103145263410077,0.2617993877991417,0.0,-1.5744018892728588,180,190,190,190,190,190,190
11.309011459350586,0.0019269325405898586,10.103145263410077,0.2617993877991417,0.0,-1.5744018892728588,180,190,190,190,190,190,190
11.319281339645386,0.0019269325405898586,10.103145263410077,0.2617993877991417,0.0,-1.5744018892728588,180,190,190,190,190,190,190
11.330618143081665,0.0019590248046764923,10.09450306733945,0.2617993877991417,0.0,-1.5744319048775222,180,190,190,190,190,190,190
11.340811729431152,0.0019590248046764923,10.09450306733945,0.2617993877991417,0.0,-1.5744319048775222,180,190,190,190,190,190,190
11.351042747497559,0.0019590248046764923,10.09450306733945,0.2617993877991417,0.0,-1.5744319048775222,180,190,190,190,190,190,190
11.361271858215332,0.0019922193269540514,10.085587959058397,0.2617993877991417,0.0,-1.5744638386543852,180,190,190,190,190,190,190
11.377119302749634,0.0019922193269540514,10.085587959058397,0.2617993877991417,0.0,-1.5744638386543852,180,190,190,190,190,190,190
11.387381553649902,0.0019922193269540514,10.085587959058397,0.2617993877991417,0.0,-1.5744638386543852,180,190,190,190,190,190,190
11.39759349822998,0.0020244725160014384,10.076924317693368,0.2617993877991417,0.0,-1.5744964673793638,180,190,190,180,190,190,190
11.407754182815552,0.0020244725160014384,10.076924317693368,0.2617993877991417,0.0,-1.5744964673793638,180,190,190,180,190,190,190
11.417955875396729,0.0020244725160014384,10.076924317693368,0.2617993877991417,0.0,-1.5744964673793638,180,190,190,180,190,190,190
11.429481267929077,0.0020563294579613914,10.068252041642422,0.2617993877991417,0.0,-1.574516248453584,180,190,190,180,190,190,190
11.439733982086182,0.0020563294579613914,10.068252041642422,0.2617993877991417,0.0,-1.574516248453584,180,190,190,180,190,190,190
11.449949502944946,0.0020563294579613914,10.068252041642422,0.2617993877991417,0.0,-1.574516248453584,180,190,190,180,190,190,190
11.460163831710815,0.0020879453849470143,10.05931597719469,0.2617993877991417,0.0,-1.5744980729641416,180,190,190,180,190,190,190
11.47041368484497,0.0020879453849470143,10.05931597719469,0.2617993877991417,0.0,-1.5744980729641416,180,190,190,180,190,190,190
11.480616807937622,0.0020879453849470143,10.05931597719469,0.2617993877991417,0.0,-1.5744980729641416,180,190,190,180,190,190,190
11.490836143493652,0.0021150489089566656,10.05065083627018,0.2617993877991417,0.0,-1.574511357353075,180,190,190,180,190,190,190
11.501065015792847,0.0021150489089566656,10.05065083627018,0.2617993877991417,0.0,-1.574511357353075,180,190,190,190,190,190,190
11.511311769485474,0.0021150489089566656,10.05065083627018,0.2617993877991417,0.0,-1.574511357353075,180,190,190,190,190,190,190
11.521476745605469,0.0021150489089566656,10.05065083627018,0.2617993877991417,0.0,-1.574511357353075,180,190,190,190,190,190,190
11.531867265701294,0.0021150489089566656,10.05065083627018,0.2617993877991417,0.0,-1.574511357353075,180,190,190,190,190,190,190
11.542184829711914,0.0021462599186345124,10.04201494881151,0.2617993877991417,0.0,-1.574578198068753,180,190,190,190,190,190,190
11.552448034286499,0.0021462599186345124,10.04201494881151,0.2617993877991417,0.0,-1.574578198068753,180,190,190,190,190,190,190
11.562788009643555,0.00218366667344201,10.033172877244246,0.2617993877991417,0.0,-1.5747048272259365,180,190,190,190,190,180,190
11.580047130584717,0.00218366667344201,10.033172877244246,0.2617993877991417,0.0,-1.5747048272259365,180,190,190,190,190,180,190
11.590237855911255,0.0022189962316841077,10.024565361694686,0.2617993877991417,0.0,-1.574732259603122,180,190,190,190,190,180,190
11.600444555282593,0.0022189962316841077,10.024565361694686,0.2617993877991417,0.0,-1.574732259603122,180,190,190,190,190,180,190
11.610637187957764,0.0022189962316841077,10.024565361694686,0.2617993877991417,0.0,-1.574732259603122,180,180,190,190,190,180,190
11.625699996948242,0.0022189962316841077,10.024565361694686,0.2617993877991417,0.0,-1.574732259603122,180,180,190,190,190,180,190
11.63594102859497,0.0022539123943895673,10.01595379218913,0.2617993877991417,0.0,-1.574783814410447,180,180,190,190,190,180,190
11.64616847038269,0.0022539123943895673,10.01595379218913,0.2617993877991417,0.0,-1.574783814410447,180,180,190,190,190,180,190
11.656497478485107,0.0022539123943895673,10.01595379218913,0.2617993877991417,0.0,-1.574783814410447,180,180,190,190,190,180,190
11.666762351989746,0.002290630741297501,10.007069714438748,0.2617993877991417,0.0,-1.574825238123268,180,180,190,190,190,180,190
11.676961421966553,0.002290630741297501,10.007069714438748,0.2617993877991417,0.0,-1.574825238123268,180,180,190,190,190,180,190
11.687157392501831,0.002290630741297501,10.007069714438748,0.2617993877991417,0.0,-1.574825238123268,180,180,190,190,190,180,190
11.69737458229065,0.002326425520229099,9.99843626630011,0.2617993877991417,0.0,-1.5748567639790736,180,190,190,190,190,190,190
11.708200931549072,0.002326425520229099,9.99843626630011,0.2617993877991417,0.0,-1.5748567639790736,180,190,190,190,190,190,190
11.724775552749634,0.0023624443535473615,9.989792841035865,0.2617993877991417,0.0,-1.5748866449365773,180,190,190,190,190,190,190
11.734972715377808,0.0023624443535473615,9.989792841035865,0.2617993877991417,0.0,-1.5748866449365773,180,190,190,190,190,190,190
11.745167016983032,0.0023624443535473615,9.989792841035865,0.2617993877991417,0.0,-1.5748866449365773,180,180,190,180,190,190,190
11.755661010742188,0.0023624443535473615,9.989792841035865,0.2617993877991417,0.0,-1.5748866449365773,180,180,190,180,190,190,190
11.765879392623901,0.0023996678622437858,9.980876359810651,0.2617993877991417,0.0,-1.5749191215706846,180,180,190,180,190,190,190
11.776425123214722,0.0023996678622437858,9.980876359810651,0.2617993877991417,0.0,-1.5749191215706846,180,180,190,180,190,190,190
11.786617040634155,0.0023996678622437858,9.980876359810651,0.2617993877991417,0.0,-1.5749191215706846,180,180,190,180,190,190,190
11.7968111038208,0.0024358262809932793,9.972211549505467,0.2617993877991417,0.0,-1.5749513430995425,180,190,190,180,190,190,180
11.807024955749512,0.0024358262809932793,9.972211549505467,0.2617993877991417,0.0,-1.5749513430995425,180,190,190,180,190,190,180
11.825509786605835,0.0024715233637334936,9.963538539744757,0.2617993877991417,0.0,-1.5749673292308897,180,190,190,180,190,190,180
11.83573031425476,0.0024715233637334936,9.963538539744757,0.2617993877991417,0.0,-1.5749673292308897,180,190,190,180,190,190,180
11.845956325531006,0.0024715233637334936,9.963538539744757,0.2617993877991417,0.0,-1.5749673292308897,180,180,180,180,190,190,160
11.85626745223999,0.0024715233637334936,9.963538539744757,0.2617993877991417,0.0,-1.5749673292308897,180,180,180,180,190,190,160
11.875715970993042,0.0025068500060938283,9.954603262698303,0.2617993877991417,0.0,-1.5749459480300567,180,180,180,180,190,190,160
11.885985851287842,0.0025068500060938283,9.954603262698303,0.2617993877991417,0.0,-1.5749459480300567,180,180,180,180,190,190,160
11.896254539489746,0.0025377645127307624,9.945938996072233,0.2617993877991417,0.0,-1.5749725968783,180,180,180,180,190,180,160
11.906527996063232,0.0025377645127307624,9.945938996072233,0.2617993877991417,0.0,-1.5749725968783,180,180,180,180,190,180,160
11.916725158691406,0.0025377645127307624,9.945938996072233,0.2617993877991417,0.0,-1.5749725968783,180,180,180,180,190,180,160
11.926953077316284,0.002574644482018352,9.937313105975864,0.2617993877991417,0.0,-1.5750328788764674,180,180,180,180,190,180,160
11.93716025352478,0.002574644482018352,9.937313105975864,0.2617993877991417,0.0,-1.5750328788764674,180,180,180,180,190,180,160
11.947371006011963,0.002574644482018352,9.937313105975864,0.2617993877991417,0.0,-1.5750328788764674,180,180,180,180,190,190,170
11.957844734191895,0.0026154131097622605,9.928468119464764,0.2617993877991417,0.0,-1.5751579883789906,180,180,180,180,190,190,170
11.97334599494934,0.0026154131097622605,9.928468119464764,0.2617993877991417,0.0,-1.5751579883789906,180,180,180,180,190,190,170
11.983573198318481,0.0026154131097622605,9.928468119464764,0.2617993877991417,0.0,-1.5751579883789906,180,180,180,180,190,190,170
11.993766069412231,0.002654360103207085,9.919861331016904,0.2617993877991417,0.0,-1.575196362931925,180,180,180,170,180,180,170
12.003949642181396,0.002654360103207085,9.919861331016904,0.2617993877991417,0.0,-1.575196362931925,180,180,180,170,180,180,170
12.014119863510132,0.002654360103207085,9.919861331016904,0.2617993877991417,0.0,-1.575196362931925,180,180,180,170,180,180,170
12.02571439743042,0.002693299084847383,9.911248606516773,0.2617993877991417,0.0,-1.5752481233316147,180,180,180,170,180,180,170
12.035924196243286,0.002693299084847383,9.911248606516773,0.2617993877991417,0.0,-1.5752481233316147,180,180,180,170,180,180,170
12.046131134033203,0.002693299084847383,9.911248606516773,0.2617993877991417,0.0,-1.5752481233316147,180,180,180,170,170,170,170
12.05635690689087,0.002693299084847383,9.911248606516773,0.2617993877991417,0.0,-1.5752481233316147,180,180,180,170,170,170,170
12.066595554351807,0.0027341339318371987,9.902363176784185,0.2617993877991417,0.0,-1.5752874975703757,180,180,180,170,170,170,170
12.076837062835693,0.0027341339318371987,9.902363176784185,0.2617993877991417,0.0,-1.5752874975703757,180,180,180,170,170,170,170
12.08707594871521,0.0027341339318371987,9.902363176784185,0.2617993877991417,0.0,-1.5752874975703757,180,180,180,170,170,170,170
12.097378253936768,0.002773915800633396,9.893728599995615,0.2617993877991417,0.0,-1.5753190755633495,180,180,180,170,170,170,170
12.107592105865479,0.002773915800633396,9.893728599995615,0.2617993877991417,0.0,-1.5753190755633495,180,180,180,170,170,170,170
12.117825269699097,0.002773915800633396,9.893728599995615,0.2617993877991417,0.0,-1.5753190755633495,180,180,180,170,170,170,170
12.12806510925293,0.002773915800633396,9.893728599995615,0.2617993877991417,0.0,-1.5753190755633495,180,180,180,170,170,170,170
12.138356447219849,0.0028139232730958388,9.885083996431952,0.2617993877991417,0.0,-1.575348875175602,180,180,180,170,170,170,170
12.148587226867676,0.0028139232730958388,9.885083996431952,0.2617993877991417,0.0,-1.575348875175602,180,180,180,170,170,180,170
12.159261465072632,0.0028139232730958388,9.885083996431952,0.2617993877991417,0.0,-1.575348875175602,180,180,180,170,170,180,170
12.175617694854736,0.0028552434767442156,9.876166209184547,0.2617993877991417,0.0,-1.575381838370585,180,180,180,170,170,180,170
12.185850143432617,0.0028552434767442156,9.876166209184547,0.2617993877991417,0.0,-1.575381838370585,180,180,180,170,170,180,170
12.196070432662964,0.002895358586289356,9.867500307948603,0.2617993877991417,0.0,-1.575413445856468,180,180,180,170,170,180,170
12.206294059753418,0.002895358586289356,9.867500307948603,0.2617993877991417,0.0,-1.575413445856468,180,180,180,170,180,180,170
12.224340200424194,0.00293496943201664,9.858826739702574,0.2617993877991417,0.0,-1.5754252101693185,180,180,180,170,180,180,170
12.234582424163818,0.00293496943201664,9.858826739702574,0.2617993877991417,0.0,-1.5754252101693185,180,180,180,170,180,180,170
12.244777917861938,0.00293496943201664,9.858826739702574,0.2617993877991417,0.0,-1.5754252101693185,180,190,180,170,170,180,170
12.255061626434326,0.00293496943201664,9.858826739702574,0.2617993877991417,0.0,-1.5754252101693185,180,190,180,170,170,180,170
12.273823261260986,0.0029739766251771116,9.849892389992288,0.2617993877991417,0.0,-1.575401924825958,180,190,180,170,170,180,170
12.284043550491333,0.0029739766251771116,9.849892389992288,0.2617993877991417,0.0,-1.575401924825958,180,190,180,170,170,180,170
12.294282913208008,0.003008624343120477,9.841229096673088,0.2617993877991417,0.0,-1.5754428723755303,180,190,180,170,170,180,170
12.30464792251587,0.003008624343120477,9.841229096673088,0.2617993877991417,0.0,-1.5754428723755303,180,190,180,170,170,180,170
12.314995527267456,0.003008624343120477,9.841229096673088,0.2617993877991417,0.0,-1.5754428723755303,180,190,180,170,170,180,170
12.325231313705444,0.003051388124811906,9.832613972485522,0.2617993877991417,0.0,-1.5755044434616698,180,190,180,170,170,180,170
12.335444688796997,0.003051388124811906,9.832613972485522,0.2617993877991417,0.0,-1.5755044434616698,180,190,180,170,170,180,170
12.345640659332275,0.003051388124811906,9.832613972485522,0.2617993877991417,0.0,-1.5755044434616698,180,180,180,170,170,180,170
12.355845928192139,0.003051388124811906,9.832613972485522,0.2617993877991417,0.0,-1.5755044434616698,180,180,180,170,170,180,170
12.36614465713501,0.0030958030990187327,9.823764204697037,0.2617993877991417,0.0,-1.5756149256184702,180,180,180,170,170,180,170
12.376365661621094,0.0030958030990187327,9.823764204697037,0.2617993877991417,0.0,-1.5756149256184702,180,180,180,170,170,180,170
12.386579990386963,0.0030958030990187327,9.823764204697037,0.2617993877991417,0.0,-1.5756149256184702,180,180,180,170,170,180,170
12.396817922592163,0.003138253640738191,9.815158065540766,0.2617993877991417,0.0,-1.5756628440809073,180,180,180,170,180,190,170
12.407026529312134,0.003138253640738191,9.815158065540766,0.2617993877991417,0.0,-1.5756628440809073,180,180,180,170,180,190,170
12.425097465515137,0.003181238779001972,9.806544085267692,0.2617993877991417,0.0,-1.5757146692028536,180,180,180,170,180,190,170
12.435361862182617,0.003181238779001972,9.806544085267692,0.2617993877991417,0.0,-1.5757146692028536,180,180,180,170,180,190,170
12.445538997650146,0.003181238779001972,9.806544085267692,0.2617993877991417,0.0,-1.5757146692028536,180,180,180,170,180,190,170
12.455753087997437,0.003181238779001972,9.806544085267692,0.2617993877991417,0.0,-1.5757146692028536,180,180,180,170,180,180,170
12.466076850891113,0.0032262061920718486,9.797657259544188,0.2617993877991417,0.0,-1.5757519467850754,180,180,180,170,180,180,170
12.47629165649414,0.0032262061920718486,9.797657259544188,0.2617993877991417,0.0,-1.5757519467850754,180,180,180,170,180,180,170
12.486494541168213,0.0032262061920718486,9.797657259544188,0.2617993877991417,0.0,-1.5757519467850754,180,180,180,170,180,180,170
12.496726512908936,0.003269994061359166,9.789021484771428,0.2617993877991417,0.0,-1.575783521676512,180,180,180,170,180,190,170
12.50694751739502,0.003269994061359166,9.789021484771428,0.2617993877991417,0.0,-1.575783521676512,180,180,180,170,180,190,170
12.524912595748901,0.003269994061359166,9.789021484771428,0.2617993877991417,0.0,-1.575783521676512,180,180,180,170,180,190,170
12.535321712493896,0.00331400523753011,9.780375626910452,0.2617993877991417,0.0,-1.575813379894192,180,180,180,170,180,190,170
12.545531034469604,0.00331400523753011,9.780375626910452,0.2617993877991417,0.0,-1.575813379894192,180,180,180,170,180,190,170
12.555858850479126,0.00331400523753011,9.780375626910452,0.2617993877991417,0.0,-1.575813379894192,180,180,180,170,180,190,160
12.56609296798706,0.0033594437953752315,9.77145648082066,0.2617993877991417,0.0,-1.575846800338684,180,180,180,170,180,190,160
12.576313018798828,0.0033594437953752315,9.77145648082066,0.2617993877991417,0.0,-1.575846800338684,180,180,180,170,180,190,160
12.586596012115479,0.0033594437953752315,9.77145648082066,0.2617993877991417,0.0,-1.575846800338684,180,180,180,170,180,190,160
12.596795558929443,0.003403514851598897,9.762789479540736,0.2617993877991417,0.0,-1.5758775654969541,180,180,180,180,190,190,160
12.607624769210815,0.003403514851598897,9.762789479540736,0.2617993877991417,0.0,-1.5758775654969541,180,180,180,180,190,190,160
12.624571800231934,0.003447067583197083,9.754115458529014,0.2617993877991417,0.0,-1.575884504335479,180,180,180,180,190,190,160
12.634830236434937,0.003447067583197083,9.754115458529014,0.2617993877991417,0.0,-1.575884504335479,180,180,180,180,190,190,160
12.645006895065308,0.003447067583197083,9.754115458529014,0.2617993877991417,0.0,-1.575884504335479,180,180,180,180,190,190,160
12.6552255153656,0.003447067583197083,9.754115458529014,0.2617993877991417,0.0,-1.575884504335479,180,180,180,180,190,190,170
12.665491104125977,0.0034896431087259555,9.745182130012381,0.2617993877991417,0.0,-1.5758607602638703,180,180,180,180,190,190,170
12.676117420196533,0.0034896431087259555,9.745182130012381,0.2617993877991417,0.0,-1.5758607602638703,180,180,180,180,190,190,170
12.686350107192993,0.0034896431087259555,9.745182130012381,0.2617993877991417,0.0,-1.5758607602638703,180,180,180,180,190,190,170
12.696563482284546,0.003528213223012965,9.736520137742112,0.2617993877991417,0.0,-1.5759155707986394,180,180,190,190,190,190,180
12.70674467086792,0.003528213223012965,9.736520137742112,0.2617993877991417,0.0,-1.5759155707986394,180,180,190,190,190,190,180
12.724583625793457,0.0035766140620578386,9.727915701145037,0.2617993877991417,0.0,-1.5759884767851033,180,180,190,190,190,190,180
12.734794855117798,0.0035766140620578386,9.727915701145037,0.2617993877991417,0.0,-1.5759884767851033,180,180,190,190,190,190,180
12.744975566864014,0.0035766140620578386,9.727915701145037,0.2617993877991417,0.0,-1.5759884767851033,180,180,180,170,190,190,170
12.755149126052856,0.0035766140620578386,9.727915701145037,0.2617993877991417,0.0,-1.5759884767851033,180,180,180,170,190,190,170
12.765353441238403,0.0036247447971848126,9.71906032004178,0.2617993877991417,0.0,-1.5760725274850829,180,180,180,170,190,190,170
12.775584936141968,0.0036247447971848126,9.71906032004178,0.2617993877991417,0.0,-1.5760725274850829,180,180,180,170,190,190,170
12.785769939422607,0.0036247447971848126,9.71906032004178,0.2617993877991417,0.0,-1.5760725274850829,180,180,180,170,190,190,170
12.795936346054077,0.003670816151114746,9.710454444565205,0.2617993877991417,0.0,-1.5761257960711703,180,180,180,170,190,190,170
12.806152105331421,0.003670816151114746,9.710454444565205,0.2617993877991417,0.0,-1.5761257960711703,180,180,140,170,170,190,160
12.824934959411621,0.003670816151114746,9.710454444565205,0.2617993877991417,0.0,-1.5761257960711703,180,180,140,170,170,190,160
12.83516001701355,0.0037178164564024988,9.701839240682673,0.2617993877991417,0.0,-1.5761772845175643,180,180,140,170,170,190,160
12.845345258712769,0.0037178164564024988,9.701839240682673,0.2617993877991417,0.0,-1.5761772845175643,180,180,140,170,170,190,160
12.855735063552856,0.0037178164564024988,9.701839240682673,0.2617993877991417,0.0,-1.5761772845175643,180,180,140,170,170,190,160
12.865967512130737,0.003766883673545818,9.692951097960322,0.2617993877991417,0.0,-1.5762127405137791,180,180,140,170,170,190,160
12.876195430755615,0.003766883673545818,9.692951097960322,0.2617993877991417,0.0,-1.5762127405137791,180,180,140,170,170,190,160
12.886382579803467,0.003766883673545818,9.692951097960322,0.2617993877991417,0.0,-1.5762127405137791,180,180,140,170,170,190,160
12.896557569503784,0.0038146445369248755,9.684314175599523,0.2617993877991417,0.0,-1.576244203627347,180,170,170,170,170,170,160
12.90676212310791,0.0038146445369248755,9.684314175599523,0.2617993877991417,0.0,-1.576244203627347,180,170,170,170,170,170,160
12.925063133239746,0.0038626243521106616,9.67566711155073,0.2617993877991417,0.0,-1.5762741864954486,180,170,170,170,170,170,160
12.935275316238403,0.0038626243521106616,9.67566711155073,0.2617993877991417,0.0,-1.5762741864954486,180,170,170,170,170,170,160
12.94545865058899,0.0038626243521106616,9.67566711155073,0.2617993877991417,0.0,-1.5762741864954486,170,170,170,170,170,170,160
12.955687999725342,0.0038626243521106616,9.67566711155073,0.2617993877991417,0.0,-1.5762741864954486,170,170,170,170,170,170,160
12.974977254867554,0.003912150131202436,9.666746687517186,0.2617993877991417,0.0,-1.576307937924098,170,170,170,170,170,170,160
12.985188961029053,0.003912150131202436,9.666746687517186,0.2617993877991417,0.0,-1.576307937924098,170,170,170,170,170,170,160
12.99538779258728,0.003960131578138144,9.65807866978071,0.2617993877991417,0.0,-1.5763375330807485,170,170,170,170,170,170,160
13.005573987960815,0.003960131578138144,9.65807866978071,0.2617993877991417,0.0,-1.5763375330807485,160,170,160,160,160,170,160
13.023876190185547,0.003960131578138144,9.65807866978071,0.2617993877991417,0.0,-1.5763375330807485,160,170,160,160,160,170,160
13.034083843231201,0.003960131578138144,9.65807866978071,0.2617993877991417,0.0,-1.5763375330807485,160,170,160,160,160,170,160
13.04427433013916,0.003960131578138144,9.65807866978071,0.2617993877991417,0.0,-1.5763375330807485,160,170,170,170,170,170,160
13.054747343063354,0.004007573686222388,9.649404392411363,0.2617993877991417,0.0,-1.57633935339145,160,170,170,170,170,170,160
13.064949750900269,0.004053577640500881,9.640472170254858,0.2617993877991417,0.0,-1.576316952555383,160,170,170,170,170,170,160
13.075161933898926,0.004053577640500881,9.640472170254858,0.2617993877991417,0.0,-1.576316952555383,160,170,170,170,170,170,160
13.085342645645142,0.004053577640500881,9.640472170254858,0.2617993877991417,0.0,-1.576316952555383,160,170,170,170,170,170,160
13.095535039901733,0.004096393739127862,9.631812138886472,0.2617993877991417,0.0,-1.5763830844455589,170,170,170,170,170,170,160
13.105753183364868,0.004096393739127862,9.631812138886472,0.2617993877991417,0.0,-1.5763830844455589,170,170,170,170,170,170,160
13.115966558456421,0.004096393739127862,9.631812138886472,0.2617993877991417,0.0,-1.5763830844455589,170,170,170,170,170,170,160
13.126200437545776,0.004149832199664935,9.623217406312234,0.2617993877991417,0.0,-1.5764745523625163,170,170,170,170,170,170,160
13.136395692825317,0.004149832199664935,9.623217406312234,0.2617993877991417,0.0,-1.5764745523625163,170,170,170,170,170,170,160
13.146595001220703,0.004149832199664935,9.623217406312234,0.2617993877991417,0.0,-1.5764745523625163,170,170,180,170,170,170,160
13.156775712966919,0.004149832199664935,9.623217406312234,0.2617993877991417,0.0,-1.5764745523625163,170,170,180,170,170,170,160
13.174500942230225,0.004201698296510013,9.61435732022921,0.2617993877991417,0.0,-1.5765314262335595,170,170,180,170,170,170,160
13.184705972671509,0.004201698296510013,9.61435732022921,0.2617993877991417,0.0,-1.5765314262335595,170,170,180,170,170,170,160
13.194880485534668,0.004251658956228867,9.605750793760986,0.2617993877991417,0.0,-1.5765851801536372,170,170,180,170,170,170,160
13.205052614212036,0.004251658956228867,9.605750793760986,0.2617993877991417,0.0,-1.5765851801536372,180,180,180,170,180,190,170
13.224728345870972,0.004251658956228867,9.605750793760986,0.2617993877991417,0.0,-1.5765851801536372,180,180,180,170,180,190,170
13.235088109970093,0.004302679645304495,9.597134267008702,0.2617993877991417,0.0,-1.5766355066784261,180,180,180,170,180,190,170
13.24527359008789,0.004302679645304495,9.597134267008702,0.2617993877991417,0.0,-1.5766355066784261,170,180,170,170,170,190,160
13.255659103393555,0.004302679645304495,9.597134267008702,0.2617993877991417,0.0,-1.5766355066784261,170,180,170,170,170,190,160
13.265874147415161,0.004355782043626415,9.588244786350598,0.2617993877991417,0.0,-1.5766699857194548,170,180,170,170,170,190,160
13.276074886322021,0.004355782043626415,9.588244786350598,0.2617993877991417,0.0,-1.5766699857194548,170,180,170,170,170,190,160
13.286253452301025,0.004355782043626415,9.588244786350598,0.2617993877991417,0.0,-1.5766699857194548,170,180,170,170,170,190,160
13.296586990356445,0.00440748722666128,9.579606650354794,0.2617993877991417,0.0,-1.576701357451914,160,170,170,170,170,170,150
13.307067632675171,0.00440748722666128,9.579606650354794,0.2617993877991417,0.0,-1.576701357451914,160,170,170,170,170,170,150
13.323516607284546,0.004459403914517195,9.570958301581246,0.2617993877991417,0.0,-1.5767316166135728,160,170,170,170,170,170,150
13.333717584609985,0.004459403914517195,9.570958301581246,0.2617993877991417,0.0,-1.5767316166135728,160,170,170,170,170,170,150
13.343889236450195,0.004459403914517195,9.570958301581246,0.2617993877991417,0.0,-1.5767316166135728,150,160,170,170,170,190,150
13.35407018661499,0.004459403914517195,9.570958301581246,0.2617993877991417,0.0,-1.5767316166135728,150,160,170,170,170,190,150
13.36427640914917,0.004512986164177177,9.562036555785443,0.2617993877991417,0.0,-1.5767656566231476,150,160,170,170,170,190,150
13.376264572143555,0.004512986164177177,9.562036555785443,0.2617993877991417,0.0,-1.5767656566231476,150,160,170,170,170,190,150
13.386446237564087,0.004512986164177177,9.562036555785443,0.2617993877991417,0.0,-1.5767656566231476,150,160,170,170,170,190,150
13.396640539169312,0.00456483852393361,9.55336749754619,0.2617993877991417,0.0,-1.5767936025681821,150,170,170,170,170,190,140
13.406875133514404,0.00456483852393361,9.55336749754619,0.2617993877991417,0.0,-1.5767936025681821,150,170,170,170,170,190,140
13.425984859466553,0.00456483852393361,9.55336749754619,0.2617993877991417,0.0,-1.5767936025681821,150,170,170,170,170,190,140
13.436364650726318,0.004616086974054613,9.544693136200209,0.2617993877991417,0.0,-1.5767902133523537,150,170,170,170,170,190,140
13.446541547775269,0.004616086974054613,9.544693136200209,0.2617993877991417,0.0,-1.5767902133523537,160,160,170,170,170,190,140
13.456724643707275,0.004665452382644503,9.535762038047018,0.2617993877991417,0.0,-1.5767711861226725,160,160,170,170,170,190,140
13.466906547546387,0.004665452382644503,9.535762038047018,0.2617993877991417,0.0,-1.5767711861226725,160,160,170,170,170,190,140
13.480684995651245,0.004665452382644503,9.535762038047018,0.2617993877991417,0.0,-1.5767711861226725,160,160,170,170,170,190,140
13.490876913070679,0.004712871269559483,9.527105036066033,0.2617993877991417,0.0,-1.5768437339385766,160,160,170,170,170,190,140
13.50105595588684,0.004712871269559483,9.527105036066033,0.2617993877991417,0.0,-1.5768437339385766,150,160,170,170,170,160,150
13.511237621307373,0.004712871269559483,9.527105036066033,0.2617993877991417,0.0,-1.5768437339385766,150,160,170,170,170,160,150
13.529404640197754,0.004712871269559483,9.527105036066033,0.2617993877991417,0.0,-1.5768437339385766,150,160,170,170,170,160,150
13.539730310440063,0.0047705440991515835,9.518518209084576,0.2617993877991417,0.0,-1.5769541109915561,150,160,170,170,170,160,150
13.549907445907593,0.0047705440991515835,9.518518209084576,0.2617993877991417,0.0,-1.5769541109915561,150,150,160,160,160,150,150
13.560893058776855,0.004826399737951927,9.509654372093053,0.2617993877991417,0.0,-1.576988066065509,150,150,160,160,160,150,150
13.577293634414673,0.004826399737951927,9.509654372093053,0.2617993877991417,0.0,-1.576988066065509,150,150,160,160,160,150,150
13.58750867843628,0.004826399737951927,9.509654372093053,0.2617993877991417,0.0,-1.576988066065509,150,150,160,160,160,150,150
13.598185300827026,0.004880387289045494,9.501046754277201,0.2617993877991417,0.0,-1.577040517223396,160,160,160,160,160,150,150
13.608870267868042,0.004880387289045494,9.501046754277201,0.2617993877991417,0.0,-1.577040517223396,160,160,160,160,160,150,150
13.625300168991089,0.004935404864606916,9.492428909254038,0.2617993877991417,0.0,-1.5770891088607701,160,160,160,160,160,150,150
13.635509014129639,0.004935404864606916,9.492428909254038,0.2617993877991417,0.0,-1.5770891088607701,160,160,160,160,160,150,150
13.6456937789917,0.004935404864606916,9.492428909254038,0.2617993877991417,0.0,-1.5770891088607701,160,160,170,160,160,150,150
13.65598464012146,0.004935404864606916,9.492428909254038,0.2617993877991417,0.0,-1.5770891088607701,160,160,170,160,160,150,150
13.675513744354248,0.004992487831726379,9.483538202258423,0.2617993877991417,0.0,-1.5771230138386325,160,160,170,160,160,150,150
13.685816526412964,0.004992487831726379,9.483538202258423,0.2617993877991417,0.0,-1.5771230138386325,160,160,170,160,160,150,150
13.69622254371643,0.005048102913973509,9.474898911323608,0.2617993877991417,0.0,-1.5771542415672812,160,160,170,160,160,150,150
13.706522703170776,0.005048102913973509,9.474898911323608,0.2617993877991417,0.0,-1.5771542415672812,160,160,160,160,160,160,150
13.725906372070312,0.005048102913973509,9.474898911323608,0.2617993877991417,0.0,-1.5771542415672812,160,160,160,160,160,160,150
13.736280679702759,0.005103920080434495,9.466249326268144,0.2617993877991417,0.0,-1.5771848399787578,160,160,160,160,160,160,150
13.74647307395935,0.005103920080434495,9.466249326268144,0.2617993877991417,0.0,-1.5771848399787578,160,160,150,160,160,160,150
13.75666856765747,0.005103920080434495,9.466249326268144,0.2617993877991417,0.0,-1.5771848399787578,160,160,150,160,160,160,150
13.766886711120605,0.00516151972193072,9.457326338457422,0.2617993877991417,0.0,-1.5772190630911347,160,160,150,160,160,160,150
13.777077913284302,0.00516151972193072,9.457326338457422,0.2617993877991417,0.0,-1.5772190630911347,160,160,150,160,160,160,150
13.787257671356201,0.00516151972193072,9.457326338457422,0.2617993877991417,0.0,-1.5772190630911347,160,160,150,160,160,160,150
13.797460794448853,0.005217209536697274,9.448656319662177,0.2617993877991417,0.0,-1.5772450611066402,170,160,160,160,160,150,150
13.807651042938232,0.005217209536697274,9.448656319662177,0.2617993877991417,0.0,-1.5772450611066402,170,160,160,160,160,150,150
13.81783151626587,0.005217209536697274,9.448656319662177,0.2617993877991417,0.0,-1.5772450611066402,170,160,160,160,160,150,150
13.829863786697388,0.005217209536697274,9.448656319662177,0.2617993877991417,0.0,-1.5772450611066402,170,160,160,160,160,150,150
13.84006142616272,0.00527216828913754,9.439982120201083,0.2617993877991417,0.0,-1.577236583761173,170,160,160,160,160,150,150
13.850239515304565,0.00527216828913754,9.439982120201083,0.2617993877991417,0.0,-1.577236583761173,160,170,170,160,160,150,150
13.860415935516357,0.005324998275451612,9.431052117928157,0.2617993877991417,0.0,-1.5772233573758734,160,170,170,160,160,150,150
13.870594501495361,0.005324998275451612,9.431052117928157,0.2617993877991417,0.0,-1.5772233573758734,160,170,170,160,160,150,150
13.881195545196533,0.005324998275451612,9.431052117928157,0.2617993877991417,0.0,-1.5772233573758734,160,170,170,160,160,150,150
13.89137053489685,0.005377201153947631,9.42239963849795,0.2617993877991417,0.0,-1.5772954218139943,160,170,170,160,160,150,150
13.901577472686768,0.005377201153947631,9.42239963849795,0.2617993877991417,0.0,-1.5772954218139943,160,170,170,160,160,150,150
13.911797761917114,0.005377201153947631,9.42239963849795,0.2617993877991417,0.0,-1.5772954218139943,160,170,170,160,160,150,150
13.930158138275146,0.0054384503806822445,9.413818191892286,0.2617993877991417,0.0,-1.5774205962482166,160,170,170,160,160,150,150
13.940364360809326,0.0054384503806822445,9.413818191892286,0.2617993877991417,0.0,-1.5774205962482166,160,170,170,160,160,150,150
13.95053768157959,0.0054384503806822445,9.413818191892286,0.2617993877991417,0.0,-1.5774205962482166,160,160,170,170,160,150,160
13.960708379745483,0.005498477122414068,9.404951484570063,0.2617993877991417,0.0,-1.5774395440139604,160,160,170,170,160,150,160
13.97684383392334,0.005498477122414068,9.404951484570063,0.2617993877991417,0.0,-1.5774395440139604,160,160,170,170,160,150,160
13.987059593200684,0.005498477122414068,9.404951484570063,0.2617993877991417,0.0,-1.5774395440139604,160,160,170,170,160,150,160
13.997312307357788,0.005556491757029242,9.396342649671453,0.2617993877991417,0.0,-1.5774908999285766,160,170,180,170,170,150,160
14.00755262374878,0.005556491757029242,9.396342649671453,0.2617993877991417,0.0,-1.5774908999285766,160,170,180,170,170,150,160
14.024858951568604,0.005615446785058621,9.387723386095747,0.2617993877991417,0.0,-1.5775372343873115,160,170,180,170,170,150,160
14.035072803497314,0.005615446785058621,9.387723386095747,0.2617993877991417,0.0,-1.5775372343873115,160,170,180,170,170,150,160
14.045260190963745,0.005615446785058621,9.387723386095747,0.2617993877991417,0.0,-1.5775372343873115,160,170,180,170,170,150,160
14.055744647979736,0.005615446785058621,9.387723386095747,0.2617993877991417,0.0,-1.5775372343873115,170,180,180,170,170,190,170
14.065932273864746,0.005676474426106173,9.378831410820489,0.2617993877991417,0.0,-1.577570709438677,170,180,180,170,170,190,170
14.076671361923218,0.005676474426106173,9.378831410820489,0.2617993877991417,0.0,-1.577570709438677,170,180,180,170,170,190,170
14.086904048919678,0.005676474426106173,9.378831410820489,0.2617993877991417,0.0,-1.577570709438677,170,180,180,170,170,190,170
14.097124576568604,0.00573595611185915,9.370190899564392,0.2617993877991417,0.0,-1.5776017941114202,160,170,170,160,170,160,160
14.107309341430664,0.00573595611185915,9.370190899564392,0.2617993877991417,0.0,-1.5776017941114202,160,170,170,160,170,160,160
14.125178098678589,0.00573595611185915,9.370190899564392,0.2617993877991417,0.0,-1.5776017941114202,160,170,170,160,170,160,160
14.135584115982056,0.0057956271575688775,9.361539984864748,0.2617993877991417,0.0,-1.577632940037726,160,170,170,160,170,160,160
14.14576268196106,0.0057956271575688775,9.361539984864748,0.2617993877991417,0.0,-1.577632940037726,160,170,170,160,170,160,160
14.155975341796875,0.00585719523605922,9.352615700292066,0.2617993877991417,0.0,-1.5776673702189996,160,170,170,160,160,160,160
14.166144132614136,0.00585719523605922,9.352615700292066,0.2617993877991417,0.0,-1.5776673702189996,160,170,170,160,160,160,160
14.180618047714233,0.00585719523605922,9.352615700292066,0.2617993877991417,0.0,-1.5776673702189996,160,170,170,160,160,160,160
14.190892219543457,0.005916678658306676,9.343944719031995,0.2617993877991417,0.0,-1.5776911825989792,160,170,170,160,160,160,160
14.20112943649292,0.005916678658306676,9.343944719031995,0.2617993877991417,0.0,-1.5776911825989792,160,170,170,160,160,160,160
14.211304426193237,0.005916678658306676,9.343944719031995,0.2617993877991417,0.0,-1.5776911825989792,160,160,160,160,160,160,160
14.228375911712646,0.005916678658306676,9.343944719031995,0.2617993877991417,0.0,-1.5776911825989792,160,160,160,160,160,160,160
14.238697290420532,0.005975260184970465,9.335270882841492,0.2617993877991417,0.0,-1.5776778704296694,160,160,160,160,160,160,160
14.248881101608276,0.005975260184970465,9.335270882841492,0.2617993877991417,0.0,-1.5776778704296694,160,160,160,160,160,160,160
14.259066343307495,0.006031815327229528,9.32634187290997,0.2617993877991417,0.0,-1.5776733939581717,160,160,160,160,160,160,160
14.269287824630737,0.006031815327229528,9.32634187290997,0.2617993877991417,0.0,-1.5776733939581717,160,160,160,160,160,160,160
14.2796471118927,0.006031815327229528,9.32634187290997,0.2617993877991417,0.0,-1.5776733939581717,160,160,160,160,160,160,160
14.289872407913208,0.0060888976826184524,9.317695636921783,0.2617993877991417,0.0,-1.5777384685388731,160,160,160,160,160,160,160
14.300072431564331,0.0060888976826184524,9.317695636921783,0.2617993877991417,0.0,-1.5777384685388731,160,160,160,160,160,160,160
14.31047248840332,0.0060888976826184524,9.317695636921783,0.2617993877991417,0.0,-1.5777384685388731,160,160,160,160,160,160,160
14.325987100601196,0.006153260783232006,9.309116508245957,0.2617993877991417,0.0,-1.5778715239025607,160,160,160,160,160,160,160
14.336178302764893,0.006153260783232006,9.309116508245957,0.2617993877991417,0.0,-1.5778715239025607,160,160,160,160,160,160,160
14.346359729766846,0.006153260783232006,9.309116508245957,0.2617993877991417,0.0,-1.5778715239025607,160,160,160,160,160,160,160
14.356539487838745,0.006153260783232006,9.309116508245957,0.2617993877991417,0.0,-1.5778715239025607,160,160,170,160,170,160,160
14.366727113723755,0.006217441324862318,9.300248014776109,0.2617993877991417,0.0,-1.5778850629329932,160,160,170,160,170,160,160
14.37899398803711,0.006217441324862318,9.300248014776109,0.2617993877991417,0.0,-1.5778850629329932,160,160,170,160,170,160,160
14.389177560806274,0.0062793984701232635,9.291638059609493,0.2617993877991417,0.0,-1.5779357037409707,160,160,170,160,170,160,160
14.399554252624512,0.0062793984701232635,9.291638059609493,0.2617993877991417,0.0,-1.5779357037409707,160,160,170,160,170,160,160
14.409826755523682,0.0062793984701232635,9.291638059609493,0.2617993877991417,0.0,-1.5779357037409707,160,160,160,160,170,160,160
14.420027256011963,0.0062793984701232635,9.291638059609493,0.2617993877991417,0.0,-1.5779357037409707,160,160,160,160,170,160,160
14.431681394577026,0.006342212094442139,9.283017411056479,0.2617993877991417,0.0,-1.5779794628988444,160,160,160,160,170,160,160
14.441970586776733,0.006342212094442139,9.283017411056479,0.2617993877991417,0.0,-1.5779794628988444,160,160,160,160,170,160,160
14.452149629592896,0.006342212094442139,9.283017411056479,0.2617993877991417,0.0,-1.5779794628988444,160,160,160,160,170,160,160
14.462332010269165,0.006407152259891987,9.274124253465846,0.2617993877991417,0.0,-1.578012683357584,160,160,170,170,170,160,160
14.481595516204834,0.006407152259891987,9.274124253465846,0.2617993877991417,0.0,-1.578012683357584,160,160,170,170,170,160,160
14.49178433418274,0.006470451916392378,9.265482581282154,0.2617993877991417,0.0,-1.578043586978072,160,160,170,170,170,160,160
14.501971960067749,0.006470451916392378,9.265482581282154,0.2617993877991417,0.0,-1.578043586978072,180,180,190,170,170,190,190
14.51215410232544,0.006470451916392378,9.265482581282154,0.2617993877991417,0.0,-1.578043586978072,180,180,190,170,170,190,190
14.529308795928955,0.006470451916392378,9.265482581282154,0.2617993877991417,0.0,-1.578043586978072,180,180,190,170,170,190,190
14.539557218551636,0.006533926443354628,9.256830376215278,0.2617993877991417,0.0,-1.5780753858669487,180,180,190,170,170,190,190
14.549781322479248,0.006533926443354628,9.256830376215278,0.2617993877991417,0.0,-1.5780753858669487,180,180,190,170,170,190,190
14.560710430145264,0.006599410865039202,9.247904870206392,0.2617993877991417,0.0,-1.578109937555223,180,190,190,180,180,190,190
14.577596664428711,0.006599410865039202,9.247904870206392,0.2617993877991417,0.0,-1.578109937555223,180,190,190,180,180,190,190
14.587846517562866,0.006599410865039202,9.247904870206392,0.2617993877991417,0.0,-1.578109937555223,180,190,190,180,180,190,190
14.598023891448975,0.006662641210051099,9.239233057002211,0.2617993877991417,0.0,-1.5781311243452263,180,180,180,170,170,190,170
14.60821533203125,0.006662641210051099,9.239233057002211,0.2617993877991417,0.0,-1.5781311243452263,180,180,180,170,170,190,170
14.618403911590576,0.006662641210051099,9.239233057002211,0.2617993877991417,0.0,-1.5781311243452263,180,180,180,170,170,190,170
14.62858510017395,0.006724759880801222,9.230559794769142,0.2617993877991417,0.0,-1.5781135950581775,180,180,180,170,170,190,170
14.63877820968628,0.006724759880801222,9.230559794769142,0.2617993877991417,0.0,-1.5781135950581775,180,180,180,170,170,190,170
14.64897632598877,0.006724759880801222,9.230559794769142,0.2617993877991417,0.0,-1.5781135950581775,170,180,170,170,160,170,160
14.65915560722351,0.006785243614139121,9.221631671856954,0.2617993877991417,0.0,-1.5781205671189298,170,180,170,170,160,170,160
14.677064180374146,0.006785243614139121,9.221631671856954,0.2617993877991417,0.0,-1.5781205671189298,170,180,170,170,160,170,160
14.687300205230713,0.006785243614139121,9.221631671856954,0.2617993877991417,0.0,-1.5781205671189298,170,180,170,170,160,170,160
14.69747519493103,0.006847289800558768,9.212993494269462,0.2617993877991417,0.0,-1.5781755842865282,170,170,170,160,170,170,160
14.70773696899414,0.006847289800558768,9.212993494269462,0.2617993877991417,0.0,-1.5781755842865282,170,170,170,160,170,170,160
14.717994213104248,0.006847289800558768,9.212993494269462,0.2617993877991417,0.0,-1.5781755842865282,170,170,170,160,170,170,160
14.728436470031738,0.006914606213869351,9.204413390573542,0.2617993877991417,0.0,-1.5783079672235392,170,170,170,160,170,170,160
14.738641262054443,0.006914606213869351,9.204413390573542,0.2617993877991417,0.0,-1.5783079672235392,170,170,170,160,170,170,160
14.74885630607605,0.006914606213869351,9.204413390573542,0.2617993877991417,0.0,-1.5783079672235392,170,170,170,160,170,170,160
14.75940489768982,0.006982850688424996,9.195544551325856,0.2617993877991417,0.0,-1.578327790372933,170,170,170,160,170,170,160
14.776430130004883,0.006982850688424996,9.195544551325856,0.2617993877991417,0.0,-1.578327790372933,170,170,170,160,170,170,160
14.786661624908447,0.006982850688424996,9.195544551325856,0.2617993877991417,0.0,-1.578327790372933,170,170,170,160,170,170,160
14.796848058700562,0.007048698164518006,9.186933458118595,0.2617993877991417,0.0,-1.5783787646729084,170,170,170,160,170,170,160
14.807132005691528,0.007048698164518006,9.186933458118595,0.2617993877991417,0.0,-1.5783787646729084,170,170,170,160,170,170,160
14.825318336486816,0.007115339032690864,9.178311396698046,0.2617993877991417,0.0,-1.5784203040203086,170,170,170,160,170,170,160
14.835574865341187,0.007115339032690864,9.178311396698046,0.2617993877991417,0.0,-1.5784203040203086,170,170,170,160,170,170,160
14.845800876617432,0.007115339032690864,9.178311396698046,0.2617993877991417,0.0,-1.5784203040203086,170,170,170,160,170,170,160
14.855997562408447,0.007184197948295673,9.169417023034512,0.2617993877991417,0.0,-1.5784536107796792,170,170,170,160,160,170,160
14.866232872009277,0.007184197948295673,9.169417023034512,0.2617993877991417,0.0,-1.5784536107796792,170,170,170,160,160,170,160
14.879552602767944,0.007184197948295673,9.169417023034512,0.2617993877991417,0.0,-1.5784536107796792,170,170,170,160,160,170,160
14.88977336883545,0.007251308122603042,9.160774131842738,0.2617993877991417,0.0,-1.5784843939958026,170,170,170,160,160,170,160
14.900036334991455,0.007251308122603042,9.160774131842738,0.2617993877991417,0.0,-1.5784843939958026,170,170,170,160,160,170,160
14.911088466644287,0.007251308122603042,9.160774131842738,0.2617993877991417,0.0,-1.5784843939958026,170,170,170,160,160,170,160
14.927306413650513,0.0073185770688252594,9.152120587130053,0.2617993877991417,0.0,-1.5785168386187984,170,170,170,160,160,170,160
14.937489986419678,0.0073185770688252594,9.152120587130053,0.2617993877991417,0.0,-1.5785168386187984,170,170,170,160,160,170,160
14.947648048400879,0.0073185770688252594,9.152120587130053,0.2617993877991417,0.0,-1.5785168386187984,170,170,170,160,160,170,160
14.957831382751465,0.0073879684513055025,9.143193866023765,0.2617993877991417,0.0,-1.5785511772332868,170,190,180,170,170,190,190
14.97896695137024,0.0073879684513055025,9.143193866023765,0.2617993877991417,0.0,-1.5785511772332868,170,190,180,170,170,190,190
14.989230632781982,0.0074549258710187635,9.134521307149953,0.2617993877991417,0.0,-1.5785687372156523,170,190,180,170,170,190,190
14.999427795410156,0.0074549258710187635,9.134521307149953,0.2617993877991417,0.0,-1.5785687372156523,170,180,180,170,170,190,170
15.009607315063477,0.0074549258710187635,9.134521307149953,0.2617993877991417,0.0,-1.5785687372156523,170,180,180,170,170,190,170
15.025920152664185,0.007520529840175317,9.125848745131094,0.2617993877991417,0.0,-1.578547664514077,170,180,180,170,170,190,170
15.036139488220215,0.007520529840175317,9.125848745131094,0.2617993877991417,0.0,-1.578547664514077,170,180,180,170,170,190,170
15.046312093734741,0.007520529840175317,9.125848745131094,0.2617993877991417,0.0,-1.578547664514077,180,180,170,160,170,170,160
15.056729078292847,0.007584844379304661,9.116921509550531,0.2617993877991417,0.0,-1.5785672965683195,180,180,170,160,170,170,160
15.066959142684937,0.007584844379304661,9.116921509550531,0.2617993877991417,0.0,-1.5785672965683195,180,180,170,160,170,170,160
15.077948331832886,0.007584844379304661,9.116921509550531,0.2617993877991417,0.0,-1.5785672965683195,180,180,170,160,170,170,160
15.088135242462158,0.007584844379304661,9.116921509550531,0.2617993877991417,0.0,-1.5785672965683195,180,180,170,160,170,170,160
15.098515272140503,0.007652196387051434,9.108292858133385,0.2617993877991417,0.0,-1.578613709671322,170,170,170,160,170,170,160
15.113117933273315,0.007652196387051434,9.108292858133385,0.2617993877991417,0.0,-1.578613709671322,170,170,170,160,170,170,160
15.129263162612915,0.007722593563598034,9.099709355691434,0.2617993877991417,0.0,-1.5787389713276447,170,170,170,160,170,170,160
15.13949990272522,0.007722593563598034,9.099709355691434,0.2617993877991417,0.0,-1.5787389713276447,170,170,170,160,170,170,160
15.149733543395996,0.007722593563598034,9.099709355691434,0.2617993877991417,0.0,-1.5787389713276447,170,180,170,160,170,170,170
15.159956216812134,0.007794598367148171,9.090841342591881,0.2617993877991417,0.0,-1.5787715005757244,170,180,170,160,170,170,170
15.178133487701416,0.007794598367148171,9.090841342591881,0.2617993877991417,0.0,-1.5787715005757244,170,180,170,160,170,170,170
15.188390970230103,0.007794598367148171,9.090841342591881,0.2617993877991417,0.0,-1.5787715005757244,170,180,170,160,170,170,170
15.198559999465942,0.007864313933651496,9.082229134043086,0.2617993877991417,0.0,-1.5788229690141895,170,180,170,160,170,170,170
15.208735466003418,0.007864313933651496,9.082229134043086,0.2617993877991417,0.0,-1.5788229690141895,170,180,180,160,170,180,170
15.226984024047852,0.007934780234994379,9.073605755305373,0.2617993877991417,0.0,-1.5788624714765906,170,180,180,160,170,180,170
15.237288236618042,0.007934780234994379,9.073605755305373,0.2617993877991417,0.0,-1.5788624714765906,170,180,180,160,170,180,170
15.247479438781738,0.007934780234994379,9.073605755305373,0.2617993877991417,0.0,-1.5788624714765906,170,180,180,170,170,190,170
15.257691860198975,0.008007576130739165,9.064710233581351,0.2617993877991417,0.0,-1.578895878926556,170,180,180,170,170,190,170
15.267892122268677,0.008007576130739165,9.064710233581351,0.2617993877991417,0.0,-1.578895878926556,170,180,180,170,170,190,170
15.282049179077148,0.008007576130739165,9.064710233581351,0.2617993877991417,0.0,-1.578895878926556,170,180,180,170,170,190,170
15.292419672012329,0.00807850633821235,9.05606617789542,0.2617993877991417,0.0,-1.5789266036519216,170,180,180,170,170,190,170
15.302729606628418,0.00807850633821235,9.05606617789542,0.2617993877991417,0.0,-1.5789266036519216,170,180,180,170,170,170,160
15.313008546829224,0.00807850633821235,9.05606617789542,0.2617993877991417,0.0,-1.5789266036519216,170,180,180,170,170,170,160
15.326249837875366,0.00814958295471035,9.047411378929123,0.2617993877991417,0.0,-1.5789595275279162,170,180,180,170,170,170,160
15.33649730682373,0.00814958295471035,9.047411378929123,0.2617993877991417,0.0,-1.5789595275279162,170,180,180,170,170,170,160
15.346793174743652,0.00814958295471035,9.047411378929123,0.2617993877991417,0.0,-1.5789595275279162,170,170,170,170,170,170,160
15.357106924057007,0.00814958295471035,9.047411378929123,0.2617993877991417,0.0,-1.5789595275279162,170,170,170,170,170,170,160
15.375818014144897,0.008222884976970818,9.038483543209821,0.2617993877991417,0.0,-1.5789932808299716,170,170,170,170,170,170,160
15.386248588562012,0.008222884976970818,9.038483543209821,0.2617993877991417,0.0,-1.5789932808299716,170,170,170,170,170,170,160
15.39656949043274,0.008293579430650221,9.02981041807465,0.2617993877991417,0.0,-1.5790065676200544,170,170,180,170,170,160,160
15.406977415084839,0.008293579430650221,9.02981041807465,0.2617993877991417,0.0,-1.5790065676200544,170,170,180,170,170,160,160
15.42726755142212,0.008293579430650221,9.02981041807465,0.2617993877991417,0.0,-1.5790065676200544,170,170,180,170,170,160,160
15.43779444694519,0.00836262549091591,9.021138697947643,0.2617993877991417,0.0,-1.5789829983805004,170,170,180,170,170,160,160
15.448077201843262,0.00836262549091591,9.021138697947643,0.2617993877991417,0.0,-1.5789829983805004,170,170,170,170,160,160,150
15.4584801197052,0.008430593020187423,9.012212441358972,0.2617993877991417,0.0,-1.5790161197283057,170,170,170,170,160,160,150
15.476948738098145,0.008430593020187423,9.012212441358972,0.2617993877991417,0.0,-1.5790161197283057,170,170,170,170,160,160,150
15.487256526947021,0.008430593020187423,9.012212441358972,0.2617993877991417,0.0,-1.5790161197283057,170,170,170,170,160,160,150
15.49749493598938,0.008503466943266239,9.003594256595182,0.2617993877991417,0.0,-1.5790604827018697,170,180,180,170,170,170,160
15.507851123809814,0.008503466943266239,9.003594256595182,0.2617993877991417,0.0,-1.5790604827018697,170,180,180,170,170,170,160
15.52647590637207,0.008577263399608393,8.995005681358492,0.2617993877991417,0.0,-1.5791688207013896,170,180,180,170,170,170,160
15.536755323410034,0.008577263399608393,8.995005681358492,0.2617993877991417,0.0,-1.5791688207013896,170,180,180,170,170,170,160
15.546995639801025,0.008577263399608393,8.995005681358492,0.2617993877991417,0.0,-1.5791688207013896,170,180,180,170,170,170,160
15.557223320007324,0.008652730201920075,8.986138599214907,0.2617993877991417,0.0,-1.5792131751273653,180,190,180,170,180,190,200
15.567489385604858,0.008652730201920075,8.986138599214907,0.2617993877991417,0.0,-1.5792131751273653,180,190,180,170,180,190,200
15.581864356994629,0.008652730201920075,8.986138599214907,0.2617993877991417,0.0,-1.5792131751273653,180,190,180,170,180,190,200
15.592178106307983,0.008726284563224851,8.977525160081388,0.2617993877991417,0.0,-1.5792646073150867,180,190,180,170,180,190,200
15.602407217025757,0.008726284563224851,8.977525160081388,0.2617993877991417,0.0,-1.5792646073150867,180,180,170,170,180,190,200
15.612983226776123,0.008726284563224851,8.977525160081388,0.2617993877991417,0.0,-1.5792646073150867,180,180,170,170,180,190,200
15.62921953201294,0.008726284563224851,8.977525160081388,0.2617993877991417,0.0,-1.5792646073150867,180,180,170,170,180,190,200
15.639577388763428,0.008800552444171095,8.96890041473683,0.2617993877991417,0.0,-1.5793019514980846,180,180,170,170,180,190,200
15.649811506271362,0.008800552444171095,8.96890041473683,0.2617993877991417,0.0,-1.5793019514980846,180,180,170,160,170,150,160
15.660047054290771,0.00887725934342004,8.960003675493372,0.2617993877991417,0.0,-1.579335394529188,180,180,170,160,170,150,160
15.676195621490479,0.00887725934342004,8.960003675493372,0.2617993877991417,0.0,-1.579335394529188,180,180,170,160,170,150,160
15.686509609222412,0.00887725934342004,8.960003675493372,0.2617993877991417,0.0,-1.579335394529188,180,180,170,160,170,150,160
15.696858882904053,0.008951982284277937,8.951358373355172,0.2617993877991417,0.0,-1.5793662094494936,180,180,170,160,170,150,160
15.707153081893921,0.008951982284277937,8.951358373355172,0.2617993877991417,0.0,-1.5793662094494936,170,170,160,160,160,150,160
15.717506647109985,0.008951982284277937,8.951358373355172,0.2617993877991417,0.0,-1.5793662094494936,170,170,160,160,160,150,160
15.736122846603394,0.009026845004365874,8.942702251348765,0.2617993877991417,0.0,-1.5793996665028485,170,170,160,160,160,150,160
15.746403694152832,0.009026845004365874,8.942702251348765,0.2617993877991417,0.0,-1.5793996665028485,170,170,160,160,160,140,160
15.756744384765625,0.009026845004365874,8.942702251348765,0.2617993877991417,0.0,-1.5793996665028485,170,170,160,160,160,140,160
15.77527928352356,0.00910401728597645,8.933773271799136,0.2617993877991417,0.0,-1.5794326908120002,170,170,160,160,160,140,160
15.785698413848877,0.00910401728597645,8.933773271799136,0.2617993877991417,0.0,-1.5794326908120002,170,170,160,160,160,140,160
15.795976161956787,0.009178434589693646,8.925099684423653,0.2617993877991417,0.0,-1.5794412435570377,170,170,150,160,160,150,160
15.806154012680054,0.009178434589693646,8.925099684423653,0.2617993877991417,0.0,-1.5794412435570377,170,170,150,160,160,150,160
15.824824094772339,0.009250787096851381,8.916428894585023,0.2617993877991417,0.0,-1.5794166600420834,170,170,150,160,160,150,160
15.83504843711853,0.009250787096851381,8.916428894585023,0.2617993877991417,0.0,-1.5794166600420834,170,170,150,160,160,150,160
15.845263242721558,0.009250787096851381,8.916428894585023,0.2617993877991417,0.0,-1.5794166600420834,180,180,180,170,170,180,160
15.85614538192749,0.009250787096851381,8.916428894585023,0.2617993877991417,0.0,-1.5794166600420834,180,180,180,170,170,180,160
15.866445302963257,0.00932250493349067,8.90750389446248,0.2617993877991417,0.0,-1.5794632696377733,180,180,180,170,170,180,160
15.87990689277649,0.00932250493349067,8.90750389446248,0.2617993877991417,0.0,-1.5794632696377733,180,180,180,170,170,180,160
15.89016079902649,0.009400788926353586,8.898896281241907,0.2617993877991417,0.0,-1.5795175714579752,180,180,180,170,170,180,160
15.900426864624023,0.009400788926353586,8.898896281241907,0.2617993877991417,0.0,-1.5795175714579752,180,180,180,170,170,180,160
15.910649061203003,0.009400788926353586,8.898896281241907,0.2617993877991417,0.0,-1.5795175714579752,180,180,190,170,170,190,170
15.925517082214355,0.009400788926353586,8.898896281241907,0.2617993877991417,0.0,-1.5795175714579752,180,180,190,170,170,190,170
15.93578028678894,0.00947814032929863,8.890302520002049,0.2617993877991417,0.0,-1.5796027140285351,180,180,190,170,170,190,170
15.946017265319824,0.00947814032929863,8.890302520002049,0.2617993877991417,0.0,-1.5796027140285351,180,190,190,190,190,190,190
15.956336259841919,0.00947814032929863,8.890302520002049,0.2617993877991417,0.0,-1.5796027140285351,180,190,190,190,190,190,190
15.97570013999939,0.009557039026806186,8.881436036057845,0.2617993877991417,0.0,-1.5796551496309652,180,190,190,190,190,190,190
15.985981464385986,0.009557039026806186,8.881436036057845,0.2617993877991417,0.0,-1.5796551496309652,180,190,190,190,190,190,190
15.996214866638184,0.009634433798613116,8.872821391591845,0.2617993877991417,0.0,-1.5797066059105587,180,190,190,190,190,190,200
16.006473779678345,0.009634433798613116,8.872821391591845,0.2617993877991417,0.0,-1.5797066059105587,180,190,190,190,190,190,200
16.016744375228882,0.009634433798613116,8.872821391591845,0.2617993877991417,0.0,-1.5797066059105587,180,190,190,190,190,190,200
16.026992082595825,0.009712505458336159,8.864195387218768,0.2617993877991417,0.0,-1.5797421662068076,180,190,190,190,190,190,200
16.037212133407593,0.009712505458336159,8.864195387218768,0.2617993877991417,0.0,-1.5797421662068076,180,190,190,190,190,190,200
16.04753541946411,0.009712505458336159,8.864195387218768,0.2617993877991417,0.0,-1.5797421662068076,180,190,190,190,190,190,200
16.05795645713806,0.009712505458336159,8.864195387218768,0.2617993877991417,0.0,-1.5797421662068076,180,190,190,190,190,190,190
16.07748579978943,0.00979312821958056,8.855297481389247,0.2617993877991417,0.0,-1.5797755392684494,180,190,190,190,190,190,190
16.087735176086426,0.00979312821958056,8.855297481389247,0.2617993877991417,0.0,-1.5797755392684494,180,190,190,190,190,190,190
16.097909212112427,0.009871646966326926,8.846650986329749,0.2617993877991417,0.0,-1.579806498022468,180,190,190,190,190,190,190
16.10816264152527,0.009871646966326926,8.846650986329749,0.2617993877991417,0.0,-1.579806498022468,180,190,190,190,190,190,190
16.124155521392822,0.009950303518858403,8.837993636272245,0.2617993877991417,0.0,-1.5798402801356421,180,190,190,190,190,190,190
16.134405612945557,0.009950303518858403,8.837993636272245,0.2617993877991417,0.0,-1.5798402801356421,180,190,190,190,190,190,190
16.144644260406494,0.009950303518858403,8.837993636272245,0.2617993877991417,0.0,-1.5798402801356421,180,190,190,190,190,190,190
16.154905319213867,0.009950303518858403,8.837993636272245,0.2617993877991417,0.0,-1.5798402801356421,180,190,190,190,190,190,190
16.16516923904419,0.010031332699067759,8.829063624269029,0.2617993877991417,0.0,-1.5798722122050626,180,190,190,190,190,190,190
16.175419807434082,0.010031332699067759,8.829063624269029,0.2617993877991417,0.0,-1.5798722122050626,180,190,190,190,190,190,190
16.185624361038208,0.010031332699067759,8.829063624269029,0.2617993877991417,0.0,-1.5798722122050626,180,190,190,190,190,190,190
16.19580864906311,0.01010946065826072,8.820389757628586,0.2617993877991417,0.0,-1.5798754549646088,180,190,190,190,190,190,190
16.20607590675354,0.01010946065826072,8.820389757628586,0.2617993877991417,0.0,-1.5798754549646088,180,190,190,190,190,190,190
16.216315507888794,0.01010946065826072,8.820389757628586,0.2617993877991417,0.0,-1.5798754549646088,180,190,190,190,190,190,190
16.22741150856018,0.010185021733543317,8.811719999069412,0.2617993877991417,0.0,-1.5798513101951783,180,190,190,190,190,190,190
16.237622261047363,0.010185021733543317,8.811719999069412,0.2617993877991417,0.0,-1.5798513101951783,180,190,190,190,190,190,190
16.247860193252563,0.010185021733543317,8.811719999069412,0.2617993877991417,0.0,-1.5798513101951783,180,190,190,190,190,190,190
16.2581467628479,0.010260833123839533,8.802796874760162,0.2617993877991417,0.0,-1.579908923429957,140,180,180,180,180,190,180
16.27815866470337,0.010260833123839533,8.802796874760162,0.2617993877991417,0.0,-1.579908923429957,140,180,180,180,180,190,180
16.2884202003479,0.010260833123839533,8.802796874760162,0.2617993877991417,0.0,-1.579908923429957,140,180,180,180,180,190,180
16.298633575439453,0.01034404930133874,8.794199115493615,0.2617993877991417,0.0,-1.5799821512295762,130,180,180,150,180,180,180
16.309206247329712,0.01034404930133874,8.794199115493615,0.2617993877991417,0.0,-1.5799821512295762,130,180,180,150,180,180,180
16.325562953948975,0.010424862072124244,8.785601227763317,0.2617993877991417,0.0,-1.5800441184942773,130,180,180,150,180,180,180
16.336259126663208,0.010424862072124244,8.785601227763317,0.2617993877991417,0.0,-1.5800441184942773,130,180,180,150,180,180,180
16.346481561660767,0.010424862072124244,8.785601227763317,0.2617993877991417,0.0,-1.5800441184942773,130,180,180,150,180,180,180
16.35673451423645,0.010424862072124244,8.785601227763317,0.2617993877991417,0.0,-1.5800441184942773,130,190,180,180,180,190,190
16.37581515312195,0.010507512418432233,8.776734408415596,0.2617993877991417,0.0,-1.5800989111168893,130,190,180,180,180,190,190
16.386078357696533,0.010507512418432233,8.776734408415596,0.2617993877991417,0.0,-1.5800989111168893,130,190,180,180,180,190,190
16.396251678466797,0.01058878774303343,8.768118463555828,0.2617993877991417,0.0,-1.5801495830231622,130,190,180,180,180,190,190
16.40649938583374,0.01058878774303343,8.768118463555828,0.2617993877991417,0.0,-1.5801495830231622,140,190,190,180,190,190,200
16.42459774017334,0.01058878774303343,8.768118463555828,0.2617993877991417,0.0,-1.5801495830231622,140,190,190,180,190,190,200
16.43501114845276,0.010670657167211122,8.75949116439297,0.2617993877991417,0.0,-1.5801839558740298,140,190,190,180,190,190,200
16.44524574279785,0.010670657167211122,8.75949116439297,0.2617993877991417,0.0,-1.5801839558740298,140,190,190,180,190,190,200
16.45548129081726,0.010670657167211122,8.75949116439297,0.2617993877991417,0.0,-1.5801839558740298,150,190,190,180,190,200,210
16.4750657081604,0.010755210415220689,8.750592022861472,0.2617993877991417,0.0,-1.5802172494665927,150,190,190,180,190,200,210
16.48529553413391,0.010755210415220689,8.750592022861472,0.2617993877991417,0.0,-1.5802172494665927,150,190,190,180,190,200,210
16.495537996292114,0.010837537267236706,8.741944253936971,0.2617993877991417,0.0,-1.5802484933437824,150,190,190,180,190,200,210
16.505865812301636,0.010837537267236706,8.741944253936971,0.2617993877991417,0.0,-1.5802484933437824,140,190,190,180,190,190,200
16.524789810180664,0.010837537267236706,8.741944253936971,0.2617993877991417,0.0,-1.5802484933437824,140,190,190,180,190,190,200
16.535004377365112,0.010920001731115634,8.733285626250751,0.2617993877991417,0.0,-1.5802825809806182,140,190,190,180,190,190,200
16.545198440551758,0.010920001731115634,8.733285626250751,0.2617993877991417,0.0,-1.5802825809806182,140,190,190,180,190,190,200
16.555453777313232,0.010920001731115634,8.733285626250751,0.2617993877991417,0.0,-1.5802825809806182,140,180,180,180,180,190,190
16.565642595291138,0.011004889260075104,8.724354558614209,0.2617993877991417,0.0,-1.5803130058542516,140,180,180,180,180,190,190
16.577865600585938,0.011004889260075104,8.724354558614209,0.2617993877991417,0.0,-1.5803130058542516,140,180,180,180,180,190,190
16.588097095489502,0.011004889260075104,8.724354558614209,0.2617993877991417,0.0,-1.5803130058542516,140,180,180,180,180,190,190
16.59830355644226,0.011086693511896596,8.715680565002533,0.2617993877991417,0.0,-1.5803107598293116,140,150,190,180,180,180,150
16.608508825302124,0.011086693511896596,8.715680565002533,0.2617993877991417,0.0,-1.5803107598293116,140,150,190,180,180,180,150
16.626986980438232,0.011165408444382819,8.707011870876087,0.2617993877991417,0.0,-1.580288983226452,140,150,190,180,180,180,150
16.637189626693726,0.011165408444382819,8.707011870876087,0.2617993877991417,0.0,-1.580288983226452,140,150,190,180,180,180,150
16.647380113601685,0.011165408444382819,8.707011870876087,0.2617993877991417,0.0,-1.580288983226452,160,150,190,180,180,190,190
16.657742023468018,0.011245677563718574,8.698091558566261,0.2617993877991417,0.0,-1.580353364389275,160,150,190,180,180,190,190
16.668006658554077,0.011245677563718574,8.698091558566261,0.2617993877991417,0.0,-1.580353364389275,160,150,190,180,180,190,190
16.6784827709198,0.011245677563718574,8.698091558566261,0.2617993877991417,0.0,-1.580353364389275,160,150,190,180,180,190,190
16.688717365264893,0.011245677563718574,8.698091558566261,0.2617993877991417,0.0,-1.580353364389275,160,150,190,180,180,190,190
16.69892930984497,0.011333128408149127,8.68950212792752,0.2617993877991417,0.0,-1.5804485632070855,180,170,190,180,180,180,180
16.70917797088623,0.011333128408149127,8.68950212792752,0.2617993877991417,0.0,-1.5804485632070855,180,170,190,180,180,180,180
16.726590871810913,0.011417546052858852,8.680901034599998,0.2617993877991417,0.0,-1.5804901608609725,180,170,190,180,180,180,180
16.736839771270752,0.011417546052858852,8.680901034599998,0.2617993877991417,0.0,-1.5804901608609725,180,170,190,180,180,180,180
16.747036695480347,0.011417546052858852,8.680901034599998,0.2617993877991417,0.0,-1.5804901608609725,150,150,180,150,180,180,150
16.757222175598145,0.011417546052858852,8.680901034599998,0.2617993877991417,0.0,-1.5804901608609725,150,150,180,150,180,180,150
16.76742696762085,0.011504192436702884,8.672033289251441,0.2617993877991417,0.0,-1.5805439858970272,150,150,180,150,180,180,150
16.777660369873047,0.011504192436702884,8.672033289251441,0.2617993877991417,0.0,-1.5805439858970272,150,150,180,150,180,180,150
16.787901401519775,0.011504192436702884,8.672033289251441,0.2617993877991417,0.0,-1.5805439858970272,150,150,180,150,180,180,150
16.798112392425537,0.011589381327703777,8.663416038425442,0.2617993877991417,0.0,-1.5805929509912893,180,180,190,170,180,190,180
16.809185028076172,0.011589381327703777,8.663416038425442,0.2617993877991417,0.0,-1.5805929509912893,180,180,190,170,180,190,180
16.825608015060425,0.011675028323196446,8.6547875527209,0.2617993877991417,0.0,-1.5806266640991498,180,180,190,170,180,190,180
16.835805654525757,0.011675028323196446,8.6547875527209,0.2617993877991417,0.0,-1.5806266640991498,180,180,190,170,180,190,180
16.845988035202026,0.011675028323196446,8.6547875527209,0.2617993877991417,0.0,-1.5806266640991498,180,180,190,170,180,190,180
16.8562273979187,0.011675028323196446,8.6547875527209,0.2617993877991417,0.0,-1.5806266640991498,180,180,190,180,180,190,180
16.87450671195984,0.011763521293066043,8.645887234113669,0.2617993877991417,0.0,-1.5806598045214462,180,180,190,180,180,190,180
16.884706258773804,0.011763521293066043,8.645887234113669,0.2617993877991417,0.0,-1.5806598045214462,180,180,190,180,180,190,180
16.894939184188843,0.011849663598073677,8.63723823447534,0.2617993877991417,0.0,-1.58069141401508,170,170,180,180,180,180,160
16.905134439468384,0.011849663598073677,8.63723823447534,0.2617993877991417,0.0,-1.58069141401508,170,170,180,180,180,180,160
16.915356874465942,0.011849663598073677,8.63723823447534,0.2617993877991417,0.0,-1.58069141401508,170,170,180,180,180,180,160
16.926076889038086,0.011935942189565063,8.628578398470815,0.2617993877991417,0.0,-1.5807257364181362,170,170,180,180,180,180,160
16.93633270263672,0.011935942189565063,8.628578398470815,0.2617993877991417,0.0,-1.5807257364181362,170,170,180,180,180,180,160
16.946544408798218,0.011935942189565063,8.628578398470815,0.2617993877991417,0.0,-1.5807257364181362,150,160,180,150,180,160,150
16.956724882125854,0.011935942189565063,8.628578398470815,0.2617993877991417,0.0,-1.5807257364181362,150,160,180,150,180,160,150
16.966978788375854,0.012024695643688075,8.6196463481574,0.2617993877991417,0.0,-1.5807543350503106,150,160,180,150,180,160,150
16.977165460586548,0.012024695643688075,8.6196463481574,0.2617993877991417,0.0,-1.5807543350503106,150,160,180,150,180,160,150
16.987351655960083,0.012024695643688075,8.6196463481574,0.2617993877991417,0.0,-1.5807543350503106,150,160,180,150,180,160,150
16.99759006500244,0.01211012780872442,8.610972469398266,0.2617993877991417,0.0,-1.580746781435019,150,160,180,150,180,160,150
17.00777316093445,0.01211012780872442,8.610972469398266,0.2617993877991417,0.0,-1.580746781435019,180,170,180,150,180,180,160
17.01801633834839,0.01211012780872442,8.610972469398266,0.2617993877991417,0.0,-1.580746781435019,180,170,180,150,180,180,160
17.028255224227905,0.012192060971438202,8.602304825194452,0.2617993877991417,0.0,-1.5807297326636973,180,170,180,150,180,180,160
17.038463592529297,0.012192060971438202,8.602304825194452,0.2617993877991417,0.0,-1.5807297326636973,180,170,180,150,180,180,160
17.048645734786987,0.012192060971438202,8.602304825194452,0.2617993877991417,0.0,-1.5807297326636973,180,180,180,180,180,190,210
17.05955410003662,0.012277031249412634,8.593388690642854,0.2617993877991417,0.0,-1.5807943523739514,180,180,180,180,180,190,210
17.07495355606079,0.012277031249412634,8.593388690642854,0.2617993877991417,0.0,-1.5807943523739514,180,180,180,180,180,190,210
17.08518671989441,0.012277031249412634,8.593388690642854,0.2617993877991417,0.0,-1.5807943523739514,180,180,180,180,180,190,210
17.095396280288696,0.01236819929929961,8.584805445718379,0.2617993877991417,0.0,-1.580908994978376,180,180,180,180,180,190,210
17.105581998825073,0.01236819929929961,8.584805445718379,0.2617993877991417,0.0,-1.580908994978376,180,180,180,180,180,190,210
17.115785837173462,0.01236819929929961,8.584805445718379,0.2617993877991417,0.0,-1.580908994978376,180,180,180,180,180,190,210
17.126017093658447,0.012456526217762734,8.576201203729763,0.2617993877991417,0.0,-1.5809335775604056,180,180,180,180,180,190,210
17.136205196380615,0.012456526217762734,8.576201203729763,0.2617993877991417,0.0,-1.5809335775604056,180,180,180,180,180,190,210
17.1463942527771,0.012456526217762734,8.576201203729763,0.2617993877991417,0.0,-1.5809335775604056,180,180,180,180,180,190,210
17.156566858291626,0.012456526217762734,8.576201203729763,0.2617993877991417,0.0,-1.5809335775604056,180,180,180,180,180,190,210
17.16686487197876,0.01254722868748703,8.567332267775884,0.2617993877991417,0.0,-1.580986747074797,180,180,180,150,180,180,180
17.179877996444702,0.01254722868748703,8.567332267775884,0.2617993877991417,0.0,-1.580986747074797,180,180,180,150,180,180,180
17.190260410308838,0.012636295812917996,8.558713659279046,0.2617993877991417,0.0,-1.5810342875850771,180,180,180,150,180,180,180
17.20046091079712,0.012636295812917996,8.558713659279046,0.2617993877991417,0.0,-1.5810342875850771,180,180,180,180,180,190,180
17.210649490356445,0.012636295812917996,8.558713659279046,0.2617993877991417,0.0,-1.5810342875850771,180,180,180,180,180,190,180
17.22624373435974,0.012725720206180199,8.55008396505081,0.2617993877991417,0.0,-1.5810676837703477,180,180,180,180,180,190,180
17.236435413360596,0.012725720206180199,8.55008396505081,0.2617993877991417,0.0,-1.5810676837703477,180,180,180,180,180,190,180
17.24660897254944,0.012725720206180199,8.55008396505081,0.2617993877991417,0.0,-1.5810676837703477,180,180,180,180,180,190,180
17.256794929504395,0.012725720206180199,8.55008396505081,0.2617993877991417,0.0,-1.5810676837703477,180,180,180,180,180,190,180
17.274977207183838,0.012818141416968225,8.541182407367787,0.2617993877991417,0.0,-1.581100712070792,180,180,180,180,180,190,180
17.28515601158142,0.012818141416968225,8.541182407367787,0.2617993877991417,0.0,-1.581100712070792,180,180,180,180,180,190,180
17.295328617095947,0.01290808562037657,8.532532110491024,0.2617993877991417,0.0,-1.5811327670724706,180,180,180,180,180,190,180
17.30567765235901,0.01290808562037657,8.532532110491024,0.2617993877991417,0.0,-1.5811327670724706,180,180,180,180,180,190,190
17.325722455978394,0.01290808562037657,8.532532110491024,0.2617993877991417,0.0,-1.5811327670724706,180,180,180,180,180,190,190
17.33613657951355,0.012998163092817698,8.52387104843222,0.2617993877991417,0.0,-1.5811671513448669,180,180,180,180,180,190,190
17.34632134437561,0.012998163092817698,8.52387104843222,0.2617993877991417,0.0,-1.5811671513448669,180,180,180,180,180,190,190
17.3565092086792,0.012998163092817698,8.52387104843222,0.2617993877991417,0.0,-1.5811671513448669,180,180,180,180,180,190,190
17.37470316886902,0.013090764602105495,8.514938024013386,0.2617993877991417,0.0,-1.5811933218856236,180,180,180,180,180,190,190
17.38497543334961,0.013090764602105495,8.514938024013386,0.2617993877991417,0.0,-1.5811933218856236,180,180,180,180,180,190,190
17.395188331604004,0.013179761236366438,8.506264453631875,0.2617993877991417,0.0,-1.5811804184161458,180,180,180,180,180,190,190
17.405394792556763,0.013179761236366438,8.506264453631875,0.2617993877991417,0.0,-1.5811804184161458,180,180,190,180,180,190,190
17.41566228866577,0.013179761236366438,8.506264453631875,0.2617993877991417,0.0,-1.5811804184161458,180,180,190,180,180,190,190
17.42975401878357,0.013179761236366438,8.506264453631875,0.2617993877991417,0.0,-1.5811804184161458,180,180,190,180,180,190,190
17.439955711364746,0.013265164596748988,8.497597815904278,0.2617993877991417,0.0,-1.5811703229485468,180,180,190,180,180,190,190
17.45017147064209,0.013265164596748988,8.497597815904278,0.2617993877991417,0.0,-1.5811703229485468,180,190,190,180,190,190,190
17.460453510284424,0.013354973424730274,8.488687517453855,0.2617993877991417,0.0,-1.581227786995608,180,190,190,180,190,190,190
17.47665238380432,0.013354973424730274,8.488687517453855,0.2617993877991417,0.0,-1.581227786995608,180,190,190,180,190,190,190
17.48689317703247,0.013354973424730274,8.488687517453855,0.2617993877991417,0.0,-1.581227786995608,180,190,190,180,190,190,190
17.4971182346344,0.013449369409374828,8.480107803998619,0.2617993877991417,0.0,-1.581357861315031,180,190,190,180,190,190,190
17.50736927986145,0.013449369409374828,8.480107803998619,0.2617993877991417,0.0,-1.581357861315031,180,190,190,180,190,190,190
17.52678370475769,0.013541664167787688,8.471501233241678,0.2617993877991417,0.0,-1.581373647523762,180,190,190,180,190,190,190
17.537720680236816,0.013541664167787688,8.471501233241678,0.2617993877991417,0.0,-1.581373647523762,180,190,190,180,190,190,190
17.547983169555664,0.013541664167787688,8.471501233241678,0.2617993877991417,0.0,-1.581373647523762,180,190,190,180,190,190,190
17.55839991569519,0.013636398236632383,8.462631137515249,0.2617993877991417,0.0,-1.5814269722631202,180,190,190,180,190,190,190
17.568649768829346,0.013636398236632383,8.462631137515249,0.2617993877991417,0.0,-1.5814269722631202,180,190,190,180,190,190,190
17.578882932662964,0.013636398236632383,8.462631137515249,0.2617993877991417,0.0,-1.5814269722631202,180,190,190,180,190,190,190
17.58908438682556,0.013729304874187342,8.454011213960188,0.2617993877991417,0.0,-1.581472785740112,180,190,190,180,190,190,190
17.59928870201111,0.013729304874187342,8.454011213960188,0.2617993877991417,0.0,-1.581472785740112,180,190,190,170,190,190,190
17.610186338424683,0.013729304874187342,8.454011213960188,0.2617993877991417,0.0,-1.581472785740112,180,190,190,170,190,190,190
17.627585887908936,0.013729304874187342,8.454011213960188,0.2617993877991417,0.0,-1.581472785740112,180,190,190,170,190,190,190
17.637985229492188,0.013822492056208788,8.445380390301217,0.2617993877991417,0.0,-1.5815060270145131,180,190,190,170,190,190,190
17.648309230804443,0.013822492056208788,8.445380390301217,0.2617993877991417,0.0,-1.5815060270145131,190,190,190,180,190,190,200
17.658748149871826,0.013822492056208788,8.445380390301217,0.2617993877991417,0.0,-1.5815060270145131,190,190,190,180,190,190,200
17.67765974998474,0.013918818342512084,8.436477657936967,0.2617993877991417,0.0,-1.581538910933042,190,190,190,180,190,190,200
17.688165187835693,0.014012540997970592,8.427826124043971,0.2617993877991417,0.0,-1.5815714089686246,190,190,190,180,190,190,200
17.698542833328247,0.014012540997970592,8.427826124043971,0.2617993877991417,0.0,-1.5815714089686246,190,190,190,180,190,190,200
17.70884108543396,0.014012540997970592,8.427826124043971,0.2617993877991417,0.0,-1.5815714089686246,180,190,190,180,190,190,190
17.727919816970825,0.014106392891667914,8.419163925505737,0.2617993877991417,0.0,-1.5816056849924107,180,190,190,180,190,190,190
17.738189935684204,0.014106392891667914,8.419163925505737,0.2617993877991417,0.0,-1.5816056849924107,180,190,190,180,190,190,190
17.748435020446777,0.014106392891667914,8.419163925505737,0.2617993877991417,0.0,-1.5816056849924107,180,190,190,150,190,190,190
17.76034903526306,0.014202818831518629,8.410230050601914,0.2617993877991417,0.0,-1.5816288460626409,180,190,190,150,190,190,190
17.77068328857422,0.014202818831518629,8.410230050601914,0.2617993877991417,0.0,-1.5816288460626409,180,190,190,150,190,190,190
17.784757375717163,0.014202818831518629,8.410230050601914,0.2617993877991417,0.0,-1.5816288460626409,180,190,190,150,190,190,190
17.795071601867676,0.014295321377955632,8.401557005094475,0.2617993877991417,0.0,-1.5816110383716304,180,190,190,150,190,190,190
17.80541729927063,0.014295321377955632,8.401557005094475,0.2617993877991417,0.0,-1.5816110383716304,180,190,190,150,190,190,190
17.815732955932617,0.014295321377955632,8.401557005094475,0.2617993877991417,0.0,-1.5816110383716304,180,190,190,140,190,190,190
17.832002639770508,0.014384506079604484,8.392891304922447,0.2617993877991417,0.0,-1.5816102331051847,180,190,190,140,190,190,190
17.84230661392212,0.014384506079604484,8.392891304922447,0.2617993877991417,0.0,-1.5816102331051847,180,190,190,140,190,190,190
17.852550268173218,0.014384506079604484,8.392891304922447,0.2617993877991417,0.0,-1.5816102331051847,180,190,190,140,190,190,190
17.862762928009033,0.01447909977452549,8.38398851969476,0.2617993877991417,0.0,-1.581656712899582,180,190,180,140,190,190,190
17.87817096710205,0.01447909977452549,8.38398851969476,0.2617993877991417,0.0,-1.581656712899582,180,190,180,140,190,190,190
17.88836979866028,0.014576429862628252,8.375409174484066,0.2617993877991417,0.0,-1.5817936336200102,180,190,180,140,190,190,190
17.898566722869873,0.014576429862628252,8.375409174484066,0.2617993877991417,0.0,-1.5817936336200102,180,190,180,140,190,190,190
17.908910512924194,0.014576429862628252,8.375409174484066,0.2617993877991417,0.0,-1.5817936336200102,180,190,180,140,190,190,190
17.925384044647217,0.014672682219164583,8.366801450770645,0.2617993877991417,0.0,-1.5818105680680037,180,190,180,140,190,190,190
17.93561029434204,0.014672682219164583,8.366801450770645,0.2617993877991417,0.0,-1.5818105680680037,180,190,180,140,190,190,190
17.94579553604126,0.014672682219164583,8.366801450770645,0.2617993877991417,0.0,-1.5818105680680037,180,180,180,140,180,190,190
17.955970287322998,0.014672682219164583,8.366801450770645,0.2617993877991417,0.0,-1.5818105680680037,180,180,180,140,180,190,190
17.96616005897522,0.014771401472745518,8.357930188723145,0.2617993877991417,0.0,-1.581864775595473,180,180,180,140,180,190,190
17.97953772544861,0.014771401472745518,8.357930188723145,0.2617993877991417,0.0,-1.581864775595473,180,180,180,140,180,190,190
17.98975706100464,0.014868103286364674,8.349308900960537,0.2617993877991417,0.0,-1.5819087701752352,180,180,180,140,180,190,190
17.999988079071045,0.014868103286364674,8.349308900960537,0.2617993877991417,0.0,-1.5819087701752352,180,180,180,140,190,190,190
18.010181665420532,0.014868103286364674,8.349308900960537,0.2617993877991417,0.0,-1.5819087701752352,180,180,180,140,190,190,190
18.02719807624817,0.014868103286364674,8.349308900960537,0.2617993877991417,0.0,-1.5819087701752352,180,180,180,140,190,190,190
18.037476539611816,0.01496505207356225,8.340676903519865,0.2617993877991417,0.0,-1.5819420611260824,180,180,180,140,190,190,190
18.04828143119812,0.01496505207356225,8.340676903519865,0.2617993877991417,0.0,-1.5819420611260824,180,180,180,140,190,190,190
18.058693408966064,0.01496505207356225,8.340676903519865,0.2617993877991417,0.0,-1.5819420611260824,180,180,180,140,180,190,190
18.0749294757843,0.01506526513909252,8.33177293430996,0.2617993877991417,0.0,-1.581974850686172,180,180,180,140,180,190,190
18.08515238761902,0.01506526513909252,8.33177293430996,0.2617993877991417,0.0,-1.581974850686172,180,180,180,140,180,190,190
18.0953369140625,0.015162745695254644,8.32312009642682,0.2617993877991417,0.0,-1.5820078874892836,180,180,180,140,180,190,190
18.105537176132202,0.015162745695254644,8.32312009642682,0.2617993877991417,0.0,-1.5820078874892836,180,180,190,140,180,190,190
18.115729570388794,0.015162745695254644,8.32312009642682,0.2617993877991417,0.0,-1.5820078874892836,180,180,190,140,180,190,190
18.127845287322998,0.015162745695254644,8.32312009642682,0.2617993877991417,0.0,-1.5820078874892836,180,180,190,140,180,190,190
18.138136625289917,0.015260352149236392,8.314456742674754,0.2617993877991417,0.0,-1.5820419181516967,180,180,190,140,180,190,190
18.148359298706055,0.015260352149236392,8.314456742674754,0.2617993877991417,0.0,-1.5820419181516967,180,190,190,140,190,190,190
18.1585590839386,0.015360576069210343,8.305522082583714,0.2617993877991417,0.0,-1.582061239581087,180,190,190,140,190,190,190
18.177095413208008,0.015360576069210343,8.305522082583714,0.2617993877991417,0.0,-1.582061239581087,180,190,190,140,190,190,190
18.187331199645996,0.015360576069210343,8.305522082583714,0.2617993877991417,0.0,-1.582061239581087,180,190,190,140,190,190,190
18.197540760040283,0.015456529878556008,8.296849695305202,0.2617993877991417,0.0,-1.5820392626240012,180,190,190,140,190,190,190
18.20782732963562,0.015456529878556008,8.296849695305202,0.2617993877991417,0.0,-1.5820392626240012,190,180,190,140,190,190,190
18.218074083328247,0.015456529878556008,8.296849695305202,0.2617993877991417,0.0,-1.5820392626240012,190,180,190,140,190,190,190
18.228270292282104,0.015549522402360672,8.288184879024666,0.2617993877991417,0.0,-1.5820494707365789,190,180,190,140,190,190,190
18.238511323928833,0.015549522402360672,8.288184879024666,0.2617993877991417,0.0,-1.5820494707365789,190,180,190,140,190,190,190
18.24874448776245,0.015549522402360672,8.288184879024666,0.2617993877991417,0.0,-1.5820494707365789,190,180,190,140,190,190,190
18.258939266204834,0.015649181139822995,8.279291116390647,0.2617993877991417,0.0,-1.5820863368274256,190,180,190,140,190,190,190
18.269203424453735,0.015649181139822995,8.279291116390647,0.2617993877991417,0.0,-1.5820863368274256,190,180,190,140,190,190,190
18.279672145843506,0.015649181139822995,8.279291116390647,0.2617993877991417,0.0,-1.5820863368274256,190,190,190,180,190,190,190
18.295535564422607,0.015749415583074987,8.27070905835542,0.2617993877991417,0.0,-1.582217804038345,190,190,190,180,190,190,190
18.306026935577393,0.015749415583074987,8.27070905835542,0.2617993877991417,0.0,-1.582217804038345,190,190,190,180,190,190,190
18.31642770767212,0.015749415583074987,8.27070905835542,0.2617993877991417,0.0,-1.582217804038345,190,190,190,180,190,190,190
18.326853275299072,0.01584938753417589,8.262101582876836,0.2617993877991417,0.0,-1.5822441373780598,190,190,190,140,190,200,200
18.34318995475769,0.01584938753417589,8.262101582876836,0.2617993877991417,0.0,-1.5822441373780598,190,190,190,140,190,200,200
18.353654623031616,0.01584938753417589,8.262101582876836,0.2617993877991417,0.0,-1.5822441373780598,190,190,190,140,190,200,200
18.364113807678223,0.015952023315522444,8.253229195327004,0.2617993877991417,0.0,-1.5822986362278193,190,190,190,140,190,200,200
18.37458086013794,0.015952023315522444,8.253229195327004,0.2617993877991417,0.0,-1.5822986362278193,190,190,190,150,190,200,200
18.38498091697693,0.015952023315522444,8.253229195327004,0.2617993877991417,0.0,-1.5822986362278193,190,190,190,150,190,200,200
18.399377822875977,0.01605246878200973,8.24460658193408,0.2617993877991417,0.0,-1.5823403604297182,190,190,190,150,190,200,200
18.40995502471924,0.01605246878200973,8.24460658193408,0.2617993877991417,0.0,-1.5823403604297182,190,190,190,150,190,200,200
18.420289754867554,0.01605246878200973,8.24460658193408,0.2617993877991417,0.0,-1.5823403604297182,190,190,190,150,190,200,200
18.430540800094604,0.016153149003001323,8.235973481080674,0.2617993877991417,0.0,-1.5823737525706358,190,190,190,150,190,200,210
18.443044900894165,0.016153149003001323,8.235973481080674,0.2617993877991417,0.0,-1.5823737525706358,190,190,190,150,190,200,210
18.45326328277588,0.016153149003001323,8.235973481080674,0.2617993877991417,0.0,-1.5823737525706358,190,190,190,150,190,200,210
18.46347713470459,0.01625720869743382,8.227068328102057,0.2617993877991417,0.0,-1.5824064534184539,190,190,190,140,190,210,190
18.48307466506958,0.01625720869743382,8.227068328102057,0.2617993877991417,0.0,-1.5824064534184539,190,190,190,140,190,210,190
18.493340969085693,0.016358408793000802,8.218414233736187,0.2617993877991417,0.0,-1.5824400678564958,190,190,190,140,190,210,190
18.503562927246094,0.016358408793000802,8.218414233736187,0.2617993877991417,0.0,-1.5824400678564958,190,190,190,190,190,190,190
18.513757467269897,0.016358408793000802,8.218414233736187,0.2617993877991417,0.0,-1.5824400678564958,190,190,190,190,190,190,190
18.523958444595337,0.016358408793000802,8.218414233736187,0.2617993877991417,0.0,-1.5824400678564958,190,190,190,190,190,190,190
18.537123680114746,0.016459728493359242,8.209749787198746,0.2617993877991417,0.0,-1.5824737067852155,190,190,190,190,190,190,190
18.547349452972412,0.016459728493359242,8.209749787198746,0.2617993877991417,0.0,-1.5824737067852155,190,190,190,190,190,190,190
18.55757212638855,0.016563711652145745,8.200814514616773,0.2617993877991417,0.0,-1.582488835370337,190,190,190,180,190,190,190
18.567793369293213,0.016563711652145745,8.200814514616773,0.2617993877991417,0.0,-1.582488835370337,190,190,190,180,190,190,190
18.579983949661255,0.016563711652145745,8.200814514616773,0.2617993877991417,0.0,-1.582488835370337,190,190,190,180,190,190,190
18.590275287628174,0.016663035751451456,8.192142926776711,0.2617993877991417,0.0,-1.5824639702869123,190,190,190,180,190,190,190
18.600502967834473,0.016663035751451456,8.192142926776711,0.2617993877991417,0.0,-1.5824639702869123,190,190,190,180,190,190,190
18.610716342926025,0.016663035751451456,8.192142926776711,0.2617993877991417,0.0,-1.5824639702869123,190,190,190,180,190,190,190
18.620917558670044,0.016663035751451456,8.192142926776711,0.2617993877991417,0.0,-1.5824639702869123,190,190,190,180,190,190,190
18.634105443954468,0.016759506754036653,8.18347897888701,0.2617993877991417,0.0,-1.5824866608445907,190,190,190,180,190,190,190
18.644339084625244,0.016759506754036653,8.18347897888701,0.2617993877991417,0.0,-1.5824866608445907,190,190,190,180,190,190,190
18.6545352935791,0.016759506754036653,8.18347897888701,0.2617993877991417,0.0,-1.5824866608445907,190,190,190,180,190,190,190
18.664748191833496,0.01686456777561091,8.174595303764928,0.2617993877991417,0.0,-1.5825202758035752,190,190,190,140,190,190,200
18.67500352859497,0.01686456777561091,8.174595303764928,0.2617993877991417,0.0,-1.5825202758035752,190,190,190,140,190,190,200
18.685258865356445,0.01686456777561091,8.174595303764928,0.2617993877991417,0.0,-1.5825202758035752,190,190,190,140,190,190,200
18.69547724723816,0.01696805575143243,8.166008628214971,0.2617993877991417,0.0,-1.5826368409221157,190,190,190,140,190,190,200
18.705711841583252,0.01696805575143243,8.166008628214971,0.2617993877991417,0.0,-1.5826368409221157,190,190,190,140,190,190,190
18.715927362442017,0.01696805575143243,8.166008628214971,0.2617993877991417,0.0,-1.5826368409221157,190,190,190,140,190,190,190
18.735810041427612,0.017071393880011852,8.15740220352223,0.2617993877991417,0.0,-1.5826764808979086,190,190,190,140,190,190,190
18.746000051498413,0.017071393880011852,8.15740220352223,0.2617993877991417,0.0,-1.5826764808979086,190,190,190,140,190,190,190
18.7562038898468,0.017177914791795288,8.148528595336444,0.2617993877991417,0.0,-1.5827313075044673,190,190,190,140,190,190,190
18.766446828842163,0.017177914791795288,8.148528595336444,0.2617993877991417,0.0,-1.5827313075044673,190,190,190,150,190,190,190
18.783390283584595,0.017177914791795288,8.148528595336444,0.2617993877991417,0.0,-1.5827313075044673,190,190,190,150,190,190,190
18.79361367225647,0.017282091412472746,8.139904641086119,0.2617993877991417,0.0,-1.5827710215975606,190,190,190,150,190,190,190
18.80384111404419,0.017282091412472746,8.139904641086119,0.2617993877991417,0.0,-1.5827710215975606,190,190,190,150,190,190,190
18.81409978866577,0.017282091412472746,8.139904641086119,0.2617993877991417,0.0,-1.5827710215975606,190,190,190,180,190,190,190
18.825933933258057,0.01738649599399391,8.13127037829478,0.2617993877991417,0.0,-1.5828045424092854,190,190,190,180,190,190,190
18.83611798286438,0.01738649599399391,8.13127037829478,0.2617993877991417,0.0,-1.5828045424092854,190,190,190,180,190,190,190
18.84630584716797,0.01738649599399391,8.13127037829478,0.2617993877991417,0.0,-1.5828045424092854,190,190,190,180,190,190,190
18.85650086402893,0.017494391638028597,8.122363963656397,0.2617993877991417,0.0,-1.5828373048153983,190,190,190,180,190,190,190
18.866681814193726,0.017494391638028597,8.122363963656397,0.2617993877991417,0.0,-1.5828373048153983,190,190,190,180,190,190,190
18.879565000534058,0.017494391638028597,8.122363963656397,0.2617993877991417,0.0,-1.5828373048153983,190,190,190,180,190,190,190
18.889793395996094,0.017599306128007235,8.113708563604876,0.2617993877991417,0.0,-1.5828714444116956,190,190,190,180,190,190,190
18.899982929229736,0.017599306128007235,8.113708563604876,0.2617993877991417,0.0,-1.5828714444116956,190,190,190,180,190,190,190
18.91017198562622,0.017599306128007235,8.113708563604876,0.2617993877991417,0.0,-1.5828714444116956,190,190,190,180,190,190,190
18.92038059234619,0.017599306128007235,8.113708563604876,0.2617993877991417,0.0,-1.5828714444116956,190,190,190,180,190,190,190
18.931117057800293,0.017704318341872922,8.105043012008055,0.2617993877991417,0.0,-1.5829043982047861,190,190,190,180,190,190,190
18.94135022163391,0.017704318341872922,8.105043012008055,0.2617993877991417,0.0,-1.5829043982047861,190,190,190,180,190,190,190
18.95156955718994,0.017704318341872922,8.105043012008055,0.2617993877991417,0.0,-1.5829043982047861,190,190,190,190,190,190,190
18.96176552772522,0.01781205423261843,8.09610723278172,0.2617993877991417,0.0,-1.5829146533298886,190,190,190,190,190,190,190
18.971989631652832,0.01781205423261843,8.09610723278172,0.2617993877991417,0.0,-1.5829146533298886,190,190,190,190,190,190,190
18.98216724395752,0.01781205423261843,8.09610723278172,0.2617993877991417,0.0,-1.5829146533298886,190,190,190,190,190,190,190
18.992464542388916,0.01781205423261843,8.09610723278172,0.2617993877991417,0.0,-1.5829146533298886,190,190,190,190,190,190,190
19.002670288085938,0.017914652787059178,8.087436538827786,0.2617993877991417,0.0,-1.5828881330579605,190,190,190,190,190,190,190
19.01289439201355,0.017914652787059178,8.087436538827786,0.2617993877991417,0.0,-1.5828881330579605,190,190,190,190,190,190,190
19.02519416809082,0.017914652787059178,8.087436538827786,0.2617993877991417,0.0,-1.5828881330579605,190,190,190,190,190,190,190
19.03557777404785,0.018014551171210067,8.078773653111345,0.2617993877991417,0.0,-1.5829234539766919,190,190,190,190,190,190,190
19.04580569267273,0.018014551171210067,8.078773653111345,0.2617993877991417,0.0,-1.5829234539766919,190,190,190,190,190,190,190
19.056023836135864,0.018014551171210067,8.078773653111345,0.2617993877991417,0.0,-1.5829234539766919,190,190,190,190,190,200,200
19.066279888153076,0.018124975709455992,8.069900463734566,0.2617993877991417,0.0,-1.582964212098903,190,190,190,190,190,200,200
19.07958436012268,0.018124975709455992,8.069900463734566,0.2617993877991417,0.0,-1.582964212098903,190,190,190,190,190,200,200
19.089799165725708,0.018232065694259794,8.061308931483627,0.2617993877991417,0.0,-1.583060338785438,190,190,190,190,190,200,200
19.10001564025879,0.018232065694259794,8.061308931483627,0.2617993877991417,0.0,-1.583060338785438,190,190,190,190,190,200,190
19.110249280929565,0.018232065694259794,8.061308931483627,0.2617993877991417,0.0,-1.583060338785438,190,190,190,190,190,200,190
19.124746322631836,0.018232065694259794,8.061308931483627,0.2617993877991417,0.0,-1.583060338785438,190,190,190,190,190,200,190
19.13511848449707,0.018338558670354364,8.052703368108837,0.2617993877991417,0.0,-1.5831096849551558,190,190,190,190,190,200,190
19.145363569259644,0.018338558670354364,8.052703368108837,0.2617993877991417,0.0,-1.5831096849551558,190,190,190,190,190,190,190
19.15556764602661,0.018338558670354364,8.052703368108837,0.2617993877991417,0.0,-1.5831096849551558,190,190,190,190,190,190,190
19.1751492023468,0.018448956894075344,8.043828547347921,0.2617993877991417,0.0,-1.5831642468794553,190,190,190,190,190,190,190
19.185386657714844,0.018448956894075344,8.043828547347921,0.2617993877991417,0.0,-1.5831642468794553,190,190,190,190,190,190,190
19.195592164993286,0.018556861811988647,8.035203312677769,0.2617993877991417,0.0,-1.5832019263535728,190,190,190,190,190,190,190
19.205817461013794,0.018556861811988647,8.035203312677769,0.2617993877991417,0.0,-1.5832019263535728,190,190,190,190,190,190,190
19.224618196487427,0.018556861811988647,8.035203312677769,0.2617993877991417,0.0,-1.5832019263535728,190,190,190,190,190,190,190
19.234926462173462,0.018664991320603633,8.026567936081673,0.2617993877991417,0.0,-1.5832354184750055,190,190,190,190,190,190,190
19.24514651298523,0.018664991320603633,8.026567936081673,0.2617993877991417,0.0,-1.5832354184750055,190,190,190,190,190,190,190
19.25551199913025,0.018664991320603633,8.026567936081673,0.2617993877991417,0.0,-1.5832354184750055,190,190,190,190,190,190,190
19.274752378463745,0.018776719826573793,8.017660304846487,0.2617993877991417,0.0,-1.5832683265061867,190,190,190,190,190,190,190
19.285059928894043,0.018776719826573793,8.017660304846487,0.2617993877991417,0.0,-1.5832683265061867,190,190,190,190,190,190,190
19.295285940170288,0.018885351648900834,8.009003667833069,0.2617993877991417,0.0,-1.583302911556054,190,190,190,190,190,190,190
19.30568766593933,0.018885351648900834,8.009003667833069,0.2617993877991417,0.0,-1.583302911556054,190,190,190,190,190,190,190
19.315917015075684,0.018885351648900834,8.009003667833069,0.2617993877991417,0.0,-1.583302911556054,190,190,190,190,190,190,190
19.32612705230713,0.018994041071515512,8.000337096048192,0.2617993877991417,0.0,-1.583335002948954,190,190,190,190,190,190,190
19.336315631866455,0.018994041071515512,8.000337096048192,0.2617993877991417,0.0,-1.583335002948954,190,190,190,190,190,190,190
19.346562147140503,0.018994041071515512,8.000337096048192,0.2617993877991417,0.0,-1.583335002948954,190,190,190,190,190,190,190
19.356770277023315,0.018994041071515512,8.000337096048192,0.2617993877991417,0.0,-1.583335002948954,190,190,190,190,190,190,190
19.366962432861328,0.019105521796890585,7.9914009957375685,0.2617993877991417,0.0,-1.5833400076237216,190,190,190,190,190,190,190
19.378995180130005,0.019105521796890585,7.9914009957375685,0.2617993877991417,0.0,-1.5833400076237216,190,190,190,190,190,190,190
19.389192819595337,0.019211285463855064,7.982731288574175,0.2617993877991417,0.0,-1.5833135086074857,190,190,190,190,190,190,190
19.399418115615845,0.019211285463855064,7.982731288574175,0.2617993877991417,0.0,-1.5833135086074857,190,190,190,190,190,190,190
19.409645795822144,0.019211285463855064,7.982731288574175,0.2617993877991417,0.0,-1.5833135086074857,190,190,190,190,190,190,190
19.423436164855957,0.019211285463855064,7.982731288574175,0.2617993877991417,0.0,-1.5833135086074857,190,190,190,190,190,190,190
19.43379831314087,0.019314868495069627,7.974069908603769,0.2617993877991417,0.0,-1.5833601618776774,190,190,190,190,190,190,190
19.443980932235718,0.019314868495069627,7.974069908603769,0.2617993877991417,0.0,-1.5833601618776774,190,190,190,190,190,190,190
19.454179763793945,0.019314868495069627,7.974069908603769,0.2617993877991417,0.0,-1.5833601618776774,190,190,190,190,190,190,190
19.464446544647217,0.019430420764770886,7.965206846039254,0.2617993877991417,0.0,-1.5834187334420666,190,190,190,190,190,190,190
19.47464680671692,0.019430420764770886,7.965206846039254,0.2617993877991417,0.0,-1.5834187334420666,190,190,190,190,190,190,190
19.48484969139099,0.019430420764770886,7.965206846039254,0.2617993877991417,0.0,-1.5834187334420666,190,190,190,190,190,190,190
19.495039701461792,0.01954101428785268,7.956610421001348,0.2617993877991417,0.0,-1.5834874349533328,190,190,190,190,190,190,190
19.505218744277954,0.01954101428785268,7.956610421001348,0.2617993877991417,0.0,-1.5834874349533328,190,190,190,190,190,190,190
19.52302384376526,0.01954101428785268,7.956610421001348,0.2617993877991417,0.0,-1.5834874349533328,190,190,190,190,190,190,190
19.53335189819336,0.019650894334653606,7.948004988271274,0.2617993877991417,0.0,-1.583541658626798,190,190,190,190,190,190,190
19.54354953765869,0.019650894334653606,7.948004988271274,0.2617993877991417,0.0,-1.583541658626798,190,190,190,190,190,190,190
19.55388069152832,0.019650894334653606,7.948004988271274,0.2617993877991417,0.0,-1.583541658626798,190,190,190,190,190,190,190
19.56408715248108,0.019765166615862254,7.939128878930803,0.2617993877991417,0.0,-1.5835959523048107,190,190,190,190,190,190,190
19.574296951293945,0.019765166615862254,7.939128878930803,0.2617993877991417,0.0,-1.5835959523048107,190,190,190,190,190,190,190
19.584471940994263,0.019765166615862254,7.939128878930803,0.2617993877991417,0.0,-1.5835959523048107,190,190,190,190,190,190,190
19.594672679901123,0.01987679386539575,7.93050233436812,0.2617993877991417,0.0,-1.5836319945003652,190,190,190,190,190,190,190
19.604886531829834,0.01987679386539575,7.93050233436812,0.2617993877991417,0.0,-1.5836319945003652,190,190,190,190,190,190,190
19.623307466506958,0.01987679386539575,7.93050233436812,0.2617993877991417,0.0,-1.5836319945003652,190,190,190,190,190,190,190
19.63366723060608,0.019988641188270633,7.921865774334375,0.2617993877991417,0.0,-1.5836654499363911,190,190,190,190,190,190,190
19.643895387649536,0.019988641188270633,7.921865774334375,0.2617993877991417,0.0,-1.5836654499363911,190,190,190,190,190,190,190
19.654110193252563,0.019988641188270633,7.921865774334375,0.2617993877991417,0.0,-1.5836654499363911,190,190,190,190,190,190,190
19.66430974006653,0.0201041940734637,7.912956849537395,0.2617993877991417,0.0,-1.5836986317529362,190,190,190,190,190,190,190
19.674571990966797,0.0201041940734637,7.912956849537395,0.2617993877991417,0.0,-1.5836986317529362,190,190,190,190,190,190,190
19.684816122055054,0.0201041940734637,7.912956849537395,0.2617993877991417,0.0,-1.5836986317529362,190,190,190,190,190,190,190
19.695091485977173,0.02021653718467567,7.904298942838967,0.2617993877991417,0.0,-1.5837335501773813,190,190,190,190,190,190,190
19.705633401870728,0.02021653718467567,7.904298942838967,0.2617993877991417,0.0,-1.5837335501773813,190,190,190,190,190,190,190
19.725274801254272,0.02021653718467567,7.904298942838967,0.2617993877991417,0.0,-1.5837335501773813,190,190,190,190,190,190,190
19.735527515411377,0.020328877932500464,7.8956313529654425,0.2617993877991417,0.0,-1.5837643478749366,190,190,190,190,190,190,190
19.74575901031494,0.020328877932500464,7.8956313529654425,0.2617993877991417,0.0,-1.5837643478749366,190,190,190,180,190,190,190
19.755958557128906,0.020328877932500464,7.8956313529654425,0.2617993877991417,0.0,-1.5837643478749366,190,190,190,180,190,190,190
19.76618981361389,0.020444049648214765,7.886695060963145,0.2617993877991417,0.0,-1.5837635496921312,190,190,190,180,190,190,190
19.784580945968628,0.020444049648214765,7.886695060963145,0.2617993877991417,0.0,-1.5837635496921312,190,190,190,180,190,190,190
19.794783353805542,0.020552897532512274,7.878026392480503,0.2617993877991417,0.0,-1.5837387735717863,190,190,190,180,190,190,190
19.80500030517578,0.020552897532512274,7.878026392480503,0.2617993877991417,0.0,-1.5837387735717863,190,190,190,180,190,190,190
19.81525683403015,0.020552897532512274,7.878026392480503,0.2617993877991417,0.0,-1.5837387735717863,190,190,190,180,190,190,190
19.825494527816772,0.020660568480400758,7.8693673258048005,0.2617993877991417,0.0,-1.5837930373720688,190,190,190,180,190,190,190
19.836387395858765,0.020660568480400758,7.8693673258048005,0.2617993877991417,0.0,-1.5837930373720688,190,190,190,180,190,190,190
19.846611261367798,0.020660568480400758,7.8693673258048005,0.2617993877991417,0.0,-1.5837930373720688,190,190,190,190,190,190,190
19.856836318969727,0.020660568480400758,7.8693673258048005,0.2617993877991417,0.0,-1.5837930373720688,190,190,190,190,190,190,190
19.867105722427368,0.02078066783395956,7.860513321220376,0.2617993877991417,0.0,-1.5838745748385366,190,190,190,190,190,190,190
19.87735939025879,0.02078066783395956,7.860513321220376,0.2617993877991417,0.0,-1.5838745748385366,190,190,190,190,190,190,190
19.887566328048706,0.02078066783395956,7.860513321220376,0.2617993877991417,0.0,-1.5838745748385366,190,190,190,190,190,190,190
19.89777970314026,0.020894731057405698,7.851912672510227,0.2617993877991417,0.0,-1.5839161458149447,190,190,190,190,190,190,190
19.90837049484253,0.020894731057405698,7.851912672510227,0.2617993877991417,0.0,-1.5839161458149447,190,190,190,190,190,190,190
19.92499041557312,0.02100825515544263,7.843306576281842,0.2617993877991417,0.0,-1.583970549605421,190,190,190,190,190,190,190
19.9352548122406,0.02100825515544263,7.843306576281842,0.2617993877991417,0.0,-1.583970549605421,190,190,190,190,190,190,190
19.945468187332153,0.02100825515544263,7.843306576281842,0.2617993877991417,0.0,-1.583970549605421,190,190,190,190,190,190,190
19.955654859542847,0.02100825515544263,7.843306576281842,0.2617993877991417,0.0,-1.583970549605421,190,190,190,190,190,190,190
19.97298574447632,0.021126404089714355,7.834429192684111,0.2617993877991417,0.0,-1.5840236771977778,190,190,190,190,190,190,190
19.98316192626953,0.021126404089714355,7.834429192684111,0.2617993877991417,0.0,-1.5840236771977778,190,190,190,190,190,190,190
19.993349313735962,0.021241691940191137,7.825801437786963,0.2617993877991417,0.0,-1.5840588420720425,190,190,190,190,190,190,190
20.003528594970703,0.021241691940191137,7.825801437786963,0.2617993877991417,0.0,-1.5840588420720425,190,190,190,190,190,190,190
20.01369881629944,0.021241691940191137,7.825801437786963,0.2617993877991417,0.0,-1.5840588420720425,190,190,190,190,190,190,190
20.02569007873535,0.021357228923970233,7.817163750316513,0.2617993877991417,0.0,-1.5840921925054607,190,190,190,190,190,190,190
20.03585910797119,0.021357228923970233,7.817163750316513,0.2617993877991417,0.0,-1.5840921925054607,190,190,190,190,190,190,190
20.04604434967041,0.021357228923970233,7.817163750316513,0.2617993877991417,0.0,-1.5840921925054607,190,190,190,190,190,190,190
20.056220293045044,0.021357228923970233,7.817163750316513,0.2617993877991417,0.0,-1.5840921925054607,190,190,190,190,190,190,190
20.06638479232788,0.021476576799272097,7.808253583445616,0.2617993877991417,0.0,-1.5841256978264429,190,190,190,190,190,190,190
20.076542854309082,0.021476576799272097,7.808253583445616,0.2617993877991417,0.0,-1.5841256978264429,190,190,190,190,190,190,190
20.086702823638916,0.021476576799272097,7.808253583445616,0.2617993877991417,0.0,-1.5841256978264429,190,190,190,190,190,190,190
20.096893787384033,0.021592601572845475,7.7995944869614,0.2617993877991417,0.0,-1.584160818475467,190,190,190,180,190,190,190
20.107733488082886,0.021592601572845475,7.7995944869614,0.2617993877991417,0.0,-1.584160818475467,190,190,190,180,190,190,190
20.123955249786377,0.02170855834162194,7.790925952865139,0.2617993877991417,0.0,-1.5841898663493679,190,190,190,180,190,190,190
20.134177684783936,0.02170855834162194,7.790925952865139,0.2617993877991417,0.0,-1.5841898663493679,190,190,190,180,190,190,190
20.14435315132141,0.02170855834162194,7.790925952865139,0.2617993877991417,0.0,-1.5841898663493679,190,190,190,180,190,190,190
20.15462827682495,0.02170855834162194,7.790925952865139,0.2617993877991417,0.0,-1.5841898663493679,190,190,190,180,190,190,190
20.16479730606079,0.021827337386255613,7.781989704845785,0.2617993877991417,0.0,-1.584183320797447,190,190,190,180,190,190,190
20.174978256225586,0.021827337386255613,7.781989704845785,0.2617993877991417,0.0,-1.584183320797447,190,190,190,180,190,190,190
20.185163736343384,0.021827337386255613,7.781989704845785,0.2617993877991417,0.0,-1.584183320797447,190,190,190,180,190,190,190
20.19539189338684,0.021939285607242766,7.773322085964513,0.2617993877991417,0.0,-1.584162409259395,190,190,190,180,190,190,190
20.20556664466858,0.021939285607242766,7.773322085964513,0.2617993877991417,0.0,-1.584162409259395,190,190,190,180,190,190,190
20.215734243392944,0.021939285607242766,7.773322085964513,0.2617993877991417,0.0,-1.584162409259395,190,190,190,180,190,190,190
20.227051496505737,0.021939285607242766,7.773322085964513,0.2617993877991417,0.0,-1.584162409259395,190,190,190,180,190,190,190
20.237249851226807,0.022051270294573377,7.7646665231373415,0.2617993877991417,0.0,-1.58421829537359,190,190,190,180,190,190,190
20.24743890762329,0.022051270294573377,7.7646665231373415,0.2617993877991417,0.0,-1.58421829537359,190,190,190,190,190,190,190
20.2576105594635,0.022051270294573377,7.7646665231373415,0.2617993877991417,0.0,-1.58421829537359,190,190,190,190,190,190,190
20.267788648605347,0.022175228626323377,7.7558197719178885,0.2617993877991417,0.0,-1.58432119669393,190,190,190,190,190,190,190
20.2785165309906,0.022175228626323377,7.7558197719178885,0.2617993877991417,0.0,-1.58432119669393,190,190,190,190,190,190,190
20.28868818283081,0.022175228626323377,7.7558197719178885,0.2617993877991417,0.0,-1.58432119669393,190,190,190,190,190,190,190
20.298874855041504,0.02229294999343753,7.747217209167289,0.2617993877991417,0.0,-1.5843527623565816,190,180,180,180,190,190,190
20.30905055999756,0.02229294999343753,7.747217209167289,0.2617993877991417,0.0,-1.5843527623565816,190,180,180,180,190,190,190
20.32669472694397,0.022410362404470946,7.738609971261042,0.2617993877991417,0.0,-1.5844057754144483,190,180,180,180,190,190,190
20.336893558502197,0.022410362404470946,7.738609971261042,0.2617993877991417,0.0,-1.5844057754144483,190,180,180,180,190,190,190
20.347068548202515,0.022410362404470946,7.738609971261042,0.2617993877991417,0.0,-1.5844057754144483,190,180,180,180,190,190,190
20.3572940826416,0.022410362404470946,7.738609971261042,0.2617993877991417,0.0,-1.5844057754144483,180,180,180,180,190,190,180
20.367525339126587,0.022532461800087184,7.729731184802384,0.2617993877991417,0.0,-1.5844569718378718,180,180,180,180,190,190,180
20.377700328826904,0.022532461800087184,7.729731184802384,0.2617993877991417,0.0,-1.5844569718378718,180,180,180,180,190,190,180
20.38787293434143,0.022532461800087184,7.729731184802384,0.2617993877991417,0.0,-1.5844569718378718,180,180,180,180,190,190,180
20.398099422454834,0.02265144467578449,7.72110220705239,0.2617993877991417,0.0,-1.584491619237474,180,180,180,180,190,190,180
20.408764123916626,0.02265144467578449,7.72110220705239,0.2617993877991417,0.0,-1.584491619237474,180,180,180,180,190,190,190
20.425218105316162,0.022770725491462182,7.712463326904123,0.2617993877991417,0.0,-1.584524861123776,180,180,180,180,190,190,190
20.43545413017273,0.022770725491462182,7.712463326904123,0.2617993877991417,0.0,-1.584524861123776,180,180,180,180,190,190,190
20.44570541381836,0.022770725491462182,7.712463326904123,0.2617993877991417,0.0,-1.584524861123776,180,180,180,180,190,190,190
20.45590591430664,0.022770725491462182,7.712463326904123,0.2617993877991417,0.0,-1.584524861123776,180,180,180,180,190,190,190
20.46647000312805,0.0228939214314121,7.7035518253513455,0.2617993877991417,0.0,-1.5845588819786955,180,180,180,180,190,190,190
20.476876258850098,0.0228939214314121,7.7035518253513455,0.2617993877991417,0.0,-1.5845588819786955,180,180,180,180,190,190,190
20.48710060119629,0.0228939214314121,7.7035518253513455,0.2617993877991417,0.0,-1.5845588819786955,180,180,180,180,190,190,190
20.49730920791626,0.02301367818148389,7.6948914856214286,0.2617993877991417,0.0,-1.5845942171747367,180,180,180,180,190,190,190
20.50752067565918,0.02301367818148389,7.6948914856214286,0.2617993877991417,0.0,-1.5845942171747367,190,180,180,180,190,190,190
20.525506496429443,0.023133303815952952,7.686221989481777,0.2617993877991417,0.0,-1.5846212161878876,190,180,180,180,190,190,190
20.535755157470703,0.023133303815952952,7.686221989481777,0.2617993877991417,0.0,-1.5846212161878876,190,180,180,180,190,190,190
20.545976877212524,0.023133303815952952,7.686221989481777,0.2617993877991417,0.0,-1.5846212161878876,190,180,180,180,190,190,190
20.556180953979492,0.023133303815952952,7.686221989481777,0.2617993877991417,0.0,-1.5846212161878876,190,180,180,180,190,190,180
20.573936939239502,0.023255697121530763,7.677285977350176,0.2617993877991417,0.0,-1.5846090718703176,190,180,180,180,190,190,180
20.584216833114624,0.023255697121530763,7.677285977350176,0.2617993877991417,0.0,-1.5846090718703176,190,180,180,180,190,190,180
20.594422340393066,0.023371036926528328,7.668619342776177,0.2617993877991417,0.0,-1.5845946845911478,190,180,180,180,190,190,180
20.604671955108643,0.023371036926528328,7.668619342776177,0.2617993877991417,0.0,-1.5845946845911478,190,180,180,180,190,190,180
20.61484956741333,0.023371036926528328,7.668619342776177,0.2617993877991417,0.0,-1.5845946845911478,190,180,180,180,190,190,180
20.62569808959961,0.02348750514260881,7.659968786901382,0.2617993877991417,0.0,-1.5846449464571317,190,180,180,180,190,190,180
20.635881185531616,0.02348750514260881,7.659968786901382,0.2617993877991417,0.0,-1.5846449464571317,190,180,180,180,190,190,180
20.646117210388184,0.02348750514260881,7.659968786901382,0.2617993877991417,0.0,-1.5846449464571317,190,180,190,170,190,190,180
20.656311750411987,0.02348750514260881,7.659968786901382,0.2617993877991417,0.0,-1.5846449464571317,190,180,190,170,190,190,180
20.666532278060913,0.02361497655471351,7.65112690978812,0.2617993877991417,0.0,-1.5847661278943996,190,180,190,170,190,190,180
20.67674493789673,0.02361497655471351,7.65112690978812,0.2617993877991417,0.0,-1.5847661278943996,190,180,190,170,190,190,180
20.687005758285522,0.02361497655471351,7.65112690978812,0.2617993877991417,0.0,-1.5847661278943996,190,180,190,170,190,190,180
20.697231769561768,0.023736600086752567,7.642521696554966,0.2617993877991417,0.0,-1.5847866365667602,190,180,190,170,190,190,180
20.70743751525879,0.023736600086752567,7.642521696554966,0.2617993877991417,0.0,-1.5847866365667602,190,180,190,170,190,190,180
20.7262020111084,0.023857879432213312,7.633913341683576,0.2617993877991417,0.0,-1.58483960144635,190,180,190,170,190,190,180
20.73642373085022,0.023857879432213312,7.633913341683576,0.2617993877991417,0.0,-1.58483960144635,190,180,190,170,190,190,180
20.746630907058716,0.023857879432213312,7.633913341683576,0.2617993877991417,0.0,-1.58483960144635,190,180,180,170,190,190,180
20.75684952735901,0.023857879432213312,7.633913341683576,0.2617993877991417,0.0,-1.58483960144635,190,180,180,170,190,190,180
20.77544403076172,0.023983895262187034,7.625033226618112,0.2617993877991417,0.0,-1.5848891928967979,190,180,180,170,190,190,180
20.785650491714478,0.023983895262187034,7.625033226618112,0.2617993877991417,0.0,-1.5848891928967979,190,180,180,170,190,190,180
20.79584240913391,0.02410658074692336,7.616403124741688,0.2617993877991417,0.0,-1.5849236509598257,190,180,180,180,190,190,180
20.80602765083313,0.02410658074692336,7.616403124741688,0.2617993877991417,0.0,-1.5849236509598257,190,180,180,180,190,190,180
20.816264629364014,0.02410658074692336,7.616403124741688,0.2617993877991417,0.0,-1.5849236509598257,190,180,180,180,190,190,180
20.82672119140625,0.02422960046951716,7.607763117724005,0.2617993877991417,0.0,-1.5849567766552852,190,180,180,180,190,190,180
20.836904287338257,0.02422960046951716,7.607763117724005,0.2617993877991417,0.0,-1.5849567766552852,190,180,180,180,190,190,180
20.847129344940186,0.02422960046951716,7.607763117724005,0.2617993877991417,0.0,-1.5849567766552852,190,180,180,170,180,190,180
20.85738205909729,0.02422960046951716,7.607763117724005,0.2617993877991417,0.0,-1.5849567766552852,190,180,180,170,180,190,180
20.873323678970337,0.024356638061969898,7.598850361013488,0.2617993877991417,0.0,-1.5849912273079472,190,180,180,170,180,190,180
20.883532762527466,0.024356638061969898,7.598850361013488,0.2617993877991417,0.0,-1.5849912273079472,190,180,180,170,180,190,180
20.893722772598267,0.024480118870230338,7.590188893786108,0.2617993877991417,0.0,-1.5850264614830312,190,190,180,180,190,190,180
20.903895139694214,0.024480118870230338,7.590188893786108,0.2617993877991417,0.0,-1.5850264614830312,190,190,180,180,190,190,180
20.91407608985901,0.024480118870230338,7.590188893786108,0.2617993877991417,0.0,-1.5850264614830312,190,190,180,180,190,190,180
20.925499439239502,0.024603403860340843,7.581518558116969,0.2617993877991417,0.0,-1.5850506650940457,190,190,180,180,190,190,180
20.93574285507202,0.024603403860340843,7.581518558116969,0.2617993877991417,0.0,-1.5850506650940457,190,190,180,180,190,190,180
20.945922374725342,0.024603403860340843,7.581518558116969,0.2617993877991417,0.0,-1.5850506650940457,190,180,180,160,180,190,180
20.956096172332764,0.024603403860340843,7.581518558116969,0.2617993877991417,0.0,-1.5850506650940457,190,180,180,160,180,190,180
20.96627926826477,0.024729364793542468,7.572583011140445,0.2617993877991417,0.0,-1.5850330520864593,190,180,180,160,180,190,180
20.976454496383667,0.024729364793542468,7.572583011140445,0.2617993877991417,0.0,-1.5850330520864593,190,180,180,160,180,190,180
20.986638069152832,0.024729364793542468,7.572583011140445,0.2617993877991417,0.0,-1.5850330520864593,190,180,180,160,180,190,180
20.99682903289795,0.024848431273346037,7.563917324431258,0.2617993877991417,0.0,-1.5850271041387103,190,180,180,150,190,190,180
21.00701904296875,0.024848431273346037,7.563917324431258,0.2617993877991417,0.0,-1.5850271041387103,190,180,180,150,190,190,180
21.017223119735718,0.024848431273346037,7.563917324431258,0.2617993877991417,0.0,-1.5850271041387103,190,180,180,150,190,190,180
21.027589321136475,0.02496944650697878,7.555273447650981,0.2617993877991417,0.0,-1.5850658921260063,190,180,180,150,190,190,180
21.03779649734497,0.02496944650697878,7.555273447650981,0.2617993877991417,0.0,-1.5850658921260063,190,180,180,150,190,190,180
21.048009634017944,0.02496944650697878,7.555273447650981,0.2617993877991417,0.0,-1.5850658921260063,190,180,180,150,190,190,180
21.05818200111389,0.025100031235966602,7.546433632989819,0.2617993877991417,0.0,-1.5852005667835238,190,180,180,150,190,190,180
21.06835913658142,0.025100031235966602,7.546433632989819,0.2617993877991417,0.0,-1.5852005667835238,190,180,180,150,190,190,180
21.078551769256592,0.025100031235966602,7.546433632989819,0.2617993877991417,0.0,-1.5852005667835238,190,180,180,150,190,190,180
21.08877682685852,0.025100031235966602,7.546433632989819,0.2617993877991417,0.0,-1.5852005667835238,190,180,180,150,190,190,180
21.099152326583862,0.025225527521495025,7.537826766477016,0.2617993877991417,0.0,-1.585218205289878,190,180,180,150,190,190,180
21.11005663871765,0.025225527521495025,7.537826766477016,0.2617993877991417,0.0,-1.585218205289878,190,180,180,160,190,190,180
21.127140522003174,0.025225527521495025,7.537826766477016,0.2617993877991417,0.0,-1.585218205289878,190,180,180,160,190,190,180
21.13752317428589,0.025350640785504933,7.529217276232625,0.2617993877991417,0.0,-1.585271635100653,190,180,180,160,190,190,180
21.147704362869263,0.025350640785504933,7.529217276232625,0.2617993877991417,0.0,-1.585271635100653,190,180,180,160,190,190,180
21.158039093017578,0.025350640785504933,7.529217276232625,0.2617993877991417,0.0,-1.585271635100653,190,180,180,160,190,190,180
21.17543387413025,0.025480531687844903,7.520335759124896,0.2617993877991417,0.0,-1.5853193048022385,190,180,180,160,190,190,180
21.18562650680542,0.025480531687844903,7.520335759124896,0.2617993877991417,0.0,-1.5853193048022385,190,180,180,160,190,190,180
21.195793628692627,0.025606922989455713,7.511704486947293,0.2617993877991417,0.0,-1.5853537127176112,190,180,180,160,190,190,180
21.206002235412598,0.025606922989455713,7.511704486947293,0.2617993877991417,0.0,-1.5853537127176112,190,180,180,160,190,190,180
21.22573709487915,0.025606922989455713,7.511704486947293,0.2617993877991417,0.0,-1.5853537127176112,190,180,180,160,190,190,180
21.23616123199463,0.025733667077463013,7.503063290298371,0.2617993877991417,0.0,-1.5853867355884124,190,180,180,160,190,190,180
21.24635148048401,0.025733667077463013,7.503063290298371,0.2617993877991417,0.0,-1.5853867355884124,190,180,180,160,190,190,190
21.2565336227417,0.025733667077463013,7.503063290298371,0.2617993877991417,0.0,-1.5853867355884124,190,180,180,160,190,190,190
21.266749620437622,0.02586452819561888,7.49414919660906,0.2617993877991417,0.0,-1.5854217533338568,190,180,180,160,190,190,190
21.27930974960327,0.02586452819561888,7.49414919660906,0.2617993877991417,0.0,-1.5854217533338568,190,180,180,160,190,190,190
21.289480924606323,0.025991715639672817,7.485486568710365,0.2617993877991417,0.0,-1.5854568065003614,190,180,180,160,190,190,190
21.29965853691101,0.025991715639672817,7.485486568710365,0.2617993877991417,0.0,-1.5854568065003614,190,180,180,160,190,190,190
21.309841871261597,0.025991715639672817,7.485486568710365,0.2617993877991417,0.0,-1.5854568065003614,190,180,180,160,190,190,190
21.32461714744568,0.025991715639672817,7.485486568710365,0.2617993877991417,0.0,-1.5854568065003614,190,180,180,160,190,190,190
21.334842681884766,0.026118641236994294,7.476815441981597,0.2617993877991417,0.0,-1.585477526299752,190,180,180,160,190,190,190
21.34503483772278,0.026118641236994294,7.476815441981597,0.2617993877991417,0.0,-1.585477526299752,190,180,180,160,190,190,190
21.35521697998047,0.026118641236994294,7.476815441981597,0.2617993877991417,0.0,-1.585477526299752,190,180,180,160,190,190,190
21.36542248725891,0.02624811531929037,7.467880503773235,0.2617993877991417,0.0,-1.5854551932441305,190,180,180,160,190,190,190
21.375911474227905,0.02624811531929037,7.467880503773235,0.2617993877991417,0.0,-1.5854551932441305,190,180,180,160,190,190,190
21.386107683181763,0.02624811531929037,7.467880503773235,0.2617993877991417,0.0,-1.5854551932441305,190,180,180,160,190,190,190
21.39628553390503,0.026370971112983956,7.459215693205346,0.2617993877991417,0.0,-1.5854595881694629,190,180,180,180,190,190,190
21.406471490859985,0.026370971112983956,7.459215693205346,0.2617993877991417,0.0,-1.5854595881694629,190,180,180,180,190,190,190
21.41667103767395,0.026370971112983956,7.459215693205346,0.2617993877991417,0.0,-1.5854595881694629,190,180,180,180,190,190,190
21.426924467086792,0.026370971112983956,7.459215693205346,0.2617993877991417,0.0,-1.5854595881694629,190,180,180,180,190,190,190
21.4371075630188,0.026370971112983956,7.459215693205346,0.2617993877991417,0.0,-1.5854595881694629,190,180,180,180,190,190,190
21.447330951690674,0.02649671174691038,7.450580038751956,0.2617993877991417,0.0,-1.5854863136259503,190,190,180,150,190,190,190
21.45757246017456,0.026630296900255312,7.441739164497313,0.2617993877991417,0.0,-1.5856240049780146,190,190,180,150,190,190,190
21.47537922859192,0.026630296900255312,7.441739164497313,0.2617993877991417,0.0,-1.5856240049780146,190,190,180,150,190,190,190
21.485586166381836,0.026630296900255312,7.441739164497313,0.2617993877991417,0.0,-1.5856240049780146,190,190,180,150,190,190,190
21.49578356742859,0.02675955976282976,7.433131908768508,0.2617993877991417,0.0,-1.585647313875681,190,190,190,150,190,190,190
21.50601053237915,0.02675955976282976,7.433131908768508,0.2617993877991417,0.0,-1.585647313875681,190,190,190,150,190,190,190
21.516229152679443,0.02675955976282976,7.433131908768508,0.2617993877991417,0.0,-1.585647313875681,190,190,190,150,190,190,190
21.527538299560547,0.02675955976282976,7.433131908768508,0.2617993877991417,0.0,-1.585647313875681,190,190,190,150,190,190,190
21.537930965423584,0.02688845198076801,7.424521350303737,0.2617993877991417,0.0,-1.5857013841273522,190,190,190,150,190,190,190
21.54812526702881,0.02688845198076801,7.424521350303737,0.2617993877991417,0.0,-1.5857013841273522,190,190,190,160,190,190,190
21.55847454071045,0.02688845198076801,7.424521350303737,0.2617993877991417,0.0,-1.5857013841273522,190,190,190,160,190,190,190
21.575123071670532,0.027022177470871194,7.415638515201169,0.2617993877991417,0.0,-1.5857471563907806,190,190,190,160,190,190,190
21.585343599319458,0.027022177470871194,7.415638515201169,0.2617993877991417,0.0,-1.5857471563907806,190,190,190,160,190,190,190
21.595507621765137,0.02715226698751907,7.4070061464254495,0.2617993877991417,0.0,-1.5857816151913828,190,190,190,160,190,190,190
21.605717182159424,0.02715226698751907,7.4070061464254495,0.2617993877991417,0.0,-1.5857816151913828,190,190,180,150,190,190,190
21.6269793510437,0.027282716454779636,7.398363820442083,0.2617993877991417,0.0,-1.5858145179528236,190,190,180,150,190,190,190
21.637269020080566,0.027282716454779636,7.398363820442083,0.2617993877991417,0.0,-1.5858145179528236,190,190,180,150,190,190,190
21.64748239517212,0.027282716454779636,7.398363820442083,0.2617993877991417,0.0,-1.5858145179528236,190,190,180,150,190,190,190
21.657683849334717,0.027282716454779636,7.398363820442083,0.2617993877991417,0.0,-1.5858145179528236,190,190,180,180,190,190,190
21.667927026748657,0.02741738059152572,7.389448456013596,0.2617993877991417,0.0,-1.5858500663804616,190,190,180,180,190,190,190
21.67813539505005,0.02741738059152572,7.389448456013596,0.2617993877991417,0.0,-1.5858500663804616,190,190,180,180,190,190,190
21.68834400177002,0.02741738059152572,7.389448456013596,0.2617993877991417,0.0,-1.5858500663804616,190,190,180,180,190,190,190
21.698880672454834,0.027548254112142526,7.380784755979099,0.2617993877991417,0.0,-1.585884704251884,190,190,180,180,190,190,190
21.709160327911377,0.027548254112142526,7.380784755979099,0.2617993877991417,0.0,-1.585884704251884,190,190,180,180,190,190,190
21.727800607681274,0.027678796043379573,7.372113001878906,0.2617993877991417,0.0,-1.5859012971416593,190,190,180,180,190,190,190
21.738102912902832,0.027678796043379573,7.372113001878906,0.2617993877991417,0.0,-1.5859012971416593,190,190,180,180,190,190,190
21.748302221298218,0.027678796043379573,7.372113001878906,0.2617993877991417,0.0,-1.5859012971416593,190,190,180,180,190,190,190
21.75853729248047,0.027811726699967308,7.363178824320245,0.2617993877991417,0.0,-1.5858753063361684,190,190,180,180,190,190,190
21.77719235420227,0.027811726699967308,7.363178824320245,0.2617993877991417,0.0,-1.5858753063361684,190,190,180,180,190,190,190
21.787479877471924,0.027811726699967308,7.363178824320245,0.2617993877991417,0.0,-1.5858753063361684,190,190,180,180,190,190,190
21.79769992828369,0.027938078149762468,7.354514892427148,0.2617993877991417,0.0,-1.5858911231526567,190,190,180,190,190,190,190
21.80791735649109,0.027938078149762468,7.354514892427148,0.2617993877991417,0.0,-1.5858911231526567,190,190,180,190,190,190,190
21.81812286376953,0.027938078149762468,7.354514892427148,0.2617993877991417,0.0,-1.5858911231526567,190,190,180,190,190,190,190
21.829599618911743,0.02806891025062831,7.345888632859293,0.2617993877991417,0.0,-1.5859101266958613,190,190,180,190,190,190,190
21.839853286743164,0.02806891025062831,7.345888632859293,0.2617993877991417,0.0,-1.5859101266958613,190,190,180,190,190,190,190
21.850054502487183,0.02806891025062831,7.345888632859293,0.2617993877991417,0.0,-1.5859101266958613,190,190,180,190,190,190,190
21.86030101776123,0.0282056777097478,7.337044190011063,0.2617993877991417,0.0,-1.5860390094752832,190,190,180,180,190,190,190
21.878315210342407,0.0282056777097478,7.337044190011063,0.2617993877991417,0.0,-1.5860390094752832,190,190,180,180,190,190,190
21.88860011100769,0.0282056777097478,7.337044190011063,0.2617993877991417,0.0,-1.5860390094752832,190,190,180,180,190,190,190
21.89883303642273,0.02833842351601659,7.32843758901292,0.2617993877991417,0.0,-1.5860738218977501,190,190,180,190,190,190,190
21.909043550491333,0.02833842351601659,7.32843758901292,0.2617993877991417,0.0,-1.5860738218977501,190,190,180,190,190,190,190
21.92621111869812,0.028471046933917606,7.3198258765367425,0.2617993877991417,0.0,-1.5861281698569965,190,190,180,190,190,190,190
21.936513662338257,0.028471046933917606,7.3198258765367425,0.2617993877991417,0.0,-1.5861281698569965,190,190,180,190,190,190,190
21.946765422821045,0.028471046933917606,7.3198258765367425,0.2617993877991417,0.0,-1.5861281698569965,190,190,180,190,190,190,190
21.95698857307434,0.02860856975678759,7.310941638195962,0.2617993877991417,0.0,-1.5861715974692987,190,190,180,190,190,190,190
21.967199563980103,0.02860856975678759,7.310941638195962,0.2617993877991417,0.0,-1.5861715974692987,190,190,180,190,190,190,190
21.979705333709717,0.02860856975678759,7.310941638195962,0.2617993877991417,0.0,-1.5861715974692987,190,190,180,190,190,190,190
21.989917755126953,0.028742335679492626,7.302308122898031,0.2617993877991417,0.0,-1.586206216036146,190,190,180,190,190,190,190
22.00010895729065,0.028742335679492626,7.302308122898031,0.2617993877991417,0.0,-1.586206216036146,190,190,180,190,190,190,190
22.01033067703247,0.028742335679492626,7.302308122898031,0.2617993877991417,0.0,-1.586206216036146,190,190,180,190,190,190,190
22.025572299957275,0.028742335679492626,7.302308122898031,0.2617993877991417,0.0,-1.586206216036146,190,190,180,190,190,190,190
22.035926580429077,0.028876460392548826,7.293664589475058,0.2617993877991417,0.0,-1.5862391230735142,190,190,180,190,190,190,190
22.046146392822266,0.028876460392548826,7.293664589475058,0.2617993877991417,0.0,-1.5862391230735142,190,190,180,180,190,190,190
22.056351900100708,0.029014899705680317,7.284747882869915,0.2617993877991417,0.0,-1.5862752561431543,190,190,180,180,190,190,190
22.066590309143066,0.029014899705680317,7.284747882869915,0.2617993877991417,0.0,-1.5862752561431543,190,190,180,180,190,190,190
22.07685160636902,0.029014899705680317,7.284747882869915,0.2617993877991417,0.0,-1.5862752561431543,190,190,180,180,190,190,190
22.08706784248352,0.029014899705680317,7.284747882869915,0.2617993877991417,0.0,-1.5862752561431543,190,190,180,180,190,190,190
22.097289323806763,0.02914942188542247,7.2760830770736495,0.2617993877991417,0.0,-1.586309273432175,190,190,180,180,190,190,190
22.107492446899414,0.02914942188542247,7.2760830770736495,0.2617993877991417,0.0,-1.586309273432175,190,190,180,190,190,190,190
22.11770987510681,0.02914942188542247,7.2760830770736495,0.2617993877991417,0.0,-1.586309273432175,190,190,180,190,190,190,190
22.13005757331848,0.02928355301933165,7.267410794194783,0.2617993877991417,0.0,-1.5863212274332394,190,190,180,190,190,190,190
22.14029622077942,0.02928355301933165,7.267410794194783,0.2617993877991417,0.0,-1.5863212274332394,190,190,180,190,190,190,190
22.15048360824585,0.02928355301933165,7.267410794194783,0.2617993877991417,0.0,-1.5863212274332394,190,190,180,180,190,190,190
22.16069459915161,0.02941984345878172,7.258477473095554,0.2617993877991417,0.0,-1.5862929337345864,190,190,180,180,190,190,190
22.170926809310913,0.02941984345878172,7.258477473095554,0.2617993877991417,0.0,-1.5862929337345864,190,190,180,180,190,190,190
22.1811740398407,0.02941984345878172,7.258477473095554,0.2617993877991417,0.0,-1.5862929337345864,190,190,180,180,190,190,190
22.19139528274536,0.029549521929082667,7.2498145551153526,0.2617993877991417,0.0,-1.5863207292649364,190,190,180,180,190,190,190
22.20157742500305,0.029549521929082667,7.2498145551153526,0.2617993877991417,0.0,-1.5863207292649364,190,190,190,190,190,190,190
22.211787700653076,0.029549521929082667,7.2498145551153526,0.2617993877991417,0.0,-1.5863207292649364,190,190,190,190,190,190,190
22.225911617279053,0.029549521929082667,7.2498145551153526,0.2617993877991417,0.0,-1.5863207292649364,190,190,190,190,190,190,190
22.236186027526855,0.029549521929082667,7.2498145551153526,0.2617993877991417,0.0,-1.5863207292649364,190,190,190,190,190,190,190
22.246382236480713,0.029549521929082667,7.2498145551153526,0.2617993877991417,0.0,-1.5863207292649364,190,190,190,190,190,190,190
22.256815195083618,0.029825879536552382,7.232348911003035,0.2617993877991417,0.0,-1.5864509292511275,190,190,190,190,190,190,190
22.26707887649536,0.029825879536552382,7.232348911003035,0.2617993877991417,0.0,-1.5864509292511275,190,190,190,190,190,190,190
22.277316331863403,0.029825879536552382,7.232348911003035,0.2617993877991417,0.0,-1.5864509292511275,190,190,190,190,190,190,190
22.287517070770264,0.029825879536552382,7.232348911003035,0.2617993877991417,0.0,-1.5864509292511275,190,190,190,190,190,190,190
22.297706127166748,0.02996178789088058,7.223743361234445,0.2617993877991417,0.0,-1.5864978028214418,190,190,190,190,190,190,190
22.30791139602661,0.02996178789088058,7.223743361234445,0.2617993877991417,0.0,-1.5864978028214418,190,190,190,190,190,190,200
22.325288772583008,0.03009810567432255,7.215130505550556,0.2617993877991417,0.0,-1.5865521862177014,190,190,190,190,190,190,200
22.335516929626465,0.03009810567432255,7.215130505550556,0.2617993877991417,0.0,-1.5865521862177014,190,190,190,190,190,190,200
22.345696926116943,0.03009810567432255,7.215130505550556,0.2617993877991417,0.0,-1.5865521862177014,190,190,190,190,190,190,190
22.355870723724365,0.03009810567432255,7.215130505550556,0.2617993877991417,0.0,-1.5865521862177014,190,190,190,190,190,190,190
22.366046667099,0.030239395196292464,7.206244956512831,0.2617993877991417,0.0,-1.5865934868221025,190,190,190,190,190,190,190
22.38115644454956,0.030239395196292464,7.206244956512831,0.2617993877991417,0.0,-1.5865934868221025,190,190,190,190,190,190,190
22.391347408294678,0.03037681372917126,7.197610345261232,0.2617993877991417,0.0,-1.586628119941002,190,190,190,190,190,190,190
22.401519775390625,0.03037681372917126,7.197610345261232,0.2617993877991417,0.0,-1.586628119941002,190,190,190,190,190,190,190
22.41169834136963,0.03037681372917126,7.197610345261232,0.2617993877991417,0.0,-1.586628119941002,190,190,190,190,190,190,190
22.426880598068237,0.03037681372917126,7.197610345261232,0.2617993877991417,0.0,-1.586628119941002,190,190,190,190,190,190,190
22.43725848197937,0.030514586413449975,7.1889656515066,0.2617993877991417,0.0,-1.5866611164776334,190,190,190,190,190,190,190
22.447443962097168,0.030514586413449975,7.1889656515066,0.2617993877991417,0.0,-1.5866611164776334,190,190,190,190,190,190,190
22.4576096534729,0.03065677901558311,7.180047684084572,0.2617993877991417,0.0,-1.58669768745732,190,190,190,190,190,190,190
22.467840909957886,0.03065677901558311,7.180047684084572,0.2617993877991417,0.0,-1.58669768745732,190,190,190,190,190,190,190
22.47806215286255,0.03065677901558311,7.180047684084572,0.2617993877991417,0.0,-1.58669768745732,190,190,190,190,190,190,190
22.48835301399231,0.03065677901558311,7.180047684084572,0.2617993877991417,0.0,-1.58669768745732,190,190,190,190,190,190,190
22.498620986938477,0.030794909574884562,7.171381866622877,0.2617993877991417,0.0,-1.5867308164954719,190,190,190,190,190,190,190
22.50879740715027,0.030794909574884562,7.171381866622877,0.2617993877991417,0.0,-1.5867308164954719,190,190,190,190,190,190,190
22.518977880477905,0.030794909574884562,7.171381866622877,0.2617993877991417,0.0,-1.5867308164954719,190,190,190,190,190,190,190
22.529192447662354,0.03093260590395333,7.162709233758415,0.2617993877991417,0.0,-1.5867376159044644,190,190,190,190,190,190,190
22.539387941360474,0.03093260590395333,7.162709233758415,0.2617993877991417,0.0,-1.5867376159044644,190,190,190,190,190,190,190
22.5495822429657,0.03093260590395333,7.162709233758415,0.2617993877991417,0.0,-1.5867376159044644,190,190,190,190,190,190,190
22.559850931167603,0.031072125283104948,7.153776872996336,0.2617993877991417,0.0,-1.5867085166961856,190,190,190,190,190,190,190
22.578541040420532,0.031072125283104948,7.153776872996336,0.2617993877991417,0.0,-1.5867085166961856,190,190,190,190,190,190,190
22.58890438079834,0.031072125283104948,7.153776872996336,0.2617993877991417,0.0,-1.5867085166961856,190,190,190,190,190,190,190
22.599185705184937,0.031205336803028994,7.145115374462246,0.2617993877991417,0.0,-1.5867472259761395,190,190,190,190,190,190,190
22.609379291534424,0.031205336803028994,7.145115374462246,0.2617993877991417,0.0,-1.5867472259761395,190,190,190,190,190,190,190
22.627325773239136,0.031205336803028994,7.145115374462246,0.2617993877991417,0.0,-1.5867472259761395,190,190,190,190,190,190,190
22.63772416114807,0.0313462829913503,7.136509143100618,0.2617993877991417,0.0,-1.5867818279112882,190,190,190,190,190,190,190
22.64793086051941,0.0313462829913503,7.136509143100618,0.2617993877991417,0.0,-1.5867818279112882,190,190,190,190,190,190,190
22.65813660621643,0.03149030649455183,7.127654589977948,0.2617993877991417,0.0,-1.5868646693514543,180,180,180,180,190,190,190
22.676538944244385,0.03149030649455183,7.127654589977948,0.2617993877991417,0.0,-1.5868646693514543,180,180,180,180,190,190,190
22.686760187149048,0.03149030649455183,7.127654589977948,0.2617993877991417,0.0,-1.5868646693514543,180,180,180,180,190,190,190
22.696982383728027,0.031629357986014094,7.11904960973909,0.2617993877991417,0.0,-1.5869190752333475,180,180,180,180,190,190,200
22.707218170166016,0.031629357986014094,7.11904960973909,0.2617993877991417,0.0,-1.5869190752333475,180,180,180,180,190,190,200
22.72597575187683,0.03176934545430492,7.110435523493846,0.2617993877991417,0.0,-1.5869732244812313,180,180,180,180,190,190,200
22.7362322807312,0.03176934545430492,7.110435523493846,0.2617993877991417,0.0,-1.5869732244812313,180,180,180,180,190,190,200
22.746416807174683,0.03176934545430492,7.110435523493846,0.2617993877991417,0.0,-1.5869732244812313,180,180,180,190,190,190,190
22.756623029708862,0.03176934545430492,7.110435523493846,0.2617993877991417,0.0,-1.5869732244812313,180,180,180,190,190,190,190
22.76708221435547,0.03191437914223739,7.101548624490513,0.2617993877991417,0.0,-1.5870126828596047,180,180,180,190,190,190,190
22.77729034423828,0.03191437914223739,7.101548624490513,0.2617993877991417,0.0,-1.5870126828596047,180,180,180,190,190,190,190
22.787460327148438,0.03191437914223739,7.101548624490513,0.2617993877991417,0.0,-1.5870126828596047,180,180,180,190,190,190,190
22.79765796661377,0.03205542587665988,7.092912845110256,0.2617993877991417,0.0,-1.5870472908816224,180,180,190,190,190,190,190
22.80785322189331,0.03205542587665988,7.092912845110256,0.2617993877991417,0.0,-1.5870472908816224,180,180,190,190,190,190,190
22.826348781585693,0.0321968210983458,7.084266910179135,0.2617993877991417,0.0,-1.5870805226005837,180,180,190,190,190,190,190
22.83657455444336,0.0321968210983458,7.084266910179135,0.2617993877991417,0.0,-1.5870805226005837,180,180,190,190,190,190,190
22.846801042556763,0.0321968210983458,7.084266910179135,0.2617993877991417,0.0,-1.5870805226005837,170,190,190,190,190,190,190
22.856971502304077,0.032342744793662,7.075347634797584,0.2617993877991417,0.0,-1.5871174795405851,170,190,190,190,190,190,190
22.867148399353027,0.032342744793662,7.075347634797584,0.2617993877991417,0.0,-1.5871174795405851,170,190,190,190,190,190,190
22.87778878211975,0.032342744793662,7.075347634797584,0.2617993877991417,0.05235987755982833,-1.5871174795405851,170,190,190,190,190,190,190
22.88800573348999,0.032342744793662,7.075347634797584,0.2617993877991417,0.05235987755982833,-1.5871174795405851,170,190,190,190,190,190,190
22.898236513137817,0.03248444163025899,7.066680801140916,0.2617993877991417,0.06981317007977111,-1.5871494118719338,160,190,190,190,190,190,200
22.908681869506836,0.03248444163025899,7.066680801140916,0.2617993877991417,0.06981317007977111,-1.5871494118719338,160,190,190,190,190,190,200
22.918930530548096,0.03248444163025899,7.066680801140916,0.2617993877991417,0.08726646259971389,-1.5871494118719338,160,190,190,190,190,190,200
22.929119110107422,0.03263032817925872,7.0580177735015015,0.2617993877991417,0.08726646259971389,-1.5886952391009421,160,190,190,190,190,190,200
22.939308404922485,0.03263032817925872,7.0580177735015015,0.2617993877991417,0.12217304763959944,-1.5886952391009421,160,190,190,190,190,190,200
22.949470281600952,0.03263032817925872,7.0580177735015015,0.2617993877991417,0.13962634015954223,-1.5886952391009421,150,190,190,190,190,200,200
22.95964002609253,0.032796254332375735,7.049101473037592,0.2617993877991417,0.13962634015954223,-1.5914651032667442,150,190,190,190,190,200,200
22.977870225906372,0.032796254332375735,7.049101473037592,0.2617993877991417,0.13962634015954223,-1.5914651032667442,150,190,190,190,190,200,200
22.988076210021973,0.032796254332375735,7.049101473037592,0.2617993877991417,0.13962634015954223,-1.5914651032667442,150,190,190,190,190,200,200
22.998252868652344,0.03298565264851062,7.040514199773901,0.2617993877991417,0.20943951023931331,-1.594680040976005,150,190,190,190,190,200,200
23.008512258529663,0.03298565264851062,7.040514199773901,0.2617993877991417,0.20943951023931331,-1.594680040976005,140,180,190,190,190,190,200
23.027223587036133,0.03298565264851062,7.040514199773901,0.2617993877991417,0.24434609527919887,-1.594680040976005,140,180,190,190,190,190,200
23.037420988082886,0.033218826595554744,7.031923323712692,0.2617993877991417,0.2617993877991417,-1.5990352789297586,140,180,190,190,190,190,200
23.047635316848755,0.033218826595554744,7.031923323712692,0.2617993877991417,0.2967059728390272,-1.5990352789297586,140,180,190,190,190,210,210
23.057908296585083,0.033218826595554744,7.031923323712692,0.2617993877991417,0.2967059728390272,-1.5990352789297586,140,180,190,190,190,210,210
23.075644493103027,0.033499142186478884,7.023016751324537,0.2617993877991417,0.34906585039885557,-1.6060587291168253,140,180,190,190,190,210,210
23.08586359024048,0.033499142186478884,7.023016751324537,0.2617993877991417,0.34906585039885557,-1.6060587291168253,140,180,190,190,190,210,210
23.09605360031128,0.03384006047972509,7.01447444276755,0.2617993877991417,0.36651914291879834,-1.6155359769218174,140,180,190,190,190,190,200
23.106243133544922,0.03384006047972509,7.01447444276755,0.2617993877991417,0.36651914291879834,-1.6155359769218174,140,180,190,190,190,190,200
23.116455554962158,0.03384006047972509,7.01447444276755,0.2617993877991417,0.3839724354387411,-1.6155359769218174,140,180,190,190,190,190,200
23.130334615707397,0.03384006047972509,7.01447444276755,0.2617993877991417,0.3839724354387411,-1.6155359769218174,140,180,190,190,190,190,200
23.140539169311523,0.034268101432485445,7.005967197988338,0.2617993877991417,0.43633231299856945,-1.626941827535297,140,180,190,190,190,190,200
23.150714874267578,0.034268101432485445,7.005967197988338,0.2617993877991417,0.43633231299856945,-1.626941827535297,140,180,190,190,190,190,200
23.160908699035645,0.034816637321138114,6.9972113320426,0.2617993877991417,0.43633231299856945,-1.640005216002427,140,180,190,190,190,190,200
23.176785707473755,0.034816637321138114,6.9972113320426,0.2617993877991417,0.43633231299856945,-1.640005216002427,140,180,190,190,190,190,200
23.186985969543457,0.034816637321138114,6.9972113320426,0.2617993877991417,0.43633231299856945,-1.640005216002427,140,180,190,190,190,190,200
23.197187900543213,0.03546474877770391,6.988721950475879,0.2617993877991417,0.43633231299856945,-1.6543414660215858,140,140,180,180,190,190,200
23.207683801651,0.03546474877770391,6.988721950475879,0.2617993877991417,0.43633231299856945,-1.6543414660215858,140,140,180,180,190,190,200
23.217886447906494,0.03546474877770391,6.988721950475879,0.2617993877991417,0.43633231299856945,-1.6543414660215858,140,140,180,180,190,190,200
23.228063821792603,0.03623619570449154,6.980235003439503,0.2617993877991417,0.43633231299856945,-1.668810076257721,140,140,180,180,190,190,200
23.23833727836609,0.03623619570449154,6.980235003439503,0.2617993877991417,0.43633231299856945,-1.668810076257721,140,140,180,180,190,190,200
23.24854874610901,0.03623619570449154,6.980235003439503,0.2617993877991417,0.43633231299856945,-1.668810076257721,140,140,180,180,190,190,200
23.258716583251953,0.03715987575855258,6.97149517793345,0.2617993877991417,0.43633231299856945,-1.6836952653094706,140,140,180,190,190,190,200
23.277366638183594,0.03715987575855258,6.97149517793345,0.2617993877991417,0.43633231299856945,-1.6836952653094706,140,140,180,190,190,190,200
23.287587881088257,0.03715987575855258,6.97149517793345,0.2617993877991417,0.43633231299856945,-1.6836952653094706,140,140,180,190,190,190,200
23.297796487808228,0.03817848984533496,6.963030145229813,0.2617993877991417,0.43633231299856945,-1.6980420755672847,130,130,140,190,190,190,200
23.308072328567505,0.03817848984533496,6.963030145229813,0.2617993877991417,0.43633231299856945,-1.6980420755672847,130,130,140,190,190,190,200
23.327001810073853,0.03817848984533496,6.963030145229813,0.2617993877991417,0.43633231299856945,-1.6980420755672847,130,130,140,190,190,190,200
23.337941884994507,0.03931690117797699,6.954616224898142,0.2617993877991417,0.43633231299856945,-1.7120437131786959,130,130,140,190,190,190,200
23.348199367523193,0.03931690117797699,6.954616224898142,0.2617993877991417,0.43633231299856945,-1.7120437131786959,130,130,140,190,190,190,200
23.35871911048889,0.04061394036603972,6.945950199089557,0.2617993877991417,0.43633231299856945,-1.7265255234212848,130,130,130,190,190,190,190
23.36901092529297,0.04061394036603972,6.945950199089557,0.2617993877991417,0.43633231299856945,-1.7265255234212848,130,130,130,190,190,190,190
23.379289150238037,0.04061394036603972,6.945950199089557,0.2617993877991417,0.43633231299856945,-1.7265255234212848,130,130,130,190,190,190,190
23.389476776123047,0.04199315766357417,6.937545356541149,0.2617993877991417,0.43633231299856945,-1.7406076076787598,130,130,130,190,190,190,190
23.399677991867065,0.04199315766357417,6.937545356541149,0.2617993877991417,0.43633231299856945,-1.7406076076787598,130,130,130,190,190,190,190
23.409871339797974,0.04199315766357417,6.937545356541149,0.2617993877991417,0.43633231299856945,-1.7406076076787598,130,140,130,150,190,190,190
23.424285888671875,0.04199315766357417,6.937545356541149,0.2617993877991417,0.43633231299856945,-1.7406076076787598,130,140,130,150,190,190,190
23.43449592590332,0.04349171185751163,6.929152245926076,0.2617993877991417,0.43633231299856945,-1.7547230832820595,130,140,130,150,190,190,190
23.444703340530396,0.04349171185751163,6.929152245926076,0.2617993877991417,0.43633231299856945,-1.7547230832820595,130,140,130,150,190,190,190
23.454925298690796,0.04349171185751163,6.929152245926076,0.2617993877991417,0.43633231299856945,-1.7547230832820595,130,130,120,130,190,210,200
23.465133905410767,0.045160720698577295,6.920521865268444,0.2617993877991417,0.43633231299856945,-1.7693291359918437,130,130,120,130,190,210,200
23.47901153564453,0.045160720698577295,6.920521865268444,0.2617993877991417,0.43633231299856945,-1.7693291359918437,130,130,120,130,190,210,200
23.48926854133606,0.04690146048926276,6.912165933168948,0.2617993877991417,0.43633231299856945,-1.7835829486722592,130,130,120,130,190,210,200
23.499473333358765,0.04690146048926276,6.912165933168948,0.2617993877991417,0.43633231299856945,-1.7835829486722592,130,130,120,130,190,210,200
23.509676933288574,0.04690146048926276,6.912165933168948,0.2617993877991417,0.43633231299856945,-1.7835829486722592,130,130,130,130,190,210,200
23.524314880371094,0.04690146048926276,6.912165933168948,0.2617993877991417,0.43633231299856945,-1.7835829486722592,130,130,130,130,190,210,200
23.53463888168335,0.04876849472374748,6.903820488604747,0.2617993877991417,0.43633231299856945,-1.7978264118930036,130,130,130,130,190,210,200
23.544826984405518,0.04876849472374748,6.903820488604747,0.2617993877991417,0.43633231299856945,-1.7978264118930036,130,130,130,130,190,210,200
23.555042505264282,0.04876849472374748,6.903820488604747,0.2617993877991417,0.43633231299856945,-1.7978264118930036,130,130,130,120,130,190,200
23.565295696258545,0.05080821859089106,6.8952801351778295,0.2617993877991417,0.43633231299856945,-1.8127882062617329,130,130,130,120,130,190,200
23.575491189956665,0.05080821859089106,6.8952801351778295,0.2617993877991417,0.43633231299856945,-1.8127882062617329,130,130,130,120,130,190,200
23.58569884300232,0.05080821859089106,6.8952801351778295,0.2617993877991417,0.43633231299856945,-1.8127882062617329,130,130,130,120,130,190,200
23.595909595489502,0.05290548993348583,6.8870364298695765,0.2617993877991417,0.43633231299856945,-1.827396415082455,180,130,130,120,120,190,200
23.60611605644226,0.05290548993348583,6.8870364298695765,0.2617993877991417,0.43633231299856945,-1.827396415082455,180,130,130,120,120,190,200
23.616363763809204,0.05290548993348583,6.8870364298695765,0.2617993877991417,0.43633231299856945,-1.827396415082455,180,130,130,120,120,190,200
23.62684965133667,0.055119070762499174,6.878834529207258,0.2617993877991417,0.43633231299856945,-1.8419493737154495,180,130,130,120,120,190,200
23.63703989982605,0.055119070762499174,6.878834529207258,0.2617993877991417,0.43633231299856945,-1.8419493737154495,180,130,130,120,120,190,200
23.647251844406128,0.055119070762499174,6.878834529207258,0.2617993877991417,0.43633231299856945,-1.8419493737154495,190,140,130,120,120,120,210
23.658190727233887,0.055119070762499174,6.878834529207258,0.2617993877991417,0.43633231299856945,-1.8419493737154495,190,140,130,120,120,120,210
23.67458415031433,0.057517410151035106,6.870446654992103,0.2617993877991417,0.43633231299856945,-1.85667240744451,190,140,130,120,120,120,210
23.684799432754517,0.057517410151035106,6.870446654992103,0.2617993877991417,0.43633231299856945,-1.85667240744451,190,140,130,120,120,120,210
23.695037364959717,0.05996815737750338,6.862326878828418,0.2617993877991417,0.43633231299856945,-1.8709852362491262,190,180,130,130,130,120,200
23.705247402191162,0.05996815737750338,6.862326878828418,0.2617993877991417,0.43633231299856945,-1.8709852362491262,190,180,130,130,130,120,200
23.715511322021484,0.05996815737750338,6.862326878828418,0.2617993877991417,0.43633231299856945,-1.8709852362491262,190,180,130,130,130,120,200
23.72599744796753,0.06253572565341181,6.854235486669165,0.2617993877991417,0.43633231299856945,-1.8852850917267965,190,180,130,130,130,120,200
23.73617911338806,0.06253572565341181,6.854235486669165,0.2617993877991417,0.43633231299856945,-1.8852850917267965,190,180,130,130,130,120,200
23.74638342857361,0.06253572565341181,6.854235486669165,0.2617993877991417,0.43633231299856945,-1.8852850917267965,190,180,130,130,130,120,200
23.756911516189575,0.06253572565341181,6.854235486669165,0.2617993877991417,0.43633231299856945,-1.8852850917267965,180,190,130,130,130,120,120
23.77436113357544,0.06530586138596518,6.8459260585362856,0.2617993877991417,0.43633231299856945,-1.9000363956144264,180,190,130,130,130,120,120
23.78454613685608,0.06530586138596518,6.8459260585362856,0.2617993877991417,0.43633231299856945,-1.9000363956144264,180,190,130,130,130,120,120
23.79472327232361,0.06811570199558568,6.8378885976747625,0.2617993877991417,0.43633231299856945,-1.9143725328678938,180,190,130,130,130,120,120
23.804915189743042,0.06811570199558568,6.8378885976747625,0.2617993877991417,0.43633231299856945,-1.9143725328678938,190,190,140,130,130,120,120
23.81511616706848,0.06811570199558568,6.8378885976747625,0.2617993877991417,0.43633231299856945,-1.9143725328678938,190,190,140,130,130,120,120
23.825374603271484,0.07104467843682298,6.8298801153765965,0.2617993877991417,0.43633231299856945,-1.9287255910556824,190,190,140,130,130,120,120
23.835548639297485,0.07104467843682298,6.8298801153765965,0.2617993877991417,0.43633231299856945,-1.9287255910556824,190,190,140,130,130,120,120
23.845721006393433,0.07104467843682298,6.8298801153765965,0.2617993877991417,0.43633231299856945,-1.9287255910556824,190,190,140,130,130,120,120
23.855962991714478,0.07104467843682298,6.8298801153765965,0.2617993877991417,0.43633231299856945,-1.9287255910556824,180,180,190,120,120,120,120
23.87393593788147,0.07418651232135041,6.8216616786202815,0.2617993877991417,0.43633231299856945,-1.943525969898494,180,180,190,120,120,120,120
23.884127140045166,0.07418651232135041,6.8216616786202815,0.2617993877991417,0.43633231299856945,-1.943525969898494,180,180,190,120,120,120,120
23.89429807662964,0.07735495961258008,6.813720917699074,0.2617993877991417,0.43633231299856945,-1.957884065582034,180,180,210,130,120,120,120
23.904505729675293,0.07735495961258008,6.813720917699074,0.2617993877991417,0.43633231299856945,-1.957884065582034,180,180,210,130,120,120,120
23.914788961410522,0.07735495961258008,6.813720917699074,0.2617993877991417,0.43633231299856945,-1.957884065582034,180,180,210,130,120,120,120
23.925042390823364,0.0806349311714651,6.805825079576159,0.2617993877991417,0.43633231299856945,-1.9721868713830737,180,180,210,130,120,120,120
23.93523859977722,0.0806349311714651,6.805825079576159,0.2617993877991417,0.43633231299856945,-1.9721868713830737,180,180,210,130,120,120,120
23.94541907310486,0.0806349311714651,6.805825079576159,0.2617993877991417,0.43633231299856945,-1.9721868713830737,170,180,190,190,120,120,120
23.955628156661987,0.0806349311714651,6.805825079576159,0.2617993877991417,0.43633231299856945,-1.9721868713830737,170,180,190,190,120,120,120
23.96586537361145,0.08413065367809035,6.797747312682496,0.2617993877991417,0.43633231299856945,-1.9868598569663343,170,180,190,190,120,120,120
23.97763180732727,0.08413065367809035,6.797747312682496,0.2617993877991417,0.43633231299856945,-1.9868598569663343,170,180,190,190,120,120,120
23.987833976745605,0.08413065367809035,6.797747312682496,0.2617993877991417,0.43633231299856945,-1.9868598569663343,170,180,190,190,120,120,120
23.99806308746338,0.08762293888558992,6.789990050987686,0.2617993877991417,0.43633231299856945,-2.0009392961233305,170,180,190,190,120,120,120
24.008325338363647,0.08762293888558992,6.789990050987686,0.2617993877991417,0.43633231299856945,-2.0009392961233305,180,170,190,190,190,120,120
24.025949001312256,0.09122052615643439,6.782285894466476,0.2617993877991417,0.43633231299856945,-2.0151130430701247,180,170,190,190,190,120,120
24.036171913146973,0.09122052615643439,6.782285894466476,0.2617993877991417,0.43633231299856945,-2.0151130430701247,180,170,190,190,190,120,120
24.04636836051941,0.09122052615643439,6.782285894466476,0.2617993877991417,0.43633231299856945,-2.0151130430701247,180,170,180,190,190,120,120
24.056716918945312,0.09122052615643439,6.782285894466476,0.2617993877991417,0.43633231299856945,-2.0151130430701247,180,170,180,190,190,120,120
24.0670645236969,0.09502882466777919,6.774441654244267,0.2617993877991417,0.43633231299856945,-2.030073531612328,180,170,180,190,190,120,120
24.0775203704834,0.09502882466777919,6.774441654244267,0.2617993877991417,0.43633231299856945,-2.030073531612328,180,170,180,190,190,120,120
24.088048219680786,0.09502882466777919,6.774441654244267,0.2617993877991417,0.43633231299856945,-2.030073531612328,180,170,180,190,190,120,120
24.098691701889038,0.09883657725499657,6.766881380066113,0.2617993877991417,0.43633231299856945,-2.0446614018210965,200,170,170,190,210,120,110
24.108946561813354,0.09883657725499657,6.766881380066113,0.2617993877991417,0.43633231299856945,-2.0446614018210965,200,170,170,190,210,120,110
24.123706102371216,0.09883657725499657,6.766881380066113,0.2617993877991417,0.43633231299856945,-2.0446614018210965,200,170,170,190,210,120,110
24.134050130844116,0.10276743003975748,6.759351905680067,0.2617993877991417,0.41887902047862663,-2.0591788051509434,200,170,170,190,210,120,110
24.144245386123657,0.10276743003975748,6.759351905680067,0.2617993877991417,0.41887902047862663,-2.0591788051509434,190,160,160,180,190,190,120
24.154670238494873,0.10276743003975748,6.759351905680067,0.2617993877991417,0.40142572795868386,-2.0591788051509434,190,160,160,180,190,190,120
24.164933919906616,0.10693333073955338,6.751643774421211,0.2617993877991417,0.40142572795868386,-2.073617969574234,190,160,160,180,190,190,120
24.175166130065918,0.10693333073955338,6.751643774421211,0.2617993877991417,0.40142572795868386,-2.073617969574234,190,160,160,180,190,190,120
24.185611248016357,0.10693333073955338,6.751643774421211,0.2617993877991417,0.40142572795868386,-2.073617969574234,190,160,160,180,190,190,120
24.195801496505737,0.11108845007635737,6.7442052517378395,0.2617993877991417,0.40142572795868386,-2.087069741768777,200,170,170,180,210,210,210
24.205985069274902,0.11108845007635737,6.7442052517378395,0.2617993877991417,0.40142572795868386,-2.087069741768777,200,170,170,180,210,210,210
24.225322484970093,0.11108845007635737,6.7442052517378395,0.2617993877991417,0.3839724354387411,-2.087069741768777,200,170,170,180,210,210,210
24.235612392425537,0.11534641650788753,6.736816484462323,0.2617993877991417,0.3839724354387411,-2.100463300753209,200,170,170,180,210,210,210
24.2457914352417,0.11534641650788753,6.736816484462323,0.2617993877991417,0.36651914291879834,-2.100463300753209,190,170,170,180,190,210,210
24.256004571914673,0.11534641650788753,6.736816484462323,0.2617993877991417,0.36651914291879834,-2.100463300753209,190,170,170,180,190,210,210
24.274667978286743,0.11983325625084436,6.729261762562263,0.2617993877991417,0.34906585039885557,-2.113594279518654,190,170,170,180,190,210,210
24.284918308258057,0.11983325625084436,6.729261762562263,0.2617993877991417,0.33161255787891275,-2.113594279518654,190,170,170,180,190,210,210
24.29509210586548,0.12427931915765876,6.721995317305623,0.2617993877991417,0.31415926535897,-2.125566731612703,190,170,170,180,190,210,210
24.30530881881714,0.12427931915765876,6.721995317305623,0.2617993877991417,0.31415926535897,-2.125566731612703,190,190,170,170,190,190,190
24.32380986213684,0.12427931915765876,6.721995317305623,0.2617993877991417,0.2967059728390272,-2.125566731612703,190,190,170,170,190,190,190
24.334024906158447,0.12881242070603502,6.714769452541123,0.2617993877991417,0.27925268031908446,-2.136365334869707,190,190,170,170,190,190,190
24.34420871734619,0.12881242070603502,6.714769452541123,0.2617993877991417,0.24434609527919887,-2.136365334869707,190,180,160,160,190,190,190
24.35473346710205,0.12881242070603502,6.714769452541123,0.2617993877991417,0.24434609527919887,-2.136365334869707,190,180,160,160,190,190,190
24.365242958068848,0.1335691370430605,6.707357141477113,0.2617993877991417,0.2268928027592561,-2.146268143541534,190,180,160,160,190,190,190
24.375509023666382,0.1335691370430605,6.707357141477113,0.2617993877991417,0.19198621771937055,-2.146268143541534,190,180,160,160,190,190,190
24.38569164276123,0.1335691370430605,6.707357141477113,0.2617993877991417,0.19198621771937055,-2.146268143541534,190,180,160,160,190,190,190
24.3958637714386,0.1382645492004627,6.700182647144855,0.2617993877991417,0.17453292519942779,-2.154249070909371,190,180,160,160,190,190,190
24.406067609786987,0.1382645492004627,6.700182647144855,0.2617993877991417,0.17453292519942779,-2.154249070909371,190,180,160,160,180,190,190
24.416276931762695,0.1382645492004627,6.700182647144855,0.2617993877991417,0.13962634015954223,-2.154249070909371,190,180,160,160,180,190,190
24.428287029266357,0.14302411265064494,6.693019514235859,0.2617993877991417,0.10471975511965666,-2.160056139515126,190,180,160,160,180,190,190
24.438522577285767,0.14302411265064494,6.693019514235859,0.2617993877991417,0.06981317007977111,-2.160056139515126,190,180,160,160,180,190,190
24.448726177215576,0.14302411265064494,6.693019514235859,0.2617993877991417,0.06981317007977111,-2.160056139515126,190,190,160,160,190,190,190
24.459404468536377,0.14302411265064494,6.693019514235859,0.2617993877991417,0.05235987755982833,-2.160056139515126,190,190,160,160,190,190,190
24.475763082504272,0.1479768850707472,6.68564030865719,0.2617993877991417,0.0,-2.1637258099116097,190,190,160,160,190,190,190
24.48597002029419,0.1479768850707472,6.68564030865719,0.2617993877991417,0.0,-2.1637258099116097,190,190,160,160,190,190,190
24.49622082710266,0.15281087347624822,6.678479682164876,0.2617993877991417,0.0,-2.1655899497944047,190,190,160,160,190,190,190
24.506967782974243,0.15281087347624822,6.678479682164876,0.2617993877991417,0.0,-2.1655899497944047,190,190,160,160,190,190,190
24.52386164665222,0.1576191220615085,6.671384543567317,0.2617993877991417,0.0,-2.1663714842682333,190,190,160,160,190,190,190
24.534085750579834,0.1576191220615085,6.671384543567317,0.2617993877991417,0.0,-2.1663714842682333,190,190,160,160,190,190,190
24.544249534606934,0.1576191220615085,6.671384543567317,0.2617993877991417,0.0,-2.1663714842682333,190,190,160,160,190,190,190
24.55443000793457,0.1576191220615085,6.671384543567317,0.2617993877991417,-0.05235987755982833,-2.1663714842682333,190,190,160,160,190,190,190
24.564701318740845,0.1625695388174917,6.664085470407814,0.2617993877991417,-0.06981317007977111,-2.167117197445478,190,190,160,160,190,190,190
24.576144695281982,0.1625695388174917,6.664085470407814,0.2617993877991417,-0.06981317007977111,-2.167117197445478,190,190,160,160,190,190,190
24.58635973930359,0.1625695388174917,6.664085470407814,0.2617993877991417,-0.19198621771937055,-2.167117197445478,190,190,160,160,190,190,190
24.596578121185303,0.16740706962098503,6.656956569347157,0.2617993877991417,-0.20943951023931331,-2.1660272596694408,190,190,160,160,190,190,190
24.606810569763184,0.16740706962098503,6.656956569347157,0.2617993877991417,-0.20943951023931331,-2.1660272596694408,190,190,160,160,190,190,190
24.624911546707153,0.16740706962098503,6.656956569347157,0.2617993877991417,-0.20943951023931331,-2.1660272596694408,190,190,160,160,190,190,190
24.63513207435608,0.16740706962098503,6.656956569347157,0.2617993877991417,-0.20943951023931331,-2.1660272596694408,190,190,160,160,190,190,190
24.64535641670227,0.17224224750159006,6.649804537545505,0.2617993877991417,-0.36651914291879834,-2.1633860650541843,190,190,160,160,190,190,190
24.65558099746704,0.17224224750159006,6.649804537545505,0.2617993877991417,-0.36651914291879834,-2.1633860650541843,190,190,160,160,190,190,190
24.673531532287598,0.17727139316183188,6.6423000547652045,0.2617993877991417,-0.43633231299856945,-2.1576970051630564,190,190,160,160,190,190,190
24.683764696121216,0.17727139316183188,6.6423000547652045,0.2617993877991417,-0.43633231299856945,-2.1576970051630564,190,190,160,160,190,190,190
24.694002389907837,0.18205454326061465,6.635059526955196,0.2617993877991417,-0.43633231299856945,-2.150555952032765,190,190,160,160,190,190,190
24.704222440719604,0.18205454326061465,6.635059526955196,0.2617993877991417,-0.43633231299856945,-2.150555952032765,190,190,160,160,190,190,190
24.714467525482178,0.18205454326061465,6.635059526955196,0.2617993877991417,-0.43633231299856945,-2.150555952032765,190,190,160,160,190,190,190
24.724705457687378,0.18677316886883555,6.627774084958128,0.2617993877991417,-0.43633231299856945,-2.1384651414035605,190,190,160,160,190,190,190
24.73489999771118,0.18677316886883555,6.627774084958128,0.2617993877991417,-0.43633231299856945,-2.1384651414035605,190,190,160,160,190,190,190
24.745099306106567,0.18677316886883555,6.627774084958128,0.2617993877991417,-0.43633231299856945,-2.1384651414035605,190,180,160,160,180,190,190
24.755722045898438,0.18677316886883555,6.627774084958128,0.2617993877991417,-0.43633231299856945,-2.1384651414035605,190,180,160,160,180,190,190
24.7660071849823,0.1915690014046827,6.620132596931342,0.2617993877991417,-0.43633231299856945,-2.1234980203638316,190,180,160,160,180,190,190
24.776257514953613,0.1915690014046827,6.620132596931342,0.2617993877991417,-0.43633231299856945,-2.1234980203638316,190,180,160,160,180,190,190
24.786440134048462,0.1915690014046827,6.620132596931342,0.2617993877991417,-0.43633231299856945,-2.1234980203638316,190,180,160,160,180,190,190
24.796615839004517,0.19611936335741204,6.612638061134842,0.2617993877991417,-0.43633231299856945,-2.1089577713138943,190,190,160,160,190,190,190
24.80695867538452,0.19611936335741204,6.612638061134842,0.2617993877991417,-0.40142572795868386,-2.1089577713138943,190,190,160,160,190,190,190
24.826129913330078,0.19611936335741204,6.612638061134842,0.2617993877991417,-0.31415926535897,-2.1089577713138943,190,190,160,160,190,190,190
24.83644461631775,0.200561573681184,6.605075791631929,0.2617993877991417,-0.19198621771937055,-2.0944499428179957,190,190,160,160,190,190,190
24.84664273262024,0.200561573681184,6.605075791631929,0.2617993877991417,-0.19198621771937055,-2.0944499428179957,180,160,160,160,190,190,190
24.85682773590088,0.200561573681184,6.605075791631929,0.2617993877991417,-0.19198621771937055,-2.0944499428179957,180,160,160,160,190,190,190
24.86701989173889,0.20507366261558285,6.597153794077022,0.2617993877991417,-0.06981317007977111,-2.082191690616338,180,160,160,160,190,190,190
24.877192735671997,0.20507366261558285,6.597153794077022,0.2617993877991417,-0.06981317007977111,-2.082191690616338,180,160,160,160,190,190,190
24.88736081123352,0.20507366261558285,6.597153794077022,0.2617993877991417,0.0,-2.082191690616338,180,160,160,160,190,190,190
24.897565603256226,0.20941536250062612,6.5893397536954526,0.2617993877991417,0.0,-2.0736041258451583,180,160,160,190,190,190,190
24.907821655273438,0.20941536250062612,6.5893397536954526,0.2617993877991417,0.0,-2.0736041258451583,180,160,160,190,190,190,190
24.924199104309082,0.20941536250062612,6.5893397536954526,0.2617993877991417,0.0,-2.0736041258451583,180,160,160,190,190,190,190
24.934512853622437,0.21370516452431737,6.5814983512754655,0.2617993877991417,0.0,-2.07008113442929,180,160,160,190,190,190,190
24.944708347320557,0.21370516452431737,6.5814983512754655,0.2617993877991417,0.0,-2.07008113442929,180,160,160,180,190,190,190
24.954902172088623,0.21370516452431737,6.5814983512754655,0.2617993877991417,0.0,-2.07008113442929,180,160,160,180,190,190,190
24.973960161209106,0.217981849283253,6.573654462900651,0.2617993877991417,0.0,-2.0700117897017574,180,160,160,180,190,190,190
24.98418378829956,0.217981849283253,6.573654462900651,0.2617993877991417,0.0,-2.0700117897017574,180,160,160,180,190,190,190
24.99438786506653,0.22211826092663392,6.566071378056764,0.2617993877991417,0.0,-2.0701905827026437,180,160,160,180,190,190,190
25.00457453727722,0.22211826092663392,6.566071378056764,0.2617993877991417,0.0,-2.0701905827026437,180,160,160,180,190,190,190
25.014772176742554,0.22211826092663392,6.566071378056764,0.2617993877991417,0.0,-2.0701905827026437,180,160,160,180,190,190,190
25.0255765914917,0.2262600834342977,6.558480912228312,0.2617993877991417,0.0,-2.0703248377947645,180,160,160,180,190,190,190
25.03577494621277,0.2262600834342977,6.558480912228312,0.2617993877991417,0.0,-2.0703248377947645,180,160,160,180,190,190,190
25.045984983444214,0.2262600834342977,6.558480912228312,0.2617993877991417,0.0,-2.0703248377947645,180,160,160,180,190,190,190
25.056275606155396,0.2262600834342977,6.558480912228312,0.2617993877991417,0.0,-2.0703248377947645,180,160,160,180,190,190,190
25.07487988471985,0.23052824068103353,6.550659782855579,0.2617993877991417,0.0,-2.070391817650269,180,160,160,180,190,190,190
25.08512020111084,0.23052824068103353,6.550659782855579,0.2617993877991417,0.0,-2.070391817650269,180,160,160,180,190,190,190
25.095324993133545,0.23466999795413995,6.5430802910006225,0.2617993877991417,0.0,-2.07031270476699,180,160,160,180,190,190,190
25.105562448501587,0.23466999795413995,6.5430802910006225,0.2617993877991417,0.0,-2.07031270476699,190,160,160,190,190,190,190
25.124131202697754,0.23466999795413995,6.5430802910006225,0.2617993877991417,0.0,-2.07031270476699,190,160,160,190,190,190,190
25.134496927261353,0.23879911297120332,6.535513810527406,0.2617993877991417,0.0,-2.0700519131933035,190,160,160,190,190,190,190
25.144723892211914,0.23879911297120332,6.535513810527406,0.2617993877991417,0.157079632679485,-2.0700519131933035,190,160,160,190,190,190,190
25.15491032600403,0.23879911297120332,6.535513810527406,0.2617993877991417,0.157079632679485,-2.0700519131933035,190,160,160,190,190,190,190
25.174800634384155,0.24306142163549113,6.52770115413937,0.2617993877991417,0.2617993877991417,-2.0698448902927,190,160,160,190,190,190,190
25.185016632080078,0.24306142163549113,6.52770115413937,0.2617993877991417,0.27925268031908446,-2.0698448902927,190,160,160,190,190,190,190
25.1952006816864,0.2471893788074929,6.520145549434432,0.2617993877991417,0.2967059728390272,-2.072951463983799,170,160,160,180,190,190,190
25.205385208129883,0.2471893788074929,6.520145549434432,0.2617993877991417,0.31415926535897,-2.072951463983799,170,160,160,180,190,190,190
25.21559500694275,0.2471893788074929,6.520145549434432,0.2617993877991417,0.31415926535897,-2.072951463983799,170,160,160,180,190,190,190
25.225776195526123,0.2513738600866236,6.512586245235644,0.2617993877991417,0.33161255787891275,-2.0810941900598854,170,160,160,180,190,190,190
25.235971450805664,0.2513738600866236,6.512586245235644,0.2617993877991417,0.34906585039885557,-2.0810941900598854,170,160,160,180,190,190,190
25.246159553527832,0.2513738600866236,6.512586245235644,0.2617993877991417,0.34906585039885557,-2.0810941900598854,170,160,160,180,190,190,190
25.2563796043396,0.2513738600866236,6.512586245235644,0.2617993877991417,0.34906585039885557,-2.0810941900598854,170,160,160,180,190,190,190
25.27496361732483,0.25573658213548134,6.504890433277579,0.2617993877991417,0.34906585039885557,-2.091962253184954,170,160,160,180,190,190,190
25.285241842269897,0.25573658213548134,6.504890433277579,0.2617993877991417,0.34906585039885557,-2.091962253184954,170,160,160,180,190,190,190
25.295435905456543,0.2600359878836545,6.49749835997237,0.2617993877991417,0.34906585039885557,-2.1033960213754375,180,160,160,180,190,190,190
25.30563497543335,0.2600359878836545,6.49749835997237,0.2617993877991417,0.34906585039885557,-2.1033960213754375,180,160,160,180,190,190,190
25.315825700759888,0.2600359878836545,6.49749835997237,0.2617993877991417,0.34906585039885557,-2.1033960213754375,180,160,160,180,190,190,190
25.326874017715454,0.26440396577718506,6.490186351337368,0.2617993877991417,0.33161255787891275,-2.1151500898525804,180,160,160,180,190,190,190
25.33707046508789,0.26440396577718506,6.490186351337368,0.2617993877991417,0.31415926535897,-2.1151500898525804,180,160,160,180,190,190,190
25.3473002910614,0.26440396577718506,6.490186351337368,0.2617993877991417,0.27925268031908446,-2.1151500898525804,180,160,160,160,190,190,190
25.3575496673584,0.26440396577718506,6.490186351337368,0.2617993877991417,0.27925268031908446,-2.1151500898525804,180,160,160,160,190,190,190
25.367746591567993,0.2690010991478398,6.482689759178838,0.2617993877991417,0.2617993877991417,-2.126684761868654,180,160,160,160,190,190,190
25.377972841262817,0.2690010991478398,6.482689759178838,0.2617993877991417,0.2617993877991417,-2.126684761868654,180,160,160,160,190,190,190
25.38814377784729,0.2690010991478398,6.482689759178838,0.2617993877991417,0.24434609527919887,-2.126684761868654,180,160,160,160,190,190,190
25.398351669311523,0.27354758839425297,6.4754497555714305,0.2617993877991417,0.2268928027592561,-2.136352870137596,190,160,160,160,190,190,190
25.408570051193237,0.27354758839425297,6.4754497555714305,0.2617993877991417,0.2268928027592561,-2.136352870137596,190,160,160,160,190,190,190
25.4264395236969,0.2781665699307221,6.468234008602058,0.2617993877991417,0.2268928027592561,-2.144668904915487,190,160,160,160,190,190,190
25.4366614818573,0.2781665699307221,6.468234008602058,0.2617993877991417,0.2268928027592561,-2.144668904915487,190,160,160,160,190,190,190
25.44687819480896,0.2781665699307221,6.468234008602058,0.2617993877991417,0.20943951023931331,-2.144668904915487,190,160,160,160,190,190,190
25.4570734500885,0.2781665699307221,6.468234008602058,0.2617993877991417,0.20943951023931331,-2.144668904915487,190,160,160,160,190,190,190
25.46724820137024,0.2829903636810982,6.46084233694791,0.2617993877991417,0.20943951023931331,-2.1524395506012146,190,160,160,160,190,190,190
25.479665994644165,0.2829903636810982,6.46084233694791,0.2617993877991417,0.20943951023931331,-2.1524395506012146,190,160,160,160,190,190,190
25.489875555038452,0.28771656851445765,6.453710002724806,0.2617993877991417,0.20943951023931331,-2.1592101791186287,190,160,160,160,190,190,190
25.500082969665527,0.28771656851445765,6.453710002724806,0.2617993877991417,0.20943951023931331,-2.1592101791186287,190,160,160,160,180,190,190
25.510271549224854,0.28771656851445765,6.453710002724806,0.2617993877991417,0.20943951023931331,-2.1592101791186287,190,160,160,160,180,190,190
25.52550172805786,0.28771656851445765,6.453710002724806,0.2617993877991417,0.20943951023931331,-2.1592101791186287,190,160,160,160,180,190,190
25.535765409469604,0.2924951116935796,6.44660113658026,0.2617993877991417,0.20943951023931331,-2.165934523814068,190,160,160,160,180,190,190
25.545952320098877,0.2924951116935796,6.44660113658026,0.2617993877991417,0.20943951023931331,-2.165934523814068,190,160,160,160,180,190,190
25.55613899230957,0.2974749679422602,6.439300010891385,0.2617993877991417,0.20943951023931331,-2.172867797004543,190,160,160,160,180,190,190
25.566322326660156,0.2974749679422602,6.439300010891385,0.2617993877991417,0.20943951023931331,-2.172867797004543,190,160,160,160,180,190,190
25.580466508865356,0.2974749679422602,6.439300010891385,0.2617993877991417,0.20943951023931331,-2.172867797004543,190,160,160,160,180,190,190
25.590707778930664,0.3023631486496067,6.4322372673745525,0.2617993877991417,0.20943951023931331,-2.179617160569422,190,160,160,160,180,190,190
25.60091733932495,0.3023631486496067,6.4322372673745525,0.2617993877991417,0.20943951023931331,-2.179617160569422,190,170,160,160,190,190,190
25.611093759536743,0.3023631486496067,6.4322372673745525,0.2617993877991417,0.20943951023931331,-2.179617160569422,190,170,160,160,190,190,190
25.63008451461792,0.30730502691965117,6.425198570347529,0.2617993877991417,0.19198621771937055,-2.1863820836938217,190,170,160,160,190,190,190
25.640297889709473,0.30730502691965117,6.425198570347529,0.2617993877991417,0.17453292519942779,-2.1863820836938217,190,170,160,160,190,190,190
25.650511026382446,0.30730502691965117,6.425198570347529,0.2617993877991417,0.17453292519942779,-2.1863820836938217,190,160,160,160,170,190,190
25.661125421524048,0.31245182850027525,6.4179692746645145,0.2617993877991417,0.06981317007977111,-2.192817348810242,190,160,160,160,170,190,190
25.677514791488647,0.31245182850027525,6.4179692746645145,0.2617993877991417,0.05235987755982833,-2.192817348810242,190,160,160,160,170,190,190
25.687756061553955,0.31245182850027525,6.4179692746645145,0.2617993877991417,0.05235987755982833,-2.192817348810242,190,160,160,160,170,190,190
25.698028087615967,0.31747607802704164,6.4110003796230925,0.2617993877991417,0.05235987755982833,-2.1987769636725125,190,160,160,160,170,190,190
25.70823907852173,0.31747607802704164,6.4110003796230925,0.2617993877991417,0.05235987755982833,-2.1987769636725125,190,170,160,160,170,190,190
25.72622513771057,0.32246587444498,6.404164510171878,0.2617993877991417,0.0,-2.2027619536163874,190,170,160,160,170,190,190
25.736411571502686,0.32246587444498,6.404164510171878,0.2617993877991417,0.0,-2.2027619536163874,190,170,160,160,170,190,190
25.74660348892212,0.32246587444498,6.404164510171878,0.2617993877991417,0.0,-2.2027619536163874,190,170,160,160,170,190,190
25.756806135177612,0.32246587444498,6.404164510171878,0.2617993877991417,0.0,-2.2027619536163874,200,170,160,160,170,190,190
25.77740716934204,0.32755546057187485,6.397231606289717,0.2617993877991417,0.0,-2.20519262766419,200,170,160,160,170,190,190
25.787604093551636,0.32755546057187485,6.397231606289717,0.2617993877991417,0.0,-2.20519262766419,200,170,160,160,170,190,190
25.797780990600586,0.3325934200741043,6.390405755631099,0.2617993877991417,-0.12217304763959944,-2.206216712230863,200,170,160,150,160,190,200
25.807971239089966,0.3325934200741043,6.390405755631099,0.2617993877991417,-0.12217304763959944,-2.206216712230863,200,170,160,150,160,190,200
25.818164825439453,0.3325934200741043,6.390405755631099,0.2617993877991417,-0.2617993877991417,-2.206216712230863,200,170,160,150,160,190,200
25.828413724899292,0.3376919117365139,6.383495666480492,0.2617993877991417,-0.27925268031908446,-2.206058161274331,200,170,160,150,160,190,200
25.838844537734985,0.3376919117365139,6.383495666480492,0.2617993877991417,-0.27925268031908446,-2.206058161274331,200,170,160,150,160,190,200
25.849135398864746,0.3376919117365139,6.383495666480492,0.2617993877991417,-0.2967059728390272,-2.206058161274331,210,160,150,140,160,210,210
25.8593327999115,0.3429798137817291,6.37630922564332,0.2617993877991417,-0.43633231299856945,-2.2024201716830603,210,160,150,140,160,210,210
25.87385082244873,0.3429798137817291,6.37630922564332,0.2617993877991417,-0.43633231299856945,-2.2024201716830603,210,160,150,140,160,210,210
25.884037733078003,0.3429798137817291,6.37630922564332,0.2617993877991417,-0.43633231299856945,-2.2024201716830603,210,160,150,140,160,210,210
25.89421033859253,0.34809012068092343,6.36926863545261,0.2617993877991417,-0.43633231299856945,-2.193394614570687,210,160,150,150,160,210,210
25.90440583229065,0.34809012068092343,6.36926863545261,0.2617993877991417,-0.43633231299856945,-2.193394614570687,210,160,150,150,160,210,210
25.914589405059814,0.34809012068092343,6.36926863545261,0.2617993877991417,-0.43633231299856945,-2.193394614570687,210,160,150,150,160,210,210
25.929226875305176,0.353154292392515,6.3621233074950405,0.2617993877991417,-0.43633231299856945,-2.1799568796009767,210,160,150,150,160,210,210
25.93943166732788,0.353154292392515,6.3621233074950405,0.2617993877991417,-0.43633231299856945,-2.1799568796009767,210,160,150,150,160,210,210
25.94961929321289,0.353154292392515,6.3621233074950405,0.2617993877991417,-0.43633231299856945,-2.1799568796009767,210,160,150,150,160,210,210
25.959952354431152,0.3582655389468027,6.354683513508645,0.2617993877991417,-0.43633231299856945,-2.165049049019251,210,150,140,140,160,190,210
25.978420972824097,0.3582655389468027,6.354683513508645,0.2617993877991417,-0.43633231299856945,-2.165049049019251,210,150,140,140,160,190,210
25.988683938980103,0.3582655389468027,6.354683513508645,0.2617993877991417,-0.43633231299856945,-2.165049049019251,210,150,140,140,160,190,210
25.99885106086731,0.3631249978587653,6.34738293370987,0.2617993877991417,-0.43633231299856945,-2.150565186531325,210,150,140,140,160,190,210
26.009021282196045,0.3631249978587653,6.34738293370987,0.2617993877991417,-0.43633231299856945,-2.150565186531325,210,140,140,140,190,210,210
26.019314289093018,0.3631249978587653,6.34738293370987,0.2617993877991417,-0.43633231299856945,-2.150565186531325,210,140,140,140,190,210,210
26.029577255249023,0.3678816649165618,6.340006839421022,0.2617993877991417,-0.43633231299856945,-2.136092828605274,210,140,140,140,190,210,210
26.03978157043457,0.3678816649165618,6.340006839421022,0.2617993877991417,-0.43633231299856945,-2.136092828605274,210,140,140,140,190,210,210
26.050023555755615,0.3678816649165618,6.340006839421022,0.2617993877991417,-0.43633231299856945,-2.136092828605274,210,140,140,140,190,210,210
26.060237169265747,0.3726690442225653,6.332344605254377,0.2617993877991417,-0.43633231299856945,-2.1212897272156956,160,140,140,140,190,210,210
26.07624888420105,0.3726690442225653,6.332344605254377,0.2617993877991417,-0.43633231299856945,-2.1212897272156956,160,140,140,140,190,210,210
26.08646321296692,0.3726690442225653,6.332344605254377,0.2617993877991417,-0.43633231299856945,-2.1212897272156956,160,140,140,140,190,210,210
26.096664667129517,0.3771835515225151,6.3248801779856905,0.2617993877991417,-0.43633231299856945,-2.1072601149610937,150,140,140,150,210,210,210
26.106900930404663,0.3771835515225151,6.3248801779856905,0.2617993877991417,-0.43633231299856945,-2.1072601149610937,150,140,140,150,210,210,210
26.12582230567932,0.3771835515225151,6.3248801779856905,0.2617993877991417,-0.43633231299856945,-2.1072601149610937,150,140,140,150,210,210,210
26.13608741760254,0.38159012649696095,6.3173551729514585,0.2617993877991417,-0.43633231299856945,-2.093279585133801,150,140,140,150,210,210,210
26.146238803863525,0.38159012649696095,6.3173551729514585,0.2617993877991417,-0.43633231299856945,-2.093279585133801,150,140,140,150,210,210,210
26.157010793685913,0.3860363815087853,6.309507202677638,0.2617993877991417,-0.43633231299856945,-2.078710298246317,140,140,140,160,210,210,210
26.176416635513306,0.3860363815087853,6.309507202677638,0.2617993877991417,-0.43633231299856945,-2.078710298246317,140,140,140,160,210,210,210
26.186663389205933,0.3860363815087853,6.309507202677638,0.2617993877991417,-0.43633231299856945,-2.078710298246317,140,140,140,160,210,210,210
26.196877241134644,0.3902472397539251,6.301819810427093,0.2617993877991417,-0.43633231299856945,-2.0645496742281457,140,140,140,190,210,210,210
26.207098484039307,0.3902472397539251,6.301819810427093,0.2617993877991417,-0.43633231299856945,-2.0645496742281457,140,140,140,190,210,210,210
26.224748849868774,0.3943526483293646,6.294065456302653,0.2617993877991417,-0.43633231299856945,-2.050336272684063,140,140,140,190,210,210,210
26.234970092773438,0.3943526483293646,6.294065456302653,0.2617993877991417,-0.43633231299856945,-2.050336272684063,140,140,140,190,210,210,210
26.245203018188477,0.3943526483293646,6.294065456302653,0.2617993877991417,-0.43633231299856945,-2.050336272684063,140,140,140,210,210,210,210
26.25542640686035,0.3943526483293646,6.294065456302653,0.2617993877991417,-0.43633231299856945,-2.050336272684063,140,140,140,210,210,210,210
26.265663385391235,0.3984682875343825,6.28601124483585,0.2617993877991417,-0.43633231299856945,-2.0356100291294403,140,140,140,210,210,210,210
26.276933193206787,0.3984682875343825,6.28601124483585,0.2617993877991417,-0.43633231299856945,-2.0356100291294403,140,140,140,210,210,210,210
26.287134170532227,0.3984682875343825,6.28601124483585,0.2617993877991417,-0.43633231299856945,-2.0356100291294403,140,140,140,210,210,210,210
26.297372102737427,0.4023513333169886,6.278139145707511,0.2617993877991417,-0.43633231299856945,-2.0212051009435905,140,140,140,210,210,210,210
26.307599306106567,0.4023513333169886,6.278139145707511,0.2617993877991417,-0.43633231299856945,-2.0212051009435905,140,140,140,210,210,210,210
26.317885160446167,0.4023513333169886,6.278139145707511,0.2617993877991417,-0.43633231299856945,-2.0212051009435905,140,140,140,210,210,210,210
26.33092188835144,0.4023513333169886,6.278139145707511,0.2617993877991417,-0.43633231299856945,-2.0212051009435905,140,140,140,210,210,210,210
26.34129548072815,0.4061091304490029,6.270228960887328,0.2617993877991417,-0.43633231299856945,-2.006571616399813,140,140,140,210,210,210,210
26.35152840614319,0.4061091304490029,6.270228960887328,0.2617993877991417,-0.43633231299856945,-2.006571616399813,140,140,190,210,210,210,210
26.361757040023804,0.4098477499904636,6.262038753220068,0.2617993877991417,-0.43633231299856945,-1.9913897241365983,140,140,190,210,210,210,210
26.37934422492981,0.4098477499904636,6.262038753220068,0.2617993877991417,-0.43633231299856945,-1.9913897241365983,140,140,190,210,210,210,210
26.38957381248474,0.41337023145177365,6.254029636697407,0.2617993877991417,-0.43633231299856945,-1.9769600627265593,140,140,190,210,210,210,210
26.399758338928223,0.41337023145177365,6.254029636697407,0.2617993877991417,-0.43633231299856945,-1.9769600627265593,140,140,190,210,210,210,210
26.41053080558777,0.41337023145177365,6.254029636697407,0.2617993877991417,-0.43633231299856945,-1.9769600627265593,130,130,210,210,210,210,210
26.427937507629395,0.4167498090417122,6.246018471320188,0.2617993877991417,-0.43633231299856945,-1.9628710379544525,130,130,210,210,210,210,210
26.43814253807068,0.4167498090417122,6.246018471320188,0.2617993877991417,-0.43633231299856945,-1.9628710379544525,130,130,210,210,210,210,210
26.448363542556763,0.4167498090417122,6.246018471320188,0.2617993877991417,-0.43633231299856945,-1.9628710379544525,140,130,210,210,210,210,210
26.458659172058105,0.4167498090417122,6.246018471320188,0.2617993877991417,-0.43633231299856945,-1.9628710379544525,140,130,210,210,210,210,210
26.476693868637085,0.4201254576850744,6.2376882022745574,0.2617993877991417,-0.43633231299856945,-1.9481762589773972,140,130,210,210,210,210,210
26.486912488937378,0.4201254576850744,6.2376882022745574,0.2617993877991417,-0.43633231299856945,-1.9481762589773972,140,130,210,210,210,210,210
26.497106075286865,0.42328889921096663,6.229545146293133,0.2617993877991417,-0.43633231299856945,-1.9338807879129492,120,130,210,210,210,210,210
26.50733709335327,0.42328889921096663,6.229545146293133,0.2617993877991417,-0.43633231299856945,-1.9338807879129492,120,130,210,210,210,210,210
26.517573595046997,0.42328889921096663,6.229545146293133,0.2617993877991417,-0.43633231299856945,-1.9338807879129492,120,130,210,210,210,210,210
26.527764320373535,0.42633970469319765,6.221347062348979,0.2617993877991417,-0.43633231299856945,-1.9195588938516879,120,130,210,210,210,210,210
26.53795838356018,0.42633970469319765,6.221347062348979,0.2617993877991417,-0.43633231299856945,-1.9195588938516879,120,130,210,210,210,210,210
26.548157930374146,0.42633970469319765,6.221347062348979,0.2617993877991417,-0.43633231299856945,-1.9195588938516879,110,210,210,210,210,210,210
26.558392763137817,0.4293637950935227,6.21284379139872,0.2617993877991417,-0.43633231299856945,-1.9047766202057483,110,210,210,210,210,210,210
26.57688879966736,0.4293637950935227,6.21284379139872,0.2617993877991417,-0.43633231299856945,-1.9047766202057483,110,210,210,210,210,210,210
26.58712077140808,0.4293637950935227,6.21284379139872,0.2617993877991417,-0.43633231299856945,-1.9047766202057483,110,210,210,210,210,210,210
26.59729528427124,0.43218212010944124,6.204536829868636,0.2617993877991417,-0.43633231299856945,-1.8904045114732213,110,210,210,210,210,210,210
26.607446670532227,0.43218212010944124,6.204536829868636,0.2617993877991417,-0.43633231299856945,-1.8904045114732213,120,190,210,210,210,210,210
26.6176118850708,0.43218212010944124,6.204536829868636,0.2617993877991417,-0.43633231299856945,-1.8904045114732213,120,190,210,210,210,210,210
26.628790855407715,0.43488393344865584,6.196178963704952,0.2617993877991417,-0.43633231299856945,-1.876014686826463,120,190,210,210,210,210,210
26.638992309570312,0.43488393344865584,6.196178963704952,0.2617993877991417,-0.43633231299856945,-1.876014686826463,120,190,210,210,210,210,210
26.649195909500122,0.43488393344865584,6.196178963704952,0.2617993877991417,-0.43633231299856945,-1.876014686826463,120,190,210,210,210,210,210
26.659413814544678,0.43754345469780265,6.187519849060207,0.2617993877991417,-0.43633231299856945,-1.8611838574708195,120,190,210,190,190,190,200
26.669646739959717,0.43754345469780265,6.187519849060207,0.2617993877991417,-0.43633231299856945,-1.8611838574708195,120,190,210,190,190,190,200
26.67990732192993,0.43754345469780265,6.187519849060207,0.2617993877991417,-0.43633231299856945,-1.8611838574708195,120,190,210,190,190,190,200
26.6901535987854,0.439999578087003,6.179082518245906,0.2617993877991417,-0.43633231299856945,-1.8468733939233783,120,190,210,190,190,190,200
26.700350999832153,0.439999578087003,6.179082518245906,0.2617993877991417,-0.43633231299856945,-1.8468733939233783,130,190,190,190,190,200,200
26.71058988571167,0.439999578087003,6.179082518245906,0.2617993877991417,-0.43633231299856945,-1.8468733939233783,130,190,190,190,190,200,200
26.728605031967163,0.439999578087003,6.179082518245906,0.2617993877991417,-0.43633231299856945,-1.8468733939233783,130,190,190,190,190,200,200
26.738970041275024,0.44232983183302776,6.170648407722897,0.2617993877991417,-0.43633231299856945,-1.8328413381591444,130,190,190,190,190,200,200
26.749191999435425,0.44232983183302776,6.170648407722897,0.2617993877991417,-0.43633231299856945,-1.8328413381591444,190,190,190,190,190,190,190
26.759387493133545,0.4445975532265575,6.161953292733454,0.2617993877991417,-0.43633231299856945,-1.8185522374107352,190,190,190,190,190,190,190
26.779061317443848,0.4445975532265575,6.161953292733454,0.2617993877991417,-0.43633231299856945,-1.8185522374107352,190,190,190,190,190,190,190
26.789299488067627,0.44668658436705677,6.153450090293043,0.2617993877991417,-0.43633231299856945,-1.804416676091663,190,190,190,190,190,190,190
26.79949641227722,0.44668658436705677,6.153450090293043,0.2617993877991417,-0.43633231299856945,-1.804416676091663,190,200,190,190,190,190,190
26.809723615646362,0.44668658436705677,6.153450090293043,0.2617993877991417,-0.43633231299856945,-1.804416676091663,190,200,190,190,190,190,190
26.82830786705017,0.44668658436705677,6.153450090293043,0.2617993877991417,-0.43633231299856945,-1.804416676091663,190,200,190,190,190,190,190
26.83912467956543,0.44865798496708154,6.1449255932442295,0.2617993877991417,-0.43633231299856945,-1.790153413163269,190,200,190,190,190,190,190
26.849409341812134,0.44865798496708154,6.1449255932442295,0.2617993877991417,-0.43633231299856945,-1.790153413163269,190,200,190,190,190,190,190
26.859631776809692,0.44865798496708154,6.1449255932442295,0.2617993877991417,-0.43633231299856945,-1.790153413163269,190,200,190,190,190,190,190
26.869962215423584,0.4505528447384137,6.136133186389895,0.2617993877991417,-0.43633231299856945,-1.775204600887938,190,190,190,190,190,190,190
26.88450002670288,0.4505528447384137,6.136133186389895,0.2617993877991417,-0.43633231299856945,-1.775204600887938,190,190,190,190,190,190,190
26.89475655555725,0.45226904749089286,6.127555724560974,0.2617993877991417,-0.43633231299856945,-1.7607341297252046,190,190,190,190,190,190,190
26.90495467185974,0.45226904749089286,6.127555724560974,0.2617993877991417,-0.43633231299856945,-1.7607341297252046,190,190,190,190,190,190,190
26.915159463882446,0.45226904749089286,6.127555724560974,0.2617993877991417,-0.43633231299856945,-1.7607341297252046,190,190,190,190,190,190,190
26.930718421936035,0.4538616174694986,6.118946618993807,0.2617993877991417,-0.43633231299856945,-1.7462155041053244,190,190,190,190,190,190,190
26.94090437889099,0.4538616174694986,6.118946618993807,0.2617993877991417,-0.43633231299856945,-1.7462155041053244,190,190,190,190,190,190,190
26.951093912124634,0.4538616174694986,6.118946618993807,0.2617993877991417,-0.43633231299856945,-1.7462155041053244,190,190,190,190,190,190,190
26.962302446365356,0.4553729340647258,6.110043454438208,0.2617993877991417,-0.43633231299856945,-1.7312218804033552,190,190,190,190,190,190,190
26.979328632354736,0.4553729340647258,6.110043454438208,0.2617993877991417,-0.43633231299856945,-1.7312218804033552,190,190,190,190,190,190,190
26.98953342437744,0.4553729340647258,6.110043454438208,0.2617993877991417,-0.43633231299856945,-1.7312218804033552,190,190,190,190,190,190,190
26.999733686447144,0.45671234748268635,6.101377967181852,0.2617993877991417,-0.43633231299856945,-1.7166932977487463,190,190,190,190,190,190,190
27.009958744049072,0.45671234748268635,6.101377967181852,0.2617993877991417,-0.43633231299856945,-1.7166932977487463,190,190,190,190,190,190,190
27.026561975479126,0.45792793826605,6.092707740173983,0.2617993877991417,-0.43633231299856945,-1.7023008359570655,190,190,190,190,190,190,190
27.036779403686523,0.45792793826605,6.092707740173983,0.2617993877991417,-0.43633231299856945,-1.7023008359570655,190,190,190,190,190,190,190
27.047077655792236,0.45792793826605,6.092707740173983,0.2617993877991417,-0.43633231299856945,-1.7023008359570655,190,190,190,190,190,190,190
27.057640552520752,0.4590416837370454,6.083813207639376,0.2617993877991417,-0.43633231299856945,-1.687887526670428,180,190,180,190,190,190,180
27.067838430404663,0.4590416837370454,6.083813207639376,0.2617993877991417,-0.43633231299856945,-1.687887526670428,180,190,180,190,190,190,180
27.078516483306885,0.4590416837370454,6.083813207639376,0.2617993877991417,-0.43633231299856945,-1.687887526670428,180,190,180,190,190,190,180
27.088722467422485,0.4590416837370454,6.083813207639376,0.2617993877991417,-0.43633231299856945,-1.687887526670428,180,190,180,190,190,190,180
27.099090814590454,0.4600023563124887,6.07514338958587,0.2617993877991417,-0.43633231299856945,-1.6737864691408522,190,190,180,180,190,180,180
27.1093909740448,0.4600023563124887,6.07514338958587,0.2617993877991417,-0.43633231299856945,-1.6737864691408522,190,190,180,180,190,180,180
27.12722873687744,0.4600023563124887,6.07514338958587,0.2617993877991417,-0.43633231299856945,-1.6737864691408522,190,190,180,180,190,180,180
27.13756513595581,0.4608425158411906,6.066436207652627,0.2617993877991417,-0.43633231299856945,-1.6595877250759679,190,190,180,180,190,180,180
27.14776849746704,0.4608425158411906,6.066436207652627,0.2617993877991417,-0.43633231299856945,-1.6595877250759679,190,190,180,180,190,180,180
27.15794563293457,0.4608425158411906,6.066436207652627,0.2617993877991417,-0.43633231299856945,-1.6595877250759679,180,190,180,180,180,180,180
27.168145656585693,0.4615797976050755,6.057441643605635,0.2617993877991417,-0.43633231299856945,-1.6449415711752902,180,190,180,180,180,180,180
27.179998874664307,0.4615797976050755,6.057441643605635,0.2617993877991417,-0.43633231299856945,-1.6449415711752902,180,190,180,180,180,180,180
27.190253973007202,0.46216980134045,6.048689580296908,0.2617993877991417,-0.43633231299856945,-1.630698129248544,180,190,180,180,180,180,180
27.200451135635376,0.46216980134045,6.048689580296908,0.2617993877991417,-0.43633231299856945,-1.630698129248544,180,190,180,180,180,180,180
27.21072554588318,0.46216980134045,6.048689580296908,0.2617993877991417,-0.43633231299856945,-1.630698129248544,190,190,180,180,180,180,180
27.229631662368774,0.46216980134045,6.048689580296908,0.2617993877991417,-0.43633231299856945,-1.630698129248544,190,190,180,180,180,180,180
27.240031957626343,0.46263527867949467,6.039918222338186,0.2617993877991417,-0.43633231299856945,-1.6164204165053033,190,190,180,180,180,180,180
27.250240087509155,0.46263527867949467,6.039918222338186,0.2617993877991417,-0.41887902047862663,-1.6164204165053033,180,180,180,180,180,180,180
27.26093816757202,0.4629835742033723,6.030864233410348,0.2617993877991417,-0.41887902047862663,-1.6016672435462278,180,180,180,180,180,180,180
27.277055025100708,0.4629835742033723,6.030864233410348,0.2617993877991417,-0.27925268031908446,-1.6016672435462278,180,180,180,180,180,180,180
27.28725576400757,0.4629835742033723,6.030864233410348,0.2617993877991417,-0.27925268031908446,-1.6016672435462278,180,180,180,180,180,180,180
27.29747462272644,0.4631951664984256,6.022072916283886,0.2617993877991417,-0.24434609527919887,-1.5878532752613064,180,180,180,180,180,180,180
27.30769443511963,0.4631951664984256,6.022072916283886,0.2617993877991417,-0.24434609527919887,-1.5878532752613064,180,180,180,180,180,180,180
27.326007604599,0.46329121281532604,6.013337169184567,0.2617993877991417,-0.2268928027592561,-1.5760429809848424,180,180,180,180,180,180,180
27.336271047592163,0.46329121281532604,6.013337169184567,0.2617993877991417,-0.20943951023931331,-1.5760429809848424,180,180,180,180,180,180,180
27.34647560119629,0.46329121281532604,6.013337169184567,0.2617993877991417,-0.17453292519942779,-1.5760429809848424,180,180,180,180,180,180,180
27.356716871261597,0.46329844411757104,6.004417223035556,0.2617993877991417,-0.17453292519942779,-1.566083911986914,180,180,180,180,180,180,180
27.366909980773926,0.46329844411757104,6.004417223035556,0.2617993877991417,-0.13962634015954223,-1.566083911986914,180,180,180,180,180,180,180
27.3775634765625,0.46329844411757104,6.004417223035556,0.2617993877991417,-0.12217304763959944,-1.566083911986914,180,180,180,180,180,180,180
27.387797355651855,0.46329844411757104,6.004417223035556,0.2617993877991417,-0.12217304763959944,-1.566083911986914,180,180,180,180,180,180,180
27.39801335334778,0.4632288937948463,5.995802555830171,0.2617993877991417,-0.10471975511965666,-1.5583902115314552,180,180,180,180,180,180,180
27.408259630203247,0.4632288937948463,5.995802555830171,0.2617993877991417,-0.06981317007977111,-1.5583902115314552,180,180,180,180,180,180,180
27.418501615524292,0.4632288937948463,5.995802555830171,0.2617993877991417,-0.06981317007977111,-1.5583902115314552,180,180,180,180,180,180,180
27.42873525619507,0.463100093089121,5.987208140709361,0.2617993877991417,-0.05235987755982833,-1.554054899368144,180,180,180,180,180,180,180
27.438933849334717,0.463100093089121,5.987208140709361,0.2617993877991417,-0.05235987755982833,-1.554054899368144,180,180,180,180,180,180,180
27.449185848236084,0.463100093089121,5.987208140709361,0.2617993877991417,-0.05235987755982833,-1.554054899368144,180,180,180,180,180,180,180
27.45947790145874,0.4629408501400991,5.9783341920608475,0.2617993877991417,0.0,-1.5520159600492764,180,180,180,180,180,180,180
27.469765186309814,0.4629408501400991,5.9783341920608475,0.2617993877991417,0.0,-1.5520159600492764,180,180,180,180,180,180,180
27.47997212409973,0.4629408501400991,5.9783341920608475,0.2617993877991417,0.0,-1.5520159600492764,180,180,180,180,180,180,180
27.49015998840332,0.4627797314552361,5.969717190418159,0.2617993877991417,0.0,-1.551881149021777,180,180,180,180,180,180,180
27.50037670135498,0.4627797314552361,5.969717190418159,0.2617993877991417,0.0,-1.551881149021777,180,180,180,180,180,180,180
27.510621309280396,0.4627797314552361,5.969717190418159,0.2617993877991417,0.0,-1.551881149021777,180,180,180,180,180,180,180
27.524137496948242,0.4626175035260884,5.961087821184856,0.2617993877991417,0.0,-1.5518727595322521,180,180,180,180,180,180,180
27.534390449523926,0.4626175035260884,5.961087821184856,0.2617993877991417,0.0,-1.5518727595322521,180,180,180,180,180,180,180
27.544590950012207,0.4626175035260884,5.961087821184856,0.2617993877991417,0.0,-1.5518727595322521,180,180,180,180,180,180,180
27.554792881011963,0.4626175035260884,5.961087821184856,0.2617993877991417,0.0,-1.5518727595322521,180,180,180,180,180,180,180
27.565024375915527,0.462449985495743,5.952186577961934,0.2617993877991417,0.0,-1.5518620362958702,180,180,180,180,180,180,180
27.575807332992554,0.462449985495743,5.952186577961934,0.2617993877991417,0.0,-1.5518620362958702,180,180,180,180,180,180,180
27.58599877357483,0.462449985495743,5.952186577961934,0.2617993877991417,0.0,-1.5518620362958702,180,180,180,180,180,180,180
27.596190452575684,0.4622870696815196,5.943537036474882,0.2617993877991417,0.0,-1.551849936931532,180,180,180,180,180,180,180
27.6064395904541,0.4622870696815196,5.943537036474882,0.2617993877991417,0.0,-1.551849936931532,180,180,180,180,180,180,180
27.626563549041748,0.4622870696815196,5.943537036474882,0.2617993877991417,0.0,-1.551849936931532,180,180,180,180,180,180,180
27.636979579925537,0.4621235656098853,5.934877756333463,0.2617993877991417,0.0,-1.5518355092024119,180,180,180,180,180,180,180
27.647244930267334,0.4621235656098853,5.934877756333463,0.2617993877991417,0.0,-1.5518355092024119,180,180,180,180,180,180,180
27.65807843208313,0.46195400396013125,5.9259459453066565,0.2617993877991417,0.0,-1.5518173408639975,180,180,180,180,180,180,180
27.668550729751587,0.46195400396013125,5.9259459453066565,0.2617993877991417,0.0,-1.5518173408639975,180,180,180,180,180,180,180
27.679295778274536,0.46195400396013125,5.9259459453066565,0.2617993877991417,0.0,-1.5518173408639975,180,180,180,180,180,180,180
27.690244436264038,0.46178865122326035,5.917273648162771,0.2617993877991417,0.0,-1.55180076036386,180,180,180,180,180,180,180
27.700479984283447,0.46178865122326035,5.917273648162771,0.2617993877991417,0.0,-1.55180076036386,180,180,180,180,180,180,180
27.71067523956299,0.46178865122326035,5.917273648162771,0.2617993877991417,0.0,-1.55180076036386,180,180,180,180,180,180,180
27.72649312019348,0.46178865122326035,5.917273648162771,0.2617993877991417,0.0,-1.55180076036386,180,180,180,180,180,180,180
27.73681139945984,0.4616198188761238,5.908613328314182,0.2617993877991417,0.0,-1.5517765016508698,180,180,180,180,180,180,180
27.74703621864319,0.4616198188761238,5.908613328314182,0.2617993877991417,0.0,-1.5517765016508698,180,180,180,180,180,180,180
27.757623434066772,0.4616198188761238,5.908613328314182,0.2617993877991417,0.0,-1.5517765016508698,180,180,180,180,180,180,180
27.77456307411194,0.4614477562968683,5.89971817036469,0.2617993877991417,0.0,-1.5516298508391209,180,180,180,180,180,180,180
27.784841299057007,0.4614477562968683,5.89971817036469,0.2617993877991417,0.0,-1.5516298508391209,180,180,180,180,180,180,180
27.795029878616333,0.4612870055238142,5.891125910120422,0.2617993877991417,0.0,-1.5515611910630749,180,180,180,180,180,180,180
27.80526113510132,0.4612870055238142,5.891125910120422,0.2617993877991417,0.0,-1.5515611910630749,180,180,180,180,180,180,180
27.815489053726196,0.4612870055238142,5.891125910120422,0.2617993877991417,0.0,-1.5515611910630749,180,180,180,180,180,180,180
27.825725078582764,0.4612870055238142,5.891125910120422,0.2617993877991417,0.0,-1.5515611910630749,180,180,180,180,180,180,180
27.83594846725464,0.4612870055238142,5.891125910120422,0.2617993877991417,0.0,-1.5515611910630749,180,180,180,180,180,180,180
27.846158981323242,0.4611220935927518,5.882520982005532,0.2617993877991417,0.0,-1.5515435345667015,180,180,180,180,180,180,180
27.856357097625732,0.4611220935927518,5.882520982005532,0.2617993877991417,0.0,-1.5515435345667015,190,180,180,180,180,180,180
27.875568866729736,0.46095199070159865,5.8736498931681655,0.2617993877991417,0.0,-1.5515241277086464,190,180,180,180,180,180,180
27.88579487800598,0.46095199070159865,5.8736498931681655,0.2617993877991417,0.0,-1.5515241277086464,190,180,180,180,180,180,180
27.896011352539062,0.4607867445980647,5.86502990627786,0.2617993877991417,0.0,-1.5515116691382496,190,180,180,180,180,180,180
27.9062283039093,0.4607867445980647,5.86502990627786,0.2617993877991417,0.0,-1.5515116691382496,180,180,180,180,180,180,180
27.92520260810852,0.4607867445980647,5.86502990627786,0.2617993877991417,0.0,-1.5515116691382496,180,180,180,180,180,180,180
27.935593366622925,0.4606212330383008,5.856399458294089,0.2617993877991417,0.0,-1.5515023509264385,180,180,180,180,180,180,180
27.94581437110901,0.4606212330383008,5.856399458294089,0.2617993877991417,0.0,-1.5515023509264385,180,190,180,180,180,180,180
27.956034660339355,0.4604503894061773,5.847497091633389,0.2617993877991417,0.0,-1.5514908112026622,180,190,180,180,180,180,180
27.966264963150024,0.4604503894061773,5.847497091633389,0.2617993877991417,0.0,-1.5514908112026622,180,190,180,180,180,180,180
27.97955322265625,0.4604503894061773,5.847497091633389,0.2617993877991417,0.0,-1.5514908112026622,180,190,180,180,180,180,180
27.98978281021118,0.4602842318778263,5.838846457944902,0.2617993877991417,0.0,-1.5514781640819781,180,190,180,180,180,180,180
27.999963998794556,0.4602842318778263,5.838846457944902,0.2617993877991417,0.0,-1.5514781640819781,180,180,180,180,180,180,180
28.01018452644348,0.4602842318778263,5.838846457944902,0.2617993877991417,0.0,-1.5514781640819781,180,180,180,180,180,180,180
28.025811195373535,0.460117429090314,5.83018600364367,0.2617993877991417,0.0,-1.5514651593715127,180,180,180,180,180,180,180
28.036025047302246,0.460117429090314,5.83018600364367,0.2617993877991417,0.0,-1.5514651593715127,180,180,180,180,180,180,180
28.046245098114014,0.460117429090314,5.83018600364367,0.2617993877991417,0.0,-1.5514651593715127,180,180,180,180,180,180,180
28.056458950042725,0.460117429090314,5.83018600364367,0.2617993877991417,0.0,-1.5514651593715127,180,180,180,180,180,180,180
28.06667995452881,0.4599444847739078,5.8212533131290485,0.2617993877991417,0.0,-1.5514504144833148,180,180,180,180,180,180,180
28.076906442642212,0.4599444847739078,5.8212533131290485,0.2617993877991417,0.0,-1.5514504144833148,180,180,180,180,180,180,180
28.087116718292236,0.4599444847739078,5.8212533131290485,0.2617993877991417,0.0,-1.5514504144833148,180,180,180,180,180,180,180
28.097307682037354,0.45977588362748145,5.812581775333326,0.2617993877991417,0.0,-1.5514357395518505,180,180,180,180,180,180,180
28.1078143119812,0.45977588362748145,5.812581775333326,0.2617993877991417,0.0,-1.5514357395518505,180,180,180,180,180,180,180
28.124107122421265,0.4596033214433629,5.803923539916324,0.2617993877991417,0.0,-1.5514116109979463,180,180,180,180,180,180,180
28.134324550628662,0.4596033214433629,5.803923539916324,0.2617993877991417,0.0,-1.5514116109979463,180,180,180,180,180,180,180
28.144550561904907,0.4596033214433629,5.803923539916324,0.2617993877991417,0.0,-1.5514116109979463,180,180,180,180,180,180,180
28.15474772453308,0.4596033214433629,5.803923539916324,0.2617993877991417,0.0,-1.5514116109979463,180,180,180,180,180,180,180
28.174288511276245,0.45942965182991935,5.795035451959518,0.2617993877991417,0.0,-1.551252299866631,180,180,180,180,180,180,180
28.18450427055359,0.45942965182991935,5.795035451959518,0.2617993877991417,0.0,-1.551252299866631,180,180,180,180,180,180,180
28.194711208343506,0.45926514677735397,5.786440037696801,0.2617993877991417,0.0,-1.5512139057699847,180,180,180,180,180,180,180
28.205068588256836,0.45926514677735397,5.786440037696801,0.2617993877991417,0.0,-1.5512139057699847,180,180,180,180,180,180,180
28.223938703536987,0.45926514677735397,5.786440037696801,0.2617993877991417,0.0,-1.5512139057699847,180,180,180,180,180,180,180
28.234246253967285,0.4590971038859171,5.77783594334772,0.2617993877991417,0.0,-1.5511886275920674,180,180,180,180,180,180,180
28.244471549987793,0.4590971038859171,5.77783594334772,0.2617993877991417,0.0,-1.5511886275920674,180,180,180,180,180,180,180
28.2547709941864,0.4590971038859171,5.77783594334772,0.2617993877991417,0.0,-1.5511886275920674,180,180,180,180,180,180,180
28.264992475509644,0.45892388272186063,5.768964021430531,0.2617993877991417,0.0,-1.5511687411326385,180,180,180,180,180,180,180
28.276060581207275,0.45892388272186063,5.768964021430531,0.2617993877991417,0.0,-1.5511687411326385,180,180,180,180,180,180,180
28.28627371788025,0.45892388272186063,5.768964021430531,0.2617993877991417,0.0,-1.5511687411326385,180,180,180,180,180,180,180
28.29648470878601,0.4587555585772279,5.760342901083668,0.2617993877991417,0.0,-1.5511559784793414,180,180,180,180,180,180,180
28.30674958229065,0.4587555585772279,5.760342901083668,0.2617993877991417,0.0,-1.5511559784793414,180,180,180,180,180,180,180
28.317022562026978,0.4587555585772279,5.760342901083668,0.2617993877991417,0.0,-1.5511559784793414,180,180,180,180,180,180,180
28.32933259010315,0.45858695078391454,5.751711294800948,0.2617993877991417,0.0,-1.5511461291749802,180,180,180,180,180,180,180
28.339537620544434,0.45858695078391454,5.751711294800948,0.2617993877991417,0.0,-1.5511461291749802,180,180,180,180,180,180,180
28.350005626678467,0.45858695078391454,5.751711294800948,0.2617993877991417,0.0,-1.5511461291749802,180,180,180,180,180,180,180
28.360353469848633,0.45841290639398,5.742807716876911,0.2617993877991417,0.0,-1.5511341747302152,190,180,180,180,180,180,180
28.37065052986145,0.45841290639398,5.742807716876911,0.2617993877991417,0.0,-1.5511341747302152,190,180,180,180,180,180,180
28.380901336669922,0.45841290639398,5.742807716876911,0.2617993877991417,0.0,-1.5511341747302152,190,180,180,180,180,180,180
28.391088724136353,0.4582436307279953,5.734155926691786,0.2617993877991417,0.0,-1.5511212027442485,190,180,180,180,180,180,180
28.40128803253174,0.4582436307279953,5.734155926691786,0.2617993877991417,0.0,-1.5511212027442485,190,180,180,180,180,180,180
28.41193199157715,0.4582436307279953,5.734155926691786,0.2617993877991417,0.0,-1.5511212027442485,190,190,180,180,180,180,180
28.428300142288208,0.4580736261184282,5.725494258264751,0.2617993877991417,0.0,-1.5511088224192906,190,190,180,180,180,180,180
28.438886642456055,0.4580736261184282,5.725494258264751,0.2617993877991417,0.0,-1.5511088224192906,190,190,180,180,180,180,180
28.449103355407715,0.4580736261184282,5.725494258264751,0.2617993877991417,0.0,-1.5511088224192906,190,190,180,180,180,180,180
28.459303379058838,0.45789739973242166,5.7165606968466385,0.2617993877991417,0.0,-1.551094692078241,190,190,180,180,180,180,180
28.46949553489685,0.45789739973242166,5.7165606968466385,0.2617993877991417,0.0,-1.551094692078241,190,180,180,180,180,180,180
28.48421621322632,0.45789739973242166,5.7165606968466385,0.2617993877991417,0.0,-1.551094692078241,190,180,180,180,180,180,180
28.494426012039185,0.45772554741711124,5.707890158276472,0.2617993877991417,0.0,-1.5510802855571142,190,180,180,180,180,180,180
28.50468111038208,0.45772554741711124,5.707890158276472,0.2617993877991417,0.0,-1.5510802855571142,190,180,180,180,180,180,180
28.51491689682007,0.45772554741711124,5.707890158276472,0.2617993877991417,0.0,-1.5510802855571142,190,180,180,180,180,180,180
28.525594234466553,0.45754940789728393,5.699234148466749,0.2617993877991417,0.0,-1.5510522439770311,190,180,180,180,180,180,180
28.535775899887085,0.45754940789728393,5.699234148466749,0.2617993877991417,0.0,-1.5510522439770311,190,180,180,180,180,180,180
28.5461106300354,0.45754940789728393,5.699234148466749,0.2617993877991417,0.0,-1.5510522439770311,190,180,180,180,180,180,180
28.556379079818726,0.45754940789728393,5.699234148466749,0.2617993877991417,0.0,-1.5510522439770311,190,180,180,180,180,180,180
28.566641569137573,0.4573743797674907,5.690353776557036,0.2617993877991417,0.0,-1.550878972475814,190,180,180,180,180,180,180
28.576853275299072,0.4573743797674907,5.690353776557036,0.2617993877991417,0.0,-1.550878972475814,190,180,180,180,180,180,180
28.587059259414673,0.4573743797674907,5.690353776557036,0.2617993877991417,0.0,-1.550878972475814,190,180,180,180,180,180,180
28.59726333618164,0.45720602862239373,5.681755102281414,0.2617993877991417,0.0,-1.5508642034137,190,180,180,180,180,180,180
28.60747504234314,0.45720602862239373,5.681755102281414,0.2617993877991417,0.0,-1.5508642034137,190,180,180,180,180,180,180
28.625273942947388,0.45703486390784376,5.673151151673799,0.2617993877991417,0.0,-1.5508382809638634,190,180,180,180,180,180,180
28.635475873947144,0.45703486390784376,5.673151151673799,0.2617993877991417,0.0,-1.5508382809638634,190,180,180,180,180,180,180
28.645660638809204,0.45703486390784376,5.673151151673799,0.2617993877991417,0.0,-1.5508382809638634,190,180,180,180,180,180,180
28.65585732460022,0.45703486390784376,5.673151151673799,0.2617993877991417,0.0,-1.5508382809638634,190,180,180,180,180,180,180
28.66605806350708,0.45703486390784376,5.673151151673799,0.2617993877991417,0.0,-1.5508382809638634,190,180,180,180,180,180,180
28.676233291625977,0.45703486390784376,5.673151151673799,0.2617993877991417,0.0,-1.5508382809638634,190,180,180,180,180,180,180
28.686405658721924,0.45685853063921056,5.664278246932515,0.2617993877991417,0.0,-1.5508187286373851,190,180,180,180,180,180,180
28.696608304977417,0.45668717220341903,5.65565593578509,0.2617993877991417,0.0,-1.5508064230180751,190,180,180,180,180,180,180
28.706814765930176,0.45668717220341903,5.65565593578509,0.2617993877991417,0.0,-1.5508064230180751,190,180,180,180,180,180,180
28.717002630233765,0.45668717220341903,5.65565593578509,0.2617993877991417,0.0,-1.5508064230180751,190,180,180,180,180,180,180
28.72774624824524,0.4565155189427489,5.647023227884679,0.2617993877991417,0.0,-1.5507961183343373,190,180,180,180,180,180,180
28.737924814224243,0.4565155189427489,5.647023227884679,0.2617993877991417,0.0,-1.5507961183343373,190,180,180,180,180,180,180
28.748101711273193,0.4565155189427489,5.647023227884679,0.2617993877991417,0.0,-1.5507961183343373,190,180,180,180,180,180,180
28.75828194618225,0.45633832949220277,5.638118500124451,0.2617993877991417,0.0,-1.5507838203275106,190,180,180,180,180,180,180
28.779160976409912,0.45633832949220277,5.638118500124451,0.2617993877991417,0.0,-1.5507838203275106,190,180,180,180,180,180,180
28.789363622665405,0.45616598608914266,5.629465612080992,0.2617993877991417,0.0,-1.5507705903554776,190,180,180,180,180,180,180
28.799535274505615,0.45616598608914266,5.629465612080992,0.2617993877991417,0.0,-1.5507705903554776,190,180,180,180,180,180,180
28.809715270996094,0.45616598608914266,5.629465612080992,0.2617993877991417,0.0,-1.5507705903554776,190,180,180,180,180,180,180
28.828083515167236,0.45616598608914266,5.629465612080992,0.2617993877991417,0.0,-1.5507705903554776,190,180,180,180,180,180,180
28.838392972946167,0.45599282346459225,5.620802838424247,0.2617993877991417,0.0,-1.5507584251319262,190,180,180,180,180,180,180
28.848618030548096,0.45599282346459225,5.620802838424247,0.2617993877991417,0.0,-1.5507584251319262,180,180,180,180,180,180,180
28.85883903503418,0.4558133729371844,5.611868551488999,0.2617993877991417,0.0,-1.5507442712698,180,180,180,180,180,180,180
28.87746548652649,0.4558133729371844,5.611868551488999,0.2617993877991417,0.0,-1.5507442712698,180,180,180,180,180,180,180
28.887696266174316,0.4558133729371844,5.611868551488999,0.2617993877991417,0.0,-1.5507442712698,180,180,180,180,180,180,180
28.8978590965271,0.45563819174404385,5.603199277034976,0.2617993877991417,0.0,-1.5507296332068106,180,180,180,180,180,180,180
28.90808367729187,0.45563819174404385,5.603199277034976,0.2617993877991417,0.0,-1.5507296332068106,180,180,180,180,180,180,180
28.92638850212097,0.45545883650938457,5.594545625498533,0.2617993877991417,0.0,-1.550695038824656,180,180,180,180,180,180,180
28.936599016189575,0.45545883650938457,5.594545625498533,0.2617993877991417,0.0,-1.550695038824656,180,180,180,180,180,180,180
28.946775913238525,0.45545883650938457,5.594545625498533,0.2617993877991417,0.0,-1.550695038824656,180,180,180,180,180,180,180
28.957006454467773,0.45528223662087136,5.585673446044654,0.2617993877991417,0.0,-1.550512338179074,180,180,180,180,180,180,180
28.9671847820282,0.45528223662087136,5.585673446044654,0.2617993877991417,0.0,-1.550512338179074,180,180,180,180,180,180,180
28.977434158325195,0.45528223662087136,5.585673446044654,0.2617993877991417,-0.05235987755982833,-1.550512338179074,180,180,180,180,180,180,180
28.98768186569214,0.45528223662087136,5.585673446044654,0.2617993877991417,-0.05235987755982833,-1.550512338179074,180,180,180,180,180,180,180
28.99790072441101,0.4551101057241362,5.577072129460845,0.2617993877991417,-0.157079632679485,-1.5505105501790464,180,180,180,180,180,180,180
29.008142471313477,0.4551101057241362,5.577072129460845,0.2617993877991417,-0.157079632679485,-1.5505105501790464,180,180,180,180,180,180,180
29.02795720100403,0.4551101057241362,5.577072129460845,0.2617993877991417,-0.27925268031908446,-1.5505105501790464,180,180,180,180,180,180,180
29.038308143615723,0.4549281473706696,5.568466336955607,0.2617993877991417,-0.2967059728390272,-1.548994446866767,180,180,180,180,180,180,180
29.048505544662476,0.4549281473706696,5.568466336955607,0.2617993877991417,-0.2967059728390272,-1.548994446866767,180,180,180,180,180,180,180
29.05882477760315,0.45471513364797206,5.559597800760048,0.2617993877991417,-0.33161255787891275,-1.5426024214797516,180,180,180,180,180,180,180
29.075257778167725,0.45471513364797206,5.559597800760048,0.2617993877991417,-0.33161255787891275,-1.5426024214797516,180,180,180,180,180,180,180
29.085477828979492,0.45471513364797206,5.559597800760048,0.2617993877991417,-0.34906585039885557,-1.5426024214797516,180,180,180,180,180,180,180
29.095680713653564,0.45442573988808926,5.550897797967779,0.2617993877991417,-0.36651914291879834,-1.5316980436741028,180,180,180,180,180,180,180
29.10595178604126,0.45442573988808926,5.550897797967779,0.2617993877991417,-0.3839724354387411,-1.5316980436741028,180,180,180,180,180,180,180
29.11618447303772,0.45442573988808926,5.550897797967779,0.2617993877991417,-0.3839724354387411,-1.5316980436741028,180,180,180,180,180,180,180
29.12639594078064,0.45403481765399795,5.542172162155668,0.2617993877991417,-0.43633231299856945,-1.5196823227460086,180,180,180,180,180,180,180
29.136574029922485,0.45403481765399795,5.542172162155668,0.2617993877991417,-0.43633231299856945,-1.5196823227460086,180,180,180,180,180,180,180
29.14676785469055,0.45403481765399795,5.542172162155668,0.2617993877991417,-0.43633231299856945,-1.5196823227460086,180,180,180,180,180,180,180
29.15698528289795,0.45403481765399795,5.542172162155668,0.2617993877991417,-0.43633231299856945,-1.5196823227460086,180,180,180,180,180,180,180
29.175249814987183,0.45351158159429333,5.533159163886889,0.2617993877991417,-0.43633231299856945,-1.5050803198444043,180,180,180,180,180,180,180
29.18543577194214,0.45351158159429333,5.533159163886889,0.2617993877991417,-0.43633231299856945,-1.5050803198444043,180,180,180,180,180,180,180
29.195703268051147,0.45287389168225073,5.524400605070518,0.2617993877991417,-0.43633231299856945,-1.4906677024003168,180,180,180,180,120,180,180
29.205938816070557,0.45287389168225073,5.524400605070518,0.2617993877991417,-0.43633231299856945,-1.4906677024003168,180,180,180,180,120,180,180
29.225175142288208,0.45287389168225073,5.524400605070518,0.2617993877991417,-0.43633231299856945,-1.4906677024003168,180,180,180,180,120,180,180
29.235546112060547,0.4521090992906214,5.515645094196243,0.2617993877991417,-0.43633231299856945,-1.47626283966195,180,180,180,180,120,180,180
29.245791912078857,0.4521090992906214,5.515645094196243,0.2617993877991417,-0.43633231299856945,-1.47626283966195,180,180,180,180,120,180,180
29.25602078437805,0.4521090992906214,5.515645094196243,0.2617993877991417,-0.43633231299856945,-1.47626283966195,180,180,180,180,180,180,180
29.266223430633545,0.4511903878334103,5.5066440218324955,0.2617993877991417,-0.43633231299856945,-1.4615310820057539,180,180,180,180,180,180,180
29.276453495025635,0.4511903878334103,5.5066440218324955,0.2617993877991417,-0.43633231299856945,-1.4615310820057539,180,180,180,180,180,180,180
29.28664469718933,0.4511903878334103,5.5066440218324955,0.2617993877991417,-0.43633231299856945,-1.4615310820057539,180,180,180,180,180,180,180
29.296851873397827,0.45018147644769985,5.497967293250703,0.2617993877991417,-0.43633231299856945,-1.4475690857770567,180,180,180,180,180,180,180
29.307066440582275,0.45018147644769985,5.497967293250703,0.2617993877991417,-0.43633231299856945,-1.4475690857770567,180,180,180,180,180,180,180
29.325473070144653,0.4490501504916061,5.4893099044954505,0.2617993877991417,-0.43633231299856945,-1.433646858403404,180,180,180,180,180,180,180
29.335679531097412,0.4490501504916061,5.4893099044954505,0.2617993877991417,-0.43633231299856945,-1.433646858403404,180,180,180,180,180,180,180
29.345842123031616,0.4490501504916061,5.4893099044954505,0.2617993877991417,-0.43633231299856945,-1.433646858403404,180,180,180,180,180,180,180
29.35604953765869,0.4490501504916061,5.4893099044954505,0.2617993877991417,-0.43633231299856945,-1.433646858403404,180,180,180,180,180,180,180
29.366402626037598,0.44775309299806054,5.480376979280129,0.2617993877991417,-0.43633231299856945,-1.4191183660549727,180,180,180,180,180,180,180
29.376612663269043,0.44775309299806054,5.480376979280129,0.2617993877991417,-0.43633231299856945,-1.4191183660549727,180,180,180,180,180,180,180
29.386789083480835,0.44775309299806054,5.480376979280129,0.2617993877991417,-0.43633231299856945,-1.4191183660549727,180,180,180,180,180,180,180
29.39695954322815,0.4463703699007962,5.47172406411199,0.2617993877991417,-0.43633231299856945,-1.4049351102467227,180,180,180,180,180,180,180
29.407215356826782,0.4463703699007962,5.47172406411199,0.2617993877991417,-0.43633231299856945,-1.4049351102467227,180,180,180,110,180,180,180
29.423080682754517,0.4463703699007962,5.47172406411199,0.2617993877991417,-0.40142572795868386,-1.4049351102467227,180,180,180,110,180,180,180
29.433261394500732,0.44486748627025874,5.463085687949539,0.2617993877991417,-0.40142572795868386,-1.390695468418315,180,180,180,110,180,180,180
29.44343638420105,0.44486748627025874,5.463085687949539,0.2617993877991417,-0.3839724354387411,-1.390695468418315,180,180,180,110,180,180,180
29.453620672225952,0.44486748627025874,5.463085687949539,0.2617993877991417,-0.34906585039885557,-1.390695468418315,180,180,180,110,180,180,180
29.463815212249756,0.44486748627025874,5.463085687949539,0.2617993877991417,-0.34906585039885557,-1.390695468418315,180,180,180,110,180,180,180
29.474748611450195,0.44486748627025874,5.463085687949539,0.2617993877991417,-0.34906585039885557,-1.390695468418315,180,180,180,110,180,180,180
29.484960079193115,0.44319796692537017,5.45426137822494,0.2617993877991417,-0.2967059728390272,-1.3767289465132435,180,180,180,110,180,180,180
29.49515461921692,0.44146824661772743,5.445730049614829,0.2617993877991417,-0.2967059728390272,-1.3647480495023505,180,180,180,180,180,180,180
29.505350351333618,0.44146824661772743,5.445730049614829,0.2617993877991417,-0.27925268031908446,-1.3647480495023505,180,180,180,180,180,180,180
29.52350902557373,0.44146824661772743,5.445730049614829,0.2617993877991417,-0.2617993877991417,-1.3647480495023505,180,180,180,180,180,180,180
29.533697605133057,0.4396424518168124,5.437204741235586,0.2617993877991417,-0.2268928027592561,-1.3545646619601044,180,180,180,180,180,180,180
29.54388928413391,0.4396424518168124,5.437204741235586,0.2617993877991417,-0.2268928027592561,-1.3545646619601044,180,180,180,180,180,180,180
29.554064989089966,0.4396424518168124,5.437204741235586,0.2617993877991417,-0.19198621771937055,-1.3545646619601044,180,180,180,180,180,180,180
29.564290046691895,0.43767564197789927,5.428441846818837,0.2617993877991417,-0.17453292519942779,-1.3453671389352435,180,180,180,180,180,180,180
29.57455325126648,0.43767564197789927,5.428441846818837,0.2617993877991417,-0.17453292519942779,-1.3453671389352435,180,180,180,180,180,180,180
29.584737062454224,0.43767564197789927,5.428441846818837,0.2617993877991417,-0.13962634015954223,-1.3453671389352435,180,180,180,180,180,180,180
29.594937086105347,0.43569470375210134,5.41995741179133,0.2617993877991417,-0.13962634015954223,-1.336806028773191,180,180,110,180,180,180,180
29.60515069961548,0.43569470375210134,5.41995741179133,0.2617993877991417,-0.12217304763959944,-1.336806028773191,180,180,110,180,180,180,180
29.623408794403076,0.43362361590049714,5.41138165819926,0.2617993877991417,-0.10471975511965666,-1.330439545612202,180,180,110,180,180,180,180
29.633601427078247,0.43362361590049714,5.41138165819926,0.2617993877991417,-0.08726646259971389,-1.330439545612202,180,180,110,180,180,180,180
29.6437931060791,0.43362361590049714,5.41138165819926,0.2617993877991417,-0.08726646259971389,-1.330439545612202,180,180,110,180,180,180,180
29.653985261917114,0.43362361590049714,5.41138165819926,0.2617993877991417,-0.06981317007977111,-1.330439545612202,180,180,180,180,180,180,180
29.673343420028687,0.43146891246398716,5.402658872294247,0.2617993877991417,-0.05235987755982833,-1.3264803249425814,180,180,180,180,180,180,180
29.683555126190186,0.43146891246398716,5.402658872294247,0.2617993877991417,-0.05235987755982833,-1.3264803249425814,180,180,180,180,180,180,180
29.6937518119812,0.42937048003591677,5.39428208289126,0.2617993877991417,-0.05235987755982833,-1.324288913604442,180,180,180,180,180,180,180
29.703949689865112,0.42937048003591677,5.39428208289126,0.2617993877991417,-0.05235987755982833,-1.324288913604442,180,180,180,180,180,180,180
29.714150190353394,0.42937048003591677,5.39428208289126,0.2617993877991417,0.0,-1.324288913604442,180,180,180,180,180,180,180
29.724910020828247,0.42725484018240145,5.385900053723088,0.2617993877991417,0.0,-1.3227033103765817,180,180,180,180,180,180,180
29.7351233959198,0.42725484018240145,5.385900053723088,0.2617993877991417,0.0,-1.3227033103765817,180,180,180,180,180,180,180
29.74533724784851,0.42725484018240145,5.385900053723088,0.2617993877991417,0.0,-1.3227033103765817,180,180,180,180,180,180,180
29.75553011894226,0.42725484018240145,5.385900053723088,0.2617993877991417,0.0,-1.3227033103765817,180,180,180,180,180,180,180
29.773709774017334,0.4250678019421541,5.377265690352623,0.2617993877991417,0.0,-1.3227110934280146,180,180,180,180,180,180,180
29.783910512924194,0.4250678019421541,5.377265690352623,0.2617993877991417,0.0,-1.3227110934280146,180,180,180,180,180,180,180
29.794103622436523,0.42294412425087563,5.368878083261155,0.2617993877991417,0.0,-1.32280194371174,180,180,180,180,180,180,180
29.804274320602417,0.42294412425087563,5.368878083261155,0.2617993877991417,0.0,-1.32280194371174,180,180,180,180,180,180,180
29.814488410949707,0.42294412425087563,5.368878083261155,0.2617993877991417,0.0,-1.32280194371174,180,180,180,180,180,180,180
29.8247127532959,0.4208204744198035,5.360489773008252,0.2617993877991417,0.0,-1.3228304221092233,180,180,180,180,180,180,180
29.83504295349121,0.4208204744198035,5.360489773008252,0.2617993877991417,0.0,-1.3228304221092233,180,180,180,180,180,180,180
29.845226287841797,0.4208204744198035,5.360489773008252,0.2617993877991417,0.0,-1.3228304221092233,180,180,180,180,180,180,180
29.855440616607666,0.4208204744198035,5.360489773008252,0.2617993877991417,0.0,-1.3228304221092233,180,180,180,180,180,180,180
29.87358283996582,0.41863946681612546,5.35186013727317,0.2617993877991417,0.0,-1.3226843883101367,180,180,180,180,180,180,180
29.88457489013672,0.41863946681612546,5.35186013727317,0.2617993877991417,0.0,-1.3226843883101367,180,180,180,180,180,180,180
29.894765377044678,0.4165265043645484,5.343523106939033,0.2617993877991417,0.0,-1.3222048354158313,180,180,180,180,180,180,180
29.90499258041382,0.4165265043645484,5.343523106939033,0.2617993877991417,0.0,-1.3222048354158313,180,180,180,180,180,180,180
29.915247917175293,0.4165265043645484,5.343523106939033,0.2617993877991417,0.0,-1.3222048354158313,180,180,180,180,180,180,180
29.92662215232849,0.4144015753449343,5.335147471375488,0.2617993877991417,0.0,-1.321972639808082,180,180,180,180,180,180,180
29.93682837486267,0.4144015753449343,5.335147471375488,0.2617993877991417,0.0,-1.321972639808082,180,180,180,180,180,180,180
29.94700813293457,0.4144015753449343,5.335147471375488,0.2617993877991417,0.0,-1.321972639808082,180,180,180,180,180,180,180
29.95779037475586,0.4144015753449343,5.335147471375488,0.2617993877991417,0.0,-1.321972639808082,180,180,180,180,180,180,180
29.974469423294067,0.412209654330062,5.326523186723879,0.2617993877991417,0.0,-1.3217700022419032,180,180,180,180,180,180,180
29.984660625457764,0.412209654330062,5.326523186723879,0.2617993877991417,0.0,-1.3217700022419032,180,180,180,180,180,180,180
29.994856357574463,0.4100870846841358,5.318156684871689,0.2617993877991417,0.0,-1.3216843522277348,180,170,180,180,180,180,180
30.005131006240845,0.4100870846841358,5.318156684871689,0.2617993877991417,0.0,-1.3216843522277348,180,170,180,180,180,180,180
30.015366554260254,0.4100870846841358,5.318156684871689,0.2617993877991417,0.0,-1.3216843522277348,180,170,180,180,180,180,180
30.0256028175354,0.4079650677651247,5.309808695524811,0.2617993877991417,0.0,-1.3217890559639773,180,170,180,180,180,180,180
30.03579044342041,0.4079650677651247,5.309808695524811,0.2617993877991417,0.0,-1.3217890559639773,180,170,180,180,180,180,180
30.046161890029907,0.4079650677651247,5.309808695524811,0.2617993877991417,0.0,-1.3217890559639773,180,170,180,180,180,180,180
30.05657935142517,0.4079650677651247,5.309808695524811,0.2617993877991417,0.0,-1.3217890559639773,180,170,180,180,180,180,180
30.072908401489258,0.40577791376568806,5.3012012357750615,0.2617993877991417,0.0,-1.3219105418266228,180,170,180,180,180,180,180
30.083102464675903,0.40577791376568806,5.3012012357750615,0.2617993877991417,0.0,-1.3219105418266228,180,170,180,180,180,180,180
30.093573331832886,0.4036545562022601,5.292841511507369,0.2617993877991417,0.0,-1.3220506000920893,180,170,180,180,180,180,180
30.10383176803589,0.4036545562022601,5.292841511507369,0.2617993877991417,0.0,-1.3220506000920893,180,180,180,180,180,180,180
30.11402153968811,0.4036545562022601,5.292841511507369,0.2617993877991417,0.0,-1.3220506000920893,180,180,180,180,180,180,180
30.124830722808838,0.40152988397262723,5.284471332647994,0.2617993877991417,0.0,-1.3221832172160661,180,180,180,180,180,180,180
30.135016441345215,0.40152988397262723,5.284471332647994,0.2617993877991417,0.0,-1.3221832172160661,180,180,180,180,180,180,180
30.145183563232422,0.40152988397262723,5.284471332647994,0.2617993877991417,0.0,-1.3221832172160661,180,180,180,180,180,180,180
30.155669927597046,0.40152988397262723,5.284471332647994,0.2617993877991417,0.0,-1.3221832172160661,180,180,180,180,180,180,180
30.16594648361206,0.39933909381814886,5.275836781476663,0.2617993877991417,0.0,-1.3223005926366684,180,180,180,180,180,180,180
30.176151275634766,0.39933909381814886,5.275836781476663,0.2617993877991417,0.0,-1.3223005926366684,180,180,180,180,180,180,180
30.18633723258972,0.39933909381814886,5.275836781476663,0.2617993877991417,0.0,-1.3223005926366684,180,180,180,180,180,180,180
30.196503162384033,0.3972118528204125,5.267449585779719,0.2617993877991417,0.0,-1.322386598115773,180,180,180,180,180,180,180
30.206727743148804,0.3972118528204125,5.267449585779719,0.2617993877991417,0.0,-1.322386598115773,180,180,180,180,180,180,180
30.226622819900513,0.39508458912468347,5.25906261128879,0.2617993877991417,0.0,-1.3224043570311328,180,180,180,180,180,180,180
30.23687481880188,0.39508458912468347,5.25906261128879,0.2617993877991417,0.0,-1.3224043570311328,180,180,180,180,180,180,180
30.247124433517456,0.39508458912468347,5.25906261128879,0.2617993877991417,0.0,-1.3224043570311328,180,180,180,180,180,180,180
30.257588863372803,0.39290109791256544,5.250438387039414,0.2617993877991417,0.0,-1.3222158934441106,180,180,180,180,180,180,180
30.27687358856201,0.39290109791256544,5.250438387039414,0.2617993877991417,0.0,-1.3222158934441106,180,180,180,180,180,180,180
30.28713369369507,0.39290109791256544,5.250438387039414,0.2617993877991417,0.0,-1.3222158934441106,180,180,180,180,180,180,180
30.297352075576782,0.39078346301423567,5.242099412585931,0.2617993877991417,0.0,-1.3217554728008543,180,180,180,180,180,180,180
30.307573318481445,0.39078346301423567,5.242099412585931,0.2617993877991417,0.0,-1.3217554728008543,180,180,180,180,180,180,180
30.31778573989868,0.39078346301423567,5.242099412585931,0.2617993877991417,0.0,-1.3217554728008543,180,180,180,180,180,180,180
30.329697370529175,0.3886544410564419,5.233723816994374,0.2617993877991417,0.0,-1.3215279920708576,180,180,180,180,180,180,180
30.33996558189392,0.3886544410564419,5.233723816994374,0.2617993877991417,0.0,-1.3215279920708576,180,180,180,180,180,180,180
30.350164890289307,0.3886544410564419,5.233723816994374,0.2617993877991417,0.0,-1.3215279920708576,180,180,180,180,180,180,180
30.360356330871582,0.3864589098677149,5.225101181046284,0.2617993877991417,0.0,-1.3213357238949022,180,180,180,180,180,180,180
30.375407695770264,0.3864589098677149,5.225101181046284,0.2617993877991417,0.0,-1.3213357238949022,180,180,180,180,180,180,180
30.3856098651886,0.3864589098677149,5.225101181046284,0.2617993877991417,0.0,-1.3213357238949022,180,180,180,180,180,180,180
30.395791053771973,0.38433273471494694,5.216736699133655,0.2617993877991417,0.0,-1.3212678133529163,180,180,180,180,180,180,180
30.405986547470093,0.38433273471494694,5.216736699133655,0.2617993877991417,0.0,-1.3212678133529163,180,180,180,180,180,180,180
30.423714876174927,0.38433273471494694,5.216736699133655,0.2617993877991417,0.0,-1.3212678133529163,180,180,180,180,180,180,180
30.434086084365845,0.38220791136527993,5.208390109276501,0.2617993877991417,0.0,-1.3213821171429818,180,180,180,180,180,180,180
30.444313287734985,0.38220791136527993,5.208390109276501,0.2617993877991417,0.0,-1.3213821171429818,180,180,180,180,180,180,180
30.45453143119812,0.38220791136527993,5.208390109276501,0.2617993877991417,0.0,-1.3213821171429818,180,180,180,180,180,180,180
30.47387385368347,0.3800170921077188,5.199783231417866,0.2617993877991417,0.0,-1.3215084567100819,180,180,180,180,180,180,180
30.48410391807556,0.3800170921077188,5.199783231417866,0.2617993877991417,0.0,-1.3215084567100819,180,180,180,180,180,180,180
30.494288682937622,0.3778901263169012,5.1914233393053415,0.2617993877991417,0.0,-1.3216480346053945,180,180,180,180,180,180,180
30.504494667053223,0.3778901263169012,5.1914233393053415,0.2617993877991417,0.0,-1.3216480346053945,180,180,180,180,180,180,180
30.51472234725952,0.3778901263169012,5.1914233393053415,0.2617993877991417,0.0,-1.3216480346053945,180,180,180,180,180,180,180
30.524911165237427,0.375761724582365,5.183052645144411,0.2617993877991417,0.0,-1.3217781921154514,180,180,180,180,180,180,180
30.535106897354126,0.375761724582365,5.183052645144411,0.2617993877991417,0.0,-1.3217781921154514,180,180,180,180,180,180,180
30.545305728912354,0.375761724582365,5.183052645144411,0.2617993877991417,0.0,-1.3217781921154514,180,180,180,180,180,180,180
30.555939435958862,0.375761724582365,5.183052645144411,0.2617993877991417,0.0,-1.3217781921154514,180,180,180,180,180,180,180
30.566187620162964,0.3735671625751407,5.174418018793105,0.2617993877991417,0.0,-1.3218933029846955,180,180,180,180,180,180,180
30.57684087753296,0.3735671625751407,5.174418018793105,0.2617993877991417,0.0,-1.3218933029846955,180,180,180,180,180,180,180
30.587103366851807,0.3735671625751407,5.174418018793105,0.2617993877991417,0.0,-1.3218933029846955,180,180,180,180,180,180,180
30.59733819961548,0.37143640530268335,5.166031311020767,0.2617993877991417,0.0,-1.3219735923948845,180,180,180,180,180,180,180
30.607801914215088,0.37143640530268335,5.166031311020767,0.2617993877991417,0.0,-1.3219735923948845,180,180,180,180,180,180,180
30.624051809310913,0.37143640530268335,5.166031311020767,0.2617993877991417,0.0,-1.3219735923948845,180,180,180,180,180,180,180
30.634419679641724,0.3693056757993338,5.157645755670979,0.2617993877991417,0.0,-1.3219793557833823,180,180,180,180,180,180,180
30.644670486450195,0.3693056757993338,5.157645755670979,0.2617993877991417,0.0,-1.3219793557833823,180,180,180,180,180,180,180
30.654898166656494,0.3693056757993338,5.157645755670979,0.2617993877991417,0.0,-1.3219793557833823,180,180,180,180,180,180,180
30.66516947746277,0.3671197732440255,5.149027818888362,0.2617993877991417,0.0,-1.321741408552999,180,180,180,180,180,180,180
30.67624855041504,0.3671197732440255,5.149027818888362,0.2617993877991417,0.0,-1.321741408552999,180,180,180,180,180,180,180
30.6865177154541,0.3671197732440255,5.149027818888362,0.2617993877991417,0.0,-1.321741408552999,180,180,180,180,180,180,180
30.696751356124878,0.3649969210507726,5.140684330118194,0.2617993877991417,0.0,-1.3213194808519029,180,180,180,180,180,180,180
30.70698595046997,0.3649969210507726,5.140684330118194,0.2617993877991417,0.0,-1.3213194808519029,180,180,180,180,180,180,180
30.724567413330078,0.36286431117193896,5.132309956578352,0.2617993877991417,0.0,-1.3210893003365047,180,180,180,180,180,180,180
30.734822988510132,0.36286431117193896,5.132309956578352,0.2617993877991417,0.0,-1.3210893003365047,180,180,180,180,180,180,180
30.745054721832275,0.36286431117193896,5.132309956578352,0.2617993877991417,0.0,-1.3210893003365047,180,180,180,180,180,180,180
30.75528335571289,0.36286431117193896,5.132309956578352,0.2617993877991417,0.0,-1.3210893003365047,180,180,180,180,180,180,180
30.765594720840454,0.3606655025238515,5.123688936139077,0.2617993877991417,0.0,-1.320908728688056,180,180,180,180,180,180,180
30.77736520767212,0.3606655025238515,5.123688936139077,0.2617993877991417,0.0,-1.320908728688056,180,180,180,180,180,180,180
30.787612199783325,0.3606655025238515,5.123688936139077,0.2617993877991417,0.0,-1.320908728688056,180,180,180,180,180,180,180
30.797855138778687,0.35853595172557967,5.115328552623962,0.2617993877991417,0.0,-1.3208727140328265,180,180,180,180,180,180,180
30.80837655067444,0.35853595172557967,5.115328552623962,0.2617993877991417,0.0,-1.3208727140328265,180,70,180,180,180,180,180
30.824742794036865,0.35640832713471765,5.106982237389371,0.2617993877991417,0.0,-1.320989900990784,180,70,180,180,180,180,180
30.83501100540161,0.35640832713471765,5.106982237389371,0.2617993877991417,0.0,-1.320989900990784,180,70,180,180,180,180,180
30.845256805419922,0.35640832713471765,5.106982237389371,0.2617993877991417,0.0,-1.320989900990784,180,70,180,180,180,180,180
30.855480194091797,0.35640832713471765,5.106982237389371,0.2617993877991417,0.0,-1.320989900990784,180,180,180,180,180,180,180
30.865776300430298,0.35421398849729857,5.098376183226773,0.2617993877991417,0.0,-1.3211228420806551,180,180,180,180,180,180,180
30.877237558364868,0.35421398849729857,5.098376183226773,0.2617993877991417,0.0,-1.3211228420806551,180,180,180,180,180,180,180
30.88748550415039,0.35421398849729857,5.098376183226773,0.2617993877991417,0.0,-1.3211228420806551,180,180,180,180,180,180,180
30.897708654403687,0.35208352309866897,5.090016009837606,0.2617993877991417,0.0,-1.3212617649385567,180,180,180,180,180,180,180
30.90800404548645,0.35208352309866897,5.090016009837606,0.2617993877991417,0.0,-1.3212617649385567,180,180,180,180,180,180,180
30.92550539970398,0.34995151791621276,5.081644746411602,0.2617993877991417,0.0,-1.3213895005847196,180,180,180,180,180,180,180
30.93580150604248,0.34995151791621276,5.081644746411602,0.2617993877991417,0.0,-1.3213895005847196,180,180,180,180,180,180,180
30.946032762527466,0.34995151791621276,5.081644746411602,0.2617993877991417,0.0,-1.3213895005847196,180,180,180,180,180,170,180
30.956564903259277,0.34995151791621276,5.081644746411602,0.2617993877991417,0.0,-1.3213895005847196,180,180,180,180,180,170,180
30.96729850769043,0.347753325806174,5.073010052765699,0.2617993877991417,0.0,-1.3215025197203816,180,180,180,180,180,170,180
30.977831602096558,0.347753325806174,5.073010052765699,0.2617993877991417,0.0,-1.3215025197203816,180,180,180,180,180,170,180
30.988097429275513,0.347753325806174,5.073010052765699,0.2617993877991417,0.0,-1.3215025197203816,180,180,180,180,180,170,180
30.999225854873657,0.3456192105761459,5.064623918268156,0.2617993877991417,0.0,-1.3215767625048505,180,180,180,180,180,170,180
31.00946307182312,0.3456192105761459,5.064623918268156,0.2617993877991417,0.0,-1.3215767625048505,180,180,180,180,180,170,180
31.019824981689453,0.3456192105761459,5.064623918268156,0.2617993877991417,0.0,-1.3215767625048505,180,170,180,180,180,170,180
31.035401344299316,0.3434854058142073,5.056239886293685,0.2617993877991417,0.0,-1.3215692116346898,180,170,180,180,180,170,180
31.047302961349487,0.3434854058142073,5.056239886293685,0.2617993877991417,0.0,-1.3215692116346898,180,170,180,180,180,170,180
31.057785987854004,0.34129712810943685,5.047628931923679,0.2617993877991417,0.0,-1.3212776752883904,180,170,180,180,180,170,180
31.068405389785767,0.34129712810943685,5.047628931923679,0.2617993877991417,0.0,-1.3212776752883904,180,170,180,180,180,170,180
31.087226390838623,0.34129712810943685,5.047628931923679,0.2617993877991417,0.0,-1.3212776752883904,180,170,180,180,180,170,180
31.097511053085327,0.3391689512735731,5.039279555392813,0.2617993877991417,0.0,-1.3209026777814517,180,170,180,180,180,170,180
31.10831308364868,0.3391689512735731,5.039279555392813,0.2617993877991417,0.0,-1.3209026777814517,180,170,180,180,180,170,180
31.11867332458496,0.3391689512735731,5.039279555392813,0.2617993877991417,0.0,-1.3209026777814517,180,170,180,180,180,170,180
31.129002332687378,0.33703301379533573,5.0309071220902855,0.2617993877991417,0.0,-1.3206678507652174,180,180,180,180,180,170,180
31.139262437820435,0.33703301379533573,5.0309071220902855,0.2617993877991417,0.0,-1.3206678507652174,180,180,180,180,180,170,180
31.152559518814087,0.33703301379533573,5.0309071220902855,0.2617993877991417,0.0,-1.3206678507652174,180,180,180,180,180,170,180
31.167367935180664,0.3348312962043272,5.022287432640393,0.2617993877991417,0.0,-1.3204987414297442,180,180,180,180,180,170,180
31.17917537689209,0.3348312962043272,5.022287432640393,0.2617993877991417,0.0,-1.3204987414297442,180,180,180,180,180,170,180
31.189430475234985,0.3326977807948652,5.013928762222558,0.2617993877991417,0.0,-1.3204773542334243,180,180,180,180,180,160,180
31.20749044418335,0.3326977807948652,5.013928762222558,0.2617993877991417,0.0,-1.3204773542334243,180,180,180,180,180,160,180
31.217814683914185,0.3326977807948652,5.013928762222558,0.2617993877991417,0.0,-1.3204773542334243,180,180,180,180,180,160,180
31.228254795074463,0.33056707661128537,5.005582729947,0.2617993877991417,0.0,-1.320597360174537,180,180,180,180,180,160,180
31.238707780838013,0.33056707661128537,5.005582729947,0.2617993877991417,0.0,-1.320597360174537,180,180,180,180,180,180,180
31.256954431533813,0.33056707661128537,5.005582729947,0.2617993877991417,0.0,-1.320597360174537,180,180,180,180,180,180,180
31.2673556804657,0.32836925312467563,4.99697739045685,0.2617993877991417,0.0,-1.32073559282871,180,180,180,180,180,180,180
31.277605056762695,0.32836925312467563,4.99697739045685,0.2617993877991417,0.0,-1.32073559282871,180,180,180,180,180,180,180
31.288214206695557,0.32836925312467563,4.99697739045685,0.2617993877991417,0.0,-1.32073559282871,180,180,180,180,180,180,180
31.303807735443115,0.3262352944060488,4.988617011712731,0.2617993877991417,0.0,-1.3208739372276792,180,180,180,180,180,180,180
31.31482481956482,0.3262352944060488,4.988617011712731,0.2617993877991417,0.0,-1.3208739372276792,180,180,180,180,180,180,180
31.325162649154663,0.3240996966738119,4.980245271784574,0.2617993877991417,0.0,-1.3209994607902689,180,180,180,180,180,180,180
31.335726976394653,0.3240996966738119,4.980245271784574,0.2617993877991417,0.0,-1.3209994607902689,180,180,180,180,180,180,180
31.348618268966675,0.3240996966738119,4.980245271784574,0.2617993877991417,0.0,-1.3209994607902689,180,180,180,180,180,180,180
31.359214067459106,0.32189786973018536,4.971610537470088,0.2617993877991417,0.0,-1.321109744934687,180,180,180,180,180,180,180
31.372352123260498,0.32189786973018536,4.971610537470088,0.2617993877991417,0.0,-1.321109744934687,180,180,180,180,180,180,180
31.382720232009888,0.32189786973018536,4.971610537470088,0.2617993877991417,0.0,-1.321109744934687,180,180,180,180,180,180,180
31.39304518699646,0.3197604221417388,4.963225065878129,0.2617993877991417,0.0,-1.3211770518064252,180,180,180,180,180,180,180
31.406561136245728,0.3197604221417388,4.963225065878129,0.2617993877991417,0.0,-1.3211770518064252,180,180,180,180,180,180,180
31.418098211288452,0.3197604221417388,4.963225065878129,0.2617993877991417,0.0,-1.3211770518064252,180,180,180,180,180,180,180
31.428443431854248,0.31762389487938497,4.954842683272988,0.2617993877991417,0.0,-1.3211538954551778,180,180,180,180,180,180,180
31.43986940383911,0.31762389487938497,4.954842683272988,0.2617993877991417,0.0,-1.3211538954551778,180,180,180,180,180,180,180
31.450523376464844,0.31762389487938497,4.954842683272988,0.2617993877991417,0.0,-1.3211538954551778,180,180,180,180,180,180,180
31.46096110343933,0.3154329795023158,4.946238926261955,0.2617993877991417,0.0,-1.320808454030884,180,180,180,180,180,180,180
31.47987198829651,0.3154329795023158,4.946238926261955,0.2617993877991417,0.0,-1.320808454030884,180,180,180,180,180,180,180
31.49171233177185,0.31330043714752115,4.937887255128778,0.2617993877991417,0.0,-1.320450983010316,180,180,180,180,180,180,180
31.502246379852295,0.31330043714752115,4.937887255128778,0.2617993877991417,0.0,-1.320450983010316,180,180,180,180,180,180,180
31.512500047683716,0.31330043714752115,4.937887255128778,0.2617993877991417,0.0,-1.320450983010316,180,180,180,180,180,180,180
31.529839754104614,0.3111606693075182,4.929516677337644,0.2617993877991417,0.0,-1.3202169157118533,180,180,180,180,180,180,180
31.54008984565735,0.3111606693075182,4.929516677337644,0.2617993877991417,0.0,-1.3202169157118533,180,180,180,180,180,180,180
31.550431966781616,0.3111606693075182,4.929516677337644,0.2617993877991417,0.0,-1.3202169157118533,180,180,180,180,180,180,180
31.56066393852234,0.3089559149819478,4.920898236508293,0.2617993877991417,0.0,-1.3200598970398714,180,180,180,180,180,180,180
31.579065799713135,0.3089559149819478,4.920898236508293,0.2617993877991417,0.0,-1.3200598970398714,180,180,180,180,180,180,180
31.589356422424316,0.3068188104318602,4.912542919185921,0.2617993877991417,0.0,-1.3200638634131427,180,180,180,180,180,180,180
31.599594116210938,0.3068188104318602,4.912542919185921,0.2617993877991417,0.0,-1.3200638634131427,180,180,180,180,180,180,180
31.6098153591156,0.3068188104318602,4.912542919185921,0.2617993877991417,0.0,-1.3200638634131427,180,180,180,180,180,180,180
31.62552261352539,0.3046842664406407,4.904196758345261,0.2617993877991417,0.0,-1.320183131107286,180,180,180,180,180,180,180
31.635778188705444,0.3046842664406407,4.904196758345261,0.2617993877991417,0.0,-1.320183131107286,180,180,180,180,180,180,180
31.646081686019897,0.3046842664406407,4.904196758345261,0.2617993877991417,0.0,-1.320183131107286,180,170,180,180,180,180,180
31.65636444091797,0.3046842664406407,4.904196758345261,0.2617993877991417,0.0,-1.320183131107286,180,170,180,180,180,180,180
31.668083429336548,0.30248271243232233,4.895591858084493,0.2617993877991417,0.0,-1.3203247925031636,180,170,180,180,180,180,180
31.678385972976685,0.30248271243232233,4.895591858084493,0.2617993877991417,0.0,-1.3203247925031636,180,170,180,180,180,180,180
31.68954348564148,0.30034503759254116,4.887231242045155,0.2617993877991417,0.0,-1.3204623701391498,180,170,180,180,180,180,180
31.7000093460083,0.30034503759254116,4.887231242045155,0.2617993877991417,0.0,-1.3204623701391498,180,170,180,180,180,180,180
31.715803384780884,0.30034503759254116,4.887231242045155,0.2617993877991417,0.0,-1.3204623701391498,180,170,180,180,180,180,180
31.72614049911499,0.2982056459730383,4.878859076516376,0.2617993877991417,0.0,-1.3205858497395258,180,170,180,180,180,180,180
31.736424922943115,0.2982056459730383,4.878859076516376,0.2617993877991417,0.0,-1.3205858497395258,180,170,180,180,180,180,180
31.747592449188232,0.2982056459730383,4.878859076516376,0.2617993877991417,0.0,-1.3205858497395258,180,170,180,180,180,180,180
31.760403633117676,0.29599997877635953,4.870224397651745,0.2617993877991417,0.0,-1.320693316252697,180,170,180,180,180,180,180
31.773191452026367,0.29599997877635953,4.870224397651745,0.2617993877991417,0.0,-1.320693316252697,180,170,180,180,180,180,180
31.78348398208618,0.29599997877635953,4.870224397651745,0.2617993877991417,0.0,-1.320693316252697,180,170,180,180,180,180,180
31.79379653930664,0.2938589934577219,4.861839775497562,0.2617993877991417,0.0,-1.3207533210842661,180,180,180,180,180,180,180
31.81255841255188,0.2938589934577219,4.861839775497562,0.2617993877991417,0.0,-1.3207533210842661,180,180,180,180,180,180,180
31.822883367538452,0.2938589934577219,4.861839775497562,0.2617993877991417,0.0,-1.3207533210842661,180,180,180,180,180,180,180
31.83348846435547,0.29171985619248864,4.853459382104114,0.2617993877991417,0.0,-1.320712439437125,180,180,180,180,180,180,180
31.84642219543457,0.29171985619248864,4.853459382104114,0.2617993877991417,0.0,-1.320712439437125,180,180,180,180,180,180,180
31.860145092010498,0.28952566165416843,4.844862308139678,0.2617993877991417,0.0,-1.3203199509978105,180,180,180,180,180,180,180
31.87041211128235,0.28952566165416843,4.844862308139678,0.2617993877991417,0.0,-1.3203199509978105,180,180,180,180,180,180,180
31.88082480430603,0.28952566165416843,4.844862308139678,0.2617993877991417,0.0,-1.3203199509978105,180,180,180,180,180,180,180
31.891109466552734,0.2873876966740385,4.836503992229389,0.2617993877991417,0.0,-1.3200099966350858,180,180,180,180,180,180,180
31.904316663742065,0.2873876966740385,4.836503992229389,0.2617993877991417,0.0,-1.3200099966350858,180,180,180,180,180,180,180
31.914679765701294,0.2873876966740385,4.836503992229389,0.2617993877991417,0.0,-1.3200099966350858,180,180,180,180,180,180,180
31.924995183944702,0.2873876966740385,4.836503992229389,0.2617993877991417,0.0,-1.3200099966350858,180,180,180,180,180,180,180
31.935276746749878,0.2873876966740385,4.836503992229389,0.2617993877991417,0.0,-1.3200099966350858,180,180,180,180,180,180,180
31.954877376556396,0.28524420876530204,4.828135710428823,0.2617993877991417,0.0,-1.3197777379779851,180,180,180,180,180,180,180
31.965351581573486,0.28524420876530204,4.828135710428823,0.2617993877991417,0.0,-1.3197777379779851,180,180,180,180,180,180,180
31.97550368309021,0.2830366915538754,4.819518484292518,0.2617993877991417,0.05235987755982833,-1.3196335793848444,180,180,180,180,180,180,180
31.985694646835327,0.2830366915538754,4.819518484292518,0.2617993877991417,0.05235987755982833,-1.3196335793848444,180,180,180,180,180,180,180
31.998669385910034,0.2808963728880578,4.811167019904412,0.2617993877991417,0.05235987755982833,-1.319664975940267,180,180,180,180,180,180,180
32.008896350860596,0.2808963728880578,4.811167019904412,0.2617993877991417,0.06981317007977111,-1.319664975940267,180,180,180,180,180,180,180
32.019103050231934,0.2808963728880578,4.811167019904412,0.2617993877991417,0.06981317007977111,-1.319664975940267,180,180,180,180,180,180,180
32.03417444229126,0.2787642641548656,4.8028219388779,0.2617993877991417,0.08726646259971389,-1.321317501063008,180,180,170,180,180,180,180
32.04441213607788,0.2787642641548656,4.8028219388779,0.2617993877991417,0.08726646259971389,-1.321317501063008,180,180,170,180,180,180,180
32.05460238456726,0.2787642641548656,4.8028219388779,0.2617993877991417,0.08726646259971389,-1.321317501063008,180,180,170,180,180,180,180
32.06480431556702,0.27658609240657367,4.7942282338874795,0.2617993877991417,0.10471975511965666,-1.3238187558242336,180,180,180,180,180,180,180
32.08439087867737,0.27658609240657367,4.7942282338874795,0.2617993877991417,0.10471975511965666,-1.3238187558242336,180,180,180,180,180,180,180
32.094648361206055,0.2744944401338253,4.785877862045504,0.2617993877991417,0.12217304763959944,-1.3268332517906796,180,180,180,180,180,180,180
32.10485911369324,0.2744944401338253,4.785877862045504,0.2617993877991417,0.12217304763959944,-1.3268332517906796,180,170,180,180,180,180,180
32.11512112617493,0.2744944401338253,4.785877862045504,0.2617993877991417,0.12217304763959944,-1.3268332517906796,180,170,180,180,180,180,180
32.127066135406494,0.2744944401338253,4.785877862045504,0.2617993877991417,0.12217304763959944,-1.3268332517906796,180,170,180,180,180,180,180
32.13744020462036,0.2724285613638693,4.7775143759282575,0.2617993877991417,0.12217304763959944,-1.3304076353539376,180,170,180,180,180,180,180
32.147645235061646,0.2724285613638693,4.7775143759282575,0.2617993877991417,0.12217304763959944,-1.3304076353539376,180,170,180,180,180,180,180
32.157957553863525,0.27033236634719676,4.768885342044733,0.2617993877991417,0.12217304763959944,-1.3346512462466384,180,170,180,180,180,180,180
32.16819715499878,0.27033236634719676,4.768885342044733,0.2617993877991417,0.13962634015954223,-1.3346512462466384,180,170,180,180,180,180,180
32.1783926486969,0.27033236634719676,4.768885342044733,0.2617993877991417,0.13962634015954223,-1.3346512462466384,180,170,180,180,180,180,180
32.188589334487915,0.2683312172900643,4.76049995873688,0.2617993877991417,0.13962634015954223,-1.3387219604873848,180,170,180,180,180,180,180
32.19880819320679,0.2683312172900643,4.76049995873688,0.2617993877991417,0.13962634015954223,-1.3387219604873848,180,170,180,180,180,180,180
32.209041357040405,0.2683312172900643,4.76049995873688,0.2617993877991417,0.13962634015954223,-1.3387219604873848,180,170,180,180,180,180,180
32.22837257385254,0.2683312172900643,4.76049995873688,0.2617993877991417,0.13962634015954223,-1.3387219604873848,180,170,180,180,180,180,180
32.23872780799866,0.26637797546765307,4.752137560150122,0.2617993877991417,0.13962634015954223,-1.343030896998003,180,170,180,180,180,180,180
32.248931884765625,0.26637797546765307,4.752137560150122,0.2617993877991417,0.13962634015954223,-1.343030896998003,180,170,170,180,180,180,180
32.25914263725281,0.2644073594682316,4.743549695585027,0.2617993877991417,0.12217304763959944,-1.3471485494559081,180,170,170,180,180,180,180
32.27234673500061,0.2644073594682316,4.743549695585027,0.2617993877991417,0.12217304763959944,-1.3471485494559081,180,170,170,180,180,180,180
32.282578229904175,0.2644073594682316,4.743549695585027,0.2617993877991417,0.10471975511965666,-1.3471485494559081,180,170,170,180,180,180,180
32.29277229309082,0.26251831039791257,4.735157926418402,0.2617993877991417,0.06981317007977111,-1.3514592659979958,180,170,170,180,180,180,180
32.302984952926636,0.26251831039791257,4.735157926418402,0.2617993877991417,0.05235987755982833,-1.3514592659979958,180,170,170,180,180,180,180
32.31316590309143,0.26251831039791257,4.735157926418402,0.2617993877991417,0.05235987755982833,-1.3514592659979958,180,170,170,180,180,180,180
32.325968503952026,0.26065331695681626,4.726741585765511,0.2617993877991417,0.05235987755982833,-1.3537392714110013,180,170,170,180,180,180,180
32.33624219894409,0.26065331695681626,4.726741585765511,0.2617993877991417,0.0,-1.3537392714110013,180,170,170,180,180,180,180
32.346439361572266,0.26065331695681626,4.726741585765511,0.2617993877991417,0.0,-1.3537392714110013,180,170,170,180,180,180,180
32.356653451919556,0.26065331695681626,4.726741585765511,0.2617993877991417,0.0,-1.3537392714110013,180,170,170,180,180,180,180
32.36690902709961,0.2587431913477196,4.718057717391646,0.2617993877991417,0.0,-1.353838952817242,180,170,170,180,180,180,180
32.378145933151245,0.2587431913477196,4.718057717391646,0.2617993877991417,0.0,-1.353838952817242,180,170,170,180,180,180,180
32.38836669921875,0.2587431913477196,4.718057717391646,0.2617993877991417,0.0,-1.353838952817242,180,170,170,180,180,180,180
32.39871954917908,0.25688691197480706,4.709621091262459,0.2617993877991417,0.0,-1.3537973012687774,180,170,170,180,180,180,180
32.408979177474976,0.25688691197480706,4.709621091262459,0.2617993877991417,0.0,-1.3537973012687774,180,170,170,180,180,180,180
32.42863416671753,0.25688691197480706,4.709621091262459,0.2617993877991417,0.0,-1.3537973012687774,180,170,170,180,180,180,180
32.43898129463196,0.25503183692074066,4.701199510929002,0.2617993877991417,0.0,-1.353910447130482,180,170,170,180,180,180,180
32.449233293533325,0.25503183692074066,4.701199510929002,0.2617993877991417,0.0,-1.353910447130482,180,180,180,180,180,180,180
32.45979118347168,0.2531206824605834,4.692520976922944,0.2617993877991417,0.0,-1.3540739510847835,180,180,180,180,180,180,180
32.47011470794678,0.2531206824605834,4.692520976922944,0.2617993877991417,0.0,-1.3540739510847835,180,180,180,180,180,180,180
32.48038387298584,0.2531206824605834,4.692520976922944,0.2617993877991417,0.0,-1.3540739510847835,180,180,180,180,180,180,180
32.490572690963745,0.25126578300132524,4.684090877952392,0.2617993877991417,0.0,-1.3542448345125404,180,180,180,180,180,180,180
32.50077962875366,0.25126578300132524,4.684090877952392,0.2617993877991417,0.0,-1.3542448345125404,180,180,180,180,180,180,180
32.51156234741211,0.25126578300132524,4.684090877952392,0.2617993877991417,0.0,-1.3542448345125404,180,180,180,180,180,180,180
32.528902769088745,0.25126578300132524,4.684090877952392,0.2617993877991417,0.0,-1.3542448345125404,180,180,180,180,180,180,180
32.539230823516846,0.24941005471437813,4.675650108851392,0.2617993877991417,0.0,-1.354397688820846,180,180,180,180,180,180,180
32.549471378326416,0.24941005471437813,4.675650108851392,0.2617993877991417,0.0,-1.354397688820846,180,180,180,180,180,180,180
32.56003451347351,0.2474980961841558,4.666947972787874,0.2617993877991417,0.0,-1.3545115841738067,180,180,180,180,180,180,180
32.575652837753296,0.2474980961841558,4.666947972787874,0.2617993877991417,0.0,-1.3545115841738067,180,180,180,180,180,180,180
32.5858473777771,0.2474980961841558,4.666947972787874,0.2617993877991417,0.0,-1.3545115841738067,180,180,180,180,180,180,180
32.596078872680664,0.24564297009710004,4.658504311917457,0.2617993877991417,0.0,-1.3545353298226825,180,180,180,180,180,180,180
32.60632538795471,0.24564297009710004,4.658504311917457,0.2617993877991417,0.0,-1.3545353298226825,180,180,180,180,180,180,180
32.6228723526001,0.24564297009710004,4.658504311917457,0.2617993877991417,0.0,-1.3545353298226825,180,180,180,180,180,180,180
32.633201360702515,0.24379817828240838,4.650089035435239,0.2617993877991417,0.0,-1.3542760336276167,180,180,180,180,180,180,180
32.64342951774597,0.24379817828240838,4.650089035435239,0.2617993877991417,0.0,-1.3542760336276167,180,180,180,180,180,180,180
32.65394687652588,0.24379817828240838,4.650089035435239,0.2617993877991417,0.0,-1.3542760336276167,180,180,180,180,180,180,180
32.664193868637085,0.24189275181121783,4.6414246647564745,0.2617993877991417,0.0,-1.3539202791269842,180,180,180,180,180,180,180
32.675938844680786,0.24189275181121783,4.6414246647564745,0.2617993877991417,0.0,-1.3539202791269842,180,180,180,180,180,180,180
32.686136960983276,0.24189275181121783,4.6414246647564745,0.2617993877991417,0.05235987755982833,-1.3539202791269842,180,180,180,180,180,180,180
32.69637942314148,0.2400350508501726,4.632989167460921,0.2617993877991417,0.05235987755982833,-1.3536944592477855,180,180,180,180,180,180,180
32.70668840408325,0.2400350508501726,4.632989167460921,0.2617993877991417,0.06981317007977111,-1.3536944592477855,180,170,170,180,180,180,180
32.725467681884766,0.2400350508501726,4.632989167460921,0.2617993877991417,0.06981317007977111,-1.3536944592477855,180,170,170,180,180,180,180
32.735706090927124,0.23817878116367355,4.6245575343672245,0.2617993877991417,0.20943951023931331,-1.354970482720239,180,170,170,180,180,180,180
32.74593114852905,0.23817878116367355,4.6245575343672245,0.2617993877991417,0.20943951023931331,-1.354970482720239,180,170,170,180,180,180,180
32.75622034072876,0.23817878116367355,4.6245575343672245,0.2617993877991417,0.2268928027592561,-1.354970482720239,180,170,170,180,180,180,180
32.76653003692627,0.2362855811750684,4.615865331963495,0.2617993877991417,0.24434609527919887,-1.3580757886200463,180,170,170,180,180,180,180
32.77676796913147,0.2362855811750684,4.615865331963495,0.2617993877991417,0.2617993877991417,-1.3580757886200463,180,170,170,180,180,180,180
32.78696584701538,0.2362855811750684,4.615865331963495,0.2617993877991417,0.2617993877991417,-1.3580757886200463,180,170,170,180,180,180,180
32.79717183113098,0.23451102607187851,4.607577696697033,0.2617993877991417,0.27925268031908446,-1.3593900059896258,180,170,160,180,180,180,180
32.80768704414368,0.23451102607187851,4.607577696697033,0.2617993877991417,0.27925268031908446,-1.3593900059896258,180,170,160,180,180,180,180
32.81787848472595,0.23451102607187851,4.607577696697033,0.2617993877991417,0.27925268031908446,-1.3593900059896258,180,170,160,180,180,180,180
32.82806921005249,0.2327192515305914,4.599158264072679,0.2617993877991417,0.2967059728390272,-1.3637720189995939,180,170,160,180,180,180,180
32.83827781677246,0.2327192515305914,4.599158264072679,0.2617993877991417,0.2967059728390272,-1.3637720189995939,180,170,160,180,180,180,180
32.8484582901001,0.2327192515305914,4.599158264072679,0.2617993877991417,0.2967059728390272,-1.3637720189995939,180,170,160,180,180,180,180
32.85874795913696,0.2327192515305914,4.599158264072679,0.2617993877991417,0.2967059728390272,-1.3637720189995939,180,180,170,180,180,180,180
32.87430024147034,0.23093350332281137,4.590467635899123,0.2617993877991417,0.2617993877991417,-1.3729281182869821,180,180,170,180,180,180,180
32.88449788093567,0.23093350332281137,4.590467635899123,0.2617993877991417,0.2617993877991417,-1.3729281182869821,180,180,170,180,180,180,180
32.894689321517944,0.22929472947653795,4.582081839066414,0.2617993877991417,0.157079632679485,-1.3829065012277988,180,180,150,180,180,180,180
32.9048867225647,0.22929472947653795,4.582081839066414,0.2617993877991417,0.157079632679485,-1.3829065012277988,180,180,150,180,180,180,180
32.915058851242065,0.22929472947653795,4.582081839066414,0.2617993877991417,0.05235987755982833,-1.3829065012277988,180,180,150,180,180,180,180
32.92915463447571,0.22929472947653795,4.582081839066414,0.2617993877991417,0.05235987755982833,-1.3829065012277988,180,180,150,180,180,180,180
32.93937373161316,0.2277244379897623,4.573644634351848,0.2617993877991417,0.0,-1.3890293717644104,180,180,150,180,180,180,180
32.94956922531128,0.2277244379897623,4.573644634351848,0.2617993877991417,0.0,-1.3890293717644104,180,180,160,180,180,180,180
32.95975470542908,0.22612569369408594,4.564894902989044,0.2617993877991417,0.0,-1.3909866273625158,180,180,160,180,180,180,180
32.97341537475586,0.22612569369408594,4.564894902989044,0.2617993877991417,0.0,-1.3909866273625158,180,180,160,180,180,180,180
32.98366856575012,0.22612569369408594,4.564894902989044,0.2617993877991417,0.0,-1.3909866273625158,180,180,160,180,180,180,180
32.99385070800781,0.22458288778764576,4.556359439079769,0.2617993877991417,0.0,-1.3914015469659196,180,180,160,180,180,180,180
33.004063844680786,0.22458288778764576,4.556359439079769,0.2617993877991417,0.0,-1.3914015469659196,180,180,160,180,180,180,180
33.01430320739746,0.22458288778764576,4.556359439079769,0.2617993877991417,0.0,-1.3914015469659196,180,180,160,180,180,180,180
33.02449321746826,0.223042496289472,4.547863937557025,0.2617993877991417,0.0,-1.3913150231301772,180,180,160,180,180,180,180
33.034740924835205,0.223042496289472,4.547863937557025,0.2617993877991417,0.0,-1.3913150231301772,180,180,160,180,180,180,180
33.044941425323486,0.223042496289472,4.547863937557025,0.2617993877991417,0.0,-1.3913150231301772,180,180,170,180,180,180,180
33.05516719818115,0.223042496289472,4.547863937557025,0.2617993877991417,0.0,-1.3913150231301772,180,180,170,180,180,180,180
33.06538271903992,0.22145550320529306,4.539114619038293,0.2617993877991417,0.0,-1.391135079284335,180,180,170,180,180,180,180
33.07558059692383,0.22145550320529306,4.539114619038293,0.2617993877991417,0.0,-1.391135079284335,180,180,170,180,180,180,180
33.08573651313782,0.22145550320529306,4.539114619038293,0.2617993877991417,0.0,-1.391135079284335,180,180,170,180,180,180,180
33.095951795578,0.21991100150016415,4.530614426720992,0.2617993877991417,0.0,-1.3909377234053686,180,180,170,180,180,180,180
33.1063117980957,0.21991100150016415,4.530614426720992,0.2617993877991417,0.0,-1.3909377234053686,180,180,180,180,180,180,180
33.121954679489136,0.21991100150016415,4.530614426720992,0.2617993877991417,0.0,-1.3909377234053686,180,180,180,180,180,180,180
33.132251501083374,0.21836298249316902,4.522105093357464,0.2617993877991417,0.0,-1.3907531826568666,180,180,180,180,180,180,180
33.14258646965027,0.21836298249316902,4.522105093357464,0.2617993877991417,0.0,-1.3907531826568666,180,180,180,180,180,180,180
33.15286564826965,0.21836298249316902,4.522105093357464,0.2617993877991417,0.0,-1.3907531826568666,180,180,180,180,180,180,180
33.16307592391968,0.21676595116426503,4.513335754885266,0.2617993877991417,0.0,-1.390610309071981,180,180,180,180,180,180,180
33.1741259098053,0.21676595116426503,4.513335754885266,0.2617993877991417,0.0,-1.390610309071981,180,180,180,180,180,180,180
33.184337854385376,0.21676595116426503,4.513335754885266,0.2617993877991417,0.0,-1.390610309071981,180,180,180,180,180,180,180
33.19452428817749,0.21521894481720802,4.504829799993873,0.2617993877991417,0.0,-1.390570854604226,180,180,180,180,180,180,180
33.20474100112915,0.21521894481720802,4.504829799993873,0.2617993877991417,0.0,-1.390570854604226,180,180,180,180,180,180,180
33.22260904312134,0.21521894481720802,4.504829799993873,0.2617993877991417,0.0,-1.390570854604226,180,180,180,180,180,180,180
33.23292350769043,0.21367424855262382,4.49634072309567,0.2617993877991417,0.0,-1.3907041104169175,180,180,180,180,180,180,180
33.24316215515137,0.21367424855262382,4.49634072309567,0.2617993877991417,0.0,-1.3907041104169175,180,180,180,180,180,180,180
33.25365138053894,0.21367424855262382,4.49634072309567,0.2617993877991417,0.0,-1.3907041104169175,180,180,180,180,180,180,180
33.26388072967529,0.21208376140876864,4.48759466597604,0.2617993877991417,0.0,-1.3908987548931933,180,180,180,180,180,180,180
33.283825635910034,0.21208376140876864,4.48759466597604,0.2617993877991417,0.0,-1.3908987548931933,180,180,180,180,180,180,180
33.294023513793945,0.21054030182488948,4.47910140410955,0.2617993877991417,0.0,-1.3911073541813146,180,180,180,180,180,180,180
33.304243326187134,0.21054030182488948,4.47910140410955,0.2617993877991417,0.0,-1.3911073541813146,180,180,180,180,180,180,180
33.314486503601074,0.21054030182488948,4.47910140410955,0.2617993877991417,0.0,-1.3911073541813146,180,180,180,180,180,180,180
33.32468867301941,0.2089973580751871,4.470599966289649,0.2617993877991417,0.05235987755982833,-1.391281004329842,180,180,180,180,180,180,180
33.33488321304321,0.2089973580751871,4.470599966289649,0.2617993877991417,0.05235987755982833,-1.391281004329842,180,180,180,180,180,180,180
33.34506440162659,0.2089973580751871,4.470599966289649,0.2617993877991417,0.08726646259971389,-1.391281004329842,180,180,170,180,180,180,180
33.35529899597168,0.2089973580751871,4.470599966289649,0.2617993877991417,0.12217304763959944,-1.391281004329842,180,180,170,180,180,180,180
33.37374949455261,0.2074176802063791,4.461858479427844,0.2617993877991417,0.12217304763959944,-1.3929941789529763,180,180,170,180,180,180,180
33.384005546569824,0.2074176802063791,4.461858479427844,0.2617993877991417,0.24434609527919887,-1.3929941789529763,180,180,170,180,180,180,180
33.39419889450073,0.20593016525475677,4.453482368215514,0.2617993877991417,0.24434609527919887,-1.3959918392527035,180,180,170,180,180,180,180
33.404762268066406,0.20593016525475677,4.453482368215514,0.2617993877991417,0.33161255787891275,-1.3959918392527035,180,180,170,180,180,180,180
33.41495108604431,0.20593016525475677,4.453482368215514,0.2617993877991417,0.43633231299856945,-1.3959918392527035,180,180,170,180,180,180,180
33.425153732299805,0.20449334617771558,4.445220312849983,0.2617993877991417,0.43633231299856945,-1.4006299137116378,180,180,170,180,180,180,180
33.43533802032471,0.20449334617771558,4.445220312849983,0.2617993877991417,0.43633231299856945,-1.4006299137116378,180,180,170,180,180,180,180
33.4455463886261,0.20449334617771558,4.445220312849983,0.2617993877991417,0.43633231299856945,-1.4006299137116378,180,180,170,180,180,180,180
33.45639109611511,0.20449334617771558,4.445220312849983,0.2617993877991417,0.43633231299856945,-1.4006299137116378,180,180,170,180,180,180,180
33.47301650047302,0.2030816107411406,4.436792138236866,0.2617993877991417,0.33161255787891275,-1.4102649968370629,180,180,170,180,180,180,180
33.48322415351868,0.2030816107411406,4.436792138236866,0.2617993877991417,-0.10471975511965666,-1.4102649968370629,180,180,170,180,180,180,180
33.49342370033264,0.20178603395536165,4.4284523741387325,0.2617993877991417,0.0,-1.4238951819677022,180,180,170,180,180,180,180
33.503716707229614,0.20178603395536165,4.4284523741387325,0.2617993877991417,0.0,-1.4238951819677022,180,180,170,180,180,180,180
33.51393485069275,0.20178603395536165,4.4284523741387325,0.2617993877991417,0.0,-1.4238951819677022,180,180,170,180,180,180,180
33.52420425415039,0.2005848615555645,4.420019020415282,0.2617993877991417,0.0,-1.4329960996543614,180,180,170,180,180,180,180
33.53439497947693,0.2005848615555645,4.420019020415282,0.2617993877991417,0.0,-1.4329960996543614,180,180,170,180,180,180,180
33.54457974433899,0.2005848615555645,4.420019020415282,0.2617993877991417,0.0,-1.4329960996543614,180,180,180,180,180,180,180
33.55478644371033,0.2005848615555645,4.420019020415282,0.2617993877991417,0.0,-1.4329960996543614,180,180,180,180,180,180,180
33.56497406959534,0.19938557425072054,4.41126057935968,0.2617993877991417,0.0,-1.4349672371393383,180,180,180,180,180,180,180
33.57517647743225,0.19938557425072054,4.41126057935968,0.2617993877991417,0.0,-1.4349672371393383,180,180,180,180,180,180,180
33.58537220954895,0.19938557425072054,4.41126057935968,0.2617993877991417,0.0,-1.4349672371393383,180,180,180,180,180,180,180
33.59555673599243,0.19821365994958232,4.402681917007009,0.2617993877991417,0.0,-1.4349119464728926,180,180,170,150,160,180,180
33.60574197769165,0.19821365994958232,4.402681917007009,0.2617993877991417,0.0,-1.4349119464728926,180,180,170,150,160,180,180
33.623751640319824,0.19821365994958232,4.402681917007009,0.2617993877991417,0.0,-1.4349119464728926,180,180,170,150,160,180,180
33.634045124053955,0.19704700278777668,4.394112196413857,0.2617993877991417,0.0,-1.4349653793824801,180,180,170,150,160,180,180
33.644230127334595,0.19704700278777668,4.394112196413857,0.2617993877991417,0.0,-1.4349653793824801,180,180,180,160,180,180,180
33.65462517738342,0.19704700278777668,4.394112196413857,0.2617993877991417,0.0,-1.4349653793824801,180,180,180,160,180,180,180
33.664814472198486,0.19584516808556662,4.38530233361254,0.2617993877991417,0.0,-1.4352005199060223,180,180,180,160,180,180,180
33.67504096031189,0.19584516808556662,4.38530233361254,0.2617993877991417,0.0,-1.4352005199060223,180,180,180,160,180,180,180
33.68523025512695,0.19584516808556662,4.38530233361254,0.2617993877991417,0.0,-1.4352005199060223,180,180,180,160,180,180,180
33.69540238380432,0.19467948493231615,4.376747821678414,0.2617993877991417,0.0,-1.4354254106885562,180,180,180,180,180,180,180
33.70559096336365,0.19467948493231615,4.376747821678414,0.2617993877991417,0.0,-1.4354254106885562,180,180,180,180,180,180,180
33.71580457687378,0.19467948493231615,4.376747821678414,0.2617993877991417,0.0,-1.4354254106885562,180,180,180,180,180,180,180
33.72865676879883,0.19467948493231615,4.376747821678414,0.2617993877991417,0.0,-1.4354254106885562,180,180,180,180,180,180,180
33.73895525932312,0.19351524206553278,4.368195228650493,0.2617993877991417,0.0,-1.4355897657478875,180,180,180,180,180,180,180
33.74915623664856,0.19351524206553278,4.368195228650493,0.2617993877991417,0.0,-1.4355897657478875,190,180,180,180,180,180,180
33.75937867164612,0.19232463909602632,4.3594033545838595,0.2617993877991417,0.0,-1.435509436332245,190,180,180,180,180,180,180
33.770538091659546,0.19232463909602632,4.3594033545838595,0.2617993877991417,0.0,-1.435509436332245,190,180,180,180,180,180,180
33.78078866004944,0.19232463909602632,4.3594033545838595,0.2617993877991417,0.0,-1.435509436332245,190,180,180,180,180,180,180
33.79101014137268,0.1911676730550316,4.350903854512897,0.2617993877991417,0.0,-1.43514093448726,190,180,180,180,170,170,180
33.801201820373535,0.1911676730550316,4.350903854512897,0.2617993877991417,0.0,-1.43514093448726,190,180,180,180,170,170,180
33.811415672302246,0.1911676730550316,4.350903854512897,0.2617993877991417,0.0,-1.43514093448726,190,180,180,180,170,170,180
33.82501769065857,0.1911676730550316,4.350903854512897,0.2617993877991417,0.0,-1.43514093448726,190,180,180,180,170,170,180
33.83534359931946,0.19000335154314232,4.3423596414937045,0.2617993877991417,0.0,-1.4350221558664646,190,180,180,180,170,170,180
33.845550775527954,0.19000335154314232,4.3423596414937045,0.2617993877991417,0.0,-1.4350221558664646,180,180,180,180,170,170,180
33.85580062866211,0.19000335154314232,4.3423596414937045,0.2617993877991417,0.0,-1.4350221558664646,180,180,180,180,170,170,180
33.87232327461243,0.18880058224603502,4.3335517426962085,0.2617993877991417,0.0,-1.4348629994927011,180,180,180,180,170,170,180
33.8825261592865,0.18880058224603502,4.3335517426962085,0.2617993877991417,0.0,-1.4348629994927011,180,180,180,180,170,170,180
33.89278483390808,0.18763014835922706,4.324991505950957,0.2617993877991417,0.0,-1.4347192030033733,180,180,180,180,170,170,180
33.90303134918213,0.18763014835922706,4.324991505950957,0.2617993877991417,0.0,-1.4347192030033733,180,130,180,180,160,170,180
33.9132719039917,0.18763014835922706,4.324991505950957,0.2617993877991417,0.0,-1.4347192030033733,180,130,180,180,160,170,180
33.923534631729126,0.18645681327059455,4.316421010927841,0.2617993877991417,0.0,-1.4345887632526564,180,130,180,180,160,170,180
33.93372583389282,0.18645681327059455,4.316421010927841,0.2617993877991417,0.0,-1.4345887632526564,180,130,180,180,160,170,180
33.94390845298767,0.18645681327059455,4.316421010927841,0.2617993877991417,0.0,-1.4345887632526564,130,180,130,170,150,170,180
33.95418095588684,0.18645681327059455,4.316421010927841,0.2617993877991417,0.0,-1.4345887632526564,130,180,130,170,150,170,180
33.964471101760864,0.18524559387585954,4.307584299015522,0.2617993877991417,0.0,-1.434474238519411,130,180,130,170,150,170,180
33.974703550338745,0.18524559387585954,4.307584299015522,0.2617993877991417,0.0,-1.434474238519411,130,180,130,170,150,170,180
33.98490500450134,0.18524559387585954,4.307584299015522,0.2617993877991417,0.0,-1.434474238519411,130,180,130,170,150,170,180
33.995166301727295,0.1840693182322074,4.299009319336303,0.2617993877991417,0.0,-1.4344361278266888,130,180,130,170,150,170,180
34.005425691604614,0.1840693182322074,4.299009319336303,0.2617993877991417,0.0,-1.4344361278266888,130,130,130,180,150,170,170
34.02445387840271,0.1840693182322074,4.299009319336303,0.2617993877991417,0.0,-1.4344361278266888,130,130,130,180,150,170,170
34.034647941589355,0.1828978489287157,4.290441602471367,0.2617993877991417,0.0,-1.434505316576722,130,130,130,180,150,170,170
34.04483366012573,0.1828978489287157,4.290441602471367,0.2617993877991417,0.0,-1.434505316576722,130,130,130,180,140,170,180
34.05527400970459,0.1828978489287157,4.290441602471367,0.2617993877991417,0.0,-1.434505316576722,130,130,130,180,140,170,180
34.071855545043945,0.18169247052129303,4.281632155348402,0.2617993877991417,0.0,-1.4347444355156505,130,130,130,180,140,170,180
34.082077741622925,0.18169247052129303,4.281632155348402,0.2617993877991417,0.0,-1.4347444355156505,130,130,130,180,140,170,180
34.09227752685547,0.18052284472019317,4.273078787325437,0.2617993877991417,0.0,-1.4349713683352592,130,130,130,180,140,170,180
34.10246396064758,0.18052284472019317,4.273078787325437,0.2617993877991417,0.0,-1.4349713683352592,130,130,130,180,140,170,180
34.11264991760254,0.18052284472019317,4.273078787325437,0.2617993877991417,0.0,-1.4349713683352592,130,130,130,180,140,170,180
34.126683712005615,0.1793548944398897,4.264527317601864,0.2617993877991417,0.0,-1.4351206594723158,130,130,130,180,140,170,180
34.13688564300537,0.1793548944398897,4.264527317601864,0.2617993877991417,0.0,-1.4351206594723158,130,130,130,180,140,170,180
34.14708638191223,0.1793548944398897,4.264527317601864,0.2617993877991417,0.0,-1.4351206594723158,180,120,130,180,140,170,170
34.15727758407593,0.1793548944398897,4.264527317601864,0.2617993877991417,0.0,-1.4351206594723158,180,120,130,180,140,170,170
34.173853158950806,0.17816073352140252,4.255742186434998,0.2617993877991417,0.0,-1.4349850294826847,180,120,130,180,140,170,170
34.18404579162598,0.17816073352140252,4.255742186434998,0.2617993877991417,0.0,-1.4349850294826847,180,120,130,180,140,170,170
34.19425010681152,0.17699926877002187,4.247241118624315,0.2617993877991417,0.0,-1.4346262644555454,130,180,130,180,180,170,180
34.204586029052734,0.17699926877002187,4.247241118624315,0.2617993877991417,0.0,-1.4346262644555454,130,180,130,180,180,170,180
34.21482563018799,0.17699926877002187,4.247241118624315,0.2617993877991417,0.0,-1.4346262644555454,130,180,130,180,180,170,180
34.225205421447754,0.1758302674815507,4.238696869733874,0.2617993877991417,0.0,-1.4345036848791333,130,180,130,180,180,170,180
34.235408544540405,0.1758302674815507,4.238696869733874,0.2617993877991417,0.0,-1.4345036848791333,130,180,130,180,180,170,180
34.24559998512268,0.1758302674815507,4.238696869733874,0.2617993877991417,0.0,-1.4345036848791333,180,130,130,180,170,170,180
34.2558114528656,0.1758302674815507,4.238696869733874,0.2617993877991417,0.0,-1.4345036848791333,180,130,130,180,170,170,180
34.26609396934509,0.17462272861733744,4.229888332970236,0.2617993877991417,0.0,-1.4343441636801675,180,130,130,180,170,170,180
34.276413679122925,0.17462272861733744,4.229888332970236,0.2617993877991417,0.0,-1.4343441636801675,180,130,130,180,170,170,180
34.28665637969971,0.17462272861733744,4.229888332970236,0.2617993877991417,0.0,-1.4343441636801675,180,130,130,180,170,170,180
34.29693341255188,0.1734477128885154,4.221327473336924,0.2617993877991417,0.0,-1.4342020941854563,130,180,130,180,160,170,180
34.30714511871338,0.1734477128885154,4.221327473336924,0.2617993877991417,0.0,-1.4342020941854563,130,180,130,180,160,170,180
34.3254554271698,0.17226974322945227,4.212756569497937,0.2617993877991417,0.0,-1.4340723026261064,130,180,130,180,160,170,180
34.33566641807556,0.17226974322945227,4.212756569497937,0.2617993877991417,0.0,-1.4340723026261064,130,180,130,180,160,170,180
34.34584927558899,0.17226974322945227,4.212756569497937,0.2617993877991417,0.0,-1.4340723026261064,180,130,130,180,180,160,180
34.356114864349365,0.17226974322945227,4.212756569497937,0.2617993877991417,0.0,-1.4340723026261064,180,130,130,180,180,160,180
34.37352204322815,0.17105399209052186,4.203920259855341,0.2617993877991417,0.0,-1.4339635286945775,180,130,130,180,180,160,180
34.38372755050659,0.17105399209052186,4.203920259855341,0.2617993877991417,0.0,-1.4339635286945775,180,130,130,180,180,160,180
34.39395833015442,0.16987387128083287,4.195346427369861,0.2617993877991417,0.0,-1.4339362852809168,130,130,130,180,180,180,180
34.40414595603943,0.16987387128083287,4.195346427369861,0.2617993877991417,0.0,-1.4339362852809168,130,130,130,180,180,180,180
34.414337158203125,0.16987387128083287,4.195346427369861,0.2617993877991417,0.0,-1.4339362852809168,130,130,130,180,180,180,180
34.42578601837158,0.16869785190938408,4.1867816092863155,0.2617993877991417,0.0,-1.4340264971789247,130,130,130,180,180,180,180
34.43600106239319,0.16869785190938408,4.1867816092863155,0.2617993877991417,0.0,-1.4340264971789247,130,130,130,180,180,180,180
34.44618797302246,0.16869785190938408,4.1867816092863155,0.2617993877991417,0.0,-1.4340264971789247,180,180,180,180,180,180,180
34.456374406814575,0.16869785190938408,4.1867816092863155,0.2617993877991417,0.0,-1.4340264971789247,180,180,180,180,180,180,180
34.46656942367554,0.16748861815572563,4.177972402758288,0.2617993877991417,0.0,-1.4342678628522003,180,180,180,180,180,180,180
34.47866940498352,0.16748861815572563,4.177972402758288,0.2617993877991417,0.0,-1.4342678628522003,180,180,180,180,180,180,180
34.48886179924011,0.16748861815572563,4.177972402758288,0.2617993877991417,0.0,-1.4342678628522003,180,180,180,180,180,180,180
34.49923133850098,0.16631489383081888,4.169420008995285,0.2617993877991417,0.0,-1.4344946747331557,180,120,180,180,180,180,180
34.509429931640625,0.16631489383081888,4.169420008995285,0.2617993877991417,0.0,-1.4344946747331557,180,120,180,180,180,180,180
34.523805379867554,0.16514333600777076,4.160869988471216,0.2617993877991417,0.0,-1.4346265755940684,180,120,180,180,180,180,180
34.53402590751648,0.16514333600777076,4.160869988471216,0.2617993877991417,0.0,-1.4346265755940684,180,120,180,180,180,180,180
34.54420304298401,0.16514333600777076,4.160869988471216,0.2617993877991417,0.0,-1.4346265755940684,180,120,180,180,180,180,180
34.55462694168091,0.16514333600777076,4.160869988471216,0.2617993877991417,0.0,-1.4346265755940684,180,120,180,180,180,180,180
34.57361698150635,0.16394511840460432,4.152092294305059,0.2617993877991417,0.0,-1.434432294353539,180,120,180,180,180,180,180
34.583860635757446,0.16394511840460432,4.152092294305059,0.2617993877991417,0.0,-1.434432294353539,180,120,180,180,180,180,180
34.594054222106934,0.16277823350385984,4.143585866791996,0.2617993877991417,0.0,-1.4341098561272048,180,120,180,180,180,170,170
34.60456466674805,0.16277823350385984,4.143585866791996,0.2617993877991417,0.0,-1.4341098561272048,180,120,180,180,180,170,170
34.62457585334778,0.16277823350385984,4.143585866791996,0.2617993877991417,0.0,-1.4341098561272048,180,120,180,180,180,170,170
34.634820222854614,0.1616047728634989,4.13504206781332,0.2617993877991417,0.0,-1.4339791812202247,180,120,180,180,180,170,170
34.645002126693726,0.1616047728634989,4.13504206781332,0.2617993877991417,0.0,-1.4339791812202247,180,120,180,180,180,170,170
34.655200481414795,0.1616047728634989,4.13504206781332,0.2617993877991417,0.0,-1.4339791812202247,180,120,140,180,170,170,160
34.66540026664734,0.16039238269991374,4.126232779470932,0.2617993877991417,0.0,-1.4338199586709095,180,120,140,180,170,170,160
34.67669105529785,0.16039238269991374,4.126232779470932,0.2617993877991417,0.0,-1.4338199586709095,180,120,140,180,170,170,160
34.68685483932495,0.16039238269991374,4.126232779470932,0.2617993877991417,0.0,-1.4338199586709095,180,120,140,180,170,170,160
34.69703269004822,0.15921270166181056,4.117671191867587,0.2617993877991417,0.0,-1.4336801509251889,120,110,130,180,180,160,160
34.70723080635071,0.15921270166181056,4.117671191867587,0.2617993877991417,0.0,-1.4336801509251889,120,110,130,180,180,160,160
34.725576877593994,0.15803003029159218,4.10909987686798,0.2617993877991417,0.0,-1.4335509497853494,120,110,130,180,180,160,160
34.73579478263855,0.15803003029159218,4.10909987686798,0.2617993877991417,0.0,-1.4335509497853494,120,110,130,180,180,160,160
34.745980978012085,0.15803003029159218,4.10909987686798,0.2617993877991417,0.0,-1.4335509497853494,120,120,130,180,180,160,160
34.75616788864136,0.15803003029159218,4.10909987686798,0.2617993877991417,0.0,-1.4335509497853494,120,120,130,180,180,160,160
34.766343116760254,0.15680971404817906,4.100264059779064,0.2617993877991417,0.0,-1.433448869994162,120,120,130,180,180,160,160
34.778390407562256,0.15680971404817906,4.100264059779064,0.2617993877991417,0.0,-1.433448869994162,120,120,130,180,180,160,160
34.78856325149536,0.15680971404817906,4.100264059779064,0.2617993877991417,0.0,-1.433448869994162,120,120,130,180,180,160,160
34.79905867576599,0.15562594248558487,4.091691365133253,0.2617993877991417,0.0,-1.43343264117812,120,120,130,180,180,160,160
34.809256076812744,0.15562594248558487,4.091691365133253,0.2617993877991417,0.0,-1.43343264117812,180,180,140,180,180,170,160
34.82646036148071,0.15444549037369668,4.083129838499161,0.2617993877991417,0.0,-1.4335471381048048,180,180,140,180,180,170,160
34.83669328689575,0.15444549037369668,4.083129838499161,0.2617993877991417,0.0,-1.4335471381048048,180,180,140,180,180,170,160
34.84690809249878,0.15444549037369668,4.083129838499161,0.2617993877991417,0.0,-1.4335471381048048,180,180,130,180,170,170,160
34.85720443725586,0.15444549037369668,4.083129838499161,0.2617993877991417,0.0,-1.4335471381048048,180,180,130,180,170,170,160
34.87352991104126,0.153231900471342,4.074320642334188,0.2617993877991417,0.0,-1.433788494491853,180,180,130,180,170,170,160
34.883758783340454,0.153231900471342,4.074320642334188,0.2617993877991417,0.0,-1.433788494491853,180,180,130,180,170,170,160
34.894224882125854,0.15205405843168082,4.065768920138098,0.2617993877991417,0.0,-1.4340117961376377,180,180,130,180,170,170,160
34.904545068740845,0.15205405843168082,4.065768920138098,0.2617993877991417,0.0,-1.4340117961376377,180,120,120,180,180,180,170
34.92371106147766,0.15205405843168082,4.065768920138098,0.2617993877991417,0.0,-1.4340117961376377,180,120,120,180,180,180,170
34.93412399291992,0.15087916029253737,4.057220592827033,0.2617993877991417,0.0,-1.434124016165244,180,120,120,180,180,180,170
34.94432353973389,0.15087916029253737,4.057220592827033,0.2617993877991417,0.0,-1.434124016165244,180,120,130,180,180,180,180
34.954593896865845,0.15087916029253737,4.057220592827033,0.2617993877991417,0.0,-1.434124016165244,180,120,130,180,180,180,180
34.96493887901306,0.14967656991552317,4.048450497366968,0.2617993877991417,0.0,-1.4338735387454653,180,120,130,180,180,180,180
34.97597122192383,0.14967656991552317,4.048450497366968,0.2617993877991417,0.0,-1.4338735387454653,180,120,130,180,180,180,180
34.98615121841431,0.14967656991552317,4.048450497366968,0.2617993877991417,0.0,-1.4338735387454653,180,120,130,180,180,180,180
34.996337890625,0.14850402084835948,4.039935664046305,0.2617993877991417,0.0,-1.4336073317619018,130,120,120,180,180,180,180
35.00656485557556,0.14850402084835948,4.039935664046305,0.2617993877991417,0.0,-1.4336073317619018,130,120,120,180,180,180,180
35.02464246749878,0.147326191086087,4.0313928863016,0.2617993877991417,0.0,-1.4334659293219831,130,120,120,180,180,180,180
35.03485894203186,0.147326191086087,4.0313928863016,0.2617993877991417,0.0,-1.4334659293219831,130,120,120,180,180,180,180
35.0450394153595,0.147326191086087,4.0313928863016,0.2617993877991417,0.0,-1.4334659293219831,110,110,120,180,130,180,180
35.05522799491882,0.147326191086087,4.0313928863016,0.2617993877991417,0.0,-1.4334659293219831,110,110,120,180,130,180,180
35.07426738739014,0.14610901158541462,4.022582849039076,0.2617993877991417,0.0,-1.433307506786075,110,110,120,180,130,180,180
35.08447861671448,0.14610901158541462,4.022582849039076,0.2617993877991417,0.0,-1.433307506786075,110,110,120,180,130,180,180
35.09466576576233,0.1449247564323551,4.0140205813075704,0.2617993877991417,0.0,-1.4331697931500373,180,110,120,180,180,180,180
35.104854345321655,0.1449247564323551,4.0140205813075704,0.2617993877991417,0.0,-1.4331697931500373,180,110,120,180,180,180,180
35.123289585113525,0.1449247564323551,4.0140205813075704,0.2617993877991417,0.0,-1.4331697931500373,180,110,120,180,180,180,180
35.133474588394165,0.143737509933671,4.005448973202902,0.2617993877991417,0.0,-1.433041275582885,180,110,120,180,180,180,180
35.1437041759491,0.143737509933671,4.005448973202902,0.2617993877991417,0.0,-1.433041275582885,180,120,120,180,180,180,180
35.15388298034668,0.143737509933671,4.005448973202902,0.2617993877991417,0.0,-1.433041275582885,180,120,120,180,180,180,180
35.16404724121094,0.143737509933671,4.005448973202902,0.2617993877991417,0.0,-1.433041275582885,180,120,120,180,180,180,180
35.17420530319214,0.143737509933671,4.005448973202902,0.2617993877991417,0.0,-1.433041275582885,180,120,120,180,180,180,180
35.18493914604187,0.14251274885079138,3.9966138216268305,0.2617993877991417,0.0,-1.43294666060386,180,120,120,180,180,180,180
35.202030181884766,0.14132563567537676,3.9880423131705864,0.2617993877991417,0.0,-1.4329413909628117,180,120,120,180,180,180,180
35.21221876144409,0.14132563567537676,3.9880423131705864,0.2617993877991417,0.0,-1.4329413909628117,180,120,120,180,180,180,180
35.22240161895752,0.14132563567537676,3.9880423131705864,0.2617993877991417,0.0,-1.4329413909628117,180,120,120,180,180,180,180
35.23258852958679,0.14014098047393822,3.9794843773994097,0.2617993877991417,0.0,-1.4330819619077573,180,120,120,180,180,180,180
35.24622893333435,0.14014098047393822,3.9794843773994097,0.2617993877991417,0.0,-1.4330819619077573,180,120,120,180,180,180,180
35.256412506103516,0.14014098047393822,3.9794843773994097,0.2617993877991417,0.0,-1.4330819619077573,180,120,120,180,180,180,180
35.266597270965576,0.1389227993715292,3.970675059605315,0.2617993877991417,0.0,-1.433321172794105,180,120,120,180,180,180,180
35.27676796913147,0.1389227993715292,3.970675059605315,0.2617993877991417,0.0,-1.433321172794105,180,120,120,180,180,180,180
35.28866362571716,0.1389227993715292,3.970675059605315,0.2617993877991417,0.0,-1.433321172794105,180,120,120,180,180,180,180
35.298837184906006,0.13774093435504456,3.9621238442681643,0.2617993877991417,0.0,-1.4335374622928398,180,120,120,180,180,180,180
35.30901861190796,0.13774093435504456,3.9621238442681643,0.2617993877991417,0.0,-1.4335374622928398,180,120,180,180,180,180,180
35.3192036151886,0.13774093435504456,3.9621238442681643,0.2617993877991417,0.0,-1.4335374622928398,180,120,180,180,180,180,180
35.332271337509155,0.136563025531444,3.9535773968651142,0.2617993877991417,0.0,-1.4336269582496275,180,120,180,180,180,180,180
35.342512369155884,0.136563025531444,3.9535773968651142,0.2617993877991417,0.0,-1.4336269582496275,180,120,180,180,180,180,180
35.35268831253052,0.136563025531444,3.9535773968651142,0.2617993877991417,0.0,-1.4336269582496275,180,120,180,180,180,180,180
35.362924337387085,0.13535584802192466,3.944814223625865,0.2617993877991417,0.0,-1.4333267268786112,180,120,180,180,180,180,180
35.37513995170593,0.13535584802192466,3.944814223625865,0.2617993877991417,0.0,-1.4333267268786112,180,120,180,180,180,180,180
35.38532042503357,0.13535584802192466,3.944814223625865,0.2617993877991417,0.0,-1.4333267268786112,180,120,180,180,180,180,180
35.39552164077759,0.13417800063951343,3.9362919209189116,0.2617993877991417,0.0,-1.4331082910927342,180,120,180,180,180,180,180
35.4057252407074,0.13417800063951343,3.9362919209189116,0.2617993877991417,0.0,-1.4331082910927342,180,120,180,180,180,180,180
35.423654556274414,0.13417800063951343,3.9362919209189116,0.2617993877991417,0.0,-1.4331082910927342,180,120,180,180,180,180,180
35.43399715423584,0.13299571468371785,3.927749915999366,0.2617993877991417,0.0,-1.4329583136101458,180,120,180,180,180,180,180
35.44418287277222,0.13299571468371785,3.927749915999366,0.2617993877991417,0.0,-1.4329583136101458,180,120,180,180,180,180,180
35.45436930656433,0.13299571468371785,3.927749915999366,0.2617993877991417,0.0,-1.4329583136101458,180,120,180,180,180,180,180
35.4645676612854,0.13177378084888297,3.9189390243470243,0.2617993877991417,0.0,-1.4328010922996421,180,120,180,180,180,180,180
35.4790461063385,0.13177378084888297,3.9189390243470243,0.2617993877991417,0.0,-1.4328010922996421,180,120,180,180,180,180,180
35.48929405212402,0.13058498363023652,3.9103760407224506,0.2617993877991417,0.0,-1.432665190638854,180,120,180,180,180,180,180
35.49945855140686,0.13058498363023652,3.9103760407224506,0.2617993877991417,0.0,-1.432665190638854,180,120,180,180,180,180,180
35.50971055030823,0.13058498363023652,3.9103760407224506,0.2617993877991417,0.0,-1.432665190638854,180,120,180,180,180,180,180
35.5254545211792,0.1293932306085236,3.901804153015332,0.2617993877991417,0.0,-1.432537891609291,180,120,180,180,180,180,180
35.53564095497131,0.1293932306085236,3.901804153015332,0.2617993877991417,0.0,-1.432537891609291,180,120,180,180,180,180,180
35.545830488204956,0.1293932306085236,3.901804153015332,0.2617993877991417,0.0,-1.432537891609291,180,120,180,180,180,180,180
35.556050300598145,0.12816405429848518,3.8929697814408066,0.2617993877991417,0.0,-1.4324518701010864,180,120,180,180,180,180,180
35.56624126434326,0.12816405429848518,3.8929697814408066,0.2617993877991417,0.0,-1.4324518701010864,180,120,180,180,180,180,180
35.57803463935852,0.12816405429848518,3.8929697814408066,0.2617993877991417,0.0,-1.4324518701010864,180,120,180,180,180,180,180
35.58825993537903,0.12816405429848518,3.8929697814408066,0.2617993877991417,0.0,-1.4324518701010864,180,120,180,180,180,180,180
35.59845447540283,0.1269737781229403,3.884399460009817,0.2617993877991417,0.0,-1.432458160018834,180,120,180,180,180,180,180
35.608689069747925,0.1269737781229403,3.884399460009817,0.2617993877991417,0.0,-1.432458160018834,180,120,180,180,180,180,180
35.62727165222168,0.1257849920723087,3.8758451735711477,0.2617993877991417,0.0,-1.4326250900658533,180,120,180,180,180,180,180
35.63749957084656,0.1257849920723087,3.8758451735711477,0.2617993877991417,0.0,-1.4326250900658533,180,120,180,180,180,180,180
35.6477792263031,0.1257849920723087,3.8758451735711477,0.2617993877991417,0.0,-1.4326250900658533,180,190,180,180,180,180,180
35.657987117767334,0.1257849920723087,3.8758451735711477,0.2617993877991417,0.0,-1.4326250900658533,180,190,180,180,180,180,180
35.67634105682373,0.1245621797426632,3.8670356101525822,0.2617993877991417,0.0,-1.4328610969105893,180,190,180,180,180,180,180
35.686578035354614,0.1245621797426632,3.8670356101525822,0.2617993877991417,0.0,-1.4328610969105893,180,190,180,180,180,180,180
35.696876764297485,0.12337632675602107,3.8584849232885055,0.2617993877991417,0.0,-1.433068100227725,190,190,180,180,180,180,180
35.70708632469177,0.12337632675602107,3.8584849232885055,0.2617993877991417,0.0,-1.433068100227725,190,190,180,180,180,180,180
35.7253577709198,0.12219560535216595,3.8499407826590817,0.2617993877991417,0.0,-1.4331321045747454,190,190,180,180,180,180,180
35.73566555976868,0.12219560535216595,3.8499407826590817,0.2617993877991417,0.0,-1.4331321045747454,190,190,180,180,180,180,180
35.745872497558594,0.12219560535216595,3.8499407826590817,0.2617993877991417,0.0,-1.4331321045747454,190,190,180,180,180,180,180
35.75606393814087,0.12219560535216595,3.8499407826590817,0.2617993877991417,0.0,-1.4331321045747454,180,190,180,180,180,180,180
35.77431344985962,0.12098375715594285,3.8411834503031264,0.2617993877991417,0.0,-1.4327901137069203,180,190,180,180,180,180,180
35.78453278541565,0.12098375715594285,3.8411834503031264,0.2617993877991417,0.0,-1.4327901137069203,180,190,180,180,180,180,180
35.79472255706787,0.11980095623366006,3.8326551708809298,0.2617993877991417,0.0,-1.432608843773094,180,190,180,180,180,180,180
35.80501747131348,0.11980095623366006,3.8326551708809298,0.2617993877991417,0.0,-1.432608843773094,180,190,180,180,180,180,180
35.823715686798096,0.118613987756633,3.824113477452349,0.2617993877991417,0.0,-1.4324544564228325,180,190,180,180,180,180,180
35.83398389816284,0.118613987756633,3.824113477452349,0.2617993877991417,0.0,-1.4324544564228325,180,190,180,180,180,180,180
35.84421896934509,0.118613987756633,3.824113477452349,0.2617993877991417,0.0,-1.4324544564228325,180,190,180,180,180,180,180
35.854408740997314,0.118613987756633,3.824113477452349,0.2617993877991417,0.0,-1.4324544564228325,180,180,180,180,180,180,180
35.864609479904175,0.11738736678628646,3.8153017421235598,0.2617993877991417,0.0,-1.43229881915842,180,180,180,180,180,180,180
35.877219438552856,0.11738736678628646,3.8153017421235598,0.2617993877991417,0.0,-1.43229881915842,180,180,180,180,180,180,180
35.88742446899414,0.11738736678628646,3.8153017421235598,0.2617993877991417,0.0,-1.43229881915842,180,180,180,180,180,180,180
35.89760422706604,0.11619406581963287,3.806738143883377,0.2617993877991417,0.0,-1.4321644813530707,180,180,180,180,180,180,180
35.907879114151,0.11619406581963287,3.806738143883377,0.2617993877991417,0.0,-1.4321644813530707,180,190,180,180,180,180,180
35.9256010055542,0.11499787633109475,3.798166097909144,0.2617993877991417,0.0,-1.4320388940327509,180,190,180,180,180,180,180
35.935884952545166,0.11499787633109475,3.798166097909144,0.2617993877991417,0.0,-1.4320388940327509,180,190,180,180,180,180,180
35.946120500564575,0.11499787633109475,3.798166097909144,0.2617993877991417,0.0,-1.4320388940327509,180,180,180,180,180,180,180
35.956326961517334,0.11499787633109475,3.798166097909144,0.2617993877991417,0.0,-1.4320388940327509,180,180,180,180,180,180,180
35.96654176712036,0.11376428794647306,3.789332673855856,0.2617993877991417,0.0,-1.4319620722924198,180,180,180,180,180,180,180
35.9799747467041,0.11376428794647306,3.789332673855856,0.2617993877991417,0.0,-1.4319620722924198,180,180,180,180,180,180,180
35.990193605422974,0.11257091431722571,3.780763670527862,0.2617993877991417,0.0,-1.4319804058621854,180,180,180,180,180,180,180
36.0003981590271,0.11257091431722571,3.780763670527862,0.2617993877991417,0.0,-1.4319804058621854,190,180,180,180,180,180,180
36.01061773300171,0.11257091431722571,3.780763670527862,0.2617993877991417,0.0,-1.4319804058621854,190,180,180,180,180,180,180
36.02473187446594,0.11257091431722571,3.780763670527862,0.2617993877991417,0.0,-1.4319804058621854,190,180,180,180,180,180,180
36.034955978393555,0.11137798168071242,3.772212805363794,0.2617993877991417,0.0,-1.432171271437194,190,180,180,180,180,180,180
36.04517841339111,0.11137798168071242,3.772212805363794,0.2617993877991417,0.0,-1.432171271437194,190,180,180,180,180,190,180
36.05536866188049,0.11137798168071242,3.772212805363794,0.2617993877991417,0.0,-1.432171271437194,190,180,180,180,180,190,180
36.06556272506714,0.1101506789866124,3.763403071019403,0.2617993877991417,0.0,-1.4324040552389259,190,180,180,180,180,190,180
36.07790398597717,0.1101506789866124,3.763403071019403,0.2617993877991417,0.0,-1.4324040552389259,190,180,180,180,180,190,180
36.08812069892883,0.1101506789866124,3.763403071019403,0.2617993877991417,0.0,-1.4324040552389259,190,180,180,180,180,190,180
36.09832286834717,0.10896083302405067,3.7548530196977983,0.2617993877991417,0.0,-1.4325999312664854,190,180,180,180,180,190,190
36.10855031013489,0.10896083302405067,3.7548530196977983,0.2617993877991417,0.17453292519942779,-1.4325999312664854,190,180,180,180,180,190,190
36.12659454345703,0.10777737014369784,3.7463117911672206,0.2617993877991417,0.17453292519942779,-1.4326341909090197,190,180,180,180,180,190,190
36.13686513900757,0.10777737014369784,3.7463117911672206,0.2617993877991417,0.43633231299856945,-1.4326341909090197,190,180,180,180,180,190,190
36.14708757400513,0.10777737014369784,3.7463117911672206,0.2617993877991417,0.43633231299856945,-1.4326341909090197,190,180,180,180,180,190,190
36.157304525375366,0.1066044104870096,3.73779049524714,0.2617993877991417,0.43633231299856945,-1.4355520108189619,190,180,180,180,180,180,180
36.176973819732666,0.1066044104870096,3.73779049524714,0.2617993877991417,0.43633231299856945,-1.4355520108189619,190,180,180,180,180,180,180
36.18728852272034,0.1066044104870096,3.73779049524714,0.2617993877991417,0.43633231299856945,-1.4355520108189619,190,180,180,180,180,180,180
36.197479486465454,0.10555247437489106,3.7298160666386218,0.2617993877991417,0.43633231299856945,-1.4442830879697635,190,180,180,180,180,180,180
36.2078161239624,0.10555247437489106,3.7298160666386218,0.2617993877991417,0.43633231299856945,-1.4442830879697635,180,180,180,180,180,180,180
36.22605848312378,0.10456322863510895,3.721657821213508,0.2617993877991417,0.43633231299856945,-1.4564483779098047,180,180,180,180,180,180,180
36.23635149002075,0.10456322863510895,3.721657821213508,0.2617993877991417,0.43633231299856945,-1.4564483779098047,180,180,180,180,180,180,180
36.24653768539429,0.10456322863510895,3.721657821213508,0.2617993877991417,0.43633231299856945,-1.4564483779098047,180,180,180,180,180,180,180
36.25672745704651,0.10362589248303856,3.71294957074658,0.2617993877991417,0.43633231299856945,-1.4710127172732947,180,180,180,180,180,180,190
36.2669472694397,0.10362589248303856,3.71294957074658,0.2617993877991417,0.41887902047862663,-1.4710127172732947,180,180,180,180,180,180,190
36.279459714889526,0.10362589248303856,3.71294957074658,0.2617993877991417,0.27925268031908446,-1.4710127172732947,180,180,180,180,180,180,190
36.28965139389038,0.10283618586838786,3.704462483131618,0.2617993877991417,0.27925268031908446,-1.4852421585557805,180,180,180,180,180,180,190
36.29984259605408,0.10283618586838786,3.704462483131618,0.2617993877991417,0.13962634015954223,-1.4852421585557805,180,180,180,180,180,180,190
36.31003522872925,0.10283618586838786,3.704462483131618,0.2617993877991417,0.13962634015954223,-1.4852421585557805,180,180,180,180,180,180,180
36.320263624191284,0.10283618586838786,3.704462483131618,0.2617993877991417,0.0,-1.4852421585557805,180,180,180,180,180,180,180
36.33324122428894,0.10215341674501338,3.6959432149607254,0.2617993877991417,0.0,-1.495488153057591,180,180,180,180,180,180,180
36.34346842765808,0.10215341674501338,3.6959432149607254,0.2617993877991417,0.0,-1.495488153057591,180,180,180,180,180,180,180
36.353703022003174,0.10215341674501338,3.6959432149607254,0.2617993877991417,0.0,-1.495488153057591,180,180,180,180,180,180,190
36.36393666267395,0.10151630502485712,3.687150789460243,0.2617993877991417,0.0,-1.5000618807758597,180,180,180,180,180,180,190
36.3767306804657,0.10151630502485712,3.687150789460243,0.2617993877991417,0.0,-1.5000618807758597,180,180,180,180,180,180,190
36.38695216178894,0.10151630502485712,3.687150789460243,0.2617993877991417,0.0,-1.5000618807758597,180,180,180,180,180,180,190
36.39713430404663,0.10090546104917264,3.6785079637871165,0.2617993877991417,0.0,-1.5001778716176208,180,180,180,180,180,180,190
36.40748715400696,0.10090546104917264,3.6785079637871165,0.2617993877991417,0.0,-1.5001778716176208,180,180,180,180,180,180,190
36.41769027709961,0.10090546104917264,3.6785079637871165,0.2617993877991417,0.0,-1.5001778716176208,180,180,180,180,180,180,190
36.427857875823975,0.10029674422088204,3.6698659763079466,0.2617993877991417,0.0,-1.5002460751415758,180,180,180,180,180,180,190
36.43807005882263,0.10029674422088204,3.6698659763079466,0.2617993877991417,0.0,-1.5002460751415758,180,180,180,180,180,180,190
36.44827318191528,0.10029674422088204,3.6698659763079466,0.2617993877991417,0.0,-1.5002460751415758,180,180,180,180,180,180,190
36.45850229263306,0.0996688920635059,3.660984129665572,0.2617993877991417,0.0,-1.5003591948825739,180,180,180,180,180,180,190
36.47820711135864,0.0996688920635059,3.660984129665572,0.2617993877991417,0.0,-1.5003591948825739,180,180,180,180,180,180,190
36.48845362663269,0.0996688920635059,3.660984129665572,0.2617993877991417,0.0,-1.5003591948825739,180,180,180,180,180,180,190
36.49864172935486,0.0990706561157524,3.6523977928292024,0.2617993877991417,0.0,-1.5003870743896441,180,190,180,180,190,190,190
36.50883388519287,0.0990706561157524,3.6523977928292024,0.2617993877991417,0.0,-1.5003870743896441,180,190,180,180,190,190,190
36.52576518058777,0.0984663460906901,3.6438334768378713,0.2617993877991417,0.157079632679485,-1.5002140086604245,180,190,180,180,190,190,190
36.535968542099,0.0984663460906901,3.6438334768378713,0.2617993877991417,0.24434609527919887,-1.5002140086604245,180,190,180,180,190,190,190
36.5461368560791,0.0984663460906901,3.6438334768378713,0.2617993877991417,0.24434609527919887,-1.5002140086604245,180,190,180,180,190,190,190
36.556328535079956,0.0984663460906901,3.6438334768378713,0.2617993877991417,0.3839724354387411,-1.5002140086604245,180,190,180,180,190,190,190
36.566561460494995,0.0978624503798919,3.635107849820309,0.2617993877991417,0.3839724354387411,-1.5037784034090527,180,190,180,180,190,190,190
36.57680368423462,0.0978624503798919,3.635107849820309,0.2617993877991417,0.43633231299856945,-1.5037784034090527,180,190,180,180,190,190,190
36.587013244628906,0.0978624503798919,3.635107849820309,0.2617993877991417,0.43633231299856945,-1.5037784034090527,180,190,180,180,190,190,190
36.597195625305176,0.09733576319810787,3.626707595006124,0.2617993877991417,0.43633231299856945,-1.5138907503058998,180,180,180,180,180,190,190
36.60736894607544,0.09733576319810787,3.626707595006124,0.2617993877991417,0.43633231299856945,-1.5138907503058998,180,180,180,180,180,190,190
36.62498116493225,0.09691011036922095,3.618217158326668,0.2617993877991417,0.43633231299856945,-1.5279882641555043,180,180,180,180,180,190,190
36.635212898254395,0.09691011036922095,3.618217158326668,0.2617993877991417,0.43633231299856945,-1.5279882641555043,180,180,180,180,180,190,190
36.64545750617981,0.09691011036922095,3.618217158326668,0.2617993877991417,0.43633231299856945,-1.5279882641555043,180,180,180,180,180,190,190
36.65565776824951,0.09659862600622207,3.6094519140573533,0.2617993877991417,0.43633231299856945,-1.5427318133784986,180,180,180,180,180,190,190
36.665865421295166,0.09659862600622207,3.6094519140573533,0.2617993877991417,0.43633231299856945,-1.5427318133784986,180,180,180,180,180,190,190
36.67834234237671,0.09659862600622207,3.6094519140573533,0.2617993877991417,0.43633231299856945,-1.5427318133784986,180,180,180,180,180,190,190
36.6885244846344,0.09659862600622207,3.6094519140573533,0.2617993877991417,0.43633231299856945,-1.5427318133784986,180,180,180,180,180,190,190
36.69872546195984,0.09641948354556018,3.600927948461395,0.2617993877991417,0.43633231299856945,-1.557065615391393,180,180,180,180,180,180,180
36.7089638710022,0.09641948354556018,3.600927948461395,0.2617993877991417,0.43633231299856945,-1.557065615391393,180,180,180,180,180,180,180
36.72701358795166,0.09641948354556018,3.600927948461395,0.2617993877991417,0.43633231299856945,-1.557065615391393,180,180,180,180,180,180,180
36.737321615219116,0.09636211704315256,3.5923899881940233,0.2617993877991417,0.43633231299856945,-1.5714174278966013,180,180,180,180,180,180,180
36.74816679954529,0.09636211704315256,3.5923899881940233,0.2617993877991417,0.43633231299856945,-1.5714174278966013,180,180,180,180,180,180,180
36.758458614349365,0.09636211704315256,3.5923899881940233,0.2617993877991417,0.43633231299856945,-1.5714174278966013,180,180,180,180,180,180,190
36.775354862213135,0.09643051776782167,3.583582840812161,0.2617993877991417,0.43633231299856945,-1.5862051346926729,180,180,180,180,180,180,190
36.78557229042053,0.09643051776782167,3.583582840812161,0.2617993877991417,0.43633231299856945,-1.5862051346926729,180,180,180,180,180,180,190
36.7957558631897,0.09661945572644151,3.5750364708914275,0.2617993877991417,0.43633231299856945,-1.600495876360705,180,180,180,180,180,180,180
36.805967807769775,0.09661945572644151,3.5750364708914275,0.2617993877991417,0.43633231299856945,-1.600495876360705,180,180,180,180,180,180,180
36.824620962142944,0.09661945572644151,3.5750364708914275,0.2617993877991417,0.41887902047862663,-1.600495876360705,180,180,180,180,180,180,180
36.834861516952515,0.09692961859617141,3.5665126255505357,0.2617993877991417,0.2967059728390272,-1.6146097705582374,180,180,180,180,180,180,180
36.84506440162659,0.09692961859617141,3.5665126255505357,0.2617993877991417,0.19198621771937055,-1.6146097705582374,180,180,180,180,180,180,180
36.855246782302856,0.09692961859617141,3.5665126255505357,0.2617993877991417,0.19198621771937055,-1.6146097705582374,180,180,180,180,180,180,180
36.86543083190918,0.09737506890417169,3.5577507689708696,0.2617993877991417,0.06981317007977111,-1.6284934205271449,180,180,180,180,180,180,180
36.88356590270996,0.09737506890417169,3.5577507689708696,0.2617993877991417,0.05235987755982833,-1.6284934205271449,180,180,180,180,180,180,180
36.89385366439819,0.09790759541117114,3.549342431157616,0.2617993877991417,0.05235987755982833,-1.6392807269580207,180,180,180,180,180,180,180
36.90407085418701,0.09790759541117114,3.549342431157616,0.2617993877991417,0.05235987755982833,-1.6392807269580207,180,180,180,180,180,180,180
36.914302825927734,0.09790759541117114,3.549342431157616,0.2617993877991417,0.0,-1.6392807269580207,180,180,180,180,180,180,180
36.92587900161743,0.09849883668352574,3.5412334070063656,0.2617993877991417,0.0,-1.6452926723069687,180,180,180,180,180,180,180
36.93604612350464,0.09849883668352574,3.5412334070063656,0.2617993877991417,0.0,-1.6452926723069687,180,180,180,180,180,180,180
36.94622278213501,0.09849883668352574,3.5412334070063656,0.2617993877991417,0.0,-1.6452926723069687,190,180,180,180,180,180,180
36.956411361694336,0.0991378485405237,3.5329200372661,0.2617993877991417,0.0,-1.6489952319739625,190,180,180,180,180,180,180
36.966609954833984,0.0991378485405237,3.5329200372661,0.2617993877991417,0.0,-1.6489952319739625,190,180,180,180,180,180,180
36.977317333221436,0.0991378485405237,3.5329200372661,0.2617993877991417,0.0,-1.6489952319739625,190,180,180,180,180,180,180
36.98755097389221,0.0991378485405237,3.5329200372661,0.2617993877991417,0.0,-1.6489952319739625,190,180,180,180,180,180,180
36.99775171279907,0.0997988170113458,3.5246363910072627,0.2617993877991417,0.0,-1.6511216565908546,190,180,180,180,180,180,180
37.00806999206543,0.0997988170113458,3.5246363910072627,0.2617993877991417,0.0,-1.6511216565908546,190,180,180,180,180,180,180
37.027125120162964,0.0997988170113458,3.5246363910072627,0.2617993877991417,0.0,-1.6511216565908546,190,180,180,180,180,180,180
37.037357568740845,0.10049067259291121,3.5160747768483223,0.2617993877991417,0.0,-1.6514740212756196,190,180,180,180,180,180,180
37.047571420669556,0.10049067259291121,3.5160747768483223,0.2617993877991417,0.0,-1.6514740212756196,190,180,180,180,180,180,190
37.057775259017944,0.10120911301328245,3.5072070329960643,0.2617993877991417,0.0,-1.6516066466624495,190,180,180,180,180,180,190
37.06795954704285,0.10120911301328245,3.5072070329960643,0.2617993877991417,0.0,-1.6516066466624495,190,180,180,180,180,180,190
37.079211473464966,0.10120911301328245,3.5072070329960643,0.2617993877991417,0.0,-1.6516066466624495,190,180,180,180,180,180,190
37.08950614929199,0.10190821171004472,3.4985879396267,0.2617993877991417,0.0,-1.651710551947819,190,180,180,180,180,180,190
37.099772930145264,0.10190821171004472,3.4985879396267,0.2617993877991417,0.0,-1.651710551947819,190,180,180,180,180,180,190
37.10996675491333,0.10190821171004472,3.4985879396267,0.2617993877991417,0.0,-1.651710551947819,190,180,180,180,180,180,190
37.125792026519775,0.1026085491046193,3.4899602138523487,0.2617993877991417,0.0,-1.6517930710362947,190,180,180,180,180,180,190
37.13598608970642,0.1026085491046193,3.4899602138523487,0.2617993877991417,0.0,-1.6517930710362947,190,180,180,180,180,180,190
37.1461923122406,0.1026085491046193,3.4899602138523487,0.2617993877991417,0.0,-1.6517930710362947,190,180,180,180,180,180,190
37.15674328804016,0.1026085491046193,3.4899602138523487,0.2617993877991417,0.0,-1.6517930710362947,190,180,180,180,180,180,190
37.17648696899414,0.10333061612769903,3.4810676198031425,0.2617993877991417,0.0,-1.6518288014384774,190,180,180,180,180,180,190
37.186824798583984,0.10333061612769903,3.4810676198031425,0.2617993877991417,0.0,-1.6518288014384774,190,180,180,180,180,180,190
37.197038888931274,0.10403493827156868,3.4724365805844317,0.2617993877991417,0.0,-1.6517854134355594,190,180,180,180,180,180,190
37.207263708114624,0.10403493827156868,3.4724365805844317,0.2617993877991417,0.0,-1.6517854134355594,190,180,180,180,180,180,190
37.22650909423828,0.10473480199031932,3.4638177323187738,0.2617993877991417,0.0,-1.6515927806979855,190,180,180,180,180,180,190
37.2367582321167,0.10473480199031932,3.4638177323187738,0.2617993877991417,0.0,-1.6515927806979855,190,180,180,180,180,180,190
37.246909856796265,0.10473480199031932,3.4638177323187738,0.2617993877991417,0.0,-1.6515927806979855,190,180,180,180,180,180,190
37.25713062286377,0.10473480199031932,3.4638177323187738,0.2617993877991417,0.0,-1.6515927806979855,190,180,180,180,190,190,190
37.26732277870178,0.10545367253965686,3.4549454285319925,0.2617993877991417,0.0,-1.6513710261516004,190,180,180,180,190,190,190
37.28048872947693,0.10545367253965686,3.4549454285319925,0.2617993877991417,0.0,-1.6513710261516004,190,180,180,180,190,190,190
37.290759801864624,0.10614738259728815,3.446347437083657,0.2617993877991417,0.0,-1.6512501680945557,190,180,180,180,190,190,190
37.30097198486328,0.10614738259728815,3.446347437083657,0.2617993877991417,0.0,-1.6512501680945557,190,190,180,190,140,190,190
37.311168909072876,0.10614738259728815,3.446347437083657,0.2617993877991417,0.0,-1.6512501680945557,190,190,180,190,140,190,190
37.32569670677185,0.10614738259728815,3.446347437083657,0.2617993877991417,0.0,-1.6512501680945557,190,190,180,190,140,190,190
37.33603835105896,0.10684150996115588,3.43778740739688,0.2617993877991417,0.0,-1.6514585185908324,190,190,180,190,140,190,190
37.34622359275818,0.10684150996115588,3.43778740739688,0.2617993877991417,0.0,-1.6514585185908324,190,190,180,190,140,190,190
37.35644721984863,0.10684150996115588,3.43778740739688,0.2617993877991417,0.0,-1.6514585185908324,190,180,180,180,180,190,180
37.366687297821045,0.10755974230353664,3.4289464450800975,0.2617993877991417,0.0,-1.6515815708712547,190,180,180,180,180,190,180
37.38093042373657,0.10755974230353664,3.4289464450800975,0.2617993877991417,0.0,-1.6515815708712547,190,180,180,180,180,190,180
37.39115357398987,0.10825607106227991,3.420358137609692,0.2617993877991417,0.0,-1.6517176236231286,190,180,180,180,180,190,180
37.401336669921875,0.10825607106227991,3.420358137609692,0.2617993877991417,0.0,-1.6517176236231286,190,180,180,180,180,190,180
37.41159248352051,0.10825607106227991,3.420358137609692,0.2617993877991417,0.0,-1.6517176236231286,190,180,180,180,180,190,180
37.42824149131775,0.10825607106227991,3.420358137609692,0.2617993877991417,0.0,-1.6517176236231286,190,180,180,180,180,190,180
37.43846130371094,0.10895463343018114,3.411760140609546,0.2617993877991417,0.0,-1.651847703377171,190,180,180,180,180,190,180
37.44867134094238,0.10895463343018114,3.411760140609546,0.2617993877991417,0.0,-1.651847703377171,190,180,180,180,180,190,180
37.45890498161316,0.1096765873119615,3.4028891907242604,0.2617993877991417,0.0,-1.6519655495362402,190,180,180,180,190,180,180
37.46911954879761,0.1096765873119615,3.4028891907242604,0.2617993877991417,0.0,-1.6519655495362402,190,180,180,180,190,180,180
37.47998595237732,0.1096765873119615,3.4028891907242604,0.2617993877991417,-0.06981317007977111,-1.6519655495362402,190,180,180,180,190,180,180
37.49019455909729,0.11037882902528813,3.39426809429827,0.2617993877991417,-0.06981317007977111,-1.6520688517088058,190,180,180,180,190,180,180
37.50045323371887,0.11037882902528813,3.39426809429827,0.2617993877991417,-0.17453292519942779,-1.6520688517088058,190,180,180,180,180,180,180
37.51089692115784,0.11037882902528813,3.39426809429827,0.2617993877991417,-0.17453292519942779,-1.6520688517088058,190,180,180,180,180,180,180
37.526145219802856,0.11037882902528813,3.39426809429827,0.2617993877991417,-0.19198621771937055,-1.6520688517088058,190,180,180,180,180,180,180
37.536715507507324,0.11107973393435859,3.385644663350498,0.2617993877991417,-0.2268928027592561,-1.6515421472536773,190,180,180,180,180,180,180
37.547045946121216,0.11107973393435859,3.385644663350498,0.2617993877991417,-0.24434609527919887,-1.6515421472536773,190,180,180,180,190,180,190
37.5579137802124,0.11107973393435859,3.385644663350498,0.2617993877991417,-0.24434609527919887,-1.6515421472536773,190,180,180,180,190,180,190
37.57377004623413,0.11179678654671149,3.3766303632719756,0.2617993877991417,-0.27925268031908446,-1.6474040851276768,190,180,180,180,190,180,190
37.58397078514099,0.11179678654671149,3.3766303632719756,0.2617993877991417,-0.27925268031908446,-1.6474040851276768,190,180,180,180,190,180,190
37.5943021774292,0.11244673253494407,3.3678099708278286,0.2617993877991417,-0.2967059728390272,-1.640315089460395,190,180,180,180,180,180,190
37.60462999343872,0.11244673253494407,3.3678099708278286,0.2617993877991417,-0.2967059728390272,-1.640315089460395,190,180,180,180,180,180,190
37.614890813827515,0.11244673253494407,3.3678099708278286,0.2617993877991417,-0.2967059728390272,-1.640315089460395,190,180,180,180,180,180,190
37.62514090538025,0.11302840793556376,3.3589537977330224,0.2617993877991417,-0.17453292519942779,-1.6321446892797604,190,180,180,180,180,180,190
37.63535952568054,0.11302840793556376,3.3589537977330224,0.2617993877991417,-0.17453292519942779,-1.6321446892797604,190,180,180,180,180,180,190
37.64553785324097,0.11302840793556376,3.3589537977330224,0.2617993877991417,0.0,-1.6321446892797604,190,180,180,180,180,180,190
37.655739068984985,0.11302840793556376,3.3589537977330224,0.2617993877991417,0.0,-1.6321446892797604,190,180,180,180,180,180,190
37.66597104072571,0.11354351037242998,3.3499154177535653,0.2617993877991417,0.0,-1.6223614986774537,190,180,180,180,180,180,190
37.676191329956055,0.11354351037242998,3.3499154177535653,0.2617993877991417,0.0,-1.6223614986774537,190,180,180,180,180,180,190
37.68639516830444,0.11354351037242998,3.3499154177535653,0.2617993877991417,0.0,-1.6223614986774537,190,180,180,180,180,180,190
37.69662857055664,0.11396504433460289,3.341144515621246,0.2617993877991417,0.0,-1.6141924211373884,190,180,180,180,180,190,190
37.70682954788208,0.11396504433460289,3.341144515621246,0.2617993877991417,0.0,-1.6141924211373884,190,180,180,180,180,190,190
37.717042207717896,0.11396504433460289,3.341144515621246,0.2617993877991417,0.0,-1.6141924211373884,190,180,180,180,180,190,190
37.73067259788513,0.11433350855054526,3.3322326657419667,0.2617993877991417,0.0,-1.6107176450950105,190,180,180,180,180,190,190
37.74089169502258,0.11433350855054526,3.3322326657419667,0.2617993877991417,0.0,-1.6107176450950105,190,180,180,180,180,190,190
37.751097679138184,0.11433350855054526,3.3322326657419667,0.2617993877991417,0.0,-1.6107176450950105,190,180,180,180,130,130,190
37.761330127716064,0.11468828794213651,3.3232841281019074,0.2617993877991417,0.0,-1.6102816242239613,190,180,180,180,130,130,190
37.778613328933716,0.11468828794213651,3.3232841281019074,0.2617993877991417,0.0,-1.6102816242239613,190,180,180,180,130,130,190
37.788838386535645,0.11468828794213651,3.3232841281019074,0.2617993877991417,0.0,-1.6102816242239613,190,180,180,180,130,130,190
37.79907965660095,0.1150296592837515,3.3146736548060494,0.2617993877991417,0.0,-1.6103879849952578,190,180,190,180,130,130,190
37.80928182601929,0.1150296592837515,3.3146736548060494,0.2617993877991417,0.0,-1.6103879849952578,190,180,190,180,130,130,190
37.825976610183716,0.11537255388390885,3.3060519363625995,0.2617993877991417,0.0,-1.6104803099338036,190,180,190,180,130,130,190
37.8362078666687,0.11537255388390885,3.3060519363625995,0.2617993877991417,0.0,-1.6104803099338036,190,180,190,180,130,130,190
37.846400022506714,0.11537255388390885,3.3060519363625995,0.2617993877991417,0.0,-1.6104803099338036,180,180,180,180,140,130,180
37.856595039367676,0.11572692699097825,3.2971563555011643,0.2617993877991417,0.0,-1.6105565546596206,180,180,180,180,140,130,180
37.86681628227234,0.11572692699097825,3.2971563555011643,0.2617993877991417,0.0,-1.6105565546596206,180,180,180,180,140,130,180
37.877148389816284,0.11572692699097825,3.2971563555011643,0.2617993877991417,0.0,-1.6105565546596206,180,180,180,180,140,130,180
37.88734793663025,0.11572692699097825,3.2971563555011643,0.2617993877991417,0.0,-1.6105565546596206,180,180,180,180,140,130,180
37.897568225860596,0.11607165882246315,3.2885121990366355,0.2617993877991417,0.0,-1.6106246616741484,180,180,180,180,180,190,180
37.90776610374451,0.11607165882246315,3.2885121990366355,0.2617993877991417,0.0,-1.6106246616741484,180,180,180,180,180,190,180
37.92611360549927,0.11641707524471083,3.27985828018035,0.2617993877991417,0.0,-1.6106846713761507,180,180,180,180,180,190,180
37.936320543289185,0.11641707524471083,3.27985828018035,0.2617993877991417,0.0,-1.6106846713761507,180,180,180,180,180,190,180
37.94649839401245,0.11641707524471083,3.27985828018035,0.2617993877991417,0.0,-1.6106846713761507,180,180,180,180,140,130,190
37.9566912651062,0.11641707524471083,3.27985828018035,0.2617993877991417,0.0,-1.6106846713761507,180,180,180,180,140,130,190
37.96690273284912,0.11677312556470561,3.2709363329488137,0.2617993877991417,0.0,-1.6107147140541949,180,180,180,180,140,130,190
37.98004198074341,0.11677312556470561,3.2709363329488137,0.2617993877991417,0.0,-1.6107147140541949,180,180,180,180,140,130,190
37.990293979644775,0.11677312556470561,3.2709363329488137,0.2617993877991417,0.0,-1.6107147140541949,180,180,180,180,140,130,190
38.00051283836365,0.1171178014195914,3.262276368448721,0.2617993877991417,0.0,-1.6106644653532287,180,180,180,180,140,130,190
38.010703802108765,0.1171178014195914,3.262276368448721,0.2617993877991417,0.0,-1.6106644653532287,180,180,180,180,130,130,180
38.02572011947632,0.1171178014195914,3.262276368448721,0.2617993877991417,0.0,-1.6106644653532287,180,180,180,180,130,130,180
38.035948276519775,0.1174642719864334,3.253622267393463,0.2617993877991417,0.0,-1.6105596212260622,180,180,180,180,130,130,180
38.046140909194946,0.1174642719864334,3.253622267393463,0.2617993877991417,0.0,-1.6105596212260622,180,180,180,180,130,180,180
38.05633068084717,0.11781684892288449,3.2447369926320127,0.2617993877991417,0.0,-1.6103830026202117,180,180,180,180,130,180,180
38.06656503677368,0.11781684892288449,3.2447369926320127,0.2617993877991417,0.0,-1.6103830026202117,180,180,180,180,130,180,180
38.07676720619202,0.11781684892288449,3.2447369926320127,0.2617993877991417,0.0,-1.6103830026202117,180,180,180,180,130,180,180
38.08696508407593,0.11781684892288449,3.2447369926320127,0.2617993877991417,0.0,-1.6103830026202117,180,180,180,180,130,180,180
38.09718155860901,0.11816202572226615,3.236147274838493,0.2617993877991417,0.0,-1.6104660194498162,180,140,140,170,180,180,180
38.10756754875183,0.11816202572226615,3.236147274838493,0.2617993877991417,0.0,-1.6104660194498162,180,140,140,170,180,180,180
38.11776661872864,0.11816202572226615,3.236147274838493,0.2617993877991417,0.0,-1.6104660194498162,180,140,140,170,180,180,180
38.127957344055176,0.11850561166273323,3.22755960129406,0.2617993877991417,0.0,-1.6105946892378442,180,140,140,170,180,180,180
38.13816714286804,0.11850561166273323,3.22755960129406,0.2617993877991417,0.0,-1.6105946892378442,180,140,140,170,180,180,180
38.148367166519165,0.11850561166273323,3.22755960129406,0.2617993877991417,0.0,-1.6105946892378442,160,130,180,180,130,180,180
38.15869474411011,0.11886032774354155,3.2186943761436013,0.2617993877991417,0.0,-1.610693911236302,160,130,180,180,130,180,180
38.17590618133545,0.11886032774354155,3.2186943761436013,0.2617993877991417,0.0,-1.610693911236302,160,130,180,180,130,180,180
38.18613910675049,0.11886032774354155,3.2186943761436013,0.2617993877991417,0.0,-1.610693911236302,160,130,180,180,130,180,180
38.19633889198303,0.11920539498970414,3.2100817812217666,0.2617993877991417,0.0,-1.610792188910958,160,130,180,180,130,180,180
38.20656609535217,0.11920539498970414,3.2100817812217666,0.2617993877991417,0.0,-1.610792188910958,180,130,180,180,180,180,180
38.225101709365845,0.11920539498970414,3.2100817812217666,0.2617993877991417,0.0,-1.610792188910958,180,130,180,180,180,180,180
38.235331296920776,0.11955185021219109,3.2014579572834454,0.2617993877991417,0.0,-1.6108769996628831,180,130,180,180,180,180,180
38.24561548233032,0.11955185021219109,3.2014579572834454,0.2617993877991417,0.0,-1.6108769996628831,160,140,140,180,120,110,170
38.2558491230011,0.11955185021219109,3.2014579572834454,0.2617993877991417,0.0,-1.6108769996628831,160,140,140,180,120,110,170
38.273791551589966,0.11990973839428207,3.1925610703462435,0.2617993877991417,0.0,-1.6109509018210784,160,140,140,180,120,110,170
38.28405952453613,0.11990973839428207,3.1925610703462435,0.2617993877991417,0.0,-1.6109509018210784,160,140,140,180,120,110,170
38.29426670074463,0.12025789603298487,3.183915371396093,0.2617993877991417,0.0,-1.6110210701210788,160,140,130,170,170,170,140
38.30457091331482,0.12025789603298487,3.183915371396093,0.2617993877991417,0.0,-1.6110210701210788,160,140,130,170,170,170,140
38.31482815742493,0.12025789603298487,3.183915371396093,0.2617993877991417,0.0,-1.6110210701210788,160,140,130,170,170,170,140
38.325305461883545,0.12060673717487659,3.1752601243829632,0.2617993877991417,0.0,-1.611082690727243,160,140,130,170,170,170,140
38.33552432060242,0.12060673717487659,3.1752601243829632,0.2617993877991417,0.0,-1.611082690727243,160,140,130,170,170,170,140
38.345726013183594,0.12060673717487659,3.1752601243829632,0.2617993877991417,0.0,-1.611082690727243,160,140,130,170,170,170,140
38.35594820976257,0.12060673717487659,3.1752601243829632,0.2617993877991417,0.0,-1.611082690727243,120,140,130,160,110,110,110
38.36623239517212,0.12096617560285326,3.1663379983117417,0.2617993877991417,0.0,-1.6111110069142502,120,140,130,160,110,110,110
38.37644672393799,0.12096617560285326,3.1663379983117417,0.2617993877991417,0.0,-1.6111110069142502,120,140,130,160,110,110,110
38.38667416572571,0.12096617560285326,3.1663379983117417,0.2617993877991417,0.0,-1.6111110069142502,120,140,130,160,110,110,110
38.396989583969116,0.12131429545632363,3.1576782673340955,0.2617993877991417,0.0,-1.6110573138033777,120,140,130,160,110,110,110
38.40775442123413,0.12131429545632363,3.1576782673340955,0.2617993877991417,0.0,-1.6110573138033777,120,140,130,150,170,170,110
38.42510151863098,0.1216638362748798,3.1490267604891358,0.2617993877991417,0.0,-1.6109416176547504,120,140,130,150,170,170,110
38.435325384140015,0.1216638362748798,3.1490267604891358,0.2617993877991417,0.0,-1.6109416176547504,120,140,130,150,170,170,110
38.445531368255615,0.1216638362748798,3.1490267604891358,0.2617993877991417,0.0,-1.6109416176547504,120,140,120,110,110,160,110
38.455740213394165,0.1216638362748798,3.1490267604891358,0.2617993877991417,0.0,-1.6109416176547504,120,140,120,110,110,160,110
38.47344136238098,0.12201980502505494,3.140144571988994,0.2617993877991417,0.0,-1.6107769008962727,120,140,120,110,110,160,110
38.483670473098755,0.12201980502505494,3.140144571988994,0.2617993877991417,0.0,-1.6107769008962727,120,140,120,110,110,160,110
38.493852376937866,0.12236783206489309,3.131561110370347,0.2617993877991417,0.0,-1.6109043173349187,160,140,120,150,110,160,120
38.504050731658936,0.12236783206489309,3.131561110370347,0.2617993877991417,0.0,-1.6109043173349187,160,140,120,150,110,160,120
38.52243447303772,0.12236783206489309,3.131561110370347,0.2617993877991417,0.0,-1.6109043173349187,160,140,120,150,110,160,120
38.5328414440155,0.12271590226908559,3.1229673231235187,0.2617993877991417,0.0,-1.611001194997608,160,140,120,150,110,160,120
38.54305291175842,0.12271590226908559,3.1229673231235187,0.2617993877991417,0.0,-1.611001194997608,160,140,120,150,110,160,120
38.55324077606201,0.12271590226908559,3.1229673231235187,0.2617993877991417,0.0,-1.611001194997608,160,140,120,160,120,180,130
38.56343460083008,0.12307372792165333,3.1141023794678095,0.2617993877991417,0.0,-1.6111070136823569,160,140,120,160,120,180,130
38.57489323616028,0.12307372792165333,3.1141023794678095,0.2617993877991417,0.0,-1.6111070136823569,160,140,120,160,120,180,130
38.58510065078735,0.12307372792165333,3.1141023794678095,0.2617993877991417,0.0,-1.6111070136823569,160,140,120,160,120,180,130
38.5952844619751,0.12342239247998463,3.1054886765776852,0.2617993877991417,0.0,-1.611204334410268,190,140,180,170,180,120,130
38.60546827316284,0.12342239247998463,3.1054886765776852,0.2617993877991417,0.0,-1.611204334410268,190,140,180,170,180,120,130
38.624385595321655,0.12342239247998463,3.1054886765776852,0.2617993877991417,0.0,-1.611204334410268,190,140,180,170,180,120,130
38.63475823402405,0.12377244212703781,3.0968634839604827,0.2617993877991417,0.0,-1.6112869357869828,190,140,180,170,180,120,130
38.64495015144348,0.12377244212703781,3.0968634839604827,0.2617993877991417,0.0,-1.6112869357869828,190,140,180,170,180,120,130
38.65514922142029,0.12377244212703781,3.0968634839604827,0.2617993877991417,0.0,-1.6112869357869828,190,180,120,170,170,120,120
38.6653778553009,0.12413400783290002,3.087965479035563,0.2617993877991417,0.0,-1.6113606305815091,190,180,120,170,170,120,120
38.67597007751465,0.12413400783290002,3.087965479035563,0.2617993877991417,0.0,-1.6113606305815091,190,180,120,170,170,120,120
38.686195611953735,0.12413400783290002,3.087965479035563,0.2617993877991417,0.0,-1.6113606305815091,190,180,120,170,170,120,120
38.696415424346924,0.12448572731407404,3.0793186345530765,0.2617993877991417,0.0,-1.6114305984685182,190,140,120,170,120,120,120
38.70664191246033,0.12448572731407404,3.0793186345530765,0.2617993877991417,0.0,-1.6114305984685182,190,140,120,170,120,120,120
38.72494602203369,0.12448572731407404,3.0793186345530765,0.2617993877991417,0.0,-1.6114305984685182,190,140,120,170,120,120,120
38.73530340194702,0.12483811958402843,3.0706625998604125,0.2617993877991417,0.0,-1.6114913386531355,190,140,120,170,120,120,120
38.74552631378174,0.12483811958402843,3.0706625998604125,0.2617993877991417,0.0,-1.6114913386531355,190,170,120,170,120,130,120
38.7557532787323,0.12483811958402843,3.0706625998604125,0.2617993877991417,0.0,-1.6114913386531355,190,170,120,170,120,130,120
38.774497270584106,0.1252009508605131,3.0617404863898634,0.2617993877991417,0.0,-1.611510305829787,190,170,120,170,120,130,120
38.784703731536865,0.1252009508605131,3.0617404863898634,0.2617993877991417,0.0,-1.611510305829787,190,170,120,170,120,130,120
38.794891119003296,0.12555333056958953,3.053080907188408,0.2617993877991417,0.0,-1.6114476504800284,190,180,120,170,120,130,130
38.8051917552948,0.12555333056958953,3.053080907188408,0.2617993877991417,0.0,-1.6114476504800284,190,180,120,170,120,130,130
38.81537628173828,0.12555333056958953,3.053080907188408,0.2617993877991417,0.0,-1.6114476504800284,190,180,120,170,120,130,130
38.825615644454956,0.12590568767175178,3.044433107481696,0.2617993877991417,0.0,-1.611316888089558,190,180,120,170,120,130,130
38.83583092689514,0.12590568767175178,3.044433107481696,0.2617993877991417,0.0,-1.611316888089558,190,180,120,170,120,130,130
38.84602952003479,0.12590568767175178,3.044433107481696,0.2617993877991417,0.0,-1.611316888089558,190,180,120,180,110,120,130
38.856247901916504,0.12590568767175178,3.044433107481696,0.2617993877991417,0.0,-1.611316888089558,190,180,120,180,110,120,130
38.86653232574463,0.1262655634784304,3.0355538392105483,0.2617993877991417,0.0,-1.6111702485692012,190,180,120,180,110,120,130
38.87683606147766,0.1262655634784304,3.0355538392105483,0.2617993877991417,0.0,-1.6111702485692012,190,180,120,180,110,120,130
38.88702464103699,0.1262655634784304,3.0355538392105483,0.2617993877991417,0.0,-1.6111702485692012,190,180,120,180,110,120,130
38.897260427474976,0.1266161048371456,3.0269758436268877,0.2617993877991417,0.0,-1.6113368905537095,190,140,120,120,110,120,130
38.90766930580139,0.1266161048371456,3.0269758436268877,0.2617993877991417,0.0,-1.6113368905537095,190,140,120,120,110,120,130
38.923502922058105,0.12696818810463323,3.0183779836057463,0.2617993877991417,0.0,-1.611416757191946,190,140,120,120,110,120,130
38.93373465538025,0.12696818810463323,3.0183779836057463,0.2617993877991417,0.0,-1.611416757191946,190,140,120,120,110,120,130
38.94396233558655,0.12696818810463323,3.0183779836057463,0.2617993877991417,0.0,-1.611416757191946,190,140,120,120,110,120,130
38.954246044158936,0.12696818810463323,3.0183779836057463,0.2617993877991417,0.0,-1.611416757191946,180,140,120,110,100,120,120
38.964932441711426,0.12732952159358113,3.0095123563164656,0.2617993877991417,0.0,-1.6115230965799243,180,140,120,110,100,120,120
38.97569489479065,0.12732952159358113,3.0095123563164656,0.2617993877991417,0.0,-1.6115230965799243,180,140,120,110,100,120,120
38.98594951629639,0.12732952159358113,3.0095123563164656,0.2617993877991417,0.0,-1.6115230965799243,180,140,120,110,100,120,120
38.99613380432129,0.1276818195583913,3.0008975966046734,0.2617993877991417,0.0,-1.611619407459188,180,140,120,110,100,110,120
39.00637435913086,0.1276818195583913,3.0008975966046734,0.2617993877991417,0.0,-1.611619407459188,180,140,120,110,100,110,120
39.022794008255005,0.12803548655993532,2.992271117985147,0.2617993877991417,0.0,-1.6116999358988555,180,140,120,110,100,110,120
39.03303003311157,0.12803548655993532,2.992271117985147,0.2617993877991417,0.0,-1.6116999358988555,180,140,120,110,100,110,120
39.0432493686676,0.12803548655993532,2.992271117985147,0.2617993877991417,0.0,-1.6116999358988555,180,140,120,110,110,110,110
39.0534291267395,0.12803548655993532,2.992271117985147,0.2617993877991417,0.0,-1.6116999358988555,180,140,120,110,110,110,110
39.063661336898804,0.12840075307523524,2.9833720621716453,0.2617993877991417,0.0,-1.6117735785482747,180,140,120,110,110,110,110
39.07604098320007,0.12840075307523524,2.9833720621716453,0.2617993877991417,0.0,-1.6117735785482747,180,140,120,110,110,110,110
39.086254358291626,0.12840075307523524,2.9833720621716453,0.2617993877991417,0.0,-1.6117735785482747,180,140,120,110,110,110,110
39.09646534919739,0.12875605988383104,2.974724168950778,0.2617993877991417,0.0,-1.611843081816133,180,140,120,120,120,120,120
39.10670256614685,0.12875605988383104,2.974724168950778,0.2617993877991417,0.0,-1.611843081816133,180,140,120,120,120,120,120
39.12418603897095,0.12911201688731483,2.966067502643305,0.2617993877991417,0.0,-1.6119021910722835,180,140,120,120,120,120,120
39.13439917564392,0.12911201688731483,2.966067502643305,0.2617993877991417,0.0,-1.6119021910722835,180,140,120,120,120,120,120
39.144622802734375,0.12911201688731483,2.966067502643305,0.2617993877991417,0.0,-1.6119021910722835,190,180,120,130,120,120,120
39.154818296432495,0.12911201688731483,2.966067502643305,0.2617993877991417,0.0,-1.6119021910722835,190,180,120,130,120,120,120
39.165027141571045,0.12947823911586726,2.957145494813864,0.2617993877991417,0.0,-1.6119113993930738,190,180,120,130,120,120,120
39.175257444381714,0.12947823911586726,2.957145494813864,0.2617993877991417,0.0,-1.6119113993930738,190,180,120,130,120,120,120
39.18544030189514,0.12947823911586726,2.957145494813864,0.2617993877991417,0.0,-1.6119113993930738,190,180,120,130,120,120,120
39.195648431777954,0.12983502795189206,2.9484861488400784,0.2617993877991417,0.0,-1.6118406949570552,180,190,120,130,120,120,120
39.20592927932739,0.12983502795189206,2.9484861488400784,0.2617993877991417,0.0,-1.6118406949570552,180,190,120,130,120,120,120
39.2225227355957,0.12983502795189206,2.9484861488400784,0.2617993877991417,0.0,-1.6118406949570552,180,190,120,130,120,120,120
39.23270773887634,0.13018999163169956,2.9398426011956253,0.2617993877991417,0.0,-1.6116931230478666,180,190,120,130,120,120,120
39.24293041229248,0.13018999163169956,2.9398426011956253,0.2617993877991417,0.0,-1.6116931230478666,180,180,120,120,130,120,120
39.25311803817749,0.13018999163169956,2.9398426011956253,0.2617993877991417,0.0,-1.6116931230478666,180,180,120,120,130,120,120
39.263304471969604,0.13055433304410038,2.930966272799968,0.2617993877991417,0.0,-1.611570590206418,180,180,120,120,130,120,120
39.27546167373657,0.13055433304410038,2.930966272799968,0.2617993877991417,0.0,-1.611570590206418,180,180,120,120,130,120,120
39.28571653366089,0.13055433304410038,2.930966272799968,0.2617993877991417,0.0,-1.611570590206418,180,180,120,120,130,120,120
39.295910596847534,0.13090720331140518,2.9223923535627465,0.2617993877991417,0.0,-1.6117679822076225,180,180,180,120,180,160,180
39.306148290634155,0.13090720331140518,2.9223923535627465,0.2617993877991417,0.0,-1.6117679822076225,180,180,180,120,180,160,180
39.324037313461304,0.131262938383352,2.913791031322014,0.2617993877991417,0.0,-1.6118347717919026,180,180,180,120,180,160,180
39.33423972129822,0.131262938383352,2.913791031322014,0.2617993877991417,0.0,-1.6118347717919026,180,180,180,120,180,160,180
39.34446620941162,0.131262938383352,2.913791031322014,0.2617993877991417,0.0,-1.6118347717919026,180,180,180,180,180,120,180
39.35466814041138,0.131262938383352,2.913791031322014,0.2617993877991417,0.0,-1.6118347717919026,180,180,180,180,180,120,180
39.37352108955383,0.13162802037171642,2.9049243284737774,0.2617993877991417,0.0,-1.6119399473267821,180,180,180,180,180,120,180
39.38374209403992,0.13162802037171642,2.9049243284737774,0.2617993877991417,0.0,-1.6119399473267821,180,180,180,180,180,120,180
39.39393377304077,0.13198396991711953,2.8963084157146746,0.2617993877991417,0.0,-1.612035016802985,180,180,120,120,180,110,180
39.40412664413452,0.13198396991711953,2.8963084157146746,0.2617993877991417,0.0,-1.612035016802985,180,180,120,120,180,110,180
39.41434860229492,0.13198396991711953,2.8963084157146746,0.2617993877991417,0.0,-1.612035016802985,180,180,120,120,180,110,180
39.42455840110779,0.13234126434265792,2.887680616119965,0.2617993877991417,0.0,-1.6121136061229258,180,180,120,120,180,110,180
39.434760332107544,0.13234126434265792,2.887680616119965,0.2617993877991417,0.0,-1.6121136061229258,180,180,120,120,180,110,180
39.44522428512573,0.13234126434265792,2.887680616119965,0.2617993877991417,0.0,-1.6121136061229258,180,180,120,120,180,110,180
39.455501556396484,0.13234126434265792,2.887680616119965,0.2617993877991417,0.0,-1.6121136061229258,180,180,110,110,110,110,180
39.473721981048584,0.13271023297534285,2.878780423921181,0.2617993877991417,0.0,-1.6121872685832879,180,180,110,110,110,110,180
39.48390507698059,0.13271023297534285,2.878780423921181,0.2617993877991417,0.0,-1.6121872685832879,180,180,110,110,110,110,180
39.49408841133118,0.1330691346842817,2.870131436230642,0.2617993877991417,0.0,-1.6122562001506913,180,180,110,110,110,110,180
39.504584312438965,0.1330691346842817,2.870131436230642,0.2617993877991417,0.0,-1.6122562001506913,180,140,110,100,110,110,180
39.523462772369385,0.1330691346842817,2.870131436230642,0.2617993877991417,0.0,-1.6122562001506913,180,140,110,100,110,110,180
39.53368139266968,0.13342865099047074,2.861474196442652,0.2617993877991417,0.0,-1.6123129295166996,180,140,110,100,110,110,180
39.54389762878418,0.13342865099047074,2.861474196442652,0.2617993877991417,0.0,-1.6123129295166996,180,140,110,110,100,110,110
39.55414891242981,0.13342865099047074,2.861474196442652,0.2617993877991417,0.0,-1.6123129295166996,180,140,110,110,100,110,110
39.56445837020874,0.1337982507268866,2.8525522932976037,0.2617993877991417,0.0,-1.612312036560499,180,140,110,110,100,110,110
39.57471299171448,0.1337982507268866,2.8525522932976037,0.2617993877991417,0.0,-1.612312036560499,180,140,110,110,100,110,110
39.584906339645386,0.1337982507268866,2.8525522932976037,0.2617993877991417,0.0,-1.612312036560499,180,140,110,110,100,110,110
39.59509062767029,0.1341591278145194,2.843893353302276,0.2617993877991417,0.0,-1.6122347009397664,180,140,110,110,100,110,110
39.60531520843506,0.1341591278145194,2.843893353302276,0.2617993877991417,0.0,-1.6122347009397664,180,140,110,180,110,110,180
39.615553855895996,0.1341591278145194,2.843893353302276,0.2617993877991417,0.0,-1.6122347009397664,180,140,110,180,110,110,180
39.62573003768921,0.13451680567037433,2.835254225424176,0.2617993877991417,0.0,-1.6120709293103659,180,140,110,180,110,110,180
39.635910987854004,0.13451680567037433,2.835254225424176,0.2617993877991417,0.0,-1.6120709293103659,180,140,110,180,110,110,180
39.646101236343384,0.13451680567037433,2.835254225424176,0.2617993877991417,0.0,-1.6120709293103659,180,140,110,180,180,140,180
39.65629291534424,0.13451680567037433,2.835254225424176,0.2617993877991417,0.0,-1.6120709293103659,180,140,110,180,180,140,180
39.666497230529785,0.1348859195005064,2.8263811014729896,0.2617993877991417,0.0,-1.6119769056271516,180,140,110,180,180,140,180
39.67972683906555,0.1348859195005064,2.8263811014729896,0.2617993877991417,0.0,-1.6119769056271516,180,140,110,180,180,140,180
39.69000053405762,0.1352411435902655,2.8178095196405057,0.2617993877991417,0.0,-1.6121929821984318,180,140,110,180,180,140,180
39.700439453125,0.1352411435902655,2.8178095196405057,0.2617993877991417,0.0,-1.6121929821984318,180,140,110,180,180,140,180
39.71071267127991,0.1352411435902655,2.8178095196405057,0.2617993877991417,0.0,-1.6121929821984318,180,180,110,180,180,160,180
39.7251877784729,0.1352411435902655,2.8178095196405057,0.2617993877991417,0.0,-1.6121929821984318,180,180,110,180,180,160,180
39.73556613922119,0.13560033088270712,2.809205326614556,0.2617993877991417,0.0,-1.6122502011589328,180,180,110,180,180,160,180
39.74577856063843,0.13560033088270712,2.809205326614556,0.2617993877991417,0.0,-1.6122502011589328,180,180,110,180,180,160,180
39.75598454475403,0.13560033088270712,2.809205326614556,0.2617993877991417,0.0,-1.6122502011589328,180,180,180,180,180,140,180
39.7662570476532,0.13596926405846035,2.8003375198356566,0.2617993877991417,0.0,-1.6123541704156783,180,180,180,180,180,140,180
39.77738928794861,0.13596926405846035,2.8003375198356566,0.2617993877991417,0.0,-1.6123541704156783,180,180,180,180,180,140,180
39.787590980529785,0.13596926405846035,2.8003375198356566,0.2617993877991417,0.0,-1.6123541704156783,180,180,180,180,180,140,180
39.79778242111206,0.13632884258832131,2.7917205130315463,0.2617993877991417,0.0,-1.6124479905492373,180,180,180,180,180,140,180
39.80828523635864,0.13632884258832131,2.7917205130315463,0.2617993877991417,0.0,-1.6124479905492373,180,180,180,180,180,140,180
39.824904680252075,0.13668973948807142,2.7830914714872157,0.2617993877991417,0.0,-1.6125248897053903,180,180,180,180,180,140,180
39.83511161804199,0.13668973948807142,2.7830914714872157,0.2617993877991417,0.0,-1.6125248897053903,180,180,180,180,180,140,180
39.84530234336853,0.13668973948807142,2.7830914714872157,0.2617993877991417,0.0,-1.6125248897053903,180,130,180,180,180,140,180
39.85549545288086,0.13668973948807142,2.7830914714872157,0.2617993877991417,0.0,-1.6125248897053903,180,130,180,180,180,140,180
39.86572337150574,0.13706238561657408,2.774190190461805,0.2617993877991417,0.0,-1.6125984849193227,180,130,180,180,180,140,180
39.878273248672485,0.13706238561657408,2.774190190461805,0.2617993877991417,0.0,-1.6125984849193227,180,130,180,180,180,140,180
39.888447523117065,0.13706238561657408,2.774190190461805,0.2617993877991417,0.0,-1.6125984849193227,180,130,180,180,180,140,180
39.898630142211914,0.13742485681827313,2.765540207600474,0.2617993877991417,0.0,-1.6126665696960063,180,180,180,180,180,180,180
39.90955471992493,0.13742485681827313,2.765540207600474,0.2617993877991417,0.0,-1.6126665696960063,180,180,180,180,180,180,180
39.92595171928406,0.13742485681827313,2.765540207600474,0.2617993877991417,0.0,-1.6126665696960063,180,180,180,180,180,180,180
39.93613958358765,0.13742485681827313,2.765540207600474,0.2617993877991417,0.0,-1.6126665696960063,180,180,180,180,180,180,180
39.94632887840271,0.13778789584406465,2.7568825655070888,0.2617993877991417,0.0,-1.6127201016957295,180,180,180,180,180,180,180
39.95655393600464,0.13778789584406465,2.7568825655070888,0.2617993877991417,0.0,-1.6127201016957295,180,180,180,180,180,180,180
39.96677112579346,0.13816083371233184,2.7479608333037975,0.2617993877991417,0.0,-1.6127088639399272,180,180,180,180,180,180,180
39.976985931396484,0.13816083371233184,2.7479608333037975,0.2617993877991417,0.0,-1.6127088639399272,180,180,180,180,180,180,180
39.98720574378967,0.13816083371233184,2.7479608333037975,0.2617993877991417,0.0,-1.6127088639399272,180,180,180,180,180,180,180
39.997374534606934,0.13852525686548803,2.739302582309145,0.2617993877991417,0.0,-1.6126260888607036,180,180,180,180,180,120,180
40.00848054885864,0.13852525686548803,2.739302582309145,0.2617993877991417,0.0,-1.6126260888607036,180,180,180,180,180,120,180
40.02497148513794,0.13888599435846388,2.7306677784863633,0.2617993877991417,0.0,-1.6124497710131669,180,180,180,180,180,120,180
40.035480976104736,0.13888599435846388,2.7306677784863633,0.2617993877991417,0.0,-1.6124497710131669,180,180,180,180,180,120,180
40.04566955566406,0.13888599435846388,2.7306677784863633,0.2617993877991417,0.0,-1.6124497710131669,180,180,180,180,180,120,180
40.05588746070862,0.13888599435846388,2.7306677784863633,0.2617993877991417,0.0,-1.6124497710131669,180,180,180,180,180,120,180
40.066112995147705,0.13925956316012933,2.7217984716319723,0.2617993877991417,0.0,-1.6123876435426858,180,180,180,180,180,120,180
40.07632255554199,0.13925956316012933,2.7217984716319723,0.2617993877991417,0.0,-1.6123876435426858,180,180,180,180,180,120,180
40.086517095565796,0.13925956316012933,2.7217984716319723,0.2617993877991417,0.0,-1.6123876435426858,180,180,180,180,180,120,180
40.09675621986389,0.13961770172347365,2.713226789284039,0.2617993877991417,0.0,-1.612605746177054,180,180,180,180,180,120,180
40.10740661621094,0.13961770172347365,2.713226789284039,0.2617993877991417,0.0,-1.612605746177054,180,180,180,180,180,180,180
40.123759746551514,0.139980316875875,2.704621263041067,0.2617993877991417,0.0,-1.6126641665857118,180,180,180,180,180,180,180
40.13398838043213,0.139980316875875,2.704621263041067,0.2617993877991417,0.0,-1.6126641665857118,180,180,180,180,180,180,180
40.144174575805664,0.139980316875875,2.704621263041067,0.2617993877991417,0.0,-1.6126641665857118,180,180,180,180,180,140,180
40.154348373413086,0.139980316875875,2.704621263041067,0.2617993877991417,0.0,-1.6126641665857118,180,180,180,180,180,140,180
40.16453289985657,0.14035309751677758,2.695752452153216,0.2617993877991417,0.0,-1.6127680925854457,180,180,180,180,180,140,180
40.17540407180786,0.14035309751677758,2.695752452153216,0.2617993877991417,0.0,-1.6127680925854457,180,180,180,180,180,140,180
40.18564772605896,0.14035309751677758,2.695752452153216,0.2617993877991417,0.0,-1.6127680925854457,180,180,180,180,180,140,180
40.19587469100952,0.14071633711266412,2.687134230786512,0.2617993877991417,0.0,-1.612860707044396,180,180,180,180,180,140,180
40.20605993270874,0.14071633711266412,2.687134230786512,0.2617993877991417,0.0,-1.612860707044396,180,180,180,180,180,140,180
40.22608804702759,0.14071633711266412,2.687134230786512,0.2617993877991417,0.0,-1.612860707044396,180,180,180,180,180,140,180
40.23646855354309,0.14108080291411162,2.6785039917842273,0.2617993877991417,0.0,-1.612936254827181,180,180,180,180,180,140,180
40.24666213989258,0.14108080291411162,2.6785039917842273,0.2617993877991417,0.0,-1.612936254827181,180,180,180,180,180,180,180
40.256848096847534,0.14145713026343376,2.6696015603116328,0.2617993877991417,0.0,-1.6130097522234004,180,180,180,180,180,180,180
40.26706647872925,0.14145713026343376,2.6696015603116328,0.2617993877991417,0.0,-1.6130097522234004,180,180,180,180,180,180,180
40.27792024612427,0.14145713026343376,2.6696015603116328,0.2617993877991417,0.0,-1.6130097522234004,180,180,180,180,180,180,180
40.288116693496704,0.14145713026343376,2.6696015603116328,0.2617993877991417,0.0,-1.6130097522234004,180,180,180,180,180,180,180
40.298295974731445,0.141823170000414,2.6609505779186122,0.2617993877991417,0.0,-1.6130766608452853,180,180,180,180,180,180,180
40.30902814865112,0.141823170000414,2.6609505779186122,0.2617993877991417,0.0,-1.6130766608452853,180,180,180,180,180,180,180
40.325308084487915,0.14218971212530568,2.6522926210037445,0.2617993877991417,0.0,-1.6131259371503384,180,180,180,180,180,180,180
40.335527420043945,0.14218971212530568,2.6522926210037445,0.2617993877991417,0.0,-1.6131259371503384,180,180,180,180,180,180,180
40.345717430114746,0.14218971212530568,2.6522926210037445,0.2617993877991417,0.0,-1.6131259371503384,180,180,180,180,180,180,180
40.35592555999756,0.14218971212530568,2.6522926210037445,0.2617993877991417,0.0,-1.6131259371503384,180,180,180,180,180,180,180
40.3741717338562,0.14256597461097775,2.6433710579537375,0.2617993877991417,0.0,-1.6131038583692616,180,180,180,180,180,180,180
40.384395360946655,0.14256597461097775,2.6433710579537375,0.2617993877991417,0.0,-1.6131038583692616,180,180,180,180,180,180,180
40.3947114944458,0.1429337310268356,2.634713872534994,0.2617993877991417,0.0,-1.6130156189344171,180,180,180,180,180,180,180
40.404906034469604,0.1429337310268356,2.634713872534994,0.2617993877991417,0.0,-1.6130156189344171,180,180,180,180,180,180,180
40.41508197784424,0.1429337310268356,2.634713872534994,0.2617993877991417,0.0,-1.6130156189344171,180,180,180,180,180,180,180
40.425832748413086,0.14329768070177798,2.626083038377917,0.2617993877991417,0.0,-1.6128325837962683,180,180,180,180,180,180,180
40.43602514266968,0.14329768070177798,2.626083038377917,0.2617993877991417,0.0,-1.6128325837962683,180,180,180,180,180,180,180
40.44619679450989,0.14329768070177798,2.626083038377917,0.2617993877991417,0.0,-1.6128325837962683,180,180,180,180,180,180,180
40.45638728141785,0.14329768070177798,2.626083038377917,0.2617993877991417,0.0,-1.6128325837962683,180,180,180,180,180,180,180
40.46659231185913,0.1436750712788141,2.617218373545815,0.2617993877991417,0.0,-1.6128062289723675,180,180,180,180,180,180,180
40.476816177368164,0.1436750712788141,2.617218373545815,0.2617993877991417,0.0,-1.6128062289723675,180,180,180,180,180,180,180
40.48701000213623,0.1436750712788141,2.617218373545815,0.2617993877991417,0.0,-1.6128062289723675,180,180,180,180,180,180,180
40.497199058532715,0.14403702076846447,2.6086449645413334,0.2617993877991417,0.0,-1.613014687817244,180,180,180,180,180,180,180
40.50738501548767,0.14403702076846447,2.6086449645413334,0.2617993877991417,0.0,-1.613014687817244,180,180,180,180,180,180,180
40.526243925094604,0.14403702076846447,2.6086449645413334,0.2617993877991417,0.0,-1.613014687817244,180,180,180,180,180,180,180
40.536587953567505,0.1444029187235155,2.600039781457718,0.2617993877991417,0.0,-1.6130836284502919,180,180,180,180,180,180,180
40.546759843826294,0.1444029187235155,2.600039781457718,0.2617993877991417,0.0,-1.6130836284502919,180,180,180,180,180,180,180
40.55709433555603,0.1444029187235155,2.600039781457718,0.2617993877991417,0.0,-1.6130836284502919,180,180,180,180,180,180,180
40.567343950271606,0.14477953449491174,2.591170046373934,0.2617993877991417,0.0,-1.6131874814085878,180,180,180,180,180,180,180
40.58586049079895,0.14477953449491174,2.591170046373934,0.2617993877991417,0.0,-1.6131874814085878,180,180,180,180,180,180,180
40.59610319137573,0.14514648838355584,2.582550589141103,0.2617993877991417,0.0,-1.6132784234887032,180,180,180,180,180,180,180
40.6063277721405,0.14514648838355584,2.582550589141103,0.2617993877991417,0.0,-1.6132784234887032,180,180,180,180,180,180,180
40.616586685180664,0.14514648838355584,2.582550589141103,0.2617993877991417,0.0,-1.6132784234887032,180,180,180,180,180,180,180
40.628528356552124,0.14514648838355584,2.582550589141103,0.2617993877991417,0.0,-1.6132784234887032,180,180,180,180,180,180,180
40.63888931274414,0.14551454674663047,2.5739192777656115,0.2617993877991417,0.0,-1.6133528987602619,180,180,180,180,180,180,180
40.64911961555481,0.14551454674663047,2.5739192777656115,0.2617993877991417,0.0,-1.6133528987602619,180,180,180,180,180,180,180
40.65933036804199,0.14589460330665455,2.5650157458080476,0.2617993877991417,0.0,-1.6134262900242817,180,180,180,180,180,180,180
40.66956663131714,0.14589460330665455,2.5650157458080476,0.2617993877991417,0.0,-1.6134262900242817,180,180,180,180,180,180,180
40.68575954437256,0.14589460330665455,2.5650157458080476,0.2617993877991417,0.0,-1.6134262900242817,180,180,180,180,180,180,180
40.69597291946411,0.14626425227880463,2.556363844064351,0.2617993877991417,0.0,-1.6134918497516597,180,180,180,180,180,180,180
40.706175804138184,0.14626425227880463,2.556363844064351,0.2617993877991417,0.0,-1.6134918497516597,180,180,180,180,180,180,180
40.7164409160614,0.14626425227880463,2.556363844064351,0.2617993877991417,0.0,-1.6134918497516597,180,180,180,180,180,180,180
40.73141527175903,0.14663432478793442,2.5477057007890354,0.2617993877991417,0.0,-1.6135361521747047,180,180,180,180,180,180,180
40.741618394851685,0.14663432478793442,2.5477057007890354,0.2617993877991417,0.0,-1.6135361521747047,180,180,180,180,180,180,180
40.75186061859131,0.14663432478793442,2.5477057007890354,0.2617993877991417,0.0,-1.6135361521747047,180,180,180,180,180,180,180
40.76228165626526,0.14663432478793442,2.5477057007890354,0.2617993877991417,0.0,-1.6135361521747047,180,180,180,180,180,180,180
40.77262496948242,0.14663432478793442,2.5477057007890354,0.2617993877991417,0.0,-1.6135361521747047,180,180,180,180,180,180,180
40.782958984375,0.14663432478793442,2.5477057007890354,0.2617993877991417,0.0,-1.6135361521747047,180,180,180,180,180,180,180
40.79317498207092,0.1473851767513556,2.530128753757082,0.2617993877991417,0.0,-1.61340876345493,180,180,180,180,180,180,180
40.80340075492859,0.1473851767513556,2.530128753757082,0.2617993877991417,0.0,-1.61340876345493,180,180,180,180,180,180,180
40.813645124435425,0.1473851767513556,2.530128753757082,0.2617993877991417,0.0,-1.61340876345493,180,180,180,180,180,180,180
40.82393002510071,0.1477523277675449,2.5215014411520835,0.2617993877991417,0.0,-1.6132253995071544,180,180,180,180,180,180,180
40.8341326713562,0.1477523277675449,2.5215014411520835,0.2617993877991417,0.0,-1.6132253995071544,180,180,180,180,180,180,180
40.84435820579529,0.1477523277675449,2.5215014411520835,0.2617993877991417,0.0,-1.6132253995071544,180,180,180,180,180,180,180
40.854560136795044,0.1477523277675449,2.5215014411520835,0.2617993877991417,0.0,-1.6132253995071544,180,180,180,180,180,180,180
40.86478042602539,0.14813316974735366,2.5126422977534446,0.2617993877991417,0.0,-1.6132390401386625,180,180,180,180,180,180,180
40.88017272949219,0.14813316974735366,2.5126422977534446,0.2617993877991417,0.0,-1.6132390401386625,180,180,180,180,180,180,180
40.89037847518921,0.1484993638043578,2.504064336961228,0.2617993877991417,0.0,-1.6134183276992118,180,180,180,180,180,180,180
40.90054941177368,0.1484993638043578,2.504064336961228,0.2617993877991417,0.0,-1.6134183276992118,180,180,180,180,180,180,180
40.91072702407837,0.1484993638043578,2.504064336961228,0.2617993877991417,0.0,-1.6134183276992118,180,180,180,180,180,180,180
40.924601316452026,0.1484993638043578,2.504064336961228,0.2617993877991417,0.0,-1.6134183276992118,180,180,180,180,180,180,180
40.93492889404297,0.14886857752177884,2.495459593824081,0.2617993877991417,0.0,-1.6134980664021294,180,180,180,180,180,180,180
40.94510865211487,0.14886857752177884,2.495459593824081,0.2617993877991417,0.0,-1.6134980664021294,180,180,180,180,180,180,180
40.95543956756592,0.14924894575709982,2.4865888237897553,0.2617993877991417,0.0,-1.613601479281647,180,180,180,180,180,180,180
40.965643644332886,0.14924894575709982,2.4865888237897553,0.2617993877991417,0.0,-1.613601479281647,180,180,180,180,180,180,180
40.97662544250488,0.14924894575709982,2.4865888237897553,0.2617993877991417,0.0,-1.613601479281647,180,180,180,180,180,180,180
40.98684525489807,0.14924894575709982,2.4865888237897553,0.2617993877991417,0.0,-1.613601479281647,180,180,180,180,180,180,180
40.99706244468689,0.14961955336559224,2.4779680230038017,0.2617993877991417,0.0,-1.613690405819081,180,180,180,180,180,180,180
41.00727653503418,0.14961955336559224,2.4779680230038017,0.2617993877991417,0.0,-1.613690405819081,180,180,180,180,180,180,180
41.01747393608093,0.14961955336559224,2.4779680230038017,0.2617993877991417,0.0,-1.613690405819081,180,180,180,180,180,180,180
41.02894330024719,0.14999116918600758,2.469335596853456,0.2617993877991417,0.0,-1.6137640187022333,180,180,180,180,180,180,180
41.03914833068848,0.14999116918600758,2.469335596853456,0.2617993877991417,0.0,-1.6137640187022333,180,180,180,180,180,180,180
41.049325704574585,0.14999116918600758,2.469335596853456,0.2617993877991417,0.0,-1.6137640187022333,180,180,180,180,180,180,180
41.05950331687927,0.15037491041305692,2.4604308789791003,0.2617993877991417,0.0,-1.613837405660762,180,180,180,180,180,180,180
41.069700479507446,0.15037491041305692,2.4604308789791003,0.2617993877991417,0.0,-1.613837405660762,180,180,180,180,180,180,180
41.08004975318909,0.15037491041305692,2.4604308789791003,0.2617993877991417,0.0,-1.613837405660762,180,180,180,180,180,180,180
41.09025478363037,0.1507481195733442,2.451778027654616,0.2617993877991417,0.0,-1.613901407499666,180,180,180,180,180,180,180
41.10045075416565,0.1507481195733442,2.451778027654616,0.2617993877991417,0.0,-1.613901407499666,180,180,180,180,180,180,180
41.11062526702881,0.1507481195733442,2.451778027654616,0.2617993877991417,0.0,-1.613901407499666,180,180,180,180,180,180,180
41.126994132995605,0.15112163937658596,2.4431197456601774,0.2617993877991417,0.0,-1.6139399381129158,180,180,180,180,180,180,180
41.13718819618225,0.15112163937658596,2.4431197456601774,0.2617993877991417,0.0,-1.6139399381129158,180,180,180,180,180,180,180
41.14739489555359,0.15112163937658596,2.4431197456601774,0.2617993877991417,0.0,-1.6139399381129158,180,180,180,180,180,180,180
41.157716512680054,0.15112163937658596,2.4431197456601774,0.2617993877991417,0.0,-1.6139399381129158,180,180,180,180,180,180,180
41.1680850982666,0.15150498975398546,2.434198681941805,0.2617993877991417,0.0,-1.613897326029421,180,180,180,180,180,180,180
41.186102867126465,0.15150498975398546,2.434198681941805,0.2617993877991417,0.0,-1.613897326029421,180,180,180,180,180,180,180
41.196444034576416,0.1518794690366441,2.4255450924999558,0.2617993877991417,0.0,-1.6137938684076383,180,180,180,180,180,180,180
41.20672869682312,0.1518794690366441,2.4255450924999558,0.2617993877991417,0.0,-1.6137938684076383,180,180,180,180,180,180,180
41.21710991859436,0.1518794690366441,2.4255450924999558,0.2617993877991417,0.0,-1.6137938684076383,180,180,180,180,180,180,180
41.23358225822449,0.15224965134306664,2.416920966977952,0.2617993877991417,0.0,-1.6136154492410881,180,180,180,180,180,180,180
41.24381685256958,0.15224965134306664,2.416920966977952,0.2617993877991417,0.0,-1.6136154492410881,180,180,180,180,180,180,180
41.25401020050049,0.15224965134306664,2.416920966977952,0.2617993877991417,0.0,-1.6136154492410881,180,180,180,180,180,180,180
41.26428580284119,0.1526337648243394,2.408068060613009,0.2617993877991417,0.0,-1.613672594402086,180,180,180,180,180,180,180
41.27755832672119,0.1526337648243394,2.408068060613009,0.2617993877991417,0.0,-1.613672594402086,180,180,180,180,180,180,180
41.28774905204773,0.1526337648243394,2.408068060613009,0.2617993877991417,0.0,-1.613672594402086,180,180,180,180,180,180,180
41.298136711120605,0.15300450468261442,2.3994836881369332,0.2617993877991417,0.0,-1.6138134325343996,180,180,180,180,180,180,180
41.30842065811157,0.15300450468261442,2.3994836881369332,0.2617993877991417,0.0,-1.6138134325343996,180,180,180,180,180,180,180
41.3185977935791,0.15300450468261442,2.3994836881369332,0.2617993877991417,0.0,-1.6138134325343996,180,180,180,180,180,180,180
41.33087420463562,0.1533767449368149,2.3908801182955535,0.2617993877991417,0.0,-1.613906404226234,180,180,180,180,180,180,180
41.3410758972168,0.1533767449368149,2.3908801182955535,0.2617993877991417,0.0,-1.613906404226234,180,180,180,180,180,180,180
41.35128045082092,0.1533767449368149,2.3908801182955535,0.2617993877991417,0.0,-1.613906404226234,180,180,180,180,180,180,180
41.36147737503052,0.1537607765807951,2.382008340808505,0.2617993877991417,0.0,-1.6140091771731724,180,180,180,180,180,180,180
41.377750635147095,0.1537607765807951,2.382008340808505,0.2617993877991417,0.0,-1.6140091771731724,180,180,180,180,180,180,180
41.38794469833374,0.1537607765807951,2.382008340808505,0.2617993877991417,0.0,-1.6140091771731724,180,180,180,180,180,180,180
41.398139238357544,0.15413495649446732,2.3733862616846864,0.2617993877991417,0.0,-1.6140960679640244,180,180,180,180,180,180,180
41.408366203308105,0.15413495649446732,2.3733862616846864,0.2617993877991417,0.0,-1.6140960679640244,180,180,180,180,180,180,180
41.42657232284546,0.15451009319685333,2.364752805831247,0.2617993877991417,0.0,-1.6141690369396229,180,180,180,180,180,180,180
41.43682360649109,0.15451009319685333,2.364752805831247,0.2617993877991417,0.0,-1.6141690369396229,180,180,180,180,180,180,180
41.44703006744385,0.15451009319685333,2.364752805831247,0.2617993877991417,0.0,-1.6141690369396229,180,180,180,180,180,180,180
41.45726490020752,0.15451009319685333,2.364752805831247,0.2617993877991417,0.0,-1.6141690369396229,180,180,180,180,180,180,180
41.46758675575256,0.15489746374633473,2.3558469712307604,0.2617993877991417,0.0,-1.6142423270026156,180,180,180,180,180,180,180
41.47781181335449,0.15489746374633473,2.3558469712307604,0.2617993877991417,0.0,-1.6142423270026156,180,180,180,180,180,180,180
41.48799705505371,0.15489746374633473,2.3558469712307604,0.2617993877991417,0.0,-1.6142423270026156,180,180,180,180,180,180,180
41.49820685386658,0.15527417914446298,2.3471932927965904,0.2617993877991417,0.0,-1.6143049392859565,180,180,180,180,180,180,180
41.50842022895813,0.15527417914446298,2.3471932927965904,0.2617993877991417,0.0,-1.6143049392859565,180,180,180,180,180,180,180
41.5250141620636,0.1556510322390501,2.3385349911578452,0.2617993877991417,0.0,-1.6143364215369762,180,180,180,180,180,180,180
41.535285234451294,0.1556510322390501,2.3385349911578452,0.2617993877991417,0.0,-1.6143364215369762,180,180,180,180,180,180,180
41.545499086380005,0.1556510322390501,2.3385349911578452,0.2617993877991417,0.0,-1.6143364215369762,180,180,180,180,180,180,180
41.555726528167725,0.1556510322390501,2.3385349911578452,0.2617993877991417,0.0,-1.6143364215369762,180,180,180,180,180,180,180
41.57348036766052,0.15603835484749742,2.329614202924671,0.2617993877991417,0.0,-1.6142847254392008,180,180,180,180,180,180,180
41.58368492126465,0.15603835484749742,2.329614202924671,0.2617993877991417,0.0,-1.6142847254392008,180,180,180,180,180,180,180
41.59388470649719,0.1564159244318785,2.320963382045554,0.2617993877991417,0.0,-1.6141686301577414,180,180,180,180,180,180,180
41.60412406921387,0.1564159244318785,2.320963382045554,0.2617993877991417,0.0,-1.6141686301577414,180,180,180,180,180,180,180
41.614320278167725,0.1564159244318785,2.320963382045554,0.2617993877991417,0.0,-1.6141686301577414,180,180,180,180,180,180,180
41.62576985359192,0.1564159244318785,2.320963382045554,0.2617993877991417,0.0,-1.6141686301577414,180,180,180,180,180,180,180
41.636144161224365,0.1567891313543725,2.3123421161595594,0.2617993877991417,0.0,-1.614000250714015,180,180,180,180,180,180,180
41.64657187461853,0.1567891313543725,2.3123421161595594,0.2617993877991417,0.0,-1.614000250714015,180,180,180,180,180,180,180
41.65687298774719,0.1567891313543725,2.3123421161595594,0.2617993877991417,0.0,-1.614000250714015,180,180,180,180,180,180,180
41.67552471160889,0.15717636258142317,2.3034957244751504,0.2617993877991417,0.0,-1.614103266993186,180,180,180,180,180,180,180
41.68574571609497,0.15717636258142317,2.3034957244751504,0.2617993877991417,0.0,-1.614103266993186,180,180,180,180,180,180,180
41.695937633514404,0.15755163289971513,2.2949066319811338,0.2617993877991417,0.0,-1.6142208802725566,180,180,180,180,180,180,180
41.706169843673706,0.15755163289971513,2.2949066319811338,0.2617993877991417,0.0,-1.6142208802725566,180,180,180,180,180,180,180
41.71663784980774,0.15755163289971513,2.2949066319811338,0.2617993877991417,0.0,-1.6142208802725566,180,180,180,180,180,180,180
41.73398470878601,0.15792684234708257,2.286303497847003,0.2617993877991417,0.0,-1.614321350361619,180,180,180,180,180,180,180
41.74420881271362,0.15792684234708257,2.286303497847003,0.2617993877991417,0.0,-1.614321350361619,180,180,180,180,180,180,180
41.75439214706421,0.15792684234708257,2.286303497847003,0.2617993877991417,0.0,-1.614321350361619,180,180,180,180,180,180,180
41.764612913131714,0.15831459365055123,2.277430630406506,0.2617993877991417,0.0,-1.614423386915508,180,180,180,180,180,180,180
41.78216552734375,0.15831459365055123,2.277430630406506,0.2617993877991417,0.0,-1.614423386915508,180,180,180,180,180,180,180
41.792436599731445,0.15869239267245489,2.268807212667674,0.2617993877991417,0.0,-1.6145082199379708,180,180,180,180,180,180,180
41.802674770355225,0.15869239267245489,2.268807212667674,0.2617993877991417,0.0,-1.6145082199379708,180,180,180,180,180,180,180
41.812994718551636,0.15869239267245489,2.268807212667674,0.2617993877991417,0.0,-1.6145082199379708,180,180,180,180,180,180,180
41.82946443557739,0.15869239267245489,2.268807212667674,0.2617993877991417,0.0,-1.6145082199379708,180,180,180,180,180,180,180
41.839893102645874,0.15907112031968434,2.260172685135521,0.2617993877991417,0.0,-1.6145808044688097,180,180,180,180,180,180,180
41.85010552406311,0.15907112031968434,2.260172685135521,0.2617993877991417,0.0,-1.6145808044688097,180,180,180,180,180,180,180
41.86029410362244,0.15946218239146184,2.2512656894423957,0.2617993877991417,0.0,-1.6146538922223916,180,180,180,180,180,180,180
41.875518560409546,0.15946218239146184,2.2512656894423957,0.2617993877991417,0.0,-1.6146538922223916,180,180,180,180,180,180,180
41.88573622703552,0.15946218239146184,2.2512656894423957,0.2617993877991417,0.0,-1.6146538922223916,180,180,180,180,180,180,180
41.8959538936615,0.1598424703876842,2.242611227739003,0.2617993877991417,0.0,-1.6147156390979736,180,180,180,180,180,180,180
41.90657591819763,0.1598424703876842,2.242611227739003,0.2617993877991417,0.0,-1.6147156390979736,180,180,180,180,180,180,180
41.91680598258972,0.1598424703876842,2.242611227739003,0.2617993877991417,0.0,-1.6147156390979736,180,180,180,180,180,180,180
41.927019357681274,0.1602226492064235,2.2339529342397855,0.2617993877991417,0.0,-1.61473814105938,180,180,180,180,180,180,180
41.93725824356079,0.1602226492064235,2.2339529342397855,0.2617993877991417,0.0,-1.61473814105938,180,180,180,180,180,180,180
41.947418451309204,0.1602226492064235,2.2339529342397855,0.2617993877991417,0.0,-1.61473814105938,180,180,180,180,180,180,180
41.95762825012207,0.1602226492064235,2.2339529342397855,0.2617993877991417,0.0,-1.61473814105938,180,180,180,180,180,180,180
41.97462844848633,0.16061430957710432,2.225032338896665,0.2617993877991417,0.0,-1.6146768495823478,180,180,180,180,180,180,180
41.9848268032074,0.16061430957710432,2.225032338896665,0.2617993877991417,0.0,-1.6146768495823478,180,180,180,180,180,180,180
41.99501991271973,0.16099476467702298,2.2163850423709976,0.2617993877991417,0.0,-1.6145458710590082,180,180,180,180,180,180,180
42.00522470474243,0.16099476467702298,2.2163850423709976,0.2617993877991417,0.0,-1.6145458710590082,180,180,180,180,180,180,180
42.01543998718262,0.16099476467702298,2.2163850423709976,0.2617993877991417,0.0,-1.6145458710590082,180,180,180,180,180,180,180
42.02594304084778,0.16137143375399549,2.2077664384968987,0.2617993877991417,0.0,-1.6143927553532142,180,180,180,180,180,180,180
42.03615093231201,0.16137143375399549,2.2077664384968987,0.2617993877991417,0.0,-1.6143927553532142,180,180,180,180,180,180,180
42.0463502407074,0.16137143375399549,2.2077664384968987,0.2617993877991417,0.0,-1.6143927553532142,180,180,180,180,180,180,180
42.05654335021973,0.16137143375399549,2.2077664384968987,0.2617993877991417,0.0,-1.6143927553532142,180,180,180,180,180,180,180
42.07439637184143,0.16176155211030857,2.198926158811296,0.2617993877991417,0.0,-1.6145394379604596,180,180,180,180,180,180,180
42.08460068702698,0.16176155211030857,2.198926158811296,0.2617993877991417,0.0,-1.6145394379604596,180,180,180,180,180,180,180
42.0950710773468,0.16214107880139697,2.190331179651748,0.2617993877991417,0.0,-1.614626971434215,180,180,180,180,180,180,180
42.105751514434814,0.16214107880139697,2.190331179651748,0.2617993877991417,0.0,-1.614626971434215,180,180,180,180,180,180,180
42.11602425575256,0.16214107880139697,2.190331179651748,0.2617993877991417,0.0,-1.614626971434215,180,180,180,180,180,180,180
42.12691831588745,0.16251943255877976,2.1817280022579904,0.2617993877991417,0.0,-1.6147315541552372,180,180,180,180,180,180,180
42.13714647293091,0.16251943255877976,2.1817280022579904,0.2617993877991417,0.0,-1.6147315541552372,180,180,180,180,180,180,180
42.147358655929565,0.16251943255877976,2.1817280022579904,0.2617993877991417,0.0,-1.6147315541552372,180,180,180,180,180,180,180
42.157546043395996,0.16251943255877976,2.1817280022579904,0.2617993877991417,0.0,-1.6147315541552372,180,180,180,180,180,180,180
42.1756477355957,0.1629108681726941,2.172854049243872,0.2617993877991417,0.0,-1.6148324750419292,180,180,180,180,180,180,180
42.18584084510803,0.1629108681726941,2.172854049243872,0.2617993877991417,0.0,-1.6148324750419292,180,180,180,180,180,180,180
42.19603204727173,0.16329223634871268,2.1642293339342666,0.2617993877991417,0.0,-1.6149150690408458,180,180,180,180,180,180,180
42.206249713897705,0.16329223634871268,2.1642293339342666,0.2617993877991417,0.0,-1.6149150690408458,180,180,180,180,180,180,180
42.22564935684204,0.16329223634871268,2.1642293339342666,0.2617993877991417,0.0,-1.6149150690408458,180,180,180,180,180,180,180
42.23602604866028,0.1636745074382856,2.1555937953583832,0.2617993877991417,0.0,-1.614987533050948,180,180,180,180,180,180,180
42.24625039100647,0.1636745074382856,2.1555937953583832,0.2617993877991417,0.0,-1.614987533050948,180,180,180,180,180,180,180
42.25644493103027,0.1636745074382856,2.1555937953583832,0.2617993877991417,0.0,-1.614987533050948,180,180,180,180,180,180,180
42.274107456207275,0.16406921388827692,2.146685706884664,0.2617993877991417,0.0,-1.615060271103565,180,180,180,180,180,180,180
42.28432583808899,0.16406921388827692,2.146685706884664,0.2617993877991417,0.0,-1.615060271103565,180,180,180,180,180,180,180
42.29449915885925,0.16445301893782796,2.1380305847987406,0.2617993877991417,0.0,-1.615120631197659,180,180,180,180,180,180,180
42.30469560623169,0.16445301893782796,2.1380305847987406,0.2617993877991417,0.0,-1.615120631197659,180,180,180,180,180,180,180
42.314908504486084,0.16445301893782796,2.1380305847987406,0.2617993877991417,0.0,-1.615120631197659,180,180,180,180,180,180,180
42.32548666000366,0.16445301893782796,2.1380305847987406,0.2617993877991417,0.0,-1.615120631197659,180,180,180,180,180,180,180
42.33566761016846,0.16483644380346468,2.1293723882805273,0.2617993877991417,0.0,-1.6151339135886658,180,180,180,180,180,180,180
42.34586572647095,0.16483644380346468,2.1293723882805273,0.2617993877991417,0.0,-1.6151339135886658,180,180,180,180,180,180,180
42.356014013290405,0.16483644380346468,2.1293723882805273,0.2617993877991417,0.0,-1.6151339135886658,180,180,180,180,180,180,180
42.3662531375885,0.16523254406510987,2.120452023808659,0.2617993877991417,0.0,-1.6150636885211291,180,180,180,180,180,180,180
42.37648797035217,0.16523254406510987,2.120452023808659,0.2617993877991417,0.0,-1.6150636885211291,180,180,180,180,180,180,180
42.38667440414429,0.16523254406510987,2.120452023808659,0.2617993877991417,0.0,-1.6150636885211291,180,180,180,180,180,180,180
42.396846294403076,0.1656155888066336,2.1118088265666435,0.2617993877991417,0.0,-1.6149163692185036,180,180,180,180,180,180,180
42.40717363357544,0.1656155888066336,2.1118088265666435,0.2617993877991417,0.0,-1.6149163692185036,180,180,180,180,180,180,180
42.42436099052429,0.16599622636134545,2.1031928489429625,0.2617993877991417,0.0,-1.6147838818518865,180,180,180,180,180,180,180
42.43454360961914,0.16599622636134545,2.1031928489429625,0.2617993877991417,0.0,-1.6147838818518865,180,180,180,180,180,180,180
42.44476580619812,0.16599622636134545,2.1031928489429625,0.2617993877991417,0.0,-1.6147838818518865,180,180,180,180,180,180,180
42.45496892929077,0.16599622636134545,2.1031928489429625,0.2617993877991417,0.0,-1.6147838818518865,180,180,180,180,180,180,180
42.46531558036804,0.16638887874006938,2.094357474060456,0.2617993877991417,0.0,-1.6149665926725996,180,180,180,180,180,180,180
42.47605872154236,0.16638887874006938,2.094357474060456,0.2617993877991417,0.0,-1.6149665926725996,180,180,180,180,180,180,180
42.486263036727905,0.16638887874006938,2.094357474060456,0.2617993877991417,0.0,-1.6149665926725996,180,180,180,180,180,180,180
42.49644446372986,0.16677223386946113,2.0857584136519347,0.2617993877991417,0.0,-1.6150374826269485,180,180,180,180,180,180,180
42.506641149520874,0.16677223386946113,2.0857584136519347,0.2617993877991417,0.0,-1.6150374826269485,180,180,180,180,180,180,180
42.52361583709717,0.1671540699198334,2.0771543001046764,0.2617993877991417,0.0,-1.6151413438415394,180,180,180,180,180,180,180
42.53381896018982,0.1671540699198334,2.0771543001046764,0.2617993877991417,0.0,-1.6151413438415394,180,180,180,180,180,180,180
42.54400300979614,0.1671540699198334,2.0771543001046764,0.2617993877991417,0.0,-1.6151413438415394,180,180,180,180,180,180,180
42.55420279502869,0.1671540699198334,2.0771543001046764,0.2617993877991417,0.0,-1.6151413438415394,180,180,180,180,180,180,180
42.564391136169434,0.1675492029755626,2.0682792023502197,0.2617993877991417,0.0,-1.6152412132559355,180,180,180,180,180,180,180
42.576316833496094,0.1675492029755626,2.0682792023502197,0.2617993877991417,0.0,-1.6152412132559355,180,180,180,180,180,180,180
42.58651280403137,0.1675492029755626,2.0682792023502197,0.2617993877991417,0.0,-1.6152412132559355,180,180,180,180,180,180,180
42.59671497344971,0.1679341429316402,2.059653176337194,0.2617993877991417,0.0,-1.6153218526865112,180,180,180,180,180,180,180
42.607495069503784,0.1679341429316402,2.059653176337194,0.2617993877991417,0.0,-1.6153218526865112,180,180,180,180,180,180,180
42.624009132385254,0.16831995399432637,2.0510165621444196,0.2617993877991417,0.0,-1.6153943152795949,180,180,180,180,180,180,180
42.63423299789429,0.16831995399432637,2.0510165621444196,0.2617993877991417,0.0,-1.6153943152795949,180,180,180,180,180,180,180
42.644423484802246,0.16831995399432637,2.0510165621444196,0.2617993877991417,0.0,-1.6153943152795949,180,180,180,180,180,180,180
42.65461349487305,0.16831995399432637,2.0510165621444196,0.2617993877991417,0.0,-1.6153943152795949,180,180,180,180,180,180,180
42.66480827331543,0.16871830647614103,2.042107359679265,0.2617993877991417,0.0,-1.6154664566725996,180,180,180,180,180,180,180
42.67555332183838,0.16871830647614103,2.042107359679265,0.2617993877991417,0.0,-1.6154664566725996,180,180,180,180,180,180,180
42.685773611068726,0.16871830647614103,2.042107359679265,0.2617993877991417,0.0,-1.6154664566725996,180,180,180,180,180,180,180
42.69596529006958,0.1691056155884608,2.0334516569832406,0.2617993877991417,0.0,-1.6155245279411563,180,180,180,180,180,180,180
42.70617341995239,0.1691056155884608,2.0334516569832406,0.2617993877991417,0.0,-1.6155245279411563,180,180,180,180,180,180,180
42.724597215652466,0.1691056155884608,2.0334516569832406,0.2617993877991417,0.0,-1.6155245279411563,180,180,180,180,180,180,180
42.73488187789917,0.1694922622911696,2.0247935581224907,0.2617993877991417,0.0,-1.6155279424747395,180,180,180,180,180,180,180
42.74509525299072,0.1694922622911696,2.0247935581224907,0.2617993877991417,0.0,-1.6155279424747395,180,180,180,180,180,180,180
42.75526547431946,0.1694922622911696,2.0247935581224907,0.2617993877991417,0.0,-1.6155279424747395,180,180,180,180,180,180,180
42.76546883583069,0.16989260251287033,2.0158735827523633,0.2617993877991417,0.0,-1.6154498504767911,180,180,180,180,180,180,180
42.776285886764526,0.16989260251287033,2.0158735827523633,0.2617993877991417,0.0,-1.6154498504767911,180,180,180,180,180,180,180
42.786460399627686,0.16989260251287033,2.0158735827523633,0.2617993877991417,0.0,-1.6154498504767911,180,180,180,180,180,180,180
42.79665470123291,0.17027823049550803,2.0072347175995087,0.2617993877991417,0.0,-1.6152862492722428,180,180,180,180,180,180,180
42.80701732635498,0.17027823049550803,2.0072347175995087,0.2617993877991417,0.0,-1.6152862492722428,180,180,180,180,180,180,180
42.82590341567993,0.17066335077186745,1.9986215337929685,0.2617993877991417,0.0,-1.6151787132498694,180,180,180,180,180,180,180
42.83612251281738,0.17066335077186745,1.9986215337929685,0.2617993877991417,0.0,-1.6151787132498694,180,180,180,180,180,180,180
42.84635329246521,0.17066335077186745,1.9986215337929685,0.2617993877991417,0.0,-1.6151787132498694,180,180,180,180,180,180,180
42.856558322906494,0.17066335077186745,1.9986215337929685,0.2617993877991417,0.0,-1.6151787132498694,180,180,180,180,180,180,180
42.86699604988098,0.17105841730926793,1.9897896778404787,0.2617993877991417,-0.05235987755982833,-1.6153883480116633,180,180,180,180,180,180,180
42.87722444534302,0.17105841730926793,1.9897896778404787,0.2617993877991417,-0.05235987755982833,-1.6153883480116633,180,180,180,180,180,180,180
42.88741731643677,0.17105841730926793,1.9897896778404787,0.2617993877991417,-0.08726646259971389,-1.6153883480116633,180,180,180,180,180,180,180
42.89761805534363,0.17144517602769155,1.9811882434806922,0.2617993877991417,-0.17453292519942779,-1.615452574997359,180,180,180,180,180,180,180
42.90779423713684,0.17144517602769155,1.9811882434806922,0.2617993877991417,-0.17453292519942779,-1.615452574997359,180,180,180,180,180,180,180
42.923662185668945,0.17182546399724338,1.9725771581024671,0.2617993877991417,-0.20943951023931331,-1.614160197193947,180,180,180,180,180,180,180
42.93387031555176,0.17182546399724338,1.9725771581024671,0.2617993877991417,-0.2268928027592561,-1.614160197193947,180,180,180,180,180,180,180
42.944066762924194,0.17182546399724338,1.9725771581024671,0.2617993877991417,-0.24434609527919887,-1.614160197193947,180,180,180,180,180,180,180
42.95425629615784,0.17182546399724338,1.9725771581024671,0.2617993877991417,-0.24434609527919887,-1.614160197193947,180,180,180,180,180,180,180
42.96444272994995,0.17219321884592692,1.9636884389008817,0.2617993877991417,-0.2617993877991417,-1.608646232616949,180,180,180,180,180,180,180
42.98069977760315,0.17219321884592692,1.9636884389008817,0.2617993877991417,-0.27925268031908446,-1.608646232616949,180,180,180,180,180,180,180
42.99086141586304,0.17249051772953533,1.9549914350368292,0.2617993877991417,-0.27925268031908446,-1.6007549802533696,180,180,180,180,180,180,180
43.0011146068573,0.17249051772953533,1.9549914350368292,0.2617993877991417,-0.2967059728390272,-1.6007549802533696,180,180,180,180,180,180,180
43.01135301589966,0.17249051772953533,1.9549914350368292,0.2617993877991417,-0.27925268031908446,-1.6007549802533696,180,180,180,180,180,180,180
43.0238561630249,0.17249051772953533,1.9549914350368292,0.2617993877991417,-0.27925268031908446,-1.6007549802533696,180,180,180,180,180,180,180
43.03403615951538,0.1727146842368365,1.9462723906807387,0.2617993877991417,-0.05235987755982833,-1.5917072666906098,180,180,180,180,180,180,180
43.044259548187256,0.1727146842368365,1.9462723906807387,0.2617993877991417,0.0,-1.5917072666906098,180,180,180,180,180,180,180
43.05448341369629,0.1727146842368365,1.9462723906807387,0.2617993877991417,0.0,-1.5917072666906098,180,180,180,180,180,180,180
43.06465983390808,0.1728622765476608,1.9372720956836105,0.2617993877991417,0.0,-1.5822973535771687,180,180,180,180,180,180,180
43.07631158828735,0.1728622765476608,1.9372720956836105,0.2617993877991417,0.0,-1.5822973535771687,180,180,180,180,180,180,180
43.08654975891113,0.1728622765476608,1.9372720956836105,0.2617993877991417,0.0,-1.5822973535771687,180,180,180,180,180,180,180
43.096763134002686,0.17293827076568158,1.92859288513983,0.2617993877991417,0.0,-1.578080850860548,180,180,180,180,180,180,180
43.107563734054565,0.17293827076568158,1.92859288513983,0.2617993877991417,0.0,-1.578080850860548,180,180,180,180,180,180,180
43.12370276451111,0.17300001751614105,1.9199197464505828,0.2617993877991417,0.0,-1.578110189065954,180,180,180,180,180,180,180
43.134684801101685,0.17300001751614105,1.9199197464505828,0.2617993877991417,0.0,-1.578110189065954,180,180,180,180,180,180,180
43.14494848251343,0.17300001751614105,1.9199197464505828,0.2617993877991417,0.0,-1.578110189065954,180,180,180,180,180,180,180
43.15515947341919,0.17300001751614105,1.9199197464505828,0.2617993877991417,0.0,-1.578110189065954,180,180,180,180,180,180,180
43.16542601585388,0.17306213405181398,1.9109876388669547,0.2617993877991417,0.0,-1.578072710624559,180,180,180,180,180,180,180
43.17562532424927,0.17306213405181398,1.9109876388669547,0.2617993877991417,0.0,-1.578072710624559,180,180,180,180,180,180,180
43.18586730957031,0.17306213405181398,1.9109876388669547,0.2617993877991417,0.0,-1.578072710624559,180,180,180,180,180,180,180
43.19614815711975,0.1731219797319476,1.902327559007366,0.2617993877991417,0.0,-1.5781014612190547,180,180,180,180,180,180,180
43.206368923187256,0.1731219797319476,1.902327559007366,0.2617993877991417,0.0,-1.5781014612190547,180,180,180,180,180,180,180
43.22368311882019,0.1731219797319476,1.902327559007366,0.2617993877991417,0.0,-1.5781014612190547,180,180,180,180,180,180,180
43.2339985370636,0.1731896719639371,1.8937276949095008,0.2617993877991417,0.0,-1.5781356963486888,180,180,180,180,180,180,180
43.24423551559448,0.1731896719639371,1.8937276949095008,0.2617993877991417,0.0,-1.5781356963486888,180,180,180,180,180,180,180
43.254475593566895,0.1731896719639371,1.8937276949095008,0.2617993877991417,0.0,-1.5781356963486888,180,180,180,180,180,180,180
43.26470065116882,0.1731896719639371,1.8937276949095008,0.2617993877991417,0.0,-1.5781356963486888,180,180,180,180,180,180,180
43.27542066574097,0.1731896719639371,1.8937276949095008,0.2617993877991417,0.0,-1.5781356963486888,180,180,180,180,180,180,180
43.28576707839966,0.17325669059839502,1.8848692436128407,0.2617993877991417,-0.05235987755982833,-1.5782000957435298,180,180,180,180,180,180,180
43.295965909957886,0.17332110449031252,1.8762627443859583,0.2617993877991417,-0.08726646259971389,-1.5782617963787242,180,180,180,180,180,180,180
43.306267738342285,0.17332110449031252,1.8762627443859583,0.2617993877991417,-0.08726646259971389,-1.5782617963787242,180,180,180,180,180,180,180
43.32442307472229,0.17332110449031252,1.8762627443859583,0.2617993877991417,-0.17453292519942779,-1.5782617963787242,180,180,180,180,180,180,180
43.334832429885864,0.1733799425444413,1.8676112366581539,0.2617993877991417,-0.2967059728390272,-1.576521524417057,180,180,180,180,180,180,180
43.34503483772278,0.1733799425444413,1.8676112366581539,0.2617993877991417,-0.31415926535897,-1.576521524417057,180,180,180,180,180,180,180
43.3552668094635,0.1733799425444413,1.8676112366581539,0.2617993877991417,-0.41887902047862663,-1.576521524417057,180,180,180,180,180,180,180
43.365501165390015,0.17341231343035676,1.8586685804235192,0.2617993877991417,-0.41887902047862663,-1.5712959465915188,180,180,180,180,180,180,180
43.375699520111084,0.17341231343035676,1.8586685804235192,0.2617993877991417,-0.43633231299856945,-1.5712959465915188,180,180,180,180,180,180,180
43.385905027389526,0.17341231343035676,1.8586685804235192,0.2617993877991417,-0.43633231299856945,-1.5712959465915188,180,180,180,180,180,180,180
43.39607334136963,0.17337897129973184,1.8499607866543408,0.2617993877991417,-0.43633231299856945,-1.5605059203584817,180,180,180,180,180,180,180
43.40634107589722,0.17337897129973184,1.8499607866543408,0.2617993877991417,-0.43633231299856945,-1.5605059203584817,180,180,180,180,180,180,180
43.41656136512756,0.17337897129973184,1.8499607866543408,0.2617993877991417,-0.43633231299856945,-1.5605059203584817,180,180,180,180,180,180,180
43.42975878715515,0.17322879037916117,1.841189208177303,0.2617993877991417,-0.43633231299856945,-1.546206931669195,180,180,180,180,180,180,180
43.43995499610901,0.17322879037916117,1.841189208177303,0.2617993877991417,-0.43633231299856945,-1.546206931669195,180,180,180,180,180,180,180
43.450153827667236,0.17322879037916117,1.841189208177303,0.2617993877991417,-0.43633231299856945,-1.546206931669195,180,180,180,180,180,180,180
43.46032977104187,0.17294167892279244,1.8321426593989618,0.2617993877991417,-0.43633231299856945,-1.531423508007208,180,180,180,180,180,180,180
43.47688150405884,0.17294167892279244,1.8321426593989618,0.2617993877991417,-0.43633231299856945,-1.531423508007208,180,180,180,180,180,180,180
43.487117767333984,0.17294167892279244,1.8321426593989618,0.2617993877991417,-0.40142572795868386,-1.531423508007208,180,180,180,180,180,180,180
43.4973304271698,0.17253409427618574,1.8233570869506037,0.2617993877991417,-0.40142572795868386,-1.5170660324133916,180,180,180,180,180,180,180
43.507503032684326,0.17253409427618574,1.8233570869506037,0.2617993877991417,-0.27925268031908446,-1.5170660324133916,180,180,180,180,180,180,180
43.52642488479614,0.17200425020154864,1.8145878409093583,0.2617993877991417,-0.27925268031908446,-1.5038326357895553,180,180,180,180,180,180,180
43.53667092323303,0.17200425020154864,1.8145878409093583,0.2617993877991417,-0.2268928027592561,-1.5038326357895553,180,180,180,180,180,180,180
43.546863317489624,0.17200425020154864,1.8145878409093583,0.2617993877991417,-0.2268928027592561,-1.5038326357895553,180,180,180,180,180,180,180
43.55721116065979,0.17200425020154864,1.8145878409093583,0.2617993877991417,-0.12217304763959944,-1.5038326357895553,180,180,180,180,180,180,180
43.572686195373535,0.17134355930224748,1.8054827781209069,0.2617993877991417,-0.12217304763959944,-1.4926323895055829,180,180,180,180,180,180,180
43.58288216590881,0.17134355930224748,1.8054827781209069,0.2617993877991417,-0.10471975511965666,-1.4926323895055829,180,180,180,180,180,180,180
43.59309220314026,0.17061007978426512,1.79660293730911,0.2617993877991417,-0.10471975511965666,-1.4847818015056442,180,180,180,180,180,180,180
43.603633880615234,0.17061007978426512,1.79660293730911,0.2617993877991417,-0.10471975511965666,-1.4847818015056442,180,180,180,180,180,180,180
43.6237998008728,0.17061007978426512,1.79660293730911,0.2617993877991417,-0.08726646259971389,-1.4847818015056442,180,180,180,180,180,180,180
43.63413381576538,0.16984431680638404,1.7878736495032355,0.2617993877991417,-0.08726646259971389,-1.4805117829583818,180,180,180,180,180,180,180
43.644346475601196,0.16984431680638404,1.7878736495032355,0.2617993877991417,-0.08726646259971389,-1.4805117829583818,180,180,180,180,180,180,180
43.65456414222717,0.16984431680638404,1.7878736495032355,0.2617993877991417,-0.08726646259971389,-1.4805117829583818,180,180,180,180,180,180,180
43.6725332736969,0.16903254444644908,1.7790602885525946,0.2617993877991417,-0.08726646259971389,-1.477271077371256,180,180,180,180,180,180,180
43.68273973464966,0.16903254444644908,1.7790602885525946,0.2617993877991417,-0.08726646259971389,-1.477271077371256,180,180,180,180,180,180,180
43.69297480583191,0.16821629572090607,1.7704695844927687,0.2617993877991417,-0.08726646259971389,-1.4743348061259511,180,180,180,180,180,180,180
43.703173875808716,0.16821629572090607,1.7704695844927687,0.2617993877991417,-0.08726646259971389,-1.4743348061259511,180,180,180,180,180,180,180
43.713382720947266,0.16821629572090607,1.7704695844927687,0.2617993877991417,-0.08726646259971389,-1.4743348061259511,180,180,180,180,180,180,180
43.72414422035217,0.16737159692529674,1.7618756159257538,0.2617993877991417,-0.08726646259971389,-1.4713743907824621,180,180,180,180,180,180,180
43.73435425758362,0.16737159692529674,1.7618756159257538,0.2617993877991417,-0.08726646259971389,-1.4713743907824621,180,180,180,180,180,180,180
43.744560956954956,0.16737159692529674,1.7618756159257538,0.2617993877991417,-0.08726646259971389,-1.4713743907824621,180,180,180,180,180,180,180
43.754783630371094,0.16737159692529674,1.7618756159257538,0.2617993877991417,-0.08726646259971389,-1.4713743907824621,180,180,180,180,180,180,180
43.76499366760254,0.16647517497343542,1.7530088482221402,0.2617993877991417,-0.08726646259971389,-1.4683320966528481,180,180,180,180,180,180,180
43.775224924087524,0.16647517497343542,1.7530088482221402,0.2617993877991417,-0.12217304763959944,-1.4683320966528481,180,180,180,180,180,180,180
43.78543472290039,0.16647517497343542,1.7530088482221402,0.2617993877991417,-0.12217304763959944,-1.4683320966528481,180,180,180,180,180,180,180
43.795674562454224,0.16557780853437976,1.7443942930020773,0.2617993877991417,-0.2268928027592561,-1.4653679588593642,180,180,180,180,180,180,180
43.805886030197144,0.16557780853437976,1.7443942930020773,0.2617993877991417,-0.34906585039885557,-1.4653679588593642,180,180,180,180,180,180,180
43.81610584259033,0.16557780853437976,1.7443942930020773,0.2617993877991417,-0.34906585039885557,-1.4653679588593642,180,180,180,180,180,180,180
43.82892680168152,0.16463846269953683,1.7357650900468702,0.2617993877991417,-0.43633231299856945,-1.4580275911709166,180,180,180,180,180,180,180
43.83917546272278,0.16463846269953683,1.7357650900468702,0.2617993877991417,-0.43633231299856945,-1.4580275911709166,180,180,180,180,180,180,180
43.84937787055969,0.16463846269953683,1.7357650900468702,0.2617993877991417,-0.43633231299856945,-1.4580275911709166,180,180,180,180,180,180,180
43.85962438583374,0.16357840052866027,1.7268661253825883,0.2617993877991417,-0.43633231299856945,-1.444963349440647,180,180,180,180,180,180,180
43.869831800460815,0.16357840052866027,1.7268661253825883,0.2617993877991417,-0.43633231299856945,-1.444963349440647,180,180,180,180,180,180,180
43.880059242248535,0.16357840052866027,1.7268661253825883,0.2617993877991417,-0.43633231299856945,-1.444963349440647,180,180,180,180,180,180,180
43.89026999473572,0.16241455294184792,1.7181585450570058,0.2617993877991417,-0.43633231299856945,-1.4305823461115288,180,180,180,180,180,180,180
43.90049982070923,0.16241455294184792,1.7181585450570058,0.2617993877991417,-0.41887902047862663,-1.4305823461115288,180,190,180,180,180,180,180
43.911237716674805,0.16241455294184792,1.7181585450570058,0.2617993877991417,-0.41887902047862663,-1.4305823461115288,180,190,180,180,180,180,180
43.928302526474,0.16241455294184792,1.7181585450570058,0.2617993877991417,-0.31415926535897,-1.4305823461115288,180,190,180,180,180,180,180
43.93853163719177,0.16113605935288097,1.7095022334037697,0.2617993877991417,-0.2967059728390272,-1.4164763222642955,180,190,180,180,180,180,180
43.94874596595764,0.16113605935288097,1.7095022334037697,0.2617993877991417,0.0,-1.4164763222642955,180,190,180,180,180,180,180
43.95980620384216,0.15969922386779883,1.700599929762798,0.2617993877991417,0.0,-1.405041167253567,180,190,180,180,180,180,180
43.9751992225647,0.15969922386779883,1.700599929762798,0.2617993877991417,0.0,-1.405041167253567,180,190,180,180,180,180,180
43.98542523384094,0.15969922386779883,1.700599929762798,0.2617993877991417,0.0,-1.405041167253567,180,190,180,180,180,180,180
43.99566411972046,0.1582370514365879,1.6920495191974778,0.2617993877991417,0.0,-1.3987541791860703,180,180,180,180,180,180,180
44.00585961341858,0.1582370514365879,1.6920495191974778,0.2617993877991417,0.0,-1.3987541791860703,180,180,180,180,180,180,180
44.01614475250244,0.1582370514365879,1.6920495191974778,0.2617993877991417,0.0,-1.3987541791860703,180,180,180,180,180,180,180
44.026451587677,0.15676005837807136,1.683573356572516,0.2617993877991417,0.0,-1.3982596553310824,180,180,180,180,180,180,180
44.03668975830078,0.15676005837807136,1.683573356572516,0.2617993877991417,0.0,-1.3982596553310824,180,180,180,180,180,180,180
44.04690909385681,0.15676005837807136,1.683573356572516,0.2617993877991417,0.0,-1.3982596553310824,180,180,180,180,180,180,180
44.05709791183472,0.15676005837807136,1.683573356572516,0.2617993877991417,0.0,-1.3982596553310824,180,180,180,180,180,180,180
44.06728959083557,0.1552379375291245,1.674814390149434,0.2617993877991417,0.0,-1.3982667160595197,180,180,180,180,180,180,180
44.08022499084473,0.1552379375291245,1.674814390149434,0.2617993877991417,0.0,-1.3982667160595197,180,180,180,180,180,180,180
44.09044003486633,0.1537651339313728,1.666361628521704,0.2617993877991417,0.0,-1.3978744007729398,180,180,180,180,180,180,180
44.10067176818848,0.1537651339313728,1.666361628521704,0.2617993877991417,0.0,-1.3978744007729398,180,180,180,180,180,180,180
44.11088991165161,0.1537651339313728,1.666361628521704,0.2617993877991417,0.0,-1.3978744007729398,180,180,180,180,180,180,180
44.127294063568115,0.1537651339313728,1.666361628521704,0.2617993877991417,0.0,-1.3978744007729398,180,180,180,180,180,180,180
44.13749623298645,0.1537651339313728,1.666361628521704,0.2617993877991417,0.0,-1.3978744007729398,180,180,180,180,180,180,180
44.147680044174194,0.15228394839346382,1.6578704008654126,0.2617993877991417,0.0,-1.3976990061620091,180,180,180,180,180,180,180
44.1578803062439,0.15075306908783467,1.649112353059771,0.2617993877991417,0.0,-1.397516630886408,180,180,180,180,180,180,180
44.16807723045349,0.15075306908783467,1.649112353059771,0.2617993877991417,0.0,-1.397516630886408,180,180,180,180,180,180,180
44.17869281768799,0.15075306908783467,1.649112353059771,0.2617993877991417,0.0,-1.397516630886408,180,180,180,180,180,180,180
44.18887495994568,0.15075306908783467,1.649112353059771,0.2617993877991417,0.0,-1.397516630886408,180,180,180,180,180,180,180
44.1991662979126,0.1492633058968513,1.6406005997428867,0.2617993877991417,0.0,-1.3973491394155764,180,180,180,180,180,180,180
44.209386110305786,0.1492633058968513,1.6406005997428867,0.2617993877991417,0.0,-1.3973491394155764,180,180,180,180,180,180,180
44.22810769081116,0.1492633058968513,1.6406005997428867,0.2617993877991417,0.0,-1.3973491394155764,180,180,180,180,180,180,180
44.23839282989502,0.14776998923121995,1.6320795666206749,0.2617993877991417,0.0,-1.3971984083965665,180,180,180,180,180,180,180
44.248568058013916,0.14776998923121995,1.6320795666206749,0.2617993877991417,0.0,-1.3971984083965665,180,180,180,180,180,180,180
44.25877809524536,0.14622983517825153,1.6232974996110152,0.2617993877991417,0.0,-1.3970872180259306,180,180,180,180,180,180,180
44.276620388031006,0.14622983517825153,1.6232974996110152,0.2617993877991417,0.0,-1.3970872180259306,180,180,180,180,180,180,180
44.28684449195862,0.14622983517825153,1.6232974996110152,0.2617993877991417,0.0,-1.3970872180259306,180,180,180,180,180,180,180
44.297738790512085,0.14473785128926134,1.6147780553042501,0.2617993877991417,0.0,-1.3970709465589235,180,180,180,180,180,180,180
44.307934522628784,0.14473785128926134,1.6147780553042501,0.2617993877991417,0.0,-1.3970709465589235,180,180,180,180,180,180,180
44.32703948020935,0.14324788314727038,1.6062749288176583,0.2617993877991417,0.0,-1.3972223413624991,180,180,180,180,180,180,180
44.33727216720581,0.14324788314727038,1.6062749288176583,0.2617993877991417,0.0,-1.3972223413624991,180,180,180,180,180,180,180
44.34745216369629,0.14324788314727038,1.6062749288176583,0.2617993877991417,0.0,-1.3972223413624991,180,180,180,180,180,180,180
44.35770654678345,0.14324788314727038,1.6062749288176583,0.2617993877991417,0.0,-1.3972223413624991,180,180,180,180,180,180,180
44.37600588798523,0.14171435169522614,1.5975161486124017,0.2617993877991417,0.0,-1.3974426088012217,180,180,180,180,180,180,180
44.38622689247131,0.14171435169522614,1.5975161486124017,0.2617993877991417,0.0,-1.3974426088012217,180,180,180,180,180,180,180
44.39644002914429,0.14022630496777938,1.5890117185718087,0.2617993877991417,0.0,-1.3976670314296586,180,180,180,180,180,180,180
44.406620502471924,0.14022630496777938,1.5890117185718087,0.2617993877991417,0.0,-1.3976670314296586,190,180,180,180,180,180,180
44.42356991767883,0.14022630496777938,1.5890117185718087,0.2617993877991417,0.0,-1.3976670314296586,190,180,180,180,180,180,180
44.43390989303589,0.13873946093849282,1.5805047247270316,0.2617993877991417,0.0,-1.3978126336331287,190,180,180,180,180,180,180
44.4441123008728,0.13873946093849282,1.5805047247270316,0.2617993877991417,0.0,-1.3978126336331287,190,180,180,180,180,180,180
44.454301834106445,0.13873946093849282,1.5805047247270316,0.2617993877991417,0.0,-1.3978126336331287,190,180,180,180,180,180,180
44.46452331542969,0.13721534345955141,1.5717521743280125,0.2617993877991417,0.0,-1.3977755551922115,190,180,180,180,180,180,180
44.47599196434021,0.13721534345955141,1.5717521743280125,0.2617993877991417,0.0,-1.3977755551922115,190,180,180,180,180,180,180
44.4861958026886,0.13721534345955141,1.5717521743280125,0.2617993877991417,0.0,-1.3977755551922115,190,180,180,180,180,180,180
44.496407985687256,0.13573813186062852,1.563299596381758,0.2617993877991417,0.0,-1.3973821325343379,190,180,180,180,180,180,180
44.5066077709198,0.13573813186062852,1.563299596381758,0.2617993877991417,0.0,-1.3973821325343379,190,180,180,180,180,180,180
44.51678395271301,0.13573813186062852,1.563299596381758,0.2617993877991417,0.0,-1.3973821325343379,190,180,180,180,180,180,180
44.530285120010376,0.13425204535567056,1.554803664075247,0.2617993877991417,0.0,-1.3972363515449537,190,180,180,180,180,180,180
44.54057240486145,0.13425204535567056,1.554803664075247,0.2617993877991417,0.0,-1.3972363515449537,190,180,180,180,180,180,180
44.550790548324585,0.13425204535567056,1.554803664075247,0.2617993877991417,0.0,-1.3972363515449537,190,180,180,180,180,180,180
44.56168222427368,0.13271678882046042,1.5460449280999378,0.2617993877991417,0.0,-1.397054277917993,190,180,180,180,180,180,180
44.577800273895264,0.13271678882046042,1.5460449280999378,0.2617993877991417,0.05235987755982833,-1.397054277917993,190,180,180,180,180,180,180
44.588022232055664,0.13122294294880413,1.5375328216934407,0.2617993877991417,0.157079632679485,-1.3968881305338496,190,180,180,180,180,180,180
44.59823179244995,0.13122294294880413,1.5375328216934407,0.2617993877991417,0.157079632679485,-1.3968881305338496,190,180,180,180,180,180,180
44.60840201377869,0.13122294294880413,1.5375328216934407,0.2617993877991417,0.19198621771937055,-1.3968881305338496,190,180,180,180,180,180,180
44.62790584564209,0.13122294294880413,1.5375328216934407,0.2617993877991417,0.20943951023931331,-1.3968881305338496,190,180,180,180,180,180,180
44.63824272155762,0.12973617549347516,1.5290135764678223,0.2617993877991417,0.2268928027592561,-1.400395932579281,190,180,180,180,180,180,180
44.64846229553223,0.12973617549347516,1.5290135764678223,0.2617993877991417,0.2268928027592561,-1.400395932579281,190,180,180,180,180,180,180
44.65868306159973,0.12825800597697667,1.5202652079086016,0.2617993877991417,0.2268928027592561,-1.4071841077197227,180,180,180,180,180,180,180
44.674030780792236,0.12825800597697667,1.5202652079086016,0.2617993877991417,0.2268928027592561,-1.4071841077197227,180,180,180,180,180,180,180
44.68423819541931,0.12825800597697667,1.5202652079086016,0.2617993877991417,0.19198621771937055,-1.4071841077197227,180,180,180,180,180,180,180
44.69444823265076,0.1268884105062026,1.5117621849065213,0.2617993877991417,0.19198621771937055,-1.414468677068189,180,190,180,180,180,180,180
44.704657793045044,0.1268884105062026,1.5117621849065213,0.2617993877991417,0.0,-1.414468677068189,180,190,180,180,180,180,180
44.71483588218689,0.1268884105062026,1.5117621849065213,0.2617993877991417,0.0,-1.414468677068189,180,190,180,180,180,180,180
44.72700023651123,0.1268884105062026,1.5117621849065213,0.2617993877991417,0.0,-1.414468677068189,180,190,180,180,180,180,180
44.7372407913208,0.12558575594275065,1.5033080248424278,0.2617993877991417,0.0,-1.421216749944845,180,190,180,180,180,180,180
44.74746918678284,0.12558575594275065,1.5033080248424278,0.2617993877991417,0.0,-1.421216749944845,180,190,180,180,180,180,180
44.75785684585571,0.12558575594275065,1.5033080248424278,0.2617993877991417,0.0,-1.421216749944845,180,190,180,180,180,180,180
44.77411365509033,0.12431926678297345,1.4947238800511973,0.2617993877991417,0.0,-1.42519540841138,180,190,180,180,180,180,180
44.7843120098114,0.12431926678297345,1.4947238800511973,0.2617993877991417,0.0,-1.42519540841138,180,190,180,180,180,180,180
44.79451012611389,0.12308375589140233,1.4862749690162327,0.2617993877991417,0.0,-1.42590058479427,180,180,180,180,180,180,180
44.80476427078247,0.12308375589140233,1.4862749690162327,0.2617993877991417,0.0,-1.42590058479427,180,180,180,180,180,180,180
44.82410764694214,0.12308375589140233,1.4862749690162327,0.2617993877991417,0.0,-1.42590058479427,180,180,180,180,180,180,180
44.834327697753906,0.12184064801902207,1.4777365734641414,0.2617993877991417,0.0,-1.426011552679811,180,180,180,180,180,180,180
44.844534158706665,0.12184064801902207,1.4777365734641414,0.2617993877991417,0.0,-1.426011552679811,180,180,180,180,180,180,180
44.854719400405884,0.12184064801902207,1.4777365734641414,0.2617993877991417,0.0,-1.426011552679811,180,180,180,180,180,180,180
44.87493538856506,0.1205670446214376,1.4689789437375778,0.2617993877991417,0.0,-1.4257480720691214,180,180,180,180,180,180,180
44.88515591621399,0.1205670446214376,1.4689789437375778,0.2617993877991417,0.0,-1.4257480720691214,180,180,180,180,180,180,180
44.895349979400635,0.11932512331302117,1.460472281012857,0.2617993877991417,0.0,-1.4254974124338997,180,180,180,180,180,180,180
44.905559062957764,0.11932512331302117,1.460472281012857,0.2617993877991417,0.0,-1.4254974124338997,180,180,180,180,180,180,180
44.915780782699585,0.11932512331302117,1.460472281012857,0.2617993877991417,0.0,-1.4254974124338997,180,180,180,180,180,180,180
44.92883825302124,0.11932512331302117,1.460472281012857,0.2617993877991417,0.0,-1.4254974124338997,180,180,180,180,180,180,180
44.93924832344055,0.11807814250135791,1.451939898990495,0.2617993877991417,0.0,-1.4253559859034652,180,180,180,180,180,180,180
44.9494731426239,0.11807814250135791,1.451939898990495,0.2617993877991417,0.0,-1.4253559859034652,180,180,180,180,180,180,180
44.95965051651001,0.11678961262240431,1.4431402816686283,0.2617993877991417,0.0,-1.425199802943231,180,180,180,180,180,180,180
44.96992588043213,0.11678961262240431,1.4431402816686283,0.2617993877991417,0.0,-1.425199802943231,180,180,180,180,180,180,180
44.98011779785156,0.11678961262240431,1.4431402816686283,0.2617993877991417,0.0,-1.425199802943231,180,180,180,180,180,180,180
44.990314960479736,0.11553602554173224,1.4345881149275799,0.2617993877991417,0.0,-1.425064232459801,180,180,180,180,180,180,180
45.000508069992065,0.11553602554173224,1.4345881149275799,0.2617993877991417,0.0,-1.425064232459801,180,190,180,180,180,180,180
45.01101303100586,0.11553602554173224,1.4345881149275799,0.2617993877991417,0.0,-1.425064232459801,180,190,180,180,180,180,180
45.02819800376892,0.11553602554173224,1.4345881149275799,0.2617993877991417,0.0,-1.425064232459801,180,190,180,180,180,180,180
45.03850173950195,0.11427942642948996,1.4260265268009231,0.2617993877991417,0.0,-1.4249377528358937,180,190,180,180,180,180,180
45.0486900806427,0.11427942642948996,1.4260265268009231,0.2617993877991417,0.0,-1.4249377528358937,180,190,180,180,180,180,180
45.05891036987305,0.11298306481467608,1.4172012415276232,0.2617993877991417,0.0,-1.4248420923304064,180,190,180,180,180,180,180
45.07691526412964,0.11298306481467608,1.4172012415276232,0.2617993877991417,0.0,-1.4248420923304064,180,190,180,180,180,180,180
45.08713674545288,0.11298306481467608,1.4172012415276232,0.2617993877991417,0.0,-1.4248420923304064,180,190,180,180,180,180,180
45.097341775894165,0.11172594667836297,1.408639055790353,0.2617993877991417,0.0,-1.4248346367442954,180,190,180,180,180,180,180
45.10759735107422,0.11172594667836297,1.408639055790353,0.2617993877991417,0.0,-1.4248346367442954,180,190,180,180,180,180,180
45.1179141998291,0.11172594667836297,1.408639055790353,0.2617993877991417,0.0,-1.4248346367442954,180,190,180,180,180,180,180
45.12818169593811,0.11047194726562748,1.4000895773092528,0.2617993877991417,0.0,-1.4249667276591254,180,190,180,180,180,180,180
45.13836407661438,0.11047194726562748,1.4000895773092528,0.2617993877991417,0.0,-1.4249667276591254,180,190,180,180,180,180,180
45.1485481262207,0.11047194726562748,1.4000895773092528,0.2617993877991417,0.0,-1.4249667276591254,180,190,180,180,180,180,180
45.1588077545166,0.10918258333970192,1.3912906386542723,0.2617993877991417,0.0,-1.4252086831926605,180,190,180,180,180,180,180
45.17461538314819,0.10918258333970192,1.3912906386542723,0.2617993877991417,0.0,-1.4252086831926605,180,190,180,180,180,180,180
45.18479371070862,0.10918258333970192,1.3912906386542723,0.2617993877991417,0.0,-1.4252086831926605,180,190,180,180,180,180,180
45.19499373435974,0.10793141617633657,1.3827496463791438,0.2617993877991417,0.0,-1.4254267557652576,180,190,180,180,180,180,180
45.20526075363159,0.10793141617633657,1.3827496463791438,0.2617993877991417,0.0,-1.4254267557652576,180,180,180,180,180,180,180
45.223231077194214,0.10793141617633657,1.3827496463791438,0.2617993877991417,0.0,-1.4254267557652576,180,180,180,180,180,180,180
45.233474016189575,0.10668443034852476,1.3742137131633403,0.2617993877991417,0.0,-1.4255163842898382,180,180,180,180,180,180,180
45.24364900588989,0.10668443034852476,1.3742137131633403,0.2617993877991417,0.0,-1.4255163842898382,180,180,180,180,180,180,180
45.25390267372131,0.10668443034852476,1.3742137131633403,0.2617993877991417,0.0,-1.4255163842898382,180,180,180,180,180,180,180
45.264319896698,0.10540629981247103,1.365461960883071,0.2617993877991417,0.0,-1.4252113372534383,180,180,180,180,180,180,180
45.2801251411438,0.10540629981247103,1.365461960883071,0.2617993877991417,0.0,-1.4252113372534383,180,180,180,180,180,180,180
45.2904326915741,0.1041592868732055,1.3569479385059031,0.2617993877991417,0.0,-1.4250076004358319,180,180,180,180,180,180,180
45.30071568489075,0.1041592868732055,1.3569479385059031,0.2617993877991417,0.0,-1.4250076004358319,180,180,180,180,180,180,180
45.311434268951416,0.1041592868732055,1.3569479385059031,0.2617993877991417,0.0,-1.4250076004358319,180,180,180,180,180,180,180
45.32887005805969,0.1041592868732055,1.3569479385059031,0.2617993877991417,0.0,-1.4250076004358319,180,180,180,180,180,180,180
45.339186906814575,0.10290782543339771,1.3484162409538984,0.2617993877991417,0.0,-1.424859167282996,180,180,180,180,180,180,180
45.3493709564209,0.10290782543339771,1.3484162409538984,0.2617993877991417,0.0,-1.424859167282996,180,180,180,180,180,180,180
45.35959267616272,0.10161462797609422,1.3396158601642805,0.2617993877991417,0.0,-1.4247041284726925,180,180,180,180,180,180,180
45.37490248680115,0.10161462797609422,1.3396158601642805,0.2617993877991417,0.0,-1.4247041284726925,180,180,180,180,180,180,180
45.385122776031494,0.10161462797609422,1.3396158601642805,0.2617993877991417,0.0,-1.4247041284726925,180,180,180,180,180,180,180
45.39532828330994,0.1003566092456434,1.3310630690828837,0.2617993877991417,0.0,-1.4245703918615207,180,180,180,180,180,180,180
45.405722856521606,0.1003566092456434,1.3310630690828837,0.2617993877991417,0.0,-1.4245703918615207,180,180,180,180,180,180,180
45.424739360809326,0.1003566092456434,1.3310630690828837,0.2617993877991417,0.0,-1.4245703918615207,180,180,180,180,180,180,180
45.43504548072815,0.09909559052562233,1.3225012355431385,0.2617993877991417,0.0,-1.4244447949064118,180,180,180,180,180,180,180
45.445476770401,0.09909559052562233,1.3225012355431385,0.2617993877991417,0.0,-1.4244447949064118,180,180,180,180,180,180,180
45.455833435058594,0.09909559052562233,1.3225012355431385,0.2617993877991417,0.0,-1.4244447949064118,180,180,180,180,180,180,180
45.466264486312866,0.09779493442783072,1.3136767228933313,0.2617993877991417,0.0,-1.4243571596381173,180,180,180,180,180,180,180
45.48253679275513,0.09779493442783072,1.3136767228933313,0.2617993877991417,0.0,-1.4243571596381173,180,180,180,180,180,180,180
45.492860555648804,0.09653470738099107,1.3051157657061332,0.2617993877991417,0.0,-1.424360894680725,180,180,180,180,180,180,180
45.50310134887695,0.09653470738099107,1.3051157657061332,0.2617993877991417,0.0,-1.424360894680725,180,180,180,180,180,180,180
45.51332068443298,0.09653470738099107,1.3051157657061332,0.2617993877991417,0.0,-1.424360894680725,180,180,180,180,180,180,180
45.525028467178345,0.09653470738099107,1.3051157657061332,0.2617993877991417,0.0,-1.424360894680725,180,180,180,180,180,180,180
45.53522968292236,0.09527670279929983,1.2965700041483286,0.2617993877991417,0.0,-1.424519551839664,180,180,180,180,180,180,180
45.545414209365845,0.09527670279929983,1.2965700041483286,0.2617993877991417,0.0,-1.424519551839664,180,180,180,180,180,180,180
45.55574011802673,0.09527670279929983,1.2965700041483286,0.2617993877991417,0.0,-1.424519551839664,180,180,180,180,180,180,180
45.565937519073486,0.0939828236946737,1.2877708866244055,0.2617993877991417,0.0,-1.4247581567518437,180,180,180,180,180,180,180
45.576680421829224,0.0939828236946737,1.2877708866244055,0.2617993877991417,0.0,-1.4247581567518437,180,180,180,180,180,180,180
45.58687400817871,0.0939828236946737,1.2877708866244055,0.2617993877991417,0.0,-1.4247581567518437,180,180,180,180,180,180,180
45.597081661224365,0.09272774368912251,1.2792304778118824,0.2617993877991417,0.0,-1.424967250395861,180,180,180,180,180,180,180
45.60787272453308,0.09272774368912251,1.2792304778118824,0.2617993877991417,0.0,-1.424967250395861,180,180,180,180,180,180,180
45.62347388267517,0.0914780624284115,1.270696979402113,0.2617993877991417,0.0,-1.425030070880934,180,180,180,180,180,180,180
45.63368892669678,0.0914780624284115,1.270696979402113,0.2617993877991417,0.0,-1.425030070880934,180,180,180,180,180,180,180
45.64392399787903,0.0914780624284115,1.270696979402113,0.2617993877991417,0.0,-1.425030070880934,180,180,180,180,180,180,180
45.65411853790283,0.0914780624284115,1.270696979402113,0.2617993877991417,0.0,-1.425030070880934,180,180,180,180,180,180,180
45.664345026016235,0.09019537945824668,1.2619507693030179,0.2617993877991417,0.0,-1.424685591692105,180,180,180,180,180,180,180
45.67828440666199,0.09019537945824668,1.2619507693030179,0.2617993877991417,0.0,-1.424685591692105,180,180,180,180,180,180,180
45.68858742713928,0.09019537945824668,1.2619507693030179,0.2617993877991417,0.2268928027592561,-1.424685591692105,180,180,180,180,180,180,180
45.69880414009094,0.08894359840189758,1.2534335272154946,0.2617993877991417,0.2268928027592561,-1.424499633146654,180,180,180,180,180,180,180
45.70902681350708,0.08894359840189758,1.2534335272154946,0.2617993877991417,0.43633231299856945,-1.424499633146654,180,180,180,180,180,180,180
45.726160764694214,0.08771583626032273,1.245018163281713,0.2617993877991417,0.43633231299856945,-1.4282398206978353,180,180,180,180,180,180,180
45.736385107040405,0.08771583626032273,1.245018163281713,0.2617993877991417,0.43633231299856945,-1.4282398206978353,180,180,180,180,180,180,180
45.74658417701721,0.08771583626032273,1.245018163281713,0.2617993877991417,0.43633231299856945,-1.4282398206978353,180,180,180,180,180,180,180
45.75680422782898,0.08771583626032273,1.245018163281713,0.2617993877991417,0.43633231299856945,-1.4282398206978353,180,180,180,180,180,180,180
45.77551198005676,0.08651607618443465,1.2363696612005153,0.2617993877991417,0.20943951023931331,-1.4393453943874455,180,180,180,180,180,180,180
45.78575682640076,0.08651607618443465,1.2363696612005153,0.2617993877991417,0.20943951023931331,-1.4393453943874455,180,180,180,180,180,180,180
45.795950174331665,0.08545735159590265,1.227912583126119,0.2617993877991417,0.0,-1.4535357114845737,180,180,180,180,180,180,180
45.806357622146606,0.08545735159590265,1.227912583126119,0.2617993877991417,0.0,-1.4535357114845737,180,180,180,180,180,180,180
45.81660079956055,0.08545735159590265,1.227912583126119,0.2617993877991417,0.0,-1.4535357114845737,180,180,180,180,180,180,180
45.82677102088928,0.08450601240428085,1.219448753682476,0.2617993877991417,0.0,-1.4626201556090666,180,180,180,180,180,180,180
45.836944818496704,0.08450601240428085,1.219448753682476,0.2617993877991417,0.0,-1.4626201556090666,180,180,180,180,180,180,180
45.847182512283325,0.08450601240428085,1.219448753682476,0.2617993877991417,0.0,-1.4626201556090666,180,180,180,180,180,180,180
45.85738134384155,0.08450601240428085,1.219448753682476,0.2617993877991417,0.0,-1.4626201556090666,180,180,180,180,180,180,180
45.87634778022766,0.08356530504608634,1.2106491915995528,0.2617993877991417,0.0,-1.4645703699562138,180,180,180,180,180,180,180
45.88656783103943,0.08356530504608634,1.2106491915995528,0.2617993877991417,0.0,-1.4645703699562138,180,180,180,180,180,180,180
45.89696907997131,0.08264579918163452,1.2020324405289216,0.2617993877991417,0.0,-1.4645587153110413,180,180,180,180,180,180,180
45.90720891952515,0.08264579918163452,1.2020324405289216,0.2617993877991417,0.0,-1.4645587153110413,180,180,180,180,180,180,180
45.91747045516968,0.08264579918163452,1.2020324405289216,0.2617993877991417,0.0,-1.4645587153110413,180,180,180,180,180,180,180
45.92925238609314,0.08173203508953658,1.1934247249698777,0.2617993877991417,0.0,-1.4646452674815842,180,180,180,180,180,180,180
45.93947887420654,0.08173203508953658,1.1934247249698777,0.2617993877991417,0.0,-1.4646452674815842,180,180,180,180,180,180,180
45.94972229003906,0.08173203508953658,1.1934247249698777,0.2617993877991417,0.0,-1.4646452674815842,180,180,180,180,180,180,180
45.95997858047485,0.08079137509974758,1.1845804756533511,0.2617993877991417,0.0,-1.4648774394981687,180,180,180,180,180,180,180
45.97766923904419,0.08079137509974758,1.1845804756533511,0.2617993877991417,0.0,-1.4648774394981687,180,180,180,180,180,180,180
45.98785996437073,0.08079137509974758,1.1845804756533511,0.2617993877991417,0.0,-1.4648774394981687,180,180,180,180,180,180,180
45.998047828674316,0.07988221457051096,1.1760032280891384,0.2617993877991417,0.0,-1.4650337849898432,180,180,180,180,180,180,180
46.00825643539429,0.07988221457051096,1.1760032280891384,0.2617993877991417,0.0,-1.4650337849898432,180,180,180,180,180,180,180
46.02277207374573,0.07988221457051096,1.1760032280891384,0.2617993877991417,0.0,-1.4650337849898432,180,180,180,180,180,180,180
46.033097982406616,0.07897831848233107,1.1674637732378224,0.2617993877991417,0.0,-1.464848004923334,180,180,180,180,180,180,180
46.04334783554077,0.07897831848233107,1.1674637732378224,0.2617993877991417,0.0,-1.464848004923334,180,180,180,180,180,180,180
46.053842067718506,0.07897831848233107,1.1674637732378224,0.2617993877991417,0.0,-1.464848004923334,180,180,180,180,180,180,180
46.064011096954346,0.07804264565996875,1.158656126361293,0.2617993877991417,0.0,-1.4646784032176663,180,180,180,180,180,180,180
46.077430963516235,0.07804264565996875,1.158656126361293,0.2617993877991417,0.0,-1.4646784032176663,180,180,180,180,180,180,180
46.08763766288757,0.07804264565996875,1.158656126361293,0.2617993877991417,0.0,-1.4646784032176663,180,180,180,180,180,180,180
46.09781622886658,0.07713146620281812,1.1500889610976348,0.2617993877991417,0.0,-1.464575372881587,180,180,180,180,180,180,180
46.1080379486084,0.07713146620281812,1.1500889610976348,0.2617993877991417,0.0,-1.464575372881587,180,180,180,180,180,180,180
46.12363362312317,0.07621751107014493,1.1415128049598866,0.2617993877991417,0.0,-1.4644680217014896,180,180,180,180,180,180,180
46.13383221626282,0.07621751107014493,1.1415128049598866,0.2617993877991417,0.0,-1.4644680217014896,180,180,180,180,180,180,180
46.14402890205383,0.07621751107014493,1.1415128049598866,0.2617993877991417,0.0,-1.4644680217014896,180,180,180,180,180,180,180
46.15424966812134,0.07621751107014493,1.1415128049598866,0.2617993877991417,0.0,-1.4644680217014896,180,180,180,180,180,180,180
46.16446495056152,0.07527377745227298,1.1326647781112436,0.2617993877991417,0.0,-1.4643692199162157,180,180,180,180,180,180,180
46.1804986000061,0.07527377745227298,1.1326647781112436,0.2617993877991417,0.0,-1.4643692199162157,180,180,180,180,180,180,180
46.19070863723755,0.07435584923306883,1.1240661339590654,0.2617993877991417,0.0,-1.464282249610105,180,180,180,180,180,180,180
46.20089650154114,0.07435584923306883,1.1240661339590654,0.2617993877991417,0.0,-1.464282249610105,180,180,180,180,180,180,180
46.211108446121216,0.07435584923306883,1.1240661339590654,0.2617993877991417,0.0,-1.464282249610105,180,180,180,180,180,180,180
46.228262424468994,0.07435584923306883,1.1240661339590654,0.2617993877991417,0.0,-1.464282249610105,180,180,180,180,180,180,180
46.238449811935425,0.07343595529873552,1.115458389170713,0.2617993877991417,0.0,-1.4641974574051817,180,180,180,180,180,180,180
46.24862480163574,0.07343595529873552,1.115458389170713,0.2617993877991417,0.0,-1.4641974574051817,180,180,180,180,180,180,180
46.25883197784424,0.07248621067662907,1.1065829930789632,0.2617993877991417,0.0,-1.464129310376233,180,180,180,180,180,180,180
46.27537393569946,0.07248621067662907,1.1065829930789632,0.2617993877991417,0.0,-1.464129310376233,180,180,180,180,180,180,180
46.285587787628174,0.07248621067662907,1.1065829930789632,0.2617993877991417,0.0,-1.464129310376233,180,180,180,180,180,180,180
46.29579758644104,0.07156329660374172,1.0979693533116137,0.2617993877991417,0.0,-1.4641365310790235,180,180,180,180,180,180,180
46.30598783493042,0.07156329660374172,1.0979693533116137,0.2617993877991417,0.0,-1.4641365310790235,180,180,180,180,180,180,180
46.324262619018555,0.07064538916662681,1.0893635336852614,0.2617993877991417,0.0,-1.464233071103072,180,180,180,180,180,180,180
46.334450244903564,0.07064538916662681,1.0893635336852614,0.2617993877991417,0.0,-1.464233071103072,180,180,180,180,180,180,180
46.344632387161255,0.07064538916662681,1.0893635336852614,0.2617993877991417,0.0,-1.464233071103072,180,180,180,180,180,180,180
46.354817152023315,0.07064538916662681,1.0893635336852614,0.2617993877991417,0.0,-1.464233071103072,180,180,180,180,180,180,180
46.36500525474548,0.0697017926254276,1.0805208171554668,0.2617993877991417,0.0,-1.4644658289710093,180,180,180,180,180,180,180
46.375197410583496,0.0697017926254276,1.0805208171554668,0.2617993877991417,0.0,-1.4644658289710093,180,180,180,180,180,180,180
46.38538694381714,0.0697017926254276,1.0805208171554668,0.2617993877991417,0.0,-1.4644658289710093,180,180,180,180,180,180,180
46.395612955093384,0.06878993785375123,1.0719459732530805,0.2617993877991417,0.0,-1.464605913718825,180,180,180,180,180,180,180
46.40681505203247,0.06878993785375123,1.0719459732530805,0.2617993877991417,0.0,-1.464605913718825,180,180,180,180,180,180,180
46.42307090759277,0.06788199971876276,1.063412394710767,0.2617993877991417,0.0,-1.464375146840502,180,180,180,180,180,180,180
46.43325924873352,0.06788199971876276,1.063412394710767,0.2617993877991417,0.0,-1.464375146840502,180,180,180,180,180,180,180
46.44344735145569,0.06788199971876276,1.063412394710767,0.2617993877991417,0.0,-1.464375146840502,180,180,180,180,180,180,180
46.45370388031006,0.06788199971876276,1.063412394710767,0.2617993877991417,0.0,-1.464375146840502,180,180,180,180,180,180,180
46.46389317512512,0.06694209307958869,1.0545988119471572,0.2617993877991417,0.0,-1.464240879013301,180,180,180,180,180,180,180
46.475111961364746,0.06694209307958869,1.0545988119471572,0.2617993877991417,0.0,-1.464240879013301,180,180,180,180,180,180,180
46.485299825668335,0.06694209307958869,1.0545988119471572,0.2617993877991417,0.0,-1.464240879013301,180,180,180,180,180,180,180
46.495481967926025,0.06602679277922377,1.0460316638239178,0.2617993877991417,0.0,-1.4641335018491484,180,180,180,180,180,180,180
46.50568723678589,0.06602679277922377,1.0460316638239178,0.2617993877991417,0.0,-1.4641335018491484,180,180,180,180,180,180,180
46.52338480949402,0.06602679277922377,1.0460316638239178,0.2617993877991417,0.0,-1.4641335018491484,180,180,180,180,180,180,180
46.53359937667847,0.06510884911120761,1.03745451039264,0.2617993877991417,0.0,-1.4640271396126465,180,180,180,180,180,180,180
46.543797969818115,0.06510884911120761,1.03745451039264,0.2617993877991417,0.0,-1.4640271396126465,180,180,180,180,130,180,180
46.55400061607361,0.06510884911120761,1.03745451039264,0.2617993877991417,0.0,-1.4640271396126465,180,180,180,180,130,180,180
46.56423759460449,0.06416106218969153,1.0286054604336727,0.2617993877991417,0.0,-1.463929711715905,180,180,180,180,130,180,180
46.57528066635132,0.06416106218969153,1.0286054604336727,0.2617993877991417,0.0,-1.463929711715905,180,180,180,180,130,180,180
46.585471391677856,0.06416106218969153,1.0286054604336727,0.2617993877991417,0.0,-1.463929711715905,180,180,180,180,130,180,180
46.5956666469574,0.06323922844108665,1.0200060524633243,0.2617993877991417,0.0,-1.463843100552101,180,180,180,180,130,180,180
46.60588574409485,0.06323922844108665,1.0200060524633243,0.2617993877991417,0.0,-1.463843100552101,180,180,180,180,130,180,180
46.62356734275818,0.06323922844108665,1.0200060524633243,0.2617993877991417,0.0,-1.463843100552101,180,180,180,180,130,180,180
46.633777379989624,0.06323922844108665,1.0200060524633243,0.2617993877991417,0.0,-1.463843100552101,180,180,180,180,130,180,180
46.64396524429321,0.062315383484078765,1.0113976896860102,0.2617993877991417,0.0,-1.463758543004841,180,180,180,180,130,180,180
46.65417408943176,0.062315383484078765,1.0113976896860102,0.2617993877991417,0.0,-1.463758543004841,180,180,180,180,130,180,180
46.664355516433716,0.0613616920230865,1.0025223358583766,0.2617993877991417,0.0,-1.463696433503925,180,180,180,180,130,180,180
46.675973415374756,0.0613616920230865,1.0025223358583766,0.2617993877991417,0.0,-1.463696433503925,180,180,180,180,130,180,180
46.686179637908936,0.0613616920230865,1.0025223358583766,0.2617993877991417,0.0,-1.463696433503925,180,180,180,180,130,180,180
46.6963894367218,0.06043530637244569,0.9939095843257779,0.2617993877991417,0.0,-1.4637148523469068,180,180,180,180,180,180,180
46.70659685134888,0.06043530637244569,0.9939095843257779,0.2617993877991417,0.0,-1.4637148523469068,180,180,180,180,180,180,180
46.72454833984375,0.05951354405912886,0.9853064363005681,0.2617993877991417,0.0,-1.463827026312155,180,180,180,180,180,180,180
46.73478937149048,0.05951354405912886,0.9853064363005681,0.2617993877991417,0.0,-1.463827026312155,180,180,180,180,180,180,180
46.74497723579407,0.05951354405912886,0.9853064363005681,0.2617993877991417,0.0,-1.463827026312155,180,180,180,180,180,180,180
46.755181312561035,0.05951354405912886,0.9853064363005681,0.2617993877991417,0.0,-1.463827026312155,180,180,180,180,180,180,180
46.76539921760559,0.0585669562725214,0.9764652243743206,0.2617993877991417,0.0,-1.4640581669353998,180,180,180,180,180,180,180
46.77561807632446,0.0585669562725214,0.9764652243743206,0.2617993877991417,0.0,-1.4640581669353998,180,180,180,180,180,180,180
46.7857871055603,0.0585669562725214,0.9764652243743206,0.2617993877991417,0.0,-1.4640581669353998,180,180,180,180,180,180,180
46.795981884002686,0.05765261979282461,0.9678933354793511,0.2617993877991417,0.0,-1.4641767289649688,130,180,180,180,180,140,180
46.80616068840027,0.05765261979282461,0.9678933354793511,0.2617993877991417,0.0,-1.4641767289649688,130,180,180,180,180,140,180
46.82373046875,0.05765261979282461,0.9678933354793511,0.2617993877991417,0.0,-1.4641767289649688,130,180,180,180,180,140,180
46.83402109146118,0.05674055835497396,0.9593646809295513,0.2617993877991417,0.0,-1.4639091673289322,130,180,180,180,180,140,180
46.84418797492981,0.05674055835497396,0.9593646809295513,0.2617993877991417,0.0,-1.4639091673289322,130,180,180,180,180,140,180
46.854713439941406,0.05674055835497396,0.9593646809295513,0.2617993877991417,0.0,-1.4639091673289322,130,180,180,180,180,130,180
46.87528419494629,0.055796440294519474,0.950546718633452,0.2617993877991417,0.0,-1.4638002156400836,130,180,180,180,180,130,180
46.88546824455261,0.055796440294519474,0.950546718633452,0.2617993877991417,0.0,-1.4638002156400836,130,180,180,180,180,130,180
46.89566659927368,0.054876982094702896,0.9419790973541313,0.2617993877991417,0.0,-1.4636918298365282,130,180,180,180,180,140,150
46.90589356422424,0.054876982094702896,0.9419790973541313,0.2617993877991417,0.0,-1.4636918298365282,130,180,180,180,180,140,150
46.92396879196167,0.054876982094702896,0.9419790973541313,0.2617993877991417,0.0,-1.4636918298365282,130,180,180,180,180,140,150
46.93430948257446,0.05395509245113512,0.9334009380915393,0.2617993877991417,0.0,-1.4635868893886712,130,180,180,180,180,140,150
46.94453191757202,0.05395509245113512,0.9334009380915393,0.2617993877991417,0.0,-1.4635868893886712,130,180,180,180,180,130,160
46.9547438621521,0.05395509245113512,0.9334009380915393,0.2617993877991417,0.0,-1.4635868893886712,130,180,180,180,180,130,160
46.96493124961853,0.05300326865619909,0.9245509248463963,0.2617993877991417,0.0,-1.4634908894587382,130,180,180,180,180,130,160
46.97545552253723,0.05300326865619909,0.9245509248463963,0.2617993877991417,0.0,-1.4634908894587382,130,180,180,180,180,130,160
46.98566794395447,0.05300326865619909,0.9245509248463963,0.2617993877991417,0.0,-1.4634908894587382,130,180,180,180,180,130,160
46.9958758354187,0.05207754278158726,0.9159508353244323,0.2617993877991417,0.0,-1.4634046392578348,130,180,180,180,130,140,160
47.00608015060425,0.05207754278158726,0.9159508353244323,0.2617993877991417,0.0,-1.4634046392578348,130,180,180,180,130,140,160
47.02474236488342,0.05207754278158726,0.9159508353244323,0.2617993877991417,0.0,-1.4634046392578348,130,180,180,180,130,140,160
47.03512716293335,0.051149750676309655,0.907341934248064,0.2617993877991417,0.0,-1.4633203206740024,130,180,180,180,130,140,160
47.04540228843689,0.051149750676309655,0.907341934248064,0.2617993877991417,0.0,-1.4633203206740024,130,180,180,180,130,140,160
47.05567932128906,0.051149750676309655,0.907341934248064,0.2617993877991417,0.0,-1.4633203206740024,130,180,180,180,110,140,170
47.07430696487427,0.05019214910844642,0.8984667919321909,0.2617993877991417,0.0,-1.4632648930093024,130,180,180,180,110,140,170
47.0845468044281,0.05019214910844642,0.8984667919321909,0.2617993877991417,0.0,-1.4632648930093024,130,180,180,180,110,140,170
47.094730854034424,0.049262607315365844,0.8898550109078771,0.2617993877991417,0.0,-1.4632942485116194,180,180,180,180,110,120,180
47.10491132736206,0.049262607315365844,0.8898550109078771,0.2617993877991417,0.0,-1.4632942485116194,180,180,180,180,110,120,180
47.115110635757446,0.049262607315365844,0.8898550109078771,0.2617993877991417,0.0,-1.4632942485116194,180,180,180,180,110,120,180
47.12531900405884,0.04833710686507223,0.8812549893646264,0.2617993877991417,0.0,-1.4634250567810128,180,180,180,180,110,120,180
47.13554334640503,0.04833710686507223,0.8812549893646264,0.2617993877991417,0.0,-1.4634250567810128,180,180,180,180,110,120,180
47.14573669433594,0.04833710686507223,0.8812549893646264,0.2617993877991417,0.0,-1.4634250567810128,180,180,180,180,110,110,140
47.15595865249634,0.04833710686507223,0.8812549893646264,0.2617993877991417,0.0,-1.4634250567810128,180,180,180,180,110,110,140
47.173736810684204,0.04738705603114645,0.8724149889614754,0.2617993877991417,0.0,-1.4636508865826872,180,180,180,180,110,110,140
47.183945417404175,0.04738705603114645,0.8724149889614754,0.2617993877991417,0.0,-1.4636508865826872,180,180,180,180,110,110,140
47.19416403770447,0.04647020667333973,0.8638465992276205,0.2617993877991417,0.0,-1.4637398163138493,180,180,190,180,180,130,140
47.20466589927673,0.04647020667333973,0.8638465992276205,0.2617993877991417,0.0,-1.4637398163138493,180,180,190,180,180,130,140
47.21493315696716,0.04647020667333973,0.8638465992276205,0.2617993877991417,0.0,-1.4637398163138493,180,180,190,180,180,130,140
47.22556114196777,0.0455541077687631,0.8553215419667866,0.2617993877991417,0.0,-1.4634455799124937,180,180,190,180,180,130,140
47.23576331138611,0.0455541077687631,0.8553215419667866,0.2617993877991417,0.0,-1.4634455799124937,180,180,190,180,180,130,140
47.245959758758545,0.0455541077687631,0.8553215419667866,0.2617993877991417,0.0,-1.4634455799124937,180,180,180,180,180,130,140
47.25615906715393,0.0455541077687631,0.8553215419667866,0.2617993877991417,0.0,-1.4634455799124937,180,180,180,180,180,130,140
47.27312088012695,0.044605624715858286,0.8465021028914084,0.2617993877991417,0.0,-1.463341863278956,180,180,180,180,180,130,140
47.28335618972778,0.044605624715858286,0.8465021028914084,0.2617993877991417,0.0,-1.463341863278956,180,180,180,180,180,130,140
47.293599367141724,0.04368202860363624,0.8379337923970183,0.2617993877991417,0.0,-1.4632329545492275,180,180,180,180,180,130,140
47.3037896156311,0.04368202860363624,0.8379337923970183,0.2617993877991417,0.0,-1.4632329545492275,180,180,180,180,180,130,140
47.32385039329529,0.04368202860363624,0.8379337923970183,0.2617993877991417,0.0,-1.4632329545492275,180,180,180,180,180,130,140
47.33410978317261,0.042756083072449935,0.8293545970339293,0.2617993877991417,0.0,-1.4631293685203206,180,180,180,180,180,130,140
47.344298124313354,0.042756083072449935,0.8293545970339293,0.2617993877991417,0.0,-1.4631293685203206,180,180,180,180,180,130,130
47.35458302497864,0.042756083072449935,0.8293545970339293,0.2617993877991417,0.0,-1.4631293685203206,180,180,180,180,180,130,130
47.36478042602539,0.041800068010690264,0.8205036039843474,0.2617993877991417,0.0,-1.4630346238467868,180,180,180,180,180,130,130
47.37498760223389,0.041800068010690264,0.8205036039843474,0.2617993877991417,0.0,-1.4630346238467868,180,180,180,180,180,130,130
47.385175943374634,0.041800068010690264,0.8205036039843474,0.2617993877991417,0.0,-1.4630346238467868,180,180,180,180,180,130,130
47.395453691482544,0.0408702947937207,0.811902801613412,0.2617993877991417,0.0,-1.4629489177644355,180,180,180,180,180,130,130
47.40574884414673,0.0408702947937207,0.811902801613412,0.2617993877991417,0.0,-1.4629489177644355,180,180,180,180,180,130,130
47.41604018211365,0.0408702947937207,0.811902801613412,0.2617993877991417,0.0,-1.4629489177644355,180,180,180,180,180,130,130
47.42629289627075,0.0408702947937207,0.811902801613412,0.2617993877991417,0.0,-1.4629489177644355,180,180,180,180,180,130,130
47.43656635284424,0.03993839979975364,0.8032933708954952,0.2617993877991417,0.0,-1.4628650892663009,180,180,180,180,180,130,130
47.44674277305603,0.03993839979975364,0.8032933708954952,0.2617993877991417,0.0,-1.4628650892663009,180,180,180,180,180,130,130
47.457005739212036,0.03993839979975364,0.8032933708954952,0.2617993877991417,0.0,-1.4628650892663009,180,180,180,180,180,130,130
47.47374939918518,0.03993839979975364,0.8032933708954952,0.2617993877991417,0.0,-1.4628650892663009,180,180,180,180,180,130,130
47.48408508300781,0.038976744634723066,0.7944185449093601,0.2617993877991417,0.17453292519942779,-1.4628174647912673,180,180,180,180,180,130,130
