time,goal_x,goal_y,linear_x,angular_z,yaw,deadends
5.637035608291626,0.0002745529482952592,10.999003493926223,0.0,0.0,-1.5495130370119712,190,180,170,170,160,130,170
5.64738917350769,0.0002745529482952592,10.999003493926223,0.0,0.0,-1.5495130370119712,190,180,170,170,160,130,170
5.663344860076904,0.0002745529482952592,10.999003493926223,0.0,0.0,-1.5495130370119712,190,180,170,170,160,130,170
5.673677921295166,0.0002751995002592729,10.998999428747545,0.0,0.0,-1.5494554225249306,190,180,170,170,160,130,170
5.684105634689331,0.0002751995002592729,10.998999428747545,0.0,0.0,-1.5494554225249306,180,180,170,170,190,180,180
5.6949615478515625,0.0002751995002592729,10.998999428747545,0.0,0.0,-1.5494554225249306,180,180,170,170,190,180,180
5.715799331665039,0.00027582710042983635,10.998995479200842,0.0,0.0,-1.5493994393822041,180,180,170,170,190,180,180
5.726134300231934,0.00027582710042983635,10.998995479200842,0.0,0.0,-1.5493994393822041,180,180,170,170,190,180,180
5.736433744430542,0.0002764545333066243,10.998991525759386,0.0,0.0,-1.5493433936625358,180,180,170,170,190,180,180
5.746749401092529,0.0002764545333066243,10.998991525759386,0.0,0.0,-1.5493433936625358,180,180,170,170,190,180,180
5.763076066970825,0.0002764545333066243,10.998991525759386,0.0,0.0,-1.5493433936625358,180,180,170,170,190,180,180
5.773387432098389,0.00027710104427005266,10.998987448458696,0.0,0.0,-1.5492855843264262,180,180,170,170,190,180,180
5.7837300300598145,0.00027710104427005266,10.998987448458696,0.0,0.0,-1.5492855843264262,180,180,170,170,190,180,180
5.794048309326172,0.00027710104427005266,10.998987448458696,0.0,0.0,-1.5492855843264262,180,180,170,170,190,180,180
5.812959909439087,0.0002777286035131694,10.998983487136794,0.0,0.0,-1.5492294118524106,180,180,170,170,190,180,180
5.82369065284729,0.0002777286035131694,10.998983487136794,0.01745329251994278,0.0,-1.5492294118524106,180,180,170,170,190,180,180
5.835087776184082,0.00027835599127087147,10.998979521909991,0.08726646259971389,0.0,-1.5491731765833623,180,180,170,170,190,180,180
5.84590482711792,0.00027835599127087147,10.998979521909991,0.2268928027592561,0.0,-1.5491731765833623,180,180,170,170,190,180,180
5.863292217254639,0.00027835599127087147,10.998979521909991,0.2268928027592561,0.0,-1.5491731765833623,180,180,170,170,190,180,180
5.8736090660095215,0.0002744889731032164,10.998696161771182,0.2617993877991417,0.0,-1.5466068218075413,180,180,170,170,190,180,180
5.886780738830566,0.0002744889731032164,10.998696161771182,0.2617993877991417,0.0,-1.5466068218075413,180,180,170,170,190,180,180
5.897157430648804,0.0002560819643162864,10.997929210356618,0.2617993877991417,0.0,-1.5402358268128777,180,180,180,170,190,180,180
5.92025089263916,0.0002560819643162864,10.997929210356618,0.2617993877991417,0.0,-1.5402358268128777,180,180,180,170,190,180,180
5.930593967437744,0.0002560819643162864,10.997929210356618,0.2617993877991417,0.0,-1.5402358268128777,180,180,180,170,190,180,180
5.940924644470215,0.00021355747193222752,10.996631088536223,0.2617993877991417,0.0,-1.5302689732564916,180,180,180,170,190,180,180
5.952162504196167,0.00021355747193222752,10.996631088536223,0.2617993877991417,0.0,-1.5302689732564916,180,180,180,170,190,180,180
5.962475299835205,0.00021355747193222752,10.996631088536223,0.2617993877991417,0.0,-1.5302689732564916,180,180,180,170,190,180,180
5.974002122879028,0.00012738204791621656,10.994706950766489,0.2617993877991417,0.0,-1.5169491807921267,180,180,180,170,190,180,180
5.9842798709869385,0.00012738204791621656,10.994706950766489,0.2617993877991417,0.0,-1.5169491807921267,180,180,180,170,190,180,180
5.9945228099823,0.00012738204791621656,10.994706950766489,0.2617993877991417,0.0,-1.5169491807921267,180,180,180,170,190,180,180
6.004817962646484,-1.8235180805126693e-05,10.992247654660835,0.2617993877991417,0.0,-1.5021421573195646,180,180,170,170,190,180,180
6.024169683456421,-1.8235180805126693e-05,10.992247654660835,0.2617993877991417,0.0,-1.5021421573195646,180,180,170,170,190,180,180
6.034493446350098,-0.00024742210784030425,10.989196959446152,0.2617993877991417,0.0,-1.4869474201212165,180,180,170,170,190,180,180
6.044771671295166,-0.00024742210784030425,10.989196959446152,0.2617993877991417,0.0,-1.4869474201212165,180,180,170,170,190,180,180
6.05515718460083,-0.00024742210784030425,10.989196959446152,0.2617993877991417,0.0,-1.4869474201212165,180,180,170,170,190,180,180
6.071949481964111,-0.0005804233893240418,10.985449164392605,0.2617993877991417,0.0,-1.4728375235670066,180,180,170,170,190,180,180
6.082326173782349,-0.0005804233893240418,10.985449164392605,0.2617993877991417,0.0,-1.4728375235670066,180,180,170,170,190,180,180
6.092653036117554,-0.0005804233893240418,10.985449164392605,0.2617993877991417,0.0,-1.4728375235670066,180,180,170,170,190,180,180
6.103582859039307,-0.0010071730415981057,10.981274147656613,0.2617993877991417,0.0,-1.4628159289709475,180,170,170,170,190,180,180
6.130067348480225,-0.0010071730415981057,10.981274147656613,0.2617993877991417,0.0,-1.4628159289709475,180,170,170,170,190,180,180
6.140324592590332,-0.0015153076810662562,10.976635888599672,0.2617993877991417,0.0,-1.4583313397592428,180,170,170,170,190,180,180
6.150620222091675,-0.0015153076810662562,10.976635888599672,0.2617993877991417,0.0,-1.4583313397592428,180,170,170,170,190,180,180
6.170276165008545,-0.0015153076810662562,10.976635888599672,0.2617993877991417,0.0,-1.4583313397592428,180,170,170,170,190,180,180
6.180743455886841,-0.0021145608047499387,10.971304251979554,0.2617993877991417,0.0,-1.4582810921234504,180,170,170,170,190,180,180
6.191012144088745,-0.0021145608047499387,10.971304251979554,0.2617993877991417,0.0,-1.4582810921234504,180,170,170,170,190,180,180
6.2013397216796875,-0.002763380880107922,10.96547238731447,0.2617993877991417,0.0,-1.4610231135729643,180,170,170,170,190,180,180
6.217037677764893,-0.002763380880107922,10.96547238731447,0.2617993877991417,0.0,-1.4610231135729643,180,170,170,170,190,180,180
6.227416753768921,-0.002763380880107922,10.96547238731447,0.2617993877991417,0.0,-1.4610231135729643,180,170,170,170,190,180,180
6.237824440002441,-0.0034716577810308016,10.958919894539111,0.2617993877991417,0.0,-1.4648509625297295,180,170,170,170,190,180,180
6.248122692108154,-0.0034716577810308016,10.958919894539111,0.2617993877991417,0.0,-1.4648509625297295,180,170,170,170,190,180,180
6.260239124298096,-0.0034716577810308016,10.958919894539111,0.2617993877991417,0.0,-1.4648509625297295,180,170,170,170,190,180,180
6.270531415939331,-0.004257596039330524,10.951393839400271,0.2617993877991417,0.0,-1.468002901594803,180,170,170,170,190,180,180
6.280810832977295,-0.004257596039330524,10.951393839400271,0.2617993877991417,0.0,-1.468002901594803,180,170,170,170,190,180,180
6.291173458099365,-0.004257596039330524,10.951393839400271,0.2617993877991417,0.0,-1.468002901594803,180,170,170,170,190,180,180
6.316332817077637,-0.004257596039330524,10.951393839400271,0.2617993877991417,0.0,-1.468002901594803,180,170,170,170,190,180,180
6.327340126037598,-0.005075894323078017,10.943373235856246,0.2617993877991417,0.0,-1.4683787837524045,180,170,170,170,190,180,180
6.337909698486328,-0.005938466654767094,10.9349801993408,0.2617993877991417,0.0,-1.4668864780243158,180,170,170,170,190,180,180
6.348496198654175,-0.005938466654767094,10.9349801993408,0.2617993877991417,0.0,-1.4668864780243158,180,170,170,170,190,180,180
6.366182327270508,-0.006842674421683906,10.926337111681933,0.2617993877991417,0.0,-1.4652382317132502,180,170,170,170,190,180,180
6.376525163650513,-0.006842674421683906,10.926337111681933,0.2617993877991417,0.0,-1.4652382317132502,180,170,170,170,190,180,180
6.386802673339844,-0.006842674421683906,10.926337111681933,0.2617993877991417,0.0,-1.4652382317132502,190,180,180,170,190,180,180
6.397143363952637,-0.007741857561620459,10.917858756762847,0.2617993877991417,0.0,-1.4642736646697188,190,180,180,170,190,180,180
6.412568092346191,-0.007741857561620459,10.917858756762847,0.2617993877991417,0.0,-1.4642736646697188,190,180,180,170,190,180,180
6.422937393188477,-0.007741857561620459,10.917858756762847,0.2617993877991417,0.0,-1.4642736646697188,190,180,180,170,190,180,180
6.433449029922485,-0.0086603029451154,10.909268207896417,0.2617993877991417,0.0,-1.464041741044664,170,180,160,170,190,180,200
6.443769454956055,-0.0086603029451154,10.909268207896417,0.2617993877991417,0.0,-1.464041741044664,170,180,160,170,190,180,200
6.4576616287231445,-0.0086603029451154,10.909268207896417,0.2617993877991417,0.0,-1.464041741044664,170,180,160,170,190,180,200
6.468017101287842,-0.00960945670371271,10.900414481738647,0.2617993877991417,0.0,-1.4638489409447766,170,180,160,170,190,180,200
6.478305816650391,-0.00960945670371271,10.900414481738647,0.2617993877991417,0.0,-1.4638489409447766,170,180,160,170,190,180,200
6.488823175430298,-0.00960945670371271,10.900414481738647,0.2617993877991417,0.0,-1.4638489409447766,170,170,160,180,190,180,180
6.50533652305603,-0.010528376471022829,10.89182270514621,0.2617993877991417,0.0,-1.4637514640196836,170,170,160,180,190,180,180
6.515710353851318,-0.010528376471022829,10.89182270514621,0.2617993877991417,0.0,-1.4637514640196836,170,170,160,180,190,180,180
6.5259788036346436,-0.010528376471022829,10.89182270514621,0.2617993877991417,0.0,-1.4637514640196836,170,170,160,180,190,180,180
6.537336111068726,-0.011448598437779447,10.883241827554322,0.2617993877991417,0.0,-1.4637936787533803,170,170,160,200,190,190,210
6.547798156738281,-0.011448598437779447,10.883241827554322,0.2617993877991417,0.0,-1.4637936787533803,170,170,160,200,190,190,210
6.560174226760864,-0.011448598437779447,10.883241827554322,0.2617993877991417,0.0,-1.4637936787533803,170,170,160,200,190,190,210
6.570499658584595,-0.012395035306715181,10.874409587864967,0.2617993877991417,0.0,-1.4639512830280683,170,170,160,200,190,190,210
6.580810070037842,-0.012395035306715181,10.874409587864967,0.2617993877991417,0.0,-1.4639512830280683,170,170,160,200,190,190,210
6.591221570968628,-0.012395035306715181,10.874409587864967,0.2617993877991417,0.0,-1.4639512830280683,170,170,160,190,180,180,190
6.606415271759033,-0.01331388896583276,10.865831274773953,0.2617993877991417,0.0,-1.4641225385862595,170,170,160,190,180,180,190
6.616938829421997,-0.01331388896583276,10.865831274773953,0.2617993877991417,0.0,-1.4641225385862595,170,170,160,190,180,180,190
6.627171993255615,-0.01331388896583276,10.865831274773953,0.2617993877991417,0.0,-1.4641225385862595,170,170,160,190,180,180,190
6.637472152709961,-0.014232165921188485,10.857243243653677,0.2617993877991417,0.0,-1.4642881411673794,180,170,170,200,180,180,210
6.654481887817383,-0.014232165921188485,10.857243243653677,0.2617993877991417,0.0,-1.4642881411673794,180,170,170,200,180,180,210
6.664817571640015,-0.0151779560960935,10.848385499536015,0.2617993877991417,0.0,-1.4644246077573202,180,170,170,200,180,180,210
6.675176382064819,-0.0151779560960935,10.848385499536015,0.2617993877991417,0.0,-1.4644246077573202,180,170,170,200,180,180,210
6.685506105422974,-0.0151779560960935,10.848385499536015,0.2617993877991417,0.0,-1.4644246077573202,180,180,170,200,180,180,210
6.70043420791626,-0.01609537233584961,10.83978646391352,0.2617993877991417,0.0,-1.4644970554165513,180,180,170,200,180,180,210
6.7107253074646,-0.01609537233584961,10.83978646391352,0.2617993877991417,0.0,-1.4644970554165513,180,180,170,200,180,180,210
6.720994234085083,-0.01609537233584961,10.83978646391352,0.2617993877991417,0.0,-1.4644970554165513,180,170,170,190,180,180,210
6.73124885559082,-0.01609537233584961,10.83978646391352,0.2617993877991417,0.0,-1.4644970554165513,180,170,170,190,180,180,210
6.742335557937622,-0.01609537233584961,10.83978646391352,0.2617993877991417,0.0,-1.4644970554165513,180,170,170,190,180,180,210
6.752708911895752,-0.01700777356131291,10.831197396947566,0.2617993877991417,0.0,-1.464427847788398,180,170,170,190,180,180,210
6.762974500656128,-0.01700777356131291,10.831197396947566,0.2617993877991417,0.0,-1.464427847788398,180,180,170,200,180,180,190
6.773271560668945,-0.01794788354772865,10.822390483726789,0.2617993877991417,0.0,-1.4639885437469224,180,180,170,200,180,180,190
6.784676551818848,-0.01794788354772865,10.822390483726789,0.2617993877991417,0.0,-1.4639885437469224,180,180,170,200,180,180,190
6.794942378997803,-0.01794788354772865,10.822390483726789,0.2617993877991417,0.0,-1.4639885437469224,180,180,170,200,180,180,190
6.805180311203003,-0.01886643177518136,10.813804849821707,0.2617993877991417,0.0,-1.4637733654296108,180,180,170,200,180,180,190
6.81547474861145,-0.01886643177518136,10.813804849821707,0.2617993877991417,0.0,-1.4637733654296108,180,180,170,200,180,180,210
6.830950021743774,-0.01886643177518136,10.813804849821707,0.2617993877991417,0.0,-1.4637733654296108,180,180,170,200,180,180,210
6.841228723526001,-0.019790063704747732,10.805213946588495,0.2617993877991417,0.0,-1.4635392942028023,180,180,170,200,180,180,210
6.851444482803345,-0.019790063704747732,10.805213946588495,0.2617993877991417,0.0,-1.4635392942028023,180,180,160,190,180,180,190
6.861703395843506,-0.019790063704747732,10.805213946588495,0.2617993877991417,0.0,-1.4635392942028023,180,180,160,190,180,180,190
6.873230218887329,-0.020744063380381515,10.796359852681684,0.2617993877991417,0.0,-1.4633553527570973,180,180,160,190,180,180,190
6.883530855178833,-0.020744063380381515,10.796359852681684,0.2617993877991417,0.0,-1.4633553527570973,180,180,160,190,180,180,190
6.893841505050659,-0.020744063380381515,10.796359852681684,0.2617993877991417,0.0,-1.4633553527570973,180,180,160,190,180,180,190
6.904152154922485,-0.021666876606921206,10.787768509929974,0.2617993877991417,0.0,-1.4632673856578524,180,180,160,190,180,180,190
6.919872999191284,-0.021666876606921206,10.787768509929974,0.2617993877991417,0.0,-1.4632673856578524,180,180,160,190,180,180,190
6.930197238922119,-0.021666876606921206,10.787768509929974,0.2617993877991417,0.0,-1.4632673856578524,180,180,160,190,180,180,190
6.940455198287964,-0.022591179676520228,10.779190967512193,0.2617993877991417,0.0,-1.463335115322772,190,180,160,190,180,180,190
6.950773477554321,-0.022591179676520228,10.779190967512193,0.2617993877991417,0.0,-1.463335115322772,190,180,160,190,180,180,190
6.9633190631866455,-0.022591179676520228,10.779190967512193,0.2617993877991417,0.0,-1.463335115322772,190,180,160,190,180,180,190
6.973670721054077,-0.023542247434602648,10.77035813211285,0.2617993877991417,0.0,-1.4634919201034406,190,180,160,190,180,180,190
6.983925104141235,-0.023542247434602648,10.77035813211285,0.2617993877991417,0.0,-1.4634919201034406,180,180,160,190,180,180,200
6.994200229644775,-0.023542247434602648,10.77035813211285,0.2617993877991417,0.0,-1.4634919201034406,180,180,160,190,180,180,200
7.00810432434082,-0.02446513012466979,10.761779307919255,0.2617993877991417,0.0,-1.4636631118076269,180,180,160,190,180,180,200
7.018503665924072,-0.02446513012466979,10.761779307919255,0.2617993877991417,0.0,-1.4636631118076269,180,180,160,190,180,180,200
7.028851270675659,-0.02446513012466979,10.761779307919255,0.2617993877991417,0.0,-1.4636631118076269,180,180,160,190,180,190,210
7.039135694503784,-0.025387494586275195,10.753190412973428,0.2617993877991417,0.0,-1.4638259943124172,180,180,160,190,180,190,210
7.050931930541992,-0.025387494586275195,10.753190412973428,0.2617993877991417,0.0,-1.4638259943124172,180,180,160,190,180,190,210
7.061363935470581,-0.025387494586275195,10.753190412973428,0.2617993877991417,0.0,-1.4638259943124172,180,180,160,190,180,190,210
7.071635723114014,-0.026337442068897255,10.744332486929114,0.2617993877991417,0.0,-1.463957118395334,170,170,160,190,180,180,200
7.081914663314819,-0.026337442068897255,10.744332486929114,0.2617993877991417,0.0,-1.463957118395334,170,170,160,190,180,180,200
7.094485521316528,-0.026337442068897255,10.744332486929114,0.2617993877991417,0.0,-1.463957118395334,170,170,160,190,180,180,200
7.104926824569702,-0.027259069543725388,10.735734201436314,0.2617993877991417,0.0,-1.4640195829964109,170,170,160,190,180,180,200
7.115129232406616,-0.027259069543725388,10.735734201436314,0.2617993877991417,0.0,-1.4640195829964109,170,170,160,200,180,190,200
7.125476837158203,-0.027259069543725388,10.735734201436314,0.2617993877991417,0.0,-1.4640195829964109,170,170,160,200,180,190,200
7.139085054397583,-0.027259069543725388,10.735734201436314,0.2617993877991417,0.0,-1.4640195829964109,170,170,160,200,180,190,200
7.149641990661621,-0.02817473488880888,10.727149090964806,0.2617993877991417,0.0,-1.4639164156584672,170,170,160,200,180,190,200
7.159929990768433,-0.02817473488880888,10.727149090964806,0.2617993877991417,0.0,-1.4639164156584672,170,160,160,200,180,190,190
7.180794954299927,-0.029119731421623656,10.718342172651283,0.2617993877991417,0.0,-1.463475583463019,170,160,160,200,180,190,190
7.191365480422974,-0.029119731421623656,10.718342172651283,0.2617993877991417,0.0,-1.463475583463019,170,160,160,200,180,190,190
7.201679944992065,-0.030043103135371403,10.709754317854916,0.2617993877991417,0.0,-1.4632718698477105,170,160,160,190,180,180,190
7.212016344070435,-0.030043103135371403,10.709754317854916,0.2617993877991417,0.0,-1.4632718698477105,170,160,160,190,180,180,190
7.223705530166626,-0.030043103135371403,10.709754317854916,0.2617993877991417,0.0,-1.4632718698477105,170,160,160,190,180,180,190
7.234095096588135,-0.030971208720776175,10.701162971273686,0.2617993877991417,0.0,-1.4630413103134499,170,160,160,190,180,180,190
7.244640350341797,-0.030971208720776175,10.701162971273686,0.2617993877991417,0.0,-1.4630413103134499,180,170,160,190,180,180,190
7.265565872192383,-0.030971208720776175,10.701162971273686,0.2617993877991417,0.0,-1.4630413103134499,180,170,160,190,180,180,190
7.276102304458618,-0.031929649176531925,10.692309506439203,0.2617993877991417,0.0,-1.462867319801827,180,170,160,190,180,180,190
7.286358118057251,-0.031929649176531925,10.692309506439203,0.2617993877991417,0.0,-1.462867319801827,180,170,160,190,180,190,190
7.296623706817627,-0.031929649176531925,10.692309506439203,0.2617993877991417,0.0,-1.462867319801827,180,170,160,190,180,190,190
7.308431386947632,-0.032855840397120695,10.68371901058111,0.2617993877991417,0.0,-1.462790943587109,180,170,160,190,180,190,190
7.318739414215088,-0.032855840397120695,10.68371901058111,0.2617993877991417,0.0,-1.462790943587109,180,170,160,190,180,190,190
7.329178333282471,-0.032855840397120695,10.68371901058111,0.2617993877991417,0.0,-1.462790943587109,180,170,160,190,180,190,190
7.3395280838012695,-0.033784080839637756,10.675144622742753,0.2617993877991417,0.0,-1.4628832354636339,180,170,160,190,180,190,190
7.349750995635986,-0.033784080839637756,10.675144622742753,0.2617993877991417,0.0,-1.4628832354636339,180,170,160,190,180,190,190
7.360140085220337,-0.033784080839637756,10.675144622742753,0.2617993877991417,0.0,-1.4628832354636339,180,170,160,190,180,180,190
7.370551586151123,-0.03473958399947254,10.666311211647233,0.2617993877991417,0.0,-1.4630401630176988,180,170,160,190,180,180,190
7.382045030593872,-0.03473958399947254,10.666311211647233,0.2617993877991417,0.0,-1.4630401630176988,180,170,160,190,180,180,190
7.392351150512695,-0.03473958399947254,10.666311211647233,0.2617993877991417,0.0,-1.4630401630176988,180,170,160,190,180,180,190
7.402618646621704,-0.035666440795447805,10.657731793520838,0.2617993877991417,0.0,-1.4632111489997708,180,170,160,200,180,190,190
7.41289758682251,-0.035666440795447805,10.657731793520838,0.2617993877991417,0.0,-1.4632111489997708,180,170,160,200,180,190,190
7.4256110191345215,-0.035666440795447805,10.657731793520838,0.2617993877991417,0.0,-1.4632111489997708,180,170,160,200,180,190,190
7.4359776973724365,-0.03659283373727594,10.649141996055784,0.2617993877991417,0.0,-1.4633709698634072,180,170,160,200,180,190,190
7.44629693031311,-0.03659283373727594,10.649141996055784,0.2617993877991417,0.0,-1.4633709698634072,180,170,160,200,180,190,190
7.456579923629761,-0.03659283373727594,10.649141996055784,0.2617993877991417,0.0,-1.4633709698634072,180,160,160,200,180,190,200
7.47201681137085,-0.03659283373727594,10.649141996055784,0.2617993877991417,0.0,-1.4633709698634072,180,160,160,200,180,190,200
7.482509136199951,-0.03754685580413096,10.640283937878982,0.2617993877991417,0.0,-1.4634964757548496,180,160,160,200,180,190,200
7.492740631103516,-0.03754685580413096,10.640283937878982,0.2617993877991417,0.0,-1.4634964757548496,170,170,160,200,180,190,200
7.503021001815796,-0.038472634059256376,10.63168649859336,0.2617993877991417,0.0,-1.4635478781202673,170,170,160,200,180,190,200
7.515246868133545,-0.038472634059256376,10.63168649859336,0.2617993877991417,0.0,-1.4635478781202673,170,170,160,200,180,190,200
7.525483846664429,-0.038472634059256376,10.63168649859336,0.2617993877991417,0.0,-1.4635478781202673,170,170,160,200,180,190,200
7.535739898681641,-0.03939169665057445,10.623106268516551,0.2617993877991417,0.0,-1.4634039102838576,170,170,160,200,180,190,200
7.5460333824157715,-0.03939169665057445,10.623106268516551,0.2617993877991417,0.0,-1.4634039102838576,170,170,160,200,180,190,190
7.560656309127808,-0.03939169665057445,10.623106268516551,0.2617993877991417,0.0,-1.4634039102838576,170,170,160,200,180,190,190
7.570910930633545,-0.0403415256700362,10.614296814567002,0.2617993877991417,0.0,-1.4629790666954585,170,170,160,200,180,190,190
7.581139087677002,-0.0403415256700362,10.614296814567002,0.2617993877991417,0.0,-1.4629790666954585,170,160,160,200,180,190,190
7.591444730758667,-0.0403415256700362,10.614296814567002,0.2617993877991417,0.0,-1.4629790666954585,170,160,160,200,180,190,190
7.603747367858887,-0.0403415256700362,10.614296814567002,0.2617993877991417,0.0,-1.4629790666954585,170,160,160,200,180,190,190
7.613970994949341,-0.0412695027567937,10.605708371988147,0.2617993877991417,0.0,-1.4627743394965174,170,160,160,200,180,190,190
7.624176263809204,-0.0412695027567937,10.605708371988147,0.2617993877991417,0.0,-1.4627743394965174,170,160,160,200,180,190,190
7.63465142250061,-0.04220199751426754,10.597116739069007,0.2617993877991417,0.0,-1.46254755627624,170,160,160,200,180,190,190
7.64641809463501,-0.04220199751426754,10.597116739069007,0.2617993877991417,0.0,-1.46254755627624,170,160,160,200,180,190,190
7.663134574890137,-0.04220199751426754,10.597116739069007,0.2617993877991417,0.0,-1.46254755627624,170,160,160,200,180,190,190
7.673492431640625,-0.04316484517230998,10.5882640435491,0.2617993877991417,0.0,-1.4623836738720892,170,160,160,200,180,190,190
7.683835029602051,-0.04316484517230998,10.5882640435491,0.2617993877991417,0.0,-1.4623836738720892,170,160,160,190,180,190,190
7.694183826446533,-0.04316484517230998,10.5882640435491,0.2617993877991417,0.0,-1.4623836738720892,170,160,160,190,180,190,190
7.705796003341675,-0.04409492042586126,10.579674600344605,0.2617993877991417,0.0,-1.4623193917974713,170,160,160,190,180,190,190
7.716829776763916,-0.04409492042586126,10.579674600344605,0.2617993877991417,0.0,-1.4623193917974713,170,160,160,190,180,190,190
7.727192401885986,-0.04409492042586126,10.579674600344605,0.2617993877991417,0.0,-1.4623193917974713,170,160,170,200,180,190,190
7.737501382827759,-0.04502667618867535,10.571102766844113,0.2617993877991417,0.0,-1.4624319136927113,170,160,170,200,180,190,190
7.751981973648071,-0.04502667618867535,10.571102766844113,0.2617993877991417,0.0,-1.4624319136927113,170,160,170,200,180,190,190
7.7622785568237305,-0.04502667618867535,10.571102766844113,0.2617993877991417,0.0,-1.4624319136927113,170,160,170,200,180,190,190
7.772643089294434,-0.04598642211214629,10.562269032930814,0.2617993877991417,0.0,-1.4625904988018255,170,160,170,200,180,190,190
7.783711910247803,-0.04598642211214629,10.562269032930814,0.2617993877991417,0.0,-1.4625904988018255,170,160,170,190,180,190,190
7.801328182220459,-0.0469172338032292,10.553689049749462,0.2617993877991417,0.0,-1.462761061188145,170,160,170,190,180,190,190
7.811593770980835,-0.0469172338032292,10.553689049749462,0.2617993877991417,0.0,-1.462761061188145,170,160,170,190,180,190,190
7.8229076862335205,-0.0469172338032292,10.553689049749462,0.2617993877991417,0.0,-1.462761061188145,170,160,170,190,180,190,190
7.833178281784058,-0.047847636963852386,10.54509840602767,0.2617993877991417,0.0,-1.4629174232535977,170,170,170,200,180,190,190
7.852045774459839,-0.047847636963852386,10.54509840602767,0.2617993877991417,0.0,-1.4629174232535977,170,170,170,200,180,190,190
7.862442493438721,-0.047847636963852386,10.54509840602767,0.2617993877991417,0.0,-1.4629174232535977,170,170,170,200,180,190,190
7.872627019882202,-0.04880571384694775,10.536240383582795,0.2617993877991417,0.0,-1.4630370143019393,170,170,170,200,180,190,190
7.883042097091675,-0.04880571384694775,10.536240383582795,0.2617993877991417,0.0,-1.4630370143019393,170,170,170,200,190,190,200
7.900096416473389,-0.04973543894775316,10.527643961656068,0.2617993877991417,0.0,-1.4630764349604803,170,170,170,200,190,190,200
7.910449028015137,-0.04973543894775316,10.527643961656068,0.2617993877991417,0.0,-1.4630764349604803,170,170,170,200,190,190,200
7.920863628387451,-0.04973543894775316,10.527643961656068,0.2617993877991417,0.0,-1.4630764349604803,170,170,170,200,190,190,200
7.9312050342559814,-0.04973543894775316,10.527643961656068,0.2617993877991417,0.0,-1.4630764349604803,170,170,170,200,190,190,200
7.947728157043457,-0.050658070681278686,10.51906959983718,0.2617993877991417,0.0,-1.4628852265320165,170,170,170,200,190,190,200
7.95807409286499,-0.050658070681278686,10.51906959983718,0.2617993877991417,0.0,-1.4628852265320165,170,170,170,200,190,190,200
7.968382358551025,-0.05161234020757328,10.510260401371982,0.2617993877991417,0.0,-1.4624555004570294,170,170,170,200,190,190,200
7.978644371032715,-0.05161234020757328,10.510260401371982,0.2617993877991417,0.0,-1.4624555004570294,170,160,170,200,180,190,200
7.988886594772339,-0.05161234020757328,10.510260401371982,0.2617993877991417,0.0,-1.4624555004570294,170,160,170,200,180,190,200
8.00159740447998,-0.05254510735141187,10.501672486322033,0.2617993877991417,0.0,-1.4622423444778407,170,160,170,200,180,190,200
8.01194429397583,-0.05254510735141187,10.501672486322033,0.2617993877991417,0.0,-1.4622423444778407,170,160,170,200,180,190,200
8.022365093231201,-0.05254510735141187,10.501672486322033,0.2617993877991417,0.0,-1.4622423444778407,170,160,170,200,180,190,200
8.04356074333191,-0.05254510735141187,10.501672486322033,0.2617993877991417,0.0,-1.4622423444778407,170,160,170,200,180,190,200
8.053952932357788,-0.05348234384611859,10.493080742320895,0.2617993877991417,0.0,-1.4620210397462878,170,160,170,200,180,190,200
8.064197778701782,-0.05444969977648349,10.484228871384975,0.2617993877991417,0.0,-1.4618678265109044,170,160,170,200,180,190,190
8.074464082717896,-0.05444969977648349,10.484228871384975,0.2617993877991417,0.0,-1.4618678265109044,170,160,170,200,180,190,190
8.08673095703125,-0.05444969977648349,10.484228871384975,0.2617993877991417,0.0,-1.4618678265109044,170,160,170,200,180,190,190
8.097094297409058,-0.05538457959685805,10.475640843689092,0.2617993877991417,0.0,-1.461817838492614,170,160,170,200,180,190,190
8.107369899749756,-0.05538457959685805,10.475640843689092,0.2617993877991417,0.0,-1.461817838492614,170,160,170,200,180,190,190
8.117634057998657,-0.05538457959685805,10.475640843689092,0.2617993877991417,0.0,-1.461817838492614,170,160,170,200,190,190,210
8.132100105285645,-0.05538457959685805,10.475640843689092,0.2617993877991417,0.0,-1.461817838492614,170,160,170,200,190,190,210
8.142637014389038,-0.05631983282881354,10.467070821834241,0.2617993877991417,0.0,-1.4619460029125437,170,160,170,200,190,190,210
8.152965784072876,-0.05631983282881354,10.467070821834241,0.2617993877991417,0.0,-1.4619460029125437,170,160,170,200,190,190,210
8.163275718688965,-0.05631983282881354,10.467070821834241,0.2617993877991417,0.0,-1.4619460029125437,170,160,170,200,190,190,210
8.178611278533936,-0.05728398401203162,10.458237037488143,0.2617993877991417,0.0,-1.4621082992249728,170,160,170,200,190,190,210
8.188920974731445,-0.05728398401203162,10.458237037488143,0.2617993877991417,0.0,-1.4621082992249728,170,160,170,200,190,190,210
8.19918441772461,-0.05821903417342931,10.449656463264247,0.2617993877991417,0.0,-1.4622783261552441,170,160,170,200,190,190,210
8.209510803222656,-0.05821903417342931,10.449656463264247,0.2617993877991417,0.0,-1.4622783261552441,170,160,190,200,190,190,210
8.223995923995972,-0.05821903417342931,10.449656463264247,0.2617993877991417,0.0,-1.4622783261552441,170,160,190,200,190,190,210
8.234349489212036,-0.05915373086536742,10.441065018902016,0.2617993877991417,0.0,-1.462430852200832,170,160,190,200,190,190,210
8.244632244110107,-0.05915373086536742,10.441065018902016,0.2617993877991417,0.0,-1.462430852200832,170,160,190,200,190,190,210
8.254974126815796,-0.05915373086536742,10.441065018902016,0.2617993877991417,0.0,-1.462430852200832,170,170,200,200,190,190,210
8.27248740196228,-0.060116161407439944,10.432207149895424,0.2617993877991417,0.0,-1.4625438733897786,170,170,200,200,190,190,210
8.283416748046875,-0.060116161407439944,10.432207149895424,0.2617993877991417,0.0,-1.4625438733897786,170,170,200,200,190,190,210
8.29377293586731,-0.060116161407439944,10.432207149895424,0.2617993877991417,0.0,-1.4625438733897786,180,160,170,200,190,190,200
8.30416464805603,-0.06104980378212452,10.423611900428089,0.2617993877991417,0.0,-1.4625697941330706,180,160,170,200,190,190,200
8.318142890930176,-0.06104980378212452,10.423611900428089,0.2617993877991417,0.0,-1.4625697941330706,180,160,170,200,190,190,200
8.32861876487732,-0.06104980378212452,10.423611900428089,0.2617993877991417,0.0,-1.4625697941330706,180,160,170,200,190,190,200
8.33958911895752,-0.061976472592701844,10.415044142370244,0.2617993877991417,0.0,-1.462325877876973,180,170,170,200,190,190,210
8.36037826538086,-0.061976472592701844,10.415044142370244,0.2617993877991417,0.0,-1.462325877876973,180,170,170,200,190,190,210
8.370604038238525,-0.06293641769667059,10.40622727071655,0.2617993877991417,0.0,-1.4619491027459703,180,170,170,200,190,190,210
8.380812883377075,-0.06293641769667059,10.40622727071655,0.2617993877991417,0.0,-1.4619491027459703,180,170,170,200,190,190,210
8.391114711761475,-0.06293641769667059,10.40622727071655,0.2617993877991417,0.0,-1.4619491027459703,170,160,170,200,190,190,210
8.405997514724731,-0.06293641769667059,10.40622727071655,0.2617993877991417,0.0,-1.4619491027459703,170,160,170,200,190,190,210
8.416272163391113,-0.0638736747896799,10.397639977381965,0.2617993877991417,0.0,-1.4617249011481734,170,160,170,200,190,190,210
8.426465034484863,-0.0638736747896799,10.397639977381965,0.2617993877991417,0.0,-1.4617249011481734,170,160,170,190,190,190,200
8.436659097671509,-0.06481538728163602,10.389048458725497,0.2617993877991417,0.0,-1.4615095758649097,170,160,170,190,190,190,200
8.44686770439148,-0.06481538728163602,10.389048458725497,0.2617993877991417,0.0,-1.4615095758649097,170,160,170,190,190,190,200
8.457093477249146,-0.06481538728163602,10.389048458725497,0.2617993877991417,0.0,-1.4615095758649097,170,160,170,190,190,190,200
8.467309474945068,-0.06481538728163602,10.389048458725497,0.2617993877991417,0.0,-1.4615095758649097,170,160,180,200,190,190,210
8.47751760482788,-0.06578674803919765,10.380197472903067,0.2617993877991417,0.0,-1.4613671644372657,170,160,180,200,190,190,210
8.488111019134521,-0.06578674803919765,10.380197472903067,0.2617993877991417,0.0,-1.4613671644372657,170,160,180,200,190,190,210
8.49833869934082,-0.06672652238993192,10.371611237353132,0.2617993877991417,0.0,-1.4613334769366422,170,160,180,200,190,190,210
8.508664608001709,-0.06672652238993192,10.371611237353132,0.2617993877991417,0.0,-1.4613334769366422,160,160,180,200,180,190,210
8.52813720703125,-0.06672652238993192,10.371611237353132,0.2617993877991417,0.0,-1.4613334769366422,160,160,180,200,180,190,210
8.538392305374146,-0.06766529845660822,10.363042373152812,0.2617993877991417,0.0,-1.4614725187048925,160,160,180,200,180,190,210
8.548554182052612,-0.06766529845660822,10.363042373152812,0.2617993877991417,0.0,-1.4614725187048925,160,160,180,200,180,190,210
8.558761835098267,-0.06766529845660822,10.363042373152812,0.2617993877991417,0.0,-1.4614725187048925,160,160,180,190,180,190,190
8.574247121810913,-0.06863367894479461,10.354208720340356,0.2617993877991417,0.0,-1.4616392094655906,160,160,180,190,180,190,190
8.584545373916626,-0.06863367894479461,10.354208720340356,0.2617993877991417,0.0,-1.4616392094655906,160,160,180,190,180,190,190
8.59471869468689,-0.06863367894479461,10.354208720340356,0.2617993877991417,0.0,-1.4616392094655906,160,160,180,190,180,190,190
8.604961156845093,-0.06957284887273728,10.34562746979105,0.2617993877991417,0.0,-1.4618088545840768,170,160,170,190,180,190,190
8.616616249084473,-0.06957284887273728,10.34562746979105,0.2617993877991417,0.0,-1.4618088545840768,170,160,170,190,180,190,190
8.62677526473999,-0.06957284887273728,10.34562746979105,0.2617993877991417,0.0,-1.4618088545840768,170,160,170,190,180,190,190
8.637006998062134,-0.0705117323339235,10.337035374418782,0.2617993877991417,0.0,-1.4619570412136695,170,160,170,190,180,190,190
8.64727520942688,-0.0705117323339235,10.337035374418782,0.2617993877991417,0.0,-1.4619570412136695,160,160,180,190,180,190,190
8.66392469406128,-0.0705117323339235,10.337035374418782,0.2617993877991417,0.0,-1.4619570412136695,160,160,180,190,180,190,190
8.674317836761475,-0.07147840380582234,10.328177792000043,0.2617993877991417,0.0,-1.4620628654058112,160,160,180,190,180,190,190
8.684580087661743,-0.07147840380582234,10.328177792000043,0.2617993877991417,0.0,-1.4620628654058112,170,160,180,190,180,190,190
8.704686403274536,-0.07147840380582234,10.328177792000043,0.2617993877991417,0.0,-1.4620628654058112,170,160,180,190,180,190,190
8.715087175369263,-0.0724155345515488,10.319583959079518,0.2617993877991417,0.0,-1.4620736025416232,170,160,180,190,180,190,190
8.72530198097229,-0.0724155345515488,10.319583959079518,0.2617993877991417,0.0,-1.4620736025416232,160,170,170,200,180,190,190
8.73554253578186,-0.0733464595003804,10.311023092640728,0.2617993877991417,0.0,-1.4617759426725614,160,170,170,200,180,190,190
8.747103452682495,-0.0733464595003804,10.311023092640728,0.2617993877991417,0.0,-1.4617759426725614,160,170,170,200,180,190,190
8.757301092147827,-0.0733464595003804,10.311023092640728,0.2617993877991417,0.0,-1.4617759426725614,160,170,170,200,180,190,190
8.767830848693848,-0.07431152506878666,10.30219964787954,0.2617993877991417,0.0,-1.4614414108574245,170,170,170,200,180,190,190
8.78795051574707,-0.07431152506878666,10.30219964787954,0.2617993877991417,0.0,-1.4614414108574245,170,170,170,200,180,190,190
8.798273801803589,-0.07525359163760742,10.29361312159763,0.2617993877991417,0.0,-1.4612075686284398,170,170,170,200,180,190,190
8.808461904525757,-0.07525359163760742,10.29361312159763,0.2617993877991417,0.0,-1.4612075686284398,170,160,180,190,180,190,210
8.818655967712402,-0.07525359163760742,10.29361312159763,0.2617993877991417,0.0,-1.4612075686284398,170,160,180,190,180,190,210
8.830045223236084,-0.07525359163760742,10.29361312159763,0.2617993877991417,0.0,-1.4612075686284398,170,160,180,190,180,190,210
8.840328693389893,-0.07619973910350461,10.285021974852324,0.2617993877991417,0.0,-1.4609995208711066,170,160,180,190,180,190,210
8.850534915924072,-0.07619973910350461,10.285021974852324,0.2617993877991417,0.0,-1.4609995208711066,160,160,190,190,180,190,210
8.868813276290894,-0.07619973910350461,10.285021974852324,0.2617993877991417,0.0,-1.4609995208711066,160,160,190,190,180,190,210
8.879151344299316,-0.07717484571241906,10.276171792578955,0.2617993877991417,0.0,-1.460868544808067,160,160,190,190,180,190,210
8.889334440231323,-0.07717484571241906,10.276171792578955,0.2617993877991417,0.0,-1.460868544808067,160,160,190,190,180,190,210
8.899540662765503,-0.07811937196650907,10.267587847925462,0.2617993877991417,0.0,-1.4608545850011887,160,160,180,190,180,190,200
8.913267612457275,-0.07811937196650907,10.267587847925462,0.2617993877991417,0.0,-1.4608545850011887,160,160,180,190,180,190,200
8.923473834991455,-0.07811937196650907,10.267587847925462,0.2617993877991417,0.0,-1.4608545850011887,160,160,180,190,180,190,200
8.933643341064453,-0.07906208037501795,10.259019556052408,0.2617993877991417,0.0,-1.4610007999715324,160,160,170,180,180,190,200
8.943874835968018,-0.07906208037501795,10.259019556052408,0.2617993877991417,0.0,-1.4610007999715324,160,160,170,180,180,190,200
8.955310344696045,-0.07906208037501795,10.259019556052408,0.2617993877991417,0.0,-1.4610007999715324,160,160,170,180,180,190,200
8.965521812438965,-0.08003467019241493,10.250185955710919,0.2617993877991417,0.0,-1.4611715688363738,160,160,170,180,180,190,200
8.97571849822998,-0.08003467019241493,10.250185955710919,0.2617993877991417,0.0,-1.4611715688363738,160,160,170,180,180,190,200
8.98593258857727,-0.08003467019241493,10.250185955710919,0.2617993877991417,0.0,-1.4611715688363738,160,160,190,190,180,190,200
8.99885368347168,-0.08097796076316982,10.241603835462769,0.2617993877991417,0.0,-1.461340473268662,160,160,190,190,180,190,200
9.009026288986206,-0.08097796076316982,10.241603835462769,0.2617993877991417,0.0,-1.461340473268662,160,160,190,190,180,190,200
9.019227981567383,-0.08097796076316982,10.241603835462769,0.2617993877991417,0.0,-1.461340473268662,160,160,190,190,180,190,200
9.029432773590088,-0.08097796076316982,10.241603835462769,0.2617993877991417,0.0,-1.461340473268662,160,160,170,190,180,190,200
9.043721437454224,-0.08192102000960448,10.233011222927457,0.2617993877991417,0.0,-1.4614841742579658,160,160,170,190,180,190,200
9.053926944732666,-0.08192102000960448,10.233011222927457,0.2617993877991417,0.0,-1.4614841742579658,160,160,170,190,180,190,200
9.064114332199097,-0.08289195353282774,10.224153996552953,0.2617993877991417,0.0,-1.4615819814788884,160,160,190,190,180,190,210
9.074307918548584,-0.08289195353282774,10.224153996552953,0.2617993877991417,0.0,-1.4615819814788884,160,160,190,190,180,190,210
9.085840225219727,-0.08289195353282774,10.224153996552953,0.2617993877991417,0.0,-1.4615819814788884,160,160,190,190,180,190,210
9.09616208076477,-0.08289195353282774,10.224153996552953,0.2617993877991417,0.0,-1.4615819814788884,160,160,190,190,180,190,210
9.1064453125,-0.08383230971000143,10.215561856548259,0.2617993877991417,0.0,-1.4615749317749311,160,160,170,180,180,180,210
9.125343561172485,-0.08383230971000143,10.215561856548259,0.2617993877991417,0.0,-1.4615749317749311,160,160,170,180,180,180,210
9.135590314865112,-0.08476781666099888,10.207007329745803,0.2617993877991417,0.0,-1.4612283869241407,160,160,170,180,180,180,210
9.145816087722778,-0.08476781666099888,10.207007329745803,0.2617993877991417,0.0,-1.4612283869241407,160,160,170,180,180,180,210
9.15606141090393,-0.08476781666099888,10.207007329745803,0.2617993877991417,0.0,-1.4612283869241407,160,160,190,180,180,180,210
9.16853404045105,-0.08573796513784991,10.198176901586415,0.2617993877991417,0.0,-1.460937376013117,160,160,190,180,180,180,210
9.178775548934937,-0.08573796513784991,10.198176901586415,0.2617993877991417,0.0,-1.460937376013117,160,160,190,180,180,180,210
9.18899917602539,-0.08573796513784991,10.198176901586415,0.2617993877991417,0.0,-1.460937376013117,160,160,190,180,180,180,210
9.199239253997803,-0.0866849024006322,10.189590787235826,0.2617993877991417,0.0,-1.4606982375858268,160,160,200,190,180,180,210
9.211815595626831,-0.0866849024006322,10.189590787235826,0.2617993877991417,0.0,-1.4606982375858268,160,160,200,190,180,180,210
9.222107648849487,-0.0866849024006322,10.189590787235826,0.2617993877991417,0.0,-1.4606982375858268,160,160,200,190,180,180,210
9.232347011566162,-0.0866849024006322,10.189590787235826,0.2617993877991417,0.0,-1.4606982375858268,160,160,200,190,180,180,210
9.242577314376831,-0.08763536527974879,10.181000005276406,0.2617993877991417,0.0,-1.4604977364072567,160,160,170,190,180,180,210
9.255889892578125,-0.08763536527974879,10.181000005276406,0.2617993877991417,0.0,-1.4604977364072567,160,160,170,190,180,180,210
9.26610541343689,-0.08861396534272137,10.172150615036667,0.2617993877991417,0.0,-1.4603783454072554,160,160,170,190,180,180,210
9.276319980621338,-0.08861396534272137,10.172150615036667,0.2617993877991417,0.0,-1.4603783454072554,160,160,190,190,180,180,210
9.286515712738037,-0.08861396534272137,10.172150615036667,0.2617993877991417,0.0,-1.4603783454072554,160,160,190,190,180,180,210
9.298656225204468,-0.08956294586341983,10.163569511635849,0.2617993877991417,0.0,-1.4603869156223568,160,160,190,190,180,180,210
9.308873414993286,-0.08956294586341983,10.163569511635849,0.2617993877991417,0.0,-1.4603869156223568,160,160,190,190,180,180,210
9.319384574890137,-0.08956294586341983,10.163569511635849,0.2617993877991417,0.0,-1.4603869156223568,160,160,190,190,180,180,210
9.330197095870972,-0.08956294586341983,10.163569511635849,0.2617993877991417,0.0,-1.4603869156223568,160,160,190,190,180,180,210
9.346434831619263,-0.09050995147264293,10.155001359295817,0.2617993877991417,0.0,-1.4605367801828328,160,160,190,190,180,180,210
9.356630325317383,-0.09050995147264293,10.155001359295817,0.2617993877991417,0.0,-1.4605367801828328,160,160,190,190,180,180,210
9.366848230361938,-0.09148668543032638,10.146167666712618,0.2617993877991417,0.0,-1.46071021089468,160,160,190,190,180,180,210
9.38510251045227,-0.09148668543032638,10.146167666712618,0.2617993877991417,0.0,-1.46071021089468,160,160,190,190,180,180,210
9.395343542098999,-0.09148668543032638,10.146167666712618,0.2617993877991417,0.0,-1.46071021089468,160,160,190,190,180,180,210
9.405560970306396,-0.09243405976029272,10.13758469183665,0.2617993877991417,0.0,-1.4608775902278301,160,150,190,190,180,180,210
9.423860788345337,-0.09243405976029272,10.13758469183665,0.2617993877991417,0.0,-1.4608775902278301,160,150,190,190,180,180,210
9.43418002128601,-0.09338122120648175,10.128991699093948,0.2617993877991417,0.0,-1.4610169216666926,160,150,190,190,180,180,210
9.444434881210327,-0.09338122120648175,10.128991699093948,0.2617993877991417,0.0,-1.4610169216666926,160,150,190,190,180,180,210
9.454683303833008,-0.09338122120648175,10.128991699093948,0.2617993877991417,0.0,-1.4610169216666926,160,150,190,190,180,190,210
9.467109203338623,-0.09435639658653686,10.120134961373935,0.2617993877991417,0.0,-1.4611062625871325,160,150,190,190,180,190,210
9.477338314056396,-0.09435639658653686,10.120134961373935,0.2617993877991417,0.0,-1.4611062625871325,160,150,190,190,180,190,210
9.48758602142334,-0.09435639658653686,10.120134961373935,0.2617993877991417,0.0,-1.4611062625871325,160,150,190,190,180,190,210
9.497785806655884,-0.09529976533443284,10.111544958968285,0.2617993877991417,-0.05235987755982833,-1.4610784309245595,160,150,190,190,180,190,210
9.509660482406616,-0.09529976533443284,10.111544958968285,0.2617993877991417,-0.05235987755982833,-1.4610784309245595,160,150,190,190,180,190,210
9.519855260848999,-0.09529976533443284,10.111544958968285,0.2617993877991417,-0.06981317007977111,-1.4610784309245595,160,150,190,190,180,190,210
9.530080080032349,-0.09624002230449687,10.102995723852473,0.2617993877991417,-0.08726646259971389,-1.4606914225089076,150,150,190,190,180,190,200
9.540288209915161,-0.09624002230449687,10.102995723852473,0.2617993877991417,-0.08726646259971389,-1.4606914225089076,150,150,190,190,180,190,200
9.55191969871521,-0.09624002230449687,10.102995723852473,0.2617993877991417,-0.20943951023931331,-1.4606914225089076,150,150,190,190,180,190,200
9.56213927268982,-0.09624002230449687,10.102995723852473,0.2617993877991417,-0.20943951023931331,-1.4606914225089076,150,150,190,190,180,190,200
9.572333574295044,-0.09722536010395913,10.094144307276606,0.2617993877991417,-0.20943951023931331,-1.458295910883183,150,150,180,190,180,180,190
9.582533836364746,-0.09722536010395913,10.094144307276606,0.2617993877991417,-0.2268928027592561,-1.458295910883183,150,150,180,190,180,180,190
9.595351457595825,-0.09722536010395913,10.094144307276606,0.2617993877991417,-0.2268928027592561,-1.458295910883183,150,150,180,190,180,180,190
9.605541706085205,-0.09821681333032373,10.085524914130676,0.2617993877991417,-0.33161255787891275,-1.453853770192868,150,150,180,190,180,180,190
9.616407871246338,-0.09821681333032373,10.085524914130676,0.2617993877991417,-0.43633231299856945,-1.453853770192868,150,150,180,190,180,180,190
9.626635074615479,-0.09821681333032373,10.085524914130676,0.2617993877991417,-0.43633231299856945,-1.453853770192868,150,150,190,190,180,180,190
9.644348382949829,-0.09925153404508348,10.076973410933746,0.2617993877991417,-0.43633231299856945,-1.4457802924020828,150,150,190,190,180,180,190
9.654591083526611,-0.09925153404508348,10.076973410933746,0.2617993877991417,-0.43633231299856945,-1.4457802924020828,150,150,190,190,180,180,190
9.664821147918701,-0.10038249586845405,10.068317493378267,0.2617993877991417,-0.43633231299856945,-1.4336051409906616,150,150,190,190,180,180,190
9.675068378448486,-0.10038249586845405,10.068317493378267,0.2617993877991417,-0.43633231299856945,-1.4336051409906616,150,150,190,190,180,190,190
9.688327312469482,-0.10038249586845405,10.068317493378267,0.2617993877991417,-0.43633231299856945,-1.4336051409906616,150,150,190,190,180,190,190
9.698530197143555,-0.10158582050630395,10.059946665847182,0.2617993877991417,-0.43633231299856945,-1.421174319377907,150,150,190,190,180,190,190
9.708810806274414,-0.10158582050630395,10.059946665847182,0.2617993877991417,-0.43633231299856945,-1.421174319377907,150,150,190,190,180,190,190
9.7190420627594,-0.10158582050630395,10.059946665847182,0.2617993877991417,-0.43633231299856945,-1.421174319377907,140,150,200,190,190,190,210
9.73246145248413,-0.10158582050630395,10.059946665847182,0.2617993877991417,-0.43633231299856945,-1.421174319377907,140,150,200,190,190,190,210
9.742673635482788,-0.1029303950924713,10.051405156363122,0.2617993877991417,-0.43633231299856945,-1.4075214668835472,140,150,200,190,190,190,210
9.752881050109863,-0.1029303950924713,10.051405156363122,0.2617993877991417,-0.43633231299856945,-1.4075214668835472,140,150,200,190,190,190,210
9.763074398040771,-0.1029303950924713,10.051405156363122,0.2617993877991417,-0.43633231299856945,-1.4075214668835472,150,150,190,190,190,190,210
9.776307106018066,-0.10445763184298464,10.042522216013323,0.2617993877991417,-0.43633231299856945,-1.3928651120983333,150,150,190,190,190,190,210
9.786504745483398,-0.10445763184298464,10.042522216013323,0.2617993877991417,-0.43633231299856945,-1.3928651120983333,150,150,190,190,190,190,210
9.79671311378479,-0.10606667655542042,10.033911099478455,0.2617993877991417,-0.43633231299856945,-1.378615691171142,150,150,200,190,190,190,210
9.818198919296265,-0.10606667655542042,10.033911099478455,0.2617993877991417,-0.43633231299856945,-1.378615691171142,150,150,200,190,190,190,210
9.828448295593262,-0.10606667655542042,10.033911099478455,0.2617993877991417,-0.43633231299856945,-1.378615691171142,150,150,200,190,190,190,210
9.838643550872803,-0.10780129111581851,10.025311074666867,0.2617993877991417,-0.43633231299856945,-1.3643357156428801,150,150,200,190,190,190,210
9.848833322525024,-0.10780129111581851,10.025311074666867,0.2617993877991417,-0.43633231299856945,-1.3643357156428801,150,160,190,190,180,210,210
9.86275863647461,-0.10780129111581851,10.025311074666867,0.2617993877991417,-0.41887902047862663,-1.3643357156428801,150,160,190,190,180,210,210
9.872955799102783,-0.10971995967666019,10.016464749764568,0.2617993877991417,-0.31415926535897,-1.349589490053906,150,160,190,190,180,210,210
9.883236169815063,-0.10971995967666019,10.016464749764568,0.2617993877991417,-0.12217304763959944,-1.349589490053906,150,190,200,180,190,200,210
9.902825117111206,-0.10971995967666019,10.016464749764568,0.2617993877991417,-0.12217304763959944,-1.349589490053906,150,190,200,180,190,200,210
9.913035154342651,-0.11170605859687831,10.007900209921214,0.2617993877991417,0.0,-1.3357939406185684,150,190,200,180,190,200,210
9.923219203948975,-0.11170605859687831,10.007900209921214,0.2617993877991417,0.0,-1.3357939406185684,140,180,180,180,180,210,190
9.933418035507202,-0.11378858885855983,9.99940584213429,0.2617993877991417,0.0,-1.325138318544937,140,180,180,180,180,210,190
9.94360899925232,-0.11378858885855983,9.99940584213429,0.2617993877991417,0.0,-1.325138318544937,140,180,180,180,180,210,190
9.953801155090332,-0.11378858885855983,9.99940584213429,0.2617993877991417,0.0,-1.325138318544937,140,180,180,180,180,210,190
9.964103698730469,-0.11598297180878221,9.990765916096866,0.2617993877991417,0.0,-1.3182687527949726,150,190,180,180,180,200,180
9.974344253540039,-0.11598297180878221,9.990765916096866,0.2617993877991417,0.0,-1.3182687527949726,150,190,180,180,180,200,180
9.984530448913574,-0.11598297180878221,9.990765916096866,0.2617993877991417,0.0,-1.3182687527949726,150,190,180,180,180,200,180
9.994701862335205,-0.11598297180878221,9.990765916096866,0.2617993877991417,0.0,-1.3182687527949726,150,190,180,180,180,200,180
10.004866600036621,-0.1181256545289832,9.982474104509702,0.2617993877991417,0.0,-1.3127903368775171,150,190,180,180,180,200,180
10.015077829360962,-0.1181256545289832,9.982474104509702,0.2617993877991417,0.0,-1.3127903368775171,140,190,180,180,190,210,180
10.029791116714478,-0.1181256545289832,9.982474104509702,0.2617993877991417,0.0,-1.3127903368775171,140,190,180,180,190,210,180
10.039999008178711,-0.12031673344814058,9.974212733259204,0.2617993877991417,0.0,-1.3087875431462248,140,190,180,180,190,210,180
10.050206661224365,-0.12031673344814058,9.974212733259204,0.2617993877991417,0.0,-1.3087875431462248,190,200,180,180,210,200,180
10.060400009155273,-0.12031673344814058,9.974212733259204,0.2617993877991417,0.0,-1.3087875431462248,190,200,180,180,210,200,180
10.072111129760742,-0.12260485657299638,9.965698446884037,0.2617993877991417,0.0,-1.308218052654804,190,200,180,180,210,200,180
10.08230447769165,-0.12260485657299638,9.965698446884037,0.2617993877991417,0.0,-1.308218052654804,190,200,180,180,210,200,180
10.092503786087036,-0.12260485657299638,9.965698446884037,0.2617993877991417,0.0,-1.308218052654804,190,190,190,180,190,210,180
10.102730751037598,-0.12483888130158823,9.957382546656955,0.2617993877991417,0.0,-1.3082497177601597,190,190,190,180,190,210,180
10.114283323287964,-0.12483888130158823,9.957382546656955,0.2617993877991417,0.0,-1.3082497177601597,190,190,190,180,190,210,180
10.125213146209717,-0.12483888130158823,9.957382546656955,0.2617993877991417,0.0,-1.3082497177601597,190,190,190,180,190,210,180
10.13545536994934,-0.1270751827947884,9.949056729959846,0.2617993877991417,0.0,-1.308268475392813,190,200,190,180,200,210,180
10.145694017410278,-0.1270751827947884,9.949056729959846,0.2617993877991417,0.0,-1.308268475392813,190,200,190,180,200,210,180
10.155951976776123,-0.1270751827947884,9.949056729959846,0.2617993877991417,0.0,-1.308268475392813,190,200,190,180,200,210,180
10.166282176971436,-0.12938199219122115,9.940468555691416,0.2617993877991417,0.0,-1.3082818720431348,190,200,190,180,200,210,180
10.176495552062988,-0.12938199219122115,9.940468555691416,0.2617993877991417,0.0,-1.3082818720431348,190,200,190,180,200,210,180
10.186730861663818,-0.12938199219122115,9.940468555691416,0.2617993877991417,0.0,-1.3082818720431348,190,200,190,180,200,210,180
10.196960687637329,-0.13162351105371356,9.932123227422142,0.2617993877991417,0.0,-1.30829272284452,140,200,190,190,200,210,180
10.211039066314697,-0.13162351105371356,9.932123227422142,0.2617993877991417,0.0,-1.30829272284452,140,200,190,190,200,210,180
10.221267938613892,-0.13162351105371356,9.932123227422142,0.2617993877991417,0.0,-1.30829272284452,140,200,190,190,200,210,180
10.23150110244751,-0.13386758924670375,9.923768293244564,0.2617993877991417,0.0,-1.3083009092919822,140,200,190,190,200,210,180
10.241738557815552,-0.13386758924670375,9.923768293244564,0.2617993877991417,0.05235987755982833,-1.3083009092919822,190,200,190,180,200,210,180
10.254997968673706,-0.13386758924670375,9.923768293244564,0.2617993877991417,0.05235987755982833,-1.3083009092919822,190,200,190,180,200,210,180
10.26522445678711,-0.136182507085643,9.915150480903419,0.2617993877991417,0.06981317007977111,-1.3083051358711042,190,200,190,180,200,210,180
10.2754385471344,-0.136182507085643,9.915150480903419,0.2617993877991417,0.10471975511965666,-1.3083051358711042,190,200,190,180,200,210,180
10.285703182220459,-0.136182507085643,9.915150480903419,0.2617993877991417,0.10471975511965666,-1.3083051358711042,190,200,190,180,190,210,180
10.301358938217163,-0.13842579183287998,9.906785092417884,0.2617993877991417,0.12217304763959944,-1.310326108159343,190,200,190,180,190,210,180
10.311597347259521,-0.13842579183287998,9.906785092417884,0.2617993877991417,0.13962634015954223,-1.310326108159343,190,200,190,180,190,210,180
10.321834087371826,-0.13842579183287998,9.906785092417884,0.2617993877991417,0.13962634015954223,-1.310326108159343,190,200,190,180,190,210,180
10.332058429718018,-0.140645818589052,9.898416580410473,0.2617993877991417,0.13962634015954223,-1.3141022679762455,190,200,190,180,190,210,180
10.34228801727295,-0.140645818589052,9.898416580410473,0.2617993877991417,0.157079632679485,-1.3141022679762455,190,200,190,180,190,210,180
10.354346513748169,-0.140645818589052,9.898416580410473,0.2617993877991417,0.157079632679485,-1.3141022679762455,190,200,190,180,190,210,180
10.364563941955566,-0.14289666074466986,9.889801931401852,0.2617993877991417,0.13962634015954223,-1.3187062483667653,190,200,190,180,190,210,180
10.37474274635315,-0.14289666074466986,9.889801931401852,0.2617993877991417,0.13962634015954223,-1.3187062483667653,190,200,190,180,190,210,180
10.384923696517944,-0.14289666074466986,9.889801931401852,0.2617993877991417,0.0,-1.3187062483667653,190,190,180,180,190,200,180
10.39522933959961,-0.14289666074466986,9.889801931401852,0.2617993877991417,0.0,-1.3187062483667653,190,190,180,180,190,200,180
10.406721353530884,-0.14289666074466986,9.889801931401852,0.2617993877991417,0.0,-1.3187062483667653,190,190,180,180,190,200,180
10.417000532150269,-0.14502211422599956,9.881474072690558,0.2617993877991417,0.0,-1.3233330712233562,190,190,180,180,190,200,180
10.427374601364136,-0.14502211422599956,9.881474072690558,0.2617993877991417,0.0,-1.3233330712233562,190,190,180,180,190,200,180
10.437674760818481,-0.14708148363444648,9.87322920517596,0.2617993877991417,0.0,-1.3265040818614775,190,190,190,180,190,190,210
10.452308893203735,-0.14708148363444648,9.87322920517596,0.2617993877991417,0.0,-1.3265040818614775,190,190,190,180,190,190,210
10.462563514709473,-0.14708148363444648,9.87322920517596,0.2617993877991417,0.0,-1.3265040818614775,190,190,190,180,190,190,210
10.472851037979126,-0.14920244856089523,9.864702288980773,0.2617993877991417,0.0,-1.3269516656846607,190,190,190,180,190,190,210
10.483084678649902,-0.14920244856089523,9.864702288980773,0.2617993877991417,0.0,-1.3269516656846607,180,190,180,180,200,220,190
10.502004384994507,-0.14920244856089523,9.864702288980773,0.2617993877991417,0.0,-1.3269516656846607,180,190,180,180,200,220,190
10.512401819229126,-0.1512804948853294,9.856344389691166,0.2617993877991417,0.0,-1.326996365011488,180,190,180,180,200,220,190
10.522656917572021,-0.1512804948853294,9.856344389691166,0.2617993877991417,0.0,-1.326996365011488,180,190,180,180,200,220,190
10.533011674880981,-0.15336038918613296,9.847977684383697,0.2617993877991417,0.0,-1.3270314441642739,180,190,180,180,210,210,190
10.550609588623047,-0.15336038918613296,9.847977684383697,0.2617993877991417,0.0,-1.3270314441642739,180,190,180,180,210,210,190
10.560826301574707,-0.15336038918613296,9.847977684383697,0.2617993877991417,0.0,-1.3270314441642739,180,190,180,180,210,210,190
10.571023941040039,-0.15550589138776913,9.839346572671033,0.2617993877991417,0.0,-1.3270567790134669,190,190,180,180,210,210,190
10.581228256225586,-0.15550589138776913,9.839346572671033,0.2617993877991417,0.0,-1.3270567790134669,190,190,180,180,210,210,190
10.59143877029419,-0.15550589138776913,9.839346572671033,0.2617993877991417,0.0,-1.3270567790134669,190,190,180,180,210,210,190
10.601664066314697,-0.15759057768870408,9.830959570993201,0.2617993877991417,0.0,-1.3270791734499716,190,190,180,180,210,210,190
10.611874341964722,-0.15759057768870408,9.830959570993201,0.2617993877991417,0.0,-1.3270791734499716,190,190,180,180,210,210,190
10.622057914733887,-0.15759057768870408,9.830959570993201,0.2617993877991417,0.0,-1.3270791734499716,190,190,180,180,210,210,190
10.632396221160889,-0.15967755588381038,9.822562942291537,0.2617993877991417,0.0,-1.3270980144549207,190,200,190,180,210,210,190
10.650919198989868,-0.15967755588381038,9.822562942291537,0.2617993877991417,0.0,-1.3270980144549207,190,200,190,180,210,210,190
10.661137342453003,-0.15967755588381038,9.822562942291537,0.2617993877991417,0.0,-1.3270980144549207,190,200,190,180,210,210,190
10.671344995498657,-0.16183033928147986,9.813902292806432,0.2617993877991417,0.0,-1.3271102695373924,190,200,190,180,210,210,200
10.681567907333374,-0.16183033928147986,9.813902292806432,0.2617993877991417,0.0,-1.3271102695373924,190,200,190,180,210,210,200
10.691781282424927,-0.16183033928147986,9.813902292806432,0.2617993877991417,0.0,-1.3271102695373924,190,200,190,180,210,210,200
10.70460295677185,-0.16392258575564572,9.805487842361623,0.2617993877991417,0.0,-1.3271020278311945,190,200,190,180,210,210,200
10.714821100234985,-0.16392258575564572,9.805487842361623,0.2617993877991417,0.0,-1.3271020278311945,190,200,190,180,210,210,200
10.725013732910156,-0.16392258575564572,9.805487842361623,0.2617993877991417,0.0,-1.3271020278311945,190,200,180,180,210,210,200
10.73522663116455,-0.16601590742059802,9.797073979225587,0.2617993877991417,0.0,-1.3270455113829356,190,200,180,180,210,210,200
10.74549674987793,-0.16601590742059802,9.797073979225587,0.2617993877991417,0.0,-1.3270455113829356,190,200,180,180,210,210,200
10.755722761154175,-0.16601590742059802,9.797073979225587,0.2617993877991417,0.0,-1.3270455113829356,190,200,180,180,210,210,200
10.765929698944092,-0.16816932173279658,9.788421636888383,0.2617993877991417,0.0,-1.3269232447394985,190,200,180,180,210,210,200
10.776145935058594,-0.16816932173279658,9.788421636888383,0.2617993877991417,0.0,-1.3269232447394985,190,200,180,180,210,210,200
10.786386966705322,-0.16816932173279658,9.788421636888383,0.2617993877991417,0.0,-1.3269232447394985,190,200,180,180,210,210,200
10.802962064743042,-0.17024874145230492,9.780057544317366,0.2617993877991417,0.0,-1.326666691745425,190,200,180,180,210,210,200
10.813160181045532,-0.17024874145230492,9.780057544317366,0.2617993877991417,0.0,-1.326666691745425,190,200,180,180,210,210,200
10.8234121799469,-0.17024874145230492,9.780057544317366,0.2617993877991417,0.0,-1.326666691745425,190,200,180,180,210,210,200
10.833658218383789,-0.17232655316885487,9.771703341651452,0.2617993877991417,0.0,-1.3266797239389885,190,200,180,180,210,210,200
10.850746154785156,-0.17232655316885487,9.771703341651452,0.2617993877991417,0.0,-1.3266797239389885,190,200,180,180,210,210,200
10.860961437225342,-0.17232655316885487,9.771703341651452,0.2617993877991417,0.0,-1.3266797239389885,190,200,180,180,210,210,200
10.871174335479736,-0.17446937062977025,9.763098896505081,0.2617993877991417,0.0,-1.3266979334119413,190,200,180,180,210,210,200
10.881417036056519,-0.17446937062977025,9.763098896505081,0.2617993877991417,0.0,-1.3266979334119413,190,200,180,180,210,210,200
10.900437831878662,-0.17446937062977025,9.763098896505081,0.2617993877991417,0.0,-1.3266979334119413,190,200,180,180,210,210,200
10.910849332809448,-0.176549969245498,9.754741130358896,0.2617993877991417,0.0,-1.3267267309835127,190,200,180,180,210,210,200
10.921043395996094,-0.176549969245498,9.754741130358896,0.2617993877991417,0.0,-1.3267267309835127,190,200,180,180,210,210,210
10.931311845779419,-0.1786327443457295,9.746372894398226,0.2617993877991417,0.0,-1.32675059315281,190,200,180,180,210,210,210
10.949672222137451,-0.1786327443457295,9.746372894398226,0.2617993877991417,0.0,-1.32675059315281,190,200,180,180,210,210,210
10.959919452667236,-0.1786327443457295,9.746372894398226,0.2617993877991417,0.0,-1.32675059315281,190,200,180,180,210,210,210
10.970112323760986,-0.18078097201612417,9.737741312556793,0.2617993877991417,0.0,-1.326774691920971,190,200,180,180,210,210,210
10.98032259941101,-0.18078097201612417,9.737741312556793,0.2617993877991417,0.0,-1.326774691920971,190,200,180,180,210,210,210
10.99744439125061,-0.18078097201612417,9.737741312556793,0.2617993877991417,0.0,-1.326774691920971,190,200,180,180,210,210,210
11.007834434509277,-0.18286832515929044,9.729353753526087,0.2617993877991417,0.05235987755982833,-1.3267958833862872,190,200,180,180,210,210,210
11.018041610717773,-0.18286832515929044,9.729353753526087,0.2617993877991417,0.06981317007977111,-1.3267958833862872,190,200,180,180,210,210,200
11.02824068069458,-0.18286832515929044,9.729353753526087,0.2617993877991417,0.06981317007977111,-1.3267958833862872,190,200,180,180,210,210,200
11.038485765457153,-0.18286832515929044,9.729353753526087,0.2617993877991417,0.06981317007977111,-1.3267958833862872,190,200,180,180,210,210,200
11.048730373382568,-0.18286832515929044,9.729353753526087,0.2617993877991417,0.06981317007977111,-1.3267958833862872,190,200,180,180,210,210,200
11.058942556381226,-0.18495137994445351,9.720963874963992,0.2617993877991417,0.08726646259971389,-1.3284179708490367,190,200,180,180,210,210,200
11.069141149520874,-0.18708313816775843,9.712309657818832,0.2617993877991417,0.08726646259971389,-1.33077285500494,190,200,180,180,210,210,200
11.079340696334839,-0.18708313816775843,9.712309657818832,0.2617993877991417,0.10471975511965666,-1.33077285500494,190,190,180,180,180,190,190
11.089540719985962,-0.18708313816775843,9.712309657818832,0.2617993877991417,0.10471975511965666,-1.33077285500494,190,190,180,180,180,190,190
11.100006103515625,-0.18913434778699972,9.703898205249637,0.2617993877991417,0.10471975511965666,-1.3336235366119134,190,190,180,180,180,190,190
11.110209226608276,-0.18913434778699972,9.703898205249637,0.2617993877991417,0.12217304763959944,-1.3336235366119134,190,190,180,180,180,190,190
11.120378255844116,-0.18913434778699972,9.703898205249637,0.2617993877991417,0.12217304763959944,-1.3336235366119134,190,190,180,180,180,190,190
11.130570411682129,-0.1911610831268551,9.695483246519075,0.2617993877991417,0.12217304763959944,-1.3369783611893484,200,200,180,180,180,190,190
11.150182962417603,-0.1911610831268551,9.695483246519075,0.2617993877991417,0.12217304763959944,-1.3369783611893484,200,200,180,180,180,190,190
11.160401344299316,-0.1911610831268551,9.695483246519075,0.2617993877991417,0.12217304763959944,-1.3369783611893484,200,200,180,180,180,190,190
11.170564651489258,-0.19320788229504704,9.68684820835078,0.2617993877991417,0.12217304763959944,-1.3407593309480332,200,200,180,180,180,190,190
11.181404113769531,-0.19320788229504704,9.68684820835078,0.2617993877991417,0.12217304763959944,-1.3407593309480332,200,200,180,180,180,210,210
11.197757720947266,-0.1951457265505677,9.678483312798182,0.2617993877991417,0.12217304763959944,-1.3444948053715724,200,200,180,180,180,210,210
11.20795488357544,-0.1951457265505677,9.678483312798182,0.2617993877991417,0.12217304763959944,-1.3444948053715724,200,200,180,180,180,210,210
11.2181236743927,-0.1951457265505677,9.678483312798182,0.2617993877991417,0.12217304763959944,-1.3444948053715724,200,200,190,180,180,210,210
11.228320598602295,-0.1951457265505677,9.678483312798182,0.2617993877991417,0.12217304763959944,-1.3444948053715724,200,200,190,180,180,210,210
11.247846603393555,-0.19704888035714235,9.670125045905113,0.2617993877991417,0.12217304763959944,-1.3485048860567463,200,200,190,180,180,210,210
11.258066892623901,-0.19704888035714235,9.670125045905113,0.2617993877991417,0.12217304763959944,-1.3485048860567463,200,200,190,180,180,210,210
11.2682523727417,-0.19897709348087425,9.661506810715451,0.2617993877991417,0.12217304763959944,-1.3526829475987103,200,200,190,180,180,210,210
11.27852749824524,-0.19897709348087425,9.661506810715451,0.2617993877991417,0.12217304763959944,-1.3526829475987103,190,200,180,180,180,180,190
11.296823263168335,-0.19897709348087425,9.661506810715451,0.2617993877991417,0.12217304763959944,-1.3526829475987103,190,200,180,180,180,180,190
11.307198286056519,-0.2008156888063516,9.653128828289704,0.2617993877991417,0.12217304763959944,-1.3567686292846497,190,200,180,180,180,180,190
11.317402124404907,-0.2008156888063516,9.653128828289704,0.2617993877991417,0.12217304763959944,-1.3567686292846497,190,200,180,180,180,180,190
11.327662467956543,-0.2008156888063516,9.653128828289704,0.2617993877991417,0.12217304763959944,-1.3567686292846497,190,200,190,180,180,210,190
11.337884426116943,-0.20262204491747113,9.644733117945563,0.2617993877991417,0.12217304763959944,-1.3608610955584857,190,200,190,180,180,210,190
11.34811806678772,-0.20262204491747113,9.644733117945563,0.2617993877991417,0.12217304763959944,-1.3608610955584857,190,200,190,180,180,210,190
11.358280897140503,-0.20262204491747113,9.644733117945563,0.2617993877991417,0.12217304763959944,-1.3608610955584857,190,200,190,180,180,210,190
11.36846661567688,-0.20444991823601102,9.636062321352647,0.2617993877991417,0.12217304763959944,-1.3650753494555132,180,190,180,180,180,210,210
11.37865424156189,-0.20444991823601102,9.636062321352647,0.2617993877991417,0.12217304763959944,-1.3650753494555132,180,190,180,180,180,210,210
11.388885259628296,-0.20444991823601102,9.636062321352647,0.2617993877991417,0.12217304763959944,-1.3650753494555132,180,190,180,180,180,210,210
11.399229764938354,-0.20619184432504403,9.627627244578278,0.2617993877991417,0.12217304763959944,-1.3691587336048308,180,190,180,180,180,210,210
11.409419298171997,-0.20619184432504403,9.627627244578278,0.2617993877991417,0.12217304763959944,-1.3691587336048308,180,190,180,180,180,210,210
11.419583797454834,-0.20619184432504403,9.627627244578278,0.2617993877991417,0.08726646259971389,-1.3691587336048308,180,190,180,180,180,210,210
11.429824352264404,-0.20619184432504403,9.627627244578278,0.2617993877991417,0.08726646259971389,-1.3691587336048308,180,200,190,180,180,210,200
11.447382688522339,-0.2079019680951829,9.619173897916852,0.2617993877991417,0.06981317007977111,-1.3732295199957905,180,200,190,180,180,210,200
11.457550048828125,-0.2079019680951829,9.619173897916852,0.2617993877991417,0.06981317007977111,-1.3732295199957905,180,200,190,180,180,210,200
11.4677255153656,-0.2096422376930775,9.610432420052469,0.2617993877991417,0.05235987755982833,-1.375770401536965,180,200,200,180,180,190,210
11.478255271911621,-0.2096422376930775,9.610432420052469,0.2617993877991417,0.0,-1.375770401536965,180,200,200,180,180,190,210
11.488429069519043,-0.2096422376930775,9.610432420052469,0.2617993877991417,0.0,-1.375770401536965,180,200,200,180,180,190,210
11.499056816101074,-0.2113154352900745,9.601939954273941,0.2617993877991417,0.0,-1.3774981443391678,180,200,200,180,180,190,210
11.509231090545654,-0.2113154352900745,9.601939954273941,0.2617993877991417,0.0,-1.3774981443391678,180,200,200,180,180,190,210
11.519409656524658,-0.2113154352900745,9.601939954273941,0.2617993877991417,0.0,-1.3774981443391678,180,200,200,180,180,190,210
11.529605865478516,-0.2113154352900745,9.601939954273941,0.2617993877991417,0.0,-1.3774981443391678,180,200,190,180,180,190,190
11.546891212463379,-0.21297913790317394,9.593407252277496,0.2617993877991417,0.0,-1.3777657219466872,180,200,190,180,180,190,190
11.557063579559326,-0.21297913790317394,9.593407252277496,0.2617993877991417,0.0,-1.3777657219466872,180,200,190,180,180,190,190
11.567243814468384,-0.21469121490940135,9.584660434795175,0.2617993877991417,0.0,-1.3775672501808327,180,200,190,180,180,190,190
11.577435493469238,-0.21469121490940135,9.584660434795175,0.2617993877991417,0.0,-1.3775672501808327,180,200,190,180,180,190,190
11.58764123916626,-0.21469121490940135,9.584660434795175,0.2617993877991417,0.0,-1.3775672501808327,180,200,190,180,180,190,190
11.598520994186401,-0.2163498432213765,9.576186097145262,0.2617993877991417,0.0,-1.3773694025550265,180,200,190,180,180,190,190
11.608717203140259,-0.2163498432213765,9.576186097145262,0.2617993877991417,0.0,-1.3773694025550265,180,200,190,180,180,190,190
11.618908405303955,-0.2163498432213765,9.576186097145262,0.2617993877991417,0.0,-1.3773694025550265,180,200,190,180,180,190,190
11.629232168197632,-0.2163498432213765,9.576186097145262,0.2617993877991417,0.0,-1.3773694025550265,180,190,190,180,180,190,180
11.639465808868408,-0.21800493389599013,9.567725635717533,0.2617993877991417,0.0,-1.3773058951915598,180,190,190,180,180,190,180
11.649713039398193,-0.21800493389599013,9.567725635717533,0.2617993877991417,0.0,-1.3773058951915598,180,190,190,180,180,190,180
11.659960508346558,-0.21800493389599013,9.567725635717533,0.2617993877991417,0.0,-1.3773058951915598,180,190,190,180,180,190,180
11.670201301574707,-0.21970798089190652,9.55902001486206,0.2617993877991417,0.0,-1.3773736537851327,190,200,200,190,180,190,190
11.68040680885315,-0.21970798089190652,9.55902001486206,0.2617993877991417,0.0,-1.3773736537851327,190,200,200,190,180,190,190
11.690613746643066,-0.21970798089190652,9.55902001486206,0.2617993877991417,0.0,-1.3773736537851327,190,200,200,190,180,190,190
11.700844764709473,-0.22136290872688322,9.55056529734166,0.2617993877991417,0.0,-1.3774613352106286,190,200,200,190,180,190,190
11.711045265197754,-0.22136290872688322,9.55056529734166,0.2617993877991417,0.0,-1.3774613352106286,190,200,200,190,180,190,190
11.721246242523193,-0.22136290872688322,9.55056529734166,0.2617993877991417,0.0,-1.3774613352106286,190,200,200,190,180,190,190
11.73147201538086,-0.22136290872688322,9.55056529734166,0.2617993877991417,0.0,-1.3774613352106286,190,190,200,180,180,190,190
11.747616529464722,-0.22301857870760228,9.542101830898421,0.2617993877991417,0.0,-1.3775487095548864,190,190,200,180,180,190,190
11.757810831069946,-0.22301857870760228,9.542101830898421,0.2617993877991417,0.0,-1.3775487095548864,190,190,200,180,180,190,190
11.768012762069702,-0.22472585543979645,9.533370383645318,0.2617993877991417,0.0,-1.3776284796914324,180,190,200,180,180,190,190
11.778465747833252,-0.22472585543979645,9.533370383645318,0.2617993877991417,0.0,-1.3776284796914324,180,190,200,180,180,190,190
11.788729190826416,-0.22472585543979645,9.533370383645318,0.2617993877991417,0.0,-1.3776284796914324,180,190,200,180,180,190,190
11.798988819122314,-0.22638437808905548,9.524885923523616,0.2617993877991417,0.0,-1.3777008877613546,180,190,200,180,180,190,190
11.809190511703491,-0.22638437808905548,9.524885923523616,0.2617993877991417,0.0,-1.3777008877613546,180,190,200,180,180,190,190
11.819381952285767,-0.22638437808905548,9.524885923523616,0.2617993877991417,0.0,-1.3777008877613546,180,190,200,190,180,190,190
11.829565525054932,-0.22638437808905548,9.524885923523616,0.2617993877991417,0.0,-1.3777008877613546,180,190,200,190,180,190,190
11.839775800704956,-0.22804431616683346,9.516392266837784,0.2617993877991417,0.0,-1.3777639088596223,180,190,200,190,180,190,190
11.84997034072876,-0.22804431616683346,9.516392266837784,0.2617993877991417,0.0,-1.3777639088596223,180,190,200,190,180,190,190
11.860147714614868,-0.22804431616683346,9.516392266837784,0.2617993877991417,0.0,-1.3777639088596223,180,190,200,190,180,190,190
11.870371103286743,-0.22975572698166344,9.507633966214836,0.2617993877991417,0.0,-1.3778025051208458,180,190,200,190,180,190,190
11.880582094192505,-0.22975572698166344,9.507633966214836,0.2617993877991417,0.0,-1.3778025051208458,180,190,200,180,180,190,190
11.901689767837524,-0.22975572698166344,9.507633966214836,0.2617993877991417,0.0,-1.3778025051208458,180,190,200,180,180,190,190
11.911924123764038,-0.22975572698166344,9.507633966214836,0.2617993877991417,0.0,-1.3778025051208458,180,190,200,180,180,190,190
11.922112464904785,-0.23141736486152917,9.49913427898094,0.2617993877991417,0.0,-1.3777635265749244,180,190,200,180,180,190,190
11.932306289672852,-0.23141736486152917,9.49913427898094,0.2617993877991417,0.0,-1.3777635265749244,180,190,200,180,180,190,190
11.948071956634521,-0.23307398328531048,9.490648721519477,0.2617993877991417,0.0,-1.3775243795450505,180,190,200,180,180,190,190
11.958269119262695,-0.23307398328531048,9.490648721519477,0.2617993877991417,0.0,-1.3775243795450505,180,190,200,180,180,190,190
11.968501091003418,-0.23478114997791671,9.481935865788486,0.2617993877991417,0.0,-1.3771148602668597,180,190,190,180,180,190,190
11.978828191757202,-0.23478114997791671,9.481935865788486,0.2617993877991417,0.0,-1.3771148602668597,180,190,190,180,180,190,190
11.989088535308838,-0.23478114997791671,9.481935865788486,0.2617993877991417,0.0,-1.3771148602668597,180,190,190,180,180,190,190
11.999365329742432,-0.23643797855606502,9.473459932566177,0.2617993877991417,0.0,-1.3769390363864207,180,190,190,180,180,190,190
12.009581327438354,-0.23643797855606502,9.473459932566177,0.2617993877991417,0.0,-1.3769390363864207,180,190,190,180,180,190,190
12.01979398727417,-0.23643797855606502,9.473459932566177,0.2617993877991417,0.0,-1.3769390363864207,180,190,190,180,180,180,190
12.030540704727173,-0.23643797855606502,9.473459932566177,0.2617993877991417,0.0,-1.3769390363864207,180,190,190,180,180,180,190
12.0469388961792,-0.23809754539340972,9.465002551803813,0.2617993877991417,0.0,-1.376897661612977,180,190,190,180,180,180,190
12.057165622711182,-0.23809754539340972,9.465002551803813,0.2617993877991417,0.0,-1.376897661612977,180,190,190,180,180,180,190
12.067438840866089,-0.23980473944411,9.456296956732572,0.2617993877991417,0.0,-1.376967751278459,180,190,190,180,180,180,190
12.077637672424316,-0.23980473944411,9.456296956732572,0.2617993877991417,0.0,-1.376967751278459,180,190,190,180,180,180,190
12.09851336479187,-0.24146323385060653,9.447842040652787,0.2617993877991417,0.0,-1.377056194754107,180,190,190,180,180,180,190
12.108712673187256,-0.24146323385060653,9.447842040652787,0.2617993877991417,0.0,-1.377056194754107,180,190,190,180,180,180,190
12.118919849395752,-0.24146323385060653,9.447842040652787,0.2617993877991417,0.0,-1.377056194754107,180,190,200,180,180,190,180
12.129135608673096,-0.24146323385060653,9.447842040652787,0.2617993877991417,0.0,-1.377056194754107,180,190,200,180,180,190,180
12.147504329681396,-0.2431225731239438,9.439377977834699,0.2617993877991417,0.0,-1.3771420054588794,180,190,200,180,180,190,180
12.15778636932373,-0.2431225731239438,9.439377977834699,0.2617993877991417,0.0,-1.3771420054588794,180,190,200,180,180,190,180
12.168013095855713,-0.24483369086355436,9.430645857771436,0.2617993877991417,0.0,-1.3772206927714887,180,190,200,180,180,190,180
12.178289651870728,-0.24483369086355436,9.430645857771436,0.2617993877991417,0.0,-1.3772206927714887,190,190,200,180,180,190,180
12.198208332061768,-0.24483369086355436,9.430645857771436,0.2617993877991417,0.0,-1.3772206927714887,190,190,200,180,180,190,180
12.208571672439575,-0.24649592092719208,9.422160921076479,0.2617993877991417,0.0,-1.377292168760934,190,190,200,180,180,190,180
12.21879506111145,-0.24649592092719208,9.422160921076479,0.2617993877991417,0.0,-1.377292168760934,180,190,200,180,180,190,180
12.229257822036743,-0.24649592092719208,9.422160921076479,0.2617993877991417,0.0,-1.377292168760934,180,190,200,180,180,190,180
12.239502668380737,-0.24815958816385295,9.413666842774447,0.2617993877991417,0.0,-1.3773537191844563,180,190,200,180,180,190,180
12.249685049057007,-0.24815958816385295,9.413666842774447,0.2617993877991417,0.0,-1.3773537191844563,180,190,200,180,180,190,180
12.259878396987915,-0.24815958816385295,9.413666842774447,0.2617993877991417,0.0,-1.3773537191844563,180,190,200,180,180,190,180
12.27008605003357,-0.2498746740395726,9.40490892331788,0.2617993877991417,0.0,-1.3773867897196237,180,190,190,180,180,190,180
12.28028416633606,-0.2498746740395726,9.40490892331788,0.2617993877991417,0.0,-1.3773867897196237,180,190,190,180,180,190,180
12.290491580963135,-0.2498746740395726,9.40490892331788,0.2617993877991417,0.0,-1.3773867897196237,180,190,190,180,180,190,180
12.300722599029541,-0.25154012666459263,9.396410296211833,0.2617993877991417,0.0,-1.377332460620224,180,190,190,180,180,190,180
12.310941696166992,-0.25154012666459263,9.396410296211833,0.2617993877991417,0.0,-1.377332460620224,180,190,190,180,180,190,180
12.321134328842163,-0.25154012666459263,9.396410296211833,0.2617993877991417,0.0,-1.377332460620224,180,190,190,180,180,190,180
12.331820726394653,-0.25154012666459263,9.396410296211833,0.2617993877991417,0.0,-1.377332460620224,180,190,190,180,180,190,180
12.348208665847778,-0.2531994299252009,9.38793036141508,0.2617993877991417,0.0,-1.3770534708897157,180,190,190,180,180,190,180
12.35844087600708,-0.2531994299252009,9.38793036141508,0.2617993877991417,0.0,-1.3770534708897157,180,190,190,180,180,190,180
12.368955612182617,-0.25491124584907143,9.379214443985294,0.2617993877991417,0.0,-1.3766843926812662,180,190,190,180,180,190,180
12.379286050796509,-0.25491124584907143,9.379214443985294,0.2617993877991417,0.0,-1.3766843926812662,180,190,190,180,180,190,190
12.39817190170288,-0.25491124584907143,9.379214443985294,0.2617993877991417,0.0,-1.3766843926812662,180,190,190,180,180,190,190
12.408506631851196,-0.25657060519639735,9.370741380725766,0.2617993877991417,0.0,-1.3765099504305587,180,190,190,180,180,190,190
12.418705463409424,-0.25657060519639735,9.370741380725766,0.2617993877991417,0.0,-1.3765099504305587,180,190,190,180,180,190,190
12.428909540176392,-0.25657060519639735,9.370741380725766,0.2617993877991417,0.0,-1.3765099504305587,180,190,190,180,180,190,190
12.448781728744507,-0.258233451948778,9.362287317955065,0.2617993877991417,0.0,-1.3764919161091171,180,190,190,180,180,190,190
12.45942735671997,-0.258233451948778,9.362287317955065,0.2617993877991417,0.0,-1.3764919161091171,180,190,190,180,180,190,190
12.469609260559082,-0.25994483709963173,9.353581644251527,0.2617993877991417,0.0,-1.3765632317178487,180,190,190,180,180,190,190
12.480485439300537,-0.25994483709963173,9.353581644251527,0.2617993877991417,0.0,-1.3765632317178487,180,190,190,180,180,190,190
12.497607946395874,-0.25994483709963173,9.353581644251527,0.2617993877991417,0.0,-1.3765632317178487,180,190,190,180,180,190,190
12.507945775985718,-0.2616068958838406,9.34512648957239,0.2617993877991417,0.0,-1.3766519862100504,180,190,190,180,180,190,190
12.518149375915527,-0.2616068958838406,9.34512648957239,0.2617993877991417,0.0,-1.3766519862100504,180,190,190,180,180,180,180
12.528361558914185,-0.2616068958838406,9.34512648957239,0.2617993877991417,0.0,-1.3766519862100504,180,190,190,180,180,180,180
12.538604021072388,-0.26326987902369864,9.336661836904778,0.2617993877991417,0.0,-1.3767366013936204,180,190,190,180,180,180,180
12.54878854751587,-0.26326987902369864,9.336661836904778,0.2617993877991417,0.0,-1.3767366013936204,180,190,190,180,180,180,180
12.559069871902466,-0.26326987902369864,9.336661836904778,0.2617993877991417,0.0,-1.3767366013936204,180,190,190,180,180,180,180
12.569222450256348,-0.2649848104253158,9.3279292378504,0.2617993877991417,0.0,-1.3768143230438956,190,190,190,190,180,180,180
12.57943058013916,-0.2649848104253158,9.3279292378504,0.2617993877991417,0.0,-1.3768143230438956,190,190,190,190,180,180,180
12.598297357559204,-0.2649848104253158,9.3279292378504,0.2617993877991417,0.0,-1.3768143230438956,190,190,190,190,180,180,180
12.608659982681274,-0.26665072319809574,9.319443889958071,0.2617993877991417,0.0,-1.3768847893925233,190,190,190,190,180,180,180
12.618881225585938,-0.26665072319809574,9.319443889958071,0.2617993877991417,0.0,-1.3768847893925233,190,190,190,190,180,180,180
12.629148960113525,-0.26665072319809574,9.319443889958071,0.2617993877991417,0.0,-1.3768847893925233,180,190,190,180,180,180,180
12.64731740951538,-0.26831808890116604,9.310949491423239,0.2617993877991417,0.0,-1.3769445419425037,180,190,190,180,180,180,180
12.657564401626587,-0.26831808890116604,9.310949491423239,0.2617993877991417,0.0,-1.3769445419425037,180,190,190,180,180,180,180
12.667766094207764,-0.27003680374602107,9.302192154397847,0.2617993877991417,0.0,-1.376970954902871,180,180,190,180,180,180,180
12.678242444992065,-0.27003680374602107,9.302192154397847,0.2617993877991417,0.0,-1.376970954902871,180,180,190,180,180,180,180
12.688421726226807,-0.27003680374602107,9.302192154397847,0.2617993877991417,0.0,-1.376970954902871,180,180,190,180,180,180,180
12.699266910552979,-0.27170591506839836,9.293694686047338,0.2617993877991417,0.0,-1.3768994306230433,180,180,190,180,180,180,180
12.709455966949463,-0.27170591506839836,9.293694686047338,0.2617993877991417,0.05235987755982833,-1.3768994306230433,180,180,190,180,180,180,180
12.719698190689087,-0.27170591506839836,9.293694686047338,0.2617993877991417,0.05235987755982833,-1.3768994306230433,180,180,190,180,180,180,180
12.729895114898682,-0.27170591506839836,9.293694686047338,0.2617993877991417,0.05235987755982833,-1.3768994306230433,180,180,190,180,180,180,180
12.748083591461182,-0.27170591506839836,9.293694686047338,0.2617993877991417,0.05235987755982833,-1.3768994306230433,180,180,190,180,180,180,180
12.758477926254272,-0.2733678699340722,9.285221126848356,0.2617993877991417,0.06981317007977111,-1.376578411466935,180,180,190,180,180,180,180
12.768662929534912,-0.27506854204383385,9.276562677820005,0.2617993877991417,0.06981317007977111,-1.3772870979801104,180,180,190,180,180,180,180
12.77886176109314,-0.27506854204383385,9.276562677820005,0.2617993877991417,0.06981317007977111,-1.3772870979801104,180,180,190,180,180,180,180
12.789064407348633,-0.27506854204383385,9.276562677820005,0.2617993877991417,0.06981317007977111,-1.3772870979801104,180,180,190,180,180,180,180
12.803471088409424,-0.27670945281674053,9.26810840076033,0.2617993877991417,0.06981317007977111,-1.3793303525578349,180,180,190,180,180,180,180
12.813703536987305,-0.27670945281674053,9.26810840076033,0.2617993877991417,0.06981317007977111,-1.3793303525578349,180,180,190,180,180,180,180
12.823891878128052,-0.27670945281674053,9.26810840076033,0.2617993877991417,0.08726646259971389,-1.3793303525578349,180,180,190,180,180,180,180
12.834784746170044,-0.2783356162696616,9.259669257986559,0.2617993877991417,0.08726646259971389,-1.3816193331697566,180,180,190,180,180,180,180
12.850609302520752,-0.2783356162696616,9.259669257986559,0.2617993877991417,0.08726646259971389,-1.3816193331697566,180,180,190,180,180,180,180
12.860791206359863,-0.2783356162696616,9.259669257986559,0.2617993877991417,0.08726646259971389,-1.3816193331697566,180,180,190,180,180,180,180
12.87098503112793,-0.27998602256994615,9.25097434976469,0.2617993877991417,0.08726646259971389,-1.3846161370559398,180,190,190,180,180,190,190
12.88120150566101,-0.27998602256994615,9.25097434976469,0.2617993877991417,0.08726646259971389,-1.3846161370559398,180,190,190,180,180,190,190
12.89138412475586,-0.27998602256994615,9.25097434976469,0.2617993877991417,0.08726646259971389,-1.3846161370559398,180,190,190,180,180,190,190
12.905733823776245,-0.27998602256994615,9.25097434976469,0.2617993877991417,0.08726646259971389,-1.3846161370559398,180,190,190,180,180,190,190
12.915970802307129,-0.2815638157335148,9.24252695629948,0.2617993877991417,0.08726646259971389,-1.3875901565505693,180,190,190,180,180,190,190
12.926328420639038,-0.2815638157335148,9.24252695629948,0.2617993877991417,0.08726646259971389,-1.3875901565505693,180,190,190,180,180,190,180
12.936684608459473,-0.2831180620670159,9.234064919490827,0.2617993877991417,0.10471975511965666,-1.3905721626547454,180,190,190,180,180,190,180
12.947076797485352,-0.2831180620670159,9.234064919490827,0.2617993877991417,0.10471975511965666,-1.3905721626547454,180,190,190,180,180,190,180
12.959078788757324,-0.2831180620670159,9.234064919490827,0.2617993877991417,0.10471975511965666,-1.3905721626547454,180,190,190,180,180,190,180
12.96947693824768,-0.28469227259344804,9.22533298985923,0.2617993877991417,0.12217304763959944,-1.3942104745572061,180,190,190,180,180,190,180
12.979686975479126,-0.28469227259344804,9.22533298985923,0.2617993877991417,0.12217304763959944,-1.3942104745572061,180,190,190,180,180,180,180
12.989876508712769,-0.28469227259344804,9.22533298985923,0.2617993877991417,0.12217304763959944,-1.3942104745572061,180,190,190,180,180,180,180
13.005605697631836,-0.28618888228052486,9.216845935726877,0.2617993877991417,0.12217304763959944,-1.398302063422922,180,190,190,180,180,180,180
13.01583743095398,-0.28618888228052486,9.216845935726877,0.2617993877991417,0.13962634015954223,-1.398302063422922,180,190,190,180,180,180,180
13.026026010513306,-0.28618888228052486,9.216845935726877,0.2617993877991417,0.13962634015954223,-1.398302063422922,190,190,190,180,180,190,180
13.036233186721802,-0.287652696445098,9.208344212536742,0.2617993877991417,0.13962634015954223,-1.402391185632528,190,190,190,180,180,190,180
13.054338693618774,-0.287652696445098,9.208344212536742,0.2617993877991417,0.13962634015954223,-1.402391185632528,190,190,190,180,180,190,180
13.064533233642578,-0.2891234184035133,9.199580705842434,0.2617993877991417,0.13962634015954223,-1.4071116404161916,190,190,190,180,180,190,180
13.074727535247803,-0.2891234184035133,9.199580705842434,0.2617993877991417,0.157079632679485,-1.4071116404161916,190,190,190,180,180,190,180
13.08496356010437,-0.2891234184035133,9.199580705842434,0.2617993877991417,0.157079632679485,-1.4071116404161916,180,190,190,180,180,180,180
13.100487470626831,-0.29050549433880685,9.191079010140797,0.2617993877991417,0.157079632679485,-1.4115373217136178,180,190,190,180,180,180,180
13.110712766647339,-0.29050549433880685,9.191079010140797,0.2617993877991417,0.157079632679485,-1.4115373217136178,180,190,190,180,180,180,180
13.120941877365112,-0.29050549433880685,9.191079010140797,0.2617993877991417,0.157079632679485,-1.4115373217136178,180,190,190,180,180,180,180
13.131257057189941,-0.2918437509063387,9.182632064330633,0.2617993877991417,0.157079632679485,-1.4160585491895592,180,190,190,180,180,180,180
13.151461362838745,-0.2918437509063387,9.182632064330633,0.2617993877991417,0.157079632679485,-1.4160585491895592,180,190,190,180,180,180,180
13.161672353744507,-0.2918437509063387,9.182632064330633,0.2617993877991417,0.157079632679485,-1.4160585491895592,180,190,190,180,180,180,180
13.17186975479126,-0.2931886731107547,9.173870893588074,0.2617993877991417,0.157079632679485,-1.4210715253096982,180,190,190,180,180,190,200
13.182313919067383,-0.2931886731107547,9.173870893588074,0.2617993877991417,0.157079632679485,-1.4210715253096982,180,190,190,180,180,190,200
13.192553758621216,-0.2931886731107547,9.173870893588074,0.2617993877991417,0.157079632679485,-1.4210715253096982,180,190,190,180,180,190,200
13.202779531478882,-0.2944488151810492,9.165358550106813,0.2617993877991417,0.157079632679485,-1.425936190403618,180,190,190,180,180,190,200
13.212961435317993,-0.2944488151810492,9.165358550106813,0.2617993877991417,0.157079632679485,-1.425936190403618,180,190,190,180,180,190,200
13.223323345184326,-0.2944488151810492,9.165358550106813,0.2617993877991417,0.157079632679485,-1.425936190403618,180,190,190,180,180,190,200
13.233911514282227,-0.29566627667758694,9.156839228792265,0.2617993877991417,0.157079632679485,-1.430906350459817,170,180,180,180,180,190,180
13.250953912734985,-0.29566627667758694,9.156839228792265,0.2617993877991417,0.157079632679485,-1.430906350459817,170,180,180,180,180,190,180
13.26116132736206,-0.29566627667758694,9.156839228792265,0.2617993877991417,0.157079632679485,-1.430906350459817,170,180,180,180,180,190,180
13.271400451660156,-0.2968743518958049,9.148083443173626,0.2617993877991417,0.157079632679485,-1.4362971837860246,170,180,190,180,180,180,180
13.281615972518921,-0.2968743518958049,9.148083443173626,0.2617993877991417,0.157079632679485,-1.4362971837860246,170,180,190,180,180,180,180
13.291904211044312,-0.2968743518958049,9.148083443173626,0.2617993877991417,0.157079632679485,-1.4362971837860246,170,180,190,180,180,180,180
13.302123546600342,-0.2980019155792563,9.139580367909204,0.2617993877991417,0.157079632679485,-1.4416123395552414,170,180,190,180,180,180,180
13.312316656112671,-0.2980019155792563,9.139580367909204,0.2617993877991417,0.157079632679485,-1.4416123395552414,170,180,190,180,180,180,180
13.322530746459961,-0.2980019155792563,9.139580367909204,0.2617993877991417,0.157079632679485,-1.4416123395552414,170,180,190,180,180,180,180
13.332746982574463,-0.2990850463472591,9.131065005241904,0.2617993877991417,0.157079632679485,-1.446958520152591,180,190,190,180,180,180,180
13.34293818473816,-0.2990850463472591,9.131065005241904,0.2617993877991417,0.157079632679485,-1.446958520152591,180,190,190,180,180,180,180
13.356545448303223,-0.2990850463472591,9.131065005241904,0.2617993877991417,0.157079632679485,-1.446958520152591,180,190,190,180,180,180,180
13.366756677627563,-0.3001546940578538,9.122274404053954,0.2617993877991417,0.157079632679485,-1.4524679327658625,180,190,190,180,180,180,180
13.376969814300537,-0.3001546940578538,9.122274404053954,0.2617993877991417,0.157079632679485,-1.4524679327658625,180,190,190,180,180,180,180
13.387336492538452,-0.3001546940578538,9.122274404053954,0.2617993877991417,0.157079632679485,-1.4524679327658625,180,180,190,180,180,180,180
13.404026985168457,-0.3011478677852888,9.113728056332768,0.2617993877991417,0.157079632679485,-1.4577851081365067,180,180,190,180,180,180,180
13.414263010025024,-0.3011478677852888,9.113728056332768,0.2617993877991417,0.157079632679485,-1.4577851081365067,180,180,190,180,180,180,180
13.424478769302368,-0.3011478677852888,9.113728056332768,0.2617993877991417,0.157079632679485,-1.4577851081365067,180,190,190,180,180,180,190
13.434772968292236,-0.30209716063182807,9.10517545866761,0.2617993877991417,0.157079632679485,-1.4630301426760395,180,190,190,180,180,180,190
13.444971561431885,-0.30209716063182807,9.10517545866761,0.2617993877991417,0.157079632679485,-1.4630301426760395,180,190,190,180,180,180,190
13.455907583236694,-0.30209716063182807,9.10517545866761,0.2617993877991417,0.157079632679485,-1.4630301426760395,180,190,190,180,180,180,190
13.466150999069214,-0.303022692274979,9.096374417787857,0.2617993877991417,0.157079632679485,-1.4682163437378162,180,190,190,180,180,180,190
13.476329565048218,-0.303022692274979,9.096374417787857,0.2617993877991417,0.13962634015954223,-1.4682163437378162,180,190,190,180,180,180,190
13.48655104637146,-0.303022692274979,9.096374417787857,0.2617993877991417,0.13962634015954223,-1.4682163437378162,170,180,180,180,180,180,190
13.49973177909851,-0.30387797666487865,9.087862752158733,0.2617993877991417,0.13962634015954223,-1.4729204573599897,170,180,180,180,180,180,190
13.509957075119019,-0.30387797666487865,9.087862752158733,0.2617993877991417,0.08726646259971389,-1.4729204573599897,170,180,180,180,180,180,190
13.520173788070679,-0.30387797666487865,9.087862752158733,0.2617993877991417,0.06981317007977111,-1.4729204573599897,170,180,180,180,180,180,190
13.530379295349121,-0.3047038184539233,9.079293668532324,0.2617993877991417,0.06981317007977111,-1.4762401901020967,170,180,190,180,180,180,180
13.540573358535767,-0.3047038184539233,9.079293668532324,0.2617993877991417,0.06981317007977111,-1.4762401901020967,170,180,190,180,180,180,180
13.551777362823486,-0.3047038184539233,9.079293668532324,0.2617993877991417,0.06981317007977111,-1.4762401901020967,170,180,190,180,180,180,180
13.56197452545166,-0.3055337285065407,9.070446653497722,0.2617993877991417,0.05235987755982833,-1.4783796246047238,170,180,190,180,180,180,180
13.572181463241577,-0.3055337285065407,9.070446653497722,0.2617993877991417,0.0,-1.4783796246047238,170,180,190,190,180,180,180
13.58239483833313,-0.3055337285065407,9.070446653497722,0.2617993877991417,0.0,-1.4783796246047238,170,180,190,190,180,180,180
13.601083993911743,-0.3055337285065407,9.070446653497722,0.2617993877991417,0.0,-1.4783796246047238,170,180,190,190,180,180,180
13.611311674118042,-0.3055337285065407,9.070446653497722,0.2617993877991417,0.0,-1.4783796246047238,170,180,190,190,180,180,180
13.621514081954956,-0.30632502483535473,9.06184757626768,0.2617993877991417,0.0,-1.4799004923544763,160,180,180,180,170,180,180
13.631701231002808,-0.30632502483535473,9.06184757626768,0.2617993877991417,0.0,-1.4799004923544763,160,180,180,180,170,180,180
13.641892194747925,-0.3071025120975429,9.053241633203113,0.2617993877991417,0.0,-1.479912901757084,160,180,180,180,170,180,180
13.653857469558716,-0.3071025120975429,9.053241633203113,0.2617993877991417,0.0,-1.479912901757084,160,180,180,180,170,180,180
13.664159536361694,-0.3079105388692459,9.044363434843515,0.2617993877991417,0.0,-1.4798371322799921,160,180,180,180,170,180,180
13.674346446990967,-0.3079105388692459,9.044363434843515,0.2617993877991417,0.0,-1.4798371322799921,160,180,180,180,170,180,180
13.684545516967773,-0.3079105388692459,9.044363434843515,0.2617993877991417,0.0,-1.4798371322799921,160,180,180,180,170,180,180
13.694844722747803,-0.3079105388692459,9.044363434843515,0.2617993877991417,0.0,-1.4798371322799921,160,180,180,180,170,180,180
13.705032587051392,-0.30869136929075885,9.035772203852616,0.2617993877991417,0.0,-1.479995149336951,160,180,180,180,170,180,180
13.715192794799805,-0.30869136929075885,9.035772203852616,0.2617993877991417,0.0,-1.479995149336951,160,180,180,180,170,180,180
13.725444555282593,-0.30869136929075885,9.035772203852616,0.2617993877991417,0.0,-1.479995149336951,160,180,180,180,170,180,180
13.735720157623291,-0.309472980035754,9.027177615844556,0.2617993877991417,0.0,-1.4801832955407808,180,180,180,180,180,180,180
13.745989084243774,-0.309472980035754,9.027177615844556,0.2617993877991417,0.0,-1.4801832955407808,180,180,180,180,180,180,180
13.75623083114624,-0.309472980035754,9.027177615844556,0.2617993877991417,0.0,-1.4801832955407808,180,180,180,180,180,180,180
13.76645827293396,-0.3102769819811155,9.018314662486175,0.2617993877991417,0.0,-1.480377436845119,180,180,180,180,180,180,180
13.776650428771973,-0.3102769819811155,9.018314662486175,0.2617993877991417,0.0,-1.480377436845119,180,180,190,190,180,180,180
13.786896705627441,-0.3102769819811155,9.018314662486175,0.2617993877991417,0.0,-1.480377436845119,180,180,190,190,180,180,180
13.798263311386108,-0.31105625060523623,9.009706470512816,0.2617993877991417,0.0,-1.4805114424583417,180,180,190,190,180,180,180
13.808457374572754,-0.31105625060523623,9.009706470512816,0.2617993877991417,0.0,-1.4805114424583417,180,180,190,190,180,180,180
13.81865668296814,-0.31105625060523623,9.009706470512816,0.2617993877991417,0.0,-1.4805114424583417,180,180,190,190,180,180,180
13.82925009727478,-0.31105625060523623,9.009706470512816,0.2617993877991417,0.0,-1.4805114424583417,180,180,190,190,180,180,180
13.849577903747559,-0.31105625060523623,9.009706470512816,0.2617993877991417,0.0,-1.4805114424583417,180,180,190,190,180,180,180
13.860028505325317,-0.31183461608251345,9.001101539991366,0.2617993877991417,0.0,-1.4805530075843907,180,180,190,190,180,180,180
13.870253562927246,-0.31263005442940844,8.992271541764753,0.2617993877991417,0.0,-1.4802672147994562,180,180,190,190,180,180,180
13.880491018295288,-0.31263005442940844,8.992271541764753,0.2617993877991417,0.0,-1.4802672147994562,180,180,190,190,180,180,180
13.898394107818604,-0.31263005442940844,8.992271541764753,0.2617993877991417,0.0,-1.4802672147994562,180,180,190,190,180,180,180
13.90878939628601,-0.3134074018511779,8.983696805786945,0.2617993877991417,0.0,-1.4799737461808595,180,180,190,190,180,180,180
13.918995380401611,-0.3134074018511779,8.983696805786945,0.2617993877991417,0.0,-1.4799737461808595,180,180,190,190,180,180,180
13.929206609725952,-0.3134074018511779,8.983696805786945,0.2617993877991417,0.0,-1.4799737461808595,180,180,190,190,180,180,180
13.939417600631714,-0.3141890278586491,8.975099209906471,0.2617993877991417,0.0,-1.4797701197616753,180,180,190,190,180,180,180
13.952513217926025,-0.3141890278586491,8.975099209906471,0.2617993877991417,0.0,-1.4797701197616753,180,180,190,190,180,180,180
13.962807655334473,-0.3141890278586491,8.975099209906471,0.2617993877991417,0.0,-1.4797701197616753,180,180,190,190,180,180,180
13.973037481307983,-0.31499918220495104,8.966231511672415,0.2617993877991417,0.0,-1.4795586005925292,180,180,190,190,180,180,180
13.98323655128479,-0.31499918220495104,8.966231511672415,0.2617993877991417,0.0,-1.4795586005925292,180,180,190,190,180,180,180
13.997133493423462,-0.31499918220495104,8.966231511672415,0.2617993877991417,0.0,-1.4795586005925292,180,180,190,190,180,180,180
14.007453680038452,-0.31578776527053365,8.957618769022242,0.2617993877991417,0.0,-1.4793931080600542,180,180,190,190,180,180,180
14.017667293548584,-0.31578776527053365,8.957618769022242,0.2617993877991417,0.0,-1.4793931080600542,180,180,190,190,180,180,180
14.027975082397461,-0.31578776527053365,8.957618769022242,0.2617993877991417,0.0,-1.4793931080600542,180,180,190,190,180,180,180
14.038167476654053,-0.3165760700745933,8.949008256587238,0.2617993877991417,0.0,-1.4793063490814324,180,180,190,190,180,180,180
14.048402309417725,-0.3165760700745933,8.949008256587238,0.2617993877991417,0.0,-1.4793063490814324,180,180,190,190,180,180,180
14.058634996414185,-0.3165760700745933,8.949008256587238,0.2617993877991417,0.0,-1.4793063490814324,180,180,190,190,180,180,180
14.068839311599731,-0.3173863558154053,8.940145507498942,0.2617993877991417,0.0,-1.4793392536205465,180,180,190,190,180,180,180
14.079065084457397,-0.3173863558154053,8.940145507498942,0.2617993877991417,0.0,-1.4793392536205465,180,180,180,180,180,180,180
14.097734212875366,-0.3173863558154053,8.940145507498942,0.2617993877991417,0.0,-1.4793392536205465,180,180,180,180,180,180,180
14.108126640319824,-0.3181710968229519,8.931556919923871,0.2617993877991417,0.0,-1.479517153865287,180,180,180,180,180,180,180
14.118332624435425,-0.3181710968229519,8.931556919923871,0.2617993877991417,0.0,-1.479517153865287,180,180,180,190,180,180,180
14.128544092178345,-0.3181710968229519,8.931556919923871,0.2617993877991417,0.0,-1.479517153865287,180,180,180,190,180,180,180
14.138745546340942,-0.3189565974714654,8.922963176955962,0.2617993877991417,0.0,-1.4797137007378613,180,180,180,190,180,180,180
14.14893102645874,-0.3189565974714654,8.922963176955962,0.2617993877991417,0.0,-1.4797137007378613,180,180,180,190,180,180,180
14.15913438796997,-0.3189565974714654,8.922963176955962,0.2617993877991417,0.0,-1.4797137007378613,180,180,180,190,180,180,180
14.169342041015625,-0.3197647485294045,8.914100252120562,0.2617993877991417,0.0,-1.4799080214631557,180,180,180,190,180,180,180
14.179602146148682,-0.3197647485294045,8.914100252120562,0.2617993877991417,0.0,-1.4799080214631557,180,180,190,190,180,180,180
14.198529481887817,-0.3197647485294045,8.914100252120562,0.2617993877991417,0.0,-1.4799080214631557,180,180,190,190,180,180,180
14.208919763565063,-0.32054797032940047,8.905492457041476,0.2617993877991417,0.0,-1.4800348272040846,180,180,190,190,180,180,180
14.21914005279541,-0.32054797032940047,8.905492457041476,0.2617993877991417,0.0,-1.4800348272040846,190,180,190,190,180,180,180
14.229369640350342,-0.32054797032940047,8.905492457041476,0.2617993877991417,0.0,-1.4800348272040846,190,180,190,190,180,180,180
14.23964524269104,-0.32132886061462024,8.896889244913204,0.2617993877991417,0.0,-1.4800580482329448,190,180,190,190,180,180,180
14.249866247177124,-0.32132886061462024,8.896889244913204,0.2617993877991417,0.0,-1.4800580482329448,190,180,190,190,180,180,180
14.260078430175781,-0.32132886061462024,8.896889244913204,0.2617993877991417,0.0,-1.4800580482329448,190,180,190,190,180,180,180
14.270293951034546,-0.3221290978900861,8.888065930778644,0.2617993877991417,0.0,-1.4797217287580968,190,190,190,200,180,180,180
14.280569791793823,-0.3221290978900861,8.888065930778644,0.2617993877991417,0.0,-1.4797217287580968,190,190,190,200,180,180,180
14.29880142211914,-0.3229112346333306,8.879485499658943,0.2617993877991417,0.0,-1.4794619864121106,190,190,190,200,180,180,180
14.308987617492676,-0.3229112346333306,8.879485499658943,0.2617993877991417,0.0,-1.4794619864121106,190,190,190,200,180,180,180
14.319214582443237,-0.3229112346333306,8.879485499658943,0.2617993877991417,0.0,-1.4794619864121106,190,190,190,200,180,180,180
14.32942795753479,-0.3229112346333306,8.879485499658943,0.2617993877991417,0.0,-1.4794619864121106,190,180,190,190,180,180,180
14.339669704437256,-0.3236977101182196,8.870888028745963,0.2617993877991417,0.0,-1.4792518816165823,190,180,190,190,180,180,180
14.34987473487854,-0.3236977101182196,8.870888028745963,0.2617993877991417,0.0,-1.4792518816165823,190,180,190,190,180,180,180
14.360085487365723,-0.3236977101182196,8.870888028745963,0.2617993877991417,0.0,-1.4792518816165823,190,180,190,190,180,180,180
14.37030816078186,-0.324512643160952,8.86201973336754,0.2617993877991417,0.0,-1.479043924272191,190,180,190,190,180,180,180
14.380534410476685,-0.324512643160952,8.86201973336754,0.2617993877991417,0.0,-1.479043924272191,190,180,190,190,180,180,180
14.391714811325073,-0.324512643160952,8.86201973336754,0.2617993877991417,0.0,-1.479043924272191,190,180,190,200,180,180,180
14.408042907714844,-0.3253055971097377,8.853407219652286,0.2617993877991417,0.0,-1.4788859403782075,190,180,190,200,180,180,180
14.418257713317871,-0.3253055971097377,8.853407219652286,0.2617993877991417,0.0,-1.4788859403782075,190,180,190,200,180,180,180
14.42846965789795,-0.3253055971097377,8.853407219652286,0.2617993877991417,0.0,-1.4788859403782075,190,180,190,200,180,180,180
14.43871545791626,-0.3253055971097377,8.853407219652286,0.2617993877991417,0.0,-1.4788859403782075,190,180,190,200,180,180,180
14.451581239700317,-0.326097256060752,8.84479758297061,0.2617993877991417,0.0,-1.4788099443840543,190,180,190,200,180,180,180
14.461782455444336,-0.326097256060752,8.84479758297061,0.2617993877991417,0.0,-1.4788099443840543,190,180,190,200,180,180,180
14.471999168395996,-0.32691210061691783,8.83593785477127,0.2617993877991417,0.0,-1.4788676853086746,190,190,180,200,180,180,180
14.482554912567139,-0.32691210061691783,8.83593785477127,0.2617993877991417,0.0,-1.4788676853086746,190,190,180,200,180,180,180
14.49994945526123,-0.3277013974827361,8.827349047060917,0.2617993877991417,0.0,-1.4790475911282348,190,190,180,200,180,180,180
14.510155200958252,-0.3277013974827361,8.827349047060917,0.2617993877991417,0.0,-1.4790475911282348,190,190,180,200,180,180,180
14.52034330368042,-0.3277013974827361,8.827349047060917,0.2617993877991417,0.0,-1.4790475911282348,190,190,180,200,180,180,180
14.530576705932617,-0.3277013974827361,8.827349047060917,0.2617993877991417,0.0,-1.4790475911282348,190,190,180,200,180,180,180
14.548465251922607,-0.32849097328106414,8.818755032098803,0.2617993877991417,0.0,-1.47924562572023,190,190,180,200,180,180,180
14.558687210083008,-0.32849097328106414,8.818755032098803,0.2617993877991417,0.0,-1.47924562572023,190,190,180,200,180,180,180
14.568876504898071,-0.3293033695164591,8.809891372894167,0.2617993877991417,0.0,-1.4794354942561654,190,190,180,200,180,180,180
14.579190969467163,-0.3293033695164591,8.809891372894167,0.2617993877991417,0.0,-1.4794354942561654,190,180,180,200,180,190,180
14.598490953445435,-0.3300907573583074,8.801283887185203,0.2617993877991417,0.05235987755982833,-1.4795528485333245,190,180,180,200,180,190,180
14.608742475509644,-0.3300907573583074,8.801283887185203,0.2617993877991417,0.05235987755982833,-1.4795528485333245,190,180,180,200,180,190,180
14.618956804275513,-0.3300907573583074,8.801283887185203,0.2617993877991417,0.05235987755982833,-1.4795528485333245,180,180,180,190,180,190,190
14.62926983833313,-0.3300907573583074,8.801283887185203,0.2617993877991417,0.05235987755982833,-1.4795528485333245,180,180,180,190,180,190,190
14.647613763809204,-0.33086620097166947,8.79272794611945,0.2617993877991417,0.05235987755982833,-1.480898185969555,180,180,180,190,180,190,190
14.657866716384888,-0.33086620097166947,8.79272794611945,0.2617993877991417,0.05235987755982833,-1.480898185969555,180,180,180,190,180,190,190
14.66809892654419,-0.33165024648999447,8.783941707869271,0.2617993877991417,0.05235987755982833,-1.4820951766081232,190,180,180,190,180,190,180
14.678361892700195,-0.33165024648999447,8.783941707869271,0.2617993877991417,0.05235987755982833,-1.4820951766081232,190,180,180,190,180,190,180
14.688566446304321,-0.33165024648999447,8.783941707869271,0.2617993877991417,0.05235987755982833,-1.4820951766081232,190,180,180,190,180,190,180
14.698806762695312,-0.332405962024496,8.77538144011954,0.2617993877991417,0.05235987755982833,-1.483430215492757,190,180,180,190,180,190,180
14.709019660949707,-0.332405962024496,8.77538144011954,0.2617993877991417,0.05235987755982833,-1.483430215492757,190,180,180,190,180,190,180
14.719481945037842,-0.332405962024496,8.77538144011954,0.2617993877991417,0.05235987755982833,-1.483430215492757,190,180,180,190,180,190,180
14.729819297790527,-0.332405962024496,8.77538144011954,0.2617993877991417,0.05235987755982833,-1.483430215492757,190,190,190,200,180,180,180
14.748522281646729,-0.33315272453845707,8.766790128626624,0.2617993877991417,0.05235987755982833,-1.4848966261103904,190,190,190,200,180,180,180
14.758727073669434,-0.33315272453845707,8.766790128626624,0.2617993877991417,0.05235987755982833,-1.4848966261103904,190,190,190,200,180,180,180
14.768921375274658,-0.33390982335275415,8.757929397653756,0.2617993877991417,0.05235987755982833,-1.4864175837552127,190,190,190,200,180,180,180
14.779139995574951,-0.33390982335275415,8.757929397653756,0.2617993877991417,0.05235987755982833,-1.4864175837552127,180,190,180,190,180,180,180
14.798841953277588,-0.334626867376974,8.749321563934053,0.2617993877991417,0.06981317007977111,-1.4879395770465393,180,190,180,190,180,180,180
14.809061527252197,-0.334626867376974,8.749321563934053,0.2617993877991417,0.08726646259971389,-1.4879395770465393,180,190,180,190,180,180,180
14.819281101226807,-0.334626867376974,8.749321563934053,0.2617993877991417,0.10471975511965666,-1.4879395770465393,180,180,190,190,180,180,180
14.829483032226562,-0.334626867376974,8.749321563934053,0.2617993877991417,0.10471975511965666,-1.4879395770465393,180,180,190,190,180,180,180
14.848145723342896,-0.3353283350413104,8.740716787878359,0.2617993877991417,0.12217304763959944,-1.490123323187528,180,180,190,190,180,180,180
14.858359813690186,-0.3353283350413104,8.740716787878359,0.2617993877991417,0.12217304763959944,-1.490123323187528,180,180,190,190,180,180,180
14.868565559387207,-0.3360332937494084,8.731805127414422,0.2617993877991417,0.12217304763959944,-1.4932497222012218,180,180,190,190,190,190,180
14.878854990005493,-0.3360332937494084,8.731805127414422,0.2617993877991417,0.12217304763959944,-1.4932497222012218,180,180,190,190,190,190,180
14.889165163040161,-0.3360332937494084,8.731805127414422,0.2617993877991417,0.13962634015954223,-1.4932497222012218,180,180,190,190,190,190,180
14.8994619846344,-0.3366802981672179,8.723221880001184,0.2617993877991417,0.13962634015954223,-1.4973814998271895,180,180,190,190,190,190,180
14.909660339355469,-0.3366802981672179,8.723221880001184,0.2617993877991417,0.13962634015954223,-1.4973814998271895,180,180,190,190,190,190,180
14.91984248161316,-0.3366802981672179,8.723221880001184,0.2617993877991417,0.13962634015954223,-1.4973814998271895,180,180,190,190,190,190,180
14.93004846572876,-0.3366802981672179,8.723221880001184,0.2617993877991417,0.13962634015954223,-1.4973814998271895,180,180,180,190,180,180,180
14.947193622589111,-0.33729071346876466,8.714648905568241,0.2617993877991417,0.13962634015954223,-1.5021852762298913,180,180,180,190,180,180,180
14.957403421401978,-0.33729071346876466,8.714648905568241,0.2617993877991417,0.13962634015954223,-1.5021852762298913,180,180,180,190,180,180,180
14.96758508682251,-0.3378765995384331,8.705809337361174,0.2617993877991417,0.13962634015954223,-1.5071394941794807,180,180,180,180,180,180,180
14.977806091308594,-0.3378765995384331,8.705809337361174,0.2617993877991417,0.13962634015954223,-1.5071394941794807,180,180,180,180,180,180,180
14.988007068634033,-0.3378765995384331,8.705809337361174,0.2617993877991417,0.13962634015954223,-1.5071394941794807,180,180,180,180,180,180,180
14.998204469680786,-0.3384033082244382,8.697229153384917,0.2617993877991417,0.12217304763959944,-1.5118504883121962,180,180,180,180,180,180,180
15.008379459381104,-0.3384033082244382,8.697229153384917,0.2617993877991417,0.12217304763959944,-1.5118504883121962,180,180,180,180,180,180,180
15.018552303314209,-0.3384033082244382,8.697229153384917,0.2617993877991417,0.10471975511965666,-1.5118504883121962,180,180,180,190,180,190,180
15.028744459152222,-0.3384033082244382,8.697229153384917,0.2617993877991417,0.10471975511965666,-1.5118504883121962,180,180,180,190,180,190,180
15.038953304290771,-0.33888809983518214,8.688646484050274,0.2617993877991417,0.08726646259971389,-1.5158617832594004,180,180,180,190,180,190,180
15.052034139633179,-0.33888809983518214,8.688646484050274,0.2617993877991417,0.06981317007977111,-1.5158617832594004,180,180,180,190,180,190,180
15.06222152709961,-0.33888809983518214,8.688646484050274,0.2617993877991417,0.05235987755982833,-1.5158617832594004,180,180,180,190,180,190,180
15.072407245635986,-0.3393594712065785,8.679801858951983,0.2617993877991417,0.05235987755982833,-1.5186851170531352,180,180,180,180,180,180,180
15.08260989189148,-0.3393594712065785,8.679801858951983,0.2617993877991417,0.0,-1.5186851170531352,180,180,180,180,180,180,180
15.096588611602783,-0.3393594712065785,8.679801858951983,0.2617993877991417,0.0,-1.5186851170531352,180,180,180,180,180,180,180
15.106881618499756,-0.3398002218682917,8.671197637294817,0.2617993877991417,0.0,-1.5202660094037626,180,180,180,180,180,180,180
15.117061614990234,-0.3398002218682917,8.671197637294817,0.2617993877991417,0.0,-1.5202660094037626,180,180,180,180,180,180,180
15.127243280410767,-0.3398002218682917,8.671197637294817,0.2617993877991417,0.0,-1.5202660094037626,180,180,180,180,180,180,180
15.137437105178833,-0.340235106292515,8.662574458974337,0.2617993877991417,0.0,-1.5201928297936864,180,180,180,180,180,180,180
15.148316383361816,-0.340235106292515,8.662574458974337,0.2617993877991417,0.0,-1.5201928297936864,180,180,180,180,180,180,180
15.158523082733154,-0.340235106292515,8.662574458974337,0.2617993877991417,0.0,-1.5201928297936864,180,180,180,180,180,180,180
15.168744087219238,-0.34068549879550064,8.65367732814187,0.2617993877991417,0.0,-1.5200364865787055,180,180,180,180,180,180,180
15.178983449935913,-0.34068549879550064,8.65367732814187,0.2617993877991417,0.0,-1.5200364865787055,180,180,180,180,180,180,180
15.189219951629639,-0.34068549879550064,8.65367732814187,0.2617993877991417,0.0,-1.5200364865787055,180,180,180,180,180,180,180
15.199426651000977,-0.3411248105319802,8.645033900702899,0.2617993877991417,0.0,-1.519903202050737,180,180,180,180,180,180,180
15.209675073623657,-0.3411248105319802,8.645033900702899,0.2617993877991417,0.0,-1.519903202050737,180,180,180,180,180,180,180
15.219967126846313,-0.3411248105319802,8.645033900702899,0.2617993877991417,0.0,-1.519903202050737,180,180,180,180,180,180,180
15.23020887374878,-0.3411248105319802,8.645033900702899,0.2617993877991417,0.0,-1.519903202050737,180,180,180,180,180,180,150
15.250437021255493,-0.3415651590085923,8.636391122265794,0.2617993877991417,0.0,-1.5198348278553466,180,180,180,180,180,180,150
15.26067042350769,-0.3415651590085923,8.636391122265794,0.2617993877991417,0.0,-1.5198348278553466,180,180,180,180,180,180,150
15.27091121673584,-0.34201430363577806,8.627491399137863,0.2617993877991417,0.0,-1.5198581311629002,180,180,180,180,180,180,160
15.281134605407715,-0.34201430363577806,8.627491399137863,0.2617993877991417,0.0,-1.5198581311629002,180,180,180,180,180,180,160
15.30096983909607,-0.34201430363577806,8.627491399137863,0.2617993877991417,0.0,-1.5198581311629002,180,180,180,180,180,180,160
15.311299800872803,-0.3424514747859503,8.618871648446907,0.2617993877991417,0.0,-1.5200563459030894,180,180,180,180,180,180,160
15.321542978286743,-0.3424514747859503,8.618871648446907,0.2617993877991417,0.0,-1.5200563459030894,180,180,180,180,180,180,170
15.331828832626343,-0.3424514747859503,8.618871648446907,0.2617993877991417,0.0,-1.5200563459030894,180,180,180,180,180,180,170
15.3511483669281,-0.34288823929807,8.610249583503172,0.2617993877991417,0.0,-1.5202774432542472,180,180,180,180,180,180,170
15.361476421356201,-0.34288823929807,8.610249583503172,0.2617993877991417,0.0,-1.5202774432542472,180,180,180,180,180,180,170
15.371707916259766,-0.343336197842514,8.601364084330562,0.2617993877991417,0.0,-1.5204731460706318,180,180,180,180,180,180,170
15.381934881210327,-0.343336197842514,8.601364084330562,0.2617993877991417,0.0,-1.5204731460706318,180,180,180,180,180,180,170
15.3992280960083,-0.3437672510640076,8.592744830945435,0.2617993877991417,0.0,-1.5205318809681851,180,180,180,180,180,180,170
15.409534454345703,-0.3437672510640076,8.592744830945435,0.2617993877991417,0.0,-1.5205318809681851,180,180,180,180,180,180,170
15.41976284980774,-0.3437672510640076,8.592744830945435,0.2617993877991417,0.0,-1.5205318809681851,180,180,180,180,180,180,170
15.429998397827148,-0.3437672510640076,8.592744830945435,0.2617993877991417,0.0,-1.5205318809681851,180,180,180,180,180,180,170
15.449544429779053,-0.344196745663352,8.584167802054171,0.2617993877991417,0.0,-1.520220094897541,180,180,180,180,180,180,170
15.459850311279297,-0.344196745663352,8.584167802054171,0.2617993877991417,0.0,-1.520220094897541,180,180,180,180,180,180,170
15.470053672790527,-0.34464364223331106,8.57530861252772,0.2617993877991417,0.0,-1.5200005915243744,180,180,180,180,180,180,160
15.480780363082886,-0.34464364223331106,8.57530861252772,0.2617993877991417,0.0,-1.5200005915243744,180,180,180,180,180,180,160
15.497126817703247,-0.34508057386991364,8.566693563750745,0.2617993877991417,0.0,-1.5198320633861238,180,180,180,180,180,180,160
15.507361888885498,-0.34508057386991364,8.566693563750745,0.2617993877991417,0.0,-1.5198320633861238,180,180,180,180,180,180,160
15.517565965652466,-0.34508057386991364,8.566693563750745,0.2617993877991417,0.0,-1.5198320633861238,180,180,180,180,180,180,160
15.527793407440186,-0.34508057386991364,8.566693563750745,0.2617993877991417,0.0,-1.5198320633861238,180,180,180,190,180,180,160
15.538002252578735,-0.34552036007022696,8.558067803458174,0.2617993877991417,0.0,-1.5196656932385746,180,180,180,190,180,180,160
15.55586051940918,-0.34552036007022696,8.558067803458174,0.2617993877991417,0.0,-1.5196656932385746,180,180,180,190,180,180,160
15.566075086593628,-0.3459757881918503,8.549169306775457,0.2617993877991417,0.0,-1.5195109875699,180,180,180,190,180,180,160
15.576273441314697,-0.3459757881918503,8.549169306775457,0.2617993877991417,0.0,-1.5195109875699,180,180,180,190,180,180,160
15.586509227752686,-0.3459757881918503,8.549169306775457,0.2617993877991417,0.0,-1.5195109875699,180,180,180,190,180,180,160
15.605713844299316,-0.3464197061402143,8.540525705405816,0.2617993877991417,0.0,-1.5193820612636542,180,180,180,190,180,180,160
15.615939617156982,-0.3464197061402143,8.540525705405816,0.2617993877991417,0.0,-1.5193820612636542,180,180,180,190,180,180,160
15.626178741455078,-0.3464197061402143,8.540525705405816,0.2617993877991417,0.0,-1.5193820612636542,180,180,190,190,180,180,170
15.636439323425293,-0.3468644105357178,8.531883487942533,0.2617993877991417,0.0,-1.5193225351887483,180,180,190,190,180,180,170
15.655592918395996,-0.3468644105357178,8.531883487942533,0.2617993877991417,0.0,-1.5193225351887483,180,180,190,190,180,180,170
15.665854215621948,-0.34731876501736647,8.522985147494294,0.2617993877991417,0.0,-1.5193599777514661,180,180,190,190,180,180,170
15.676070213317871,-0.34731876501736647,8.522985147494294,0.2617993877991417,0.0,-1.5193599777514661,180,180,190,190,180,180,170
15.686321496963501,-0.34731876501736647,8.522985147494294,0.2617993877991417,0.0,-1.5193599777514661,180,180,190,190,180,180,170
15.696672916412354,-0.3477596137723948,8.514366438611335,0.2617993877991417,0.0,-1.5195689668899874,180,180,190,190,180,180,170
15.706874370574951,-0.3477596137723948,8.514366438611335,0.2617993877991417,0.0,-1.5195689668899874,180,180,190,190,180,180,170
15.717095136642456,-0.3477596137723948,8.514366438611335,0.2617993877991417,0.0,-1.5195689668899874,180,180,190,190,180,180,170
15.727294206619263,-0.3477596137723948,8.514366438611335,0.2617993877991417,0.0,-1.5195689668899874,180,180,190,190,180,180,170
15.73751425743103,-0.34820060893380567,8.505744610816045,0.2617993877991417,0.0,-1.5197926712262702,180,180,190,190,180,180,170
15.74998950958252,-0.34820060893380567,8.505744610816045,0.2617993877991417,0.0,-1.5197926712262702,180,180,190,190,180,180,170
15.760212659835815,-0.34820060893380567,8.505744610816045,0.2617993877991417,0.0,-1.5197926712262702,180,180,190,190,180,180,170
15.770431756973267,-0.3486529718644158,8.496859290210846,0.2617993877991417,0.0,-1.5199771915621798,180,180,190,190,180,180,170
15.780731439590454,-0.3486529718644158,8.496859290210846,0.2617993877991417,0.0,-1.5199771915621798,180,180,190,190,180,170,170
15.79769229888916,-0.3486529718644158,8.496859290210846,0.2617993877991417,0.0,-1.5199771915621798,180,180,190,190,180,170,170
15.807947397232056,-0.34908730030759255,8.488242279560275,0.2617993877991417,0.0,-1.5200106639974418,180,180,190,190,180,170,170
15.81816554069519,-0.34908730030759255,8.488242279560275,0.2617993877991417,0.0,-1.5200106639974418,180,180,190,190,180,180,160
15.828356742858887,-0.34908730030759255,8.488242279560275,0.2617993877991417,0.0,-1.5200106639974418,180,180,190,190,180,180,160
15.838634967803955,-0.3495218879954466,8.47967064999194,0.2617993877991417,0.0,-1.5196562336207409,180,180,190,190,180,180,160
15.848889827728271,-0.3495218879954466,8.47967064999194,0.2617993877991417,0.0,-1.5196562336207409,180,180,190,190,180,180,160
15.859102487564087,-0.3495218879954466,8.47967064999194,0.2617993877991417,0.0,-1.5196562336207409,180,180,190,190,180,180,160
15.869343996047974,-0.34997377149536785,8.470807307543577,0.2617993877991417,0.0,-1.5194589483566041,180,180,190,190,180,180,160
15.879580736160278,-0.34997377149536785,8.470807307543577,0.2617993877991417,0.0,-1.5194589483566041,180,180,190,190,180,150,160
15.898947715759277,-0.34997377149536785,8.470807307543577,0.2617993877991417,0.0,-1.5194589483566041,180,180,190,190,180,150,160
15.909342050552368,-0.35041569604104955,8.462191791136114,0.2617993877991417,0.0,-1.5192883013684741,180,180,190,190,180,150,160
15.919546604156494,-0.35041569604104955,8.462191791136114,0.2617993877991417,0.0,-1.5192883013684741,180,180,190,190,180,160,160
15.929783821105957,-0.35041569604104955,8.462191791136114,0.2617993877991417,0.0,-1.5192883013684741,180,180,190,190,180,160,160
15.940017461776733,-0.35086025686550265,8.453564778842512,0.2617993877991417,0.0,-1.5191241520005063,180,180,190,190,180,160,160
15.950881242752075,-0.35086025686550265,8.453564778842512,0.2617993877991417,0.0,-1.5191241520005063,180,180,190,190,180,160,160
15.961084365844727,-0.35086025686550265,8.453564778842512,0.2617993877991417,0.0,-1.5191241520005063,180,180,190,190,180,160,160
15.971295833587646,-0.3513206568776964,8.44466531976324,0.2617993877991417,0.0,-1.5189709344580349,180,180,190,190,180,160,170
15.981527090072632,-0.3513206568776964,8.44466531976324,0.2617993877991417,0.0,-1.5189709344580349,180,180,190,190,180,160,170
15.999492883682251,-0.35176920325397826,8.436021703294903,0.2617993877991417,0.0,-1.518847694353826,180,180,190,190,180,160,170
16.0097873210907,-0.35176920325397826,8.436021703294903,0.2617993877991417,0.0,-1.518847694353826,180,180,190,190,180,160,170
16.02001714706421,-0.35176920325397826,8.436021703294903,0.2617993877991417,0.0,-1.518847694353826,180,180,190,190,180,170,170
16.030256748199463,-0.35176920325397826,8.436021703294903,0.2617993877991417,0.0,-1.518847694353826,180,180,190,190,180,170,170
16.048774480819702,-0.35221795828721625,8.427380202307207,0.2617993877991417,0.0,-1.518798388274211,180,180,190,190,180,170,170
16.059054136276245,-0.35221795828721625,8.427380202307207,0.2617993877991417,0.0,-1.518798388274211,180,180,190,190,180,170,170
16.06925868988037,-0.35267752498245286,8.418483914466965,0.2617993877991417,0.0,-1.5188550420347484,180,180,190,190,180,170,170
16.07959508895874,-0.35267752498245286,8.418483914466965,0.2617993877991417,0.0,-1.5188550420347484,180,180,190,190,180,170,170
16.098572254180908,-0.35267752498245286,8.418483914466965,0.2617993877991417,0.0,-1.5188550420347484,180,180,190,190,180,170,170
16.10899329185486,-0.353122469516029,8.409865719065403,0.2617993877991417,0.0,-1.5190712983887225,180,180,190,190,180,170,170
16.119171857833862,-0.353122469516029,8.409865719065403,0.2617993877991417,0.0,-1.5190712983887225,180,180,190,130,180,170,170
16.129358530044556,-0.353122469516029,8.409865719065403,0.2617993877991417,0.0,-1.5190712983887225,180,180,190,130,180,170,170
16.13964533805847,-0.35356775588725037,8.40124414590364,0.2617993877991417,0.0,-1.519296975442245,180,180,190,130,180,170,170
16.152822017669678,-0.35356775588725037,8.40124414590364,0.2617993877991417,0.0,-1.519296975442245,180,180,190,130,180,170,170
16.162989854812622,-0.35356775588725037,8.40124414590364,0.2617993877991417,0.0,-1.519296975442245,180,180,190,130,180,170,170
16.17316484451294,-0.3540246669964099,8.392359078581876,0.2617993877991417,0.0,-1.5194690450303914,180,180,190,130,180,180,170
16.18336820602417,-0.3540246669964099,8.392359078581876,0.2617993877991417,0.0,-1.5194690450303914,180,180,190,130,180,180,170
16.19891858100891,-0.3540246669964099,8.392359078581876,0.2617993877991417,0.0,-1.5194690450303914,180,180,190,130,180,180,170
16.20914936065674,-0.3540246669964099,8.392359078581876,0.2617993877991417,0.0,-1.5194690450303914,180,180,190,130,180,180,170
16.219384908676147,-0.3540246669964099,8.392359078581876,0.2617993877991417,0.0,-1.5194690450303914,190,130,190,190,180,180,170
16.229606866836548,-0.35446243267071037,8.383745009096302,0.2617993877991417,0.0,-1.519472217103682,190,130,190,190,180,180,170
16.23992109298706,-0.35490217491104387,8.375176810729648,0.2617993877991417,0.0,-1.519089564740318,190,130,190,190,180,180,170
16.250165224075317,-0.35490217491104387,8.375176810729648,0.2617993877991417,0.0,-1.519089564740318,190,130,190,190,180,180,170
16.26035165786743,-0.35490217491104387,8.375176810729648,0.2617993877991417,0.0,-1.519089564740318,190,130,190,190,180,180,170
16.270549058914185,-0.35535917380815174,8.366310595007004,0.2617993877991417,0.0,-1.5189048912585308,190,180,190,190,180,180,160
16.280884981155396,-0.35535917380815174,8.366310595007004,0.2617993877991417,0.0,-1.5189048912585308,190,180,190,190,180,180,160
16.298460245132446,-0.3558061137370351,8.35769407183057,0.2617993877991417,0.0,-1.518733770374693,190,180,190,190,180,180,160
16.30867910385132,-0.3558061137370351,8.35769407183057,0.2617993877991417,0.0,-1.518733770374693,190,180,190,190,180,180,160
16.318928956985474,-0.3558061137370351,8.35769407183057,0.2617993877991417,0.0,-1.518733770374693,190,180,190,190,180,180,160
16.329383373260498,-0.3558061137370351,8.35769407183057,0.2617993877991417,0.0,-1.518733770374693,190,180,190,190,180,180,160
16.339599132537842,-0.3562554993974648,8.349065970575355,0.2617993877991417,0.0,-1.5185713946737227,190,180,190,190,180,180,160
16.34993314743042,-0.3562554993974648,8.349065970575355,0.2617993877991417,0.0,-1.5185713946737227,190,180,190,190,180,180,160
16.36015796661377,-0.3562554993974648,8.349065970575355,0.2617993877991417,0.0,-1.5185713946737227,190,180,190,190,180,180,160
16.370340585708618,-0.35672094750667954,8.340165673048663,0.2617993877991417,0.0,-1.5184194978513594,190,180,190,190,180,180,160
16.380546808242798,-0.35672094750667954,8.340165673048663,0.2617993877991417,0.0,-1.5184194978513594,190,180,190,190,180,170,170
16.397396564483643,-0.35672094750667954,8.340165673048663,0.2617993877991417,0.0,-1.5184194978513594,190,180,190,190,180,170,170
16.40778923034668,-0.3571741985583103,8.33152219057611,0.2617993877991417,0.0,-1.5183024885618455,190,180,190,190,180,170,170
16.418023824691772,-0.3571741985583103,8.33152219057611,0.2617993877991417,0.0,-1.5183024885618455,190,180,190,190,180,170,170
16.42824125289917,-0.3571741985583103,8.33152219057611,0.2617993877991417,0.0,-1.5183024885618455,190,180,190,190,180,160,170
16.43844175338745,-0.357626829518201,8.322881453233787,0.2617993877991417,0.0,-1.5182633340925673,190,180,190,190,180,160,170
16.450340747833252,-0.357626829518201,8.322881453233787,0.2617993877991417,0.0,-1.5182633340925673,190,180,190,190,180,160,170
16.460554838180542,-0.357626829518201,8.322881453233787,0.2617993877991417,0.0,-1.5182633340925673,190,180,190,190,180,160,170
16.47074294090271,-0.35809156516311125,8.313987708117818,0.2617993877991417,0.0,-1.518342079379619,190,180,190,190,180,160,170
16.480942726135254,-0.35809156516311125,8.313987708117818,0.2617993877991417,0.0,-1.518342079379619,190,180,190,190,180,160,170
16.498394012451172,-0.35809156516311125,8.313987708117818,0.2617993877991417,0.0,-1.518342079379619,190,180,190,190,180,160,170
16.508700847625732,-0.35854112218001316,8.305369596816345,0.2617993877991417,0.0,-1.5185619723119106,190,180,190,190,180,160,170
16.518900632858276,-0.35854112218001316,8.305369596816345,0.2617993877991417,0.0,-1.5185619723119106,190,180,190,190,180,160,170
16.52908444404602,-0.35854112218001316,8.305369596816345,0.2617993877991417,0.0,-1.5185619723119106,190,180,190,190,130,160,160
16.53932809829712,-0.3589907618148311,8.296748108168398,0.2617993877991417,0.0,-1.518787968786315,190,180,190,190,130,160,160
16.55100703239441,-0.3589907618148311,8.296748108168398,0.2617993877991417,0.0,-1.518787968786315,190,180,190,190,130,160,160
16.561200857162476,-0.3589907618148311,8.296748108168398,0.2617993877991417,0.0,-1.518787968786315,190,180,190,190,130,160,160
16.57138156890869,-0.35945238104706173,8.287863505327191,0.2617993877991417,0.0,-1.518946283024625,190,180,190,190,130,160,160
16.581650495529175,-0.35945238104706173,8.287863505327191,0.2617993877991417,0.0,-1.518946283024625,190,180,190,190,180,180,160
16.60047197341919,-0.35989402673639287,8.27925336257849,0.2617993877991417,0.0,-1.5189132183112526,190,180,190,190,180,180,160
16.610739707946777,-0.35989402673639287,8.27925336257849,0.2617993877991417,0.0,-1.5189132183112526,190,180,190,190,180,180,160
16.620911836624146,-0.35989402673639287,8.27925336257849,0.2617993877991417,0.0,-1.5189132183112526,190,190,190,190,180,170,170
16.63155174255371,-0.3603388049109073,8.270686399063191,0.2617993877991417,0.0,-1.5185184458297925,190,190,190,190,180,170,170
16.64183235168457,-0.3603388049109073,8.270686399063191,0.2617993877991417,0.0,-1.5185184458297925,190,190,190,190,180,170,170
16.65210723876953,-0.3603388049109073,8.270686399063191,0.2617993877991417,0.0,-1.5185184458297925,190,190,190,190,180,170,170
16.662286520004272,-0.3603388049109073,8.270686399063191,0.2617993877991417,0.0,-1.5185184458297925,190,190,190,190,180,170,170
16.67247486114502,-0.3608010675648321,8.261815698295841,0.2617993877991417,0.0,-1.5183585276277167,190,180,190,190,180,170,160
16.682905673980713,-0.3608010675648321,8.261815698295841,0.2617993877991417,0.0,-1.5183585276277167,190,180,190,190,180,170,160
16.700531721115112,-0.3612529489050615,8.253197953691254,0.2617993877991417,0.0,-1.518188213743106,190,180,190,190,180,170,160
16.710744380950928,-0.3612529489050615,8.253197953691254,0.2617993877991417,0.0,-1.518188213743106,190,180,190,190,180,170,160
16.72090721130371,-0.3612529489050615,8.253197953691254,0.2617993877991417,0.0,-1.518188213743106,190,180,190,190,180,170,170
16.731199502944946,-0.36170707751633496,8.244568809543718,0.2617993877991417,0.0,-1.5180278044723314,190,180,190,190,180,170,170
16.749756813049316,-0.36170707751633496,8.244568809543718,0.2617993877991417,0.0,-1.5180278044723314,190,180,190,190,180,170,170
16.75997757911682,-0.36170707751633496,8.244568809543718,0.2617993877991417,0.0,-1.5180278044723314,190,180,190,190,180,170,170
16.770172834396362,-0.3621774817236905,8.235667728841985,0.2617993877991417,0.0,-1.5178777330902047,190,180,190,190,180,180,170
16.780455827713013,-0.3621774817236905,8.235667728841985,0.2617993877991417,0.0,-1.5178777330902047,190,180,190,190,180,180,170
16.79854679107666,-0.3621774817236905,8.235667728841985,0.2617993877991417,0.0,-1.5178777330902047,190,180,190,190,180,180,170
16.8088698387146,-0.36263535915205364,8.227024485198381,0.2617993877991417,0.0,-1.5177680459351852,190,180,190,190,180,180,170
16.81905722618103,-0.36263535915205364,8.227024485198381,0.2617993877991417,0.0,-1.5177680459351852,190,190,190,190,180,180,170
16.82926321029663,-0.36263535915205364,8.227024485198381,0.2617993877991417,0.0,-1.5177680459351852,190,190,190,190,180,180,170
16.839519739151,-0.3630916415700412,8.218384485213019,0.2617993877991417,0.0,-1.517739390213053,190,190,190,190,180,180,170
16.849867820739746,-0.3630916415700412,8.218384485213019,0.2617993877991417,0.0,-1.517739390213053,190,190,190,190,180,180,170
16.86006808280945,-0.3630916415700412,8.218384485213019,0.2617993877991417,0.0,-1.517739390213053,190,190,190,190,180,180,170
16.87026023864746,-0.36356131046472406,8.209493732047239,0.2617993877991417,0.0,-1.517843408259554,190,190,190,190,190,180,170
16.880968809127808,-0.36356131046472406,8.209493732047239,0.2617993877991417,0.0,-1.517843408259554,190,190,190,190,190,180,170
16.897294521331787,-0.36356131046472406,8.209493732047239,0.2617993877991417,0.0,-1.517843408259554,190,190,190,190,190,180,170
16.90753173828125,-0.36401565656277807,8.200875301429608,0.2617993877991417,0.0,-1.5180642250267842,190,190,190,190,190,180,170
16.9177827835083,-0.36401565656277807,8.200875301429608,0.2617993877991417,0.0,-1.5180642250267842,210,190,190,190,180,180,170
16.928019285202026,-0.36401565656277807,8.200875301429608,0.2617993877991417,0.0,-1.5180642250267842,210,190,190,190,180,180,170
16.938203811645508,-0.3644695420709666,8.192253576618338,0.2617993877991417,0.0,-1.518288166888718,210,190,190,190,180,180,170
16.95725679397583,-0.3644695420709666,8.192253576618338,0.2617993877991417,0.0,-1.518288166888718,210,190,190,190,180,180,170
16.96746563911438,-0.36493573528021284,8.1833696277669,0.2617993877991417,0.0,-1.5184318115069606,210,190,190,190,180,180,170
16.977649450302124,-0.36493573528021284,8.1833696277669,0.2617993877991417,0.0,-1.5184318115069606,190,180,190,190,180,190,170
16.987885236740112,-0.36493573528021284,8.1833696277669,0.2617993877991417,0.0,-1.5184318115069606,190,180,190,190,180,190,170
16.998115301132202,-0.36538149526249625,8.17476446845604,0.2617993877991417,0.0,-1.518355443877698,190,180,190,190,180,190,170
17.008344173431396,-0.36538149526249625,8.17476446845604,0.2617993877991417,0.0,-1.518355443877698,190,180,190,190,180,190,170
17.01854968070984,-0.36538149526249625,8.17476446845604,0.2617993877991417,0.0,-1.518355443877698,190,180,190,190,180,190,170
17.028734922409058,-0.36538149526249625,8.17476446845604,0.2617993877991417,0.0,-1.518355443877698,190,190,190,190,180,180,170
17.03995656967163,-0.36583111871563617,8.166195998005136,0.2617993877991417,0.0,-1.5179680891960505,190,190,190,190,180,180,170
17.055773735046387,-0.36583111871563617,8.166195998005136,0.2617993877991417,0.0,-1.5179680891960505,190,190,190,190,180,180,170
17.065984964370728,-0.36583111871563617,8.166195998005136,0.2617993877991417,0.0,-1.5179680891960505,190,190,190,190,180,180,170
17.07618474960327,-0.3662985094522764,8.15732160167237,0.2617993877991417,0.0,-1.5178263472722815,190,190,190,190,180,180,170
17.086413145065308,-0.3662985094522764,8.15732160167237,0.2617993877991417,0.0,-1.5178263472722815,190,190,190,190,180,180,170
17.101176738739014,-0.36675509002480455,8.148702697209423,0.2617993877991417,0.0,-1.517655992250276,190,190,190,190,180,180,170
17.111397743225098,-0.36675509002480455,8.148702697209423,0.2617993877991417,0.0,-1.517655992250276,190,190,190,190,180,180,170
17.12156867980957,-0.36675509002480455,8.148702697209423,0.2617993877991417,0.0,-1.517655992250276,190,190,190,190,180,180,170
17.131779670715332,-0.3672138790602222,8.140072522649497,0.2617993877991417,0.0,-1.517497094345488,190,190,190,190,180,180,170
17.14199662208557,-0.3672138790602222,8.140072522649497,0.2617993877991417,0.0,-1.517497094345488,190,190,190,190,180,180,170
17.152188301086426,-0.3672138790602222,8.140072522649497,0.2617993877991417,0.0,-1.517497094345488,190,190,190,190,180,180,170
17.162352800369263,-0.3672138790602222,8.140072522649497,0.2617993877991417,0.0,-1.517497094345488,190,190,190,190,180,180,170
17.1725811958313,-0.3676891000489703,8.131170759485435,0.2617993877991417,0.0,-1.5173486379663772,190,190,190,190,180,170,170
17.18279719352722,-0.3676891000489703,8.131170759485435,0.2617993877991417,0.0,-1.5173486379663772,190,190,190,190,180,170,170
17.19298529624939,-0.3676891000489703,8.131170759485435,0.2617993877991417,0.0,-1.5173486379663772,190,190,190,190,180,170,170
17.207472324371338,-0.36815153010582247,8.12252791330831,0.2617993877991417,0.0,-1.5172468874270428,190,190,190,190,180,170,170
17.21766471862793,-0.36815153010582247,8.12252791330831,0.2617993877991417,0.0,-1.5172468874270428,190,190,190,190,180,170,170
17.22784686088562,-0.36815153010582247,8.12252791330831,0.2617993877991417,0.0,-1.5172468874270428,190,190,190,190,180,170,170
17.238027811050415,-0.36861126719436543,8.113888677818965,0.2617993877991417,0.0,-1.5172285381906676,190,190,190,190,180,160,170
17.248773097991943,-0.36861126719436543,8.113888677818965,0.2617993877991417,0.0,-1.5172285381906676,190,190,190,190,180,160,170
17.26583981513977,-0.36908569800548535,8.105001152014502,0.2617993877991417,0.0,-1.5173587157914947,190,190,190,190,180,160,170
17.276090383529663,-0.36908569800548535,8.105001152014502,0.2617993877991417,0.0,-1.5173587157914947,190,190,190,190,180,160,170
17.286280155181885,-0.36908569800548535,8.105001152014502,0.2617993877991417,0.0,-1.5173587157914947,190,190,190,190,180,170,170
17.305473804473877,-0.36908569800548535,8.105001152014502,0.2617993877991417,0.0,-1.5173587157914947,190,190,190,190,180,170,170
17.315661191940308,-0.3695447913767982,8.09638217913897,0.2617993877991417,0.0,-1.5175785211717094,190,190,190,190,180,170,170
17.325841903686523,-0.3695447913767982,8.09638217913897,0.2617993877991417,0.0,-1.5175785211717094,190,190,190,190,180,170,170
17.33607316017151,-0.37000283973832776,8.087760176477165,0.2617993877991417,0.0,-1.5177978076343064,190,190,190,190,180,160,170
17.34639286994934,-0.37000283973832776,8.087760176477165,0.2617993877991417,0.0,-1.5177978076343064,190,190,190,190,180,160,170
17.356589555740356,-0.37000283973832776,8.087760176477165,0.2617993877991417,0.0,-1.5177978076343064,190,190,190,190,180,160,170
17.36678147315979,-0.370473285887072,8.078877024511995,0.2617993877991417,0.0,-1.5179265611486905,190,190,190,190,180,160,170
17.37697124481201,-0.370473285887072,8.078877024511995,0.2617993877991417,0.0,-1.5179265611486905,190,190,190,190,180,160,170
17.387152910232544,-0.370473285887072,8.078877024511995,0.2617993877991417,0.0,-1.5179265611486905,190,190,190,190,190,160,170
17.39739227294922,-0.370473285887072,8.078877024511995,0.2617993877991417,0.0,-1.5179265611486905,190,190,190,190,190,160,170
17.40996813774109,-0.3709233699588615,8.070277925824445,0.2617993877991417,0.0,-1.5178001556818606,190,190,190,190,190,160,170
17.42017960548401,-0.3709233699588615,8.070277925824445,0.2617993877991417,0.0,-1.5178001556818606,190,190,190,190,190,160,170
17.430359363555908,-0.37137784701133564,8.06170618309519,0.2617993877991417,0.0,-1.517433265948959,190,190,190,190,190,160,170
17.4405677318573,-0.37137784701133564,8.06170618309519,0.2617993877991417,0.0,-1.517433265948959,190,190,190,180,190,170,160
17.4559006690979,-0.37137784701133564,8.06170618309519,0.2617993877991417,0.0,-1.517433265948959,190,190,190,180,190,170,160
17.466129302978516,-0.37185012482263113,8.052830698228508,0.2617993877991417,0.0,-1.5172912152099711,190,190,190,180,190,170,160
17.47635817527771,-0.37185012482263113,8.052830698228508,0.2617993877991417,0.0,-1.5172912152099711,190,190,190,180,190,170,160
17.486644506454468,-0.37185012482263113,8.052830698228508,0.2617993877991417,0.0,-1.5172912152099711,190,190,190,180,180,170,160
17.499544620513916,-0.37231138484982945,8.04421073775622,0.2617993877991417,0.0,-1.5171209357188291,190,190,190,180,180,170,160
17.509744882583618,-0.37231138484982945,8.04421073775622,0.2617993877991417,0.0,-1.5171209357188291,190,190,190,180,180,170,160
17.51997399330139,-0.37231138484982945,8.04421073775622,0.2617993877991417,0.0,-1.5171209357188291,190,190,190,190,190,180,160
17.5301411151886,-0.3727748955157522,8.03557952104049,0.2617993877991417,0.0,-1.516964103640284,190,190,190,190,190,180,160
17.540339946746826,-0.3727748955157522,8.03557952104049,0.2617993877991417,0.0,-1.516964103640284,190,190,190,190,190,180,160
17.55090093612671,-0.3727748955157522,8.03557952104049,0.2617993877991417,0.0,-1.516964103640284,190,190,190,190,190,180,160
17.561721324920654,-0.3727748955157522,8.03557952104049,0.2617993877991417,0.0,-1.516964103640284,190,190,190,190,190,180,160
17.571908712387085,-0.3732549326573752,8.026677176551777,0.2617993877991417,0.0,-1.5168179067156846,190,190,190,190,190,180,170
17.58210849761963,-0.3732549326573752,8.026677176551777,0.2617993877991417,0.0,-1.5168179067156846,190,190,190,190,190,180,170
17.592280864715576,-0.3732549326573752,8.026677176551777,0.2617993877991417,0.0,-1.5168179067156846,190,190,190,190,190,180,170
17.605313062667847,-0.3732549326573752,8.026677176551777,0.2617993877991417,0.0,-1.5168179067156846,190,190,190,190,190,180,170
17.61566662788391,-0.3737219854583801,8.018034826097065,0.2617993877991417,0.0,-1.5167250470683442,190,190,190,190,190,180,170
17.625866174697876,-0.3737219854583801,8.018034826097065,0.2617993877991417,0.0,-1.5167250470683442,190,190,190,190,190,180,170
17.636077880859375,-0.3741852221695041,8.009396382817066,0.2617993877991417,0.0,-1.5167174932258698,190,190,190,190,190,180,170
17.646265506744385,-0.3741852221695041,8.009396382817066,0.2617993877991417,0.0,-1.5167174932258698,190,190,190,190,190,180,170
17.66257619857788,-0.3741852221695041,8.009396382817066,0.2617993877991417,0.0,-1.5167174932258698,190,190,190,190,190,180,170
17.67277240753174,-0.3746643956454796,8.000512001711979,0.2617993877991417,0.0,-1.51687324157997,190,190,190,190,190,180,170
17.683106899261475,-0.3746643956454796,8.000512001711979,0.2617993877991417,0.0,-1.51687324157997,190,190,190,190,190,180,160
17.693325996398926,-0.3746643956454796,8.000512001711979,0.2617993877991417,0.0,-1.51687324157997,190,190,190,190,190,180,160
17.7057204246521,-0.3751281451231743,7.991892438693303,0.2617993877991417,0.0,-1.5170919234113538,190,190,190,190,190,180,160
17.71593976020813,-0.3751281451231743,7.991892438693303,0.2617993877991417,0.0,-1.5170919234113538,190,190,190,190,190,180,160
17.726127862930298,-0.3751281451231743,7.991892438693303,0.2617993877991417,0.0,-1.5170919234113538,190,190,190,190,190,180,170
17.736307859420776,-0.37559038033623526,7.983270190794948,0.2617993877991417,0.0,-1.5173046000878183,190,190,190,190,190,180,170
17.748613595962524,-0.37559038033623526,7.983270190794948,0.2617993877991417,0.0,-1.5173046000878183,190,190,190,190,190,180,170
17.75883936882019,-0.37559038033623526,7.983270190794948,0.2617993877991417,0.0,-1.5173046000878183,190,190,190,190,190,180,170
17.76904010772705,-0.3760647840451488,7.974387907917889,0.2617993877991417,0.0,-1.5174171995677554,190,190,190,190,190,180,170
17.779252290725708,-0.3760647840451488,7.974387907917889,0.2617993877991417,0.0,-1.5174171995677554,190,190,190,190,190,180,170
17.789597988128662,-0.3760647840451488,7.974387907917889,0.2617993877991417,0.0,-1.5174171995677554,190,190,190,190,190,180,170
17.802839279174805,-0.3760647840451488,7.974387907917889,0.2617993877991417,0.0,-1.5174171995677554,190,190,190,190,190,180,170
17.81337261199951,-0.376519489432349,7.965795679565623,0.2617993877991417,0.0,-1.5172357447492504,190,190,190,190,190,180,170
17.82355260848999,-0.376519489432349,7.965795679565623,0.2617993877991417,0.0,-1.5172357447492504,190,190,190,190,190,180,170
17.833741664886475,-0.37697911915740445,7.957216360268646,0.2617993877991417,0.0,-1.516918563378123,190,190,190,190,190,180,170
17.849751710891724,-0.37697911915740445,7.957216360268646,0.2617993877991417,0.0,-1.516918563378123,190,190,190,190,190,180,170
17.859941005706787,-0.37697911915740445,7.957216360268646,0.2617993877991417,0.0,-1.516918563378123,190,190,190,190,190,180,170
17.870163679122925,-0.37745598087975374,7.948340815845265,0.2617993877991417,0.0,-1.5167686957675848,190,190,190,190,190,180,170
17.880375385284424,-0.37745598087975374,7.948340815845265,0.2617993877991417,0.0,-1.5167686957675848,190,190,190,190,190,180,170
17.890644788742065,-0.37745598087975374,7.948340815845265,0.2617993877991417,0.0,-1.5167686957675848,190,190,190,190,190,180,170
17.90086007118225,-0.37745598087975374,7.948340815845265,0.2617993877991417,0.0,-1.5167686957675848,190,190,190,190,190,180,170
17.911078214645386,-0.37792184945324303,7.93971976411886,0.2617993877991417,0.0,-1.5165986137632217,190,190,190,190,190,180,170
17.921302795410156,-0.37792184945324303,7.93971976411886,0.2617993877991417,0.0,-1.5165986137632217,190,190,190,190,190,180,170
17.931490659713745,-0.37792184945324303,7.93971976411886,0.2617993877991417,0.0,-1.5165986137632217,190,190,190,190,190,180,170
17.941688776016235,-0.37839000733580863,7.931087502542625,0.2617993877991417,0.0,-1.5164435959913265,190,190,190,190,190,180,170
17.95457148551941,-0.37839000733580863,7.931087502542625,0.2617993877991417,0.0,-1.5164435959913265,190,190,190,190,190,180,170
17.964825868606567,-0.37887473634982505,7.922184713648382,0.2617993877991417,0.0,-1.5162997724593337,190,190,190,190,190,180,170
17.97509002685547,-0.37887473634982505,7.922184713648382,0.2617993877991417,0.0,-1.5162997724593337,190,190,190,190,190,180,170
17.98537850379944,-0.37887473634982505,7.922184713648382,0.2617993877991417,0.0,-1.5162997724593337,190,190,190,190,190,180,170
18.00329613685608,-0.37887473634982505,7.922184713648382,0.2617993877991417,0.0,-1.5162997724593337,190,190,190,190,190,180,170
18.013510704040527,-0.3793463499361074,7.9135429773442905,0.2617993877991417,0.0,-1.5162161459411645,190,190,190,190,190,180,170
18.02370858192444,-0.3793463499361074,7.9135429773442905,0.2617993877991417,0.0,-1.5162161459411645,190,190,190,190,190,180,170
18.03389883041382,-0.3798133070642932,7.9049054485504255,0.2617993877991417,0.0,-1.516219645836912,190,190,180,190,180,180,170
18.048859357833862,-0.3798133070642932,7.9049054485504255,0.2617993877991417,0.0,-1.516219645836912,190,190,180,190,180,180,170
18.05911874771118,-0.3798133070642932,7.9049054485504255,0.2617993877991417,0.0,-1.516219645836912,190,190,180,190,180,180,170
18.069324016571045,-0.3802968821257924,7.896023791084382,0.2617993877991417,0.0,-1.5163975931396225,190,190,180,190,180,180,170
18.07967519760132,-0.3802968821257924,7.896023791084382,0.2617993877991417,0.0,-1.5163975931396225,190,190,180,190,180,180,170
18.099299430847168,-0.3802968821257924,7.896023791084382,0.2617993877991417,0.0,-1.5163975931396225,190,190,180,190,180,180,170
18.10975432395935,-0.38076502104322074,7.887403844945614,0.2617993877991417,0.0,-1.5166160911172488,190,190,180,190,180,180,170
18.120002508163452,-0.38076502104322074,7.887403844945614,0.2617993877991417,0.0,-1.5166160911172488,190,190,180,190,180,180,170
18.130231142044067,-0.38076502104322074,7.887403844945614,0.2617993877991417,0.0,-1.5166160911172488,190,190,190,190,180,180,160
18.148781776428223,-0.3812313546968324,7.87878148377672,0.2617993877991417,0.0,-1.5168208786012471,190,190,190,190,180,180,160
18.159016847610474,-0.3812313546968324,7.87878148377672,0.2617993877991417,0.0,-1.5168208786012471,190,190,190,190,180,180,160
18.16921329498291,-0.38170936156392227,7.8699003295877965,0.2617993877991417,0.0,-1.5169157107211415,190,190,190,190,180,180,160
18.17946147918701,-0.38170936156392227,7.8699003295877965,0.2617993877991417,0.0,-1.5169157107211415,190,190,180,190,180,180,160
18.19846534729004,-0.38170936156392227,7.8699003295877965,0.2617993877991417,0.0,-1.5169157107211415,190,190,180,190,180,180,160
18.208796501159668,-0.38216877663085397,7.861315301544475,0.2617993877991417,0.0,-1.5166784129633117,190,190,180,190,180,180,160
18.219002723693848,-0.38216877663085397,7.861315301544475,0.2617993877991417,0.0,-1.5166784129633117,190,190,190,190,180,180,160
18.229210138320923,-0.38216877663085397,7.861315301544475,0.2617993877991417,0.0,-1.5166784129633117,190,190,190,190,180,180,160
18.23942494392395,-0.3826333135215674,7.852728458128059,0.2617993877991417,0.0,-1.5164083808899118,190,190,190,190,180,180,160
18.249708890914917,-0.3826333135215674,7.852728458128059,0.2617993877991417,0.0,-1.5164083808899118,190,190,190,190,180,180,160
18.26011610031128,-0.3826333135215674,7.852728458128059,0.2617993877991417,0.0,-1.5164083808899118,190,190,190,190,180,180,160
18.270297050476074,-0.38311478718510406,7.84385385115652,0.2617993877991417,0.0,-1.5162458319723164,190,190,190,190,190,180,170
18.28053569793701,-0.38311478718510406,7.84385385115652,0.2617993877991417,0.0,-1.5162458319723164,190,190,190,190,190,180,170
18.290806531906128,-0.38311478718510406,7.84385385115652,0.2617993877991417,0.0,-1.5162458319723164,190,190,190,190,190,180,170
18.301034927368164,-0.38358530108289185,7.835231718565117,0.2617993877991417,0.0,-1.5160764661297734,190,190,190,190,190,180,170
18.311217546463013,-0.38358530108289185,7.835231718565117,0.2617993877991417,0.0,-1.5160764661297734,190,190,190,190,190,180,170
18.32141137123108,-0.38358530108289185,7.835231718565117,0.2617993877991417,0.0,-1.5160764661297734,190,190,190,190,190,180,170
18.331671714782715,-0.38358530108289185,7.835231718565117,0.2617993877991417,0.0,-1.5160764661297734,190,190,190,190,190,180,170
18.341878414154053,-0.3840580866351736,7.826598495964705,0.2617993877991417,0.0,-1.5159234359301834,190,190,190,190,190,180,170
18.355448722839355,-0.3840580866351736,7.826598495964705,0.2617993877991417,0.0,-1.5159234359301834,190,190,190,190,190,180,170
18.365694761276245,-0.38454745701312487,7.817695389105055,0.2617993877991417,0.0,-1.5157831379372042,190,190,190,190,190,180,170
18.375903367996216,-0.38454745701312487,7.817695389105055,0.2617993877991417,0.0,-1.5157831379372042,190,190,190,190,190,180,170
18.386115074157715,-0.38454745701312487,7.817695389105055,0.2617993877991417,0.0,-1.5157831379372042,190,190,190,190,190,180,170
18.398484706878662,-0.38454745701312487,7.817695389105055,0.2617993877991417,0.0,-1.5157831379372042,190,190,190,190,190,180,170
18.408802032470703,-0.3850235793897953,7.809054361096069,0.2617993877991417,0.0,-1.515709744031233,190,190,190,190,190,180,170
18.419038772583008,-0.3850235793897953,7.809054361096069,0.2617993877991417,0.0,-1.515709744031233,190,190,190,190,190,180,170
18.429304361343384,-0.3850235793897953,7.809054361096069,0.2617993877991417,0.0,-1.515709744031233,190,190,190,190,190,180,170
18.44838571548462,-0.3854948541318535,7.800417886046554,0.2617993877991417,0.0,-1.5157252904141743,190,190,190,190,190,180,170
18.458577871322632,-0.3854948541318535,7.800417886046554,0.2617993877991417,0.0,-1.5157252904141743,190,190,190,190,190,180,170
18.468794584274292,-0.38598233152695194,7.7915382736552985,0.2617993877991417,0.0,-1.5159212506320818,190,190,190,190,190,180,170
18.47902011871338,-0.38598233152695194,7.7915382736552985,0.2617993877991417,0.0,-1.5159212506320818,190,190,190,190,190,180,170
18.489214420318604,-0.38598233152695194,7.7915382736552985,0.2617993877991417,0.0,-1.5159212506320818,190,190,190,190,190,180,170
18.499439001083374,-0.3864547101102234,7.782918222185697,0.2617993877991417,0.0,-1.5161413454986619,190,190,190,190,190,180,170
18.50965666770935,-0.3864547101102234,7.782918222185697,0.2617993877991417,0.0,-1.5161413454986619,190,190,190,190,190,180,170
18.519886016845703,-0.3864547101102234,7.782918222185697,0.2617993877991417,0.0,-1.5161413454986619,190,190,190,190,190,180,170
18.530100107192993,-0.3864547101102234,7.782918222185697,0.2617993877991417,0.0,-1.5161413454986619,190,190,190,190,190,180,170
18.540310859680176,-0.38692514946929407,7.774295831245625,0.2617993877991417,0.0,-1.5163370998465369,190,190,190,190,190,180,170
18.552802562713623,-0.38692514946929407,7.774295831245625,0.2617993877991417,0.0,-1.5163370998465369,190,190,190,190,190,180,170
18.562987089157104,-0.38692514946929407,7.774295831245625,0.2617993877991417,0.0,-1.5163370998465369,190,190,190,190,190,180,170
18.57317090034485,-0.38740657097329645,7.765416088710481,0.2617993877991417,0.0,-1.5164115946155574,190,190,190,190,190,180,170
18.583404541015625,-0.38740657097329645,7.765416088710481,0.2617993877991417,0.0,-1.5164115946155574,190,190,190,190,190,180,170
18.599040985107422,-0.38740657097329645,7.765416088710481,0.2617993877991417,0.0,-1.5164115946155574,190,190,190,190,190,180,170
18.609368324279785,-0.38787098510606,7.756837685430914,0.2617993877991417,0.0,-1.5161231358738274,190,190,190,190,190,180,170
18.619608402252197,-0.38787098510606,7.756837685430914,0.2617993877991417,0.0,-1.5161231358738274,190,190,190,190,190,180,170
18.629852056503296,-0.38787098510606,7.756837685430914,0.2617993877991417,0.0,-1.5161231358738274,190,190,190,190,190,180,170
18.6400887966156,-0.38834013722528765,7.7482471753062025,0.2617993877991417,0.0,-1.5158712047052025,190,190,190,190,190,180,170
18.650341272354126,-0.38834013722528765,7.7482471753062025,0.2617993877991417,0.0,-1.5158712047052025,190,190,190,190,190,180,170
18.660537004470825,-0.38834013722528765,7.7482471753062025,0.2617993877991417,0.0,-1.5158712047052025,190,190,190,190,190,180,170
18.670763969421387,-0.38882662756242553,7.739372750181736,0.2617993877991417,0.0,-1.515701393117955,190,190,190,190,190,180,170
18.680961847305298,-0.38882662756242553,7.739372750181736,0.2617993877991417,0.0,-1.515701393117955,190,190,190,190,190,180,160
18.69121217727661,-0.38882662756242553,7.739372750181736,0.2617993877991417,0.0,-1.515701393117955,190,190,190,190,190,180,160
18.703691720962524,-0.38882662756242553,7.739372750181736,0.2617993877991417,0.0,-1.515701393117955,190,190,190,190,190,180,160
18.71405029296875,-0.38930198291502993,7.730749490733588,0.2617993877991417,0.0,-1.5155332714381893,190,190,190,190,190,180,160
18.724259853363037,-0.38930198291502993,7.730749490733588,0.2617993877991417,0.0,-1.5155332714381893,190,190,190,190,190,180,160
18.73452091217041,-0.38930198291502993,7.730749490733588,0.2617993877991417,0.0,-1.5155332714381893,190,190,190,190,190,180,160
18.74780535697937,-0.38977962291220103,7.722115280329038,0.2617993877991417,0.0,-1.5153814486646269,190,190,190,190,190,180,160
18.758059978485107,-0.38977962291220103,7.722115280329038,0.2617993877991417,0.0,-1.5153814486646269,190,190,190,190,190,180,160
18.76831078529358,-0.390273802593733,7.7132120287157955,0.2617993877991417,0.0,-1.5152455398703613,190,190,190,190,190,180,160
18.77861452102661,-0.390273802593733,7.7132120287157955,0.2617993877991417,0.0,-1.5152455398703613,190,190,190,190,190,180,160
18.78899383544922,-0.390273802593733,7.7132120287157955,0.2617993877991417,0.0,-1.5152455398703613,190,190,190,190,190,180,160
18.799278259277344,-0.39075437834900645,7.704571754924801,0.2617993877991417,0.0,-1.5151821990404108,190,190,190,190,190,180,160
18.809494972229004,-0.39075437834900645,7.704571754924801,0.2617993877991417,0.0,-1.5151821990404108,190,190,190,190,190,180,160
18.81971526145935,-0.39075437834900645,7.704571754924801,0.2617993877991417,0.0,-1.5151821990404108,190,190,190,190,190,180,160
18.82997989654541,-0.39075437834900645,7.704571754924801,0.2617993877991417,0.0,-1.5151821990404108,190,190,190,190,190,180,160
18.848819255828857,-0.3912307246939452,7.69593669227903,0.2617993877991417,0.0,-1.515211700800027,190,190,190,190,190,180,160
18.859076261520386,-0.3912307246939452,7.69593669227903,0.2617993877991417,0.0,-1.515211700800027,190,190,190,190,190,180,160
18.86933159828186,-0.391722063711854,7.687058461878187,0.2617993877991417,0.0,-1.5154208217299021,190,190,190,190,190,180,160
18.879602193832397,-0.391722063711854,7.687058461878187,0.2617993877991417,0.0,-1.5154208217299021,190,190,190,190,190,180,160
18.897756099700928,-0.391722063711854,7.687058461878187,0.2617993877991417,0.0,-1.5154208217299021,190,190,190,190,190,180,160
18.907984495162964,-0.39219880113991057,7.678438615129945,0.2617993877991417,0.0,-1.515643544989792,190,190,190,190,190,180,160
18.918195247650146,-0.39219880113991057,7.678438615129945,0.2617993877991417,0.0,-1.515643544989792,190,190,190,190,190,180,160
18.928415536880493,-0.39219880113991057,7.678438615129945,0.2617993877991417,0.0,-1.515643544989792,180,190,200,190,190,180,160
18.938680410385132,-0.3926735887538218,7.669816337304466,0.2617993877991417,0.0,-1.5158291358520355,180,190,200,190,190,180,160
18.94917058944702,-0.3926735887538218,7.669816337304466,0.2617993877991417,0.0,-1.5158291358520355,180,190,200,190,190,180,160
18.959381103515625,-0.3926735887538218,7.669816337304466,0.2617993877991417,0.0,-1.5158291358520355,180,190,200,190,190,180,160
18.969579219818115,-0.393158553265727,7.660938541162156,0.2617993877991417,0.0,-1.5158802429132014,180,190,200,190,190,180,160
18.979820013046265,-0.393158553265727,7.660938541162156,0.2617993877991417,0.0,-1.5158802429132014,190,190,220,190,190,180,160
18.996013879776,-0.393158553265727,7.660938541162156,0.2617993877991417,0.0,-1.5158802429132014,190,190,220,190,190,180,160
19.006272077560425,-0.39362819632539814,7.65236586975942,0.2617993877991417,0.0,-1.515547506932517,190,190,220,190,190,180,160
19.01648783683777,-0.39362819632539814,7.65236586975942,0.2617993877991417,0.0,-1.515547506932517,190,190,220,190,190,180,160
19.026670217514038,-0.39362819632539814,7.65236586975942,0.2617993877991417,0.0,-1.515547506932517,190,190,220,190,190,180,160
19.036903381347656,-0.3941021813083173,7.643770417926883,0.2617993877991417,0.0,-1.5153229093969482,190,190,220,190,190,180,160
19.04785132408142,-0.3941021813083173,7.643770417926883,0.2617993877991417,0.0,-1.5153229093969482,190,190,220,190,190,180,160
19.05803871154785,-0.3941021813083173,7.643770417926883,0.2617993877991417,0.0,-1.5153229093969482,190,190,220,190,190,180,160
19.068227529525757,-0.3945938682273518,7.6348959183139815,0.2617993877991417,0.0,-1.5151484138879032,190,190,220,200,190,180,160
19.07844090461731,-0.3945938682273518,7.6348959183139815,0.2617993877991417,0.0,-1.5151484138879032,190,190,220,200,190,180,160
19.097883939743042,-0.3945938682273518,7.6348959183139815,0.2617993877991417,0.0,-1.5151484138879032,190,190,220,200,190,180,160
19.108131170272827,-0.3950740993204317,7.626271472597118,0.2617993877991417,0.0,-1.5149821846032092,190,190,220,200,190,180,160
19.11831569671631,-0.3950740993204317,7.626271472597118,0.2617993877991417,0.0,-1.5149821846032092,190,190,220,200,190,180,160
19.12852120399475,-0.3950740993204317,7.626271472597118,0.2617993877991417,0.0,-1.5149821846032092,190,190,220,200,190,180,160
19.13872766494751,-0.3955566456262437,7.61763633185697,0.2617993877991417,0.0,-1.5148317730633012,190,190,220,200,190,180,160
19.154972076416016,-0.3955566456262437,7.61763633185697,0.2617993877991417,0.0,-1.5148317730633012,190,190,220,200,190,180,160
19.165214776992798,-0.3960556747989051,7.608733055441718,0.2617993877991417,0.0,-1.5147014682591584,190,190,220,200,190,180,160
19.17541265487671,-0.3960556747989051,7.608733055441718,0.2617993877991417,0.0,-1.5147014682591584,190,190,220,200,190,180,160
19.185680627822876,-0.3960556747989051,7.608733055441718,0.2617993877991417,0.0,-1.5147014682591584,190,190,210,200,200,180,160
19.19594144821167,-0.3960556747989051,7.608733055441718,0.2617993877991417,0.0,-1.5147014682591584,190,190,210,200,200,180,160
19.20617985725403,-0.39654044230487817,7.6000935315389855,0.2617993877991417,0.0,-1.514648471194696,190,190,210,200,200,180,160
19.21668291091919,-0.39654044230487817,7.6000935315389855,0.2617993877991417,0.0,-1.514648471194696,190,190,210,200,200,180,160
19.226890325546265,-0.39654044230487817,7.6000935315389855,0.2617993877991417,0.0,-1.514648471194696,190,190,200,190,200,180,160
19.238036394119263,-0.39702204989014656,7.591460275454816,0.2617993877991417,0.0,-1.5146951097329588,190,190,200,190,200,180,160
19.25526714324951,-0.39702204989014656,7.591460275454816,0.2617993877991417,0.0,-1.5146951097329588,190,190,200,190,200,180,160
19.265501260757446,-0.3975175051828147,7.582582835925952,0.2617993877991417,0.0,-1.5149135624826742,190,190,200,190,200,180,160
19.27572226524353,-0.3975175051828147,7.582582835925952,0.2617993877991417,0.0,-1.5149135624826742,190,190,200,200,200,180,170
19.28592872619629,-0.3975175051828147,7.582582835925952,0.2617993877991417,0.0,-1.5149135624826742,190,190,200,200,200,180,170
19.2961745262146,-0.3975175051828147,7.582582835925952,0.2617993877991417,0.0,-1.5149135624826742,190,190,200,200,200,180,170
19.306434154510498,-0.39799862690666243,7.573963258405563,0.2617993877991417,0.0,-1.5151387253149224,190,190,200,200,200,180,170
19.31662631034851,-0.39799862690666243,7.573963258405563,0.2617993877991417,0.0,-1.5151387253149224,190,190,200,200,200,180,170
19.326818227767944,-0.39799862690666243,7.573963258405563,0.2617993877991417,0.0,-1.5151387253149224,190,190,220,200,190,180,160
19.33702802658081,-0.3984778739017542,7.565341165902065,0.2617993877991417,0.0,-1.5153128556135713,190,190,220,200,190,180,160
19.347240686416626,-0.3984778739017542,7.565341165902065,0.2617993877991417,0.0,-1.5153128556135713,190,190,220,200,190,180,160
19.36253070831299,-0.3984778739017542,7.565341165902065,0.2617993877991417,0.0,-1.5153128556135713,190,190,220,200,190,180,160
19.372755527496338,-0.39896643386583647,7.556465922492635,0.2617993877991417,0.0,-1.5153362280210205,190,190,220,200,190,180,160
19.38299536705017,-0.39896643386583647,7.556465922492635,0.2617993877991417,0.0,-1.5153362280210205,190,190,200,200,190,180,160
19.39324116706848,-0.39896643386583647,7.556465922492635,0.2617993877991417,0.0,-1.5153362280210205,190,190,200,200,190,180,160
19.405710697174072,-0.39944147118892254,7.5478973062553525,0.2617993877991417,0.0,-1.5149710211822098,190,190,200,200,190,180,160
19.415924549102783,-0.39944147118892254,7.5478973062553525,0.2617993877991417,0.0,-1.5149710211822098,190,190,200,200,190,180,160
19.42612910270691,-0.39944147118892254,7.5478973062553525,0.2617993877991417,0.0,-1.5149710211822098,190,190,200,200,190,180,160
19.4363431930542,-0.39992035789290353,7.539295071455123,0.2617993877991417,0.0,-1.5147860334054402,190,190,200,200,190,180,160
19.446598052978516,-0.39992035789290353,7.539295071455123,0.2617993877991417,0.0,-1.5147860334054402,190,190,200,200,190,180,160
19.456793546676636,-0.39992035789290353,7.539295071455123,0.2617993877991417,0.0,-1.5147860334054402,190,190,200,200,190,180,160
19.466978073120117,-0.4004172663198863,7.530420111363553,0.2617993877991417,0.0,-1.5146087962045935,190,190,200,200,190,180,160
19.477211713790894,-0.4004172663198863,7.530420111363553,0.2617993877991417,0.0,-1.5146087962045935,180,190,200,200,190,180,160
19.48794984817505,-0.4004172663198863,7.530420111363553,0.2617993877991417,0.0,-1.5146087962045935,180,190,200,200,190,180,160
19.505632877349854,-0.40090223809858694,7.521794440815249,0.2617993877991417,0.0,-1.5144446612871807,180,190,200,200,190,180,160
19.51597833633423,-0.40090223809858694,7.521794440815249,0.2617993877991417,0.0,-1.5144446612871807,180,190,200,200,190,180,160
19.526166200637817,-0.40090223809858694,7.521794440815249,0.2617993877991417,0.0,-1.5144446612871807,180,190,200,200,190,180,160
19.536430597305298,-0.40138959571204846,7.513158418360102,0.2617993877991417,0.0,-1.5142954537377027,180,190,200,200,190,180,170
19.546696186065674,-0.40138959571204846,7.513158418360102,0.2617993877991417,0.0,-1.5142954537377027,180,190,200,200,190,180,170
19.556907415390015,-0.40138959571204846,7.513158418360102,0.2617993877991417,0.0,-1.5142954537377027,180,190,200,200,190,180,170
19.56713318824768,-0.4018933557135587,7.504255231901025,0.2617993877991417,0.0,-1.5141711671130318,180,190,200,200,190,180,170
19.57733941078186,-0.4018933557135587,7.504255231901025,0.2617993877991417,0.0,-1.5141711671130318,180,190,200,200,190,180,170
19.587566375732422,-0.4018933557135587,7.504255231901025,0.2617993877991417,0.0,-1.5141711671130318,180,190,200,200,190,180,170
19.59779167175293,-0.4018933557135587,7.504255231901025,0.2617993877991417,0.0,-1.5141711671130318,180,190,200,200,190,180,170
19.608060598373413,-0.4023819629409769,7.495616493276893,0.2617993877991417,0.0,-1.5141283787939377,180,190,200,200,190,180,170
19.618343591690063,-0.4023819629409769,7.495616493276893,0.2617993877991417,0.0,-1.5141283787939377,180,190,200,200,190,180,170
19.628581285476685,-0.4023819629409769,7.495616493276893,0.2617993877991417,0.0,-1.5141283787939377,180,190,200,210,190,180,160
19.638899087905884,-0.4023819629409769,7.495616493276893,0.2617993877991417,0.0,-1.5141283787939377,180,190,200,210,190,180,160
19.651941061019897,-0.4023819629409769,7.495616493276893,0.2617993877991417,0.0,-1.5141283787939377,180,190,200,210,190,180,160
19.66228675842285,-0.40286858147090177,7.486985591846253,0.2617993877991417,0.0,-1.514195624092816,180,190,200,210,190,180,160
19.672511339187622,-0.4033684447666935,7.478108484300692,0.2617993877991417,0.0,-1.514419648755742,180,190,200,200,190,180,160
19.682744026184082,-0.4033684447666935,7.478108484300692,0.2617993877991417,0.0,-1.514419648755742,180,190,200,200,190,180,160
19.699019193649292,-0.4033684447666935,7.478108484300692,0.2617993877991417,0.0,-1.514419648755742,180,190,200,200,190,180,160
19.709295511245728,-0.4038538041337145,7.469489064318767,0.2617993877991417,0.0,-1.5146458156669118,180,190,200,200,190,180,160
19.719470024108887,-0.4038538041337145,7.469489064318767,0.2617993877991417,0.0,-1.5146458156669118,180,190,200,200,190,180,160
19.729714393615723,-0.404337468412769,7.460867334714651,0.2617993877991417,0.0,-1.5148073480956203,180,190,200,200,190,180,160
19.739951610565186,-0.404337468412769,7.460867334714651,0.2617993877991417,0.0,-1.5148073480956203,180,190,200,200,190,180,160
19.754246950149536,-0.404337468412769,7.460867334714651,0.2617993877991417,0.0,-1.5148073480956203,180,190,200,200,190,180,160
19.764491319656372,-0.4048296931128659,7.4519954862086975,0.2617993877991417,0.0,-1.5147976002408918,180,190,200,200,190,180,160
19.774699926376343,-0.4048296931128659,7.4519954862086975,0.2617993877991417,0.0,-1.5147976002408918,180,190,190,190,190,180,170
19.784938097000122,-0.4048296931128659,7.4519954862086975,0.2617993877991417,0.0,-1.5147976002408918,180,190,190,190,190,180,170
19.797698974609375,-0.4048296931128659,7.4519954862086975,0.2617993877991417,0.0,-1.5147976002408918,180,190,190,190,190,180,170
19.808086156845093,-0.405309837974315,7.443428700907669,0.2617993877991417,0.0,-1.5144167046685817,180,190,190,190,190,180,170
19.81844735145569,-0.405309837974315,7.443428700907669,0.2617993877991417,0.0,-1.5144167046685817,180,190,190,190,190,180,170
19.828710794448853,-0.405309837974315,7.443428700907669,0.2617993877991417,0.0,-1.5144167046685817,180,190,190,190,190,180,170
19.838961839675903,-0.405793517043464,7.434820127913961,0.2617993877991417,0.0,-1.5142689543445091,180,190,190,190,190,180,170
19.849228620529175,-0.405793517043464,7.434820127913961,0.2617993877991417,0.0,-1.5142689543445091,180,190,190,190,190,180,170
19.859398365020752,-0.405793517043464,7.434820127913961,0.2617993877991417,0.0,-1.5142689543445091,180,190,190,190,190,180,170
19.86960005760193,-0.4062953360750966,7.425943952211656,0.2617993877991417,0.0,-1.514092631795,180,190,190,190,190,180,170
19.879976749420166,-0.4062953360750966,7.425943952211656,0.2617993877991417,0.0,-1.514092631795,180,190,190,190,190,180,170
19.90031933784485,-0.4067847991055947,7.41731727427739,0.2617993877991417,0.0,-1.5139303178331711,180,190,190,190,190,180,170
19.910555839538574,-0.4067847991055947,7.41731727427739,0.2617993877991417,0.0,-1.5139303178331711,180,190,190,190,190,180,170
19.920764923095703,-0.4067847991055947,7.41731727427739,0.2617993877991417,0.0,-1.5139303178331711,180,190,190,190,190,180,170
19.930960178375244,-0.4067847991055947,7.41731727427739,0.2617993877991417,0.0,-1.5139303178331711,180,190,190,190,190,180,170
19.948246002197266,-0.4072767057654376,7.408680479914853,0.2617993877991417,0.0,-1.5137828302019414,180,190,190,190,190,180,170
19.95845627784729,-0.4072767057654376,7.408680479914853,0.2617993877991417,0.0,-1.5137828302019414,180,190,190,190,190,180,170
19.96868062019348,-0.4077849549309197,7.399777499413007,0.2617993877991417,0.0,-1.5136657744577038,190,190,190,190,190,180,170
19.97906994819641,-0.4077849549309197,7.399777499413007,0.2617993877991417,0.0,-1.5136657744577038,190,190,190,190,190,180,170
19.99925971031189,-0.4077849549309197,7.399777499413007,0.2617993877991417,0.0,-1.5136657744577038,190,190,190,190,190,180,170
20.009625673294067,-0.40827695967766064,7.39113951334277,0.2617993877991417,0.0,-1.513633570156636,190,190,190,190,190,180,170
20.01982569694519,-0.40827695967766064,7.39113951334277,0.2617993877991417,0.0,-1.513633570156636,190,190,190,190,190,180,170
20.030035734176636,-0.40827695967766064,7.39113951334277,0.2617993877991417,0.0,-1.513633570156636,190,190,180,190,190,180,160
20.0402250289917,-0.40876821801158053,7.382511328816447,0.2617993877991417,0.0,-1.513724155255051,190,190,180,190,190,180,160
20.054078340530396,-0.40876821801158053,7.382511328816447,0.2617993877991417,0.0,-1.513724155255051,190,190,180,190,190,180,160
20.064300775527954,-0.4092726323669015,7.3736341199398705,0.2617993877991417,0.0,-1.5139508180792796,190,190,180,190,190,180,160
20.07448697090149,-0.4092726323669015,7.3736341199398705,0.2617993877991417,0.0,-1.5139508180792796,190,190,190,190,190,180,160
20.084686517715454,-0.4092726323669015,7.3736341199398705,0.2617993877991417,0.0,-1.5139508180792796,190,190,190,190,190,180,160
20.099015951156616,-0.4092726323669015,7.3736341199398705,0.2617993877991417,0.0,-1.5139508180792796,190,190,190,190,190,180,160
20.109328746795654,-0.4097619904760563,7.365014493502371,0.2617993877991417,0.0,-1.5141759040016,190,190,190,190,190,180,160
20.119511127471924,-0.4097619904760563,7.365014493502371,0.2617993877991417,0.0,-1.5141759040016,190,190,190,190,190,180,160
20.130168676376343,-0.4097619904760563,7.365014493502371,0.2617993877991417,0.0,-1.5141759040016,190,190,180,190,190,180,170
20.147385120391846,-0.4102498899158241,7.35639332064698,0.2617993877991417,0.0,-1.514323611578872,190,190,180,190,190,180,170
20.15763831138611,-0.4102498899158241,7.35639332064698,0.2617993877991417,0.0,-1.514323611578872,190,190,180,190,190,180,170
20.167844533920288,-0.4107459173021567,7.347525859050622,0.2617993877991417,0.0,-1.5142741288694583,190,190,180,180,190,180,170
20.178061485290527,-0.4107459173021567,7.347525859050622,0.2617993877991417,0.0,-1.5142741288694583,190,190,180,180,190,180,170
20.188293933868408,-0.4107459173021567,7.347525859050622,0.2617993877991417,0.0,-1.5142741288694583,190,190,180,180,190,180,170
20.198657274246216,-0.411230554446562,7.338959755282482,0.2617993877991417,0.0,-1.5138844601595636,190,190,180,180,190,180,170
20.208890914916992,-0.411230554446562,7.338959755282482,0.2617993877991417,0.0,-1.5138844601595636,190,190,180,180,190,180,170
20.219101190567017,-0.411230554446562,7.338959755282482,0.2617993877991417,0.0,-1.5138844601595636,190,190,180,180,190,180,170
20.22933053970337,-0.411230554446562,7.338959755282482,0.2617993877991417,0.0,-1.5138844601595636,190,190,180,180,190,180,170
20.248950004577637,-0.4117191336422824,7.330348891721938,0.2617993877991417,0.0,-1.5137459978279948,190,190,180,180,190,180,170
20.25918221473694,-0.4117191336422824,7.330348891721938,0.2617993877991417,0.0,-1.5137459978279948,190,190,180,180,190,180,170
20.269410133361816,-0.4122257575486233,7.321471535114834,0.2617993877991417,0.0,-1.513569627003599,190,190,180,180,190,180,170
20.279662609100342,-0.4122257575486233,7.321471535114834,0.2617993877991417,0.0,-1.513569627003599,190,190,180,180,180,180,160
20.298052549362183,-0.4122257575486233,7.321471535114834,0.2617993877991417,0.0,-1.513569627003599,190,190,180,180,180,180,160
20.308289051055908,-0.4127197907930172,7.312843851497719,0.2617993877991417,0.0,-1.5134087875842512,190,190,180,180,180,180,160
20.318536281585693,-0.4127197907930172,7.312843851497719,0.2617993877991417,0.0,-1.5134087875842512,190,180,170,170,180,180,160
20.32881736755371,-0.4127197907930172,7.312843851497719,0.2617993877991417,0.0,-1.5134087875842512,190,180,170,170,180,180,160
20.33915114402771,-0.41321630279905647,7.304206369462013,0.2617993877991417,0.0,-1.5132628089327647,190,180,170,170,180,180,160
20.34947919845581,-0.41321630279905647,7.304206369462013,0.2617993877991417,0.0,-1.5132628089327647,190,180,170,170,180,180,160
20.359744548797607,-0.41321630279905647,7.304206369462013,0.2617993877991417,0.0,-1.5132628089327647,190,180,170,170,180,180,160
20.36994171142578,-0.4137291462778848,7.29530375492296,0.2617993877991417,0.0,-1.5131535710697581,190,170,170,170,180,170,160
20.380272150039673,-0.4137291462778848,7.29530375492296,0.2617993877991417,0.0,-1.5131535710697581,190,170,170,170,180,170,160
20.390467882156372,-0.4137291462778848,7.29530375492296,0.2617993877991417,0.0,-1.5131535710697581,190,170,170,170,180,170,160
20.401347160339355,-0.4142245302453248,7.286666576121856,0.2617993877991417,0.0,-1.5131319237859508,190,170,170,170,180,170,160
20.411550998687744,-0.4142245302453248,7.286666576121856,0.2617993877991417,0.0,-1.5131319237859508,190,170,170,170,180,170,160
20.42173409461975,-0.4142245302453248,7.286666576121856,0.2617993877991417,0.0,-1.5131319237859508,190,170,170,170,180,170,160
20.432037830352783,-0.4142245302453248,7.286666576121856,0.2617993877991417,0.0,-1.5131319237859508,190,170,170,170,180,170,160
20.448267936706543,-0.41472035307414684,7.278041538566137,0.2617993877991417,0.0,-1.5132480793953622,190,170,170,170,180,170,160
20.458462238311768,-0.41472035307414684,7.278041538566137,0.2617993877991417,0.0,-1.5132480793953622,190,170,170,170,180,170,160
20.468689918518066,-0.4152295523982042,7.269163916042061,0.2617993877991417,0.0,-1.5134746716751848,190,170,170,170,180,170,160
20.478906631469727,-0.4152295523982042,7.269163916042061,0.2617993877991417,0.0,-1.5134746716751848,190,170,180,170,180,180,160
20.498883724212646,-0.4152295523982042,7.269163916042061,0.2617993877991417,0.0,-1.5134746716751848,190,170,180,170,180,180,160
20.5090970993042,-0.4152295523982042,7.269163916042061,0.2617993877991417,0.0,-1.5134746716751848,190,170,180,170,180,180,160
20.51931929588318,-0.41572298894443666,7.260543995920671,0.2617993877991417,0.0,-1.5136959649963204,190,170,180,180,180,180,160
20.529571056365967,-0.41572298894443666,7.260543995920671,0.2617993877991417,0.0,-1.5136959649963204,190,170,180,180,180,180,160
20.54836940765381,-0.4162151098387515,7.251923520568342,0.2617993877991417,0.0,-1.5138297524687203,190,170,180,180,180,180,160
20.558603286743164,-0.4162151098387515,7.251923520568342,0.2617993877991417,0.0,-1.5138297524687203,190,170,180,180,180,180,160
20.56882882118225,-0.4167152689418948,7.24306158496985,0.2617993877991417,0.0,-1.513733547564411,190,180,180,180,180,180,160
20.579038381576538,-0.4167152689418948,7.24306158496985,0.2617993877991417,0.0,-1.513733547564411,190,180,180,180,180,180,160
20.589344024658203,-0.4167152689418948,7.24306158496985,0.2617993877991417,0.0,-1.513733547564411,190,180,180,180,180,180,160
20.59967613220215,-0.4172046362266955,7.234493201649754,0.2617993877991417,0.0,-1.5133573174110129,190,180,180,180,180,180,160
20.609872102737427,-0.4172046362266955,7.234493201649754,0.2617993877991417,0.0,-1.5133573174110129,190,180,180,180,180,180,160
20.620059490203857,-0.4172046362266955,7.234493201649754,0.2617993877991417,0.0,-1.5133573174110129,200,180,180,180,180,180,160
20.6302649974823,-0.4172046362266955,7.234493201649754,0.2617993877991417,0.0,-1.5133573174110129,200,180,180,180,180,180,160
20.649224519729614,-0.417697934652775,7.2258810906756885,0.2617993877991417,0.0,-1.5132202961968864,200,180,180,180,180,180,160
20.65945863723755,-0.417697934652775,7.2258810906756885,0.2617993877991417,0.0,-1.5132202961968864,200,180,180,180,180,180,160
20.669673681259155,-0.4182092851798276,7.217002655094689,0.2617993877991417,0.0,-1.5130438499494654,190,190,190,190,180,180,160
20.679899215698242,-0.4182092851798276,7.217002655094689,0.2617993877991417,0.0,-1.5130438499494654,190,190,190,190,180,180,160
20.690107345581055,-0.4182092851798276,7.217002655094689,0.2617993877991417,0.0,-1.5130438499494654,190,190,190,190,180,180,160
20.700321197509766,-0.41870794204059875,7.208373968828089,0.2617993877991417,0.0,-1.5128849522814425,190,190,190,190,180,180,160
20.71055030822754,-0.41870794204059875,7.208373968828089,0.2617993877991417,0.0,-1.5128849522814425,190,190,190,190,180,180,160
20.720752716064453,-0.41870794204059875,7.208373968828089,0.2617993877991417,0.0,-1.5128849522814425,190,180,180,180,180,180,160
20.730963945388794,-0.41870794204059875,7.208373968828089,0.2617993877991417,0.0,-1.5128849522814425,190,180,180,180,180,180,160
20.7482008934021,-0.4192090543344356,7.19973588634367,0.2617993877991417,0.0,-1.5127410127607415,190,180,180,180,180,180,160
20.7584445476532,-0.4192090543344356,7.19973588634367,0.2617993877991417,0.0,-1.5127410127607415,190,180,180,180,180,180,160
20.76871967315674,-0.41972655664778524,7.190833756320012,0.2617993877991417,0.0,-1.5126406967241197,190,180,180,180,180,180,160
20.779021978378296,-0.41972655664778524,7.190833756320012,0.2617993877991417,0.0,-1.5126406967241197,190,190,180,190,180,180,160
20.789211988449097,-0.41972655664778524,7.190833756320012,0.2617993877991417,0.0,-1.5126406967241197,190,190,180,190,180,180,160
20.7994167804718,-0.4202253219319252,7.182197395763876,0.2617993877991417,0.0,-1.5126299979783946,190,190,180,190,180,180,160
20.809624910354614,-0.4202253219319252,7.182197395763876,0.2617993877991417,0.0,-1.5126299979783946,190,190,180,190,180,180,160
20.819825410842896,-0.4202253219319252,7.182197395763876,0.2617993877991417,0.0,-1.5126299979783946,190,190,180,180,180,180,160
20.830100536346436,-0.4202253219319252,7.182197395763876,0.2617993877991417,0.0,-1.5126299979783946,190,190,180,180,180,180,160
20.840322971343994,-0.4207256658641771,7.1735755518145,0.2617993877991417,0.0,-1.512772028640393,190,190,180,180,180,180,160
20.850565910339355,-0.4207256658641771,7.1735755518145,0.2617993877991417,0.0,-1.512772028640393,190,190,180,180,180,180,160
20.860785722732544,-0.4207256658641771,7.1735755518145,0.2617993877991417,0.0,-1.512772028640393,190,190,180,180,180,180,160
20.87099313735962,-0.4212396350920359,7.164697329177265,0.2617993877991417,0.0,-1.5129975139410548,190,190,180,190,190,180,160
20.881213188171387,-0.4212396350920359,7.164697329177265,0.2617993877991417,0.0,-1.5129975139410548,190,190,180,190,190,180,160
20.899791955947876,-0.4212396350920359,7.164697329177265,0.2617993877991417,0.0,-1.5129975139410548,190,190,180,190,190,180,160
20.910197257995605,-0.4217371748818677,7.1560771609245215,0.2617993877991417,0.0,-1.5132130331084945,190,190,180,190,190,180,160
20.92038631439209,-0.4217371748818677,7.1560771609245215,0.2617993877991417,0.0,-1.5132130331084945,190,190,180,180,190,180,160
20.9306161403656,-0.4217371748818677,7.1560771609245215,0.2617993877991417,0.0,-1.5132130331084945,190,190,180,180,190,180,160
20.948805332183838,-0.42223328264286736,7.147457414293003,0.2617993877991417,0.0,-1.513332120022399,190,190,180,180,190,180,160
20.959038972854614,-0.42223328264286736,7.147457414293003,0.2617993877991417,0.0,-1.513332120022399,190,190,180,180,190,180,160
20.969217777252197,-0.42273780863424537,7.138601968795082,0.2617993877991417,0.0,-1.513182657648521,190,190,180,180,190,180,160
20.979415893554688,-0.42273780863424537,7.138601968795082,0.2617993877991417,0.0,-1.513182657648521,190,190,170,180,190,170,160
20.99885845184326,-0.42273780863424537,7.138601968795082,0.2617993877991417,0.0,-1.513182657648521,190,190,170,180,190,170,160
21.00921082496643,-0.4232319893869012,7.130029697669151,0.2617993877991417,0.0,-1.5128303115791912,190,190,170,180,190,170,160
21.019404649734497,-0.4232319893869012,7.130029697669151,0.2617993877991417,0.0,-1.5128303115791912,180,190,170,180,190,170,160
21.029947757720947,-0.4232319893869012,7.130029697669151,0.2617993877991417,0.0,-1.5128303115791912,180,190,170,180,190,170,160
21.047195434570312,-0.4237299679357881,7.121416982521349,0.2617993877991417,0.0,-1.5126899136283358,180,190,170,180,190,170,160
21.057422876358032,-0.4237299679357881,7.121416982521349,0.2617993877991417,0.0,-1.5126899136283358,180,190,170,180,190,170,160
21.067625045776367,-0.4242461064245444,7.1125374994925705,0.2617993877991417,0.0,-1.5125131435837444,180,190,170,180,190,170,160
21.077996253967285,-0.4242461064245444,7.1125374994925705,0.2617993877991417,0.0,-1.5125131435837444,180,190,180,180,190,170,160
21.097200393676758,-0.4242461064245444,7.1125374994925705,0.2617993877991417,0.0,-1.5125131435837444,180,190,180,180,190,170,160
21.10752272605896,-0.4247494595844152,7.103907830258998,0.2617993877991417,0.0,-1.512355935125473,180,190,180,180,190,170,160
21.117676734924316,-0.4247494595844152,7.103907830258998,0.2617993877991417,0.0,-1.512355935125473,190,190,180,180,190,180,160
21.127893447875977,-0.4247494595844152,7.103907830258998,0.2617993877991417,0.0,-1.512355935125473,190,190,180,180,190,180,160
21.138104915618896,-0.42525519984784366,7.095269283783707,0.2617993877991417,0.0,-1.512214129001373,190,190,180,180,190,180,160
21.15111804008484,-0.42525519984784366,7.095269283783707,0.2617993877991417,0.0,-1.512214129001373,190,190,180,180,190,180,160
21.1613290309906,-0.42525519984784366,7.095269283783707,0.2617993877991417,0.0,-1.512214129001373,190,190,180,180,190,180,160
21.171525716781616,-0.4257774492702532,7.086367782794925,0.2617993877991417,0.0,-1.5121231758086826,180,180,180,180,190,180,160
21.18176579475403,-0.4257774492702532,7.086367782794925,0.2617993877991417,0.0,-1.5121231758086826,180,180,180,180,190,180,160
21.198280334472656,-0.4262798685292949,7.0777322898246915,0.2617993877991417,0.0,-1.512123167338248,180,180,180,180,190,180,160
21.20849919319153,-0.4262798685292949,7.0777322898246915,0.2617993877991417,0.0,-1.512123167338248,180,180,180,180,190,180,160
21.21870183944702,-0.4262798685292949,7.0777322898246915,0.2617993877991417,0.0,-1.512123167338248,190,180,180,180,190,180,160
21.228922605514526,-0.4262798685292949,7.0777322898246915,0.2617993877991417,0.0,-1.512123167338248,190,180,180,180,190,180,160
21.239120721817017,-0.42678462405039486,7.069113333456745,0.2617993877991417,0.0,-1.5122883525971613,190,180,180,180,190,180,160
21.25195837020874,-0.42678462405039486,7.069113333456745,0.2617993877991417,0.0,-1.5122883525971613,190,180,180,180,190,180,160
21.262189388275146,-0.42678462405039486,7.069113333456745,0.2617993877991417,0.0,-1.5122883525971613,190,180,180,180,190,180,160
21.272411108016968,-0.42730327937526524,7.0602346165414565,0.2617993877991417,0.0,-1.5125129921744844,190,180,180,180,190,180,160
21.282671689987183,-0.42730327937526524,7.0602346165414565,0.2617993877991417,0.0,-1.5125129921744844,190,180,180,180,180,190,160
21.298389434814453,-0.427804994520439,7.0516142762784275,0.2617993877991417,0.0,-1.5127211340135,190,180,180,180,180,190,160
21.30864429473877,-0.427804994520439,7.0516142762784275,0.2617993877991417,0.0,-1.5127211340135,190,180,180,180,180,190,160
21.318817377090454,-0.427804994520439,7.0516142762784275,0.2617993877991417,0.0,-1.5127211340135,190,180,180,180,180,190,160
21.32908844947815,-0.427804994520439,7.0516142762784275,0.2617993877991417,0.0,-1.5127211340135,190,180,180,180,180,180,160
21.339367151260376,-0.427804994520439,7.0516142762784275,0.2617993877991417,0.0,-1.5127211340135,190,180,180,180,180,180,160
21.349621534347534,-0.427804994520439,7.0516142762784275,0.2617993877991417,0.0,-1.5127211340135,190,180,180,180,180,180,160
21.35983180999756,-0.4283048652642407,7.04299543521992,0.2617993877991417,0.0,-1.5128243032520725,190,180,180,180,180,180,160
21.370063543319702,-0.42881411336685277,7.034147210789773,0.2617993877991417,0.0,-1.5126180590846048,190,180,180,190,180,180,160
21.380990982055664,-0.42881411336685277,7.034147210789773,0.2617993877991417,0.0,-1.5126180590846048,190,180,180,190,180,180,160
21.397476196289062,-0.42881411336685277,7.034147210789773,0.2617993877991417,0.0,-1.5126180590846048,190,180,180,190,180,180,160
21.40782070159912,-0.4293133058912659,7.02556950273702,0.2617993877991417,0.0,-1.5122998144927142,190,180,180,190,180,180,160
21.41803550720215,-0.4293133058912659,7.02556950273702,0.2617993877991417,0.0,-1.5122998144927142,190,180,180,180,180,180,160
21.428252935409546,-0.4293133058912659,7.02556950273702,0.2617993877991417,0.0,-1.5122998144927142,190,180,180,180,180,180,160
21.438478231430054,-0.4298159318176762,7.016957052162602,0.2617993877991417,0.0,-1.512150922713216,190,180,180,180,180,180,160
21.45177388191223,-0.4298159318176762,7.016957052162602,0.2617993877991417,0.0,-1.512150922713216,190,180,180,180,180,180,160
21.46199893951416,-0.4298159318176762,7.016957052162602,0.2617993877991417,0.0,-1.512150922713216,190,180,180,180,180,180,160
21.4721941947937,-0.43033699199045705,7.00807648104474,0.2617993877991417,0.0,-1.5119748699170417,190,180,180,190,180,180,160
21.482396364212036,-0.43033699199045705,7.00807648104474,0.2617993877991417,0.0,-1.5119748699170417,190,180,180,190,180,180,160
21.49260187149048,-0.43033699199045705,7.00807648104474,0.2617993877991417,0.0,-1.5119748699170417,190,180,180,190,180,180,160
21.503968000411987,-0.43084513801297175,6.999445805710555,0.2617993877991417,0.0,-1.5118199382742739,190,180,180,190,180,180,160
21.5141704082489,-0.43084513801297175,6.999445805710555,0.2617993877991417,0.0,-1.5118199382742739,190,180,180,190,180,180,160
21.524352550506592,-0.43084513801297175,6.999445805710555,0.2617993877991417,0.0,-1.5118199382742739,190,190,180,180,180,180,160
21.53455901145935,-0.43135555254886243,6.990806912059085,0.2617993877991417,0.0,-1.5116810956169997,190,190,180,180,180,180,160
21.544787168502808,-0.43135555254886243,6.990806912059085,0.2617993877991417,0.0,-1.5116810956169997,190,190,180,180,180,180,160
21.555011987686157,-0.43135555254886243,6.990806912059085,0.2617993877991417,0.0,-1.5116810956169997,190,190,180,180,180,180,160
21.565214157104492,-0.4318826348504727,6.981906112105461,0.2617993877991417,0.0,-1.5116003188906721,190,190,180,180,180,180,160
21.57539439201355,-0.4318826348504727,6.981906112105461,0.2617993877991417,0.0,-1.5116003188906721,190,190,170,180,180,180,160
21.585606575012207,-0.4318826348504727,6.981906112105461,0.2617993877991417,0.0,-1.5116003188906721,190,190,170,180,180,180,160
21.598560333251953,-0.4318826348504727,6.981906112105461,0.2617993877991417,0.0,-1.5116003188906721,190,190,170,180,180,180,160
21.608952045440674,-0.4323893186235961,6.973271751429068,0.2617993877991417,0.0,-1.511612844554241,190,190,170,180,180,180,160
21.619142532348633,-0.4323893186235961,6.973271751429068,0.2617993877991417,0.0,-1.511612844554241,190,190,170,180,180,180,160
21.629358530044556,-0.4323893186235961,6.973271751429068,0.2617993877991417,0.0,-1.511612844554241,190,190,170,180,180,180,160
21.648485898971558,-0.4328980964125537,6.964655136855141,0.2617993877991417,0.0,-1.5117977747341327,190,190,170,180,180,180,160
21.658727407455444,-0.4328980964125537,6.964655136855141,0.2617993877991417,0.0,-1.5117977747341327,190,190,170,180,180,180,160
21.668911695480347,-0.43342131709380644,6.955776150153144,0.2617993877991417,0.0,-1.5120231108372821,190,190,170,180,180,180,160
21.67912530899048,-0.43342131709380644,6.955776150153144,0.2617993877991417,0.0,-1.5120231108372821,190,190,170,170,190,190,160
21.697357416152954,-0.43342131709380644,6.955776150153144,0.2617993877991417,0.0,-1.5120231108372821,190,190,170,170,190,190,160
21.70761275291443,-0.43392725618703054,6.947155732214128,0.2617993877991417,0.0,-1.5122227298458724,190,190,170,170,190,190,160
21.717827320098877,-0.43392725618703054,6.947155732214128,0.2617993877991417,0.0,-1.5122227298458724,190,190,170,170,190,190,160
21.72804570198059,-0.43392725618703054,6.947155732214128,0.2617993877991417,0.0,-1.5122227298458724,180,190,170,170,190,180,160
21.738250732421875,-0.43443070417589125,6.938538007053355,0.2617993877991417,0.0,-1.5123079718736379,180,190,170,170,190,180,160
21.7520592212677,-0.43443070417589125,6.938538007053355,0.2617993877991417,0.0,-1.5123079718736379,180,190,170,170,190,180,160
21.762329578399658,-0.43443070417589125,6.938538007053355,0.2617993877991417,0.0,-1.5123079718736379,180,190,170,170,190,180,160
21.772626876831055,-0.43494499321561664,6.9296969142208535,0.2617993877991417,0.0,-1.5120465045937745,180,190,170,170,190,180,160
21.78306293487549,-0.43494499321561664,6.9296969142208535,0.2617993877991417,0.0,-1.5120465045937745,180,180,170,170,190,180,160
21.793538570404053,-0.43494499321561664,6.9296969142208535,0.2617993877991417,0.0,-1.5120465045937745,180,180,170,170,190,180,160
21.806618690490723,-0.4354492454782615,6.921110943066532,0.2617993877991417,0.0,-1.511779723370673,180,180,170,170,190,180,160
21.816972255706787,-0.4354492454782615,6.921110943066532,0.2617993877991417,0.0,-1.511779723370673,180,180,170,170,190,180,160
21.82932138442993,-0.4354492454782615,6.921110943066532,0.2617993877991417,0.0,-1.511779723370673,180,180,180,170,190,180,160
21.840179920196533,-0.4359564930569628,6.9124993584509005,0.2617993877991417,0.0,-1.5116188041562661,180,180,180,170,190,180,160
21.852484941482544,-0.4359564930569628,6.9124993584509005,0.2617993877991417,0.0,-1.5116188041562661,180,180,180,170,190,180,160
21.86289095878601,-0.4359564930569628,6.9124993584509005,0.2617993877991417,0.0,-1.5116188041562661,180,180,180,170,190,180,160
21.87325644493103,-0.43648244726102375,6.903617682536655,0.2617993877991417,0.0,-1.511443666743916,180,180,180,170,190,180,160
21.883643865585327,-0.43648244726102375,6.903617682536655,0.2617993877991417,0.0,-1.511443666743916,190,180,190,180,190,180,160
21.894307374954224,-0.43648244726102375,6.903617682536655,0.2617993877991417,0.0,-1.511443666743916,190,180,190,180,190,180,160
21.90473437309265,-0.43699535273759244,6.894986016308639,0.2617993877991417,0.0,-1.5112901165690116,190,180,190,180,190,180,160
21.91512370109558,-0.43699535273759244,6.894986016308639,0.2617993877991417,0.0,-1.5112901165690116,190,180,190,180,190,180,160
21.925503253936768,-0.43699535273759244,6.894986016308639,0.2617993877991417,0.0,-1.5112901165690116,190,180,190,180,190,180,160
21.9358913898468,-0.43751034355437585,6.88634694026482,0.2617993877991417,0.0,-1.5111550981415756,190,180,180,180,180,180,160
21.95114278793335,-0.43751034355437585,6.88634694026482,0.2617993877991417,0.0,-1.5111550981415756,190,180,180,180,180,180,160
21.961368083953857,-0.43751034355437585,6.88634694026482,0.2617993877991417,0.0,-1.5111550981415756,190,180,180,180,180,180,160
21.97158145904541,-0.43804200273808525,6.877446929843899,0.2617993877991417,0.0,-1.511084702542045,190,190,180,180,180,180,160
21.981793880462646,-0.43804200273808525,6.877446929843899,0.2617993877991417,0.0,-1.511084702542045,190,190,180,180,180,180,160
21.998079538345337,-0.4385535232016371,6.8688139708330915,0.2617993877991417,0.0,-1.511110997179873,190,190,180,180,180,180,160
22.008296966552734,-0.4385535232016371,6.8688139708330915,0.2617993877991417,0.0,-1.511110997179873,190,190,180,180,180,180,160
22.018527507781982,-0.4385535232016371,6.8688139708330915,0.2617993877991417,0.0,-1.511110997179873,190,190,180,180,180,180,160
22.02882218360901,-0.4385535232016371,6.8688139708330915,0.2617993877991417,0.0,-1.511110997179873,190,190,170,190,180,180,160
22.03903341293335,-0.4390659146970268,6.860198973078072,0.2617993877991417,0.0,-1.5113104845563357,190,190,170,190,180,180,160
22.058537006378174,-0.4390659146970268,6.860198973078072,0.2617993877991417,0.0,-1.5113104845563357,190,190,170,190,180,180,160
22.068859815597534,-0.4395935452654046,6.851320066289745,0.2617993877991417,0.0,-1.5115380673050334,190,190,170,190,180,180,160
22.079118490219116,-0.4395935452654046,6.851320066289745,0.2617993877991417,0.0,-1.5115380673050334,190,190,170,190,190,190,160
22.098042726516724,-0.4395935452654046,6.851320066289745,0.2617993877991417,0.0,-1.5115380673050334,190,190,170,190,190,190,160
22.10825514793396,-0.44010369599144006,6.8426997115661905,0.2617993877991417,0.0,-1.511728126648357,190,190,170,190,190,190,160
22.118468523025513,-0.44010369599144006,6.8426997115661905,0.2617993877991417,0.0,-1.511728126648357,190,190,170,190,190,190,160
22.128708362579346,-0.44010369599144006,6.8426997115661905,0.2617993877991417,0.0,-1.511728126648357,190,190,180,170,190,180,160
22.139029502868652,-0.44061050119287115,6.834083511731446,0.2617993877991417,0.0,-1.5117931750365343,190,190,180,170,190,180,160
22.150439739227295,-0.44061050119287115,6.834083511731446,0.2617993877991417,0.0,-1.5117931750365343,190,190,180,170,190,180,160
22.160650968551636,-0.44061050119287115,6.834083511731446,0.2617993877991417,0.0,-1.5117931750365343,190,190,180,170,190,180,160
22.170865774154663,-0.441130037697994,6.825248794399183,0.2617993877991417,0.0,-1.5114827786686105,190,180,170,170,190,180,160
22.181070566177368,-0.441130037697994,6.825248794399183,0.2617993877991417,0.0,-1.5114827786686105,190,180,170,170,190,180,160
22.19126868247986,-0.441130037697994,6.825248794399183,0.2617993877991417,0.0,-1.5114827786686105,190,180,170,170,190,180,160
22.205840587615967,-0.441130037697994,6.825248794399183,0.2617993877991417,0.0,-1.5114827786686105,190,180,170,170,190,180,160
22.21624517440796,-0.44163907811942527,6.816657299439557,0.2617993877991417,0.0,-1.5112474861640182,190,180,170,170,190,180,160
22.226453065872192,-0.44163907811942527,6.816657299439557,0.2617993877991417,0.0,-1.5112474861640182,180,180,170,170,190,180,160
22.236865997314453,-0.4421511801717742,6.808046067740952,0.2617993877991417,0.0,-1.5110791417863252,180,180,170,170,190,180,160
22.25245976448059,-0.4421511801717742,6.808046067740952,0.2617993877991417,0.0,-1.5110791417863252,180,180,170,170,190,180,160
22.262997150421143,-0.4421511801717742,6.808046067740952,0.2617993877991417,0.0,-1.5110791417863252,180,180,170,170,190,180,160
22.273226499557495,-0.4426820769136774,6.799163173889015,0.2617993877991417,0.0,-1.5109060772785756,180,180,170,170,190,180,160
22.28346276283264,-0.4426820769136774,6.799163173889015,0.2617993877991417,0.0,-1.5109060772785756,190,180,170,170,190,180,160
22.30365777015686,-0.4426820769136774,6.799163173889015,0.2617993877991417,0.0,-1.5109060772785756,190,180,170,170,190,180,160
22.313919067382812,-0.44319980135664877,6.790530541410124,0.2617993877991417,0.0,-1.5107540497959626,190,180,170,170,190,180,160
22.324126958847046,-0.44319980135664877,6.790530541410124,0.2617993877991417,0.0,-1.5107540497959626,180,180,170,170,190,180,160
22.33432650566101,-0.44319980135664877,6.790530541410124,0.2617993877991417,0.0,-1.5107540497959626,180,180,170,170,190,180,160
22.34454870223999,-0.4437194028055983,6.781891398185897,0.2617993877991417,0.0,-1.5106240778685072,180,180,170,170,190,180,160
22.35478639602661,-0.4437194028055983,6.781891398185897,0.2617993877991417,0.0,-1.5106240778685072,180,180,170,170,190,180,160
22.3649685382843,-0.4442554216398299,6.772992284533148,0.2617993877991417,0.0,-1.5105652206094928,180,180,170,170,190,180,160
22.375202417373657,-0.4442554216398299,6.772992284533148,0.2617993877991417,0.0,-1.5105652206094928,180,180,170,170,190,180,160
22.38576054573059,-0.4442554216398299,6.772992284533148,0.2617993877991417,0.0,-1.5105652206094928,180,170,170,170,180,180,160
22.395963668823242,-0.4442554216398299,6.772992284533148,0.2617993877991417,0.0,-1.5105652206094928,180,170,170,170,180,180,160
22.40617275238037,-0.44477196267511304,6.764362228056374,0.2617993877991417,0.0,-1.510616055532198,180,170,170,170,180,180,160
22.416362047195435,-0.44477196267511304,6.764362228056374,0.2617993877991417,0.0,-1.510616055532198,180,170,170,170,180,180,160
22.426549673080444,-0.44477196267511304,6.764362228056374,0.2617993877991417,0.0,-1.510616055532198,180,170,170,170,180,180,160
22.43679451942444,-0.44528808918099644,6.755747949357545,0.2617993877991417,0.0,-1.5108243013763605,180,170,170,170,180,180,160
22.447110176086426,-0.44528808918099644,6.755747949357545,0.2617993877991417,0.0,-1.5108243013763605,180,170,170,170,180,180,160
22.45733141899109,-0.44528808918099644,6.755747949357545,0.2617993877991417,0.0,-1.5108243013763605,180,170,170,170,180,180,160
22.46755576133728,-0.44582006344880887,6.746869286839695,0.2617993877991417,0.0,-1.5110546927740818,180,170,180,170,180,180,160
22.477739334106445,-0.44582006344880887,6.746869286839695,0.2617993877991417,0.0,-1.5110546927740818,180,170,180,170,180,180,160
22.487974166870117,-0.44582006344880887,6.746869286839695,0.2617993877991417,0.0,-1.5110546927740818,180,170,180,170,180,180,160
22.50057601928711,-0.44633446503773516,6.738249032429504,0.2617993877991417,0.0,-1.511233646616137,180,170,180,170,180,180,160
22.51166844367981,-0.44633446503773516,6.738249032429504,0.2617993877991417,0.0,-1.511233646616137,180,170,180,170,180,180,160
22.52193808555603,-0.44633446503773516,6.738249032429504,0.2617993877991417,0.0,-1.511233646616137,180,170,170,170,180,180,160
22.532281398773193,-0.44633446503773516,6.738249032429504,0.2617993877991417,0.0,-1.511233646616137,180,170,170,170,180,180,160
22.544912576675415,-0.4468445800782927,6.729634817802511,0.2617993877991417,0.0,-1.5112750188098558,180,170,170,170,180,180,160
22.556498527526855,-0.4468445800782927,6.729634817802511,0.2617993877991417,0.0,-1.5112750188098558,180,170,170,170,180,180,160
22.56683111190796,-0.4473694154997459,6.720805115015988,0.2617993877991417,0.0,-1.5109253037683303,180,170,170,170,180,180,160
22.57747793197632,-0.4473694154997459,6.720805115015988,0.2617993877991417,0.0,-1.5109253037683303,180,170,170,170,180,180,160
22.587928533554077,-0.4473694154997459,6.720805115015988,0.2617993877991417,0.0,-1.5109253037683303,180,170,170,170,180,190,160
22.601738929748535,-0.4478830394917322,6.712205280507019,0.2617993877991417,0.0,-1.5107402511854606,180,170,170,170,180,190,160
22.612133264541626,-0.4478830394917322,6.712205280507019,0.2617993877991417,0.0,-1.5107402511854606,180,170,170,170,180,190,160
22.622453451156616,-0.4478830394917322,6.712205280507019,0.2617993877991417,0.0,-1.5107402511854606,180,180,170,170,180,190,160
22.63276982307434,-0.44839999678286263,6.703593830370297,0.2617993877991417,0.0,-1.51056839282159,180,180,170,170,180,190,160
22.6527841091156,-0.44839999678286263,6.703593830370297,0.2617993877991417,0.0,-1.51056839282159,180,180,170,170,180,190,160
22.663146495819092,-0.44839999678286263,6.703593830370297,0.2617993877991417,0.0,-1.51056839282159,180,180,170,170,180,190,160
22.673526525497437,-0.4489355539856643,6.694709709067034,0.2617993877991417,0.0,-1.5103968431395838,180,180,170,170,180,190,160
22.683847904205322,-0.4489355539856643,6.694709709067034,0.2617993877991417,0.0,-1.5103968431395838,180,180,170,170,190,190,160
22.699074745178223,-0.4489355539856643,6.694709709067034,0.2617993877991417,0.0,-1.5103968431395838,180,180,170,170,190,190,160
22.709227561950684,-0.4494578229507475,6.686076211415827,0.2617993877991417,0.0,-1.5102459771655115,180,180,170,170,190,190,160
22.719411373138428,-0.4494578229507475,6.686076211415827,0.2617993877991417,0.0,-1.5102459771655115,180,180,170,170,190,190,160
22.729620695114136,-0.4494578229507475,6.686076211415827,0.2617993877991417,0.0,-1.5102459771655115,180,180,160,170,190,190,160
22.73983907699585,-0.449981760059429,6.677437129881406,0.2617993877991417,0.0,-1.5101216176160495,180,180,160,170,190,190,160
22.751079082489014,-0.449981760059429,6.677437129881406,0.2617993877991417,0.0,-1.5101216176160495,180,180,160,170,190,190,160
22.761274099349976,-0.449981760059429,6.677437129881406,0.2617993877991417,0.0,-1.5101216176160495,180,180,160,170,190,190,160
22.771478414535522,-0.45052149814636216,6.668538828504981,0.2617993877991417,0.0,-1.5100732870792504,180,180,160,170,190,190,160
22.78175163269043,-0.45052149814636216,6.668538828504981,0.2617993877991417,0.0,-1.5100732870792504,180,170,160,170,190,190,160
22.792388200759888,-0.45052149814636216,6.668538828504981,0.2617993877991417,0.0,-1.5100732870792504,180,170,160,170,190,190,160
22.809709548950195,-0.4510429251170373,6.6599101988195155,0.2617993877991417,0.0,-1.510138272153567,180,170,160,170,190,190,160
22.819944143295288,-0.4510429251170373,6.6599101988195155,0.2617993877991417,0.0,-1.510138272153567,180,170,160,170,190,190,160
22.830142498016357,-0.4515629777860722,6.6512964143688995,0.2617993877991417,0.0,-1.5103532620685782,180,170,160,170,190,190,160
22.840360164642334,-0.4515629777860722,6.6512964143688995,0.2617993877991417,0.0,-1.5103532620685782,180,170,170,170,190,190,160
22.852608919143677,-0.4515629777860722,6.6512964143688995,0.2617993877991417,0.0,-1.5103532620685782,180,170,170,170,190,190,160
22.86285901069641,-0.4515629777860722,6.6512964143688995,0.2617993877991417,0.0,-1.5103532620685782,180,170,170,170,190,190,160
22.873258590698242,-0.4520991384382462,6.642417999282676,0.2617993877991417,0.0,-1.5105853630009523,180,170,170,170,190,190,160
22.883512020111084,-0.4520991384382462,6.642417999282676,0.2617993877991417,0.0,-1.5105853630009523,180,170,170,170,180,190,160
22.902804613113403,-0.4520991384382462,6.642417999282676,0.2617993877991417,-0.05235987755982833,-1.5105853630009523,180,170,170,170,180,190,160
22.913214445114136,-0.45261771434652925,6.633798012125938,0.2617993877991417,-0.08726646259971389,-1.5107525135825113,180,170,170,170,180,190,160
22.923436880111694,-0.45261771434652925,6.633798012125938,0.2617993877991417,-0.08726646259971389,-1.5107525135825113,180,160,170,170,170,180,160
22.933679819107056,-0.45314024567745004,6.625125087553453,0.2617993877991417,-0.10471975511965666,-1.5090260878828592,180,160,170,170,170,180,160
22.95084810256958,-0.45314024567745004,6.625125087553453,0.2617993877991417,-0.12217304763959944,-1.5090260878828592,180,160,170,170,170,180,160
22.961071252822876,-0.45314024567745004,6.625125087553453,0.2617993877991417,-0.12217304763959944,-1.5090260878828592,180,160,170,170,170,180,160
22.97125744819641,-0.4537072237288541,6.616194935752262,0.2617993877991417,-0.12217304763959944,-1.5057365086059866,180,160,170,170,170,180,160
22.981775522232056,-0.4537072237288541,6.616194935752262,0.2617993877991417,-0.12217304763959944,-1.5057365086059866,180,160,160,170,170,180,160
22.991983652114868,-0.4537072237288541,6.616194935752262,0.2617993877991417,-0.12217304763959944,-1.5057365086059866,180,160,160,170,170,180,160
23.003623008728027,-0.4542860143280188,6.607565534050304,0.2617993877991417,-0.12217304763959944,-1.5015670330269677,180,160,160,170,170,180,160
23.013840913772583,-0.4542860143280188,6.607565534050304,0.2617993877991417,-0.12217304763959944,-1.5015670330269677,180,160,160,170,170,180,160
23.024019956588745,-0.4542860143280188,6.607565534050304,0.2617993877991417,-0.13962634015954223,-1.5015670330269677,180,160,160,170,170,180,160
23.034264087677002,-0.45490254705494704,6.5989239264931605,0.2617993877991417,-0.13962634015954223,-1.4973836605629476,170,170,160,170,170,180,160
23.050577878952026,-0.45490254705494704,6.5989239264931605,0.2617993877991417,-0.13962634015954223,-1.4973836605629476,170,170,160,170,170,180,160
23.0608069896698,-0.45490254705494704,6.5989239264931605,0.2617993877991417,-0.13962634015954223,-1.4973836605629476,170,170,160,170,170,180,160
23.071272611618042,-0.4555791191615299,6.590006333117184,0.2617993877991417,-0.13962634015954223,-1.4924839942517454,170,170,160,170,170,180,160
23.081613063812256,-0.4555791191615299,6.590006333117184,0.2617993877991417,-0.13962634015954223,-1.4924839942517454,170,170,160,170,180,180,160
23.09185290336609,-0.4555791191615299,6.590006333117184,0.2617993877991417,-0.13962634015954223,-1.4924839942517454,170,170,160,170,180,180,160
23.10210633277893,-0.4562788551830708,6.581345996728736,0.2617993877991417,-0.13962634015954223,-1.487716766202352,170,170,160,170,180,180,160
23.112323760986328,-0.4562788551830708,6.581345996728736,0.2617993877991417,-0.157079632679485,-1.487716766202352,170,170,160,170,180,180,160
23.122514724731445,-0.4562788551830708,6.581345996728736,0.2617993877991417,-0.157079632679485,-1.487716766202352,170,170,160,170,180,180,160
23.13270354270935,-0.4570185377719935,6.572687788069548,0.2617993877991417,-0.17453292519942779,-1.482986136095459,170,170,160,160,170,170,160
23.14291024208069,-0.4570185377719935,6.572687788069548,0.2617993877991417,-0.17453292519942779,-1.482986136095459,170,170,160,160,170,170,160
23.155438899993896,-0.4570185377719935,6.572687788069548,0.2617993877991417,-0.17453292519942779,-1.482986136095459,170,170,160,160,170,170,160
23.16568899154663,-0.4578218461063146,6.563815922270457,0.2617993877991417,-0.17453292519942779,-1.4774405450621377,170,170,160,160,170,170,160
23.176231622695923,-0.4578218461063146,6.563815922270457,0.2617993877991417,-0.19198621771937055,-1.4774405450621377,170,170,160,160,170,170,160
23.186471700668335,-0.4578218461063146,6.563815922270457,0.2617993877991417,-0.19198621771937055,-1.4774405450621377,170,160,160,170,180,180,160
23.204686164855957,-0.4578218461063146,6.563815922270457,0.2617993877991417,-0.19198621771937055,-1.4774405450621377,170,160,160,170,180,180,160
23.214943885803223,-0.4586473099807465,6.5552268865920595,0.2617993877991417,-0.19198621771937055,-1.472142453801454,170,160,160,170,180,180,160
23.225099325180054,-0.4586473099807465,6.5552268865920595,0.2617993877991417,-0.19198621771937055,-1.472142453801454,170,160,160,170,180,180,160
23.23532748222351,-0.4595265889472642,6.546598363381198,0.2617993877991417,-0.19198621771937055,-1.4661152050192938,170,160,160,160,170,170,160
23.253772735595703,-0.4595265889472642,6.546598363381198,0.2617993877991417,-0.19198621771937055,-1.4661152050192938,170,160,160,160,170,170,160
23.264014959335327,-0.4604871299811378,6.5376995674662535,0.2617993877991417,-0.19198621771937055,-1.4598460770997774,170,160,160,160,170,170,160
23.274201154708862,-0.4604871299811378,6.5376995674662535,0.2617993877991417,-0.19198621771937055,-1.4598460770997774,170,160,160,160,170,170,160
23.284393072128296,-0.4604871299811378,6.5376995674662535,0.2617993877991417,-0.19198621771937055,-1.4598460770997774,160,170,170,160,170,170,160
23.30082631111145,-0.4604871299811378,6.5376995674662535,0.2617993877991417,-0.19198621771937055,-1.4598460770997774,160,170,170,160,170,170,160
23.31115698814392,-0.4614762572204185,6.529059126243126,0.2617993877991417,-0.19198621771937055,-1.4537368432288038,160,170,170,160,170,170,160
23.321341514587402,-0.4614762572204185,6.529059126243126,0.2617993877991417,-0.17453292519942779,-1.4537368432288038,160,170,170,160,180,170,160
23.33157467842102,-0.4614762572204185,6.529059126243126,0.2617993877991417,-0.17453292519942779,-1.4537368432288038,160,170,170,160,180,170,160
23.34902334213257,-0.46251774638849036,6.520420454304462,0.2617993877991417,-0.13962634015954223,-1.4475542415440121,160,170,170,160,180,170,160
23.359307527542114,-0.46251774638849036,6.520420454304462,0.2617993877991417,-0.10471975511965666,-1.4475542415440121,160,170,170,160,180,170,160
23.3695330619812,-0.4636376522129823,6.511555638791785,0.2617993877991417,-0.08726646259971389,-1.4414556288671743,170,170,160,160,180,170,160
23.379727363586426,-0.4636376522129823,6.511555638791785,0.2617993877991417,-0.08726646259971389,-1.4414556288671743,170,170,160,160,180,170,160
23.389992713928223,-0.4636376522129823,6.511555638791785,0.2617993877991417,-0.08726646259971389,-1.4414556288671743,170,170,160,160,180,170,160
23.400264739990234,-0.4636376522129823,6.511555638791785,0.2617993877991417,-0.06981317007977111,-1.4414556288671743,170,170,160,160,180,170,160
23.410452127456665,-0.4647398067471881,6.503193110398946,0.2617993877991417,-0.05235987755982833,-1.4378428294109804,170,170,160,160,180,170,160
23.420654773712158,-0.4647398067471881,6.503193110398946,0.2617993877991417,0.0,-1.4378428294109804,170,170,170,160,180,170,160
23.430864810943604,-0.4647398067471881,6.503193110398946,0.2617993877991417,0.0,-1.4378428294109804,170,170,170,160,180,170,160
23.441048622131348,-0.46588102345244664,6.494734805377673,0.2617993877991417,0.0,-1.4348117884177558,170,170,170,160,180,170,160
23.45442819595337,-0.46588102345244664,6.494734805377673,0.2617993877991417,0.0,-1.4348117884177558,170,170,170,160,180,170,160
23.464622735977173,-0.46708400150234447,6.485964496067215,0.2617993877991417,0.0,-1.4351601552875988,170,170,170,160,180,170,160
23.474817752838135,-0.46708400150234447,6.485964496067215,0.2617993877991417,0.0,-1.4351601552875988,170,170,170,160,180,170,160
23.485401391983032,-0.46708400150234447,6.485964496067215,0.2617993877991417,0.0,-1.4351601552875988,170,170,170,160,180,170,160
23.501320600509644,-0.468248816572136,6.477406680871333,0.2617993877991417,0.0,-1.435252780543932,170,170,170,160,180,170,160
23.51153063774109,-0.468248816572136,6.477406680871333,0.2617993877991417,0.0,-1.435252780543932,170,170,170,160,180,170,160
23.52175283432007,-0.468248816572136,6.477406680871333,0.2617993877991417,0.0,-1.435252780543932,170,170,170,160,180,170,160
23.532063007354736,-0.4694111204235609,6.468847239625177,0.2617993877991417,0.0,-1.4351740228938414,160,160,170,160,180,170,160
23.550167560577393,-0.4694111204235609,6.468847239625177,0.2617993877991417,0.0,-1.4351740228938414,160,160,170,160,180,170,160
23.560389280319214,-0.4694111204235609,6.468847239625177,0.2617993877991417,0.0,-1.4351740228938414,160,160,170,160,180,170,160
23.570635080337524,-0.4706106267091014,6.460042992356055,0.2617993877991417,0.0,-1.4352587210428145,160,160,170,160,180,170,160
23.580838918685913,-0.4706106267091014,6.460042992356055,0.2617993877991417,0.0,-1.4352587210428145,160,160,170,160,180,170,160
23.591060638427734,-0.4706106267091014,6.460042992356055,0.2617993877991417,0.0,-1.4352587210428145,170,160,170,170,180,170,160
23.604997873306274,-0.4706106267091014,6.460042992356055,0.2617993877991417,0.0,-1.4352587210428145,170,160,170,170,180,170,160
23.615219116210938,-0.47177406839579134,6.451499398469432,0.2617993877991417,0.0,-1.43540656000989,170,160,170,170,180,170,160
23.625427722930908,-0.47177406839579134,6.451499398469432,0.2617993877991417,0.0,-1.43540656000989,170,160,160,170,180,170,160
23.635655164718628,-0.47293740712722004,6.442950518130919,0.2617993877991417,0.0,-1.4355761050451847,170,160,160,170,180,170,160
23.649256706237793,-0.47293740712722004,6.442950518130919,0.2617993877991417,0.0,-1.4355761050451847,170,160,160,170,180,170,160
23.659478664398193,-0.47293740712722004,6.442950518130919,0.2617993877991417,0.05235987755982833,-1.4355761050451847,170,160,160,170,180,170,160
23.669668912887573,-0.4741357635307131,6.434132060327595,0.2617993877991417,0.05235987755982833,-1.435742710352949,170,160,160,170,180,170,160
23.679912090301514,-0.4741357635307131,6.434132060327595,0.2617993877991417,0.06981317007977111,-1.435742710352949,160,160,160,170,170,160,160
23.697547912597656,-0.4741357635307131,6.434132060327595,0.2617993877991417,0.06981317007977111,-1.435742710352949,160,160,160,170,170,160,160
23.707765579223633,-0.4752924193691997,6.425574726012407,0.2617993877991417,0.08726646259971389,-1.4374941044897902,160,160,160,170,170,160,160
23.717968702316284,-0.4752924193691997,6.425574726012407,0.2617993877991417,0.08726646259971389,-1.4374941044897902,160,160,160,170,170,170,160
23.728285551071167,-0.4752924193691997,6.425574726012407,0.2617993877991417,0.08726646259971389,-1.4374941044897902,160,160,160,170,170,170,160
23.73857617378235,-0.47643103039305496,6.417015156594234,0.2617993877991417,0.08726646259971389,-1.4398694597267043,160,160,160,170,170,170,160
23.749229669570923,-0.47643103039305496,6.417015156594234,0.2617993877991417,0.08726646259971389,-1.4398694597267043,160,160,160,170,170,170,160
23.7594211101532,-0.47643103039305496,6.417015156594234,0.2617993877991417,0.08726646259971389,-1.4398694597267043,160,160,160,170,170,170,160
23.76962447166443,-0.47757117778781377,6.408224064548634,0.2617993877991417,0.08726646259971389,-1.4425996369335194,160,160,160,170,170,170,160
23.780460357666016,-0.47757117778781377,6.408224064548634,0.2617993877991417,0.08726646259971389,-1.4425996369335194,160,160,160,170,170,170,160
23.79790759086609,-0.47757117778781377,6.408224064548634,0.2617993877991417,0.08726646259971389,-1.4425996369335194,160,160,160,170,170,170,160
23.808160066604614,-0.4786555064701146,6.399731943258682,0.2617993877991417,0.06981317007977111,-1.4448938376094185,160,160,160,170,170,170,160
23.81840205192566,-0.4786555064701146,6.399731943258682,0.2617993877991417,0.05235987755982833,-1.4448938376094185,160,160,160,170,170,170,160
23.828699588775635,-0.4786555064701146,6.399731943258682,0.2617993877991417,0.05235987755982833,-1.4448938376094185,160,160,160,160,170,170,160
23.838932275772095,-0.4797257122042281,6.391188064596225,0.2617993877991417,0.0,-1.4474762680367004,160,160,160,160,170,170,160
23.849508047103882,-0.4797257122042281,6.391188064596225,0.2617993877991417,0.0,-1.4474762680367004,160,160,160,160,170,170,160
23.859680652618408,-0.4797257122042281,6.391188064596225,0.2617993877991417,0.0,-1.4474762680367004,160,160,160,160,170,170,160
23.869860649108887,-0.4808126852855886,6.382365565546249,0.2617993877991417,0.0,-1.4490203393689547,160,160,160,160,170,170,160
23.880126953125,-0.4808126852855886,6.382365565546249,0.2617993877991417,0.0,-1.4490203393689547,160,160,160,160,170,170,160
23.89886212348938,-0.4808126852855886,6.382365565546249,0.2617993877991417,0.0,-1.4490203393689547,160,160,160,160,170,170,160
23.909276723861694,-0.4818582703749525,6.3737912066821965,0.2617993877991417,0.0,-1.448959540839583,160,160,160,160,170,170,160
23.91946816444397,-0.4818582703749525,6.3737912066821965,0.2617993877991417,0.0,-1.448959540839583,160,160,160,160,170,170,160
23.929694414138794,-0.4818582703749525,6.3737912066821965,0.2617993877991417,0.0,-1.448959540839583,160,160,160,160,170,170,160
23.949070930480957,-0.4818582703749525,6.3737912066821965,0.2617993877991417,0.0,-1.448959540839583,160,160,160,160,170,170,160
23.959270000457764,-0.4829039436514207,6.365211734745392,0.2617993877991417,0.0,-1.4488728445788277,160,160,160,160,170,170,160
23.969465494155884,-0.48398345148688077,6.356384625227298,0.2617993877991417,0.0,-1.4489316424759298,160,160,160,160,170,170,160
23.979657888412476,-0.48398345148688077,6.356384625227298,0.2617993877991417,0.0,-1.4489316424759298,160,160,160,160,170,180,160
23.998092651367188,-0.48398345148688077,6.356384625227298,0.2617993877991417,0.0,-1.4489316424759298,160,160,160,160,170,180,160
24.008389949798584,-0.4850296324999968,6.3478250838697665,0.2617993877991417,0.0,-1.4490963009235798,160,160,160,160,170,180,160
24.01857328414917,-0.4850296324999968,6.3478250838697665,0.2617993877991417,0.0,-1.4490963009235798,160,170,160,160,180,180,160
24.028751611709595,-0.4850296324999968,6.3478250838697665,0.2617993877991417,0.0,-1.4490963009235798,160,170,160,160,180,180,160
24.038944959640503,-0.4860760012400816,6.339260005515235,0.2617993877991417,0.0,-1.4492796430552197,160,170,160,160,180,180,160
24.04993963241577,-0.4860760012400816,6.339260005515235,0.2617993877991417,0.0,-1.4492796430552197,160,170,160,160,180,180,160
24.060108184814453,-0.4860760012400816,6.339260005515235,0.2617993877991417,0.0,-1.4492796430552197,160,170,160,160,180,180,160
24.07028818130493,-0.487153496329202,6.330425366467937,0.2617993877991417,0.0,-1.4494593225599273,160,170,160,160,180,180,160
24.080482244491577,-0.487153496329202,6.330425366467937,0.2617993877991417,0.0,-1.4494593225599273,170,170,160,160,180,180,160
24.096115112304688,-0.487153496329202,6.330425366467937,0.2617993877991417,0.0,-1.4494593225599273,170,170,160,160,180,180,160
24.106321811676025,-0.4881987311315336,6.321843116499435,0.2617993877991417,0.0,-1.4495877027961885,170,170,160,160,180,180,160
24.11651062965393,-0.4881987311315336,6.321843116499435,0.2617993877991417,0.0,-1.4495877027961885,170,170,160,160,180,180,160
24.126700401306152,-0.4881987311315336,6.321843116499435,0.2617993877991417,0.0,-1.4495877027961885,160,160,160,160,170,180,160
24.13689160346985,-0.48924360259604,6.31326208319678,0.2617993877991417,0.0,-1.4496378939342425,160,160,160,160,170,180,160
24.14816665649414,-0.48924360259604,6.31326208319678,0.2617993877991417,0.0,-1.4496378939342425,160,160,160,160,170,180,160
24.15844488143921,-0.48924360259604,6.31326208319678,0.2617993877991417,0.0,-1.4496378939342425,160,160,160,160,170,180,160
24.168662309646606,-0.4903124451605519,6.304445939662381,0.2617993877991417,0.0,-1.4494344805360955,160,160,160,160,170,180,160
24.179214477539062,-0.4903124451605519,6.304445939662381,0.2617993877991417,0.0,-1.4494344805360955,160,160,160,160,170,180,160
24.18949317932129,-0.4903124451605519,6.304445939662381,0.2617993877991417,0.0,-1.4494344805360955,160,160,160,160,170,180,160
24.19974684715271,-0.4913530484775218,6.295908862221037,0.2617993877991417,0.0,-1.4490483974010178,160,160,160,160,170,180,160
24.209923028945923,-0.4913530484775218,6.295908862221037,0.2617993877991417,0.0,-1.4490483974010178,160,160,160,160,170,180,160
24.220105171203613,-0.4913530484775218,6.295908862221037,0.2617993877991417,0.0,-1.4490483974010178,160,160,160,160,160,170,160
24.23029112815857,-0.4913530484775218,6.295908862221037,0.2617993877991417,0.0,-1.4490483974010178,160,160,160,160,160,170,160
24.24047589302063,-0.4924003909898379,6.287335816316444,0.2617993877991417,0.0,-1.4488482108085519,160,160,160,160,160,170,160
24.254005193710327,-0.4924003909898379,6.287335816316444,0.2617993877991417,0.0,-1.4488482108085519,160,160,160,160,160,170,160
24.26419973373413,-0.49348448294134917,6.278497669153678,0.2617993877991417,0.0,-1.4486222681229308,160,160,160,160,160,170,160
24.274420499801636,-0.49348448294134917,6.278497669153678,0.2617993877991417,0.0,-1.4486222681229308,160,160,160,160,160,170,160
24.284626483917236,-0.49348448294134917,6.278497669153678,0.2617993877991417,0.0,-1.4486222681229308,160,160,160,160,170,170,160
24.298141956329346,-0.49348448294134917,6.278497669153678,0.2617993877991417,0.0,-1.4486222681229308,160,160,160,160,170,170,160
24.30854034423828,-0.4945387344739655,6.269916403848628,0.2617993877991417,0.0,-1.4484589049354635,160,160,160,160,170,170,160
24.318739652633667,-0.4945387344739655,6.269916403848628,0.2617993877991417,0.0,-1.4484589049354635,160,160,160,160,170,170,160
24.328949213027954,-0.4945387344739655,6.269916403848628,0.2617993877991417,0.0,-1.4484589049354635,160,160,160,160,170,170,160
24.344855070114136,-0.4955898534020308,6.261338088094215,0.2617993877991417,0.0,-1.4483852949188722,160,160,160,160,170,170,160
24.35507082939148,-0.4955898534020308,6.261338088094215,0.2617993877991417,0.0,-1.4483852949188722,160,160,160,160,170,170,160
24.365272283554077,-0.4966734605049645,6.25251506944802,0.2617993877991417,0.0,-1.448474200413206,160,160,160,160,160,170,160
24.3754723072052,-0.4966734605049645,6.25251506944802,0.2617993877991417,0.0,-1.448474200413206,160,160,160,160,160,170,160
24.3856680393219,-0.4966734605049645,6.25251506944802,0.2617993877991417,0.0,-1.448474200413206,160,160,160,160,160,170,160
24.398424863815308,-0.4966734605049645,6.25251506944802,0.2617993877991417,0.0,-1.448474200413206,160,160,160,160,160,170,160
24.408772230148315,-0.49772413876187804,6.243954917770315,0.2617993877991417,0.0,-1.4486375389712538,160,160,160,160,160,170,160
24.418975830078125,-0.49772413876187804,6.243954917770315,0.2617993877991417,0.0,-1.4486375389712538,160,150,160,160,160,170,160
24.429191827774048,-0.49772413876187804,6.243954917770315,0.2617993877991417,0.0,-1.4486375389712538,160,150,160,160,160,170,160
24.439401149749756,-0.4987745315057672,6.235389451204507,0.2617993877991417,0.0,-1.4488209938812855,160,150,160,160,160,170,160
24.44973087310791,-0.4987745315057672,6.235389451204507,0.2617993877991417,0.0,-1.4488209938812855,160,150,160,160,160,170,160
24.45991587638855,-0.4987745315057672,6.235389451204507,0.2617993877991417,0.0,-1.4488209938812855,160,150,160,160,160,170,160
24.47013211250305,-0.49985622836028554,6.226554098151853,0.2617993877991417,0.0,-1.448997245916199,160,150,160,160,160,170,160
24.480361938476562,-0.49985622836028554,6.226554098151853,0.2617993877991417,0.0,-1.448997245916199,160,160,160,160,160,170,160
24.490638732910156,-0.49985622836028554,6.226554098151853,0.2617993877991417,0.0,-1.448997245916199,160,160,160,160,160,170,160
24.500885248184204,-0.5009054571986598,6.2179720325306445,0.2617993877991417,0.0,-1.4491185225669603,160,160,160,160,160,170,160
24.511072874069214,-0.5009054571986598,6.2179720325306445,0.2617993877991417,0.0,-1.4491185225669603,160,160,160,160,160,170,160
24.521398067474365,-0.5009054571986598,6.2179720325306445,0.2617993877991417,0.0,-1.4491185225669603,160,160,150,160,160,170,160
24.531601667404175,-0.5019539337968182,6.20939228359757,0.2617993877991417,0.0,-1.449154958202091,160,160,150,160,160,170,160
24.54184341430664,-0.5019539337968182,6.20939228359757,0.2617993877991417,0.0,-1.449154958202091,160,160,150,160,160,170,160
24.553858518600464,-0.5019539337968182,6.20939228359757,0.2617993877991417,0.0,-1.449154958202091,160,160,150,160,160,170,160
24.564064502716064,-0.5030266963444473,6.200583207888213,0.2617993877991417,0.0,-1.4488970083398034,160,160,150,160,160,170,160
24.57425832748413,-0.5030266963444473,6.200583207888213,0.2617993877991417,0.0,-1.4488970083398034,160,160,150,160,160,170,160
24.584481239318848,-0.5030266963444473,6.200583207888213,0.2617993877991417,0.0,-1.4488970083398034,160,160,150,160,160,160,160
24.600460290908813,-0.5040726642990445,6.192039138490474,0.2617993877991417,0.0,-1.4485578540091808,160,160,150,160,160,160,160
24.6106960773468,-0.5040726642990445,6.192039138490474,0.2617993877991417,0.0,-1.4485578540091808,160,160,150,160,160,160,160
24.620929479599,-0.5040726642990445,6.192039138490474,0.2617993877991417,0.0,-1.4485578540091808,160,160,150,160,160,160,160
24.63113570213318,-0.5040726642990445,6.192039138490474,0.2617993877991417,0.0,-1.4485578540091808,160,150,160,160,160,170,160
24.650434017181396,-0.5051243872029476,6.1834672267553294,0.2617993877991417,0.0,-1.448344700108913,160,150,160,160,160,170,160
24.660634517669678,-0.5051243872029476,6.1834672267553294,0.2617993877991417,0.0,-1.448344700108913,160,150,160,160,160,170,160
24.67082381248474,-0.5062131327327262,6.174628730292133,0.2617993877991417,0.0,-1.4481234526936717,150,140,160,160,160,170,160
24.681042194366455,-0.5062131327327262,6.174628730292133,0.2617993877991417,0.0,-1.4481234526936717,150,140,160,160,160,170,160
24.698861598968506,-0.5062131327327262,6.174628730292133,0.2617993877991417,0.0,-1.4481234526936717,150,140,160,160,160,170,160
24.70918369293213,-0.5072717023918996,6.166048153779489,0.2617993877991417,0.0,-1.4479697239045737,150,140,160,160,160,170,160
24.719401836395264,-0.5072717023918996,6.166048153779489,0.2617993877991417,0.0,-1.4479697239045737,150,140,160,160,160,170,160
24.729606866836548,-0.5072717023918996,6.166048153779489,0.2617993877991417,0.0,-1.4479697239045737,150,150,150,160,160,170,160
24.739856481552124,-0.5083260943865565,6.157470961982991,0.2617993877991417,0.0,-1.447908357782685,150,150,150,160,160,170,160
24.759812593460083,-0.5083260943865565,6.157470961982991,0.2617993877991417,0.0,-1.447908357782685,150,150,150,160,160,170,160
24.770004987716675,-0.5094138534205122,6.148651025383945,0.2617993877991417,0.0,-1.4480208724718544,150,150,150,160,160,170,160
24.780217170715332,-0.5094138534205122,6.148651025383945,0.2617993877991417,0.0,-1.4480208724718544,150,150,150,160,160,170,160
24.79926109313965,-0.5094138534205122,6.148651025383945,0.2617993877991417,0.0,-1.4480208724718544,150,150,150,160,160,170,160
24.809490442276,-0.5104688331790369,6.140090444427403,0.2617993877991417,0.0,-1.4481847998848878,150,150,150,160,160,170,160
24.8197078704834,-0.5104688331790369,6.140090444427403,0.2617993877991417,0.0,-1.4481847998848878,150,150,150,160,160,170,160
24.83015465736389,-0.5104688331790369,6.140090444427403,0.2617993877991417,0.0,-1.4481847998848878,150,140,150,160,160,160,160
24.848965167999268,-0.5115232117104214,6.131524471558304,0.2617993877991417,0.0,-1.4483679258935658,150,140,150,160,160,160,160
24.859216451644897,-0.5115232117104214,6.131524471558304,0.2617993877991417,0.0,-1.4483679258935658,150,140,150,160,160,160,160
24.869425296783447,-0.5126090706175356,6.122688339924438,0.2617993877991417,0.0,-1.4485400103292358,150,140,160,160,160,160,160
24.879669427871704,-0.5126090706175356,6.122688339924438,0.2617993877991417,0.0,-1.4485400103292358,150,140,160,160,160,160,160
24.89793300628662,-0.5126090706175356,6.122688339924438,0.2617993877991417,0.0,-1.4485400103292358,150,140,160,160,160,160,160
24.90830135345459,-0.5136622688471261,6.11410655270455,0.2617993877991417,0.0,-1.4486536262796812,150,140,160,160,160,160,160
24.91853666305542,-0.5136622688471261,6.11410655270455,0.2617993877991417,0.0,-1.4486536262796812,150,140,160,160,160,160,160
24.928763151168823,-0.5136622688471261,6.11410655270455,0.2617993877991417,0.0,-1.4486536262796812,140,150,140,150,160,170,160
24.93897819519043,-0.5147140135952831,6.105528276085653,0.2617993877991417,0.0,-1.4486742298597288,140,150,140,150,160,170,160
24.949612379074097,-0.5147140135952831,6.105528276085653,0.2617993877991417,0.0,-1.4486742298597288,140,150,140,150,160,170,160
24.959819316864014,-0.5147140135952831,6.105528276085653,0.2617993877991417,0.0,-1.4486742298597288,140,150,140,150,160,170,160
24.970011949539185,-0.5157909481069741,6.096726175650751,0.2617993877991417,0.0,-1.4483628076892594,150,150,140,160,160,160,160
24.980672359466553,-0.5157909481069741,6.096726175650751,0.2617993877991417,0.0,-1.4483628076892594,150,150,140,160,160,160,160
24.99795937538147,-0.5157909481069741,6.096726175650751,0.2617993877991417,0.0,-1.4483628076892594,150,150,140,160,160,160,160
25.008297204971313,-0.5168419667499268,6.08817452345124,0.2617993877991417,0.0,-1.4480725955370741,150,150,140,160,160,160,160
25.01848077774048,-0.5168419667499268,6.08817452345124,0.2617993877991417,0.0,-1.4480725955370741,150,150,140,160,160,160,160
25.028709650039673,-0.5168419667499268,6.08817452345124,0.2617993877991417,0.0,-1.4480725955370741,150,140,160,160,160,160,160
25.049702405929565,-0.5178983027858994,6.079603540179535,0.2617993877991417,0.0,-1.4478484433698664,150,140,160,160,160,160,160
25.05997610092163,-0.5178983027858994,6.079603540179535,0.2617993877991417,0.0,-1.4478484433698664,150,140,160,160,160,160,160
25.07016348838806,-0.5189915640290621,6.070764931489558,0.2617993877991417,0.0,-1.44763224980936,140,140,150,150,160,170,160
25.08038878440857,-0.5189915640290621,6.070764931489558,0.2617993877991417,0.0,-1.44763224980936,140,140,150,150,160,170,160
25.090651035308838,-0.5189915640290621,6.070764931489558,0.2617993877991417,0.0,-1.44763224980936,140,140,150,150,160,170,160
25.100905656814575,-0.5200543893399603,6.062185214061213,0.2617993877991417,0.0,-1.4474886487316603,140,140,150,150,160,170,160
25.11110210418701,-0.5200543893399603,6.062185214061213,0.2617993877991417,0.0,-1.4474886487316603,140,140,150,150,160,170,160
25.121318578720093,-0.5200543893399603,6.062185214061213,0.2617993877991417,0.0,-1.4474886487316603,140,140,150,150,160,170,160
25.131625652313232,-0.5200543893399603,6.062185214061213,0.2617993877991417,0.0,-1.4474886487316603,150,150,140,140,160,160,160
25.148544311523438,-0.5211124949906333,6.053609314486608,0.2617993877991417,0.0,-1.4474397606002287,150,150,140,140,160,160,160
25.15879535675049,-0.5211124949906333,6.053609314486608,0.2617993877991417,0.0,-1.4474397606002287,150,150,140,140,160,160,160
25.16899299621582,-0.5222039651217552,6.044791804949054,0.2617993877991417,0.0,-1.447571325507877,150,150,140,140,160,160,160
25.179194688796997,-0.5222039651217552,6.044791804949054,0.2617993877991417,0.0,-1.447571325507877,150,150,140,150,160,160,160
25.19800066947937,-0.5222039651217552,6.044791804949054,0.2617993877991417,0.0,-1.447571325507877,150,150,140,150,160,160,160
25.208354711532593,-0.5232630174681382,6.036231084100557,0.2617993877991417,0.0,-1.4477375991983512,150,150,140,150,160,160,160
25.218583345413208,-0.5232630174681382,6.036231084100557,0.2617993877991417,0.0,-1.4477375991983512,150,150,150,140,160,160,160
25.22891116142273,-0.5232630174681382,6.036231084100557,0.2617993877991417,0.0,-1.4477375991983512,150,150,150,140,160,160,160
25.24852728843689,-0.5243213318792191,6.0276646378007745,0.2617993877991417,0.0,-1.4479201936362096,150,150,150,140,160,160,160
25.25885534286499,-0.5243213318792191,6.0276646378007745,0.2617993877991417,0.0,-1.4479201936362096,150,150,150,140,160,160,160
25.26910400390625,-0.5254113021401746,6.018827806517274,0.2617993877991417,0.0,-1.4480875680895575,140,140,150,140,160,160,160
25.279319286346436,-0.5254113021401746,6.018827806517274,0.2617993877991417,0.0,-1.4480875680895575,140,140,150,140,160,160,160
25.28958749771118,-0.5254113021401746,6.018827806517274,0.2617993877991417,0.0,-1.4480875680895575,140,140,150,140,160,160,160
25.299827814102173,-0.5264684500574397,6.010246470148562,0.2617993877991417,0.0,-1.448193249891422,140,140,150,140,160,160,160
25.3100528717041,-0.5264684500574397,6.010246470148562,0.2617993877991417,0.0,-1.448193249891422,140,140,150,140,160,160,160
25.320242643356323,-0.5264684500574397,6.010246470148562,0.2617993877991417,-0.05235987755982833,-1.448193249891422,140,140,150,140,150,160,160
25.330476760864258,-0.5275231695865008,6.001670026405145,0.2617993877991417,-0.08726646259971389,-1.4481955394975408,140,140,150,140,150,160,160
25.34076714515686,-0.5275231695865008,6.001670026405145,0.2617993877991417,-0.08726646259971389,-1.4481955394975408,140,140,150,140,150,160,160
25.350990533828735,-0.5275231695865008,6.001670026405145,0.2617993877991417,-0.10471975511965666,-1.4481955394975408,140,140,150,140,150,160,160
25.36117911338806,-0.5275231695865008,6.001670026405145,0.2617993877991417,-0.12217304763959944,-1.4481955394975408,140,140,150,140,150,160,160
25.371387720108032,-0.5286090087922182,5.992848145663427,0.2617993877991417,-0.12217304763959944,-1.4475031359614834,140,150,140,150,150,160,160
25.381765127182007,-0.5286090087922182,5.992848145663427,0.2617993877991417,-0.13962634015954223,-1.4475031359614834,140,150,140,150,150,160,160
25.399346828460693,-0.5296844146959877,5.984241860332129,0.2617993877991417,-0.157079632679485,-1.4439932210351594,140,150,140,150,150,160,160
25.409592866897583,-0.5296844146959877,5.984241860332129,0.2617993877991417,-0.157079632679485,-1.4439932210351594,140,150,140,150,150,160,160
25.419809818267822,-0.5296844146959877,5.984241860332129,0.2617993877991417,-0.157079632679485,-1.4439932210351594,140,140,150,160,150,160,160
25.430012702941895,-0.530804562076124,5.97563524780913,0.2617993877991417,-0.17453292519942779,-1.4386400105240171,140,140,150,160,150,160,160
25.440200805664062,-0.530804562076124,5.97563524780913,0.2617993877991417,-0.19198621771937055,-1.4386400105240171,140,140,150,160,150,160,160
25.453851461410522,-0.530804562076124,5.97563524780913,0.2617993877991417,-0.19198621771937055,-1.4386400105240171,140,140,150,160,150,160,160
25.464133262634277,-0.5320107109779685,5.966761882521626,0.2617993877991417,-0.20943951023931331,-1.4325167580921057,140,140,150,160,150,160,160
25.474322080612183,-0.5320107109779685,5.966761882521626,0.2617993877991417,-0.2268928027592561,-1.4325167580921057,140,140,140,150,150,160,160
25.48453378677368,-0.5320107109779685,5.966761882521626,0.2617993877991417,-0.2268928027592561,-1.4325167580921057,140,140,140,150,150,160,160
25.502000093460083,-0.5320107109779685,5.966761882521626,0.2617993877991417,-0.2617993877991417,-1.4325167580921057,140,140,140,150,150,160,160
25.512309312820435,-0.5332343791378803,5.958157131568171,0.2617993877991417,-0.2617993877991417,-1.425569314042916,140,140,140,150,150,160,160
25.52283263206482,-0.5332343791378803,5.958157131568171,0.2617993877991417,-0.27925268031908446,-1.425569314042916,140,140,140,150,150,160,160
25.53304624557495,-0.5345147467721518,5.949605704220364,0.2617993877991417,-0.27925268031908446,-1.4178987372212863,140,140,140,140,150,160,160
25.54322838783264,-0.5345147467721518,5.949605704220364,0.2617993877991417,-0.2967059728390272,-1.4178987372212863,140,140,140,140,150,160,160
25.558858156204224,-0.5345147467721518,5.949605704220364,0.2617993877991417,-0.2967059728390272,-1.4178987372212863,140,140,140,140,150,160,160
25.56906032562256,-0.5359117950757213,5.94079415277195,0.2617993877991417,-0.31415926535897,-1.408828934659091,140,140,140,140,150,160,160
25.57938838005066,-0.5359117950757213,5.94079415277195,0.2617993877991417,-0.31415926535897,-1.408828934659091,140,140,140,140,150,160,160
25.58974313735962,-0.5359117950757213,5.94079415277195,0.2617993877991417,-0.33161255787891275,-1.408828934659091,140,140,140,140,150,160,180
25.60361647605896,-0.5359117950757213,5.94079415277195,0.2617993877991417,-0.33161255787891275,-1.408828934659091,140,140,140,140,150,160,180
25.613810777664185,-0.537353971492216,5.932208899424496,0.2617993877991417,-0.34906585039885557,-1.3992514906518916,140,140,140,140,150,160,180
25.624009609222412,-0.537353971492216,5.932208899424496,0.2617993877991417,-0.34906585039885557,-1.3992514906518916,140,140,140,140,150,160,180
25.63420009613037,-0.537353971492216,5.932208899424496,0.2617993877991417,-0.34906585039885557,-1.3992514906518916,140,140,140,140,150,160,180
25.64438033103943,-0.537353971492216,5.932208899424496,0.2617993877991417,-0.34906585039885557,-1.3992514906518916,140,140,140,140,150,160,180
25.654548406600952,-0.537353971492216,5.932208899424496,0.2617993877991417,-0.34906585039885557,-1.3992514906518916,140,140,140,140,150,160,180
25.675688982009888,-0.5405689835463385,5.914772902812217,0.2617993877991417,-0.34906585039885557,-1.376932915085222,140,140,140,140,150,160,180
25.685949087142944,-0.5405689835463385,5.914772902812217,0.2617993877991417,-0.34906585039885557,-1.376932915085222,140,140,140,140,150,160,180
25.69616675376892,-0.5405689835463385,5.914772902812217,0.2617993877991417,-0.36651914291879834,-1.376932915085222,140,140,140,140,150,160,180
25.706432104110718,-0.5423027767721803,5.906191074419116,0.2617993877991417,-0.36651914291879834,-1.365566178582334,140,140,140,140,150,160,190
25.718789100646973,-0.5423027767721803,5.906191074419116,0.2617993877991417,-0.36651914291879834,-1.365566178582334,140,140,140,140,150,160,190
25.729013204574585,-0.5423027767721803,5.906191074419116,0.2617993877991417,-0.36651914291879834,-1.365566178582334,140,140,140,140,150,160,190
25.739240407943726,-0.5441393352659352,5.8976162876661995,0.2617993877991417,-0.36651914291879834,-1.3536063974436976,140,140,140,140,160,160,200
25.749454736709595,-0.5441393352659352,5.8976162876661995,0.2617993877991417,-0.36651914291879834,-1.3536063974436976,140,140,140,140,160,160,200
25.7602801322937,-0.5441393352659352,5.8976162876661995,0.2617993877991417,-0.36651914291879834,-1.3536063974436976,140,140,140,140,160,160,200
25.77048969268799,-0.546141322509119,5.888800969316397,0.2617993877991417,-0.36651914291879834,-1.3411877268207344,140,140,140,140,160,160,200
25.78075671195984,-0.546141322509119,5.888800969316397,0.2617993877991417,-0.36651914291879834,-1.3411877268207344,140,140,140,140,160,160,200
25.791028261184692,-0.546141322509119,5.888800969316397,0.2617993877991417,-0.36651914291879834,-1.3411877268207344,140,140,140,140,160,160,200
25.808271646499634,-0.5481864029555946,5.880268177184375,0.2617993877991417,-0.36651914291879834,-1.329087219719261,140,140,140,140,160,160,200
25.81849455833435,-0.5481864029555946,5.880268177184375,0.2617993877991417,-0.36651914291879834,-1.329087219719261,140,140,140,140,160,160,200
25.828691720962524,-0.5481864029555946,5.880268177184375,0.2617993877991417,-0.36651914291879834,-1.329087219719261,140,140,140,140,160,180,210
25.838923931121826,-0.5503300786676275,5.871783187081753,0.2617993877991417,-0.36651914291879834,-1.3168609841712007,140,140,140,140,160,180,210
25.85029363632202,-0.5503300786676275,5.871783187081753,0.2617993877991417,-0.36651914291879834,-1.3168609841712007,140,140,140,140,160,180,210
25.860490798950195,-0.5503300786676275,5.871783187081753,0.2617993877991417,-0.36651914291879834,-1.3168609841712007,140,140,140,140,160,180,210
25.870699405670166,-0.5526315417616942,5.863107756549386,0.2617993877991417,-0.36651914291879834,-1.3043418913796117,140,140,140,140,160,180,210
25.880934715270996,-0.5526315417616942,5.863107756549386,0.2617993877991417,-0.36651914291879834,-1.3043418913796117,130,140,140,140,160,180,200
25.899773836135864,-0.5526315417616942,5.863107756549386,0.2617993877991417,-0.36651914291879834,-1.3043418913796117,130,140,140,140,160,180,200
25.910221338272095,-0.5549718198109145,5.854723903358003,0.2617993877991417,-0.36651914291879834,-1.2923306061843343,130,140,140,140,160,180,200
25.92063856124878,-0.5549718198109145,5.854723903358003,0.2617993877991417,-0.36651914291879834,-1.2923306061843343,130,140,140,140,160,180,200
25.930891275405884,-0.5549718198109145,5.854723903358003,0.2617993877991417,-0.36651914291879834,-1.2923306061843343,140,140,140,140,160,190,210
25.946897983551025,-0.5574139381497435,5.8463646433554235,0.2617993877991417,-0.36651914291879834,-1.2803033377803912,140,140,140,140,160,190,210
25.95712661743164,-0.5574139381497435,5.8463646433554235,0.2617993877991417,-0.36651914291879834,-1.2803033377803912,140,140,140,140,160,190,210
25.96736478805542,-0.5600373743046781,5.837774809556496,0.2617993877991417,-0.36651914291879834,-1.2678883408212762,140,140,140,140,160,190,210
25.97757363319397,-0.5600373743046781,5.837774809556496,0.2617993877991417,-0.36651914291879834,-1.2678883408212762,130,130,140,150,170,190,210
25.987812519073486,-0.5600373743046781,5.837774809556496,0.2617993877991417,-0.36651914291879834,-1.2678883408212762,130,130,140,150,170,190,210
25.99828004837036,-0.5626888735569507,5.8294586693417285,0.2617993877991417,-0.36651914291879834,-1.2558158709997014,130,130,140,150,170,190,210
26.008492469787598,-0.5626888735569507,5.8294586693417285,0.2617993877991417,-0.36651914291879834,-1.2558158709997014,130,130,140,150,170,190,210
26.01869511604309,-0.5626888735569507,5.8294586693417285,0.2617993877991417,-0.36651914291879834,-1.2558158709997014,130,140,140,150,170,200,210
26.02889609336853,-0.5626888735569507,5.8294586693417285,0.2617993877991417,-0.36651914291879834,-1.2558158709997014,130,140,140,150,170,200,210
26.039077520370483,-0.56544451036214,5.821163888458148,0.2617993877991417,-0.36651914291879834,-1.2437206620493466,130,140,140,150,170,200,210
26.051562547683716,-0.56544451036214,5.821163888458148,0.2617993877991417,-0.36651914291879834,-1.2437206620493466,130,140,140,150,170,200,210
26.061779499053955,-0.56544451036214,5.821163888458148,0.2617993877991417,-0.36651914291879834,-1.2437206620493466,130,140,140,150,170,200,210
26.07198166847229,-0.5683927960037352,5.812641482004679,0.2617993877991417,-0.36651914291879834,-1.231238125437333,130,130,140,150,180,200,210
26.082157135009766,-0.5683927960037352,5.812641482004679,0.2617993877991417,-0.36651914291879834,-1.231238125437333,130,130,140,150,180,200,210
26.092355489730835,-0.5683927960037352,5.812641482004679,0.2617993877991417,-0.36651914291879834,-1.231238125437333,130,130,140,150,180,200,210
26.102900505065918,-0.5713601361342121,5.804395234777271,0.2617993877991417,-0.36651914291879834,-1.2191058196816487,130,130,140,150,180,200,210
26.11312437057495,-0.5713601361342121,5.804395234777271,0.2617993877991417,-0.36651914291879834,-1.2191058196816487,130,130,140,150,180,200,210
26.123342514038086,-0.5713601361342121,5.804395234777271,0.2617993877991417,-0.36651914291879834,-1.2191058196816487,130,130,140,150,190,210,210
26.133577823638916,-0.5713601361342121,5.804395234777271,0.2617993877991417,-0.36651914291879834,-1.2191058196816487,130,130,140,150,190,210,210
26.143842220306396,-0.5744299462474692,5.796179506155983,0.2617993877991417,-0.36651914291879834,-1.2069858573574672,130,130,140,150,190,210,210
26.154719591140747,-0.5744299462474692,5.796179506155983,0.2617993877991417,-0.36651914291879834,-1.2069858573574672,130,130,140,150,190,210,210
26.1649272441864,-0.5776936824120381,5.787759669633541,0.2617993877991417,-0.36651914291879834,-1.194597004087148,130,130,140,150,190,210,210
26.175138473510742,-0.5776936824120381,5.787759669633541,0.2617993877991417,-0.36651914291879834,-1.194597004087148,130,130,140,160,190,210,210
26.185349225997925,-0.5776936824120381,5.787759669633541,0.2617993877991417,-0.36651914291879834,-1.194597004087148,130,130,140,160,190,210,210
26.198718547821045,-0.5776936824120381,5.787759669633541,0.2617993877991417,-0.36651914291879834,-1.194597004087148,130,130,140,160,190,210,210
26.2089524269104,-0.5809467457876962,5.779655456705813,0.2617993877991417,-0.36651914291879834,-1.182803521579402,130,130,140,160,190,210,210
26.219175338745117,-0.5809467457876962,5.779655456705813,0.2617993877991417,-0.36651914291879834,-1.182803521579402,130,140,140,170,200,210,210
26.229370832443237,-0.5809467457876962,5.779655456705813,0.2617993877991417,-0.36651914291879834,-1.182803521579402,130,140,140,170,200,210,210
26.239587783813477,-0.5842948975801904,5.7715944036093685,0.2617993877991417,-0.36651914291879834,-1.1710324524085973,130,140,140,170,200,210,210
26.249785661697388,-0.5842948975801904,5.7715944036093685,0.2617993877991417,-0.36651914291879834,-1.1710324524085973,130,140,140,170,200,210,210
26.259960651397705,-0.5842948975801904,5.7715944036093685,0.2617993877991417,-0.36651914291879834,-1.1710324524085973,130,140,140,170,200,210,210
26.27017307281494,-0.5878454821373174,5.763326700306028,0.2617993877991417,-0.36651914291879834,-1.1588063918921698,130,140,150,160,200,210,210
26.28036069869995,-0.5878454821373174,5.763326700306028,0.2617993877991417,-0.36651914291879834,-1.1588063918921698,130,140,150,160,200,210,210
26.29056429862976,-0.5878454821373174,5.763326700306028,0.2617993877991417,-0.34906585039885557,-1.1588063918921698,130,140,150,160,200,210,210
26.300801753997803,-0.5913789180051064,5.75535479656618,0.2617993877991417,-0.24434609527919887,-1.146744091373463,130,140,150,160,200,210,210
26.310999631881714,-0.5913789180051064,5.75535479656618,0.2617993877991417,-0.24434609527919887,-1.146744091373463,130,140,150,160,200,210,210
26.321181297302246,-0.5913789180051064,5.75535479656618,0.2617993877991417,-0.12217304763959944,-1.146744091373463,130,140,140,190,190,200,210
26.33139729499817,-0.5913789180051064,5.75535479656618,0.2617993877991417,-0.10471975511965666,-1.146744091373463,130,140,140,190,190,200,210
26.34163188934326,-0.5949828187878036,5.747492151451697,0.2617993877991417,-0.10471975511965666,-1.1346527627712528,130,140,140,190,190,200,210
26.351887941360474,-0.5949828187878036,5.747492151451697,0.2617993877991417,-0.10471975511965666,-1.1346527627712528,130,140,140,190,190,200,210
26.362085580825806,-0.5949828187878036,5.747492151451697,0.2617993877991417,-0.08726646259971389,-1.1346527627712528,130,140,140,190,190,200,210
26.372276544570923,-0.5986784807208371,5.739650003938355,0.2617993877991417,-0.08726646259971389,-1.1262306976767833,130,140,150,190,210,210,210
26.382458925247192,-0.5986784807208371,5.739650003938355,0.2617993877991417,-0.08726646259971389,-1.1262306976767833,130,140,150,190,210,210,210
26.392658233642578,-0.5986784807208371,5.739650003938355,0.2617993877991417,-0.08726646259971389,-1.1262306976767833,130,140,150,190,210,210,210
26.403725147247314,-0.6023303926491876,5.732025376550109,0.2617993877991417,-0.06981317007977111,-1.1220220234619545,130,140,150,190,210,210,210
26.413944244384766,-0.6023303926491876,5.732025376550109,0.2617993877991417,-0.06981317007977111,-1.1220220234619545,130,140,150,190,210,210,210
26.424150705337524,-0.6023303926491876,5.732025376550109,0.2617993877991417,-0.06981317007977111,-1.1220220234619545,140,140,150,200,210,210,210
26.434356451034546,-0.6060946188178818,5.724234434340496,0.2617993877991417,-0.06981317007977111,-1.1195018794082259,140,140,150,200,210,210,210
26.453510284423828,-0.6060946188178818,5.724234434340496,0.2617993877991417,-0.06981317007977111,-1.1195018794082259,140,140,150,200,210,210,210
26.4637131690979,-0.609997889132811,5.71620461419387,0.2617993877991417,-0.06981317007977111,-1.1169682782738177,140,140,150,200,210,210,210
26.473897695541382,-0.609997889132811,5.71620461419387,0.2617993877991417,-0.06981317007977111,-1.1169682782738177,130,140,170,200,210,210,210
26.48411726951599,-0.609997889132811,5.71620461419387,0.2617993877991417,-0.06981317007977111,-1.1169682782738177,130,140,170,200,210,210,210
26.50020718574524,-0.6138068866357935,5.708417832626067,0.2617993877991417,-0.06981317007977111,-1.114562091268125,130,140,170,200,210,210,210
26.510475397109985,-0.6138068866357935,5.708417832626067,0.2617993877991417,-0.06981317007977111,-1.114562091268125,130,140,170,200,210,210,210
26.520753145217896,-0.6138068866357935,5.708417832626067,0.2617993877991417,-0.06981317007977111,-1.114562091268125,130,140,170,200,210,210,210
26.53103256225586,-0.6138068866357935,5.708417832626067,0.2617993877991417,-0.06981317007977111,-1.114562091268125,120,140,160,200,210,210,210
26.546438455581665,-0.6176266601221201,5.700645051588701,0.2617993877991417,-0.06981317007977111,-1.1122714358174952,120,140,160,200,210,210,210
26.556681394577026,-0.6176266601221201,5.700645051588701,0.2617993877991417,-0.06981317007977111,-1.1122714358174952,120,140,160,200,210,210,210
26.5669002532959,-0.6215712781835696,5.692672108234984,0.2617993877991417,-0.06981317007977111,-1.1101443390123162,120,140,160,200,210,210,210
26.577506065368652,-0.6215712781835696,5.692672108234984,0.2617993877991417,-0.06981317007977111,-1.1101443390123162,120,140,160,200,210,210,210
26.587887287139893,-0.6215712781835696,5.692672108234984,0.2617993877991417,-0.06981317007977111,-1.1101443390123162,120,140,160,200,210,210,210
26.598113536834717,-0.6254223688643369,5.684930340738418,0.2617993877991417,-0.06981317007977111,-1.108051557093822,120,140,160,200,210,210,210
26.608320713043213,-0.6254223688643369,5.684930340738418,0.2617993877991417,-0.06981317007977111,-1.108051557093822,120,140,160,200,210,210,210
26.618563890457153,-0.6254223688643369,5.684930340738418,0.2617993877991417,-0.06981317007977111,-1.108051557093822,120,140,160,200,210,210,210
26.628780841827393,-0.6254223688643369,5.684930340738418,0.2617993877991417,-0.06981317007977111,-1.108051557093822,120,140,160,190,210,210,210
26.63899517059326,-0.629292440382497,5.6771935864296035,0.2617993877991417,-0.06981317007977111,-1.1059997803811872,120,140,160,190,210,210,210
26.64922285079956,-0.629292440382497,5.6771935864296035,0.2617993877991417,-0.06981317007977111,-1.1059997803811872,120,140,160,190,210,210,210
26.65939426422119,-0.629292440382497,5.6771935864296035,0.2617993877991417,-0.08726646259971389,-1.1059997803811872,120,140,160,190,210,210,210
26.669592142105103,-0.6332985266644919,5.6692259325719165,0.2617993877991417,-0.10471975511965666,-1.1038394422836388,130,140,170,190,210,210,210
26.67984890937805,-0.6332985266644919,5.6692259325719165,0.2617993877991417,-0.10471975511965666,-1.1038394422836388,130,140,170,190,210,210,210
26.690052270889282,-0.6332985266644919,5.6692259325719165,0.2617993877991417,-0.20943951023931331,-1.1038394422836388,130,140,170,190,210,210,210
26.700263023376465,-0.6372062286283132,5.661500574170993,0.2617993877991417,-0.2268928027592561,-1.101058765010173,130,140,170,190,210,210,210
26.71048378944397,-0.6372062286283132,5.661500574170993,0.2617993877991417,-0.2268928027592561,-1.101058765010173,130,140,170,190,210,210,210
26.720667839050293,-0.6372062286283132,5.661500574170993,0.2617993877991417,-0.2617993877991417,-1.101058765010173,120,140,170,190,190,210,210
26.730933904647827,-0.6372062286283132,5.661500574170993,0.2617993877991417,-0.2617993877991417,-1.101058765010173,120,140,170,190,190,210,210
26.748636484146118,-0.6412033882108192,5.653662825157113,0.2617993877991417,-0.31415926535897,-1.0957638121662232,120,140,170,190,190,210,210
26.758864879608154,-0.6412033882108192,5.653662825157113,0.2617993877991417,-0.31415926535897,-1.0957638121662232,120,140,170,190,190,210,210
26.769270181655884,-0.6453900903617155,5.645594834465857,0.2617993877991417,-0.33161255787891275,-1.0872296165588407,120,140,170,190,190,210,210
26.77958869934082,-0.6453900903617155,5.645594834465857,0.2617993877991417,-0.34906585039885557,-1.0872296165588407,120,140,190,190,200,210,210
26.789814233779907,-0.6453900903617155,5.645594834465857,0.2617993877991417,-0.34906585039885557,-1.0872296165588407,120,140,190,190,200,210,210
26.800036430358887,-0.6494813866857051,5.63789542137426,0.2617993877991417,-0.43633231299856945,-1.0767521459931766,120,140,190,190,200,210,210
26.810253381729126,-0.6494813866857051,5.63789542137426,0.2617993877991417,-0.43633231299856945,-1.0767521459931766,120,140,190,190,200,210,210
26.82046937942505,-0.6494813866857051,5.63789542137426,0.2617993877991417,-0.43633231299856945,-1.0767521459931766,120,140,190,200,210,210,210
26.830981016159058,-0.6494813866857051,5.63789542137426,0.2617993877991417,-0.43633231299856945,-1.0767521459931766,120,140,190,200,210,210,210
26.847505569458008,-0.6536692489152932,5.630217338462115,0.2617993877991417,-0.43633231299856945,-1.0657816051733535,120,140,190,200,210,210,210
26.857710599899292,-0.6536692489152932,5.630217338462115,0.2617993877991417,-0.43633231299856945,-1.0657816051733535,120,140,190,200,210,210,210
26.867920398712158,-0.6580659549526172,5.622381632020699,0.2617993877991417,-0.43633231299856945,-1.051850069859932,120,140,190,200,210,210,210
26.878135204315186,-0.6580659549526172,5.622381632020699,0.2617993877991417,-0.43633231299856945,-1.051850069859932,130,140,190,190,210,210,210
26.89699912071228,-0.6580659549526172,5.622381632020699,0.2617993877991417,-0.43633231299856945,-1.051850069859932,130,140,190,190,210,210,210
26.90738606452942,-0.6624537998004282,5.614811836144517,0.2617993877991417,-0.43633231299856945,-1.037484016574721,130,140,190,190,210,210,210
26.9175968170166,-0.6624537998004282,5.614811836144517,0.2617993877991417,-0.43633231299856945,-1.037484016574721,130,140,190,210,210,210,210
26.92781376838684,-0.6624537998004282,5.614811836144517,0.2617993877991417,-0.43633231299856945,-1.037484016574721,130,140,190,210,210,210,210
26.938019514083862,-0.6669342254198838,5.607337378815595,0.2617993877991417,-0.43633231299856945,-1.0233692663850364,130,140,190,210,210,210,210
26.948519706726074,-0.6669342254198838,5.607337378815595,0.2617993877991417,-0.43633231299856945,-1.0233692663850364,130,140,190,210,210,210,210
26.958724975585938,-0.6669342254198838,5.607337378815595,0.2617993877991417,-0.43633231299856945,-1.0233692663850364,130,140,190,210,210,210,210
26.968915224075317,-0.6716755477647562,5.599680724476022,0.2617993877991417,-0.43633231299856945,-1.0087034620146131,130,140,190,210,210,210,210
26.97928524017334,-0.6716755477647562,5.599680724476022,0.2617993877991417,-0.43633231299856945,-1.0087034620146131,130,190,210,210,210,210,210
26.998329162597656,-0.6716755477647562,5.599680724476022,0.2617993877991417,-0.43633231299856945,-1.0087034620146131,130,190,210,210,210,210,210
27.008650064468384,-0.676388216392453,5.592310314360708,0.2617993877991417,-0.43633231299856945,-0.9944711207562866,130,190,210,210,210,210,210
27.018868923187256,-0.676388216392453,5.592310314360708,0.2617993877991417,-0.43633231299856945,-0.9944711207562866,140,190,190,210,210,210,210
27.029244422912598,-0.676388216392453,5.592310314360708,0.2617993877991417,-0.43633231299856945,-0.9944711207562866,140,190,190,210,210,210,210
27.048948049545288,-0.6812121338811676,5.584997381312279,0.2617993877991417,-0.43633231299856945,-0.9802171057153155,140,190,190,210,210,210,210
27.059179544448853,-0.6812121338811676,5.584997381312279,0.2617993877991417,-0.43633231299856945,-0.9802171057153155,140,190,190,210,210,210,210
27.069380044937134,-0.6862983531621438,5.577525072153338,0.2617993877991417,-0.43633231299856945,-0.9654993171407523,130,190,210,210,210,210,210
27.079595804214478,-0.6862983531621438,5.577525072153338,0.2617993877991417,-0.43633231299856945,-0.9654993171407523,130,190,210,210,210,210,210
27.09691047668457,-0.6862983531621438,5.577525072153338,0.2617993877991417,-0.43633231299856945,-0.9654993171407523,130,190,210,210,210,210,210
27.107226133346558,-0.6913468951990297,5.570335379948691,0.2617993877991417,-0.43633231299856945,-0.9511799009756223,130,190,210,210,210,210,210
27.11741352081299,-0.6913468951990297,5.570335379948691,0.2617993877991417,-0.43633231299856945,-0.9511799009756223,140,200,210,210,210,210,210
27.127604484558105,-0.6913468951990297,5.570335379948691,0.2617993877991417,-0.43633231299856945,-0.9511799009756223,140,200,210,210,210,210,210
27.13790535926819,-0.69650421997505,5.563211048515038,0.2617993877991417,-0.43633231299856945,-0.9368249543567675,140,200,210,210,210,210,210
27.148826599121094,-0.69650421997505,5.563211048515038,0.2617993877991417,-0.43633231299856945,-0.9368249543567675,140,200,210,210,210,210,210
27.15901780128479,-0.69650421997505,5.563211048515038,0.2617993877991417,-0.43633231299856945,-0.9368249543567675,140,200,210,210,210,210,210
27.169206857681274,-0.7019261634948654,5.55594758611597,0.2617993877991417,-0.43633231299856945,-0.9220044128896574,140,200,210,210,210,210,210
27.179404973983765,-0.7019261634948654,5.55594758611597,0.2617993877991417,-0.43633231299856945,-0.9220044128896574,190,210,210,210,210,210,210
27.189600944519043,-0.7019261634948654,5.55594758611597,0.2617993877991417,-0.43633231299856945,-0.9220044128896574,190,210,210,210,210,210,210
27.201866388320923,-0.7019261634948654,5.55594758611597,0.2617993877991417,-0.43633231299856945,-0.9220044128896574,190,210,210,210,210,210,210
27.21219778060913,-0.7072842560374133,5.548988574399714,0.2617993877991417,-0.43633231299856945,-0.9076436538442388,190,210,210,210,210,210,210
27.22241234779358,-0.7072842560374133,5.548988574399714,0.2617993877991417,-0.43633231299856945,-0.9076436538442388,190,210,210,210,210,210,210
27.232605695724487,-0.7072842560374133,5.548988574399714,0.2617993877991417,-0.43633231299856945,-0.9076436538442388,200,210,210,210,210,210,210
27.24987483024597,-0.7126886006654979,5.542119069390314,0.2617993877991417,-0.43633231299856945,-0.8933793526604912,200,210,210,210,210,210,210
27.260072469711304,-0.7126886006654979,5.542119069390314,0.2617993877991417,-0.41887902047862663,-0.8933793526604912,200,210,210,210,210,210,210
27.270304441452026,-0.7183550724274257,5.535163511740667,0.2617993877991417,-0.41887902047862663,-0.8784691915849271,200,210,210,210,210,210,210
27.280608415603638,-0.7183550724274257,5.535163511740667,0.2617993877991417,-0.31415926535897,-0.8784691915849271,210,210,210,210,210,210,200
27.296985149383545,-0.7183550724274257,5.535163511740667,0.2617993877991417,-0.2967059728390272,-0.8784691915849271,210,210,210,210,210,210,200
27.30730366706848,-0.7239641424801968,5.528490361122326,0.2617993877991417,-0.2617993877991417,-0.8646102593698247,210,210,210,210,210,210,200
27.317494869232178,-0.7239641424801968,5.528490361122326,0.2617993877991417,-0.2617993877991417,-0.8646102593698247,210,210,210,210,210,210,190
27.32767629623413,-0.7239641424801968,5.528490361122326,0.2617993877991417,-0.2268928027592561,-0.8646102593698247,210,210,210,210,210,210,190
27.337854385375977,-0.7239641424801968,5.528490361122326,0.2617993877991417,-0.2268928027592561,-0.8646102593698247,210,210,210,210,210,210,190
27.348020553588867,-0.7239641424801968,5.528490361122326,0.2617993877991417,-0.2268928027592561,-0.8646102593698247,210,210,210,210,210,210,190
27.358173370361328,-0.7239641424801968,5.528490361122326,0.2617993877991417,-0.2268928027592561,-0.8646102593698247,210,210,210,210,210,210,190
27.368353605270386,-0.7355610384006,5.515177973377817,0.2617993877991417,-0.19198621771937055,-0.8454515182157494,210,210,210,210,210,210,190
27.38068985939026,-0.7355610384006,5.515177973377817,0.2617993877991417,-0.17453292519942779,-0.8454515182157494,210,210,210,210,210,210,190
27.390945196151733,-0.7355610384006,5.515177973377817,0.2617993877991417,-0.17453292519942779,-0.8454515182157494,210,210,210,210,210,210,190
27.40117335319519,-0.7413432386181485,5.508696021364252,0.2617993877991417,-0.17453292519942779,-0.83900585117288,210,210,210,210,210,210,190
27.41142988204956,-0.7413432386181485,5.508696021364252,0.2617993877991417,-0.17453292519942779,-0.83900585117288,210,210,210,210,210,210,180
27.42638397216797,-0.7413432386181485,5.508696021364252,0.2617993877991417,-0.17453292519942779,-0.83900585117288,210,210,210,210,210,210,180
27.436620712280273,-0.7471680633357574,5.502246654219013,0.2617993877991417,-0.157079632679485,-0.8331583707876371,210,210,210,210,210,210,180
27.446831941604614,-0.7471680633357574,5.502246654219013,0.2617993877991417,-0.157079632679485,-0.8331583707876371,210,210,210,210,210,210,180
27.45753526687622,-0.7471680633357574,5.502246654219013,0.2617993877991417,-0.157079632679485,-0.8331583707876371,210,210,210,210,210,210,180
27.47401213645935,-0.7532115179694246,5.4956312428992655,0.2617993877991417,-0.157079632679485,-0.8277225414657736,210,210,210,210,210,210,180
27.484289169311523,-0.7532115179694246,5.4956312428992655,0.2617993877991417,-0.157079632679485,-0.8277225414657736,210,210,210,210,210,210,180
27.49452805519104,-0.7532115179694246,5.4956312428992655,0.2617993877991417,-0.157079632679485,-0.8277225414657736,210,210,210,210,210,210,180
27.504765033721924,-0.7591172971562773,5.489235773395902,0.2617993877991417,-0.157079632679485,-0.8224743056914824,210,210,210,210,210,210,180
27.516138315200806,-0.7591172971562773,5.489235773395902,0.2617993877991417,-0.157079632679485,-0.8224743056914824,210,210,210,210,210,210,180
27.526349544525146,-0.7591172971562773,5.489235773395902,0.2617993877991417,-0.157079632679485,-0.8224743056914824,210,210,210,210,210,210,180
27.536980628967285,-0.7650567068842408,5.482872045164301,0.2617993877991417,-0.157079632679485,-0.8172988881593025,210,210,210,210,210,210,190
27.556058406829834,-0.7650567068842408,5.482872045164301,0.2617993877991417,-0.157079632679485,-0.8172988881593025,210,210,210,210,210,210,190
27.566312789916992,-0.7711924948254771,5.476359344474682,0.2617993877991417,-0.13962634015954223,-0.8121584868070613,210,210,210,210,210,210,190
27.576506853103638,-0.7711924948254771,5.476359344474682,0.2617993877991417,-0.13962634015954223,-0.8121584868070613,210,210,210,210,210,210,190
27.586729764938354,-0.7711924948254771,5.476359344474682,0.2617993877991417,-0.12217304763959944,-0.8121584868070613,210,210,210,210,210,210,180
27.59696888923645,-0.7711924948254771,5.476359344474682,0.2617993877991417,-0.10471975511965666,-0.8121584868070613,210,210,210,210,210,210,180
27.60828733444214,-0.777163482836523,5.470085869250684,0.2617993877991417,-0.10471975511965666,-0.8078612065985521,210,210,210,210,210,210,180
27.618467569351196,-0.777163482836523,5.470085869250684,0.2617993877991417,-0.08726646259971389,-0.8078612065985521,210,210,210,210,210,210,180
27.62863540649414,-0.777163482836523,5.470085869250684,0.2617993877991417,-0.08726646259971389,-0.8078612065985521,210,210,210,210,210,210,180
27.63885498046875,-0.7831569635850624,5.463838972685676,0.2617993877991417,-0.08726646259971389,-0.804601496132634,210,210,210,210,210,210,180
27.653098821640015,-0.7831569635850624,5.463838972685676,0.2617993877991417,-0.06981317007977111,-0.804601496132634,210,210,210,210,210,210,180
27.663301467895508,-0.7831569635850624,5.463838972685676,0.2617993877991417,-0.06981317007977111,-0.804601496132634,210,210,210,210,210,210,180
27.673566102981567,-0.7893404866989007,5.457433680784353,0.2617993877991417,-0.05235987755982833,-0.8017474751542824,210,210,210,210,210,210,180
27.683773040771484,-0.7893404866989007,5.457433680784353,0.2617993877991417,-0.05235987755982833,-0.8017474751542824,210,210,210,210,210,190,180
27.698103189468384,-0.7893404866989007,5.457433680784353,0.2617993877991417,-0.05235987755982833,-0.8017474751542824,210,210,210,210,210,190,180
27.708471536636353,-0.7953212413185397,5.451265715069893,0.2617993877991417,-0.05235987755982833,-0.7991022280163838,210,210,210,210,210,190,180
27.718695878982544,-0.7953212413185397,5.451265715069893,0.2617993877991417,-0.05235987755982833,-0.7991022280163838,210,210,210,210,210,190,180
27.7292902469635,-0.7953212413185397,5.451265715069893,0.2617993877991417,0.0,-0.7991022280163838,210,210,210,210,210,190,180
27.739474534988403,-0.8013292543175359,5.445099941006594,0.2617993877991417,0.0,-0.7971316058358965,210,210,210,210,210,190,180
27.74970006942749,-0.8013292543175359,5.445099941006594,0.2617993877991417,0.0,-0.7971316058358965,210,210,210,210,210,190,180
27.759875535964966,-0.8013292543175359,5.445099941006594,0.2617993877991417,0.0,-0.7971316058358965,210,210,210,210,210,190,180
27.7701256275177,-0.8075323592329448,5.438750995424429,0.2617993877991417,0.0,-0.7968151258174995,210,210,210,210,210,190,180
27.780328512191772,-0.8075323592329448,5.438750995424429,0.2617993877991417,0.0,-0.7968151258174995,210,210,210,210,210,190,180
27.798811674118042,-0.8075323592329448,5.438750995424429,0.2617993877991417,0.0,-0.7968151258174995,210,210,210,210,210,190,180
27.80914568901062,-0.8135668783970577,5.432576742416378,0.2617993877991417,0.0,-0.7966796059863802,210,210,210,210,210,190,180
27.819347381591797,-0.8135668783970577,5.432576742416378,0.2617993877991417,0.0,-0.7966796059863802,210,210,210,210,210,180,180
27.82956862449646,-0.8135668783970577,5.432576742416378,0.2617993877991417,0.0,-0.7966796059863802,210,210,210,210,210,180,180
27.839805841445923,-0.8196097842281488,5.426395390596376,0.2617993877991417,0.0,-0.7965578980197641,210,210,210,210,210,180,180
27.85005235671997,-0.8196097842281488,5.426395390596376,0.2617993877991417,0.0,-0.7965578980197641,210,210,210,210,210,180,180
27.860223054885864,-0.8196097842281488,5.426395390596376,0.2617993877991417,0.0,-0.7965578980197641,210,210,210,210,210,180,180
27.870399713516235,-0.8258435670374076,5.420021160535439,0.2617993877991417,0.0,-0.7964383143949149,210,210,210,210,210,180,180
27.88058090209961,-0.8258435670374076,5.420021160535439,0.2617993877991417,0.0,-0.7964383143949149,190,210,210,210,210,190,180
27.890783548355103,-0.8258435670374076,5.420021160535439,0.2617993877991417,0.0,-0.7964383143949149,190,210,210,210,210,190,180
27.902666568756104,-0.8318969916589634,5.413832373054214,0.2617993877991417,0.0,-0.7963605153838734,190,210,210,210,210,190,180
27.9128737449646,-0.8318969916589634,5.413832373054214,0.2617993877991417,0.0,-0.7963605153838734,190,210,210,210,210,190,180
27.923052072525024,-0.8318969916589634,5.413832373054214,0.2617993877991417,0.0,-0.7963605153838734,190,210,210,210,210,190,180
27.933220386505127,-0.8379476018396468,5.407648091288735,0.2617993877991417,0.0,-0.7963824497011254,190,210,210,210,210,190,180
27.94839096069336,-0.8379476018396468,5.407648091288735,0.2617993877991417,0.0,-0.7963824497011254,190,210,210,210,210,190,180
27.95858335494995,-0.8379476018396468,5.407648091288735,0.2617993877991417,0.0,-0.7963824497011254,190,210,210,210,210,190,180
27.968777418136597,-0.8441552977707295,5.401297155174234,0.2617993877991417,0.0,-0.7966831318397637,190,190,210,210,210,190,180
27.978972673416138,-0.8441552977707295,5.401297155174234,0.2617993877991417,0.0,-0.7966831318397637,190,190,210,210,210,190,180
27.989197731018066,-0.8441552977707295,5.401297155174234,0.2617993877991417,0.0,-0.7966831318397637,190,190,210,210,210,190,180
28.000797271728516,-0.8501871205725706,5.395123016528601,0.2617993877991417,0.0,-0.7969303211324242,190,190,210,210,210,190,180
28.0110182762146,-0.8501871205725706,5.395123016528601,0.2617993877991417,0.05235987755982833,-0.7969303211324242,190,190,210,210,210,190,180
28.02121090888977,-0.8501871205725706,5.395123016528601,0.2617993877991417,0.05235987755982833,-0.7969303211324242,190,190,210,210,210,190,180
28.03144598007202,-0.8501871205725706,5.395123016528601,0.2617993877991417,0.06981317007977111,-0.7969303211324242,200,190,210,210,210,190,180
28.046111345291138,-0.8562176679261624,5.388950453832853,0.2617993877991417,0.06981317007977111,-0.7971656491216275,200,190,210,210,210,190,180
28.056336641311646,-0.8562176679261624,5.388950453832853,0.2617993877991417,0.08726646259971389,-0.7971656491216275,200,190,210,210,210,190,180
28.06655716896057,-0.862374867582324,5.382632024227908,0.2617993877991417,0.10471975511965666,-0.7990399213291147,200,190,210,210,210,190,180
28.076757669448853,-0.862374867582324,5.382632024227908,0.2617993877991417,0.12217304763959944,-0.7990399213291147,190,210,210,210,210,190,180
28.0869882106781,-0.862374867582324,5.382632024227908,0.2617993877991417,0.12217304763959944,-0.7990399213291147,190,210,210,210,210,190,180
28.097840785980225,-0.8682866898190795,5.376536508535558,0.2617993877991417,0.12217304763959944,-0.8016512788421782,190,210,210,210,210,190,180
28.108086585998535,-0.8682866898190795,5.376536508535558,0.2617993877991417,0.13962634015954223,-0.8016512788421782,190,210,210,210,210,190,180
28.118305444717407,-0.8682866898190795,5.376536508535558,0.2617993877991417,0.13962634015954223,-0.8016512788421782,190,210,210,210,210,190,180
28.12852716445923,-0.8682866898190795,5.376536508535558,0.2617993877991417,0.13962634015954223,-0.8016512788421782,190,210,210,210,210,190,180
28.14729118347168,-0.8742105898977403,5.3703939500946545,0.2617993877991417,0.13962634015954223,-0.8051597227446439,190,210,210,210,210,190,180
28.15751814842224,-0.8742105898977403,5.3703939500946545,0.2617993877991417,0.13962634015954223,-0.8051597227446439,190,210,210,210,210,190,180
28.167712926864624,-0.8803265666857567,5.3640004946180095,0.2617993877991417,0.13962634015954223,-0.8097005058977291,190,210,210,210,210,190,180
28.177944898605347,-0.8803265666857567,5.3640004946180095,0.2617993877991417,0.13962634015954223,-0.8097005058977291,190,190,210,210,210,190,180
28.188177347183228,-0.8803265666857567,5.3640004946180095,0.2617993877991417,0.13962634015954223,-0.8097005058977291,190,190,210,210,210,190,180
28.200214862823486,-0.8862423126461682,5.357761790471985,0.2617993877991417,0.13962634015954223,-0.8141225009598908,190,190,210,210,210,190,180
28.210440635681152,-0.8862423126461682,5.357761790471985,0.2617993877991417,0.13962634015954223,-0.8141225009598908,190,190,210,210,210,190,180
28.220641374588013,-0.8862423126461682,5.357761790471985,0.2617993877991417,0.13962634015954223,-0.8141225009598908,190,190,210,210,210,190,180
28.231043577194214,-0.8862423126461682,5.357761790471985,0.2617993877991417,0.13962634015954223,-0.8141225009598908,190,210,210,210,210,190,180
28.247623682022095,-0.8921384268714705,5.351488850105107,0.2617993877991417,0.12217304763959944,-0.8185691514182953,190,210,210,210,210,190,180
28.257850170135498,-0.8921384268714705,5.351488850105107,0.2617993877991417,0.12217304763959944,-0.8185691514182953,190,210,210,210,210,190,180
28.268083333969116,-0.8981919448379879,5.344990367055981,0.2617993877991417,0.12217304763959944,-0.8231713679392456,190,210,210,210,210,190,180
28.278291940689087,-0.8981919448379879,5.344990367055981,0.2617993877991417,0.10471975511965666,-0.8231713679392456,190,210,210,210,210,190,180
28.29782485961914,-0.8981919448379879,5.344990367055981,0.2617993877991417,0.10471975511965666,-0.8231713679392456,190,210,210,210,210,190,180
28.308210134506226,-0.9040518446031242,5.338647929337299,0.2617993877991417,0.06981317007977111,-0.8271047880200686,190,210,210,210,210,190,180
28.318416595458984,-0.9040518446031242,5.338647929337299,0.2617993877991417,0.06981317007977111,-0.8271047880200686,190,210,210,210,210,190,180
28.328614950180054,-0.9098957736140351,5.332276765391727,0.2617993877991417,0.05235987755982833,-0.8300109278785898,190,210,210,210,210,190,180
28.33884859085083,-0.9098957736140351,5.332276765391727,0.2617993877991417,0.05235987755982833,-0.8300109278785898,190,210,210,210,210,190,180
28.349875688552856,-0.9098957736140351,5.332276765391727,0.2617993877991417,0.0,-0.8300109278785898,190,210,210,210,210,190,180
28.36004638671875,-0.9098957736140351,5.332276765391727,0.2617993877991417,0.0,-0.8300109278785898,190,210,210,210,210,190,180
28.370208740234375,-0.9158722503909708,5.3257251610398235,0.2617993877991417,0.0,-0.8322345963116055,190,210,210,210,210,190,180
28.380423069000244,-0.9158722503909708,5.3257251610398235,0.2617993877991417,0.0,-0.8322345963116055,190,190,190,210,190,190,180
28.400189638137817,-0.9158722503909708,5.3257251610398235,0.2617993877991417,0.0,-0.8322345963116055,190,190,190,210,190,190,180
28.410868883132935,-0.9216081419850286,5.319414438876326,0.2617993877991417,0.0,-0.8334501802417419,190,190,190,210,190,190,180
28.421061038970947,-0.9216081419850286,5.319414438876326,0.2617993877991417,0.0,-0.8334501802417419,190,190,190,210,190,190,180
28.43142342567444,-0.9273912710136982,5.313037329354268,0.2617993877991417,0.0,-0.8337531566074404,190,190,190,210,210,190,180
28.441630363464355,-0.9273912710136982,5.313037329354268,0.2617993877991417,0.0,-0.8337531566074404,190,190,190,210,210,190,180
28.455097436904907,-0.9273912710136982,5.313037329354268,0.2617993877991417,0.0,-0.8337531566074404,190,190,190,210,210,190,180
28.46530532836914,-0.9333468105730003,5.306470150049238,0.2617993877991417,0.0,-0.8337050842634476,190,190,190,210,210,190,180
28.475493907928467,-0.9333468105730003,5.306470150049238,0.2617993877991417,0.0,-0.8337050842634476,190,210,210,210,210,190,180
28.4857017993927,-0.9333468105730003,5.306470150049238,0.2617993877991417,0.0,-0.8337050842634476,190,210,210,210,210,190,180
28.500648260116577,-0.9333468105730003,5.306470150049238,0.2617993877991417,0.0,-0.8337050842634476,190,210,210,210,210,190,180
28.5109965801239,-0.939129406798992,5.300097310431283,0.2617993877991417,0.0,-0.8336078709931724,190,210,210,210,210,190,180
28.521214485168457,-0.939129406798992,5.300097310431283,0.2617993877991417,0.0,-0.8336078709931724,190,190,190,210,210,200,180
28.53142261505127,-0.939129406798992,5.300097310431283,0.2617993877991417,0.0,-0.8336078709931724,190,190,190,210,210,200,180
28.549769163131714,-0.9449193097752038,5.2937186257560995,0.2617993877991417,0.0,-0.833508287610847,190,190,190,210,210,200,180
28.56006956100464,-0.9449193097752038,5.2937186257560995,0.2617993877991417,0.0,-0.833508287610847,190,190,190,210,210,200,180
28.57026696205139,-0.9508924332651221,5.287140550331346,0.2617993877991417,0.0,-0.8334010156197716,190,190,190,210,210,200,180
28.580498218536377,-0.9508924332651221,5.287140550331346,0.2617993877991417,0.0,-0.8334010156197716,190,190,190,210,210,190,180
28.598785638809204,-0.9566983387738605,5.280747809996537,0.2617993877991417,0.0,-0.8333087019198537,190,190,190,210,210,190,180
28.609069347381592,-0.9566983387738605,5.280747809996537,0.2617993877991417,0.0,-0.8333087019198537,190,190,190,210,210,190,180
28.619287252426147,-0.9566983387738605,5.280747809996537,0.2617993877991417,0.0,-0.8333087019198537,190,190,210,210,210,210,180
28.629484176635742,-0.9566983387738605,5.280747809996537,0.2617993877991417,0.0,-0.8333087019198537,190,190,210,210,210,210,180
28.639761686325073,-0.9625120660617854,5.2743475562920015,0.2617993877991417,0.0,-0.8332261365377391,190,190,210,210,210,210,180
28.651010990142822,-0.9625120660617854,5.2743475562920015,0.2617993877991417,0.0,-0.8332261365377391,190,190,210,210,210,210,180
28.661193370819092,-0.9625120660617854,5.2743475562920015,0.2617993877991417,0.0,-0.8332261365377391,190,190,210,210,210,210,180
28.671387195587158,-0.9685090638489671,5.267746899033124,0.2617993877991417,0.0,-0.833145031014835,190,190,210,210,210,210,180
28.681621313095093,-0.9685090638489671,5.267746899033124,0.2617993877991417,0.0,-0.833145031014835,190,190,210,210,210,210,180
28.701571226119995,-0.9743349838679728,5.261336139358817,0.2617993877991417,0.0,-0.8330866853981435,190,190,210,210,210,210,180
28.71186876296997,-0.9743349838679728,5.261336139358817,0.2617993877991417,0.0,-0.8330866853981435,190,190,210,210,210,210,180
28.722047567367554,-0.9743349838679728,5.261336139358817,0.2617993877991417,0.0,-0.8330866853981435,190,190,210,210,210,210,180
28.732239961624146,-0.9801610382141424,5.2549270847433505,0.2617993877991417,0.0,-0.8331054446339826,190,190,210,210,210,210,180
28.742457151412964,-0.9801610382141424,5.2549270847433505,0.2617993877991417,0.0,-0.8331054446339826,190,190,210,210,210,210,180
28.75322723388672,-0.9801610382141424,5.2549270847433505,0.2617993877991417,0.0,-0.8331054446339826,190,190,210,210,210,210,180
28.763463020324707,-0.9801610382141424,5.2549270847433505,0.2617993877991417,0.0,-0.8331054446339826,190,190,210,210,210,210,180
28.773696184158325,-0.9861477297070781,5.248335367047046,0.2617993877991417,0.0,-0.8333067564641002,190,190,210,210,210,210,180
28.783931970596313,-0.9861477297070781,5.248335367047046,0.2617993877991417,0.0,-0.8333067564641002,190,210,210,210,210,210,180
28.801857948303223,-0.9861477297070781,5.248335367047046,0.2617993877991417,0.0,-0.8333067564641002,190,210,210,210,210,210,180
28.81220555305481,-0.9919425532866086,5.241955173633157,0.2617993877991417,0.0,-0.8336269909607655,190,210,210,210,210,210,180
28.822399139404297,-0.9919425532866086,5.241955173633157,0.2617993877991417,0.0,-0.8336269909607655,210,210,210,210,210,210,180
28.833228588104248,-0.9919425532866086,5.241955173633157,0.2617993877991417,0.0,-0.8336269909607655,210,210,210,210,210,210,180
28.84967541694641,-0.9977385240580213,5.235564802604818,0.2617993877991417,0.0,-0.8338006976944162,210,210,210,210,210,210,180
28.85992169380188,-0.9977385240580213,5.235564802604818,0.2617993877991417,0.05235987755982833,-0.8338006976944162,210,210,210,210,210,210,180
28.870129108428955,-1.0036859731257506,5.229008737316748,0.2617993877991417,0.05235987755982833,-0.8336483602387921,210,210,210,210,210,210,180
28.88039517402649,-1.0036859731257506,5.229008737316748,0.2617993877991417,0.05235987755982833,-0.8336483602387921,210,210,210,210,210,210,180
28.89068913459778,-1.0036859731257506,5.229008737316748,0.2617993877991417,0.06981317007977111,-0.8336483602387921,210,210,210,210,210,210,180
28.900929927825928,-1.0094207723493804,5.222682760892608,0.2617993877991417,0.08726646259971389,-0.8347386060962723,210,210,210,210,210,210,180
28.911139249801636,-1.0094207723493804,5.222682760892608,0.2617993877991417,0.08726646259971389,-0.8347386060962723,210,210,210,210,210,210,180
28.92133378982544,-1.0094207723493804,5.222682760892608,0.2617993877991417,0.08726646259971389,-0.8347386060962723,190,190,210,210,210,210,180
28.93151617050171,-1.015184397656965,5.216304874683697,0.2617993877991417,0.10471975511965666,-0.8368836142390327,190,190,210,210,210,210,180
28.941742181777954,-1.015184397656965,5.216304874683697,0.2617993877991417,0.10471975511965666,-0.8368836142390327,190,190,210,210,210,210,180
28.95313334465027,-1.015184397656965,5.216304874683697,0.2617993877991417,0.10471975511965666,-0.8368836142390327,190,190,210,210,210,210,180
28.96341609954834,-1.015184397656965,5.216304874683697,0.2617993877991417,0.12217304763959944,-0.8368836142390327,190,190,210,210,210,210,180
28.973716974258423,-1.0211122441050013,5.209713965543182,0.2617993877991417,0.12217304763959944,-0.8396900544190846,190,190,210,210,210,200,190
28.983940601348877,-1.0211122441050013,5.209713965543182,0.2617993877991417,0.12217304763959944,-0.8396900544190846,190,190,210,210,210,200,190
29.002236366271973,-1.0211122441050013,5.209713965543182,0.2617993877991417,0.12217304763959944,-0.8396900544190846,190,190,210,210,210,200,190
29.012623071670532,-1.0268460220584397,5.203296603477662,0.2617993877991417,0.13962634015954223,-0.8435359102940488,190,190,210,210,210,200,190
29.02284336090088,-1.0268460220584397,5.203296603477662,0.2617993877991417,0.13962634015954223,-0.8435359102940488,190,190,210,210,210,200,190
29.033068895339966,-1.0325625791954585,5.196847967204835,0.2617993877991417,0.13962634015954223,-0.8474522012264706,210,210,210,210,210,210,180
29.043293237686157,-1.0325625791954585,5.196847967204835,0.2617993877991417,0.13962634015954223,-0.8474522012264706,210,210,210,210,210,210,180
29.05496835708618,-1.0325625791954585,5.196847967204835,0.2617993877991417,0.13962634015954223,-0.8474522012264706,210,210,210,210,210,210,180
29.065191507339478,-1.0325625791954585,5.196847967204835,0.2617993877991417,0.13962634015954223,-0.8474522012264706,210,210,210,210,210,210,180
29.075401067733765,-1.0384288680840403,5.190174468154822,0.2617993877991417,0.13962634015954223,-0.8520725699744445,190,210,210,210,210,210,180
29.086185693740845,-1.0384288680840403,5.190174468154822,0.2617993877991417,0.13962634015954223,-0.8520725699744445,190,210,210,210,210,210,180
29.10314631462097,-1.0384288680840403,5.190174468154822,0.2617993877991417,0.13962634015954223,-0.8520725699744445,190,210,210,210,210,210,180
29.113548040390015,-1.0440993770261384,5.183665128002166,0.2617993877991417,0.13962634015954223,-0.8566017397807031,190,210,210,210,210,210,180
29.123748064041138,-1.0440993770261384,5.183665128002166,0.2617993877991417,0.13962634015954223,-0.8566017397807031,210,210,210,210,210,210,190
29.134203672409058,-1.0497470837776872,5.177125007050605,0.2617993877991417,0.13962634015954223,-0.8611535572575513,210,210,210,210,210,210,190
29.150066137313843,-1.0497470837776872,5.177125007050605,0.2617993877991417,0.13962634015954223,-0.8611535572575513,210,210,210,210,210,210,190
29.160270929336548,-1.0497470837776872,5.177125007050605,0.2617993877991417,0.13962634015954223,-0.8611535572575513,210,210,210,210,210,210,190
29.170466899871826,-1.0555329049786022,5.170358065691547,0.2617993877991417,0.13962634015954223,-0.8659362477040177,200,210,200,210,210,210,210
29.1806857585907,-1.0555329049786022,5.170358065691547,0.2617993877991417,0.13962634015954223,-0.8659362477040177,200,210,200,210,210,210,210
29.190925359725952,-1.0555329049786022,5.170358065691547,0.2617993877991417,0.13962634015954223,-0.8659362477040177,200,210,200,210,210,210,210
29.20405149459839,-1.0555329049786022,5.170358065691547,0.2617993877991417,0.13962634015954223,-0.8659362477040177,200,210,200,210,210,210,210
29.214435815811157,-1.0610958276571845,5.163796738903169,0.2617993877991417,0.13962634015954223,-0.8708629539264514,200,210,200,210,210,210,210
29.224615812301636,-1.0610958276571845,5.163796738903169,0.2617993877991417,0.13962634015954223,-0.8708629539264514,200,210,200,210,210,210,210
29.234827280044556,-1.066602206447014,5.157217732250353,0.2617993877991417,0.13962634015954223,-0.8755963146780844,210,210,210,210,210,210,210
29.25023126602173,-1.066602206447014,5.157217732250353,0.2617993877991417,0.13962634015954223,-0.8755963146780844,210,210,210,210,210,210,210
29.260453939437866,-1.066602206447014,5.157217732250353,0.2617993877991417,0.13962634015954223,-0.8755963146780844,210,210,210,210,210,210,210
29.270662307739258,-1.0722331463684203,5.150433732988298,0.2617993877991417,0.13962634015954223,-0.8802989711585686,210,210,210,210,210,210,210
29.280887603759766,-1.0722331463684203,5.150433732988298,0.2617993877991417,0.13962634015954223,-0.8802989711585686,210,210,210,210,210,210,210
29.291122436523438,-1.0722331463684203,5.150433732988298,0.2617993877991417,0.13962634015954223,-0.8802989711585686,210,210,210,210,210,210,210
29.305447816848755,-1.0776740837755732,5.143816834827396,0.2617993877991417,0.13962634015954223,-0.8848589547735451,210,210,210,210,210,210,210
29.315662384033203,-1.0776740837755732,5.143816834827396,0.2617993877991417,0.13962634015954223,-0.8848589547735451,210,210,210,210,210,210,210
29.325844049453735,-1.0776740837755732,5.143816834827396,0.2617993877991417,0.13962634015954223,-0.8848589547735451,210,210,210,210,210,210,210
29.336078643798828,-1.0830908017587937,5.137167705237374,0.2617993877991417,0.13962634015954223,-0.8894165539974792,210,210,210,210,210,210,200
29.352044820785522,-1.0830908017587937,5.137167705237374,0.2617993877991417,0.13962634015954223,-0.8894165539974792,210,210,210,210,210,210,200
29.362263202667236,-1.0830908017587937,5.137167705237374,0.2617993877991417,0.13962634015954223,-0.8894165539974792,210,210,210,210,210,210,200
29.37243962287903,-1.0886478006981446,5.130281429500121,0.2617993877991417,0.13962634015954223,-0.8941133901045312,210,210,210,210,210,210,200
29.38263249397278,-1.0886478006981446,5.130281429500121,0.2617993877991417,0.13962634015954223,-0.8941133901045312,210,210,210,210,210,210,200
29.392891883850098,-1.0886478006981446,5.130281429500121,0.2617993877991417,0.13962634015954223,-0.8941133901045312,210,210,210,210,210,210,200
29.403138399124146,-1.094018442725624,5.123562891903903,0.2617993877991417,0.13962634015954223,-0.8986747139197597,210,210,210,210,210,210,200
29.413326740264893,-1.094018442725624,5.123562891903903,0.2617993877991417,0.13962634015954223,-0.8986747139197597,210,210,210,210,210,210,200
29.42353367805481,-1.094018442725624,5.123562891903903,0.2617993877991417,0.13962634015954223,-0.8986747139197597,210,210,210,210,210,210,200
29.434144973754883,-1.0993663227194304,5.116810300976291,0.2617993877991417,0.13962634015954223,-0.9032394355405666,210,210,210,210,210,210,210
29.444459199905396,-1.0993663227194304,5.116810300976291,0.2617993877991417,0.13962634015954223,-0.9032394355405666,210,210,210,210,210,210,210
29.455641746520996,-1.0993663227194304,5.116810300976291,0.2617993877991417,0.13962634015954223,-0.9032394355405666,210,210,210,210,210,210,210
29.465818881988525,-1.1048519792090168,5.109818038100058,0.2617993877991417,0.13962634015954223,-0.9079470620541457,210,210,210,210,210,210,210
29.476006507873535,-1.1048519792090168,5.109818038100058,0.2617993877991417,0.13962634015954223,-0.9079470620541457,210,210,210,210,210,210,210
29.48619508743286,-1.1048519792090168,5.109818038100058,0.2617993877991417,0.13962634015954223,-0.9079470620541457,210,210,210,210,210,210,210
29.49829864501953,-1.1048519792090168,5.109818038100058,0.2617993877991417,0.13962634015954223,-0.9079470620541457,210,210,210,210,210,210,210
29.508615732192993,-1.110151610137158,5.102999017589327,0.2617993877991417,0.13962634015954223,-0.9125207688398459,210,210,210,210,210,210,210
29.518797397613525,-1.110151610137158,5.102999017589327,0.2617993877991417,0.13962634015954223,-0.9125207688398459,210,210,210,210,210,210,210
29.52897620201111,-1.110151610137158,5.102999017589327,0.2617993877991417,0.13962634015954223,-0.9125207688398459,210,210,210,210,210,210,210
29.54758596420288,-1.1154266589116646,5.096151801616249,0.2617993877991417,0.13962634015954223,-0.9170845458440671,210,210,210,210,210,210,210
29.557783842086792,-1.1154266589116646,5.096151801616249,0.2617993877991417,0.13962634015954223,-0.9170845458440671,210,210,210,210,210,210,210
29.56799030303955,-1.1208393772080294,5.089069226898394,0.2617993877991417,0.13962634015954223,-0.9217834550646842,210,210,210,210,210,210,210
29.578176021575928,-1.1208393772080294,5.089069226898394,0.2617993877991417,0.13962634015954223,-0.9217834550646842,210,210,210,210,210,210,210
29.589158296585083,-1.1208393772080294,5.089069226898394,0.2617993877991417,0.13962634015954223,-0.9217834550646842,210,210,210,210,210,210,210
29.607025146484375,-1.1208393772080294,5.089069226898394,0.2617993877991417,0.13962634015954223,-0.9217834550646842,210,210,210,210,210,210,210
29.61732316017151,-1.1260447765581145,5.08219259016888,0.2617993877991417,0.13962634015954223,-0.9263201846278314,210,210,210,210,210,210,210
29.62752914428711,-1.1260447765581145,5.08219259016888,0.2617993877991417,0.13962634015954223,-0.9263201846278314,210,210,210,210,210,210,210
29.63771414756775,-1.1311629789663418,5.0753394660165885,0.2617993877991417,0.157079632679485,-0.9308854999261972,210,210,210,210,210,210,210
29.655158519744873,-1.1311629789663418,5.0753394660165885,0.2617993877991417,0.17453292519942779,-0.9308854999261972,210,210,210,210,210,210,210
29.665338039398193,-1.1364135941931364,5.068249623642523,0.2617993877991417,0.19198621771937055,-0.935625094435823,210,210,210,210,210,210,210
29.675531148910522,-1.1364135941931364,5.068249623642523,0.2617993877991417,0.19198621771937055,-0.935625094435823,210,210,210,210,210,210,210
29.685707092285156,-1.1364135941931364,5.068249623642523,0.2617993877991417,0.20943951023931331,-0.935625094435823,210,210,210,210,210,210,210
29.698925256729126,-1.1414711660330583,5.061347281905745,0.2617993877991417,0.20943951023931331,-0.941320098650671,210,210,210,210,210,210,210
29.709176301956177,-1.1414711660330583,5.061347281905745,0.2617993877991417,0.2268928027592561,-0.941320098650671,210,210,210,210,210,210,210
29.719421863555908,-1.1414711660330583,5.061347281905745,0.2617993877991417,0.2268928027592561,-0.941320098650671,210,210,210,210,210,210,210
29.729665756225586,-1.1414711660330583,5.061347281905745,0.2617993877991417,0.24434609527919887,-0.941320098650671,210,210,210,210,210,210,210
29.740073680877686,-1.1464807198110194,5.054416472166963,0.2617993877991417,0.24434609527919887,-0.9486809363817851,210,210,210,210,210,210,210
29.750321865081787,-1.1464807198110194,5.054416472166963,0.2617993877991417,0.24434609527919887,-0.9486809363817851,210,210,210,210,210,210,210
29.76051139831543,-1.1464807198110194,5.054416472166963,0.2617993877991417,0.2617993877991417,-0.9486809363817851,210,210,210,210,210,210,210
29.770864963531494,-1.1515894263145876,5.047229725528414,0.2617993877991417,0.2617993877991417,-0.9569887087855388,210,210,210,210,210,210,210
29.781246662139893,-1.1515894263145876,5.047229725528414,0.2617993877991417,0.2617993877991417,-0.9569887087855388,210,210,210,210,210,210,210
29.79150080680847,-1.1515894263145876,5.047229725528414,0.2617993877991417,0.2617993877991417,-0.9569887087855388,210,210,210,210,210,210,210
29.802077293395996,-1.1515894263145876,5.047229725528414,0.2617993877991417,0.27925268031908446,-0.9569887087855388,210,210,210,210,210,210,210
29.81228232383728,-1.1564931000190706,5.040206527972845,0.2617993877991417,0.27925268031908446,-0.9656318790839276,210,210,210,210,210,210,210
29.822515964508057,-1.1564931000190706,5.040206527972845,0.2617993877991417,0.2967059728390272,-0.9656318790839276,210,210,210,210,210,210,210
29.83273482322693,-1.1613381829132985,5.033134104464365,0.2617993877991417,0.2967059728390272,-0.9748522535790076,210,210,210,210,210,210,210
29.847913026809692,-1.1613381829132985,5.033134104464365,0.2617993877991417,0.2967059728390272,-0.9748522535790076,210,210,210,210,210,210,210
29.8581759929657,-1.1613381829132985,5.033134104464365,0.2617993877991417,0.2967059728390272,-0.9748522535790076,210,210,210,210,210,210,210
29.868373155593872,-1.1662633238443076,5.025794660901542,0.2617993877991417,0.2967059728390272,-0.9849387305457746,210,210,210,210,210,210,210
29.878636121749878,-1.1662633238443076,5.025794660901542,0.2617993877991417,0.2967059728390272,-0.9849387305457746,210,210,210,220,210,210,210
29.88884973526001,-1.1662633238443076,5.025794660901542,0.2617993877991417,0.2967059728390272,-0.9849387305457746,210,210,210,220,210,210,210
29.899553537368774,-1.1709751323381712,5.018620970772201,0.2617993877991417,0.31415926535897,-0.9947100094394695,210,210,210,220,210,210,210
29.909849166870117,-1.1709751323381712,5.018620970772201,0.2617993877991417,0.31415926535897,-0.9947100094394695,210,210,210,220,210,210,210
29.920100688934326,-1.1709751323381712,5.018620970772201,0.2617993877991417,0.31415926535897,-0.9947100094394695,210,210,210,220,210,210,210
29.93032717704773,-1.1709751323381712,5.018620970772201,0.2617993877991417,0.31415926535897,-0.9947100094394695,210,210,210,210,210,210,210
29.94883680343628,-1.1709751323381712,5.018620970772201,0.2617993877991417,0.31415926535897,-0.9947100094394695,210,210,210,210,210,210,210
29.95908284187317,-1.1756117289074102,5.011410082895735,0.2617993877991417,0.31415926535897,-1.0049203101031032,210,210,210,210,210,210,210
29.96928095817566,-1.1802922798182476,5.003955122527026,0.2617993877991417,0.31415926535897,-1.0151937420996142,210,210,210,210,210,210,210
29.979570388793945,-1.1802922798182476,5.003955122527026,0.2617993877991417,0.31415926535897,-1.0151937420996142,210,210,210,210,210,210,210
29.98983144760132,-1.1802922798182476,5.003955122527026,0.2617993877991417,0.31415926535897,-1.0151937420996142,210,210,210,210,210,210,210
30.000027894973755,-1.184767831513297,4.996663438476797,0.2617993877991417,0.31415926535897,-1.0252660776782225,210,210,210,210,210,210,210
30.01022171974182,-1.184767831513297,4.996663438476797,0.2617993877991417,0.31415926535897,-1.0252660776782225,210,210,210,210,210,210,210
30.020421981811523,-1.184767831513297,4.996663438476797,0.2617993877991417,0.31415926535897,-1.0252660776782225,210,210,210,210,210,210,210
30.03082036972046,-1.184767831513297,4.996663438476797,0.2617993877991417,0.31415926535897,-1.0252660776782225,210,210,210,210,210,210,210
30.041120529174805,-1.1891684398578757,4.989335132369755,0.2617993877991417,0.31415926535897,-1.0353754253341987,210,210,210,210,210,210,210
30.051546096801758,-1.1891684398578757,4.989335132369755,0.2617993877991417,0.31415926535897,-1.0353754253341987,210,210,210,210,210,210,210
30.06176733970642,-1.1891684398578757,4.989335132369755,0.2617993877991417,0.31415926535897,-1.0353754253341987,210,210,210,210,210,210,210
30.07196855545044,-1.19361787157923,4.981737785659517,0.2617993877991417,0.31415926535897,-1.0459011544987487,210,210,210,210,210,210,210
30.082164525985718,-1.19361787157923,4.981737785659517,0.2617993877991417,0.31415926535897,-1.0459011544987487,210,210,210,210,210,210,210
30.10127305984497,-1.19361787157923,4.981737785659517,0.2617993877991417,0.31415926535897,-1.0459011544987487,210,210,210,210,210,210,210
30.1116681098938,-1.1978447179691567,4.974349697211576,0.2617993877991417,0.27925268031908446,-1.0564380008755594,210,210,210,210,210,210,210
30.121888875961304,-1.1978447179691567,4.974349697211576,0.2617993877991417,0.27925268031908446,-1.0564380008755594,210,210,210,210,210,210,210
30.132096767425537,-1.1978447179691567,4.974349697211576,0.2617993877991417,0.17453292519942779,-1.0564380008755594,210,210,210,210,210,210,210
30.14754819869995,-1.202005505930948,4.966897822032551,0.2617993877991417,0.157079632679485,-1.0663877215109172,210,210,210,210,210,210,210
30.157811403274536,-1.202005505930948,4.966897822032551,0.2617993877991417,0.13962634015954223,-1.0663877215109172,210,210,210,210,210,210,210
30.168014764785767,-1.2061693647078662,4.959284735700797,0.2617993877991417,0.13962634015954223,-1.072060816811855,210,210,210,210,210,210,210
30.17819905281067,-1.2061693647078662,4.959284735700797,0.2617993877991417,0.12217304763959944,-1.072060816811855,210,210,210,210,210,210,210
30.188430309295654,-1.2061693647078662,4.959284735700797,0.2617993877991417,0.12217304763959944,-1.072060816811855,210,210,210,210,210,210,210
30.200486183166504,-1.2102231081390948,4.951848565205137,0.2617993877991417,0.10471975511965666,-1.0702019937710836,210,210,210,210,210,210,210
30.210697650909424,-1.2102231081390948,4.951848565205137,0.2617993877991417,0.08726646259971389,-1.0702019937710836,210,210,210,210,210,210,210
30.220879077911377,-1.2102231081390948,4.951848565205137,0.2617993877991417,0.08726646259971389,-1.0702019937710836,210,210,210,210,210,210,210
30.23109006881714,-1.2102231081390948,4.951848565205137,0.2617993877991417,0.08726646259971389,-1.0702019937710836,210,210,210,210,210,210,210
30.248308658599854,-1.2143588864736163,4.944291504694647,0.2617993877991417,0.06981317007977111,-1.0712009288667772,210,210,210,210,210,210,210
30.25848412513733,-1.2143588864736163,4.944291504694647,0.2617993877991417,0.06981317007977111,-1.0712009288667772,210,210,210,210,210,210,210
30.268646478652954,-1.2186113393858504,4.936475090405181,0.2617993877991417,0.06981317007977111,-1.0743141834718373,210,210,210,210,210,210,210
30.278899908065796,-1.2186113393858504,4.936475090405181,0.2617993877991417,0.06981317007977111,-1.0743141834718373,210,210,210,210,210,210,210
30.289146184921265,-1.2186113393858504,4.936475090405181,0.2617993877991417,0.06981317007977111,-1.0743141834718373,210,210,210,210,210,210,210
30.29938793182373,-1.2227073106897024,4.928883359889079,0.2617993877991417,0.06981317007977111,-1.0765678449942782,210,210,210,210,210,210,210
30.309602737426758,-1.2227073106897024,4.928883359889079,0.2617993877991417,0.06981317007977111,-1.0765678449942782,210,210,210,210,210,210,210
30.31978988647461,-1.2227073106897024,4.928883359889079,0.2617993877991417,0.06981317007977111,-1.0765678449942782,210,210,210,210,210,210,210
30.33002018928528,-1.2227073106897024,4.928883359889079,0.2617993877991417,0.06981317007977111,-1.0765678449942782,210,210,210,210,210,210,210
30.346678495407104,-1.2267703101469352,4.921329602447296,0.2617993877991417,0.06981317007977111,-1.0783549197550812,210,210,210,210,210,210,210
30.356926441192627,-1.2267703101469352,4.921329602447296,0.2617993877991417,0.06981317007977111,-1.0783549197550812,210,210,210,210,210,210,210
30.367197036743164,-1.230959550764684,4.913503579731519,0.2617993877991417,0.06981317007977111,-1.0804111768722071,210,210,210,210,210,210,210
30.37743377685547,-1.230959550764684,4.913503579731519,0.2617993877991417,0.06981317007977111,-1.0804111768722071,210,210,210,210,210,210,210
30.38776159286499,-1.230959550764684,4.913503579731519,0.2617993877991417,0.06981317007977111,-1.0804111768722071,210,210,210,210,210,210,210
30.39795684814453,-1.2350155747995686,4.905891591643295,0.2617993877991417,0.08726646259971389,-1.0824203907608887,210,210,210,210,210,210,210
30.40814781188965,-1.2350155747995686,4.905891591643295,0.2617993877991417,0.08726646259971389,-1.0824203907608887,210,210,210,210,210,210,210
30.418339490890503,-1.2350155747995686,4.905891591643295,0.2617993877991417,0.10471975511965666,-1.0824203907608887,210,210,210,210,210,210,210
30.428552389144897,-1.2350155747995686,4.905891591643295,0.2617993877991417,0.10471975511965666,-1.0824203907608887,210,210,210,210,210,210,210
30.44720220565796,-1.2350155747995686,4.905891591643295,0.2617993877991417,0.10471975511965666,-1.0824203907608887,210,210,210,210,210,210,210
30.45764183998108,-1.2390522496774388,4.89826662345658,0.2617993877991417,0.13962634015954223,-1.0844804373181447,210,210,210,210,210,210,210
30.468613386154175,-1.2431897299972603,4.890401240045309,0.2617993877991417,0.17453292519942779,-1.087795847224916,210,210,210,210,210,210,210
30.47881007194519,-1.2431897299972603,4.890401240045309,0.2617993877991417,0.17453292519942779,-1.087795847224916,210,210,210,210,210,210,210
30.489004850387573,-1.2431897299972603,4.890401240045309,0.2617993877991417,0.20943951023931331,-1.087795847224916,210,210,210,210,210,210,210
30.503453969955444,-1.2431897299972603,4.890401240045309,0.2617993877991417,0.20943951023931331,-1.087795847224916,210,210,210,210,210,210,210
30.51363444328308,-1.2471927321799667,4.882720340958562,0.2617993877991417,0.2617993877991417,-1.0928060841392033,210,210,210,210,210,210,210
30.524083852767944,-1.2471927321799667,4.882720340958562,0.2617993877991417,0.2617993877991417,-1.0928060841392033,210,210,210,210,210,210,210
30.53437066078186,-1.2471927321799667,4.882720340958562,0.2617993877991417,0.2617993877991417,-1.0928060841392033,210,210,210,210,220,210,210
30.544856309890747,-1.2511146059909077,4.875083694024037,0.2617993877991417,0.27925268031908446,-1.099705897935699,210,210,210,210,220,210,210
30.555105686187744,-1.2511146059909077,4.875083694024037,0.2617993877991417,0.31415926535897,-1.099705897935699,210,210,210,210,220,210,210
30.565315008163452,-1.255080652122773,4.867209847015552,0.2617993877991417,0.33161255787891275,-1.1091421567037856,210,210,210,210,220,210,210
30.575505256652832,-1.255080652122773,4.867209847015552,0.2617993877991417,0.36651914291879834,-1.1091421567037856,210,210,210,210,220,210,210
30.585679531097412,-1.255080652122773,4.867209847015552,0.2617993877991417,0.36651914291879834,-1.1091421567037856,210,210,210,210,210,210,210
30.60460901260376,-1.2588464538861666,4.859539000926718,0.2617993877991417,0.3839724354387411,-1.120136002443822,210,210,210,210,210,210,210
30.614818811416626,-1.2588464538861666,4.859539000926718,0.2617993877991417,0.40142572795868386,-1.120136002443822,210,210,210,210,210,210,210
30.62500548362732,-1.2588464538861666,4.859539000926718,0.2617993877991417,0.41887902047862663,-1.120136002443822,210,210,210,210,210,210,210
30.63519310951233,-1.2625144974778026,4.851839919624082,0.2617993877991417,0.41887902047862663,-1.1327689255726285,210,210,210,210,210,210,210
30.645961046218872,-1.2625144974778026,4.851839919624082,0.2617993877991417,0.41887902047862663,-1.1327689255726285,210,210,210,210,210,210,210
30.66343092918396,-1.2625144974778026,4.851839919624082,0.2617993877991417,0.41887902047862663,-1.1327689255726285,210,210,210,210,210,210,210
30.673741340637207,-1.2661629736698476,4.843904695973665,0.2617993877991417,0.41887902047862663,-1.1466978842390336,210,210,210,210,210,210,210
30.68396282196045,-1.2661629736698476,4.843904695973665,0.2617993877991417,0.41887902047862663,-1.1466978842390336,210,210,210,210,210,210,210
30.694194078445435,-1.2661629736698476,4.843904695973665,0.2617993877991417,0.41887902047862663,-1.1466978842390336,210,210,210,210,210,210,210
30.70443081855774,-1.2695900237917204,4.836175709727182,0.2617993877991417,0.41887902047862663,-1.1600304059434714,210,210,210,210,210,210,210
30.71492862701416,-1.2695900237917204,4.836175709727182,0.2617993877991417,0.41887902047862663,-1.1600304059434714,210,210,210,210,210,210,210
30.725122451782227,-1.2695900237917204,4.836175709727182,0.2617993877991417,0.43633231299856945,-1.1600304059434714,210,210,210,210,210,210,210
30.735315799713135,-1.2729321115237604,4.828355411158649,0.2617993877991417,0.43633231299856945,-1.173646976791553,210,210,210,210,210,210,210
30.74556565284729,-1.2729321115237604,4.828355411158649,0.2617993877991417,0.43633231299856945,-1.173646976791553,210,210,210,210,220,220,210
30.761502265930176,-1.2729321115237604,4.828355411158649,0.2617993877991417,0.43633231299856945,-1.173646976791553,210,210,210,210,220,220,210
30.771724462509155,-1.2762640831403664,4.8202478905477975,0.2617993877991417,0.43633231299856945,-1.1882274504089483,210,210,210,210,220,220,210
30.781931161880493,-1.2762640831403664,4.8202478905477975,0.2617993877991417,0.43633231299856945,-1.1882274504089483,160,210,210,210,210,210,210
30.800391912460327,-1.2762640831403664,4.8202478905477975,0.2617993877991417,0.43633231299856945,-1.1882274504089483,160,210,210,210,210,210,210
30.810616731643677,-1.279389037318332,4.812322538481544,0.2617993877991417,0.43633231299856945,-1.2024301881433495,160,210,210,210,210,210,210
30.820828676223755,-1.279389037318332,4.812322538481544,0.2617993877991417,0.43633231299856945,-1.2024301881433495,160,210,210,210,210,210,210
30.831032037734985,-1.279389037318332,4.812322538481544,0.2617993877991417,0.43633231299856945,-1.2024301881433495,160,210,210,210,210,210,210
30.84961700439453,-1.2824054610917852,4.804342601915494,0.2617993877991417,0.43633231299856945,-1.2166607474105713,160,210,210,210,210,210,210
30.85990333557129,-1.2824054610917852,4.804342601915494,0.2617993877991417,0.43633231299856945,-1.2166607474105713,160,210,210,210,210,210,210
30.870097637176514,-1.2853983137607192,4.796066316786172,0.2617993877991417,0.43633231299856945,-1.2313552794917468,160,210,210,210,210,210,210
30.880314350128174,-1.2853983137607192,4.796066316786172,0.2617993877991417,0.43633231299856945,-1.2313552794917468,160,210,210,210,210,210,210
30.894679069519043,-1.2853983137607192,4.796066316786172,0.2617993877991417,0.43633231299856945,-1.2313552794917468,160,210,210,210,210,210,210
30.904932022094727,-1.2881893809632294,4.787985209107387,0.2617993877991417,0.43633231299856945,-1.2456661769146224,160,210,210,210,210,210,210
30.915162086486816,-1.2881893809632294,4.787985209107387,0.2617993877991417,0.43633231299856945,-1.2456661769146224,160,210,210,210,210,210,210
30.925363302230835,-1.2881893809632294,4.787985209107387,0.2617993877991417,0.41887902047862663,-1.2456661769146224,160,210,210,210,210,210,210
30.935553312301636,-1.2908656889261318,4.779865682870346,0.2617993877991417,0.41887902047862663,-1.2600444819251928,160,210,210,210,210,210,210
30.947797060012817,-1.2908656889261318,4.779865682870346,0.2617993877991417,0.41887902047862663,-1.2600444819251928,160,210,210,210,210,210,210
30.958035707473755,-1.2908656889261318,4.779865682870346,0.2617993877991417,0.31415926535897,-1.2600444819251928,160,210,210,210,210,210,210
30.968223333358765,-1.2935055703742788,4.771476799823459,0.2617993877991417,0.19198621771937055,-1.2742963923583919,160,160,210,210,220,220,210
30.978410482406616,-1.2935055703742788,4.771476799823459,0.2617993877991417,0.17453292519942779,-1.2742963923583919,160,160,210,210,220,220,210
30.988600969314575,-1.2935055703742788,4.771476799823459,0.2617993877991417,0.17453292519942779,-1.2742963923583919,160,160,210,210,220,220,210
30.998910665512085,-1.2959721265415682,4.763318290942326,0.2617993877991417,0.157079632679485,-1.2874077814639138,160,160,210,210,220,220,210
31.009124040603638,-1.2959721265415682,4.763318290942326,0.2617993877991417,0.12217304763959944,-1.2874077814639138,160,160,210,210,220,220,210
31.01932406425476,-1.2959721265415682,4.763318290942326,0.2617993877991417,0.12217304763959944,-1.2874077814639138,160,160,210,210,210,210,210
31.02950644493103,-1.2959721265415682,4.763318290942326,0.2617993877991417,0.10471975511965666,-1.2874077814639138,160,160,210,210,210,210,210
31.047767400741577,-1.2983023334197061,4.755125191498642,0.2617993877991417,0.06981317007977111,-1.2976111352857893,160,160,210,210,210,210,210
31.057970762252808,-1.2983023334197061,4.755125191498642,0.2617993877991417,0.06981317007977111,-1.2976111352857893,160,160,210,210,210,210,210
31.068182945251465,-1.300644347597899,4.746666039682397,0.2617993877991417,0.06981317007977111,-1.3026355855074179,160,160,210,210,210,210,200
31.078457593917847,-1.300644347597899,4.746666039682397,0.2617993877991417,0.05235987755982833,-1.3026355855074179,160,160,210,210,210,210,200
31.088667392730713,-1.300644347597899,4.746666039682397,0.2617993877991417,0.05235987755982833,-1.3026355855074179,160,160,210,210,210,210,200
31.10009741783142,-1.3029099400389197,4.738379816727231,0.2617993877991417,0.05235987755982833,-1.304987305649092,160,160,210,210,210,210,200
31.1103572845459,-1.3029099400389197,4.738379816727231,0.2617993877991417,0.0,-1.304987305649092,160,160,210,210,210,210,200
31.120577335357666,-1.3029099400389197,4.738379816727231,0.2617993877991417,0.0,-1.304987305649092,160,160,210,210,210,210,200
31.130842924118042,-1.3029099400389197,4.738379816727231,0.2617993877991417,0.0,-1.304987305649092,160,160,210,210,210,210,210
31.1464684009552,-1.3051630920801132,4.73007117304816,0.2617993877991417,0.05235987755982833,-1.3067226116979818,160,160,210,210,210,210,210
31.156683444976807,-1.3051630920801132,4.73007117304816,0.2617993877991417,0.06981317007977111,-1.3067226116979818,160,160,210,210,210,210,210
31.16688871383667,-1.3074820485176146,4.721486484958909,0.2617993877991417,0.10471975511965666,-1.3068271573540862,160,160,210,210,210,210,210
31.177086114883423,-1.3074820485176146,4.721486484958909,0.2617993877991417,0.10471975511965666,-1.3068271573540862,160,160,210,210,210,210,210
31.187283277511597,-1.3074820485176146,4.721486484958909,0.2617993877991417,0.10471975511965666,-1.3068271573540862,160,160,210,210,210,210,210
31.199356079101562,-1.3097257604309218,4.713152616873797,0.2617993877991417,0.24434609527919887,-1.3089039380026097,160,160,210,210,210,210,210
31.20956563949585,-1.3097257604309218,4.713152616873797,0.2617993877991417,0.24434609527919887,-1.3089039380026097,160,160,210,210,210,210,210
31.219810247421265,-1.3097257604309218,4.713152616873797,0.2617993877991417,0.24434609527919887,-1.3089039380026097,160,160,210,210,210,210,210
31.230023622512817,-1.3097257604309218,4.713152616873797,0.2617993877991417,0.24434609527919887,-1.3089039380026097,160,160,210,210,210,210,210
31.240221977233887,-1.311941670269628,4.704818248082573,0.2617993877991417,0.24434609527919887,-1.313267049150177,160,160,210,210,210,210,210
31.253708600997925,-1.311941670269628,4.704818248082573,0.2617993877991417,0.2617993877991417,-1.313267049150177,160,160,210,210,210,210,210
31.263933181762695,-1.3141655864935118,4.696250437470388,0.2617993877991417,0.27925268031908446,-1.3213646946258597,160,160,210,210,210,210,210
31.27413582801819,-1.3141655864935118,4.696250437470388,0.2617993877991417,0.27925268031908446,-1.3213646946258597,160,160,210,210,210,210,210
31.28433656692505,-1.3141655864935118,4.696250437470388,0.2617993877991417,0.31415926535897,-1.3213646946258597,160,160,210,210,210,210,210
31.299145936965942,-1.3141655864935118,4.696250437470388,0.2617993877991417,0.31415926535897,-1.3213646946258597,160,160,210,210,210,210,210
31.309353351593018,-1.316251303929262,4.687909705352071,0.2617993877991417,0.36651914291879834,-1.3305066320439338,160,160,210,210,210,210,210
31.320153951644897,-1.316251303929262,4.687909705352071,0.2617993877991417,0.36651914291879834,-1.3305066320439338,160,160,210,210,210,210,210
31.330355644226074,-1.3182554377706444,4.679560755014616,0.2617993877991417,0.43633231299856945,-1.341133468024263,160,160,200,210,210,210,210
31.340550422668457,-1.3182554377706444,4.679560755014616,0.2617993877991417,0.43633231299856945,-1.341133468024263,160,160,200,210,210,210,210
31.355687618255615,-1.3182554377706444,4.679560755014616,0.2617993877991417,0.43633231299856945,-1.341133468024263,160,160,200,210,210,210,210
31.365898609161377,-1.3202087637273208,4.671016644143952,0.2617993877991417,0.43633231299856945,-1.3530413602473559,160,160,200,210,210,210,210
31.37611413002014,-1.3202087637273208,4.671016644143952,0.2617993877991417,0.43633231299856945,-1.3530413602473559,160,160,160,210,210,220,220
31.3863263130188,-1.3202087637273208,4.671016644143952,0.2617993877991417,0.43633231299856945,-1.3530413602473559,160,160,160,210,210,220,220
31.403325080871582,-1.3219819417945189,4.662744679782143,0.2617993877991417,0.43633231299856945,-1.36571917932016,160,160,160,210,210,220,220
31.41356062889099,-1.3219819417945189,4.662744679782143,0.2617993877991417,0.43633231299856945,-1.36571917932016,160,160,160,210,210,220,220
31.423768758773804,-1.3219819417945189,4.662744679782143,0.2617993877991417,0.43633231299856945,-1.36571917932016,160,160,160,210,210,220,220
31.43398094177246,-1.3236578258707112,4.654399332071466,0.2617993877991417,0.43633231299856945,-1.3798380242269865,160,160,200,210,210,210,210
31.444180488586426,-1.3236578258707112,4.654399332071466,0.2617993877991417,0.43633231299856945,-1.3798380242269865,160,160,200,210,210,210,210
31.456164121627808,-1.3236578258707112,4.654399332071466,0.2617993877991417,0.43633231299856945,-1.3798380242269865,160,160,200,210,210,210,210
31.466771364212036,-1.3252515214677574,4.645810200765243,0.2617993877991417,0.43633231299856945,-1.3946711518234438,160,160,200,210,210,210,210
31.477004528045654,-1.3252515214677574,4.645810200765243,0.2617993877991417,0.43633231299856945,-1.3946711518234438,160,160,200,210,210,210,210
31.487239599227905,-1.3252515214677574,4.645810200765243,0.2617993877991417,0.43633231299856945,-1.3946711518234438,160,160,160,210,220,220,220
31.50393295288086,-1.326679372683741,4.637443710461753,0.2617993877991417,0.43633231299856945,-1.4091095412865724,160,160,160,210,220,220,220
31.51415228843689,-1.326679372683741,4.637443710461753,0.2617993877991417,0.43633231299856945,-1.4091095412865724,160,160,160,210,220,220,220
31.524346828460693,-1.326679372683741,4.637443710461753,0.2617993877991417,0.43633231299856945,-1.4091095412865724,160,160,160,210,210,210,210
31.534541368484497,-1.3279872862253341,4.629049510064577,0.2617993877991417,0.43633231299856945,-1.4235911559344774,160,160,160,210,210,210,210
31.54726219177246,-1.3279872862253341,4.629049510064577,0.2617993877991417,0.43633231299856945,-1.4235911559344774,160,160,160,210,210,210,210
31.557693481445312,-1.3279872862253341,4.629049510064577,0.2617993877991417,0.43633231299856945,-1.4235911559344774,160,160,160,210,210,210,210
31.56788992881775,-1.3292090713149876,4.620370226149185,0.2617993877991417,0.43633231299856945,-1.4385388743805747,160,160,150,210,210,210,210
31.578065633773804,-1.3292090713149876,4.620370226149185,0.2617993877991417,0.43633231299856945,-1.4385388743805747,160,160,150,210,210,210,210
31.59824538230896,-1.3292090713149876,4.620370226149185,0.2617993877991417,0.43633231299856945,-1.4385388743805747,160,160,150,210,210,210,210
31.608657121658325,-1.3302724391431016,4.611918374943867,0.2617993877991417,0.43633231299856945,-1.453051151663646,160,160,150,210,210,210,210
31.618913888931274,-1.3302724391431016,4.611918374943867,0.2617993877991417,0.43633231299856945,-1.453051151663646,160,160,150,210,210,210,210
31.629210948944092,-1.3302724391431016,4.611918374943867,0.2617993877991417,0.43633231299856945,-1.453051151663646,200,160,150,200,210,210,210
31.64834499359131,-1.3302724391431016,4.611918374943867,0.2617993877991417,0.43633231299856945,-1.453051151663646,200,160,150,200,210,210,210
31.658572912216187,-1.3312141708211649,4.603445858511584,0.2617993877991417,0.43633231299856945,-1.4675368334129646,200,160,150,200,210,210,210
31.66878652572632,-1.332057615140817,4.594712355525521,0.2617993877991417,0.43633231299856945,-1.4823324528482078,200,160,150,200,210,210,210
31.678972244262695,-1.332057615140817,4.594712355525521,0.2617993877991417,0.43633231299856945,-1.4823324528482078,200,160,150,200,210,210,210
31.689163208007812,-1.332057615140817,4.594712355525521,0.2617993877991417,0.43633231299856945,-1.4823324528482078,210,160,150,160,210,210,210
31.703956365585327,-1.332057615140817,4.594712355525521,0.2617993877991417,0.43633231299856945,-1.4823324528482078,210,160,150,160,210,210,210
31.714314699172974,-1.3327459744097574,4.5862666506961105,0.2617993877991417,0.43633231299856945,-1.4963060503285184,210,160,150,160,210,210,210
31.724522590637207,-1.3327459744097574,4.5862666506961105,0.2617993877991417,0.43633231299856945,-1.4963060503285184,210,160,150,160,210,210,220
31.734859943389893,-1.3333180572795142,4.577782234352375,0.2617993877991417,0.43633231299856945,-1.5104370862834884,210,160,150,160,210,210,220
31.754724740982056,-1.3333180572795142,4.577782234352375,0.2617993877991417,0.43633231299856945,-1.5104370862834884,210,160,150,160,210,210,220
31.764934539794922,-1.3337844296379975,4.569023773181094,0.2617993877991417,0.43633231299856945,-1.524986614410971,210,160,150,160,210,210,220
31.77513885498047,-1.3337844296379975,4.569023773181094,0.2617993877991417,0.43633231299856945,-1.524986614410971,210,160,150,150,210,210,210
31.785340547561646,-1.3337844296379975,4.569023773181094,0.2617993877991417,0.43633231299856945,-1.524986614410971,210,160,150,150,210,210,210
31.79932451248169,-1.3337844296379975,4.569023773181094,0.2617993877991417,0.43633231299856945,-1.524986614410971,210,160,150,150,210,210,210
31.810014724731445,-1.3341157652171927,4.56050641963703,0.2617993877991417,0.43633231299856945,-1.53913848196394,210,160,150,150,210,210,210
31.820209980010986,-1.3341157652171927,4.56050641963703,0.2617993877991417,0.43633231299856945,-1.53913848196394,210,160,150,150,210,210,210
31.830402612686157,-1.3341157652171927,4.56050641963703,0.2617993877991417,0.40142572795868386,-1.53913848196394,210,170,150,140,200,210,210
31.85042667388916,-1.3343268940442723,4.551975033600623,0.2617993877991417,0.31415926535897,-1.5533224027257562,210,170,150,140,200,210,210
31.8606379032135,-1.3343268940442723,4.551975033600623,0.2617993877991417,0.20943951023931331,-1.5533224027257562,210,170,150,140,200,210,210
31.871280908584595,-1.3344224444049575,4.543166193263733,0.2617993877991417,0.19198621771937055,-1.566864451972416,210,170,150,140,200,210,210
31.881486415863037,-1.3344224444049575,4.543166193263733,0.2617993877991417,0.19198621771937055,-1.566864451972416,210,210,150,140,160,210,210
31.899078130722046,-1.334412162141233,4.534760120237516,0.2617993877991417,0.19198621771937055,-1.576463877353906,210,210,150,140,160,210,210
31.909279823303223,-1.334412162141233,4.534760120237516,0.2617993877991417,0.19198621771937055,-1.576463877353906,210,210,150,140,160,210,210
31.91946244239807,-1.334412162141233,4.534760120237516,0.2617993877991417,0.19198621771937055,-1.576463877353906,210,210,150,140,160,210,210
31.929689645767212,-1.334412162141233,4.534760120237516,0.2617993877991417,0.19198621771937055,-1.576463877353906,210,210,150,140,150,210,210
31.948548793792725,-1.3343275140711395,4.526374933780729,0.2617993877991417,0.19198621771937055,-1.5842491368370641,210,210,150,140,150,210,210
31.9587562084198,-1.3343275140711395,4.526374933780729,0.2617993877991417,0.19198621771937055,-1.5842491368370641,210,210,150,140,150,210,210
31.96905755996704,-1.3341759763273784,4.517669597962346,0.2617993877991417,0.19198621771937055,-1.5918366400102226,210,210,150,140,150,210,210
31.979374647140503,-1.3341759763273784,4.517669597962346,0.2617993877991417,0.19198621771937055,-1.5918366400102226,210,210,150,140,150,210,210
31.989675283432007,-1.3341759763273784,4.517669597962346,0.2617993877991417,0.19198621771937055,-1.5918366400102226,210,210,150,140,150,210,210
32.0043363571167,-1.3341759763273784,4.517669597962346,0.2617993877991417,0.19198621771937055,-1.5918366400102226,210,210,150,140,150,210,210
32.01467156410217,-1.3339627544330466,4.509105882149614,0.2617993877991417,0.19198621771937055,-1.5983669081174217,210,210,150,140,150,210,210
32.02487397193909,-1.3339627544330466,4.509105882149614,0.2617993877991417,0.19198621771937055,-1.5983669081174217,210,210,160,140,150,210,210
32.035062313079834,-1.333698875369716,4.50056939983312,0.2617993877991417,0.19198621771937055,-1.604573462949696,210,210,160,140,150,210,210
32.04920268058777,-1.333698875369716,4.50056939983312,0.2617993877991417,0.19198621771937055,-1.604573462949696,210,210,160,140,150,210,210
32.05949282646179,-1.333698875369716,4.50056939983312,0.2617993877991417,0.19198621771937055,-1.604573462949696,210,210,160,140,150,210,210
32.06977963447571,-1.3333711164159645,4.491764365392529,0.2617993877991417,0.19198621771937055,-1.6109864267899523,210,210,160,140,150,210,210
32.080034494400024,-1.3333711164159645,4.491764365392529,0.2617993877991417,0.19198621771937055,-1.6109864267899523,210,210,150,150,140,200,210
32.09862208366394,-1.3333711164159645,4.491764365392529,0.2617993877991417,0.19198621771937055,-1.6109864267899523,210,210,150,150,140,200,210
32.10898542404175,-1.332999979004916,4.483211249889655,0.2617993877991417,0.20943951023931331,-1.61718920115265,210,210,150,150,140,200,210
32.11918878555298,-1.332999979004916,4.483211249889655,0.2617993877991417,0.20943951023931331,-1.61718920115265,210,210,150,150,140,200,210
32.12938833236694,-1.332999979004916,4.483211249889655,0.2617993877991417,0.2268928027592561,-1.61718920115265,210,210,160,150,140,160,210
32.13960313796997,-1.332575653847124,4.474648902741275,0.2617993877991417,0.24434609527919887,-1.6234000124808659,210,210,160,150,140,160,210
32.15350675582886,-1.332575653847124,4.474648902741275,0.2617993877991417,0.24434609527919887,-1.6234000124808659,210,210,160,150,140,160,210
32.163729190826416,-1.3320782020986928,4.465827583627192,0.2617993877991417,0.2617993877991417,-1.6309383332261869,210,210,160,150,140,160,210
32.173980474472046,-1.3320782020986928,4.465827583627192,0.2617993877991417,0.27925268031908446,-1.6309383332261869,210,210,160,150,140,160,210
32.184202909469604,-1.3320782020986928,4.465827583627192,0.2617993877991417,0.27925268031908446,-1.6309383332261869,210,210,150,150,140,160,210
32.19870352745056,-1.3320782020986928,4.465827583627192,0.2617993877991417,0.2967059728390272,-1.6309383332261869,210,210,150,150,140,160,210
32.20903968811035,-1.3315270289141363,4.4572671256444245,0.2617993877991417,0.31415926535897,-1.639419438574006,210,210,150,150,140,160,210
32.21925163269043,-1.3315270289141363,4.4572671256444245,0.2617993877991417,0.31415926535897,-1.639419438574006,210,210,150,150,140,160,210
32.22947120666504,-1.330898607247528,4.448709661562415,0.2617993877991417,0.31415926535897,-1.6490631913436784,210,210,150,150,140,160,210
32.23968148231506,-1.330898607247528,4.448709661562415,0.2617993877991417,0.31415926535897,-1.6490631913436784,210,210,150,150,140,160,210
32.25590920448303,-1.330898607247528,4.448709661562415,0.2617993877991417,0.31415926535897,-1.6490631913436784,210,210,150,150,140,160,210
32.26613736152649,-1.3301621534751762,4.4398957772737315,0.2617993877991417,0.31415926535897,-1.659643660270306,210,210,150,150,140,160,210
32.276336431503296,-1.3301621534751762,4.4398957772737315,0.2617993877991417,0.31415926535897,-1.659643660270306,210,210,160,140,140,150,210
32.2871356010437,-1.3301621534751762,4.4398957772737315,0.2617993877991417,0.2967059728390272,-1.659643660270306,210,210,160,140,140,150,210
32.303027391433716,-1.3293578814642164,4.431342997493811,0.2617993877991417,0.19198621771937055,-1.6699476803774058,210,210,160,140,140,150,210
32.31328082084656,-1.3293578814642164,4.431342997493811,0.2617993877991417,0.17453292519942779,-1.6699476803774058,210,210,160,140,140,150,210
32.32346725463867,-1.3293578814642164,4.431342997493811,0.2617993877991417,0.17453292519942779,-1.6699476803774058,210,210,160,140,140,150,210
32.33367705345154,-1.3284712698090535,4.422786149470103,0.2617993877991417,0.157079632679485,-1.6777316142271437,210,210,210,140,140,150,210
32.35038208961487,-1.3284712698090535,4.422786149470103,0.2617993877991417,0.157079632679485,-1.6777316142271437,210,210,210,140,140,150,210
32.360605239868164,-1.3284712698090535,4.422786149470103,0.2617993877991417,0.13962634015954223,-1.6777316142271437,210,210,210,140,140,150,210
32.37080979347229,-1.3275183761556035,4.413937152350375,0.2617993877991417,0.13962634015954223,-1.6833706312638252,210,210,210,140,140,150,210
32.381370067596436,-1.3275183761556035,4.413937152350375,0.2617993877991417,0.13962634015954223,-1.6833706312638252,210,210,210,140,140,140,210
32.40001392364502,-1.3265465847257132,4.405427070200969,0.2617993877991417,0.13962634015954223,-1.6884724488846103,210,210,210,140,140,140,210
32.41027760505676,-1.3265465847257132,4.405427070200969,0.2617993877991417,0.13962634015954223,-1.6884724488846103,210,210,210,140,140,140,210
32.420510053634644,-1.3265465847257132,4.405427070200969,0.2617993877991417,0.13962634015954223,-1.6884724488846103,210,210,210,140,150,140,160
32.430689573287964,-1.3265465847257132,4.405427070200969,0.2617993877991417,0.13962634015954223,-1.6884724488846103,210,210,210,140,150,140,160
32.44088649749756,-1.325519514911326,4.396929668953343,0.2617993877991417,0.13962634015954223,-1.693061997335345,210,210,210,140,150,140,160
32.453856229782104,-1.325519514911326,4.396929668953343,0.2617993877991417,0.13962634015954223,-1.693061997335345,210,210,210,140,150,140,160
32.464080810546875,-1.3244225983292812,4.388174561578042,0.2617993877991417,0.0,-1.6978323956600159,210,210,210,140,150,140,160
32.474339723587036,-1.3244225983292812,4.388174561578042,0.2617993877991417,0.0,-1.6978323956600159,210,210,210,140,150,140,160
32.48464250564575,-1.3244225983292812,4.388174561578042,0.2617993877991417,0.0,-1.6978323956600159,210,210,210,150,150,140,160
32.50192832946777,-1.3244225983292812,4.388174561578042,0.2617993877991417,0.0,-1.6978323956600159,210,210,210,150,150,140,160
32.51213979721069,-1.3233238335660267,4.379657488709165,0.2617993877991417,0.0,-1.6993664078528248,210,210,210,150,150,140,160
32.52235960960388,-1.3233238335660267,4.379657488709165,0.2617993877991417,0.0,-1.6993664078528248,210,210,210,150,140,140,160
32.533196449279785,-1.3233238335660267,4.379657488709165,0.2617993877991417,0.0,-1.6993664078528248,210,210,210,150,140,140,160
32.54963541030884,-1.3222162754085935,4.37109970326644,0.2617993877991417,0.0,-1.6994115127880525,210,210,210,150,140,140,160
32.55985498428345,-1.3222162754085935,4.37109970326644,0.2617993877991417,0.0,-1.6994115127880525,210,210,210,150,140,140,160
32.57008981704712,-1.3210738063039773,4.362273768319825,0.2617993877991417,0.0,-1.6994407660562587,210,210,210,150,140,140,160
32.580296754837036,-1.3210738063039773,4.362273768319825,0.2617993877991417,0.0,-1.6994407660562587,210,210,210,140,140,140,150
32.59052753448486,-1.3210738063039773,4.362273768319825,0.2617993877991417,0.0,-1.6994407660562587,210,210,210,140,140,140,150
32.60634160041809,-1.3210738063039773,4.362273768319825,0.2617993877991417,0.0,-1.6994407660562587,210,210,210,140,140,140,150
32.61668419837952,-1.3199634799805027,4.353697074380398,0.2617993877991417,-0.05235987755982833,-1.6994688128892212,210,210,210,140,140,140,150
32.62688755989075,-1.3199634799805027,4.353697074380398,0.2617993877991417,-0.05235987755982833,-1.6994688128892212,210,210,210,140,140,140,150
32.6371750831604,-1.3188517471755292,4.345109556937405,0.2617993877991417,-0.06981317007977111,-1.6995002867912683,210,210,210,140,140,140,150
32.65578603744507,-1.3188517471755292,4.345109556937405,0.2617993877991417,-0.19198621771937055,-1.6995002867912683,210,210,210,140,140,140,150
32.666011333465576,-1.3177095900205398,4.336236518271276,0.2617993877991417,-0.19198621771937055,-1.6978922105153869,210,210,210,140,140,140,150
32.67626166343689,-1.3177095900205398,4.336236518271276,0.2617993877991417,-0.19198621771937055,-1.6978922105153869,210,210,210,140,140,140,150
32.6864595413208,-1.3177095900205398,4.336236518271276,0.2617993877991417,-0.20943951023931331,-1.6978922105153869,210,210,210,140,150,140,150
32.70332193374634,-1.3177095900205398,4.336236518271276,0.2617993877991417,-0.20943951023931331,-1.6978922105153869,210,210,210,140,150,140,150
32.71368980407715,-1.3166194848617354,4.327594625608741,0.2617993877991417,-0.20943951023931331,-1.6941881974669164,210,210,210,140,150,140,150
32.72390699386597,-1.3166194848617354,4.327594625608741,0.2617993877991417,-0.20943951023931331,-1.6941881974669164,210,210,210,140,150,140,150
32.73411703109741,-1.31556840368218,4.318918094639782,0.2617993877991417,-0.20943951023931331,-1.688377653488237,210,210,210,150,150,140,150
32.751336097717285,-1.31556840368218,4.318918094639782,0.2617993877991417,-0.20943951023931331,-1.688377653488237,210,210,210,150,150,140,150
32.76154017448425,-1.31556840368218,4.318918094639782,0.2617993877991417,-0.08726646259971389,-1.688377653488237,210,210,210,150,150,140,150
32.771727561950684,-1.3145491306166555,4.310000891153772,0.2617993877991417,-0.08726646259971389,-1.6813147194865512,210,210,210,140,150,140,150
32.78190279006958,-1.3145491306166555,4.310000891153772,0.2617993877991417,-0.06981317007977111,-1.6813147194865512,210,210,210,140,150,140,150
32.79208326339722,-1.3145491306166555,4.310000891153772,0.2617993877991417,-0.06981317007977111,-1.6813147194865512,210,210,210,140,150,140,150
32.80228042602539,-1.313615322151458,4.301391636867374,0.2617993877991417,-0.05235987755982833,-1.6757899171882327,210,210,210,140,150,140,150
32.81245994567871,-1.313615322151458,4.301391636867374,0.2617993877991417,0.0,-1.6757899171882327,210,210,210,140,150,140,150
32.82264041900635,-1.313615322151458,4.301391636867374,0.2617993877991417,0.0,-1.6757899171882327,210,210,210,140,150,140,150
32.83283448219299,-1.312726238271161,4.292839104601451,0.2617993877991417,0.0,-1.6736089010079729,210,210,210,140,150,140,150
32.843034982681274,-1.312726238271161,4.292839104601451,0.2617993877991417,0.0,-1.6736089010079729,210,210,210,140,150,140,150
32.8538293838501,-1.312726238271161,4.292839104601451,0.2617993877991417,0.0,-1.6736089010079729,210,210,210,140,150,140,150
32.864017963409424,-1.3118173298358782,4.284020502605067,0.2617993877991417,0.0,-1.6734645231270235,210,210,210,140,150,140,150
32.87422585487366,-1.3118173298358782,4.284020502605067,0.2617993877991417,0.0,-1.6734645231270235,210,210,210,150,140,140,150
32.88443851470947,-1.3118173298358782,4.284020502605067,0.2617993877991417,0.0,-1.6734645231270235,210,210,210,150,140,140,150
32.900394439697266,-1.3109329995617822,4.27544753298511,0.2617993877991417,0.0,-1.6734742710536534,210,210,210,150,140,140,150
32.91061043739319,-1.3109329995617822,4.27544753298511,0.2617993877991417,0.0,-1.6734742710536534,210,210,210,150,140,140,150
32.92078375816345,-1.3109329995617822,4.27544753298511,0.2617993877991417,0.0,-1.6734742710536534,210,210,210,150,140,140,150
32.930968046188354,-1.3109329995617822,4.27544753298511,0.2617993877991417,0.0,-1.6734742710536534,210,210,210,150,140,140,150
32.94119143486023,-1.3100475885265923,4.266863833117225,0.2617993877991417,0.0,-1.673479161138876,210,210,210,150,140,140,150
32.951404333114624,-1.3100475885265923,4.266863833117225,0.2617993877991417,0.0,-1.673479161138876,210,210,210,150,140,140,150
32.96158576011658,-1.3100475885265923,4.266863833117225,0.2617993877991417,0.0,-1.673479161138876,210,210,210,150,140,140,150
32.9717903137207,-1.3091343153764063,4.258009768935427,0.2617993877991417,0.0,-1.673482328256713,210,210,210,140,140,140,140
32.98226022720337,-1.3091343153764063,4.258009768935427,0.2617993877991417,0.0,-1.673482328256713,210,210,210,140,140,140,140
33.00346803665161,-1.3082468869245323,4.249405989124119,0.2617993877991417,0.0,-1.6734838703677495,210,210,210,140,140,140,140
33.01367950439453,-1.3082468869245323,4.249405989124119,0.2617993877991417,0.0,-1.6734838703677495,210,210,210,140,140,140,140
33.02386236190796,-1.3082468869245323,4.249405989124119,0.2617993877991417,0.0,-1.6734838703677495,210,210,210,140,140,140,140
33.03407669067383,-1.3073586188463162,4.240791789165809,0.2617993877991417,0.0,-1.6734886853722666,210,210,210,140,140,140,140
33.046398878097534,-1.3073586188463162,4.240791789165809,0.2617993877991417,0.0,-1.6734886853722666,210,210,210,140,140,140,140
33.05669021606445,-1.3073586188463162,4.240791789165809,0.2617993877991417,0.0,-1.6734886853722666,210,210,210,140,140,140,140
33.06692028045654,-1.306443006237854,4.231906071297226,0.2617993877991417,0.0,-1.6734951525927066,210,210,210,140,140,140,140
33.07713556289673,-1.306443006237854,4.231906071297226,0.2617993877991417,0.0,-1.6734951525927066,210,210,210,140,140,140,140
33.087326526641846,-1.306443006237854,4.231906071297226,0.2617993877991417,0.0,-1.6734951525927066,210,210,210,140,140,140,140
33.09924292564392,-1.305554345072952,4.223276731992666,0.2617993877991417,0.0,-1.673504895540979,210,210,210,140,140,140,140
33.10943412780762,-1.305554345072952,4.223276731992666,0.2617993877991417,0.0,-1.673504895540979,210,210,210,140,140,140,140
33.11961913108826,-1.305554345072952,4.223276731992666,0.2617993877991417,0.05235987755982833,-1.673504895540979,210,210,210,140,140,130,140
33.12981867790222,-1.305554345072952,4.223276731992666,0.2617993877991417,0.06981317007977111,-1.673504895540979,210,210,210,140,140,130,140
33.14718222618103,-1.3046705429283492,4.214656995329889,0.2617993877991417,0.06981317007977111,-1.6735327563493931,210,210,210,140,140,130,140
33.15745234489441,-1.3046705429283492,4.214656995329889,0.2617993877991417,0.08726646259971389,-1.6735327563493931,210,210,210,140,140,130,140
33.16767406463623,-1.303768300907132,4.205798310747511,0.2617993877991417,0.19198621771937055,-1.6742906914688984,210,210,210,140,140,130,140
33.1782922744751,-1.303768300907132,4.205798310747511,0.2617993877991417,0.20943951023931331,-1.6742906914688984,210,210,210,140,140,130,140
33.19785165786743,-1.3028693208254787,4.197267258079622,0.2617993877991417,0.2268928027592561,-1.6755752922194254,210,210,210,140,140,130,140
33.20806670188904,-1.3028693208254787,4.197267258079622,0.2617993877991417,0.24434609527919887,-1.6755752922194254,210,210,210,140,140,130,140
33.21826457977295,-1.3028693208254787,4.197267258079622,0.2617993877991417,0.24434609527919887,-1.6755752922194254,210,210,210,140,140,130,140
33.228530406951904,-1.3028693208254787,4.197267258079622,0.2617993877991417,0.24434609527919887,-1.6755752922194254,210,210,210,140,140,130,140
33.23884463310242,-1.3019614592321533,4.188780419463599,0.2617993877991417,0.2617993877991417,-1.6797332207353002,210,210,210,140,140,130,140
33.2498242855072,-1.3019614592321533,4.188780419463599,0.2617993877991417,0.2617993877991417,-1.6797332207353002,210,210,210,140,140,130,140
33.26002383232117,-1.3019614592321533,4.188780419463599,0.2617993877991417,0.2617993877991417,-1.6797332207353002,210,210,210,140,140,130,140
33.27021527290344,-1.3009715573368765,4.180047490206773,0.2617993877991417,0.24434609527919887,-1.6879341062327244,210,210,210,140,140,130,140
33.28049659729004,-1.3009715573368765,4.180047490206773,0.2617993877991417,0.24434609527919887,-1.6879341062327244,210,210,210,140,140,130,140
33.29799294471741,-1.3009715573368765,4.180047490206773,0.2617993877991417,0.20943951023931331,-1.6879341062327244,210,210,210,140,140,130,140
33.30821371078491,-1.2999367624476679,4.17156705025017,0.2617993877991417,0.12217304763959944,-1.6965337316060214,210,210,210,140,140,130,140
33.31842231750488,-1.2999367624476679,4.17156705025017,0.2617993877991417,0.12217304763959944,-1.6965337316060214,210,210,210,140,140,130,140
33.32860445976257,-1.2999367624476679,4.17156705025017,0.2617993877991417,0.12217304763959944,-1.6965337316060214,210,210,210,140,140,130,130
33.338818311691284,-1.2999367624476679,4.17156705025017,0.2617993877991417,0.12217304763959944,-1.6965337316060214,210,210,210,140,140,130,130
33.34912133216858,-1.2999367624476679,4.17156705025017,0.2617993877991417,0.12217304763959944,-1.6965337316060214,210,210,210,140,140,130,130
33.359291791915894,-1.2988320341647066,4.163072042101916,0.2617993877991417,0.12217304763959944,-1.7035594662854143,210,210,210,140,140,130,130
33.36951446533203,-1.2976327642740642,4.154264774002762,0.2617993877991417,0.13962634015954223,-1.7085156418629608,210,210,210,140,140,130,130
33.37991380691528,-1.2976327642740642,4.154264774002762,0.2617993877991417,0.13962634015954223,-1.7085156418629608,210,210,210,140,140,130,130
33.39983081817627,-1.2976327642740642,4.154264774002762,0.2617993877991417,0.157079632679485,-1.7085156418629608,210,210,210,140,140,130,130
33.41022992134094,-1.2964316444301183,4.1457263203322885,0.2617993877991417,0.19198621771937055,-1.7125920039555258,210,210,210,140,140,130,130
33.420470237731934,-1.2964316444301183,4.1457263203322885,0.2617993877991417,0.20943951023931331,-1.7125920039555258,210,210,210,140,140,130,130
33.43091607093811,-1.2951919558873644,4.137192523393434,0.2617993877991417,0.24434609527919887,-1.717745019426447,210,210,210,140,140,130,130
33.44710969924927,-1.2951919558873644,4.137192523393434,0.2617993877991417,0.2617993877991417,-1.717745019426447,210,210,210,140,140,130,130
33.45732355117798,-1.2951919558873644,4.137192523393434,0.2617993877991417,0.2617993877991417,-1.717745019426447,210,210,210,140,140,130,130
33.467517137527466,-1.2938619790923709,4.128413624864097,0.2617993877991417,0.2967059728390272,-1.7251383682338255,210,210,210,140,140,130,130
33.477763414382935,-1.2938619790923709,4.128413624864097,0.2617993877991417,0.31415926535897,-1.7251383682338255,210,210,210,140,140,130,120
33.4879732131958,-1.2938619790923709,4.128413624864097,0.2617993877991417,0.31415926535897,-1.7251383682338255,210,210,210,140,140,130,120
33.499366998672485,-1.2925072970176301,4.119939724108566,0.2617993877991417,0.33161255787891275,-1.7344243571321434,210,210,210,140,140,130,120
33.50957798957825,-1.2925072970176301,4.119939724108566,0.2617993877991417,0.34906585039885557,-1.7344243571321434,210,210,210,140,140,130,120
33.51978325843811,-1.2925072970176301,4.119939724108566,0.2617993877991417,0.34906585039885557,-1.7344243571321434,210,210,210,140,140,130,120
33.530003786087036,-1.2925072970176301,4.119939724108566,0.2617993877991417,0.36651914291879834,-1.7344243571321434,210,210,210,140,140,130,120
33.547489166259766,-1.2910764153648906,4.111538528353119,0.2617993877991417,0.36651914291879834,-1.7446581570931727,210,210,210,140,140,130,120
33.55771040916443,-1.2910764153648906,4.111538528353119,0.2617993877991417,0.3839724354387411,-1.7446581570931727,210,210,210,140,140,130,120
33.567906856536865,-1.2895157419322143,4.102927669869619,0.2617993877991417,0.3839724354387411,-1.7562725147978957,210,210,210,140,140,130,120
33.57811641693115,-1.2895157419322143,4.102927669869619,0.2617993877991417,0.3839724354387411,-1.7562725147978957,210,210,210,210,140,140,120
33.588338136672974,-1.2895157419322143,4.102927669869619,0.2617993877991417,0.3839724354387411,-1.7562725147978957,210,210,210,210,140,140,120
33.599828481674194,-1.2878811912105557,4.094531689310537,0.2617993877991417,0.3839724354387411,-1.7684715258746149,210,210,210,210,140,140,120
33.610037088394165,-1.2878811912105557,4.094531689310537,0.2617993877991417,0.3839724354387411,-1.7684715258746149,210,210,210,210,140,140,120
33.62023448944092,-1.2878811912105557,4.094531689310537,0.2617993877991417,0.3839724354387411,-1.7684715258746149,210,210,210,210,130,130,120
33.630449056625366,-1.2878811912105557,4.094531689310537,0.2617993877991417,0.3839724354387411,-1.7684715258746149,210,210,210,210,130,130,120
33.64067006111145,-1.2861504815890787,4.086151938147019,0.2617993877991417,0.3839724354387411,-1.7807624630458572,210,210,210,210,130,130,120
33.661354303359985,-1.2861504815890787,4.086151938147019,0.2617993877991417,0.40142572795868386,-1.7807624630458572,210,210,210,210,130,130,120
33.67156004905701,-1.2842672598746063,4.077596213421683,0.2617993877991417,0.40142572795868386,-1.7938807014092637,210,210,210,210,130,130,120
33.681808948516846,-1.2842672598746063,4.077596213421683,0.2617993877991417,0.40142572795868386,-1.7938807014092637,210,210,210,210,130,130,120
33.69680380821228,-1.2842672598746063,4.077596213421683,0.2617993877991417,0.27925268031908446,-1.7938807014092637,210,210,210,210,130,130,120
33.70711803436279,-1.2823311156163986,4.069312409639524,0.2617993877991417,0.27925268031908446,-1.8071988348696302,210,210,210,210,130,130,120
33.71733832359314,-1.2823311156163986,4.069312409639524,0.2617993877991417,0.27925268031908446,-1.8071988348696302,210,210,210,210,210,160,120
33.72757816314697,-1.2823311156163986,4.069312409639524,0.2617993877991417,0.2617993877991417,-1.8071988348696302,210,210,210,210,210,160,120
33.737789154052734,-1.2803165689355744,4.061138854620728,0.2617993877991417,0.2617993877991417,-1.8161724108658572,210,210,210,210,210,160,120
33.750385761260986,-1.2803165689355744,4.061138854620728,0.2617993877991417,0.2617993877991417,-1.8161724108658572,210,210,210,210,210,160,120
33.76058387756348,-1.2803165689355744,4.061138854620728,0.2617993877991417,0.24434609527919887,-1.8161724108658572,210,210,210,210,210,160,120
33.77076268196106,-1.278161090088023,4.052668609382151,0.2617993877991417,0.2617993877991417,-1.824467584832865,210,210,210,210,210,160,120
33.78099346160889,-1.278161090088023,4.052668609382151,0.2617993877991417,0.2617993877991417,-1.824467584832865,210,210,210,210,210,130,120
33.79626417160034,-1.278161090088023,4.052668609382151,0.2617993877991417,0.2967059728390272,-1.824467584832865,210,210,210,210,210,130,120
33.80652737617493,-1.275974963293207,4.044374594341424,0.2617993877991417,0.33161255787891275,-1.8326953549911122,210,210,210,210,210,130,120
33.8167359828949,-1.275974963293207,4.044374594341424,0.2617993877991417,0.34906585039885557,-1.8326953549911122,220,210,210,210,210,120,120
33.826943159103394,-1.275974963293207,4.044374594341424,0.2617993877991417,0.43633231299856945,-1.8326953549911122,220,210,210,210,210,120,120
33.837987661361694,-1.2737201975702714,4.036111918780946,0.2617993877991417,0.43633231299856945,-1.8424334729706442,220,210,210,210,210,120,120
33.85371804237366,-1.2737201975702714,4.036111918780946,0.2617993877991417,0.43633231299856945,-1.8424334729706442,220,210,210,210,210,120,120
33.863909006118774,-1.2713255362971034,4.02770176380794,0.2617993877991417,0.43633231299856945,-1.8536605046243313,220,210,210,210,210,120,120
33.87407684326172,-1.2713255362971034,4.02770176380794,0.2617993877991417,0.43633231299856945,-1.8536605046243313,210,210,210,210,210,120,120
33.88427519798279,-1.2713255362971034,4.02770176380794,0.2617993877991417,0.43633231299856945,-1.8536605046243313,210,210,210,210,210,120,120
33.8974175453186,-1.2713255362971034,4.02770176380794,0.2617993877991417,0.43633231299856945,-1.8536605046243313,210,210,210,210,210,120,120
33.90779972076416,-1.2689062953490347,4.019550811085042,0.2617993877991417,0.43633231299856945,-1.8648559789467158,210,210,210,210,210,120,120
33.918039321899414,-1.2689062953490347,4.019550811085042,0.2617993877991417,0.43633231299856945,-1.8648559789467158,220,210,210,210,210,120,120
33.92831373214722,-1.2689062953490347,4.019550811085042,0.2617993877991417,0.43633231299856945,-1.8648559789467158,220,210,210,210,210,120,120
33.93857979774475,-1.2663922952056266,4.0114406330880605,0.2617993877991417,0.43633231299856945,-1.8785718348345768,220,210,210,210,210,120,120
33.94884634017944,-1.2663922952056266,4.0114406330880605,0.2617993877991417,0.43633231299856945,-1.8785718348345768,220,210,210,210,210,120,120
33.95902442932129,-1.2663922952056266,4.0114406330880605,0.2617993877991417,0.43633231299856945,-1.8785718348345768,220,210,210,210,210,120,120
33.96921706199646,-1.2636730327478107,4.003096149289965,0.2617993877991417,0.43633231299856945,-1.8931474412754619,210,210,210,210,210,120,120
33.9794180393219,-1.2636730327478107,4.003096149289965,0.2617993877991417,0.43633231299856945,-1.8931474412754619,210,210,210,210,210,120,120
33.998371839523315,-1.2636730327478107,4.003096149289965,0.2617993877991417,0.43633231299856945,-1.8931474412754619,210,210,210,210,210,120,120
34.00879716873169,-1.2609153536774382,3.9950259514012667,0.2617993877991417,0.43633231299856945,-1.9073250169218654,210,210,210,210,210,120,120
34.01904487609863,-1.2609153536774382,3.9950259514012667,0.2617993877991417,0.43633231299856945,-1.9073250169218654,210,210,210,210,210,120,120
34.02939009666443,-1.2609153536774382,3.9950259514012667,0.2617993877991417,0.43633231299856945,-1.9073250169218654,210,210,210,210,210,210,210
34.03966426849365,-1.2580414145911152,3.9869894336353227,0.2617993877991417,0.43633231299856945,-1.9215635195734233,210,210,210,210,210,210,210
34.050387144088745,-1.2580414145911152,3.9869894336353227,0.2617993877991417,0.43633231299856945,-1.9215635195734233,210,210,210,210,210,210,210
34.06064295768738,-1.2580414145911152,3.9869894336353227,0.2617993877991417,0.43633231299856945,-1.9215635195734233,210,210,210,210,210,210,210
34.07080268859863,-1.2549617305663063,3.978752331505582,0.2617993877991417,0.43633231299856945,-1.9363408640016793,210,210,210,210,210,210,210
34.08100628852844,-1.2549617305663063,3.978752331505582,0.2617993877991417,0.43633231299856945,-1.9363408640016793,210,210,210,210,210,210,120
34.09834885597229,-1.2549617305663063,3.978752331505582,0.2617993877991417,0.43633231299856945,-1.9363408640016793,210,210,210,210,210,210,120
34.10855555534363,-1.2549617305663063,3.978752331505582,0.2617993877991417,0.43633231299856945,-1.9363408640016793,210,210,210,210,210,210,120
34.11875796318054,-1.2518580254793115,3.9708132700390464,0.2617993877991417,0.43633231299856945,-1.9508651592757664,220,210,210,210,210,210,120
34.128989934921265,-1.2518580254793115,3.9708132700390464,0.2617993877991417,0.43633231299856945,-1.9508651592757664,220,210,210,210,210,210,120
34.14742422103882,-1.2486570797252592,3.9629642664989952,0.2617993877991417,0.43633231299856945,-1.9657459099352723,220,210,210,210,210,210,120
34.15769720077515,-1.2486570797252592,3.9629642664989952,0.2617993877991417,0.43633231299856945,-1.9657459099352723,220,210,210,210,210,210,120
34.167895555496216,-1.2452293920397453,3.954902493421833,0.2617993877991417,0.43633231299856945,-1.9808336141422533,220,210,210,210,210,210,210
34.178635597229004,-1.2452293920397453,3.954902493421833,0.2617993877991417,0.43633231299856945,-1.9808336141422533,220,210,210,210,210,210,210
34.195353269577026,-1.2452293920397453,3.954902493421833,0.2617993877991417,0.43633231299856945,-1.9808336141422533,220,210,210,210,210,210,210
34.20558953285217,-1.2417858565158861,3.9471439069372307,0.2617993877991417,0.43633231299856945,-1.9953548621266972,220,210,210,210,210,210,210
34.215792179107666,-1.2417858565158861,3.9471439069372307,0.2617993877991417,0.43633231299856945,-1.9953548621266972,220,210,210,210,210,210,210
34.22600197792053,-1.2417858565158861,3.9471439069372307,0.2617993877991417,0.43633231299856945,-1.9953548621266972,220,210,210,210,210,210,210
34.236236572265625,-1.2382416976272461,3.939451408790889,0.2617993877991417,0.43633231299856945,-2.009688499243492,220,210,210,210,210,210,210
34.252455711364746,-1.2382416976272461,3.939451408790889,0.2617993877991417,0.43633231299856945,-2.009688499243492,220,210,210,210,210,210,210
34.2626850605011,-1.2382416976272461,3.939451408790889,0.2617993877991417,0.43633231299856945,-2.009688499243492,220,210,210,210,210,210,210
34.27288603782654,-1.234471447209174,3.931569486836927,0.2617993877991417,0.43633231299856945,-2.0244680875686902,220,210,210,210,210,210,210
34.2831289768219,-1.234471447209174,3.931569486836927,0.2617993877991417,0.43633231299856945,-2.0244680875686902,220,210,210,210,210,210,210
34.300395250320435,-1.230695519389911,3.9239630100270815,0.2617993877991417,0.43633231299856945,-2.0388260804891405,220,210,210,210,210,210,210
34.3106791973114,-1.230695519389911,3.9239630100270815,0.2617993877991417,0.43633231299856945,-2.0388260804891405,220,210,210,210,210,210,210
34.320884227752686,-1.230695519389911,3.9239630100270815,0.2617993877991417,0.43633231299856945,-2.0388260804891405,220,220,210,210,220,220,220
34.331122159957886,-1.230695519389911,3.9239630100270815,0.2617993877991417,0.43633231299856945,-2.0388260804891405,220,220,210,210,220,220,220
34.34895896911621,-1.2268049055619161,3.9164002061350427,0.2617993877991417,0.43633231299856945,-2.0531982072860138,220,220,210,210,220,220,220
34.35918688774109,-1.2268049055619161,3.9164002061350427,0.2617993877991417,0.43633231299856945,-2.0531982072860138,220,220,210,210,220,220,220
34.36941623687744,-1.2226769462796423,3.9086555955573896,0.2617993877991417,0.43633231299856945,-2.068019198186129,220,220,210,210,220,220,220
34.379647731781006,-1.2226769462796423,3.9086555955573896,0.2617993877991417,0.43633231299856945,-2.068019198186129,210,220,210,210,210,210,210
34.40043544769287,-1.2185551775451287,3.901186785452898,0.2617993877991417,0.43633231299856945,-2.0824129085046805,210,220,210,210,210,210,210
34.41070365905762,-1.2185551775451287,3.901186785452898,0.2617993877991417,0.43633231299856945,-2.0824129085046805,210,220,210,210,210,210,210
34.4209098815918,-1.2185551775451287,3.901186785452898,0.2617993877991417,0.43633231299856945,-2.0824129085046805,210,220,210,210,210,210,210
34.431742429733276,-1.2185551775451287,3.901186785452898,0.2617993877991417,0.43633231299856945,-2.0824129085046805,210,220,210,210,210,220,210
34.44805407524109,-1.214321382441391,3.893768444235696,0.2617993877991417,0.43633231299856945,-2.0968022462111566,210,220,210,210,210,220,210
34.45822596549988,-1.214321382441391,3.893768444235696,0.2617993877991417,0.43633231299856945,-2.0968022462111566,210,220,210,210,210,220,210
34.46840143203735,-1.2098480353739995,3.886187010271418,0.2617993877991417,0.43633231299856945,-2.1115832908493903,210,220,210,210,210,220,210
34.47858190536499,-1.2098480353739995,3.886187010271418,0.2617993877991417,0.43633231299856945,-2.1115832908493903,210,220,210,210,210,210,210
34.497116565704346,-1.2098480353739995,3.886187010271418,0.2617993877991417,0.43633231299856945,-2.1115832908493903,210,220,210,210,210,210,210
34.50749373435974,-1.2054040138000828,3.8788993841454174,0.2617993877991417,0.43633231299856945,-2.125799948757824,210,220,210,210,210,210,210
34.51767539978027,-1.2054040138000828,3.8788993841454174,0.2617993877991417,0.43633231299856945,-2.125799948757824,210,210,210,190,210,190,190
34.52821946144104,-1.2054040138000828,3.8788993841454174,0.2617993877991417,0.43633231299856945,-2.125799948757824,210,210,210,190,210,190,190
34.53840374946594,-1.2008687417293487,3.871697154846499,0.2617993877991417,0.43633231299856945,-2.1398178332830984,210,210,210,190,210,190,190
34.54905843734741,-1.2008687417293487,3.871697154846499,0.2617993877991417,0.43633231299856945,-2.1398178332830984,210,210,210,190,210,190,190
34.559224367141724,-1.2008687417293487,3.871697154846499,0.2617993877991417,0.43633231299856945,-2.1398178332830984,210,210,210,190,210,190,190
34.56938314437866,-1.1960887744083513,3.8643399734621964,0.2617993877991417,0.43633231299856945,-2.1543481065491448,190,220,220,220,220,220,220
34.57957696914673,-1.1960887744083513,3.8643399734621964,0.2617993877991417,0.43633231299856945,-2.1543481065491448,190,220,220,220,220,220,220
34.59860944747925,-1.1960887744083513,3.8643399734621964,0.2617993877991417,0.43633231299856945,-2.1543481065491448,190,220,220,220,220,220,220
34.60885143280029,-1.1913527774458958,3.8572708026464646,0.2617993877991417,0.43633231299856945,-2.1685341796327164,190,220,220,220,220,220,220
34.61902952194214,-1.1913527774458958,3.8572708026464646,0.2617993877991417,0.43633231299856945,-2.1685341796327164,190,220,220,220,220,220,220
34.629395723342896,-1.1913527774458958,3.8572708026464646,0.2617993877991417,0.43633231299856945,-2.1685341796327164,180,200,210,210,210,210,210
34.646596908569336,-1.1865246174805277,3.850289792898785,0.2617993877991417,0.43633231299856945,-2.1829594752869164,180,200,210,210,210,210,210
34.65684413909912,-1.1865246174805277,3.850289792898785,0.2617993877991417,0.43633231299856945,-2.1829594752869164,180,200,210,210,210,210,210
34.66759991645813,-1.1814621433130204,3.8431938452711125,0.2617993877991417,0.43633231299856945,-2.198103283555348,180,200,210,210,210,210,210
34.677828788757324,-1.1814621433130204,3.8431938452711125,0.2617993877991417,0.43633231299856945,-2.198103283555348,190,210,210,210,210,210,210
34.68805909156799,-1.1814621433130204,3.8431938452711125,0.2617993877991417,0.43633231299856945,-2.198103283555348,190,210,210,210,210,210,210
34.69966244697571,-1.176421588425697,3.836347706034733,0.2617993877991417,0.43633231299856945,-2.2126384392289524,190,210,210,210,210,210,210
34.70989108085632,-1.176421588425697,3.836347706034733,0.2617993877991417,0.43633231299856945,-2.2126384392289524,190,210,210,210,210,210,210
34.72007417678833,-1.176421588425697,3.836347706034733,0.2617993877991417,0.43633231299856945,-2.2126384392289524,190,210,210,210,210,210,210
34.73027563095093,-1.176421588425697,3.836347706034733,0.2617993877991417,0.43633231299856945,-2.2126384392289524,180,190,210,210,210,210,210
34.74748396873474,-1.1712827820192244,3.829573277858912,0.2617993877991417,0.43633231299856945,-2.227245355201829,180,190,210,210,210,210,210
34.7577064037323,-1.1712827820192244,3.829573277858912,0.2617993877991417,0.43633231299856945,-2.227245355201829,180,190,210,210,210,210,210
34.76789379119873,-1.1658802603372602,3.8226662214077645,0.2617993877991417,0.43633231299856945,-2.242283408523273,180,190,210,210,210,210,210
34.778327226638794,-1.1658802603372602,3.8226662214077645,0.2617993877991417,0.43633231299856945,-2.242283408523273,200,190,210,210,210,220,210
34.79751968383789,-1.1605413671377274,3.816041803246403,0.2617993877991417,0.43633231299856945,-2.2567892641690688,200,190,210,210,210,220,210
34.80774474143982,-1.1605413671377274,3.816041803246403,0.2617993877991417,0.41887902047862663,-2.2567892641690688,200,190,210,210,210,220,210
34.8179292678833,-1.1605413671377274,3.816041803246403,0.2617993877991417,0.41887902047862663,-2.2567892641690688,180,190,210,210,210,210,210
34.82822561264038,-1.1605413671377274,3.816041803246403,0.2617993877991417,0.2967059728390272,-2.2567892641690688,180,190,210,210,210,210,210
34.83848214149475,-1.1551212862613516,3.809518257887645,0.2617993877991417,0.27925268031908446,-2.271022890951897,180,190,210,210,210,210,210
34.848721742630005,-1.1551212862613516,3.809518257887645,0.2617993877991417,0.27925268031908446,-2.271022890951897,180,190,210,210,210,210,210
34.85889029502869,-1.1551212862613516,3.809518257887645,0.2617993877991417,0.17453292519942779,-2.271022890951897,180,190,210,210,210,210,210
34.86909246444702,-1.1494027454390183,3.8028178582753567,0.2617993877991417,0.17453292519942779,-2.2822886557495337,190,180,210,210,210,220,220
34.87929320335388,-1.1494027454390183,3.8028178582753567,0.2617993877991417,0.05235987755982833,-2.2822886557495337,190,180,210,210,210,220,220
34.88947939872742,-1.1494027454390183,3.8028178582753567,0.2617993877991417,0.0,-2.2822886557495337,190,180,210,210,210,220,220
34.901203632354736,-1.1437676768955893,3.7963297511292766,0.2617993877991417,0.0,-2.2888174182805496,190,180,210,210,210,220,220
34.91143274307251,-1.1437676768955893,3.7963297511292766,0.2617993877991417,0.0,-2.2888174182805496,190,180,210,210,210,220,220
34.92164349555969,-1.1437676768955893,3.7963297511292766,0.2617993877991417,0.0,-2.2888174182805496,190,190,190,210,210,210,210
34.93183374404907,-1.1437676768955893,3.7963297511292766,0.2617993877991417,0.0,-2.2888174182805496,190,190,190,210,210,210,210
34.94717526435852,-1.1437676768955893,3.7963297511292766,0.2617993877991417,0.0,-2.2888174182805496,190,190,190,210,210,210,210
34.957536697387695,-1.1380786922882797,3.7898356091780427,0.2617993877991417,0.0,-2.2902731503088605,190,190,190,210,210,210,210
34.96772575378418,-1.132208128103397,3.7831347611841615,0.2617993877991417,0.0,-2.2901638864050784,190,190,190,210,210,210,210
34.977893590927124,-1.132208128103397,3.7831347611841615,0.2617993877991417,0.0,-2.2901638864050784,190,190,190,210,210,210,210
34.98811984062195,-1.132208128103397,3.7831347611841615,0.2617993877991417,0.0,-2.2901638864050784,190,190,190,210,210,210,210
35.00003981590271,-1.1265050612908385,3.776623770700945,0.2617993877991417,0.0,-2.2900553476316263,190,190,190,210,210,210,210
35.01025581359863,-1.1265050612908385,3.776623770700945,0.2617993877991417,0.0,-2.2900553476316263,190,190,190,210,210,210,210
35.02045679092407,-1.1265050612908385,3.776623770700945,0.2617993877991417,0.0,-2.2900553476316263,190,190,190,210,210,210,210
35.03076148033142,-1.120800530295719,3.7701099570620595,0.2617993877991417,0.0,-2.2899874560469122,190,190,200,210,210,210,210
35.050620555877686,-1.120800530295719,3.7701099570620595,0.2617993877991417,0.0,-2.2899874560469122,190,190,200,210,210,210,210
35.06087946891785,-1.120800530295719,3.7701099570620595,0.2617993877991417,0.0,-2.2899874560469122,190,190,200,210,210,210,210
35.0710768699646,-1.1149279279536488,3.7634023518854445,0.2617993877991417,0.0,-2.2900278910751184,190,190,200,210,210,210,210
35.08133268356323,-1.1149279279536488,3.7634023518854445,0.2617993877991417,0.0,-2.2900278910751184,190,190,200,210,210,210,210
35.09155797958374,-1.1149279279536488,3.7634023518854445,0.2617993877991417,0.0,-2.2900278910751184,190,190,200,210,210,210,210
35.10391354560852,-1.1092475336214287,3.7569209792612583,0.2617993877991417,0.0,-2.290350396537617,190,190,200,210,210,210,210
35.114094495773315,-1.1092475336214287,3.7569209792612583,0.2617993877991417,0.0,-2.290350396537617,190,190,200,210,210,210,210
35.12428855895996,-1.1092475336214287,3.7569209792612583,0.2617993877991417,0.0,-2.290350396537617,190,190,200,210,210,210,210
35.13451671600342,-1.1035569695171936,3.7504318166559116,0.2617993877991417,0.0,-2.2906101168451456,190,190,200,210,210,210,210
35.1514995098114,-1.1035569695171936,3.7504318166559116,0.2617993877991417,0.0,-2.2906101168451456,190,190,200,210,210,210,210
35.16170787811279,-1.1035569695171936,3.7504318166559116,0.2617993877991417,0.0,-2.2906101168451456,190,190,200,210,210,210,210
35.171873807907104,-1.0976964434608356,3.7437482454872306,0.2617993877991417,0.0,-2.290836870099336,190,190,210,210,210,210,210
35.182053327560425,-1.0976964434608356,3.7437482454872306,0.2617993877991417,0.0,-2.290836870099336,190,190,210,210,210,210,210
35.198071241378784,-1.092012336582879,3.7372758352353923,0.2617993877991417,0.0,-2.290838110139425,190,190,210,210,210,210,210
35.208284854888916,-1.092012336582879,3.7372758352353923,0.2617993877991417,0.0,-2.290838110139425,190,190,210,210,210,210,210
35.21847057342529,-1.092012336582879,3.7372758352353923,0.2617993877991417,0.0,-2.290838110139425,190,190,210,210,210,210,210
35.22865915298462,-1.092012336582879,3.7372758352353923,0.2617993877991417,0.0,-2.290838110139425,180,190,200,210,210,210,210
35.238892555236816,-1.0863491454659666,3.7308191891555063,0.2617993877991417,0.0,-2.290588992355569,180,190,200,210,210,210,210
35.25064015388489,-1.0863491454659666,3.7308191891555063,0.2617993877991417,0.0,-2.290588992355569,180,190,200,210,210,210,210
35.260820150375366,-1.0863491454659666,3.7308191891555063,0.2617993877991417,0.0,-2.290588992355569,180,190,200,210,210,210,210
35.27099895477295,-1.0804918714724971,3.7241414622130713,0.2617993877991417,0.0,-2.2904978089675683,180,190,200,210,210,210,210
35.281224966049194,-1.0804918714724971,3.7241414622130713,0.2617993877991417,0.0,-2.2904978089675683,180,190,200,210,210,210,210
35.29152727127075,-1.0804918714724971,3.7241414622130713,0.2617993877991417,0.0,-2.2904978089675683,180,190,200,210,210,210,210
35.30177903175354,-1.0748062831221528,3.7176559013911388,0.2617993877991417,0.0,-2.290366393259961,180,190,200,210,210,210,210
35.311970949172974,-1.0748062831221528,3.7176559013911388,0.2617993877991417,0.0,-2.290366393259961,180,190,200,210,210,210,210
35.322145223617554,-1.0748062831221528,3.7176559013911388,0.2617993877991417,0.0,-2.290366393259961,180,190,200,210,210,210,210
35.33245062828064,-1.0691141194471125,3.7111609190089445,0.2617993877991417,0.0,-2.290243482315215,180,190,200,210,210,210,210
35.3470733165741,-1.0691141194471125,3.7111609190089445,0.2617993877991417,0.0,-2.290243482315215,180,190,200,210,210,210,210
35.35726237297058,-1.0691141194471125,3.7111609190089445,0.2617993877991417,0.0,-2.290243482315215,180,190,200,210,210,210,210
35.36744165420532,-1.0632428965053518,3.7044600708003435,0.2617993877991417,0.0,-2.2901316841321786,180,190,200,210,210,210,210
35.3776535987854,-1.0632428965053518,3.7044600708003435,0.2617993877991417,0.0,-2.2901316841321786,180,190,200,210,210,210,210
35.38782978057861,-1.0632428965053518,3.7044600708003435,0.2617993877991417,0.0,-2.2901316841321786,180,190,200,210,210,210,210
35.40164566040039,-1.0632428965053518,3.7044600708003435,0.2617993877991417,0.0,-2.2901316841321786,180,190,200,210,210,210,210
35.41182208061218,-1.0575396656440705,3.6979487634178443,0.2617993877991417,0.0,-2.290028249440855,180,190,200,210,210,210,210
35.422032594680786,-1.0575396656440705,3.6979487634178443,0.2617993877991417,0.0,-2.290028249440855,180,190,190,210,210,210,210
35.43226885795593,-1.0518354398879923,3.6914353556347064,0.2617993877991417,0.0,-2.289971573801637,180,190,190,210,210,210,210
35.45150279998779,-1.0518354398879923,3.6914353556347064,0.2617993877991417,0.0,-2.289971573801637,180,190,190,210,210,210,210
35.46173286437988,-1.0518354398879923,3.6914353556347064,0.2617993877991417,0.0,-2.289971573801637,180,190,190,210,210,210,210
35.471906900405884,-1.0459629555561938,3.6847296912611487,0.2617993877991417,0.0,-2.290034046793545,180,190,190,210,210,210,210
35.48211312294006,-1.0459629555561938,3.6847296912611487,0.2617993877991417,0.0,-2.290034046793545,180,190,190,210,210,210,210
35.50086951255798,-1.0402861307601197,3.6782514129003574,0.2617993877991417,0.0,-2.2903891421178253,180,190,190,210,210,210,210
35.51106810569763,-1.0402861307601197,3.6782514129003574,0.2617993877991417,0.0,-2.2903891421178253,180,190,190,210,210,210,210
35.52131247520447,-1.0402861307601197,3.6782514129003574,0.2617993877991417,0.0,-2.2903891421178253,180,190,190,210,210,210,210
35.531564712524414,-1.034593870462351,3.6717609793619572,0.2617993877991417,0.0,-2.2906341357793303,190,190,190,210,210,210,210
35.54185748100281,-1.034593870462351,3.6717609793619572,0.2617993877991417,0.0,-2.2906341357793303,190,190,190,210,210,210,210
35.55204463005066,-1.034593870462351,3.6717609793619572,0.2617993877991417,0.0,-2.2906341357793303,190,190,190,210,210,210,210
35.562214374542236,-1.034593870462351,3.6717609793619572,0.2617993877991417,0.0,-2.2906341357793303,190,190,190,210,210,210,210
35.57240629196167,-1.028733446752728,3.665077810467701,0.2617993877991417,0.0,-2.2908472842263627,180,190,200,210,210,210,210
35.58275747299194,-1.028733446752728,3.665077810467701,0.2617993877991417,0.0,-2.2908472842263627,180,190,200,210,210,210,210
35.59899044036865,-1.0230524840082016,3.6586086555873285,0.2617993877991417,0.0,-2.290802294994951,180,190,200,210,210,210,210
35.609182357788086,-1.0230524840082016,3.6586086555873285,0.2617993877991417,0.0,-2.290802294994951,180,190,200,210,210,210,210
35.61938834190369,-1.0230524840082016,3.6586086555873285,0.2617993877991417,0.0,-2.290802294994951,180,190,200,210,210,210,210
35.62960767745972,-1.0230524840082016,3.6586086555873285,0.2617993877991417,0.0,-2.290802294994951,180,180,200,210,210,210,210
35.64848470687866,-1.01738591568503,3.652147998268548,0.2617993877991417,0.0,-2.2905847573479905,180,180,200,210,210,210,210
35.6587188243866,-1.01738591568503,3.652147998268548,0.2617993877991417,0.0,-2.2905847573479905,180,180,200,210,210,210,210
35.66897106170654,-1.01152913449063,3.6454705659939837,0.2617993877991417,0.0,-2.2904806842403795,180,180,200,210,210,210,210
35.679258823394775,-1.01152913449063,3.6454705659939837,0.2617993877991417,0.0,-2.2904806842403795,180,180,200,210,210,210,210
35.68946170806885,-1.01152913449063,3.6454705659939837,0.2617993877991417,0.0,-2.2904806842403795,180,180,200,210,210,210,210
35.699684619903564,-1.0058428578573357,3.6389839697449538,0.2617993877991417,0.0,-2.2903486978202943,180,180,200,210,210,210,210
35.709858894348145,-1.0058428578573357,3.6389839697449538,0.2617993877991417,0.0,-2.2903486978202943,180,180,200,210,210,210,210
35.720036029815674,-1.0058428578573357,3.6389839697449538,0.2617993877991417,0.0,-2.2903486978202943,180,180,200,210,210,210,210
35.73024797439575,-1.0058428578573357,3.6389839697449538,0.2617993877991417,0.0,-2.2903486978202943,180,180,200,210,210,210,210
35.74944853782654,-1.0001499391889184,3.63248793214631,0.2617993877991417,0.0,-2.290227348586209,180,180,200,210,210,210,210
35.75966119766235,-1.0001499391889184,3.63248793214631,0.2617993877991417,0.0,-2.290227348586209,180,180,200,210,210,210,210
35.769848108291626,-0.9942780803935793,3.6257860954157817,0.2617993877991417,0.0,-2.2901161736837974,190,190,210,210,210,210,210
35.7800555229187,-0.9942780803935793,3.6257860954157817,0.2617993877991417,0.0,-2.2901161736837974,190,190,210,210,210,210,210
35.79025673866272,-0.9942780803935793,3.6257860954157817,0.2617993877991417,0.0,-2.2901161736837974,190,190,210,210,210,210,210
35.80431938171387,-0.9942780803935793,3.6257860954157817,0.2617993877991417,0.0,-2.2901161736837974,190,190,210,210,210,210,210
35.81452250480652,-0.9942780803935793,3.6257860954157817,0.2617993877991417,0.0,-2.2901161736837974,190,190,210,210,210,210,210
35.824702501297,-0.9885744836493298,3.6192741249301816,0.2617993877991417,0.0,-2.290014894623432,190,190,210,210,210,210,210
35.83522868156433,-0.9828706137140298,3.6127607840845224,0.2617993877991417,0.0,-2.2899673197718022,190,190,210,210,210,210,210
35.851096391677856,-0.9828706137140298,3.6127607840845224,0.2617993877991417,0.0,-2.2899673197718022,190,190,210,210,210,210,210
35.86131024360657,-0.9828706137140298,3.6127607840845224,0.2617993877991417,0.0,-2.2899673197718022,190,190,210,210,210,210,210
35.8715238571167,-0.9769988228747138,3.6060575638414907,0.2617993877991417,0.0,-2.2900530091802156,190,190,210,210,210,210,210
35.88203167915344,-0.9769988228747138,3.6060575638414907,0.2617993877991417,0.0,-2.2900530091802156,190,190,210,210,210,210,220
35.89920687675476,-0.9713244559433828,3.599581033056587,0.2617993877991417,0.0,-2.290429565035515,190,190,210,210,210,210,220
35.90940594673157,-0.9713244559433828,3.599581033056587,0.2617993877991417,0.0,-2.290429565035515,190,190,210,210,210,210,220
35.919597148895264,-0.9713244559433828,3.599581033056587,0.2617993877991417,0.0,-2.290429565035515,190,190,210,210,210,210,220
35.9298141002655,-0.9713244559433828,3.599581033056587,0.2617993877991417,0.0,-2.290429565035515,190,190,210,210,210,210,210
35.94878339767456,-0.9656307214952174,3.59308929620093,0.2617993877991417,0.0,-2.290658918448852,190,190,210,210,210,210,210
35.95898389816284,-0.9656307214952174,3.59308929620093,0.2617993877991417,0.0,-2.290658918448852,190,190,210,210,210,210,210
35.96915292739868,-0.959770083526579,3.586406833029148,0.2617993877991417,0.0,-2.290855959971855,190,190,210,210,210,210,210
35.97938108444214,-0.959770083526579,3.586406833029148,0.2617993877991417,0.0,-2.290855959971855,190,190,210,210,210,210,210
35.989575147628784,-0.959770083526579,3.586406833029148,0.2617993877991417,0.0,-2.290855959971855,190,190,210,210,210,210,210
35.99994730949402,-0.9540929198127823,3.579941225402194,0.2617993877991417,0.0,-2.29076132548698,190,190,210,210,210,210,210
36.01012635231018,-0.9540929198127823,3.579941225402194,0.2617993877991417,0.0,-2.29076132548698,190,190,210,210,210,210,210
36.02031111717224,-0.9540929198127823,3.579941225402194,0.2617993877991417,0.0,-2.29076132548698,190,190,210,210,210,210,210
36.03048777580261,-0.9484225607239865,3.5734763850126217,0.2617993877991417,0.0,-2.290576699643134,190,190,210,210,210,210,210
36.04069495201111,-0.9484225607239865,3.5734763850126217,0.2617993877991417,0.0,-2.290576699643134,190,190,210,210,210,210,210
36.05214238166809,-0.9484225607239865,3.5734763850126217,0.2617993877991417,0.0,-2.290576699643134,190,190,210,210,210,210,210
36.06230545043945,-0.9484225607239865,3.5734763850126217,0.2617993877991417,0.0,-2.290576699643134,190,190,210,210,210,210,210
36.072474002838135,-0.9425665907070335,3.566799345433226,0.2617993877991417,0.0,-2.2904594897531965,190,190,210,210,210,210,210
36.082661390304565,-0.9425665907070335,3.566799345433226,0.2617993877991417,0.0,-2.2904594897531965,190,190,210,210,210,210,210
36.1006760597229,-0.9425665907070335,3.566799345433226,0.2617993877991417,0.0,-2.2904594897531965,190,190,210,210,210,210,210
36.11105179786682,-0.9368796738887714,3.5603115985552196,0.2617993877991417,0.0,-2.2903279094395694,190,190,210,210,210,210,210
36.121206283569336,-0.9368796738887714,3.5603115985552196,0.2617993877991417,0.0,-2.2903279094395694,190,190,210,210,210,210,210
36.13138794898987,-0.9311860126516436,3.553814456664945,0.2617993877991417,0.0,-2.29020868345636,190,190,210,210,210,210,210
36.14157319068909,-0.9311860126516436,3.553814456664945,0.2617993877991417,0.0,-2.29020868345636,190,190,210,210,210,210,210
36.15342378616333,-0.9311860126516436,3.553814456664945,0.2617993877991417,0.0,-2.29020868345636,190,190,210,210,210,210,210
36.163614988327026,-0.9253135621421571,3.547111602069716,0.2617993877991417,0.0,-2.290097997819674,190,190,210,210,210,210,210
36.173787355422974,-0.9253135621421571,3.547111602069716,0.2617993877991417,0.0,-2.290097997819674,190,190,210,210,210,210,210
36.183993101119995,-0.9253135621421571,3.547111602069716,0.2617993877991417,0.0,-2.290097997819674,190,180,200,210,210,210,210
36.198505878448486,-0.9253135621421571,3.547111602069716,0.2617993877991417,0.0,-2.290097997819674,190,180,200,210,210,210,210
36.208800315856934,-0.9196096686678378,3.5405990748531133,0.2617993877991417,0.0,-2.290000275953593,190,180,200,210,210,210,210
36.218976736068726,-0.9196096686678378,3.5405990748531133,0.2617993877991417,0.0,-2.290000275953593,190,180,200,210,210,210,210
36.22918152809143,-0.9196096686678378,3.5405990748531133,0.2617993877991417,0.0,-2.290000275953593,190,180,190,210,210,210,210
36.239408016204834,-0.9139062493693756,3.534085794002701,0.2617993877991417,0.0,-2.289962851520583,190,180,190,210,210,210,210
36.24958801269531,-0.9139062493693756,3.534085794002701,0.2617993877991417,0.0,-2.289962851520583,190,180,190,210,210,210,210
36.259772062301636,-0.9139062493693756,3.534085794002701,0.2617993877991417,0.0,-2.289962851520583,190,180,190,210,210,210,210
36.269943714141846,-0.9080356636266038,3.527385444385724,0.2617993877991417,0.0,-2.2900754227469458,190,180,190,210,210,210,210
36.28096342086792,-0.9080356636266038,3.527385444385724,0.2617993877991417,0.0,-2.2900754227469458,190,180,190,210,210,210,210
36.29842257499695,-0.9080356636266038,3.527385444385724,0.2617993877991417,0.0,-2.2900754227469458,190,180,190,210,210,210,210
36.30874800682068,-0.9023623097658034,3.5209093442446004,0.2617993877991417,0.0,-2.2904608057363203,190,180,190,210,210,210,210
36.31893587112427,-0.9023623097658034,3.5209093442446004,0.2617993877991417,0.0,-2.2904608057363203,190,180,190,210,210,210,210
36.32916593551636,-0.9023623097658034,3.5209093442446004,0.2617993877991417,0.0,-2.2904608057363203,190,180,190,210,210,210,210
36.34781742095947,-0.896667999836995,3.5144171099226904,0.2617993877991417,0.0,-2.290681283619549,190,180,190,210,210,210,210
36.358012199401855,-0.896667999836995,3.5144171099226904,0.2617993877991417,0.0,-2.290681283619549,190,180,190,210,210,210,210
36.36818599700928,-0.8908070597981126,3.5077358082815744,0.2617993877991417,0.0,-2.2908598914613147,190,180,190,210,210,210,210
36.37836766242981,-0.8908070597981126,3.5077358082815744,0.2617993877991417,0.0,-2.2908598914613147,190,180,190,210,210,210,210
36.38861107826233,-0.8908070597981126,3.5077358082815744,0.2617993877991417,0.0,-2.2908598914613147,190,180,190,210,210,210,210
36.399903774261475,-0.8851340338568098,3.5012738117089377,0.2617993877991417,-0.05235987755982833,-2.2907149384108965,190,180,190,210,210,210,210
36.410101652145386,-0.8851340338568098,3.5012738117089377,0.2617993877991417,-0.05235987755982833,-2.2907149384108965,190,180,190,210,210,210,210
36.42032814025879,-0.8851340338568098,3.5012738117089377,0.2617993877991417,-0.06981317007977111,-2.2907149384108965,190,190,190,210,210,210,210
36.43053364753723,-0.8851340338568098,3.5012738117089377,0.2617993877991417,-0.06981317007977111,-2.2907149384108965,190,190,190,210,210,210,210
36.44891810417175,-0.879458879776512,3.494804002637265,0.2617993877991417,-0.10471975511965666,-2.2905701359750243,190,190,190,210,210,210,210
36.459131956100464,-0.879458879776512,3.494804002637265,0.2617993877991417,-0.10471975511965666,-2.2905701359750243,190,190,190,210,210,210,210
36.469338178634644,-0.8735975941338787,3.48810767044985,0.2617993877991417,-0.10471975511965666,-2.2883589577400403,190,180,190,210,210,210,210
36.47951149940491,-0.8735975941338787,3.48810767044985,0.2617993877991417,-0.12217304763959944,-2.2883589577400403,190,180,190,210,210,210,210
36.48968029022217,-0.8735975941338787,3.48810767044985,0.2617993877991417,-0.12217304763959944,-2.2883589577400403,190,180,190,210,210,210,210
36.50087094306946,-0.8735975941338787,3.48810767044985,0.2617993877991417,-0.12217304763959944,-2.2883589577400403,190,180,190,210,210,210,210
36.51116394996643,-0.8679173399485345,3.4815786398514854,0.2617993877991417,-0.12217304763959944,-2.2848309070766204,190,180,190,210,210,210,210
36.521498918533325,-0.8679173399485345,3.4815786398514854,0.2617993877991417,-0.12217304763959944,-2.2848309070766204,190,180,190,210,210,210,210
36.531789779663086,-0.862250506238939,3.475014309958214,0.2617993877991417,-0.13962634015954223,-2.2806976111813886,190,190,190,210,210,210,210
36.550457239151,-0.862250506238939,3.475014309958214,0.2617993877991417,-0.13962634015954223,-2.2806976111813886,190,190,190,210,210,210,210
36.560659408569336,-0.862250506238939,3.475014309958214,0.2617993877991417,-0.17453292519942779,-2.2806976111813886,190,190,190,210,210,210,210
36.57082772254944,-0.8564320438199262,3.4682124021280067,0.2617993877991417,-0.17453292519942779,-2.2758500455946744,190,190,190,210,210,210,210
36.58101010322571,-0.8564320438199262,3.4682124021280067,0.2617993877991417,-0.19198621771937055,-2.2758500455946744,190,190,190,210,210,210,210
36.591195583343506,-0.8564320438199262,3.4682124021280067,0.2617993877991417,-0.19198621771937055,-2.2758500455946744,190,190,190,210,210,210,210
36.60283303260803,-0.8564320438199262,3.4682124021280067,0.2617993877991417,-0.20943951023931331,-2.2758500455946744,190,190,190,210,210,210,210
36.61322641372681,-0.8508109246110199,3.4615705327343402,0.2617993877991417,-0.2268928027592561,-2.2700706514800264,190,190,190,210,210,210,210
36.62345600128174,-0.8508109246110199,3.4615705327343402,0.2617993877991417,-0.2268928027592561,-2.2700706514800264,190,190,190,210,210,210,210
36.633702993392944,-0.8508109246110199,3.4615705327343402,0.2617993877991417,-0.24434609527919887,-2.2700706514800264,190,190,210,210,210,210,210
36.649972677230835,-0.8452324158263332,3.4548957756987964,0.2617993877991417,-0.2617993877991417,-2.2632874380536223,190,190,210,210,210,210,210
36.66017389297485,-0.8452324158263332,3.4548957756987964,0.2617993877991417,-0.27925268031908446,-2.2632874380536223,190,190,210,210,210,210,210
36.670363664627075,-0.8395748634841439,3.4480299473971834,0.2617993877991417,-0.27925268031908446,-2.2556823619948423,190,190,210,210,210,210,210
36.68056130409241,-0.8395748634841439,3.4480299473971834,0.2617993877991417,-0.2967059728390272,-2.2556823619948423,190,180,210,210,210,210,210
36.690747022628784,-0.8395748634841439,3.4480299473971834,0.2617993877991417,-0.2967059728390272,-2.2556823619948423,190,180,210,210,210,210,210
36.702765226364136,-0.8395748634841439,3.4480299473971834,0.2617993877991417,-0.2967059728390272,-2.2556823619948423,190,180,210,210,210,210,210
36.712981939315796,-0.8341460684436102,3.4413310318514005,0.2617993877991417,-0.31415926535897,-2.247317454029382,190,180,210,210,210,210,210
36.7231867313385,-0.8341460684436102,3.4413310318514005,0.2617993877991417,-0.31415926535897,-2.247317454029382,190,190,210,210,210,210,210
36.733376026153564,-0.8287255720620295,3.4345172562598316,0.2617993877991417,-0.31415926535897,-2.237880668963911,190,190,210,210,210,210,210
36.74917244911194,-0.8287255720620295,3.4345172562598316,0.2617993877991417,-0.31415926535897,-2.237880668963911,190,190,210,210,210,210,210
36.760132789611816,-0.8287255720620295,3.4345172562598316,0.2617993877991417,-0.31415926535897,-2.237880668963911,190,190,210,210,210,210,210
36.7703595161438,-0.8231983985227654,3.4274264095927958,0.2617993877991417,-0.31415926535897,-2.2274567882392846,190,190,210,210,210,210,210
36.780996322631836,-0.8231983985227654,3.4274264095927958,0.2617993877991417,-0.31415926535897,-2.2274567882392846,190,190,210,220,210,210,210
36.798551082611084,-0.8231983985227654,3.4274264095927958,0.2617993877991417,-0.31415926535897,-2.2274567882392846,190,190,210,220,210,210,210
36.808865785598755,-0.8179033599467055,3.420490256619649,0.2617993877991417,-0.31415926535897,-2.2172088884471606,190,190,210,220,210,210,210
36.8191864490509,-0.8179033599467055,3.420490256619649,0.2617993877991417,-0.31415926535897,-2.2172088884471606,190,190,210,220,210,210,210
36.82938289642334,-0.8179033599467055,3.420490256619649,0.2617993877991417,-0.31415926535897,-2.2172088884471606,190,190,210,210,210,210,210
36.83967399597168,-0.8126882919554872,3.413511444597035,0.2617993877991417,-0.31415926535897,-2.2067616207510445,190,190,210,210,210,210,210
36.85060095787048,-0.8126882919554872,3.413511444597035,0.2617993877991417,-0.31415926535897,-2.2067616207510445,190,190,210,210,210,210,210
36.860798358917236,-0.8126882919554872,3.413511444597035,0.2617993877991417,-0.31415926535897,-2.2067616207510445,190,190,210,210,210,210,210
36.87100315093994,-0.8074125431203556,3.4062844004338366,0.2617993877991417,-0.31415926535897,-2.19569938255837,180,190,210,210,210,210,210
36.881221532821655,-0.8074125431203556,3.4062844004338366,0.2617993877991417,-0.31415926535897,-2.19569938255837,180,190,210,210,210,210,210
36.89997577667236,-0.8074125431203556,3.4062844004338366,0.2617993877991417,-0.31415926535897,-2.19569938255837,180,190,210,210,210,210,210
36.91036868095398,-0.8023436671685903,3.3991814884234555,0.2617993877991417,-0.31415926535897,-2.1851636808635115,180,190,210,210,210,210,210
36.92056488990784,-0.8023436671685903,3.3991814884234555,0.2617993877991417,-0.31415926535897,-2.1851636808635115,180,190,210,210,210,210,210
36.930777072906494,-0.8023436671685903,3.3991814884234555,0.2617993877991417,-0.31415926535897,-2.1851636808635115,180,190,210,210,210,210,210
36.94935345649719,-0.7973475974606713,3.3920209782061983,0.2617993877991417,-0.31415926535897,-2.174597961038029,180,190,210,210,210,210,210
36.95960879325867,-0.7973475974606713,3.3920209782061983,0.2617993877991417,-0.31415926535897,-2.174597961038029,180,190,210,210,210,210,210
36.96982192993164,-0.7922827749171496,3.3845927605977897,0.2617993877991417,-0.2967059728390272,-2.163789592737676,180,190,210,210,210,210,210
36.98000955581665,-0.7922827749171496,3.3845927605977897,0.2617993877991417,-0.27925268031908446,-2.163789592737676,180,190,210,210,210,210,210
36.990227699279785,-0.7922827749171496,3.3845927605977897,0.2617993877991417,-0.27925268031908446,-2.163789592737676,180,190,210,210,210,210,210
37.00801157951355,-0.7874430189238029,3.377341213954329,0.2617993877991417,-0.24434609527919887,-2.1539232934496817,180,190,210,210,210,210,210
37.01827430725098,-0.7874430189238029,3.377341213954329,0.2617993877991417,-0.20943951023931331,-2.1539232934496817,180,190,210,210,210,210,210
37.02848243713379,-0.7874430189238029,3.377341213954329,0.2617993877991417,-0.19198621771937055,-2.1539232934496817,180,210,210,210,210,210,210
37.049622774124146,-0.7826926754859039,3.3700783536712984,0.2617993877991417,-0.157079632679485,-2.1458660391737236,180,210,210,210,210,210,210
37.05985140800476,-0.7826926754859039,3.3700783536712984,0.2617993877991417,-0.13962634015954223,-2.1458660391737236,180,210,210,210,210,210,210
37.07004237174988,-0.7778601893567054,3.3625694024576798,0.2617993877991417,-0.13962634015954223,-2.1394012096697717,190,210,210,210,210,210,210
37.08024334907532,-0.7778601893567054,3.3625694024576798,0.2617993877991417,-0.12217304763959944,-2.1394012096697717,190,210,210,210,210,210,210
37.090455293655396,-0.7778601893567054,3.3625694024576798,0.2617993877991417,-0.12217304763959944,-2.1394012096697717,190,210,210,210,210,210,210
37.1006395816803,-0.773210794306353,3.355258315400638,0.2617993877991417,-0.10471975511965666,-2.134849568790063,190,210,210,210,210,210,210
37.110952377319336,-0.773210794306353,3.355258315400638,0.2617993877991417,-0.08726646259971389,-2.134849568790063,190,210,210,210,210,210,210
37.12160587310791,-0.773210794306353,3.355258315400638,0.2617993877991417,-0.08726646259971389,-2.134849568790063,190,210,210,210,210,210,210
37.1332790851593,-0.768589213372739,3.3479277033790638,0.2617993877991417,-0.08726646259971389,-2.131506232027847,190,220,220,210,210,220,210
37.143712759017944,-0.768589213372739,3.3479277033790638,0.2617993877991417,-0.06981317007977111,-2.131506232027847,190,220,220,210,210,220,210
37.15403461456299,-0.768589213372739,3.3479277033790638,0.2617993877991417,-0.06981317007977111,-2.131506232027847,190,220,220,210,210,220,210
37.1643180847168,-0.7638476073699254,3.3403544278426023,0.2617993877991417,-0.06981317007977111,-2.1286621740098335,190,220,220,210,210,220,210
37.17457938194275,-0.7638476073699254,3.3403544278426023,0.2617993877991417,-0.06981317007977111,-2.1286621740098335,190,220,220,210,210,220,210
37.18482041358948,-0.7638476073699254,3.3403544278426023,0.2617993877991417,-0.06981317007977111,-2.1286621740098335,190,210,210,190,210,210,210
37.19923114776611,-0.7638476073699254,3.3403544278426023,0.2617993877991417,-0.06981317007977111,-2.1286621740098335,190,210,210,190,210,210,210
37.209614515304565,-0.7592619210594075,3.332988088137932,0.2617993877991417,-0.05235987755982833,-2.1264453061040687,190,210,210,190,210,210,210
37.21981143951416,-0.7592619210594075,3.332988088137932,0.2617993877991417,-0.05235987755982833,-2.1264453061040687,190,210,210,190,210,210,210
37.23001480102539,-0.7592619210594075,3.332988088137932,0.2617993877991417,-0.05235987755982833,-2.1264453061040687,190,200,210,190,210,210,210
37.24023985862732,-0.754692441315709,3.325614128385473,0.2617993877991417,-0.05235987755982833,-2.12472704092695,190,200,210,190,210,210,210
37.25420022010803,-0.754692441315709,3.325614128385473,0.2617993877991417,-0.05235987755982833,-2.12472704092695,190,200,210,190,210,210,210
37.264482736587524,-0.7499999939536537,3.3180142055655466,0.2617993877991417,-0.05235987755982833,-2.1228390504766845,190,200,210,190,210,210,210
37.27473759651184,-0.7499999939536537,3.3180142055655466,0.2617993877991417,-0.05235987755982833,-2.1228390504766845,190,200,210,190,210,210,210
37.2849395275116,-0.7499999939536537,3.3180142055655466,0.2617993877991417,-0.05235987755982833,-2.1228390504766845,190,210,210,200,210,210,210
37.30563497543335,-0.7454740222296292,3.3106501511549236,0.2617993877991417,-0.05235987755982833,-2.1207786895219765,190,210,210,200,210,210,210
37.31585383415222,-0.7454740222296292,3.3106501511549236,0.2617993877991417,-0.05235987755982833,-2.1207786895219765,190,210,210,200,210,210,210
37.32605218887329,-0.7454740222296292,3.3106501511549236,0.2617993877991417,-0.05235987755982833,-2.1207786895219765,190,210,210,200,210,210,210
37.33625936508179,-0.7409582397978961,3.30327003522176,0.2617993877991417,-0.05235987755982833,-2.1188527439475737,190,210,210,210,210,210,200
37.357699155807495,-0.7409582397978961,3.30327003522176,0.2617993877991417,-0.05235987755982833,-2.1188527439475737,190,210,210,210,210,210,200
37.36791181564331,-0.7363363734578267,3.2956867574120756,0.2617993877991417,-0.05235987755982833,-2.1170687931549628,190,210,210,210,210,210,200
37.37809443473816,-0.7363363734578267,3.2956867574120756,0.2617993877991417,-0.05235987755982833,-2.1170687931549628,190,190,200,200,200,210,200
37.388296127319336,-0.7363363734578267,3.2956867574120756,0.2617993877991417,-0.05235987755982833,-2.1170687931549628,190,190,200,200,200,210,200
37.40154790878296,-0.7363363734578267,3.2956867574120756,0.2617993877991417,-0.05235987755982833,-2.1170687931549628,190,190,200,200,200,210,200
37.41189765930176,-0.7318753907585064,3.2883371168834166,0.2617993877991417,-0.05235987755982833,-2.1155194544177904,190,190,200,200,200,210,200
37.422181844711304,-0.7318753907585064,3.2883371168834166,0.2617993877991417,-0.05235987755982833,-2.1155194544177904,190,190,200,200,200,210,200
37.43246650695801,-0.7274113311621955,3.2809585235860994,0.2617993877991417,-0.05235987755982833,-2.113881142595778,190,190,200,200,200,200,200
37.44849395751953,-0.7274113311621955,3.2809585235860994,0.2617993877991417,-0.05235987755982833,-2.113881142595778,190,190,200,200,200,200,200
37.4586923122406,-0.7274113311621955,3.2809585235860994,0.2617993877991417,-0.05235987755982833,-2.113881142595778,190,190,200,200,200,200,200
37.468886852264404,-0.7228226536456287,3.273343251923513,0.2617993877991417,-0.05235987755982833,-2.112217276140428,190,200,200,200,200,190,190
37.47907996177673,-0.7228226536456287,3.273343251923513,0.2617993877991417,-0.05235987755982833,-2.112217276140428,190,200,200,200,200,190,190
37.49733114242554,-0.7228226536456287,3.273343251923513,0.2617993877991417,-0.05235987755982833,-2.112217276140428,190,200,200,200,200,190,190
37.50753450393677,-0.7228226536456287,3.273343251923513,0.2617993877991417,-0.05235987755982833,-2.112217276140428,190,200,200,200,200,190,190
37.51828908920288,-0.7183750742117746,3.265935171801975,0.2617993877991417,-0.05235987755982833,-2.1106083129326776,190,200,200,200,200,190,190
37.52891945838928,-0.7183750742117746,3.265935171801975,0.2617993877991417,-0.05235987755982833,-2.1106083129326776,190,210,210,210,210,210,190
37.53918218612671,-0.7139327608550505,3.258509739088276,0.2617993877991417,-0.05235987755982833,-2.108994602975143,190,210,210,210,210,210,190
37.55172538757324,-0.7139327608550505,3.258509739088276,0.2617993877991417,-0.05235987755982833,-2.108994602975143,190,210,210,210,210,210,190
37.56203317642212,-0.7139327608550505,3.258509739088276,0.2617993877991417,-0.05235987755982833,-2.108994602975143,190,210,210,210,210,210,190
37.5723340511322,-0.7093622906639762,3.2508412872981496,0.2617993877991417,-0.05235987755982833,-2.1073181578269335,190,210,210,210,210,210,200
37.58285617828369,-0.7093622906639762,3.2508412872981496,0.2617993877991417,-0.05235987755982833,-2.1073181578269335,190,210,210,210,210,210,200
37.5992066860199,-0.7049339783381656,3.243382132808241,0.2617993877991417,-0.05235987755982833,-2.1056686013950925,190,210,210,210,210,210,200
37.60939598083496,-0.7049339783381656,3.243382132808241,0.2617993877991417,-0.05235987755982833,-2.1056686013950925,190,210,210,210,210,210,200
37.61957812309265,-0.7049339783381656,3.243382132808241,0.2617993877991417,-0.05235987755982833,-2.1056686013950925,190,210,210,210,210,210,200
37.62983179092407,-0.7049339783381656,3.243382132808241,0.2617993877991417,-0.05235987755982833,-2.1056686013950925,190,210,210,210,210,210,190
37.648476123809814,-0.7005163753258044,3.2359113805912054,0.2617993877991417,-0.05235987755982833,-2.103963585502555,190,210,210,210,210,210,190
37.65884518623352,-0.7005163753258044,3.2359113805912054,0.2617993877991417,-0.05235987755982833,-2.103963585502555,190,210,210,210,210,210,190
37.6691529750824,-0.6959800117221366,3.228207877120728,0.2617993877991417,-0.05235987755982833,-2.102088422331458,190,210,210,210,210,210,190
37.679665327072144,-0.6959800117221366,3.228207877120728,0.2617993877991417,-0.05235987755982833,-2.102088422331458,190,210,210,200,210,200,190
37.69588279724121,-0.6959800117221366,3.228207877120728,0.2617993877991417,-0.05235987755982833,-2.102088422331458,190,210,210,200,210,200,190
37.70615530014038,-0.6916020833572643,3.220744673154487,0.2617993877991417,-0.05235987755982833,-2.100105276275135,190,210,210,200,210,200,190
37.716556787490845,-0.6916020833572643,3.220744673154487,0.2617993877991417,-0.05235987755982833,-2.100105276275135,190,210,210,200,210,200,190
37.72673487663269,-0.6916020833572643,3.220744673154487,0.2617993877991417,-0.05235987755982833,-2.100105276275135,190,210,210,200,210,200,190
37.7369282245636,-0.6872441285465075,3.2132810049823655,0.2617993877991417,-0.05235987755982833,-2.0982046641748027,190,210,210,200,210,200,190
37.750998735427856,-0.6872441285465075,3.2132810049823655,0.2617993877991417,-0.05235987755982833,-2.0982046641748027,190,210,210,200,210,200,190
37.761192083358765,-0.6872441285465075,3.2132810049823655,0.2617993877991417,-0.05235987755982833,-2.0982046641748027,190,210,210,200,210,200,190
37.77137231826782,-0.6827866821133906,3.20561652032289,0.2617993877991417,-0.05235987755982833,-2.0965115149622404,190,210,210,200,210,200,190
37.78164601325989,-0.6827866821133906,3.20561652032289,0.2617993877991417,-0.05235987755982833,-2.0965115149622404,190,190,210,200,210,200,190
37.797091484069824,-0.6827866821133906,3.20561652032289,0.2617993877991417,-0.05235987755982833,-2.0965115149622404,190,190,210,200,210,200,190
37.807456970214844,-0.6784682253511712,3.1981627169049776,0.2617993877991417,-0.05235987755982833,-2.094838302263435,190,190,210,200,210,200,190
37.817681312561035,-0.6784682253511712,3.1981627169049776,0.2617993877991417,-0.05235987755982833,-2.094838302263435,190,210,210,200,200,200,190
37.82786512374878,-0.6784682253511712,3.1981627169049776,0.2617993877991417,-0.05235987755982833,-2.094838302263435,190,210,210,200,200,200,190
37.838096380233765,-0.674161273242351,3.1906959939627533,0.2617993877991417,-0.05235987755982833,-2.093208473655643,190,210,210,200,200,200,190
37.84831666946411,-0.674161273242351,3.1906959939627533,0.2617993877991417,-0.05235987755982833,-2.093208473655643,190,210,210,200,200,200,190
37.858861207962036,-0.674161273242351,3.1906959939627533,0.2617993877991417,-0.05235987755982833,-2.093208473655643,190,210,210,200,200,200,190
37.86907696723938,-0.669730129635734,3.182986291181761,0.2617993877991417,-0.05235987755982833,-2.091524182939232,190,190,200,190,200,190,190
37.87930369377136,-0.669730129635734,3.182986291181761,0.2617993877991417,-0.05235987755982833,-2.091524182939232,190,190,200,190,200,190,190
37.89766764640808,-0.669730129635734,3.182986291181761,0.2617993877991417,-0.05235987755982833,-2.091524182939232,190,190,200,190,200,190,190
37.90796971321106,-0.6654360743449393,3.175486734379348,0.2617993877991417,-0.05235987755982833,-2.089889862252637,190,190,200,190,200,190,190
37.918182373046875,-0.6654360743449393,3.175486734379348,0.2617993877991417,-0.05235987755982833,-2.089889862252637,190,190,200,190,200,190,190
37.92850303649902,-0.6654360743449393,3.175486734379348,0.2617993877991417,-0.05235987755982833,-2.089889862252637,190,190,200,190,190,190,190
37.9457061290741,-0.6611474131715422,3.1679691397101704,0.2617993877991417,-0.05235987755982833,-2.0882438621382953,190,190,200,190,190,190,190
37.95590853691101,-0.6611474131715422,3.1679691397101704,0.2617993877991417,-0.05235987755982833,-2.0882438621382953,190,190,200,190,190,190,190
37.9661910533905,-0.6567365349494522,3.1602060674864125,0.2617993877991417,-0.05235987755982833,-2.0865409649125537,190,190,200,190,190,190,190
37.976398944854736,-0.6567365349494522,3.1602060674864125,0.2617993877991417,-0.05235987755982833,-2.0865409649125537,190,200,200,190,190,190,190
37.98658275604248,-0.6567365349494522,3.1602060674864125,0.2617993877991417,-0.05235987755982833,-2.0865409649125537,190,200,200,190,190,190,190
37.99815630912781,-0.6524629024988298,3.1526539901180617,0.2617993877991417,-0.05235987755982833,-2.0848650513477978,190,200,200,190,190,190,190
38.00835061073303,-0.6524629024988298,3.1526539901180617,0.2617993877991417,-0.05235987755982833,-2.0848650513477978,190,200,200,190,190,190,190
38.018526554107666,-0.6524629024988298,3.1526539901180617,0.2617993877991417,-0.05235987755982833,-2.0848650513477978,190,200,200,190,190,190,190
38.02873420715332,-0.6524629024988298,3.1526539901180617,0.2617993877991417,-0.05235987755982833,-2.0848650513477978,190,200,210,200,200,200,190
38.04712700843811,-0.6481991801021443,3.1450884138827164,0.2617993877991417,-0.05235987755982833,-2.0831406402306483,190,200,210,200,200,200,190
38.0573627948761,-0.6481991801021443,3.1450884138827164,0.2617993877991417,-0.05235987755982833,-2.0831406402306483,190,200,210,200,200,200,190
38.06755232810974,-0.6438225203077895,3.1372865030941735,0.2617993877991417,-0.05235987755982833,-2.081291383063729,200,210,210,200,200,200,190
38.077829360961914,-0.6438225203077895,3.1372865030941735,0.2617993877991417,-0.05235987755982833,-2.081291383063729,200,210,210,200,200,200,190
38.08812856674194,-0.6438225203077895,3.1372865030941735,0.2617993877991417,-0.05235987755982833,-2.081291383063729,200,210,210,200,200,200,190
38.098374128341675,-0.6395957730416889,3.129723775221267,0.2617993877991417,-0.05235987755982833,-2.079424876250194,200,210,210,200,200,200,190
38.10855746269226,-0.6395957730416889,3.129723775221267,0.2617993877991417,-0.05235987755982833,-2.079424876250194,200,210,210,200,200,200,190
38.118733644485474,-0.6395957730416889,3.129723775221267,0.2617993877991417,-0.05235987755982833,-2.079424876250194,200,210,210,200,200,200,190
38.12903022766113,-0.6395957730416889,3.129723775221267,0.2617993877991417,-0.05235987755982833,-2.079424876250194,210,210,210,210,210,210,190
38.14784526824951,-0.6353968969962107,3.1221853746397206,0.2617993877991417,-0.05235987755982833,-2.07759506272221,210,210,210,210,210,210,190
38.158151149749756,-0.6353968969962107,3.1221853746397206,0.2617993877991417,-0.05235987755982833,-2.07759506272221,210,210,210,210,210,210,190
38.16834044456482,-0.631102459670084,3.1144353040470527,0.2617993877991417,-0.05235987755982833,-2.075931612790312,210,210,210,210,210,210,190
38.17854332923889,-0.631102459670084,3.1144353040470527,0.2617993877991417,-0.05235987755982833,-2.075931612790312,210,210,210,210,210,210,190
38.18877911567688,-0.631102459670084,3.1144353040470527,0.2617993877991417,-0.05235987755982833,-2.075931612790312,210,210,210,210,210,210,190
38.19903802871704,-0.6269385023850926,3.1068914263117233,0.2617993877991417,-0.05235987755982833,-2.074235400809323,210,210,210,210,210,210,190
38.20930361747742,-0.6269385023850926,3.1068914263117233,0.2617993877991417,-0.05235987755982833,-2.074235400809323,210,210,210,210,210,210,190
38.21950721740723,-0.6269385023850926,3.1068914263117233,0.2617993877991417,-0.05235987755982833,-2.074235400809323,200,210,200,190,200,190,190
38.229811906814575,-0.6269385023850926,3.1068914263117233,0.2617993877991417,-0.05235987755982833,-2.074235400809323,200,210,200,190,200,190,190
38.24856400489807,-0.6227854553347082,3.099336176538869,0.2617993877991417,-0.05235987755982833,-2.0725765723265503,200,210,200,190,200,190,190
38.25879502296448,-0.6227854553347082,3.099336176538869,0.2617993877991417,-0.05235987755982833,-2.0725765723265503,200,210,200,190,200,190,190
38.269010066986084,-0.6185135147465921,3.0915353828471566,0.2617993877991417,-0.05235987755982833,-2.070869677203349,190,190,190,190,190,190,190
38.27924418449402,-0.6185135147465921,3.0915353828471566,0.2617993877991417,-0.05235987755982833,-2.070869677203349,190,190,190,190,190,190,190
38.28948616981506,-0.6185135147465921,3.0915353828471566,0.2617993877991417,-0.05235987755982833,-2.070869677203349,190,190,190,190,190,190,190
38.299684047698975,-0.6185135147465921,3.0915353828471566,0.2617993877991417,-0.05235987755982833,-2.070869677203349,190,190,190,190,190,190,190
38.30988907814026,-0.6185135147465921,3.0915353828471566,0.2617993877991417,-0.05235987755982833,-2.070869677203349,190,190,190,190,190,190,190
38.32016181945801,-0.61437398608757,3.0839469969838467,0.2617993877991417,-0.05235987755982833,-2.069205709387213,190,190,190,190,190,190,190
38.33039999008179,-0.61437398608757,3.0839469969838467,0.2617993877991417,-0.05235987755982833,-2.069205709387213,190,190,190,190,190,190,190
38.34672260284424,-0.6102412424341102,3.076340989984984,0.2617993877991417,-0.05235987755982833,-2.067534599053278,190,190,190,190,190,190,190
38.356971740722656,-0.6102412424341102,3.076340989984984,0.2617993877991417,-0.05235987755982833,-2.067534599053278,190,190,190,190,190,190,190
38.36717391014099,-0.6059912721658205,3.0684863859099503,0.2617993877991417,-0.05235987755982833,-2.0658054364081617,190,190,190,190,190,190,190
38.3774049282074,-0.6059912721658205,3.0684863859099503,0.2617993877991417,-0.05235987755982833,-2.0658054364081617,190,190,190,190,190,190,190
38.38765287399292,-0.6059912721658205,3.0684863859099503,0.2617993877991417,-0.05235987755982833,-2.0658054364081617,190,190,190,190,190,190,190
38.40365552902222,-0.6018741745257309,3.0608452065177425,0.2617993877991417,-0.05235987755982833,-2.064109952433966,190,190,190,190,190,190,190
38.41387581825256,-0.6018741745257309,3.0608452065177425,0.2617993877991417,-0.05235987755982833,-2.064109952433966,190,190,190,190,190,190,190
38.42407178878784,-0.6018741745257309,3.0608452065177425,0.2617993877991417,-0.05235987755982833,-2.064109952433966,190,190,190,190,190,190,190
38.43427038192749,-0.5977670173621004,3.0531899470788426,0.2617993877991417,-0.05235987755982833,-2.062384801683435,190,190,190,190,190,190,190
38.444488763809204,-0.5977670173621004,3.0531899470788426,0.2617993877991417,-0.05235987755982833,-2.062384801683435,190,190,190,190,190,190,190
38.455461263656616,-0.5977670173621004,3.0531899470788426,0.2617993877991417,-0.05235987755982833,-2.062384801683435,190,190,190,190,190,190,190
38.46568417549133,-0.5935525157338779,3.045297657987093,0.2617993877991417,-0.05235987755982833,-2.0605679306324522,190,190,190,190,190,190,190
38.47589612007141,-0.5935525157338779,3.045297657987093,0.2617993877991417,-0.05235987755982833,-2.0605679306324522,190,190,190,190,190,190,190
38.4861786365509,-0.5935525157338779,3.045297657987093,0.2617993877991417,-0.05235987755982833,-2.0605679306324522,190,190,190,190,190,190,190
38.498114347457886,-0.5894851959405407,3.0376447598765304,0.2617993877991417,-0.05235987755982833,-2.05879606070684,190,190,190,190,190,190,190
38.50834655761719,-0.5894851959405407,3.0376447598765304,0.2617993877991417,-0.05235987755982833,-2.05879606070684,190,190,190,190,190,190,190
38.51873254776001,-0.5894851959405407,3.0376447598765304,0.2617993877991417,-0.05235987755982833,-2.05879606070684,190,190,190,190,190,190,190
38.529035329818726,-0.5894851959405407,3.0376447598765304,0.2617993877991417,-0.05235987755982833,-2.05879606070684,210,210,210,210,210,190,190
38.53930115699768,-0.5854489779379489,3.0300307403070876,0.2617993877991417,-0.05235987755982833,-2.0570707478113293,210,210,210,210,210,190,190
38.549556016922,-0.5854489779379489,3.0300307403070876,0.2617993877991417,-0.05235987755982833,-2.0570707478113293,210,210,210,210,210,190,190
38.559802770614624,-0.5854489779379489,3.0300307403070876,0.2617993877991417,-0.05235987755982833,-2.0570707478113293,210,210,210,210,210,190,190
38.57003569602966,-0.5813089495817764,3.022184625814529,0.2617993877991417,-0.05235987755982833,-2.055339334024987,200,210,210,200,210,190,190
38.58030343055725,-0.5813089495817764,3.022184625814529,0.2617993877991417,-0.05235987755982833,-2.055339334024987,200,210,210,200,210,190,190
38.59821343421936,-0.5813089495817764,3.022184625814529,0.2617993877991417,-0.05235987755982833,-2.055339334024987,200,210,210,200,210,190,190
38.60866737365723,-0.5773044834113654,3.014558663305382,0.2617993877991417,-0.05235987755982833,-2.053650882055868,200,210,210,200,210,190,190
38.61885905265808,-0.5773044834113654,3.014558663305382,0.2617993877991417,-0.05235987755982833,-2.053650882055868,200,210,210,200,210,190,190
38.629104137420654,-0.5773044834113654,3.014558663305382,0.2617993877991417,-0.05235987755982833,-2.053650882055868,190,190,190,190,190,190,190
38.64836239814758,-0.5733077095972933,3.0069186155513328,0.2617993877991417,-0.05235987755982833,-2.0519640401580834,190,190,190,190,190,190,190
38.65865707397461,-0.5733077095972933,3.0069186155513328,0.2617993877991417,-0.05235987755982833,-2.0519640401580834,190,190,190,190,190,190,190
38.66887593269348,-0.5691966104641114,2.9990299881855145,0.2617993877991417,-0.05235987755982833,-2.050233809489143,190,190,190,190,190,190,190
38.67909574508667,-0.5691966104641114,2.9990299881855145,0.2617993877991417,-0.05235987755982833,-2.050233809489143,190,190,190,190,190,190,190
38.69733166694641,-0.5691966104641114,2.9990299881855145,0.2617993877991417,-0.05235987755982833,-2.050233809489143,190,190,190,190,190,190,190
38.70772910118103,-0.5652132506658208,2.99135562272703,0.2617993877991417,-0.05235987755982833,-2.048541162371906,190,190,190,190,190,190,190
38.71794867515564,-0.5652132506658208,2.99135562272703,0.2617993877991417,-0.05235987755982833,-2.048541162371906,190,190,190,190,190,190,190
38.728145360946655,-0.5652132506658208,2.99135562272703,0.2617993877991417,-0.05235987755982833,-2.048541162371906,190,190,190,190,190,190,190
38.74701261520386,-0.5612379941521347,2.983664287190101,0.2617993877991417,-0.05235987755982833,-2.046848658868214,190,190,190,190,190,190,190
38.7572500705719,-0.5612379941521347,2.983664287190101,0.2617993877991417,-0.05235987755982833,-2.046848658868214,190,190,190,190,190,190,190
38.76746988296509,-0.5571505560609937,2.9757214987736615,0.2617993877991417,-0.05235987755982833,-2.0450983621594907,190,200,190,200,200,190,190
38.77770924568176,-0.5571505560609937,2.9757214987736615,0.2617993877991417,-0.05235987755982833,-2.0450983621594907,190,200,190,200,200,190,190
38.79577422142029,-0.5571505560609937,2.9757214987736615,0.2617993877991417,-0.05235987755982833,-2.0450983621594907,190,200,190,200,200,190,190
38.80604696273804,-0.5531917985287591,2.96799491669842,0.2617993877991417,-0.05235987755982833,-2.043389961181341,190,200,190,200,200,190,190
38.81641411781311,-0.5531917985287591,2.96799491669842,0.2617993877991417,-0.05235987755982833,-2.043389961181341,190,200,190,200,200,190,190
38.82670593261719,-0.5531917985287591,2.96799491669842,0.2617993877991417,-0.05235987755982833,-2.043389961181341,190,190,190,190,190,180,190
38.836965799331665,-0.5492434551922993,2.960254645951324,0.2617993877991417,-0.05235987755982833,-2.0416720306236997,190,190,190,190,190,180,190
38.84785175323486,-0.5492434551922993,2.960254645951324,0.2617993877991417,-0.05235987755982833,-2.0416720306236997,190,190,190,190,190,180,190
38.85805153846741,-0.5492434551922993,2.960254645951324,0.2617993877991417,-0.05235987755982833,-2.0416720306236997,190,190,190,190,190,180,190
38.868245124816895,-0.5451942941417799,2.952277891911947,0.2617993877991417,-0.05235987755982833,-2.039897061488638,190,190,190,190,190,190,190
38.8784556388855,-0.5451942941417799,2.952277891911947,0.2617993877991417,-0.05235987755982833,-2.039897061488638,190,190,190,190,190,190,190
38.896498918533325,-0.5451942941417799,2.952277891911947,0.2617993877991417,-0.05235987755982833,-2.039897061488638,190,190,190,190,190,190,190
38.90673041343689,-0.5412919094075641,2.944544628748819,0.2617993877991417,-0.05235987755982833,-2.0382512124420153,190,190,190,190,190,190,190
38.9169762134552,-0.5412919094075641,2.944544628748819,0.2617993877991417,-0.05235987755982833,-2.0382512124420153,210,210,200,210,210,190,190
38.92720365524292,-0.5412919094075641,2.944544628748819,0.2617993877991417,-0.05235987755982833,-2.0382512124420153,210,210,200,210,210,190,190
38.937397956848145,-0.5374141900166373,2.9368624534182515,0.2617993877991417,-0.05235987755982833,-2.0367112575138204,210,210,200,210,210,190,190
38.94970965385437,-0.5374141900166373,2.9368624534182515,0.2617993877991417,-0.05235987755982833,-2.0367112575138204,210,210,200,210,210,190,190
38.9599666595459,-0.5374141900166373,2.9368624534182515,0.2617993877991417,-0.05235987755982833,-2.0367112575138204,210,210,200,210,210,190,190
38.970176219940186,-0.5334331310999041,2.9289276353451172,0.2617993877991417,-0.05235987755982833,-2.0349280840491546,210,210,200,210,210,190,190
38.98057007789612,-0.5334331310999041,2.9289276353451172,0.2617993877991417,-0.05235987755982833,-2.0349280840491546,200,200,190,190,190,190,190
38.99789333343506,-0.5334331310999041,2.9289276353451172,0.2617993877991417,-0.05235987755982833,-2.0349280840491546,200,200,190,190,190,190,190
39.00820016860962,-0.5295845028042439,2.9212202365927893,0.2617993877991417,-0.05235987755982833,-2.033217445360038,200,200,190,190,190,190,190
39.01839017868042,-0.5295845028042439,2.9212202365927893,0.2617993877991417,-0.05235987755982833,-2.033217445360038,200,200,190,190,190,190,190
39.02858853340149,-0.5295845028042439,2.9212202365927893,0.2617993877991417,-0.05235987755982833,-2.033217445360038,190,190,190,190,190,190,190
39.03885626792908,-0.5257444174564584,2.9134992068736794,0.2617993877991417,-0.05235987755982833,-2.031507088349598,190,190,190,190,190,190,190
39.04906606674194,-0.5257444174564584,2.9134992068736794,0.2617993877991417,-0.05235987755982833,-2.031507088349598,190,190,190,190,190,190,190
39.0592520236969,-0.5257444174564584,2.9134992068736794,0.2617993877991417,-0.05235987755982833,-2.031507088349598,190,190,190,190,190,190,190
39.069469928741455,-0.5217942129854952,2.9055261378282946,0.2617993877991417,-0.05235987755982833,-2.0297474528298363,190,190,190,190,190,190,190
39.07968711853027,-0.5217942129854952,2.9055261378282946,0.2617993877991417,-0.05235987755982833,-2.0297474528298363,190,190,190,190,190,190,190
39.09946322441101,-0.5217942129854952,2.9055261378282946,0.2617993877991417,-0.05235987755982833,-2.0297474528298363,190,190,190,190,190,190,190
39.109703063964844,-0.5179684233745466,2.897770449748429,0.2617993877991417,-0.05235987755982833,-2.0280279166455277,190,190,190,190,190,190,190
39.11990666389465,-0.5179684233745466,2.897770449748429,0.2617993877991417,-0.05235987755982833,-2.0280279166455277,190,190,190,190,190,180,190
39.13014793395996,-0.5179684233745466,2.897770449748429,0.2617993877991417,-0.05235987755982833,-2.0280279166455277,190,190,190,190,190,180,190
39.149654150009155,-0.5141513329835753,2.889997728188232,0.2617993877991417,-0.05235987755982833,-2.0263074352178387,190,190,190,190,190,180,190
39.159897327423096,-0.5141513329835753,2.889997728188232,0.2617993877991417,-0.05235987755982833,-2.0263074352178387,190,190,190,190,190,180,190
39.170130014419556,-0.5102272448359645,2.881970881116417,0.2617993877991417,-0.05235987755982833,-2.024528879151841,190,190,190,190,190,180,190
39.180354595184326,-0.5102272448359645,2.881970881116417,0.2617993877991417,-0.05235987755982833,-2.024528879151841,190,190,190,190,190,180,190
39.19644284248352,-0.5102272448359645,2.881970881116417,0.2617993877991417,-0.05235987755982833,-2.024528879151841,190,190,190,190,190,180,190
39.20667886734009,-0.5064278245594886,2.874163241306353,0.2617993877991417,-0.05235987755982833,-2.0228024119986787,190,190,190,190,190,180,190
39.216936349868774,-0.5064278245594886,2.874163241306353,0.2617993877991417,-0.05235987755982833,-2.0228024119986787,190,190,190,190,190,180,190
39.22715950012207,-0.5064278245594886,2.874163241306353,0.2617993877991417,-0.05235987755982833,-2.0228024119986787,190,190,190,190,190,180,190
39.23741960525513,-0.5026400140029059,2.8663439838215092,0.2617993877991417,-0.05235987755982833,-2.0210937557344972,190,190,190,190,190,180,190
39.24766230583191,-0.5026400140029059,2.8663439838215092,0.2617993877991417,-0.05235987755982833,-2.0210937557344972,190,190,190,190,190,180,190
39.25783133506775,-0.5026400140029059,2.8663439838215092,0.2617993877991417,-0.05235987755982833,-2.0210937557344972,190,190,190,190,190,180,190
39.268038749694824,-0.49875758748515214,2.8582881404270815,0.2617993877991417,-0.05235987755982833,-2.019364240653721,210,210,200,190,190,190,190
39.27825403213501,-0.49875758748515214,2.8582881404270815,0.2617993877991417,-0.05235987755982833,-2.019364240653721,210,210,200,190,190,190,190
39.28847670555115,-0.49875758748515214,2.8582881404270815,0.2617993877991417,-0.05235987755982833,-2.019364240653721,210,210,200,190,190,190,190
39.298691511154175,-0.4950167379253348,2.8504885054285483,0.2617993877991417,-0.05235987755982833,-2.017858853062732,210,210,200,190,190,190,190
39.308876276016235,-0.4950167379253348,2.8504885054285483,0.2617993877991417,-0.05235987755982833,-2.017858853062732,210,210,200,190,190,190,190
39.31907248497009,-0.4950167379253348,2.8504885054285483,0.2617993877991417,-0.05235987755982833,-2.017858853062732,210,210,210,210,210,190,190
39.329283475875854,-0.4950167379253348,2.8504885054285483,0.2617993877991417,-0.05235987755982833,-2.017858853062732,210,210,210,210,210,190,190
39.34800744056702,-0.49128879138319653,2.8427093799227903,0.2617993877991417,-0.05235987755982833,-2.0163113248933384,210,210,210,210,210,190,190
39.35821747779846,-0.49128879138319653,2.8427093799227903,0.2617993877991417,-0.05235987755982833,-2.0163113248933384,210,210,210,210,210,190,190
39.36842656135559,-0.4874728577691417,2.8347003952925083,0.2617993877991417,-0.05235987755982833,-2.014539224036054,210,210,210,210,210,190,190
39.378628969192505,-0.4874728577691417,2.8347003952925083,0.2617993877991417,-0.05235987755982833,-2.014539224036054,210,210,210,210,210,190,190
39.38882493972778,-0.4874728577691417,2.8347003952925083,0.2617993877991417,-0.05235987755982833,-2.014539224036054,210,210,210,210,210,190,190
39.402085304260254,-0.4837816402270851,2.826915066384432,0.2617993877991417,-0.05235987755982833,-2.0128126782679434,210,210,210,210,210,190,190
39.41227388381958,-0.4837816402270851,2.826915066384432,0.2617993877991417,-0.05235987755982833,-2.0128126782679434,210,210,210,210,210,190,190
39.42252278327942,-0.4837816402270851,2.826915066384432,0.2617993877991417,-0.05235987755982833,-2.0128126782679434,210,210,210,210,210,190,190
39.43303442001343,-0.4800992888920631,2.8191160097783,0.2617993877991417,-0.05235987755982833,-2.0110778812645242,200,200,200,190,190,190,190
39.448789834976196,-0.4800992888920631,2.8191160097783,0.2617993877991417,-0.05235987755982833,-2.0110778812645242,200,200,200,190,190,190,190
39.459006547927856,-0.4800992888920631,2.8191160097783,0.2617993877991417,-0.05235987755982833,-2.0110778812645242,200,200,200,190,190,190,190
39.469379901885986,-0.47631159518987226,2.8110615622213593,0.2617993877991417,-0.05235987755982833,-2.0092865074347888,200,200,200,190,190,190,190
39.47976541519165,-0.47631159518987226,2.8110615622213593,0.2617993877991417,-0.05235987755982833,-2.0092865074347888,200,200,200,190,190,190,190
39.49002265930176,-0.47631159518987226,2.8110615622213593,0.2617993877991417,-0.05235987755982833,-2.0092865074347888,200,200,200,190,190,190,190
39.50021934509277,-0.4726449456398332,2.80322779763399,0.2617993877991417,-0.05235987755982833,-2.0075418524842084,200,200,200,190,190,190,190
39.51039695739746,-0.4726449456398332,2.80322779763399,0.2617993877991417,-0.05235987755982833,-2.0075418524842084,200,200,200,190,190,190,190
39.52059459686279,-0.4726449456398332,2.80322779763399,0.2617993877991417,-0.05235987755982833,-2.0075418524842084,200,190,190,190,190,190,190
39.530837059020996,-0.4726449456398332,2.80322779763399,0.2617993877991417,-0.05235987755982833,-2.0075418524842084,200,190,190,190,190,190,190
39.549460887908936,-0.4689871788101067,2.7953765626048392,0.2617993877991417,-0.05235987755982833,-2.0057912592415867,200,190,190,190,190,190,190
39.55968403816223,-0.4689871788101067,2.7953765626048392,0.2617993877991417,0.0,-2.0057912592415867,200,190,190,190,190,190,190
39.569884061813354,-0.46522804991921385,2.7872692365714653,0.2617993877991417,0.0,-2.00398635048619,190,190,190,180,180,180,190
39.580092668533325,-0.46522804991921385,2.7872692365714653,0.2617993877991417,0.0,-2.00398635048619,190,190,190,180,180,180,190
39.590399742126465,-0.46522804991921385,2.7872692365714653,0.2617993877991417,0.0,-2.00398635048619,190,190,190,180,180,180,190
39.60061740875244,-0.4615894506389591,2.779397815689493,0.2617993877991417,0.0,-2.0038347334613893,190,190,190,180,180,180,190
39.61080241203308,-0.4615894506389591,2.779397815689493,0.2617993877991417,0.0,-2.0038347334613893,190,190,190,180,180,180,190
39.621484994888306,-0.4615894506389591,2.779397815689493,0.2617993877991417,0.0,-2.0038347334613893,190,190,190,180,180,180,190
39.63196873664856,-0.4615894506389591,2.779397815689493,0.2617993877991417,0.0,-2.0038347334613893,200,200,190,180,180,180,190
39.649250984191895,-0.4579520729039405,2.771528239349736,0.2617993877991417,0.0,-2.003857573871992,200,200,190,180,180,180,190
39.6595094203949,-0.4579520729039405,2.771528239349736,0.2617993877991417,0.0,-2.003857573871992,200,200,190,180,180,180,190
39.669732332229614,-0.4542107427207729,2.7634298643969593,0.2617993877991417,0.0,-2.003969341585292,200,190,190,180,180,180,190
39.67994236946106,-0.4542107427207729,2.7634298643969593,0.2617993877991417,0.0,-2.003969341585292,200,190,190,180,180,180,190
39.690173864364624,-0.4542107427207729,2.7634298643969593,0.2617993877991417,0.0,-2.003969341585292,200,190,190,180,180,180,190
39.700692653656006,-0.45059464617767747,2.7556079792479418,0.2617993877991417,0.0,-2.004283212991567,200,190,190,180,180,180,190
39.71090340614319,-0.45059464617767747,2.7556079792479418,0.2617993877991417,0.0,-2.004283212991567,200,190,190,180,180,180,190
39.72110986709595,-0.45059464617767747,2.7556079792479418,0.2617993877991417,0.0,-2.004283212991567,200,190,190,180,180,180,190
39.731324911117554,-0.4469710193140349,2.74779293712132,0.2617993877991417,0.0,-2.004356940635866,210,210,210,190,190,190,190
39.741496324539185,-0.4469710193140349,2.74779293712132,0.2617993877991417,0.0,-2.004356940635866,210,210,210,190,190,190,190
39.75359869003296,-0.4469710193140349,2.74779293712132,0.2617993877991417,0.0,-2.004356940635866,210,210,210,190,190,190,190
39.76383590698242,-0.4432463496744121,2.739749349527035,0.2617993877991417,0.0,-2.0043546903219767,210,210,210,190,190,190,190
39.77402210235596,-0.4432463496744121,2.739749349527035,0.2617993877991417,0.0,-2.0043546903219767,210,210,200,190,190,180,190
39.78449559211731,-0.4432463496744121,2.739749349527035,0.2617993877991417,0.0,-2.0043546903219767,210,210,200,190,190,180,190
39.79476070404053,-0.4432463496744121,2.739749349527035,0.2617993877991417,0.0,-2.0043546903219767,210,210,200,190,190,180,190
39.805241107940674,-0.4432463496744121,2.739749349527035,0.2617993877991417,0.0,-2.0043546903219767,210,210,200,190,190,180,190
39.81550741195679,-0.4396289006789108,2.731936180859331,0.2617993877991417,0.0,-2.0043281735668397,210,210,200,190,190,180,190
39.82569241523743,-0.4396289006789108,2.731936180859331,0.2617993877991417,0.0,-2.0043281735668397,210,210,200,190,190,180,190
39.836203813552856,-0.4360073307918166,2.7241141883082456,0.2617993877991417,0.0,-2.004293163229014,190,190,190,180,190,180,190
39.851621866226196,-0.4360073307918166,2.7241141883082456,0.2617993877991417,0.0,-2.004293163229014,190,190,190,180,190,180,190
39.86183047294617,-0.4360073307918166,2.7241141883082456,0.2617993877991417,0.0,-2.004293163229014,190,190,190,180,190,180,190
39.87203311920166,-0.43227166291672336,2.716045199113586,0.2617993877991417,0.0,-2.0042612617290207,190,190,130,180,180,180,190
39.88225269317627,-0.43227166291672336,2.716045199113586,0.2617993877991417,0.0,-2.0042612617290207,190,190,130,180,180,180,190
39.901227951049805,-0.4286418756599023,2.708204282342437,0.2617993877991417,0.0,-2.0042288215527853,190,190,130,180,180,180,190
39.91147994995117,-0.4286418756599023,2.708204282342437,0.2617993877991417,0.0,-2.0042288215527853,190,190,130,180,180,180,190
39.92168927192688,-0.4286418756599023,2.708204282342437,0.2617993877991417,0.0,-2.0042288215527853,190,190,190,180,120,180,190
39.931989431381226,-0.42500819046702953,2.7003542545656924,0.2617993877991417,0.0,-2.004196248638126,190,190,190,180,120,180,190
39.949071407318115,-0.42500819046702953,2.7003542545656924,0.2617993877991417,0.0,-2.004196248638126,190,190,190,180,120,180,190
39.95930314064026,-0.42500819046702953,2.7003542545656924,0.2617993877991417,0.0,-2.004196248638126,190,190,190,180,120,180,190
39.96951651573181,-0.421260759176001,2.692256829528093,0.2617993877991417,0.0,-2.004165070188637,190,190,190,180,120,180,190
39.98028802871704,-0.421260759176001,2.692256829528093,0.2617993877991417,0.0,-2.004165070188637,190,190,190,180,180,180,190
39.99739956855774,-0.421260759176001,2.692256829528093,0.2617993877991417,0.0,-2.004165070188637,190,190,190,180,180,180,190
40.00760316848755,-0.4176206458421115,2.6843889234305305,0.2617993877991417,0.0,-2.004142895931115,190,190,190,180,180,180,190
40.017799615859985,-0.4176206458421115,2.6843889234305305,0.2617993877991417,0.0,-2.004142895931115,190,190,190,180,180,180,190
40.02800536155701,-0.4176206458421115,2.6843889234305305,0.2617993877991417,0.0,-2.004142895931115,190,190,190,190,180,190,190
40.03821039199829,-0.4139813507418152,2.6765209221597015,0.2617993877991417,0.0,-2.0041723986516025,190,190,190,190,180,190,190
40.0511155128479,-0.4139813507418152,2.6765209221597015,0.2617993877991417,0.0,-2.0041723986516025,190,190,190,190,180,190,190
40.0613112449646,-0.4139813507418152,2.6765209221597015,0.2617993877991417,0.0,-2.0041723986516025,190,190,190,190,180,190,190
40.07150077819824,-0.4102386440853009,2.668426473102808,0.2617993877991417,0.0,-2.004297735258092,190,190,190,190,180,190,190
40.081698417663574,-0.4102386440853009,2.668426473102808,0.2617993877991417,0.0,-2.004297735258092,190,190,190,190,180,190,190
40.09190917015076,-0.4102386440853009,2.668426473102808,0.2617993877991417,0.0,-2.004297735258092,190,190,190,180,180,180,190
40.10777425765991,-0.40662152072462476,2.660609486393225,0.2617993877991417,0.0,-2.0046203642380256,190,190,190,180,180,180,190
40.11798119544983,-0.40662152072462476,2.660609486393225,0.2617993877991417,0.0,-2.0046203642380256,190,190,190,180,180,180,190
40.128188371658325,-0.40662152072462476,2.660609486393225,0.2617993877991417,0.0,-2.0046203642380256,190,190,190,180,180,180,190
40.13838195800781,-0.4029956101101826,2.652796650417592,0.2617993877991417,0.0,-2.004665437015514,210,210,210,190,190,190,190
40.157087087631226,-0.4029956101101826,2.652796650417592,0.2617993877991417,0.0,-2.004665437015514,210,210,210,190,190,190,190
40.16732931137085,-0.3992682506264289,2.644753323748803,0.2617993877991417,0.0,-2.004659816762095,210,210,210,190,190,190,190
40.17754769325256,-0.3992682506264289,2.644753323748803,0.2617993877991417,0.0,-2.004659816762095,210,210,210,190,190,190,190
40.19785284996033,-0.3992682506264289,2.644753323748803,0.2617993877991417,0.0,-2.004659816762095,210,210,210,190,190,190,190
40.20822358131409,-0.39564788953783897,2.636940302632644,0.2617993877991417,0.0,-2.0046314545995014,210,210,210,190,190,190,190
40.21841597557068,-0.39564788953783897,2.636940302632644,0.2617993877991417,0.0,-2.0046314545995014,210,210,210,190,190,190,190
40.228620290756226,-0.39564788953783897,2.636940302632644,0.2617993877991417,0.0,-2.0046314545995014,190,190,190,180,180,180,190
40.238853454589844,-0.3920234131487715,2.6291182812659746,0.2617993877991417,0.0,-2.0045970616799935,190,190,190,180,180,180,190
40.24908208847046,-0.3920234131487715,2.6291182812659746,0.2617993877991417,0.0,-2.0045970616799935,190,190,190,180,180,180,190
40.25930976867676,-0.3920234131487715,2.6291182812659746,0.2617993877991417,0.0,-2.0045970616799935,190,190,190,180,180,180,190
40.269519090652466,-0.3882847488491006,2.6210492665222005,0.2617993877991417,0.0,-2.0045653326947943,190,190,190,180,180,180,190
40.27972912788391,-0.3882847488491006,2.6210492665222005,0.2617993877991417,0.0,-2.0045653326947943,190,190,190,180,180,180,180
40.298439741134644,-0.3882847488491006,2.6210492665222005,0.2617993877991417,0.0,-2.0045653326947943,190,190,190,180,180,180,180
40.308841943740845,-0.3846520637959463,2.6132083459145874,0.2617993877991417,0.0,-2.0045329404829255,190,190,190,180,180,180,180
40.31903386116028,-0.3846520637959463,2.6132083459145874,0.2617993877991417,0.0,-2.0045329404829255,190,190,190,180,180,180,180
40.32921528816223,-0.3846520637959463,2.6132083459145874,0.2617993877991417,0.0,-2.0045329404829255,190,190,180,180,180,180,180
40.33940863609314,-0.38101549199811,2.605358336968031,0.2617993877991417,0.0,-2.00450062933074,190,190,180,180,180,180,180
40.35042858123779,-0.38101549199811,2.605358336968031,0.2617993877991417,0.0,-2.00450062933074,190,190,180,180,180,180,180
40.36063051223755,-0.38101549199811,2.605358336968031,0.2617993877991417,0.0,-2.00450062933074,190,190,180,180,180,180,180
40.3708438873291,-0.3772651593369384,2.597260872669228,0.2617993877991417,0.0,-2.0044702691693272,190,190,180,180,180,180,180
40.38105797767639,-0.3772651593369384,2.597260872669228,0.2617993877991417,0.0,-2.0044702691693272,190,190,180,180,180,180,180
40.391297578811646,-0.3772651593369384,2.597260872669228,0.2617993877991417,0.0,-2.0044702691693272,190,190,180,180,180,180,180
40.40369391441345,-0.3772651593369384,2.597260872669228,0.2617993877991417,0.0,-2.0044702691693272,190,190,180,180,180,180,180
40.414023876190186,-0.37362240950115644,2.589393469160215,0.2617993877991417,0.0,-2.004450849171596,190,190,180,180,180,180,180
40.4242262840271,-0.37362240950115644,2.589393469160215,0.2617993877991417,0.0,-2.004450849171596,190,190,180,180,180,180,180
40.43447756767273,-0.3699811890998606,2.5815271601952214,0.2617993877991417,0.0,-2.0044910239094573,190,190,130,180,180,180,180
40.444838762283325,-0.3699811890998606,2.5815271601952214,0.2617993877991417,0.0,-2.0044910239094573,190,190,130,180,180,180,180
40.45503520965576,-0.3699811890998606,2.5815271601952214,0.2617993877991417,0.0,-2.0044910239094573,190,190,130,180,180,180,180
40.46527624130249,-0.3662372768722171,2.573437074582765,0.2617993877991417,0.0,-2.0046322684426374,190,190,130,180,180,180,180
40.475506067276,-0.3662372768722171,2.573437074582765,0.2617993877991417,0.0,-2.0046322684426374,190,190,180,180,180,180,180
40.485756158828735,-0.3662372768722171,2.573437074582765,0.2617993877991417,0.0,-2.0046322684426374,190,190,180,180,180,180,180
40.500638246536255,-0.3662372768722171,2.573437074582765,0.2617993877991417,0.0,-2.0046322684426374,190,190,180,180,180,180,180
40.51100134849548,-0.36261801549282097,2.565623775957632,0.2617993877991417,0.0,-2.0049471790179627,190,190,180,180,180,180,180
40.52120018005371,-0.36261801549282097,2.565623775957632,0.2617993877991417,0.0,-2.0049471790179627,200,190,190,180,180,190,190
40.531437158584595,-0.36261801549282097,2.565623775957632,0.2617993877991417,0.0,-2.0049471790179627,200,190,190,180,180,190,190
40.54166889190674,-0.3589907003053178,2.557813694106864,0.2617993877991417,0.0,-2.004973104239779,200,190,190,180,180,190,190
40.55404853820801,-0.3589907003053178,2.557813694106864,0.2617993877991417,0.0,-2.004973104239779,200,190,190,180,180,190,190
40.5642511844635,-0.3552604993689069,2.549770653091202,0.2617993877991417,0.0,-2.0049663021129605,200,190,190,180,180,190,190
40.57445526123047,-0.3552604993689069,2.549770653091202,0.2617993877991417,0.0,-2.0049663021129605,200,190,190,190,180,190,190
40.58467936515808,-0.3552604993689069,2.549770653091202,0.2617993877991417,0.0,-2.0049663021129605,200,190,190,190,180,190,190
40.59811568260193,-0.3552604993689069,2.549770653091202,0.2617993877991417,0.0,-2.0049663021129605,200,190,190,190,180,190,190
40.60841917991638,-0.35163721127072084,2.541957771122353,0.2617993877991417,0.0,-2.0049365429861767,200,190,190,190,180,190,190
40.61862325668335,-0.35163721127072084,2.541957771122353,0.2617993877991417,0.0,-2.0049365429861767,190,190,190,180,180,180,180
40.628833293914795,-0.35163721127072084,2.541957771122353,0.2617993877991417,0.0,-2.0049365429861767,190,190,190,180,180,180,180
40.63902807235718,-0.34800982934210617,2.534135761846156,0.2617993877991417,0.0,-2.0049030495814137,190,190,190,180,180,180,180
40.653387784957886,-0.34800982934210617,2.534135761846156,0.2617993877991417,0.0,-2.0049030495814137,190,190,190,180,180,180,180
40.66372323036194,-0.34426818574615536,2.526066798578643,0.2617993877991417,0.0,-2.0048713737156394,190,190,190,180,180,180,180
40.67393922805786,-0.34426818574615536,2.526066798578643,0.2617993877991417,0.0,-2.0048713737156394,190,190,180,180,180,180,180
40.6841607093811,-0.34426818574615536,2.526066798578643,0.2617993877991417,0.0,-2.0048713737156394,190,190,180,180,180,180,180
40.69729137420654,-0.34426818574615536,2.526066798578643,0.2617993877991417,0.0,-2.0048713737156394,190,190,180,180,180,180,180
40.70760893821716,-0.3406326131869284,2.5182259384955143,0.2617993877991417,0.0,-2.0048390275730004,190,190,180,180,180,180,180
40.71780848503113,-0.3406326131869284,2.5182259384955143,0.2617993877991417,0.0,-2.0048390275730004,190,190,180,180,180,180,180
40.7281448841095,-0.3406326131869284,2.5182259384955143,0.2617993877991417,0.0,-2.0048390275730004,190,190,180,180,180,180,180
40.738370180130005,-0.33699316624973136,2.5103760130562547,0.2617993877991417,0.0,-2.0048069501388883,190,190,180,180,180,180,180
40.74887561798096,-0.33699316624973136,2.5103760130562547,0.2617993877991417,0.0,-2.0048069501388883,190,190,180,180,180,180,180
40.759079933166504,-0.33699316624973136,2.5103760130562547,0.2617993877991417,0.0,-2.0048069501388883,190,190,180,180,180,180,180
40.76927709579468,-0.33323993204956204,2.502278562319637,0.2617993877991417,0.0,-2.004777397167979,190,190,180,180,180,180,190
40.77947950363159,-0.33323993204956204,2.502278562319637,0.2617993877991417,0.0,-2.004777397167979,190,190,180,180,180,180,190
40.78968381881714,-0.33323993204956204,2.502278562319637,0.2617993877991417,0.0,-2.004777397167979,190,190,180,180,180,180,190
40.800575256347656,-0.3295946197244638,2.494411858608477,0.2617993877991417,0.0,-2.0047612438727325,190,190,180,180,180,180,190
40.810771465301514,-0.3295946197244638,2.494411858608477,0.2617993877991417,0.0,-2.0047612438727325,190,190,180,180,180,180,190
40.8210027217865,-0.3295946197244638,2.494411858608477,0.2617993877991417,0.0,-2.0047612438727325,190,190,180,180,180,180,190
40.83119583129883,-0.3295946197244638,2.494411858608477,0.2617993877991417,0.0,-2.0047612438727325,190,190,180,180,180,180,180
40.84139680862427,-0.3259515291277332,2.4865473812902095,0.2617993877991417,0.0,-2.004812336595563,190,190,180,180,180,180,180
40.85379076004028,-0.3259515291277332,2.4865473812902095,0.2617993877991417,0.0,-2.004812336595563,190,190,180,180,180,180,180
40.8639931678772,-0.3259515291277332,2.4865473812902095,0.2617993877991417,0.0,-2.004812336595563,190,190,180,180,180,180,180
40.87421703338623,-0.3222068893839721,2.478462256670225,0.2617993877991417,0.0,-2.0049730044017524,190,190,180,180,180,180,180
40.88445234298706,-0.3222068893839721,2.478462256670225,0.2617993877991417,0.0,-2.0049730044017524,190,180,190,180,180,180,180
40.89873671531677,-0.3222068893839721,2.478462256670225,0.2617993877991417,0.0,-2.0049730044017524,190,180,190,180,180,180,180
40.90895223617554,-0.31858435067046675,2.4706514057110733,0.2617993877991417,0.0,-2.005264701472099,190,180,190,180,180,180,180
40.919163942337036,-0.31858435067046675,2.4706514057110733,0.2617993877991417,0.0,-2.005264701472099,190,180,190,180,180,180,180
40.92935395240784,-0.31858435067046675,2.4706514057110733,0.2617993877991417,0.0,-2.005264701472099,190,190,190,180,180,180,180
40.93970274925232,-0.31495612953673247,2.4628444377874983,0.2617993877991417,0.0,-2.0052818160797345,190,190,190,180,180,180,180
40.95302939414978,-0.31495612953673247,2.4628444377874983,0.2617993877991417,0.0,-2.0052818160797345,190,190,190,180,180,180,180
40.963233947753906,-0.31495612953673247,2.4628444377874983,0.2617993877991417,0.0,-2.0052818160797345,190,190,190,180,180,180,180
40.97344923019409,-0.31122305538350215,2.454801765844435,0.2617993877991417,0.0,-2.005274179458308,190,190,190,180,180,180,180
40.98367404937744,-0.31122305538350215,2.454801765844435,0.2617993877991417,0.0,-2.005274179458308,190,190,190,180,180,180,180
40.999204874038696,-0.30759681762240954,2.44698894685386,0.2617993877991417,0.0,-2.0052431398228157,190,190,190,180,180,180,180
41.00942087173462,-0.30759681762240954,2.44698894685386,0.2617993877991417,0.0,-2.0052431398228157,190,190,190,180,180,180,180
41.01965808868408,-0.30759681762240954,2.44698894685386,0.2617993877991417,0.0,-2.0052431398228157,190,180,190,180,180,180,180
41.02991223335266,-0.30759681762240954,2.44698894685386,0.2617993877991417,0.0,-2.0052431398228157,190,180,190,180,180,180,180
41.04014539718628,-0.30396648786386016,2.4391668893284897,0.2617993877991417,0.0,-2.0052106517473436,190,180,190,180,180,180,180
41.05047821998596,-0.30396648786386016,2.4391668893284897,0.2617993877991417,0.0,-2.0052106517473436,190,180,190,180,180,180,180
41.06068205833435,-0.30396648786386016,2.4391668893284897,0.2617993877991417,0.0,-2.0052106517473436,190,180,190,180,180,180,180
41.07090425491333,-0.3002218353312278,2.4310979452324673,0.2617993877991417,0.0,-2.0051788939013973,190,180,190,180,180,180,180
41.08124136924744,-0.3002218353312278,2.4310979452324673,0.2617993877991417,0.0,-2.0051788939013973,190,180,190,180,180,180,180
41.0998797416687,-0.2965833380282148,2.423257097143132,0.2617993877991417,0.0,-2.0051466410140053,190,180,190,180,180,180,180
41.11006999015808,-0.2965833380282148,2.423257097143132,0.2617993877991417,0.0,-2.0051466410140053,190,180,190,180,180,180,180
41.12029576301575,-0.2965833380282148,2.423257097143132,0.2617993877991417,0.0,-2.0051466410140053,190,180,190,180,180,180,180
41.130515336990356,-0.29294098470241614,2.4154072008204235,0.2617993877991417,0.0,-2.0051147687079056,190,180,190,180,180,180,180
41.14078950881958,-0.29294098470241614,2.4154072008204235,0.2617993877991417,0.0,-2.0051147687079056,190,180,190,180,180,180,180
41.151803970336914,-0.29294098470241614,2.4154072008204235,0.2617993877991417,0.0,-2.0051147687079056,190,180,190,180,180,180,180
41.16199994087219,-0.29294098470241614,2.4154072008204235,0.2617993877991417,0.0,-2.0051147687079056,190,180,190,180,180,180,180
41.17218804359436,-0.2891848143786355,2.4073097288406586,0.2617993877991417,0.0,-2.005086424925461,190,180,190,180,180,180,180
41.182411909103394,-0.2891848143786355,2.4073097288406586,0.2617993877991417,0.0,-2.005086424925461,190,180,190,180,180,180,180
41.19760990142822,-0.2891848143786355,2.4073097288406586,0.2617993877991417,0.0,-2.005086424925461,190,180,190,180,180,180,180
41.20787739753723,-0.2855369808743378,2.3994438483697706,0.2617993877991417,0.0,-2.005074279604691,190,180,190,180,180,180,180
41.21807026863098,-0.2855369808743378,2.3994438483697706,0.2617993877991417,0.0,-2.005074279604691,190,180,190,180,180,180,180
41.22827339172363,-0.2855369808743378,2.3994438483697706,0.2617993877991417,0.0,-2.005074279604691,190,180,180,180,180,180,180
41.2385139465332,-0.28189207561627255,2.3915813783594273,0.2617993877991417,0.0,-2.0051356745244866,190,180,180,180,180,180,180
41.24934434890747,-0.28189207561627255,2.3915813783594273,0.2617993877991417,0.0,-2.0051356745244866,190,180,180,180,180,180,180
41.25955367088318,-0.28189207561627255,2.3915813783594273,0.2617993877991417,0.0,-2.0051356745244866,190,180,180,180,180,180,180
41.26973795890808,-0.27814695117242844,2.3835018637187066,0.2617993877991417,0.0,-2.005321156951174,190,180,180,180,180,180,180
41.27994894981384,-0.27814695117242844,2.3835018637187066,0.2617993877991417,0.0,-2.005321156951174,180,180,180,180,180,180,180
41.29635000228882,-0.27814695117242844,2.3835018637187066,0.2617993877991417,0.0,-2.005321156951174,180,180,180,180,180,180,180
41.30656599998474,-0.27452047817799735,2.375692314321072,0.2617993877991417,0.0,-2.005577513910246,180,180,180,180,180,180,180
41.3167724609375,-0.27452047817799735,2.375692314321072,0.2617993877991417,0.0,-2.005577513910246,180,180,180,180,180,180,180
41.32695984840393,-0.27452047817799735,2.375692314321072,0.2617993877991417,0.0,-2.005577513910246,190,190,190,180,180,180,180
41.33713746070862,-0.27089148070852603,2.3678884751692912,0.2617993877991417,0.0,-2.005593450713605,190,190,190,180,180,180,180
41.35269737243652,-0.27089148070852603,2.3678884751692912,0.2617993877991417,0.0,-2.005593450713605,190,190,190,180,180,180,180
41.36288380622864,-0.27089148070852603,2.3678884751692912,0.2617993877991417,0.0,-2.005593450713605,190,190,190,180,180,180,180
41.37306308746338,-0.2671556055295026,2.3598462925223336,0.2617993877991417,0.0,-2.005583519966004,190,190,190,180,180,180,180
41.38328242301941,-0.2671556055295026,2.3598462925223336,0.2617993877991417,0.0,-2.005583519966004,180,180,180,180,180,180,180
41.399526834487915,-0.2635264415439483,2.3520335685362252,0.2617993877991417,0.0,-2.0055515972830142,180,180,180,180,180,180,180
41.409725189208984,-0.2635264415439483,2.3520335685362252,0.2617993877991417,0.0,-2.0055515972830142,180,180,180,180,180,180,180
41.41991376876831,-0.2635264415439483,2.3520335685362252,0.2617993877991417,0.0,-2.0055515972830142,180,180,180,180,180,180,180
41.430124044418335,-0.2635264415439483,2.3520335685362252,0.2617993877991417,0.0,-2.0055515972830142,190,180,180,180,180,180,180
41.44651222229004,-0.25989316377872285,2.3442115037908624,0.2617993877991417,0.0,-2.0055200589091706,190,180,180,180,180,180,180
41.45671725273132,-0.25989316377872285,2.3442115037908624,0.2617993877991417,0.0,-2.0055200589091706,190,180,180,180,180,180,180
41.46690654754639,-0.2561455237490896,2.3361426573468362,0.2617993877991417,0.0,-2.005488070564227,180,180,180,180,180,180,180
41.47709083557129,-0.2561455237490896,2.3361426573468362,0.2617993877991417,0.0,-2.005488070564227,180,180,180,180,180,180,180
41.48727369308472,-0.2561455237490896,2.3361426573468362,0.2617993877991417,0.0,-2.005488070564227,180,180,180,180,180,180,180
41.498372077941895,-0.25250411525763233,2.3283018854642443,0.2617993877991417,0.0,-2.0054558946921475,180,180,180,180,180,180,180
41.50860524177551,-0.25250411525763233,2.3283018854642443,0.2617993877991417,0.0,-2.0054558946921475,180,180,180,180,180,180,180
41.518798828125,-0.25250411525763233,2.3283018854642443,0.2617993877991417,0.0,-2.0054558946921475,180,180,180,180,180,180,180
41.52906632423401,-0.25250411525763233,2.3283018854642443,0.2617993877991417,0.0,-2.0054558946921475,180,180,180,180,180,180,180
41.547417402267456,-0.24885888056530273,2.320452073595888,0.2617993877991417,0.0,-2.0054241694340256,180,180,180,180,180,180,180
41.55762004852295,-0.24885888056530273,2.320452073595888,0.2617993877991417,0.0,-2.0054241694340256,180,180,180,180,180,180,180
41.56782269477844,-0.2450997868925578,2.3123546623377775,0.2617993877991417,0.0,-2.0053972156327684,180,180,180,180,180,180,180
41.57818555831909,-0.2450997868925578,2.3123546623377775,0.2617993877991417,0.0,-2.0053972156327684,180,180,180,180,180,180,180
41.59880542755127,-0.24144951200476425,2.3044898126414513,0.2617993877991417,0.0,-2.00538966462825,180,180,180,180,180,180,180
41.60901236534119,-0.24144951200476425,2.3044898126414513,0.2617993877991417,0.0,-2.00538966462825,180,180,180,180,180,180,180
41.61920380592346,-0.24144951200476425,2.3044898126414513,0.2617993877991417,0.0,-2.00538966462825,180,180,180,180,180,180,180
41.62945294380188,-0.24144951200476425,2.3044898126414513,0.2617993877991417,0.0,-2.00538966462825,190,190,180,180,180,180,180
41.647095918655396,-0.2378028704852556,2.2966295644327714,0.2617993877991417,0.0,-2.0054603741820682,190,190,180,180,180,180,180
41.65729570388794,-0.2378028704852556,2.2966295644327714,0.2617993877991417,0.0,-2.0054603741820682,190,190,180,180,180,180,180
41.66749095916748,-0.2340573543149449,2.2885563173522003,0.2617993877991417,0.0,-2.005676178499322,190,190,180,180,180,180,180
41.67824029922485,-0.2340573543149449,2.2885563173522003,0.2617993877991417,0.0,-2.005676178499322,190,190,180,180,180,180,180
41.697505950927734,-0.2340573543149449,2.2885563173522003,0.2617993877991417,0.0,-2.005676178499322,190,190,180,180,180,180,180
41.70783543586731,-0.23042665971588983,2.2807475137791684,0.2617993877991417,0.0,-2.0058902176312574,190,190,180,180,180,180,180
41.71802496910095,-0.23042665971588983,2.2807475137791684,0.2617993877991417,0.0,-2.0058902176312574,190,190,180,180,180,180,180
41.7282395362854,-0.23042665971588983,2.2807475137791684,0.2617993877991417,0.0,-2.0058902176312574,190,190,190,180,180,180,180
41.74660301208496,-0.22679674025458205,2.272946353304248,0.2617993877991417,0.0,-2.0059069281804804,190,190,190,180,180,180,180
41.75688314437866,-0.22679674025458205,2.272946353304248,0.2617993877991417,0.0,-2.0059069281804804,190,190,190,180,180,180,180
41.7670681476593,-0.2230581404605395,2.264904720536264,0.2617993877991417,0.0,-2.0058933286075127,190,190,190,180,180,180,180
41.77734375,-0.2230581404605395,2.264904720536264,0.2617993877991417,0.0,-2.0058933286075127,190,190,190,180,190,180,180
41.78763175010681,-0.2230581404605395,2.264904720536264,0.2617993877991417,0.0,-2.0058933286075127,190,190,190,180,190,180,180
41.79808163642883,-0.2194260279362189,2.257092026943162,0.2617993877991417,0.0,-2.0058606630850373,190,190,190,180,190,180,180
41.808244466781616,-0.2194260279362189,2.257092026943162,0.2617993877991417,0.0,-2.0058606630850373,190,190,190,180,190,180,180
41.818488121032715,-0.2194260279362189,2.257092026943162,0.2617993877991417,0.0,-2.0058606630850373,190,190,190,180,190,180,180
41.82870697975159,-0.2194260279362189,2.257092026943162,0.2617993877991417,0.0,-2.0058606630850373,190,190,190,180,190,180,180
41.8394296169281,-0.21578977417501546,2.2492699106691476,0.2617993877991417,0.0,-2.0058298957418756,190,190,180,180,180,180,180
41.85597348213196,-0.21578977417501546,2.2492699106691476,0.2617993877991417,0.0,-2.0058298957418756,190,190,180,180,180,180,180
41.86616563796997,-0.2120391149815527,2.2412011070723095,0.2617993877991417,0.0,-2.00579774257861,190,190,180,180,180,180,180
41.876352310180664,-0.2120391149815527,2.2412011070723095,0.2617993877991417,0.0,-2.00579774257861,190,190,180,180,180,180,180
41.886573791503906,-0.2120391149815527,2.2412011070723095,0.2617993877991417,0.0,-2.00579774257861,180,180,180,180,180,180,180
41.90048098564148,-0.2120391149815527,2.2412011070723095,0.2617993877991417,0.0,-2.00579774257861,180,180,180,180,180,180,180
41.91075658798218,-0.2083947668727404,2.233360360471635,0.2617993877991417,0.0,-2.0057656923280445,180,180,180,180,180,180,180
41.92094612121582,-0.2083947668727404,2.233360360471635,0.2617993877991417,0.0,-2.0057656923280445,180,180,180,180,180,180,180
41.93113994598389,-0.2083947668727404,2.233360360471635,0.2617993877991417,0.0,-2.0057656923280445,180,180,180,180,180,180,180
41.94140291213989,-0.20474664082887595,2.2255105778294766,0.2617993877991417,0.0,-2.005734242752727,180,180,180,180,180,180,180
41.953460693359375,-0.20474664082887595,2.2255105778294766,0.2617993877991417,0.0,-2.005734242752727,180,180,180,180,180,180,180
41.96368980407715,-0.20098464139761077,2.2174132287914783,0.2617993877991417,0.0,-2.0057081412332,180,180,180,180,180,180,180
41.973910331726074,-0.20098464139761077,2.2174132287914783,0.2617993877991417,0.0,-2.0057081412332,180,180,180,180,180,180,180
41.98420071601868,-0.20098464139761077,2.2174132287914783,0.2617993877991417,0.0,-2.0057081412332,180,190,180,180,180,180,180
41.999258041381836,-0.20098464139761077,2.2174132287914783,0.2617993877991417,0.0,-2.0057081412332,180,190,180,180,180,180,180
42.00966548919678,-0.1973319576514782,2.209549540147589,0.2617993877991417,0.0,-2.0057071100544723,180,190,180,180,180,180,180
42.019877910614014,-0.1973319576514782,2.209549540147589,0.2617993877991417,0.0,-2.0057071100544723,180,190,180,180,180,180,180
42.03009104728699,-0.1973319576514782,2.209549540147589,0.2617993877991417,0.0,-2.0057071100544723,180,190,180,180,180,180,180
42.04033136367798,-0.19368367565378466,2.201691693785179,0.2617993877991417,0.0,-2.0057866103460023,180,190,180,180,180,180,180
42.05070424079895,-0.19368367565378466,2.201691693785179,0.2617993877991417,0.0,-2.0057866103460023,180,190,180,180,180,180,180
42.060872077941895,-0.19368367565378466,2.201691693785179,0.2617993877991417,0.0,-2.0057866103460023,180,190,180,180,180,180,180
42.071096658706665,-0.1899378832680059,2.193625108463333,0.2617993877991417,0.0,-2.00603562118169,180,190,180,180,180,180,180
42.081345558166504,-0.1899378832680059,2.193625108463333,0.2617993877991417,0.0,-2.00603562118169,180,180,180,180,180,180,180
42.09705448150635,-0.18630278489346105,2.1858165920877646,0.2617993877991417,0.0,-2.006206857122201,180,180,180,180,180,180,180
42.107271671295166,-0.18630278489346105,2.1858165920877646,0.2617993877991417,0.0,-2.006206857122201,180,180,180,180,180,180,180
42.11747121810913,-0.18630278489346105,2.1858165920877646,0.2617993877991417,0.0,-2.006206857122201,180,180,180,180,180,180,180
42.12767267227173,-0.18630278489346105,2.1858165920877646,0.2617993877991417,0.0,-2.006206857122201,190,190,190,190,190,180,180
42.14702820777893,-0.18267176618229655,2.1780174029472747,0.2617993877991417,0.0,-2.006221612105956,190,190,190,190,190,180,180
42.15734362602234,-0.18267176618229655,2.1780174029472747,0.2617993877991417,0.0,-2.006221612105956,190,190,190,190,190,180,180
42.167590379714966,-0.17893049387275878,2.1699763694981504,0.2617993877991417,0.0,-2.0062038304136562,190,190,190,190,190,180,180
42.17799353599548,-0.17893049387275878,2.1699763694981504,0.2617993877991417,0.0,-2.0062038304136562,190,190,190,180,190,180,180
42.196529150009155,-0.17893049387275878,2.1699763694981504,0.2617993877991417,0.0,-2.0062038304136562,190,190,190,180,190,180,180
42.20694971084595,-0.1752954547836984,2.1621637491897925,0.2617993877991417,0.0,-2.0061705480064074,190,190,190,180,190,180,180
42.21715712547302,-0.1752954547836984,2.1621637491897925,0.2617993877991417,0.0,-2.0061705480064074,190,190,190,180,190,180,180
42.22738528251648,-0.1752954547836984,2.1621637491897925,0.2617993877991417,0.0,-2.0061705480064074,180,180,180,180,180,180,180
42.23773193359375,-0.1716562555254303,2.1543416607314883,0.2617993877991417,0.0,-2.0061402194783806,180,180,180,180,180,180,180
42.24869394302368,-0.1716562555254303,2.1543416607314883,0.2617993877991417,0.0,-2.0061402194783806,180,180,180,180,180,180,180
42.2588996887207,-0.1716562555254303,2.1543416607314883,0.2617993877991417,0.0,-2.0061402194783806,180,180,180,180,180,180,180
42.26911544799805,-0.16790259248442468,2.1462729492791586,0.2617993877991417,0.0,-2.006107967477341,180,180,180,180,180,180,180
42.279361724853516,-0.16790259248442468,2.1462729492791586,0.2617993877991417,0.0,-2.006107967477341,180,180,180,180,180,180,180
42.289578914642334,-0.16790259248442468,2.1462729492791586,0.2617993877991417,0.0,-2.006107967477341,180,180,180,180,180,180,180
42.29997634887695,-0.16425532766152964,2.138432289008258,0.2617993877991417,0.0,-2.0060760115936516,180,180,180,180,180,180,180
42.310197830200195,-0.16425532766152964,2.138432289008258,0.2617993877991417,0.0,-2.0060760115936516,180,180,180,180,180,180,180
42.320399045944214,-0.16425532766152964,2.138432289008258,0.2617993877991417,0.0,-2.0060760115936516,180,180,180,180,180,180,180
42.330636739730835,-0.16425532766152964,2.138432289008258,0.2617993877991417,0.0,-2.0060760115936516,180,180,180,180,180,180,180
42.348212480545044,-0.16060434849479904,2.1305825888176084,0.2617993877991417,-0.05235987755982833,-2.006044897843298,180,180,180,180,180,180,180
42.358420848846436,-0.16060434849479904,2.1305825888176084,0.2617993877991417,-0.05235987755982833,-2.006044897843298,180,180,180,180,180,180,180
42.36861181259155,-0.1568394805354045,2.122485407660994,0.2617993877991417,-0.06981317007977111,-2.006019397866328,180,180,180,180,180,180,180
42.37881398200989,-0.1568394805354045,2.122485407660994,0.2617993877991417,-0.06981317007977111,-2.006019397866328,180,180,180,180,180,180,180
42.39831757545471,-0.1568394805354045,2.122485407660994,0.2617993877991417,-0.06981317007977111,-2.006019397866328,180,180,180,180,180,180,180
42.40866303443909,-0.15318413441544615,2.114610361549513,0.2617993877991417,-0.08726646259971389,-2.004469117540691,180,180,180,180,180,180,180
42.41895890235901,-0.15318413441544615,2.114610361549513,0.2617993877991417,-0.10471975511965666,-2.004469117540691,180,180,180,180,180,180,180
42.42922115325928,-0.15318413441544615,2.114610361549513,0.2617993877991417,-0.10471975511965666,-2.004469117540691,180,180,180,180,180,180,180
42.44748520851135,-0.1495470879186701,2.1067294031451147,0.2617993877991417,-0.12217304763959944,-2.002284712516944,180,180,180,180,180,180,180
42.457698345184326,-0.1495470879186701,2.1067294031451147,0.2617993877991417,-0.13962634015954223,-2.002284712516944,180,180,180,180,180,180,180
42.46789026260376,-0.14584987478955788,2.098668652014516,0.2617993877991417,-0.157079632679485,-1.999450650530838,180,180,180,180,180,180,180
42.4781231880188,-0.14584987478955788,2.098668652014516,0.2617993877991417,-0.157079632679485,-1.999450650530838,180,180,180,180,180,180,180
42.49711465835571,-0.14584987478955788,2.098668652014516,0.2617993877991417,-0.17453292519942779,-1.999450650530838,180,180,180,180,180,180,180
42.50752353668213,-0.14227107161013905,2.0908231077524975,0.2617993877991417,-0.17453292519942779,-1.9956136563983287,180,180,180,180,180,180,180
42.517736196517944,-0.14227107161013905,2.0908231077524975,0.2617993877991417,-0.19198621771937055,-1.9956136563983287,180,180,180,180,180,180,180
42.52793788909912,-0.14227107161013905,2.0908231077524975,0.2617993877991417,-0.19198621771937055,-1.9956136563983287,180,180,180,180,180,180,180
42.538164377212524,-0.14227107161013905,2.0908231077524975,0.2617993877991417,-0.19198621771937055,-1.9956136563983287,180,180,180,180,180,180,180
42.55061650276184,-0.14227107161013905,2.0908231077524975,0.2617993877991417,-0.19198621771937055,-1.9956136563983287,180,180,180,180,180,180,180
42.56084322929382,-0.13872629494826455,2.082933530573478,0.2617993877991417,-0.19198621771937055,-1.9900836992248465,180,180,180,180,180,180,180
42.57105112075806,-0.13512086165833476,2.0747757774435396,0.2617993877991417,-0.19198621771937055,-1.9835675669340997,180,180,180,180,180,180,180
42.581225872039795,-0.13512086165833476,2.0747757774435396,0.2617993877991417,-0.19198621771937055,-1.9835675669340997,180,180,180,180,180,180,180
42.59704899787903,-0.13166802570760805,2.0668265506217454,0.2617993877991417,-0.19198621771937055,-1.9772044850136716,180,180,180,180,180,180,180
42.60720157623291,-0.13166802570760805,2.0668265506217454,0.2617993877991417,-0.19198621771937055,-1.9772044850136716,180,180,180,180,180,180,180
42.61737108230591,-0.13166802570760805,2.0668265506217454,0.2617993877991417,-0.19198621771937055,-1.9772044850136716,180,180,180,180,180,180,180
42.62756085395813,-0.13166802570760805,2.0668265506217454,0.2617993877991417,-0.19198621771937055,-1.9772044850136716,180,180,180,180,180,180,180
42.637768030166626,-0.12826135641369996,2.0588452234104118,0.2617993877991417,-0.19198621771937055,-1.9708266208241367,180,180,180,180,180,180,180
42.649346351623535,-0.12826135641369996,2.0588452234104118,0.2617993877991417,-0.19198621771937055,-1.9708266208241367,180,180,180,180,180,180,180
42.65953993797302,-0.12826135641369996,2.0588452234104118,0.2617993877991417,-0.19198621771937055,-1.9708266208241367,180,180,180,180,180,180,180
42.66973900794983,-0.1248001013324077,2.050588068842026,0.2617993877991417,-0.19198621771937055,-1.9642435584519737,180,180,180,180,180,180,180
42.679975509643555,-0.1248001013324077,2.050588068842026,0.2617993877991417,-0.19198621771937055,-1.9642435584519737,180,180,180,180,180,180,180
42.69031476974487,-0.1248001013324077,2.050588068842026,0.2617993877991417,-0.19198621771937055,-1.9642435584519737,180,180,180,180,180,180,180
42.700562715530396,-0.12148837920263268,2.042541002766505,0.2617993877991417,-0.19198621771937055,-1.957847722950108,180,180,180,180,180,180,180
42.71085572242737,-0.12148837920263268,2.042541002766505,0.2617993877991417,-0.19198621771937055,-1.957847722950108,180,180,180,180,180,180,180
42.72109317779541,-0.12148837920263268,2.042541002766505,0.2617993877991417,-0.19198621771937055,-1.957847722950108,180,180,180,180,180,180,180
42.73175859451294,-0.12148837920263268,2.042541002766505,0.2617993877991417,-0.19198621771937055,-1.957847722950108,180,180,180,180,180,180,180
42.74950647354126,-0.11822474117586174,2.0344632262890867,0.2617993877991417,-0.19198621771937055,-1.9514517310300368,180,180,180,180,180,180,180
42.759865522384644,-0.11822474117586174,2.0344632262890867,0.2617993877991417,-0.19198621771937055,-1.9514517310300368,180,180,180,180,180,180,180
42.770119428634644,-0.11491516524365103,2.0261155911259086,0.2617993877991417,-0.19198621771937055,-1.9449098365128459,180,180,180,180,180,180,180
42.780617475509644,-0.11491516524365103,2.0261155911259086,0.2617993877991417,-0.19198621771937055,-1.9449098365128459,180,180,180,180,180,180,180
42.80341386795044,-0.11491516524365103,2.0261155911259086,0.2617993877991417,-0.19198621771937055,-1.9449098365128459,180,180,180,180,180,180,180
42.815325021743774,-0.1117568221353545,2.0180048989223622,0.2617993877991417,-0.19198621771937055,-1.9387054319125654,180,180,180,180,180,180,180
42.8256094455719,-0.1117568221353545,2.0180048989223622,0.2617993877991417,-0.19198621771937055,-1.9387054319125654,180,180,180,180,180,180,180
42.83601188659668,-0.10866481875974172,2.009916183163122,0.2617993877991417,-0.19198621771937055,-1.9328127918973321,180,180,180,180,180,180,180
42.853076219558716,-0.10866481875974172,2.009916183163122,0.2617993877991417,-0.19198621771937055,-1.9328127918973321,180,180,180,180,180,180,180
42.86361241340637,-0.10866481875974172,2.009916183163122,0.2617993877991417,-0.19198621771937055,-1.9328127918973321,180,180,180,180,180,180,180
42.87400698661804,-0.10552467075113725,2.0015452102932936,0.2617993877991417,-0.19198621771937055,-1.9266424252275958,190,190,180,180,180,180,180
42.884302377700806,-0.10552467075113725,2.0015452102932936,0.2617993877991417,-0.19198621771937055,-1.9266424252275958,190,190,180,180,180,180,180
42.89842629432678,-0.10552467075113725,2.0015452102932936,0.2617993877991417,-0.19198621771937055,-1.9266424252275958,190,190,180,180,180,180,180
42.90881705284119,-0.10252333992615154,1.993394790883818,0.2617993877991417,-0.19198621771937055,-1.9205459590507148,190,190,180,180,180,180,180
42.9190673828125,-0.10252333992615154,1.993394790883818,0.2617993877991417,-0.19198621771937055,-1.9205459590507148,180,190,180,180,180,180,180
42.93004584312439,-0.10252333992615154,1.993394790883818,0.2617993877991417,-0.19198621771937055,-1.9205459590507148,180,190,180,180,180,180,180
42.94055509567261,-0.09957133340077452,1.9852362626512723,0.2617993877991417,-0.19198621771937055,-1.9143090384277106,180,190,180,180,180,180,180
42.95180082321167,-0.09957133340077452,1.9852362626512723,0.2617993877991417,-0.19198621771937055,-1.9143090384277106,180,190,180,180,180,180,180
42.962130308151245,-0.09957133340077452,1.9852362626512723,0.2617993877991417,-0.19198621771937055,-1.9143090384277106,180,190,180,180,180,180,180
42.97249960899353,-0.09659503643084191,1.9768318549572426,0.2617993877991417,-0.19198621771937055,-1.9076197593302318,180,190,180,180,180,180,180
42.9828827381134,-0.09659503643084191,1.9768318549572426,0.2617993877991417,-0.19198621771937055,-1.9076197593302318,180,180,180,180,180,180,180
42.993390798568726,-0.09659503643084191,1.9768318549572426,0.2617993877991417,-0.19198621771937055,-1.9076197593302318,180,180,180,180,180,180,180
43.0059769153595,-0.09659503643084191,1.9768318549572426,0.2617993877991417,-0.19198621771937055,-1.9076197593302318,180,180,180,180,180,180,180
43.01640605926514,-0.09375491802515672,1.9686387829714618,0.2617993877991417,-0.19198621771937055,-1.9011654403946878,180,180,180,180,180,180,180
43.02677774429321,-0.09375491802515672,1.9686387829714618,0.2617993877991417,-0.19198621771937055,-1.9011654403946878,180,180,180,180,180,180,180
43.03723454475403,-0.09096347586545543,1.9604167347745025,0.2617993877991417,-0.19198621771937055,-1.8946959719511174,180,180,180,180,180,180,180
43.055943965911865,-0.09096347586545543,1.9604167347745025,0.2617993877991417,-0.19198621771937055,-1.8946959719511174,180,180,180,180,180,180,180
43.06636118888855,-0.08813968968983259,1.9519154769293452,0.2617993877991417,-0.19198621771937055,-1.8880072368780032,180,180,180,180,180,180,180
43.07666516304016,-0.08813968968983259,1.9519154769293452,0.2617993877991417,-0.19198621771937055,-1.8880072368780032,180,180,180,180,180,180,180
43.08753490447998,-0.08813968968983259,1.9519154769293452,0.2617993877991417,-0.19198621771937055,-1.8880072368780032,180,180,180,180,180,180,180
43.09791970252991,-0.08545108400522955,1.943638349743792,0.2617993877991417,-0.19198621771937055,-1.8815219946848827,180,180,180,180,180,180,180
43.10826301574707,-0.08545108400522955,1.943638349743792,0.2617993877991417,-0.19198621771937055,-1.8815219946848827,180,180,180,180,180,180,180
43.118786096572876,-0.08545108400522955,1.943638349743792,0.2617993877991417,-0.19198621771937055,-1.8815219946848827,180,180,180,180,180,180,180
43.12921214103699,-0.08545108400522955,1.943638349743792,0.2617993877991417,-0.19198621771937055,-1.8815219946848827,180,180,180,180,180,180,180
43.13997197151184,-0.08281650446644313,1.9353439358270819,0.2617993877991417,-0.19198621771937055,-1.8750995655295624,180,180,180,180,180,180,180
43.15294694900513,-0.08281650446644313,1.9353439358270819,0.2617993877991417,-0.19198621771937055,-1.8750995655295624,180,180,180,180,180,180,180
43.16335368156433,-0.08281650446644313,1.9353439358270819,0.2617993877991417,-0.19198621771937055,-1.8750995655295624,180,180,180,180,180,180,180
43.17394518852234,-0.08015906585062282,1.926800599930872,0.2617993877991417,-0.19198621771937055,-1.868680026546271,180,180,180,180,180,180,180
43.18497180938721,-0.08015906585062282,1.926800599930872,0.2617993877991417,-0.19198621771937055,-1.868680026546271,180,180,180,180,180,180,180
43.20083832740784,-0.07764421518228691,1.9185254770955225,0.2617993877991417,-0.19198621771937055,-1.8627182185847069,180,180,180,180,180,180,180
43.211230993270874,-0.07764421518228691,1.9185254770955225,0.2617993877991417,-0.19198621771937055,-1.8627182185847069,180,180,180,180,180,180,180
43.22161364555359,-0.07764421518228691,1.9185254770955225,0.2617993877991417,-0.19198621771937055,-1.8627182185847069,180,180,180,180,180,180,180
43.235005140304565,-0.07517375266939366,1.9102124293336789,0.2617993877991417,-0.19198621771937055,-1.8566787023528186,180,180,180,180,180,180,180
43.25245547294617,-0.07517375266939366,1.9102124293336789,0.2617993877991417,-0.19198621771937055,-1.8566787023528186,180,180,180,180,180,180,180
43.263020515441895,-0.07267492743529662,1.9016171989169766,0.2617993877991417,-0.19198621771937055,-1.8504179968786745,180,180,180,180,180,180,180
43.27335214614868,-0.07267492743529662,1.9016171989169766,0.2617993877991417,-0.19198621771937055,-1.8504179968786745,180,180,180,180,180,180,180
43.28374433517456,-0.07267492743529662,1.9016171989169766,0.2617993877991417,-0.19198621771937055,-1.8504179968786745,180,180,180,180,180,180,180
43.30326461791992,-0.0702990861497176,1.8932511436094168,0.2617993877991417,-0.19198621771937055,-1.844312033554295,180,180,180,180,180,180,180
43.31575036048889,-0.0702990861497176,1.8932511436094168,0.2617993877991417,-0.19198621771937055,-1.844312033554295,180,180,180,180,180,180,180
43.32606029510498,-0.0702990861497176,1.8932511436094168,0.2617993877991417,-0.19198621771937055,-1.844312033554295,180,180,180,180,180,180,180
43.33687353134155,-0.06797416976988767,1.8848670395628602,0.2617993877991417,-0.19198621771937055,-1.8381327655599446,180,180,180,180,180,180,180
43.353700399398804,-0.06797416976988767,1.8848670395628602,0.2617993877991417,-0.19198621771937055,-1.8381327655599446,180,180,180,180,180,180,180
43.36467933654785,-0.06797416976988767,1.8848670395628602,0.2617993877991417,-0.19198621771937055,-1.8381327655599446,180,180,180,180,180,180,180
43.37499713897705,-0.0656310361022969,1.8762158085736644,0.2617993877991417,-0.19198621771937055,-1.831648537859118,180,180,180,180,180,180,180
43.38547897338867,-0.0656310361022969,1.8762158085736644,0.2617993877991417,-0.19198621771937055,-1.831648537859118,180,180,180,180,180,180,180
43.406001567840576,-0.0656310361022969,1.8762158085736644,0.2617993877991417,-0.19198621771937055,-1.831648537859118,180,180,180,180,180,180,180
43.416563749313354,-0.06341740797449577,1.867822402626485,0.2617993877991417,-0.19198621771937055,-1.8251267058690324,180,180,180,180,180,180,180
43.42689251899719,-0.06341740797449577,1.867822402626485,0.2617993877991417,-0.19198621771937055,-1.8251267058690324,180,180,180,180,180,180,180
43.437206745147705,-0.061261502342025334,1.8594150785594838,0.2617993877991417,-0.19198621771937055,-1.8185229855296854,190,180,180,180,180,180,180
43.44752097129822,-0.061261502342025334,1.8594150785594838,0.2617993877991417,-0.19198621771937055,-1.8185229855296854,190,180,180,180,180,180,180
43.45814752578735,-0.061261502342025334,1.8594150785594838,0.2617993877991417,-0.19198621771937055,-1.8185229855296854,190,180,180,180,180,180,180
43.4684636592865,-0.05909313265257503,1.8507215129117094,0.2617993877991417,-0.19198621771937055,-1.8117779926620574,190,180,180,180,180,180,180
43.47897434234619,-0.05909313265257503,1.8507215129117094,0.2617993877991417,-0.19198621771937055,-1.8117779926620574,190,180,180,180,180,180,180
43.48931097984314,-0.05909313265257503,1.8507215129117094,0.2617993877991417,-0.19198621771937055,-1.8117779926620574,190,180,180,180,180,180,180
43.50894284248352,-0.057047018779317595,1.842275675323183,0.2617993877991417,-0.19198621771937055,-1.8053036736766268,190,180,180,180,180,180,180
43.51925611495972,-0.057047018779317595,1.842275675323183,0.2617993877991417,-0.19198621771937055,-1.8053036736766268,190,180,180,180,180,180,180
43.52997660636902,-0.057047018779317595,1.842275675323183,0.2617993877991417,-0.19198621771937055,-1.8053036736766268,190,180,180,180,180,180,180
43.54030132293701,-0.055056624184723284,1.833846021788964,0.2617993877991417,-0.19198621771937055,-1.7990740618217387,180,180,180,180,180,180,180
43.554912090301514,-0.055056624184723284,1.833846021788964,0.2617993877991417,-0.19198621771937055,-1.7990740618217387,180,180,180,180,180,180,180
43.56524181365967,-0.05306689296928894,1.825165883940433,0.2617993877991417,-0.19198621771937055,-1.7928198173184295,180,180,180,180,180,180,180
43.57553195953369,-0.05306689296928894,1.825165883940433,0.2617993877991417,-0.19198621771937055,-1.7928198173184295,180,180,180,180,180,180,180
43.58601713180542,-0.05306689296928894,1.825165883940433,0.2617993877991417,-0.19198621771937055,-1.7928198173184295,190,180,180,180,180,180,180
43.60535955429077,-0.05118451420186599,1.8167083913597823,0.2617993877991417,-0.19198621771937055,-1.7866846036663098,190,180,180,180,180,180,180
43.615740060806274,-0.05118451420186599,1.8167083913597823,0.2617993877991417,-0.19198621771937055,-1.7866846036663098,190,180,180,180,180,180,180
43.62603688240051,-0.05118451420186599,1.8167083913597823,0.2617993877991417,-0.19198621771937055,-1.7866846036663098,190,180,180,180,180,180,180
43.636791706085205,-0.049350138212518706,1.8082263925907747,0.2617993877991417,-0.19198621771937055,-1.7805295994429762,190,180,180,180,180,180,180
43.65420746803284,-0.049350138212518706,1.8082263925907747,0.2617993877991417,-0.19198621771937055,-1.7805295994429762,190,180,180,180,180,180,180
43.664573192596436,-0.04751213007441126,1.799463422664115,0.2617993877991417,-0.19198621771937055,-1.7741811063893196,190,180,180,180,180,180,180
43.674909830093384,-0.04751213007441126,1.799463422664115,0.2617993877991417,-0.19198621771937055,-1.7741811063893196,190,180,180,180,180,180,180
43.685824155807495,-0.04751213007441126,1.799463422664115,0.2617993877991417,-0.19198621771937055,-1.7741811063893196,180,180,180,180,180,180,180
43.70523810386658,-0.04577936394503407,1.79093524003601,0.2617993877991417,-0.19198621771937055,-1.7679982971258217,180,180,180,180,180,180,180
43.715755462646484,-0.04577936394503407,1.79093524003601,0.2617993877991417,-0.19198621771937055,-1.7679982971258217,180,180,180,180,180,180,180
43.726102113723755,-0.04577936394503407,1.79093524003601,0.2617993877991417,-0.19198621771937055,-1.7679982971258217,180,180,180,180,180,180,180
43.73684120178223,-0.04409774807979587,1.7823860888299323,0.2617993877991417,-0.19198621771937055,-1.7617870474291453,180,180,180,180,180,180,180
43.754199266433716,-0.04409774807979587,1.7823860888299323,0.2617993877991417,-0.19198621771937055,-1.7617870474291453,180,180,180,180,180,180,180
43.764509201049805,-0.04242040134616347,1.7735611916121379,0.2617993877991417,-0.19198621771937055,-1.75532606511355,180,180,180,180,180,180,180
43.774818658828735,-0.04242040134616347,1.7735611916121379,0.2617993877991417,-0.19198621771937055,-1.75532606511355,180,180,180,180,180,180,180
43.785141944885254,-0.04242040134616347,1.7735611916121379,0.2617993877991417,-0.17453292519942779,-1.75532606511355,180,180,180,180,180,180,180
43.801249265670776,-0.0408479522639134,1.7649851350984322,0.2617993877991417,-0.17453292519942779,-1.7489613769537706,180,180,180,180,180,180,180
43.81181573867798,-0.0408479522639134,1.7649851350984322,0.2617993877991417,-0.157079632679485,-1.7489613769537706,180,180,180,180,180,180,180
43.82211637496948,-0.0408479522639134,1.7649851350984322,0.2617993877991417,-0.157079632679485,-1.7489613769537706,180,180,180,180,180,180,180
43.83266258239746,-0.03933409877714704,1.7564395626141815,0.2617993877991417,-0.157079632679485,-1.7428598688603272,180,180,180,180,180,180,180
43.851109981536865,-0.03933409877714704,1.7564395626141815,0.2617993877991417,-0.13962634015954223,-1.7428598688603272,180,180,180,180,180,180,180
43.86144304275513,-0.03933409877714704,1.7564395626141815,0.2617993877991417,-0.12217304763959944,-1.7428598688603272,180,180,180,180,180,180,180
43.871755838394165,-0.03783252340436216,1.7476451593833655,0.2617993877991417,-0.12217304763959944,-1.7372698184644142,180,180,180,180,180,180,180
43.882084131240845,-0.03783252340436216,1.7476451593833655,0.2617993877991417,-0.12217304763959944,-1.7372698184644142,180,180,180,180,180,180,180
43.892404317855835,-0.03783252340436216,1.7476451593833655,0.2617993877991417,-0.12217304763959944,-1.7372698184644142,180,180,180,180,180,180,180
43.908451557159424,-0.03641349739956396,1.7390938777410747,0.2617993877991417,-0.12217304763959944,-1.7328674054910143,180,180,180,180,180,180,180
43.91872596740723,-0.03641349739956396,1.7390938777410747,0.2617993877991417,-0.12217304763959944,-1.7328674054910143,180,180,180,180,180,180,180
43.92900323867798,-0.03641349739956396,1.7390938777410747,0.2617993877991417,-0.12217304763959944,-1.7328674054910143,180,180,180,180,180,180,180
43.93930101394653,-0.03503688990195256,1.7305831288426303,0.2617993877991417,-0.12217304763959944,-1.7289867415021984,180,180,180,180,180,180,180
43.95615792274475,-0.03503688990195256,1.7305831288426303,0.2617993877991417,-0.12217304763959944,-1.7289867415021984,180,180,180,180,180,180,180
43.96643042564392,-0.033654293975417846,1.7217967025865866,0.2617993877991417,-0.12217304763959944,-1.724967243169919,180,180,180,180,180,180,180
43.97668933868408,-0.033654293975417846,1.7217967025865866,0.2617993877991417,-0.12217304763959944,-1.724967243169919,180,180,180,180,180,180,180
43.98694109916687,-0.033654293975417846,1.7217967025865866,0.2617993877991417,-0.12217304763959944,-1.724967243169919,180,180,180,180,180,180,180
44.00576949119568,-0.032341320985985356,1.713247819285546,0.2617993877991417,-0.12217304763959944,-1.7210290359537574,180,180,180,180,180,180,180
44.01638174057007,-0.032341320985985356,1.713247819285546,0.2617993877991417,-0.12217304763959944,-1.7210290359537574,180,180,180,180,180,180,180
44.02732872962952,-0.032341320985985356,1.713247819285546,0.2617993877991417,-0.12217304763959944,-1.7210290359537574,180,180,180,180,180,180,180
44.037957429885864,-0.031060438251976078,1.7046830076533752,0.2617993877991417,-0.12217304763959944,-1.7170918610391002,180,180,180,190,180,180,180
44.053980112075806,-0.031060438251976078,1.7046830076533752,0.2617993877991417,-0.12217304763959944,-1.7170918610391002,180,180,180,190,180,180,180
44.064316749572754,-0.029774420542821606,1.695840523215269,0.2617993877991417,-0.12217304763959944,-1.7130259700184995,180,180,180,190,180,180,180
44.075111389160156,-0.029774420542821606,1.695840523215269,0.2617993877991417,-0.12217304763959944,-1.7130259700184995,180,180,180,190,180,180,180
44.08581614494324,-0.029774420542821606,1.695840523215269,0.2617993877991417,-0.12217304763959944,-1.7130259700184995,180,180,180,190,180,180,180
44.10623216629028,-0.028559134521281605,1.6872406201735106,0.2617993877991417,-0.12217304763959944,-1.7090674372378305,180,180,180,190,180,180,180
44.11654758453369,-0.028559134521281605,1.6872406201735106,0.2617993877991417,-0.12217304763959944,-1.7090674372378305,180,180,180,190,180,180,180
44.126890420913696,-0.028559134521281605,1.6872406201735106,0.2617993877991417,-0.12217304763959944,-1.7090674372378305,180,180,180,190,180,180,180
44.138869285583496,-0.027376722954658428,1.6786240336104303,0.2617993877991417,-0.12217304763959944,-1.705092890695134,180,180,180,180,180,180,180
44.15988373756409,-0.027376722954658428,1.6786240336104303,0.2617993877991417,-0.12217304763959944,-1.705092890695134,180,180,180,180,180,180,180
44.170592069625854,-0.026193650221217384,1.669731338169293,0.2617993877991417,-0.12217304763959944,-1.7009748715231137,180,180,180,180,180,180,180
44.180901288986206,-0.026193650221217384,1.669731338169293,0.2617993877991417,-0.12217304763959944,-1.7009748715231137,180,180,180,180,180,180,180
44.19119119644165,-0.026193650221217384,1.669731338169293,0.2617993877991417,-0.12217304763959944,-1.7009748715231137,180,180,180,180,180,180,180
44.201499700546265,-0.026193650221217384,1.669731338169293,0.2617993877991417,-0.12217304763959944,-1.7009748715231137,180,180,180,180,180,180,180
44.21680402755737,-0.0250813570053166,1.661094562748273,0.2617993877991417,-0.12217304763959944,-1.6969469102103083,180,180,180,180,180,180,180
44.22714829444885,-0.0250813570053166,1.661094562748273,0.2617993877991417,-0.12217304763959944,-1.6969469102103083,180,180,180,180,180,180,180
44.23742055892944,-0.0240097370524957,1.6524644132518456,0.2617993877991417,-0.12217304763959944,-1.6929432351932099,180,180,180,180,180,180,180
44.24770474433899,-0.0240097370524957,1.6524644132518456,0.2617993877991417,-0.12217304763959944,-1.6929432351932099,180,180,180,180,180,180,180
44.26387023925781,-0.022939934029931646,1.6436060604734137,0.2617993877991417,-0.12217304763959944,-1.6889865396804815,180,180,180,180,180,180,180
44.27417039871216,-0.022939934029931646,1.6436060604734137,0.2617993877991417,-0.12217304763959944,-1.6889865396804815,180,180,180,180,180,180,180
44.28449273109436,-0.022939934029931646,1.6436060604734137,0.2617993877991417,-0.12217304763959944,-1.6889865396804815,180,180,180,180,180,180,180
44.29489493370056,-0.022939934029931646,1.6436060604734137,0.2617993877991417,-0.12217304763959944,-1.6889865396804815,180,180,180,180,180,180,180
44.314043283462524,-0.0219397724198875,1.635051719509576,0.2617993877991417,-0.10471975511965666,-1.684998640810192,180,180,180,180,180,180,180
44.32443189620972,-0.0219397724198875,1.635051719509576,0.2617993877991417,-0.08726646259971389,-1.684998640810192,180,180,180,180,180,180,180
44.334744453430176,-0.020976016326618812,1.6264815978816816,0.2617993877991417,-0.08726646259971389,-1.681041894387669,180,180,180,180,180,180,180
44.34512424468994,-0.020976016326618812,1.6264815978816816,0.2617993877991417,-0.06981317007977111,-1.681041894387669,180,180,180,180,180,180,180
44.36435341835022,-0.020976016326618812,1.6264815978816816,0.2617993877991417,-0.06981317007977111,-1.681041894387669,180,180,180,180,180,180,180
44.37592315673828,-0.02001116866719988,1.6176441007665143,0.2617993877991417,-0.05235987755982833,-1.6780586302498677,180,180,180,180,180,180,180
44.38632678985596,-0.02001116866719988,1.6176441007665143,0.2617993877991417,-0.05235987755982833,-1.6780586302498677,180,180,180,180,180,180,180
44.39675545692444,-0.019095226763233445,1.6090558173595213,0.2617993877991417,-0.05235987755982833,-1.6757610500420768,180,180,180,180,180,180,180
44.40704321861267,-0.019095226763233445,1.6090558173595213,0.2617993877991417,-0.05235987755982833,-1.6757610500420768,180,180,180,180,180,180,180
44.41967463493347,-0.019095226763233445,1.6090558173595213,0.2617993877991417,-0.05235987755982833,-1.6757610500420768,180,180,180,180,180,180,180
44.429970264434814,-0.019095226763233445,1.6090558173595213,0.2617993877991417,-0.05235987755982833,-1.6757610500420768,180,180,180,180,180,180,180
44.440268993377686,-0.01819576417168048,1.600458802604079,0.2617993877991417,-0.05235987755982833,-1.6740317943496186,180,180,180,180,180,180,180
44.45071077346802,-0.01819576417168048,1.600458802604079,0.2617993877991417,-0.06981317007977111,-1.6740317943496186,180,180,180,180,180,180,180
44.464091062545776,-0.01819576417168048,1.600458802604079,0.2617993877991417,-0.06981317007977111,-1.6740317943496186,180,180,180,180,180,180,180
44.474393129348755,-0.017283407632379906,1.5915882942831663,0.2617993877991417,-0.06981317007977111,-1.6722685280701661,180,180,180,180,180,180,180
44.48471260070801,-0.017283407632379906,1.5915882942831663,0.2617993877991417,-0.06981317007977111,-1.6722685280701661,180,180,180,180,180,180,180
44.49534773826599,-0.017283407632379906,1.5915882942831663,0.2617993877991417,-0.06981317007977111,-1.6722685280701661,180,180,180,180,180,180,180
44.51275062561035,-0.01641357844729863,1.5829596707042808,0.2617993877991417,-0.06981317007977111,-1.6699948136759164,180,180,180,180,180,180,180
44.52313184738159,-0.01641357844729863,1.5829596707042808,0.2617993877991417,-0.06981317007977111,-1.6699948136759164,180,180,180,180,180,180,180
44.5334632396698,-0.0155629354772359,1.5743171750740135,0.2617993877991417,-0.06981317007977111,-1.6677001819571615,180,180,180,180,180,180,180
44.55175042152405,-0.0155629354772359,1.5743171750740135,0.2617993877991417,-0.06981317007977111,-1.6677001819571615,180,180,180,180,180,180,180
44.56197810173035,-0.0155629354772359,1.5743171750740135,0.2617993877991417,-0.06981317007977111,-1.6677001819571615,180,180,180,180,180,180,180
44.57216262817383,-0.01470701236506964,1.5654016295938964,0.2617993877991417,-0.06981317007977111,-1.6653430767817825,180,180,180,180,180,180,180
44.58235001564026,-0.01470701236506964,1.5654016295938964,0.2617993877991417,-0.06981317007977111,-1.6653430767817825,180,180,180,180,180,180,180
44.59800410270691,-0.01470701236506964,1.5654016295938964,0.2617993877991417,-0.06981317007977111,-1.6653430767817825,180,180,180,180,180,180,180
44.60832476615906,-0.013897622039965113,1.5567485894551254,0.2617993877991417,-0.08726646259971389,-1.6630890562663947,180,180,180,180,180,180,180
44.618494272232056,-0.013897622039965113,1.5567485894551254,0.2617993877991417,-0.08726646259971389,-1.6630890562663947,180,180,180,180,180,180,180
44.628682374954224,-0.013897622039965113,1.5567485894551254,0.2617993877991417,-0.08726646259971389,-1.6630890562663947,180,180,180,180,180,180,180
44.64777994155884,-0.01311420278048124,1.548111352668381,0.2617993877991417,-0.08726646259971389,-1.6609235014904453,180,180,180,180,180,180,180
44.658125162124634,-0.01311420278048124,1.548111352668381,0.2617993877991417,-0.08726646259971389,-1.6609235014904453,180,180,180,180,180,180,180
44.668351888656616,-0.012321263618766103,1.5392381428797584,0.2617993877991417,-0.08726646259971389,-1.6587707572976227,180,180,180,180,180,180,180
44.67858529090881,-0.012321263618766103,1.5392381428797584,0.2617993877991417,-0.08726646259971389,-1.6587707572976227,180,180,180,180,180,180,180
44.68880581855774,-0.012321263618766103,1.5392381428797584,0.2617993877991417,-0.08726646259971389,-1.6587707572976227,180,180,180,180,180,180,180
44.70116424560547,-0.011571154617240093,1.5306384507001634,0.2617993877991417,-0.08726646259971389,-1.655974173917899,180,180,180,180,180,180,180
44.711376428604126,-0.011571154617240093,1.5306384507001634,0.2617993877991417,-0.08726646259971389,-1.655974173917899,180,180,180,180,180,180,180
44.72158670425415,-0.011571154617240093,1.5306384507001634,0.2617993877991417,-0.08726646259971389,-1.655974173917899,180,180,180,180,180,180,180
44.731789112091064,-0.010852873503250645,1.5220506021459397,0.2617993877991417,-0.08726646259971389,-1.6531129891702017,180,180,180,180,180,180,180
44.742034912109375,-0.010852873503250645,1.5220506021459397,0.2617993877991417,-0.08726646259971389,-1.6531129891702017,180,180,180,180,180,180,180
44.75228929519653,-0.010852873503250645,1.5220506021459397,0.2617993877991417,-0.08726646259971389,-1.6531129891702017,180,180,180,180,180,180,180
44.76248788833618,-0.010852873503250645,1.5220506021459397,0.2617993877991417,-0.08726646259971389,-1.6531129891702017,180,180,180,180,180,180,180
44.7727165222168,-0.01013401116664319,1.513186391110987,0.2617993877991417,-0.08726646259971389,-1.650144219073432,180,180,180,180,180,180,180
44.782928705215454,-0.01013401116664319,1.513186391110987,0.2617993877991417,-0.08726646259971389,-1.650144219073432,180,180,180,180,180,180,180
44.80058979988098,-0.009459846854458512,1.5045695956933742,0.2617993877991417,-0.06981317007977111,-1.6472590203167947,180,180,180,180,180,180,180
44.810805559158325,-0.009459846854458512,1.5045695956933742,0.2617993877991417,-0.05235987755982833,-1.6472590203167947,180,180,180,180,180,180,180
44.821139335632324,-0.009459846854458512,1.5045695956933742,0.2617993877991417,-0.05235987755982833,-1.6472590203167947,180,180,180,180,180,180,180
44.831478118896484,-0.009459846854458512,1.5045695956933742,0.2617993877991417,-0.05235987755982833,-1.6472590203167947,180,180,180,180,180,180,180
44.84871292114258,-0.008808085457752517,1.4959437830719209,0.2617993877991417,0.0,-1.6449180615574974,180,180,180,180,180,180,180
44.858928203582764,-0.008808085457752517,1.4959437830719209,0.2617993877991417,0.0,-1.6449180615574974,180,180,180,180,180,180,180
44.86912655830383,-0.008154748612696156,1.4870475449920115,0.2617993877991417,0.0,-1.6430901344501398,180,180,180,180,180,180,180
44.87935996055603,-0.008154748612696156,1.4870475449920115,0.2617993877991417,0.0,-1.6430901344501398,180,180,180,180,180,180,180
44.89798665046692,-0.008154748612696156,1.4870475449920115,0.2617993877991417,0.0,-1.6430901344501398,180,180,180,180,180,180,180
44.90819334983826,-0.0075301911144409275,1.4784129001880724,0.2617993877991417,0.0,-1.6429422151077044,180,180,180,180,180,180,180
44.91839861869812,-0.0075301911144409275,1.4784129001880724,0.2617993877991417,0.0,-1.6429422151077044,180,180,180,180,180,180,180
44.92869281768799,-0.0075301911144409275,1.4784129001880724,0.2617993877991417,0.0,-1.6429422151077044,180,180,180,180,180,180,180
44.949241399765015,-0.006905774449528131,1.4697703918242682,0.2617993877991417,0.0,-1.642910911357642,180,180,180,180,180,180,180
44.959489822387695,-0.006905774449528131,1.4697703918242682,0.2617993877991417,0.0,-1.642910911357642,180,180,180,180,180,180,180
44.96969413757324,-0.006262619076069524,1.4608603494736323,0.2617993877991417,0.0,-1.642908720946463,180,180,180,180,180,180,180
44.979904651641846,-0.006262619076069524,1.4608603494736323,0.2617993877991417,0.0,-1.642908720946463,180,180,180,180,180,180,180
44.997462034225464,-0.006262619076069524,1.4608603494736323,0.2617993877991417,0.0,-1.642908720946463,180,180,180,180,180,180,180
45.00777530670166,-0.0056403842155366285,1.452218455572333,0.2617993877991417,0.0,-1.6429981594453444,180,180,180,180,180,180,180
45.018001079559326,-0.0056403842155366285,1.452218455572333,0.2617993877991417,0.0,-1.6429981594453444,180,180,180,180,180,180,180
45.02820682525635,-0.0056403842155366285,1.452218455572333,0.2617993877991417,0.0,-1.6429981594453444,180,180,180,180,180,180,180
45.03841781616211,-0.0056403842155366285,1.452218455572333,0.2617993877991417,0.0,-1.6429981594453444,180,180,180,180,180,180,180
45.05051803588867,-0.0056403842155366285,1.452218455572333,0.2617993877991417,0.0,-1.6429981594453444,180,180,180,180,180,180,180
45.06070113182068,-0.005019235600540666,1.4436072471788894,0.2617993877991417,0.0,-1.6432704072498343,180,180,180,180,180,180,180
45.070903301239014,-0.0043733185398624475,1.4347537917462863,0.2617993877991417,0.0,-1.643521692170839,180,180,180,180,180,180,180
45.081278800964355,-0.0043733185398624475,1.4347537917462863,0.2617993877991417,0.0,-1.643521692170839,180,180,180,180,180,180,180
45.09148955345154,-0.0043733185398624475,1.4347537917462863,0.2617993877991417,0.0,-1.643521692170839,180,180,180,180,180,180,180
45.10240054130554,-0.0037432221079541006,1.4261672288894975,0.2617993877991417,0.0,-1.6435872948893393,180,180,180,180,180,180,180
45.11260008811951,-0.0037432221079541006,1.4261672288894975,0.2617993877991417,0.0,-1.6435872948893393,180,180,180,180,180,180,180
45.12278723716736,-0.0037432221079541006,1.4261672288894975,0.2617993877991417,0.0,-1.6435872948893393,180,180,190,180,180,180,180
45.13300585746765,-0.003116453598477331,1.4175823266771974,0.2617993877991417,0.0,-1.6435650746809196,180,180,190,180,180,180,180
45.14782357215881,-0.003116453598477331,1.4175823266771974,0.2617993877991417,0.0,-1.6435650746809196,180,180,190,180,180,180,180
45.15803027153015,-0.003116453598477331,1.4175823266771974,0.2617993877991417,0.05235987755982833,-1.6435650746809196,180,180,190,180,180,180,180
45.168248891830444,-0.0024704555518624367,1.4087288750090448,0.2617993877991417,0.06981317007977111,-1.643527131516254,180,180,190,180,180,180,180
45.178436279296875,-0.0024704555518624367,1.4087288750090448,0.2617993877991417,0.06981317007977111,-1.643527131516254,180,180,190,180,180,180,180
45.18864989280701,-0.0024704555518624367,1.4087288750090448,0.2617993877991417,0.06981317007977111,-1.643527131516254,180,180,190,180,180,180,180
45.19945573806763,-0.001838104714807365,1.4001420365322585,0.2617993877991417,0.08726646259971389,-1.64507950440097,180,180,190,180,180,180,180
45.20967102050781,-0.001838104714807365,1.4001420365322585,0.2617993877991417,0.08726646259971389,-1.64507950440097,180,180,190,180,180,180,180
45.21987342834473,-0.001838104714807365,1.4001420365322585,0.2617993877991417,0.08726646259971389,-1.64507950440097,180,180,190,180,180,180,180
45.2301549911499,-0.001838104714807365,1.4001420365322585,0.2617993877991417,0.08726646259971389,-1.64507950440097,180,180,180,180,180,180,180
45.240437746047974,-0.0011884217554982784,1.3915469895045283,0.2617993877991417,0.08726646259971389,-1.6473078732669089,180,180,180,180,180,180,180
45.250866651535034,-0.0011884217554982784,1.3915469895045283,0.2617993877991417,0.10471975511965666,-1.6473078732669089,180,180,180,180,180,180,180
45.26110768318176,-0.0011884217554982784,1.3915469895045283,0.2617993877991417,0.10471975511965666,-1.6473078732669089,180,180,180,180,180,180,180
45.27131676673889,-0.0004961775441771788,1.382685553980812,0.2617993877991417,0.10471975511965666,-1.6501979218445149,180,180,180,180,180,180,180
45.28160810470581,-0.0004961775441771788,1.382685553980812,0.2617993877991417,0.10471975511965666,-1.6501979218445149,180,180,180,180,180,180,180
45.2980260848999,0.00020272161766573334,1.3740798727385104,0.2617993877991417,0.08726646259971389,-1.653583652188839,180,180,180,180,180,180,180
45.30828332901001,0.00020272161766573334,1.3740798727385104,0.2617993877991417,0.06981317007977111,-1.653583652188839,180,180,180,180,180,180,180
45.318520307540894,0.00020272161766573334,1.3740798727385104,0.2617993877991417,0.05235987755982833,-1.653583652188839,180,180,180,180,180,180,180
45.328792095184326,0.00020272161766573334,1.3740798727385104,0.2617993877991417,0.05235987755982833,-1.653583652188839,180,180,180,180,180,180,180
45.34823131561279,0.0009275731356239887,1.365460109946705,0.2617993877991417,0.0,-1.656425393877474,180,180,180,180,180,180,180
45.358529806137085,0.0009275731356239887,1.365460109946705,0.2617993877991417,0.0,-1.656425393877474,180,180,180,180,180,180,180
45.3687789440155,0.0016959258595722405,1.3565662996804047,0.2617993877991417,0.0,-1.6582544995795858,180,180,180,180,180,180,180
45.379037857055664,0.0016959258595722405,1.3565662996804047,0.2617993877991417,0.0,-1.6582544995795858,180,180,180,180,180,180,180
45.396419525146484,0.0016959258595722405,1.3565662996804047,0.2617993877991417,0.0,-1.6582544995795858,180,180,180,180,180,180,180
45.40688991546631,0.002453808092152756,1.347934010767701,0.2617993877991417,0.0,-1.658551034627587,180,180,180,180,180,180,180
45.41717457771301,0.002453808092152756,1.347934010767701,0.2617993877991417,0.0,-1.658551034627587,180,180,180,180,180,180,180
45.42747259140015,0.002453808092152756,1.347934010767701,0.2617993877991417,0.0,-1.658551034627587,180,180,180,180,180,180,180
45.43798589706421,0.0032048196389973184,1.3393176050473343,0.2617993877991417,0.0,-1.6587524919041128,180,180,180,180,180,180,180
45.44841814041138,0.0032048196389973184,1.3393176050473343,0.2617993877991417,0.0,-1.6587524919041128,180,180,180,180,180,180,180
45.459232807159424,0.0032048196389973184,1.3393176050473343,0.2617993877991417,0.0,-1.6587524919041128,180,180,180,180,180,180,180
45.46952772140503,0.00398916961570657,1.330466302134756,0.2617993877991417,0.0,-1.6590811442789293,180,180,180,180,180,180,180
45.47986912727356,0.00398916961570657,1.330466302134756,0.2617993877991417,0.0,-1.6590811442789293,180,180,180,180,180,180,180
45.490164279937744,0.00398916961570657,1.330466302134756,0.2617993877991417,0.0,-1.6590811442789293,180,180,180,180,180,180,180
45.50059270858765,0.004752426528801769,1.3218958268632208,0.2617993877991417,0.0,-1.6590976699166815,180,180,180,180,180,180,180
45.52099919319153,0.004752426528801769,1.3218958268632208,0.2617993877991417,0.0,-1.6590976699166815,180,180,180,180,180,180,180
45.531301736831665,0.004752426528801769,1.3218958268632208,0.2617993877991417,0.0,-1.6590976699166815,180,180,180,180,180,180,180
45.54161477088928,0.005511925373407206,1.3133221020856038,0.2617993877991417,0.0,-1.6590888446278849,180,180,180,180,180,180,180
45.55183434486389,0.005511925373407206,1.3133221020856038,0.2617993877991417,0.0,-1.6590888446278849,180,180,180,180,180,180,180
45.567965030670166,0.0062955088052471814,1.3044791020445263,0.2617993877991417,0.0,-1.6590659440107167,180,180,180,180,180,180,180
45.57823991775513,0.0062955088052471814,1.3044791020445263,0.2617993877991417,0.0,-1.6590659440107167,180,180,180,180,180,180,180
45.58848309516907,0.0062955088052471814,1.3044791020445263,0.2617993877991417,0.0,-1.6590659440107167,180,180,180,180,180,180,180
45.599042654037476,0.007056837355357162,1.2958854986115649,0.2617993877991417,0.0,-1.6590467465993697,180,180,180,180,180,180,180
45.61493706703186,0.007056837355357162,1.2958854986115649,0.2617993877991417,0.0,-1.6590467465993697,180,180,180,180,180,180,180
45.62517547607422,0.007056837355357162,1.2958854986115649,0.2617993877991417,0.0,-1.6590467465993697,180,180,180,180,180,180,180
45.635422468185425,0.007818889919283086,1.2872818423226404,0.2617993877991417,0.0,-1.6590268651987075,180,180,180,180,180,180,180
45.645692110061646,0.007818889919283086,1.2872818423226404,0.2617993877991417,0.0,-1.6590268651987075,180,180,180,180,180,180,180
45.66335606575012,0.007818889919283086,1.2872818423226404,0.2617993877991417,0.0,-1.6590268651987075,180,180,180,180,180,180,180
45.673616886138916,0.008604757081437611,1.2784070575964008,0.2617993877991417,0.0,-1.6590054459212213,180,180,180,180,180,180,180
45.683836221694946,0.008604757081437611,1.2784070575964008,0.2617993877991417,0.0,-1.6590054459212213,180,180,180,180,180,180,180
45.69402742385864,0.008604757081437611,1.2784070575964008,0.2617993877991417,0.0,-1.6590054459212213,180,180,180,180,180,180,180
45.70577549934387,0.008604757081437611,1.2784070575964008,0.2617993877991417,0.0,-1.6590054459212213,180,180,180,180,180,180,180
45.71604132652283,0.009368063387998667,1.269783118996097,0.2617993877991417,0.0,-1.6589870879146424,180,180,180,180,180,180,180
45.72631597518921,0.009368063387998667,1.269783118996097,0.2617993877991417,0.0,-1.6589870879146424,180,180,180,180,180,180,180
45.736512184143066,0.010131426729054602,1.261148988603377,0.2617993877991417,0.0,-1.6589773288094267,180,180,180,180,180,180,180
45.75364398956299,0.010131426729054602,1.261148988603377,0.2617993877991417,0.0,-1.6589773288094267,180,180,180,180,180,180,180
45.7638258934021,0.010917815230234112,1.2522475835020566,0.2617993877991417,0.0,-1.6589951554888802,180,180,180,180,180,180,180
45.77407240867615,0.010917815230234112,1.2522475835020566,0.2617993877991417,0.0,-1.6589951554888802,180,180,180,180,180,180,180
45.78432512283325,0.010917815230234112,1.2522475835020566,0.2617993877991417,0.0,-1.6589951554888802,180,180,180,180,180,180,180
45.799455404281616,0.010917815230234112,1.2522475835020566,0.2617993877991417,0.0,-1.6589951554888802,180,180,180,180,180,180,180
45.80977725982666,0.011678111774963668,1.2436160901642062,0.2617993877991417,0.0,-1.659069443441173,180,180,180,180,180,180,180
45.81998300552368,0.011678111774963668,1.2436160901642062,0.2617993877991417,0.0,-1.659069443441173,180,180,190,180,180,180,180
45.830188512802124,0.011678111774963668,1.2436160901642062,0.2617993877991417,0.0,-1.659069443441173,180,180,190,180,180,180,180
45.849910497665405,0.012434105740955666,1.2350144682517503,0.2617993877991417,0.0,-1.6593447227259799,180,180,190,180,180,180,180
45.860151529312134,0.012434105740955666,1.2350144682517503,0.2617993877991417,0.0,-1.6593447227259799,180,180,190,180,180,180,180
45.870365142822266,0.013225020647002593,1.226167420041984,0.2617993877991417,0.0,-1.65964573430003,180,180,190,180,180,180,180
45.88063049316406,0.013225020647002593,1.226167420041984,0.2617993877991417,0.0,-1.65964573430003,180,180,180,180,180,180,180
45.898109674453735,0.013225020647002593,1.226167420041984,0.2617993877991417,0.0,-1.65964573430003,180,180,180,180,180,180,180
45.90845704078674,0.013991561169057849,1.217599550714309,0.2617993877991417,0.0,-1.6596620213943036,180,180,180,180,180,180,180
45.91869354248047,0.013991561169057849,1.217599550714309,0.2617993877991417,0.0,-1.6596620213943036,180,180,180,180,180,180,180
45.92894625663757,0.013991561169057849,1.217599550714309,0.2617993877991417,0.0,-1.6596620213943036,180,180,180,180,180,180,180
45.94790959358215,0.014756032202065889,1.2090256150874388,0.2617993877991417,0.0,-1.659657362887819,180,180,180,180,180,180,180
45.95818018913269,0.014756032202065889,1.2090256150874388,0.2617993877991417,0.0,-1.659657362887819,180,180,180,180,180,180,180
45.96843957901001,0.015544831395302404,1.2001816394285787,0.2617993877991417,0.0,-1.659638530008308,180,180,180,180,180,180,180
45.97871494293213,0.015544831395302404,1.2001816394285787,0.2617993877991417,0.0,-1.659638530008308,180,180,180,180,180,180,180
45.99703502655029,0.015544831395302404,1.2001816394285787,0.2617993877991417,-0.05235987755982833,-1.659638530008308,180,180,180,180,180,180,180
46.00742197036743,0.016311214100713387,1.1915871056304113,0.2617993877991417,-0.08726646259971389,-1.6596211959040459,180,180,180,180,180,180,180
46.0177104473114,0.016311214100713387,1.1915871056304113,0.2617993877991417,-0.08726646259971389,-1.6596211959040459,180,180,180,180,180,180,180
46.02802228927612,0.016311214100713387,1.1915871056304113,0.2617993877991417,-0.17453292519942779,-1.6596211959040459,180,180,180,180,180,180,180
46.03830599784851,0.01707310791901302,1.1829745862979397,0.2617993877991417,-0.19198621771937055,-1.6580025349995982,180,180,180,180,180,180,180
46.04947018623352,0.01707310791901302,1.1829745862979397,0.2617993877991417,-0.19198621771937055,-1.6580025349995982,180,180,180,180,180,180,180
46.05973196029663,0.01707310791901302,1.1829745862979397,0.2617993877991417,-0.19198621771937055,-1.6580025349995982,180,180,180,180,180,180,180
46.06995463371277,0.017837695115142976,1.1740611455772514,0.2617993877991417,-0.19198621771937055,-1.6542005661564485,180,180,180,180,180,180,180
46.080172300338745,0.017837695115142976,1.1740611455772514,0.2617993877991417,-0.19198621771937055,-1.6542005661564485,180,180,180,180,180,180,180
46.100863456726074,0.018538982351591623,1.1653870234868844,0.2617993877991417,-0.19198621771937055,-1.648140085289688,180,180,180,180,180,180,180
46.1111261844635,0.018538982351591623,1.1653870234868844,0.2617993877991417,-0.19198621771937055,-1.648140085289688,180,180,180,180,180,180,180
46.1213538646698,0.018538982351591623,1.1653870234868844,0.2617993877991417,-0.19198621771937055,-1.648140085289688,180,180,180,180,180,180,180
46.13159132003784,0.018538982351591623,1.1653870234868844,0.2617993877991417,-0.19198621771937055,-1.648140085289688,180,180,180,180,180,180,180
46.15313935279846,0.01918596609743189,1.156688266493148,0.2617993877991417,-0.19198621771937055,-1.6417993899427654,180,180,180,180,180,180,180
46.16343569755554,0.01979422603942159,1.1477210176356607,0.2617993877991417,-0.05235987755982833,-1.6353226489322603,180,180,180,180,180,180,180
46.1736798286438,0.01979422603942159,1.1477210176356607,0.2617993877991417,-0.05235987755982833,-1.6353226489322603,180,180,180,180,180,180,180
46.183960914611816,0.01979422603942159,1.1477210176356607,0.2617993877991417,-0.05235987755982833,-1.6353226489322603,180,180,180,180,180,180,180
46.199716091156006,0.020333933796437078,1.1390243876504331,0.2617993877991417,-0.05235987755982833,-1.6301606417884995,180,180,180,180,180,180,180
46.20993232727051,0.020333933796437078,1.1390243876504331,0.2617993877991417,-0.05235987755982833,-1.6301606417884995,180,180,180,180,180,180,180
46.220099687576294,0.020333933796437078,1.1390243876504331,0.2617993877991417,-0.05235987755982833,-1.6301606417884995,180,180,180,180,180,180,180
46.2303307056427,0.020333933796437078,1.1390243876504331,0.2617993877991417,-0.05235987755982833,-1.6301606417884995,180,180,180,180,180,180,180
46.24057650566101,0.020832390329893032,1.1303482102539948,0.2617993877991417,-0.05235987755982833,-1.6268222572340887,180,180,180,180,180,180,180
46.25245642662048,0.020832390329893032,1.1303482102539948,0.2617993877991417,-0.05235987755982833,-1.6268222572340887,180,180,180,180,180,180,180
46.26268982887268,0.020832390329893032,1.1303482102539948,0.2617993877991417,-0.05235987755982833,-1.6268222572340887,180,180,180,180,180,180,180
46.2729275226593,0.0213218223543881,1.121509584289851,0.2617993877991417,-0.05235987755982833,-1.6248893293344562,180,180,180,180,180,180,180
46.28318428993225,0.0213218223543881,1.121509584289851,0.2617993877991417,-0.05235987755982833,-1.6248893293344562,180,180,180,180,180,180,180
46.29907536506653,0.021778313939089126,1.1129200472115919,0.2617993877991417,0.0,-1.6230775168990825,180,180,180,180,180,180,180
46.30934238433838,0.021778313939089126,1.1129200472115919,0.2617993877991417,0.0,-1.6230775168990825,180,180,180,180,180,180,180
46.319578886032104,0.021778313939089126,1.1129200472115919,0.2617993877991417,0.0,-1.6230775168990825,180,180,180,180,180,180,180
46.33022594451904,0.021778313939089126,1.1129200472115919,0.2617993877991417,0.0,-1.6230775168990825,180,180,180,180,180,180,180
46.34873652458191,0.02222860273042551,1.1043274120057458,0.2617993877991417,0.0,-1.6228444874488483,180,180,180,180,180,180,180
46.35911965370178,0.02222860273042551,1.1043274120057458,0.2617993877991417,0.0,-1.6228444874488483,180,180,180,180,180,180,180
46.36944055557251,0.022691514984924423,1.095461171785036,0.2617993877991417,0.0,-1.6227620120248198,180,180,180,180,180,180,180
46.37985324859619,0.022691514984924423,1.095461171785036,0.2617993877991417,0.0,-1.6227620120248198,180,180,180,180,180,180,180
46.390199184417725,0.022691514984924423,1.095461171785036,0.2617993877991417,0.0,-1.6227620120248198,180,180,180,180,180,180,180
46.41058850288391,0.023140216853232237,1.0868446903841573,0.2617993877991417,0.0,-1.6226875462712806,180,180,180,180,180,180,180
46.420979261398315,0.023140216853232237,1.0868446903841573,0.2617993877991417,0.0,-1.6226875462712806,180,180,180,180,180,180,180
46.43130660057068,0.023140216853232237,1.0868446903841573,0.2617993877991417,0.0,-1.6226875462712806,180,180,180,180,180,180,180
46.44163990020752,0.023588993093518903,1.0782166551213586,0.2617993877991417,0.0,-1.62262444582009,180,180,180,180,180,180,180
46.45615291595459,0.023588993093518903,1.0782166551213586,0.2617993877991417,0.0,-1.62262444582009,180,180,180,180,180,180,180
46.466559648513794,0.024051362082884498,1.0693164598471427,0.2617993877991417,0.0,-1.6225643819774775,180,180,180,180,180,180,180
46.47679567337036,0.024051362082884498,1.0693164598471427,0.2617993877991417,0.0,-1.6225643819774775,180,180,180,180,180,180,180
46.48699641227722,0.024051362082884498,1.0693164598471427,0.2617993877991417,0.0,-1.6225643819774775,180,180,180,180,180,180,180
46.502609729766846,0.024051362082884498,1.0693164598471427,0.2617993877991417,0.0,-1.6225643819774775,180,180,180,180,180,180,180
46.512980222702026,0.024499858193681116,1.0606683035796474,0.2617993877991417,0.0,-1.6225159974189416,180,180,180,180,180,180,180
46.52321672439575,0.024499858193681116,1.0606683035796474,0.2617993877991417,0.0,-1.6225159974189416,180,180,180,180,180,180,180
46.53354811668396,0.024948041305570195,1.0520132386883694,0.2617993877991417,0.0,-1.6224952670111232,180,180,180,180,180,180,180
46.54931044578552,0.024948041305570195,1.0520132386883694,0.2617993877991417,0.0,-1.6224952670111232,180,180,180,180,180,180,180
46.55954051017761,0.024948041305570195,1.0520132386883694,0.2617993877991417,0.0,-1.6224952670111232,180,180,180,180,180,180,180
46.569756269454956,0.025408250072428425,1.0430979757786354,0.2617993877991417,0.0,-1.6225557017452992,180,180,180,180,180,180,180
46.58036947250366,0.025408250072428425,1.0430979757786354,0.2617993877991417,0.0,-1.6225557017452992,180,180,180,180,180,180,180
46.597357749938965,0.025408250072428425,1.0430979757786354,0.2617993877991417,0.0,-1.6225557017452992,180,180,180,180,180,180,180
46.607630014419556,0.025858115053136507,1.0344688165534837,0.2617993877991417,0.0,-1.6228155644350182,180,180,180,180,180,180,180
46.6178297996521,0.025858115053136507,1.0344688165534837,0.2617993877991417,0.0,-1.6228155644350182,180,180,180,180,180,180,180
46.6283164024353,0.025858115053136507,1.0344688165534837,0.2617993877991417,0.0,-1.6228155644350182,180,180,180,180,180,180,180
46.63862228393555,0.026305577628022905,1.0258686209013386,0.2617993877991417,0.0,-1.6231633913548449,180,180,180,180,180,180,180
46.65007543563843,0.026305577628022905,1.0258686209013386,0.2617993877991417,0.0,-1.6231633913548449,180,180,180,180,180,180,180
46.660297870635986,0.026305577628022905,1.0258686209013386,0.2617993877991417,0.0,-1.6231633913548449,180,180,180,180,180,180,180
46.670557260513306,0.026779030902413098,1.0169850616878242,0.2617993877991417,0.0,-1.6233951174474688,180,180,180,180,180,180,180
46.68079352378845,0.026779030902413098,1.0169850616878242,0.2617993877991417,0.0,-1.6233951174474688,180,180,180,180,180,180,180
46.69920468330383,0.02723323354268958,1.008390544620109,0.2617993877991417,0.0,-1.623370936863934,180,180,180,180,180,180,180
46.709439277648926,0.02723323354268958,1.008390544620109,0.2617993877991417,0.0,-1.623370936863934,180,180,180,180,180,180,180
46.719646692276,0.02723323354268958,1.008390544620109,0.2617993877991417,0.0,-1.623370936863934,180,180,180,180,180,180,180
46.729851484298706,0.02723323354268958,1.008390544620109,0.2617993877991417,0.0,-1.623370936863934,180,180,180,180,180,180,180
46.74021291732788,0.027687393345489218,0.9997893207845103,0.2617993877991417,0.0,-1.6233203654245336,180,180,180,180,180,180,180
46.75040650367737,0.027687393345489218,0.9997893207845103,0.2617993877991417,0.0,-1.6233203654245336,180,180,180,180,180,180,180
46.760639905929565,0.027687393345489218,0.9997893207845103,0.2617993877991417,0.0,-1.6233203654245336,180,180,180,180,180,180,180
46.77087354660034,0.028154045443170246,0.9909209993362542,0.2617993877991417,0.0,-1.6232459019615404,180,180,180,180,180,180,180
46.78196358680725,0.028154045443170246,0.9909209993362542,0.2617993877991417,0.0,-1.6232459019615404,180,180,180,180,180,180,180
46.79755401611328,0.028607103116896383,0.9823024110716148,0.2617993877991417,0.0,-1.6231806030291247,180,180,180,180,180,180,180
46.8077609539032,0.028607103116896383,0.9823024110716148,0.2617993877991417,0.0,-1.6231806030291247,180,180,180,180,180,180,180
46.817994832992554,0.028607103116896383,0.9823024110716148,0.2617993877991417,0.0,-1.6231806030291247,180,180,180,180,180,180,180
46.828221797943115,0.028607103116896383,0.9823024110716148,0.2617993877991417,0.0,-1.6231806030291247,180,180,180,180,180,180,180
46.83842611312866,0.02906023279383789,0.9736729507955642,0.2617993877991417,0.0,-1.623121848073974,180,180,180,180,180,180,180
46.84965133666992,0.02906023279383789,0.9736729507955642,0.2617993877991417,0.0,-1.623121848073974,180,180,180,180,180,180,180
46.8598518371582,0.02906023279383789,0.9736729507955642,0.2617993877991417,0.0,-1.623121848073974,180,180,180,180,180,180,180
46.87007975578308,0.029527093198183207,0.9647717994317615,0.2617993877991417,0.0,-1.6230633164109047,180,180,180,180,180,180,180
46.88032102584839,0.029527093198183207,0.9647717994317615,0.2617993877991417,0.0,-1.6230633164109047,180,180,180,180,180,180,180
46.89967465400696,0.029527093198183207,0.9647717994317615,0.2617993877991417,0.0,-1.6230633164109047,180,180,180,180,180,180,180
46.90990900993347,0.029979717480499466,0.9561229980283392,0.2617993877991417,0.0,-1.6230118117030572,180,180,180,180,180,180,180
46.92013669013977,0.029979717480499466,0.9561229980283392,0.2617993877991417,0.0,-1.6230118117030572,180,180,180,180,180,180,180
46.93035697937012,0.029979717480499466,0.9561229980283392,0.2617993877991417,0.0,-1.6230118117030572,180,180,180,180,180,180,180
46.94725584983826,0.030431911612612026,0.9474680532080475,0.2617993877991417,0.0,-1.622993972717896,180,180,180,180,180,180,180
46.95745253562927,0.030431911612612026,0.9474680532080475,0.2617993877991417,0.0,-1.622993972717896,180,180,180,180,180,180,180
46.96765351295471,0.030896128933071865,0.9385543421424223,0.2617993877991417,0.0,-1.6230662493247117,180,180,180,180,180,180,180
46.977863073349,0.030896128933071865,0.9385543421424223,0.2617993877991417,0.0,-1.6230662493247117,180,180,180,180,180,180,180
46.995718479156494,0.030896128933071865,0.9385543421424223,0.2617993877991417,0.0,-1.6230662493247117,180,180,180,180,180,180,180
47.00593590736389,0.03134995149059675,0.9299316959084307,0.2617993877991417,0.0,-1.6233634910068773,180,180,180,180,180,180,180
47.01616668701172,0.03134995149059675,0.9299316959084307,0.2617993877991417,0.0,-1.6233634910068773,180,180,180,180,180,180,180
47.02635669708252,0.03134995149059675,0.9299316959084307,0.2617993877991417,0.0,-1.6233634910068773,180,180,180,180,180,180,180
47.0365514755249,0.0318024823902475,0.9213275679652679,0.2617993877991417,0.0,-1.6236738498227326,180,180,180,180,180,180,180
47.047816038131714,0.0318024823902475,0.9213275679652679,0.2617993877991417,0.0,-1.6236738498227326,180,180,180,180,180,180,180
47.05801343917847,0.0318024823902475,0.9213275679652679,0.2617993877991417,0.0,-1.6236738498227326,180,180,180,180,180,180,180
47.068198442459106,0.03227979852686342,0.9124460485875434,0.2617993877991417,0.0,-1.6239038870782745,180,180,180,180,180,180,180
47.07841968536377,0.03227979852686342,0.9124460485875434,0.2617993877991417,0.0,-1.6239038870782745,180,180,180,180,180,180,180
47.09564828872681,0.03227979852686342,0.9124460485875434,0.2617993877991417,0.0,-1.6239038870782745,180,180,180,180,180,180,180
47.10593557357788,0.032738599872315685,0.9038531616503835,0.2617993877991417,0.0,-1.623862171254962,180,180,180,180,180,180,180
47.11615872383118,0.032738599872315685,0.9038531616503835,0.2617993877991417,0.0,-1.623862171254962,180,180,180,180,180,180,180
47.12636756896973,0.032738599872315685,0.9038531616503835,0.2617993877991417,0.0,-1.623862171254962,180,180,180,180,180,180,180
47.13655161857605,0.0331969612571046,0.8952519609608922,0.2617993877991417,0.0,-1.6238046683769227,180,180,180,180,180,180,180
47.14814019203186,0.0331969612571046,0.8952519609608922,0.2617993877991417,0.0,-1.6238046683769227,180,180,180,180,180,180,180
47.15836691856384,0.0331969612571046,0.8952519609608922,0.2617993877991417,0.0,-1.6238046683769227,180,180,180,180,180,180,180
47.16859793663025,0.033667995289482396,0.8863825637942866,0.2617993877991417,0.0,-1.6237308503951409,180,180,180,180,180,180,180
47.178889751434326,0.033667995289482396,0.8863825637942866,0.2617993877991417,0.0,-1.6237308503951409,180,180,180,180,180,180,180
47.18921661376953,0.033667995289482396,0.8863825637942866,0.2617993877991417,0.0,-1.6237308503951409,180,180,180,180,180,180,180
47.199421405792236,0.03412531375370157,0.8777628413632863,0.2617993877991417,0.0,-1.6236666769601515,180,180,180,180,180,180,180
47.20965647697449,0.03412531375370157,0.8777628413632863,0.2617993877991417,0.0,-1.6236666769601515,180,180,180,180,180,180,180
47.21987986564636,0.03412531375370157,0.8777628413632863,0.2617993877991417,0.0,-1.6236666769601515,180,180,180,180,180,180,180
47.23094296455383,0.03412531375370157,0.8777628413632863,0.2617993877991417,0.0,-1.6236666769601515,180,180,180,180,180,180,180
47.24805521965027,0.03458270286336841,0.8691324020687134,0.2617993877991417,0.0,-1.6236080868569445,180,180,180,180,180,180,180
47.25825357437134,0.03458270286336841,0.8691324020687134,0.2617993877991417,0.0,-1.6236080868569445,180,180,180,180,180,180,180
47.26845669746399,0.03505395133232068,0.8602303120597758,0.2617993877991417,0.0,-1.6235500886153382,180,180,180,180,180,180,180
47.27868938446045,0.03505395133232068,0.8602303120597758,0.2617993877991417,0.0,-1.6235500886153382,180,180,180,180,180,180,180
47.28889870643616,0.03505395133232068,0.8602303120597758,0.2617993877991417,0.0,-1.6235500886153382,180,180,180,180,180,180,180
47.2996244430542,0.03551074306010737,0.8515806586948251,0.2617993877991417,0.0,-1.6234999982914387,180,180,180,180,180,180,180
47.309855937957764,0.03551074306010737,0.8515806586948251,0.2617993877991417,0.0,-1.6234999982914387,180,180,180,180,180,180,180
47.320061683654785,0.03551074306010737,0.8515806586948251,0.2617993877991417,0.0,-1.6234999982914387,180,180,180,180,180,180,180
47.33057761192322,0.03551074306010737,0.8515806586948251,0.2617993877991417,0.0,-1.6234999982914387,180,180,180,180,180,180,180
47.34782409667969,0.03596719523084951,0.8429258217142284,0.2617993877991417,0.0,-1.623489747639788,180,180,180,180,180,180,180
47.35803246498108,0.03596719523084951,0.8429258217142284,0.2617993877991417,0.0,-1.623489747639788,180,180,180,180,180,180,180
47.36821699142456,0.036435508279690464,0.8340135343427448,0.2617993877991417,0.0,-1.6235773027898877,180,180,180,180,180,180,180
47.378477334976196,0.036435508279690464,0.8340135343427448,0.2617993877991417,0.0,-1.6235773027898877,180,180,180,180,180,180,180
47.39740562438965,0.03689376751787329,0.8253978491635205,0.2617993877991417,0.0,-1.6239137982886431,180,180,180,180,180,180,180
47.40761160850525,0.03689376751787329,0.8253978491635205,0.2617993877991417,0.0,-1.6239137982886431,180,180,180,180,180,180,180
47.41783571243286,0.03689376751787329,0.8253978491635205,0.2617993877991417,0.0,-1.6239137982886431,180,180,180,180,180,180,180
47.42832064628601,0.03689376751787329,0.8253978491635205,0.2617993877991417,0.0,-1.6239137982886431,180,180,180,180,180,180,180
47.43859243392944,0.03735183300811208,0.8167888470735485,0.2617993877991417,0.0,-1.6241856239922543,180,180,180,180,180,180,180
47.44881987571716,0.03735183300811208,0.8167888470735485,0.2617993877991417,0.0,-1.6241856239922543,180,180,180,180,180,180,180
47.45904088020325,0.03735183300811208,0.8167888470735485,0.2617993877991417,-0.05235987755982833,-1.6241856239922543,180,180,180,180,180,180,180
47.46923351287842,0.037832991102590884,0.8079098774473827,0.2617993877991417,-0.05235987755982833,-1.624403876212681,180,180,180,180,180,180,180
47.4794499874115,0.037832991102590884,0.8079098774473827,0.2617993877991417,-0.06981317007977111,-1.624403876212681,180,180,180,180,180,180,180
47.48972773551941,0.037832991102590884,0.8079098774473827,0.2617993877991417,-0.06981317007977111,-1.624403876212681,180,180,180,180,180,180,180
47.49993538856506,0.03829323367970848,0.7992955512409488,0.2617993877991417,-0.08726646259971389,-1.6229775976998548,180,180,180,180,180,180,180
47.51011824607849,0.03829323367970848,0.7992955512409488,0.2617993877991417,-0.10471975511965666,-1.6229775976998548,180,180,180,180,180,180,180
47.52029633522034,0.03829323367970848,0.7992955512409488,0.2617993877991417,-0.10471975511965666,-1.6229775976998548,180,180,180,180,180,180,180
47.53048849105835,0.03873139489525038,0.7906791983660204,0.2617993877991417,-0.13962634015954223,-1.6201260641602857,180,180,180,180,180,180,180
