time,goal_x,goal_y,linear_x,angular_z,yaw,deadends
6.336235761642456,0.001875767815572404,10.999965060253828,0.0,0.0,-1.5817455025900873,190,180,190,200,190,190,190
6.346572160720825,0.001875767815572404,10.999965060253828,0.0,0.0,-1.5817455025900873,190,180,190,200,190,190,190
6.356873989105225,0.001875767815572404,10.999965060253828,0.0,0.0,-1.5817455025900873,190,180,190,200,190,190,190
6.367148160934448,0.00187669524226597,10.999964747955456,0.0,0.0,-1.581751258025049,190,180,190,200,190,190,190
6.382962942123413,0.00187669524226597,10.999964747955456,0.0,0.0,-1.581751258025049,190,180,190,200,190,190,190
6.393272161483765,0.00187669524226597,10.999964747955456,0.0,0.0,-1.581751258025049,190,180,190,200,190,190,190
6.4035325050354,0.0018776226979374997,10.999964435652542,0.0,0.0,-1.5817570136395798,190,180,190,200,190,190,190
6.41389536857605,0.0018776226979374997,10.999964435652542,0.0,0.0,-1.5817570136395798,190,180,190,200,190,190,190
6.4301910400390625,0.0018785782886374216,10.999964113881155,0.0,0.0,-1.5817629438545011,190,180,190,200,190,190,190
6.440509796142578,0.0018785782886374216,10.999964113881155,0.0,0.0,-1.5817629438545011,190,180,190,200,190,190,190
6.450756788253784,0.0018785782886374216,10.999964113881155,0.0,0.0,-1.5817629438545011,190,180,190,200,190,190,190
6.46103572845459,0.0018795058031430124,10.999963801569029,0.0,0.0,-1.5817686998336087,190,180,190,200,190,190,190
6.474745512008667,0.0018795058031430124,10.999963801569029,0.0,0.0,-1.5817686998336087,190,180,190,200,190,190,190
6.485130786895752,0.0018795058031430124,10.999963801569029,0.0,0.0,-1.5817686998336087,190,180,190,200,190,190,190
6.495471954345703,0.0018804333466271553,10.999963489252366,0.0,0.0,-1.5817744559922893,190,180,190,200,190,190,190
6.505709171295166,0.0018804333466271553,10.999963489252366,0.0,0.0,-1.5817744559922893,190,180,190,200,190,190,190
6.5160088539123535,0.0018804333466271553,10.999963489252366,0.0,0.0,-1.5817744559922893,190,180,190,200,190,190,190
6.528300762176514,0.0018813890277993247,10.999963167466817,0.0,0.0,-1.5817803867678415,190,180,190,200,190,190,190
6.538589000701904,0.0018813890277993247,10.999963167466817,0.0,0.0,-1.5817803867678415,190,180,190,200,190,190,190
6.548840045928955,0.0018813890277993247,10.999963167466817,0.0,0.0,-1.5817803867678415,190,180,190,200,190,190,190
6.559092283248901,0.0018823166301200416,10.999962855140945,0.0,0.0,-1.5817861432911162,190,180,190,200,190,190,190
6.577651262283325,0.0018823166301200416,10.999962855140945,0.0,0.0,-1.5817861432911162,190,180,190,200,190,190,190
6.587954759597778,0.0018823166301200416,10.999962855140945,0.0,0.0,-1.5817861432911162,190,180,190,200,190,190,190
6.598195791244507,0.0018832442614200972,10.999962542810536,0.0,0.0,-1.5817918999939689,190,180,190,200,190,190,190
6.608468055725098,0.0018832442614200972,10.999962542810536,0.0,0.0,-1.5817918999939689,190,180,190,200,190,190,190
6.62194299697876,0.0018832442614200972,10.999962542810536,0.0,0.0,-1.5817918999939689,190,180,190,200,190,190,190
6.633746147155762,0.0018842000330713553,10.999962221010827,0.0,0.0,-1.5817978313301964,190,180,190,200,190,190,190
6.644198179244995,0.0018842000330713553,10.999962221010827,0.0,0.0,-1.5817978313301964,190,180,190,200,190,190,190
6.654525995254517,0.0018842000330713553,10.999962221010827,0.05235987755982833,0.0,-1.5817978313301964,190,180,190,200,190,190,190
6.664862632751465,0.0018851277232131995,10.99996190867121,0.17453292519942779,0.0,-1.5818035883976767,190,180,190,200,190,190,190
6.678459644317627,0.0018851277232131995,10.99996190867121,0.17453292519942779,0.0,-1.5818035883976767,190,180,190,200,190,190,190
6.6889519691467285,0.0018851277232131995,10.99996190867121,0.2617993877991417,0.0,-1.5818035883976767,190,180,190,200,190,190,190
6.699281454086304,0.0018915184549595353,10.999464501983748,0.2617993877991417,0.0,-1.5818430343125385,190,180,190,200,190,190,190
6.709613561630249,0.0018915184549595353,10.999464501983748,0.2617993877991417,0.0,-1.5818430343125385,190,180,190,200,190,190,190
6.7253594398498535,0.001909215157080566,10.997939926274011,0.2617993877991417,0.0,-1.581952265416748,190,180,190,200,190,190,190
6.735748291015625,0.001909215157080566,10.997939926274011,0.2617993877991417,0.0,-1.581952265416748,190,180,190,200,190,190,190
6.746087074279785,0.001909215157080566,10.997939926274011,0.2617993877991417,0.0,-1.581952265416748,190,180,190,200,190,190,190
6.756422281265259,0.001909215157080566,10.997939926274011,0.2617993877991417,0.0,-1.581952265416748,190,180,190,200,190,190,190
6.767799615859985,0.00193748968991085,10.995477899479027,0.2617993877991417,0.0,-1.5821267866716369,190,180,190,200,190,190,190
6.7871482372283936,0.00193748968991085,10.995477899479027,0.2617993877991417,0.0,-1.5821267866716369,190,180,190,200,190,190,190
6.797518968582153,0.0019770819099613987,10.992057096491965,0.2617993877991417,0.0,-1.5823711647524359,190,180,190,200,190,190,190
6.8078649044036865,0.0019770819099613987,10.992057096491965,0.2617993877991417,0.0,-1.5823711647524359,190,180,190,200,190,190,190
6.818187475204468,0.0019770819099613987,10.992057096491965,0.2617993877991417,0.0,-1.5823711647524359,190,180,190,200,190,190,190
6.8304479122161865,0.0020300884427143766,10.98755988432021,0.2617993877991417,0.0,-1.582697569169939,190,180,190,200,190,190,190
6.840756893157959,0.0020300884427143766,10.98755988432021,0.2617993877991417,0.0,-1.582697569169939,190,180,190,200,190,190,190
6.851043224334717,0.0020300884427143766,10.98755988432021,0.2617993877991417,0.0,-1.582697569169939,190,180,190,200,190,190,190
6.861337423324585,0.002093439220542436,10.98231471584641,0.2617993877991417,0.0,-1.5830871619457318,190,180,190,200,190,190,190
6.8757643699646,0.002093439220542436,10.98231471584641,0.2617993877991417,0.0,-1.5830871619457318,190,180,190,200,190,190,190
6.8861401081085205,0.002093439220542436,10.98231471584641,0.2617993877991417,0.0,-1.5830871619457318,190,180,190,200,190,190,190
6.896456956863403,0.002167904327145427,10.97631673599802,0.2617993877991417,0.0,-1.5835450018892574,190,180,190,200,190,190,190
6.90677547454834,0.002167904327145427,10.97631673599802,0.2617993877991417,0.0,-1.5835450018892574,190,180,190,200,190,190,190
6.92012095451355,0.002167904327145427,10.97631673599802,0.2617993877991417,0.0,-1.5835450018892574,190,180,190,200,190,190,190
6.930431127548218,0.0022538807327527775,10.969539551908383,0.2617993877991417,0.0,-1.584067411357276,190,180,190,200,190,190,190
6.940964460372925,0.0022538807327527775,10.969539551908383,0.2617993877991417,0.0,-1.584067411357276,190,180,190,200,190,190,190
6.951263189315796,0.0022538807327527775,10.969539551908383,0.2617993877991417,0.0,-1.584067411357276,190,180,190,200,190,190,190
6.963441371917725,0.0022538807327527775,10.969539551908383,0.2617993877991417,0.0,-1.584067411357276,190,180,190,200,190,190,190
6.974838495254517,0.0023361630367399063,10.962632792886472,0.2617993877991417,0.0,-1.584532908156873,190,180,190,200,190,190,190
6.98514986038208,0.0023361630367399063,10.962632792886472,0.2617993877991417,0.0,-1.584532908156873,190,180,190,200,190,190,190
6.995455026626587,0.0024304087219643652,10.955646205116805,0.2617993877991417,0.0,-1.5850901910494133,190,180,190,200,190,190,190
7.0099170207977295,0.0024304087219643652,10.955646205116805,0.2617993877991417,0.0,-1.5850901910494133,190,180,190,200,190,190,190
7.020265102386475,0.0024304087219643652,10.955646205116805,0.2617993877991417,0.0,-1.5850901910494133,190,180,190,200,190,190,190
7.030569553375244,0.0025481392609218857,10.94829896868088,0.2617993877991417,0.0,-1.5859292674797438,190,180,190,200,190,190,190
7.0409557819366455,0.0025481392609218857,10.94829896868088,0.2617993877991417,0.0,-1.5859292674797438,190,180,190,200,190,190,190
7.0604088306427,0.0025481392609218857,10.94829896868088,0.2617993877991417,0.0,-1.5859292674797438,190,180,190,200,190,190,190
7.071377515792847,0.002667243515225118,10.940790797562851,0.2617993877991417,0.0,-1.5867321691181382,190,180,190,200,190,190,190
7.081681728363037,0.002667243515225118,10.940790797562851,0.2617993877991417,0.0,-1.5867321691181382,190,180,190,200,190,190,190
7.092041969299316,0.002667243515225118,10.940790797562851,0.2617993877991417,0.0,-1.5867321691181382,190,180,190,200,190,190,190
7.105533599853516,0.0028000220720188736,10.932702691782623,0.2617993877991417,0.0,-1.5875570901634506,190,180,190,200,190,190,190
7.11585259437561,0.0028000220720188736,10.932702691782623,0.2617993877991417,0.0,-1.5875570901634506,190,180,190,200,190,190,190
7.1292314529418945,0.0029490519374281024,10.92385084812571,0.2617993877991417,0.0,-1.5877532806768662,190,180,190,200,190,190,190
7.147839307785034,0.0029490519374281024,10.92385084812571,0.2617993877991417,0.0,-1.5877532806768662,190,180,190,200,190,190,190
7.158191680908203,0.0030963437939410597,10.915218475061954,0.2617993877991417,0.0,-1.5877715648070232,190,180,190,200,190,190,190
7.168742895126343,0.0030963437939410597,10.915218475061954,0.2617993877991417,0.0,-1.5877715648070232,190,190,200,200,190,190,190
7.179117202758789,0.0030963437939410597,10.915218475061954,0.2617993877991417,0.0,-1.5877715648070232,190,190,200,200,190,190,190
7.189525604248047,0.0030963437939410597,10.915218475061954,0.2617993877991417,0.0,-1.5877715648070232,190,190,200,200,190,190,190
7.1999006271362305,0.0032439518317434485,10.906576095928829,0.2617993877991417,0.0,-1.587788081168434,190,190,200,200,190,190,190
7.210195064544678,0.0032439518317434485,10.906576095928829,0.2617993877991417,0.0,-1.587788081168434,190,190,200,200,190,190,190
7.2204909324646,0.0032439518317434485,10.906576095928829,0.2617993877991417,0.0,-1.587788081168434,190,190,210,200,200,190,190
7.2371485233306885,0.0033961935133597497,10.897660914960012,0.2617993877991417,0.0,-1.587806088127555,190,190,210,200,200,190,190
7.24743914604187,0.0033961935133597497,10.897660914960012,0.2617993877991417,0.0,-1.587806088127555,190,190,210,200,200,190,190
7.257712364196777,0.0033961935133597497,10.897660914960012,0.2617993877991417,0.0,-1.587806088127555,190,190,210,200,200,190,190
7.2680487632751465,0.0035439876468030384,10.888997252120046,0.2617993877991417,0.0,-1.5878266538071977,190,190,210,200,190,200,190
7.27856707572937,0.0035439876468030384,10.888997252120046,0.2617993877991417,0.0,-1.5878266538071977,190,190,210,200,190,200,190
7.2993035316467285,0.0036913009827459677,10.880324857362378,0.2617993877991417,0.0,-1.587839134499283,190,190,210,200,190,200,190
7.309812784194946,0.0036913009827459677,10.880324857362378,0.2617993877991417,0.0,-1.587839134499283,190,190,200,200,190,200,190
7.328475475311279,0.0038419429657487957,10.8713905609832,0.2617993877991417,0.0,-1.5878349236608953,190,190,200,200,190,200,190
7.338835000991821,0.0038419429657487957,10.8713905609832,0.2617993877991417,0.0,-1.5878349236608953,190,190,200,200,190,200,190
7.34917140007019,0.0038419429657487957,10.8713905609832,0.2617993877991417,0.0,-1.5878349236608953,190,190,210,210,190,190,180
7.3594865798950195,0.0039821559509702256,10.862730124312213,0.2617993877991417,0.0,-1.5878866650875507,190,190,210,210,190,190,180
7.372941017150879,0.0039821559509702256,10.862730124312213,0.2617993877991417,0.0,-1.5878866650875507,190,190,210,210,190,190,180
7.383307933807373,0.0039821559509702256,10.862730124312213,0.2617993877991417,0.0,-1.5878866650875507,190,190,210,210,190,190,180
7.393669843673706,0.0039821559509702256,10.862730124312213,0.2617993877991417,0.0,-1.5878866650875507,190,190,210,210,190,190,190
7.4040045738220215,0.0041316797293030096,10.85410991809678,0.2617993877991417,0.0,-1.5881118693964376,190,190,210,210,190,190,190
7.418346881866455,0.0041316797293030096,10.85410991809678,0.2617993877991417,0.0,-1.5881118693964376,190,190,210,210,190,190,190
7.429357528686523,0.00428873947437626,10.84525983563118,0.2617993877991417,0.0,-1.5881617923787381,190,190,210,210,190,190,190
7.440992832183838,0.00428873947437626,10.84525983563118,0.2617993877991417,0.0,-1.5881617923787381,190,190,190,200,190,190,180
7.4594645500183105,0.004438672512689617,10.836656826589602,0.2617993877991417,0.0,-1.5881975989301849,190,190,190,200,190,190,180
7.469776391983032,0.004438672512689617,10.836656826589602,0.2617993877991417,0.0,-1.5881975989301849,190,190,190,200,190,190,180
7.481383562088013,0.004438672512689617,10.836656826589602,0.2617993877991417,0.0,-1.5881975989301849,180,180,190,200,190,190,180
7.5011961460113525,0.004589605590180861,10.828044971992863,0.2617993877991417,0.0,-1.588222160407956,180,180,190,200,190,190,180
7.511936187744141,0.004589605590180861,10.828044971992863,0.2617993877991417,0.0,-1.588222160407956,180,180,190,200,190,190,180
7.522246360778809,0.004589605590180861,10.828044971992863,0.2617993877991417,0.0,-1.588222160407956,180,180,190,200,190,190,180
7.532576084136963,0.004745523572358188,10.819160286885364,0.2617993877991417,0.0,-1.5882415791759479,180,180,190,200,190,190,180
7.546165466308594,0.004745523572358188,10.819160286885364,0.2617993877991417,0.0,-1.5882415791759479,180,180,190,200,190,190,180
7.556504011154175,0.004745523572358188,10.819160286885364,0.2617993877991417,0.0,-1.5882415791759479,180,180,190,200,190,190,180
7.567063808441162,0.004897091136019879,10.810526819162892,0.2617993877991417,0.0,-1.588259412728702,180,180,190,200,190,190,180
7.587964296340942,0.004897091136019879,10.810526819162892,0.2617993877991417,0.0,-1.588259412728702,180,180,190,200,190,190,180
7.59830117225647,0.0050489281402822895,10.801883288776637,0.2617993877991417,0.0,-1.5882757382773443,180,180,190,200,190,190,180
7.608609676361084,0.0050489281402822895,10.801883288776637,0.2617993877991417,0.0,-1.5882757382773443,190,180,190,200,190,190,180
7.6189446449279785,0.0050489281402822895,10.801883288776637,0.2617993877991417,0.0,-1.5882757382773443,190,180,190,200,190,190,180
7.6296727657318115,0.005205503065634984,10.792966618829638,0.2617993877991417,0.0,-1.5882957086138305,190,180,190,200,190,190,180
7.640004873275757,0.005205503065634984,10.792966618829638,0.2617993877991417,0.0,-1.5882957086138305,190,180,190,200,190,190,180
7.6504247188568115,0.005205503065634984,10.792966618829638,0.2617993877991417,0.0,-1.5882957086138305,190,180,190,200,190,190,190
7.660779237747192,0.005357515872705214,10.784301662793855,0.2617993877991417,0.0,-1.588317891371882,190,180,190,200,190,190,190
7.671550273895264,0.005357515872705214,10.784301662793855,0.2617993877991417,0.0,-1.588317891371882,190,180,190,200,190,190,190
7.681915044784546,0.005357515872705214,10.784301662793855,0.2617993877991417,0.0,-1.588317891371882,190,180,190,200,190,190,190
7.692319869995117,0.005509033483277701,10.775628642736397,0.2617993877991417,0.0,-1.5883307216709388,190,180,190,200,190,190,180
7.702624559402466,0.005509033483277701,10.775628642736397,0.2617993877991417,0.0,-1.5883307216709388,190,180,190,200,190,190,180
7.718183755874634,0.005509033483277701,10.775628642736397,0.2617993877991417,0.0,-1.5883307216709388,190,180,190,200,190,190,180
7.733545780181885,0.005663467814668123,10.766695544259544,0.2617993877991417,0.0,-1.588327799470208,190,180,190,200,190,190,180
7.744393348693848,0.005663467814668123,10.766695544259544,0.2617993877991417,0.0,-1.588327799470208,190,190,190,200,190,190,190
7.754894971847534,0.005663467814668123,10.766695544259544,0.2617993877991417,0.0,-1.588327799470208,190,190,190,200,190,190,190
7.7662129402160645,0.005807548769968531,10.758036326147348,0.2617993877991417,0.0,-1.5884019457437213,190,190,190,200,190,190,190
7.77653956413269,0.005807548769968531,10.758036326147348,0.2617993877991417,0.0,-1.5884019457437213,190,190,190,200,190,190,190
7.786853790283203,0.005807548769968531,10.758036326147348,0.2617993877991417,0.0,-1.5884019457437213,190,190,190,200,190,190,190
7.797567844390869,0.005964163171065651,10.749427871642057,0.2617993877991417,0.0,-1.5886288795199126,190,180,190,200,190,180,180
7.813549518585205,0.005964163171065651,10.749427871642057,0.2617993877991417,0.0,-1.5886288795199126,190,180,190,200,190,180,180
7.823874235153198,0.005964163171065651,10.749427871642057,0.2617993877991417,0.0,-1.5886288795199126,190,180,190,200,190,180,180
7.834622859954834,0.006124392797558359,10.740572372308307,0.2617993877991417,0.0,-1.588664563934905,190,180,190,200,190,180,180
7.845133304595947,0.006124392797558359,10.740572372308307,0.2617993877991417,0.0,-1.588664563934905,190,180,200,200,190,190,190
7.8554651737213135,0.006124392797558359,10.740572372308307,0.2617993877991417,0.0,-1.588664563934905,190,180,200,200,190,190,190
7.86815881729126,0.006278566431733763,10.731968910921466,0.2617993877991417,0.0,-1.5887001609181906,190,180,200,200,190,190,190
7.878481149673462,0.006278566431733763,10.731968910921466,0.2617993877991417,0.0,-1.5887001609181906,190,180,200,200,190,190,190
7.888800382614136,0.006278566431733763,10.731968910921466,0.2617993877991417,0.0,-1.5887001609181906,190,180,200,200,190,190,190
7.89914083480835,0.00643386923858325,10.723355771074175,0.2617993877991417,0.0,-1.588722930319557,190,180,200,200,190,180,180
7.914914608001709,0.00643386923858325,10.723355771074175,0.2617993877991417,0.0,-1.588722930319557,190,180,200,200,190,180,180
7.925330400466919,0.0065942536304835105,10.714469826530483,0.2617993877991417,0.0,-1.5887422672023273,190,180,200,200,190,180,180
7.93558669090271,0.0065942536304835105,10.714469826530483,0.2617993877991417,0.0,-1.5887422672023273,190,180,200,200,190,180,180
7.945876836776733,0.0065942536304835105,10.714469826530483,0.2617993877991417,0.0,-1.5887422672023273,190,180,200,200,190,180,180
7.960839509963989,0.0067501597625171245,10.705835196673373,0.2617993877991417,0.0,-1.5887600522325864,190,180,200,200,190,180,180
7.971120595932007,0.0067501597625171245,10.705835196673373,0.2617993877991417,0.0,-1.5887600522325864,190,180,200,200,190,180,180
7.981374263763428,0.0067501597625171245,10.705835196673373,0.2617993877991417,0.0,-1.5887600522325864,190,180,200,200,190,180,180
7.991673469543457,0.0069063330365395845,10.69719046749217,0.2617993877991417,0.0,-1.5887765385956607,190,180,190,200,190,180,180
8.00918984413147,0.0069063330365395845,10.69719046749217,0.2617993877991417,0.0,-1.5887765385956607,190,180,190,200,190,180,180
8.019463062286377,0.0069063330365395845,10.69719046749217,0.2617993877991417,0.0,-1.5887765385956607,190,180,190,200,190,180,180
8.029693126678467,0.007067366981929147,10.688272466812037,0.2617993877991417,0.0,-1.5887973741191432,180,180,200,200,190,180,180
8.03995943069458,0.007067366981929147,10.688272466812037,0.2617993877991417,0.0,-1.5887973741191432,180,180,200,200,190,180,180
8.053017377853394,0.007067366981929147,10.688272466812037,0.2617993877991417,0.0,-1.5887973741191432,180,180,200,200,190,180,180
8.06328272819519,0.007223669776293884,10.679606418897096,0.2617993877991417,0.0,-1.5888195326636065,180,180,200,200,190,180,180
8.07351541519165,0.007223669776293884,10.679606418897096,0.2617993877991417,0.0,-1.5888195326636065,190,180,200,210,190,190,190
8.08378005027771,0.007223669776293884,10.679606418897096,0.2617993877991417,0.0,-1.5888195326636065,190,180,200,210,190,190,190
8.097301483154297,0.007379468163651941,10.670932917793962,0.2617993877991417,0.0,-1.5888300131624922,190,180,200,210,190,190,190
8.107600688934326,0.007379468163651941,10.670932917793962,0.2617993877991417,0.0,-1.5888300131624922,190,180,200,210,190,190,190
8.118085384368896,0.007379468163651941,10.670932917793962,0.2617993877991417,0.0,-1.5888300131624922,190,180,200,210,190,190,190
8.128401279449463,0.0075376692414667965,10.66200116964318,0.2617993877991417,0.0,-1.5888281634036074,190,180,200,210,190,190,190
8.140476703643799,0.0075376692414667965,10.66200116964318,0.2617993877991417,0.0,-1.5888281634036074,190,180,200,210,190,190,190
8.150748252868652,0.0075376692414667965,10.66200116964318,0.2617993877991417,0.0,-1.5888281634036074,190,180,200,210,190,190,190
8.160985946655273,0.007685887439345727,10.653343592529536,0.2617993877991417,0.0,-1.588924601540442,190,180,200,200,190,180,180
8.171263456344604,0.007685887439345727,10.653343592529536,0.2617993877991417,0.0,-1.588924601540442,190,180,200,200,190,180,180
8.181533575057983,0.007685887439345727,10.653343592529536,0.2617993877991417,0.0,-1.588924601540442,190,180,200,200,190,180,180
8.19180154800415,0.007848741723978874,10.644746537628148,0.2617993877991417,0.0,-1.5891412167444405,190,180,200,200,190,180,180
8.20209550857544,0.007848741723978874,10.644746537628148,0.2617993877991417,0.0,-1.5891412167444405,180,180,190,200,190,180,180
8.212392091751099,0.007848741723978874,10.644746537628148,0.2617993877991417,0.0,-1.5891412167444405,180,180,190,200,190,180,180
8.225997924804688,0.008012588338372558,10.635885967866395,0.2617993877991417,0.0,-1.589167499411087,180,180,190,200,190,180,180
8.236276149749756,0.008012588338372558,10.635885967866395,0.2617993877991417,0.0,-1.589167499411087,180,180,190,200,190,180,180
8.246524572372437,0.008012588338372558,10.635885967866395,0.2617993877991417,0.0,-1.589167499411087,190,180,190,200,190,180,180
8.256771802902222,0.008012588338372558,10.635885967866395,0.2617993877991417,0.0,-1.589167499411087,190,180,190,200,190,180,180
8.270659685134888,0.008171170209014957,10.627281563518348,0.2617993877991417,0.0,-1.589201523818306,190,180,190,200,190,180,180
8.280956745147705,0.008171170209014957,10.627281563518348,0.2617993877991417,0.0,-1.589201523818306,190,180,190,200,190,180,180
8.291199445724487,0.008171170209014957,10.627281563518348,0.2617993877991417,0.0,-1.589201523818306,190,180,190,200,190,180,180
8.301454305648804,0.008330835996339131,10.618667163353168,0.2617993877991417,0.0,-1.5892229496744137,190,180,190,200,190,180,180
8.318427562713623,0.008330835996339131,10.618667163353168,0.2617993877991417,0.0,-1.5892229496744137,190,180,190,200,190,180,180
8.32873272895813,0.00849567514307452,10.609780051397221,0.2617993877991417,0.0,-1.5892423914936806,190,180,190,200,190,180,180
8.338978052139282,0.00849567514307452,10.609780051397221,0.2617993877991417,0.0,-1.5892423914936806,180,180,190,190,180,180,180
8.349262714385986,0.00849567514307452,10.609780051397221,0.2617993877991417,0.0,-1.5892423914936806,180,180,190,190,180,180,180
8.36085033416748,0.00849567514307452,10.609780051397221,0.2617993877991417,0.0,-1.5892423914936806,180,180,190,190,180,180,180
8.371391773223877,0.008655914728465622,10.601144321236166,0.2617993877991417,0.0,-1.5892601262311667,180,180,190,190,180,180,180
8.381835222244263,0.008655914728465622,10.601144321236166,0.2617993877991417,0.0,-1.5892601262311667,180,180,190,190,180,180,180
8.392420530319214,0.008816415305425308,10.592498446225562,0.2617993877991417,0.0,-1.5892768510487274,180,180,190,200,190,180,180
8.411516666412354,0.008816415305425308,10.592498446225562,0.2617993877991417,0.0,-1.5892768510487274,180,180,190,200,190,180,180
8.422064781188965,0.008816415305425308,10.592498446225562,0.2617993877991417,0.0,-1.5892768510487274,180,180,190,200,190,180,180
8.432503938674927,0.00898190620144733,10.583579214668436,0.2617993877991417,0.0,-1.5892983402776777,180,180,190,200,190,180,180
8.4429292678833,0.00898190620144733,10.583579214668436,0.2617993877991417,0.0,-1.5892983402776777,180,180,190,200,190,180,180
8.460529088973999,0.009142476866859548,10.57491218523924,0.2617993877991417,0.0,-1.5893201845128782,180,180,190,200,190,180,180
8.470941066741943,0.009142476866859548,10.57491218523924,0.2617993877991417,0.0,-1.5893201845128782,180,180,190,200,190,180,180
8.481496572494507,0.009142476866859548,10.57491218523924,0.2617993877991417,0.0,-1.5893201845128782,180,180,190,200,190,180,180
8.491990327835083,0.009302560151085135,10.566238434642433,0.2617993877991417,0.0,-1.5893279697043683,180,180,190,190,180,180,180
8.507063388824463,0.009302560151085135,10.566238434642433,0.2617993877991417,0.0,-1.5893279697043683,180,180,190,190,180,180,180
8.517488241195679,0.009302560151085135,10.566238434642433,0.2617993877991417,0.0,-1.5893279697043683,180,180,190,190,180,180,180
8.52883768081665,0.00946442064549468,10.557308131657305,0.2617993877991417,0.0,-1.589328514600421,180,180,190,190,180,180,180
8.540242910385132,0.00946442064549468,10.557308131657305,0.2617993877991417,0.0,-1.589328514600421,180,180,190,200,190,180,180
8.559536695480347,0.00946442064549468,10.557308131657305,0.2617993877991417,0.0,-1.589328514600421,180,180,190,200,190,180,180
8.570244789123535,0.009616988330378986,10.54865271752415,0.2617993877991417,0.0,-1.5894491122891112,180,180,190,200,190,180,180
8.58087968826294,0.009616988330378986,10.54865271752415,0.2617993877991417,0.0,-1.5894491122891112,180,180,190,200,190,180,180
8.591227769851685,0.009616988330378986,10.54865271752415,0.2617993877991417,0.0,-1.5894491122891112,180,180,190,200,190,180,180
8.607127904891968,0.009785261820639806,10.540065074134024,0.2617993877991417,0.0,-1.589650020248088,180,180,190,200,190,180,180
8.617527723312378,0.009785261820639806,10.540065074134024,0.2617993877991417,0.0,-1.589650020248088,180,180,190,200,190,180,180
8.628623723983765,0.00995334213846437,10.531200975302724,0.2617993877991417,0.0,-1.5896702712074315,180,180,190,200,190,180,180
8.638932704925537,0.00995334213846437,10.531200975302724,0.2617993877991417,0.0,-1.5896702712074315,180,180,190,200,180,180,180
8.64931321144104,0.00995334213846437,10.531200975302724,0.2617993877991417,0.0,-1.5896702712074315,180,180,190,200,180,180,180
8.659711599349976,0.010116401878922134,10.522595495348758,0.2617993877991417,0.0,-1.5897032773232538,180,180,190,200,180,180,180
8.670032978057861,0.010116401878922134,10.522595495348758,0.2617993877991417,0.0,-1.5897032773232538,180,180,190,200,180,180,180
8.680346727371216,0.010116401878922134,10.522595495348758,0.2617993877991417,0.0,-1.5897032773232538,180,180,190,200,180,180,180
8.690902948379517,0.010116401878922134,10.522595495348758,0.2617993877991417,0.0,-1.5897032773232538,180,180,190,200,180,180,180
8.701342821121216,0.01028043917827733,10.513979745915499,0.2617993877991417,0.0,-1.5897237799528112,180,180,190,200,180,180,180
8.713135957717896,0.01028043917827733,10.513979745915499,0.2617993877991417,0.0,-1.5897237799528112,180,180,190,200,180,180,180
8.723708152770996,0.01028043917827733,10.513979745915499,0.2617993877991417,0.0,-1.5897237799528112,180,180,190,200,180,180,180
8.734098434448242,0.010449737780636738,10.505091440978834,0.2617993877991417,0.0,-1.589743412157134,180,180,190,200,180,180,180
8.744413137435913,0.010449737780636738,10.505091440978834,0.2617993877991417,0.0,-1.589743412157134,180,180,190,200,180,180,180
8.760466575622559,0.010614321090060233,10.496454549458988,0.2617993877991417,0.0,-1.5897611241357836,180,180,190,200,180,180,180
8.77089524269104,0.010614321090060233,10.496454549458988,0.2617993877991417,0.0,-1.5897611241357836,180,180,190,200,180,180,180
8.781222581863403,0.010614321090060233,10.496454549458988,0.2617993877991417,0.0,-1.5897611241357836,180,180,190,200,180,180,180
8.791717290878296,0.010614321090060233,10.496454549458988,0.2617993877991417,0.0,-1.5897611241357836,190,180,190,200,180,180,180
8.80740213394165,0.010779155548751218,10.48780744988845,0.2617993877991417,0.0,-1.589778236436708,190,180,190,200,180,180,180
8.817786455154419,0.010779155548751218,10.48780744988845,0.2617993877991417,0.0,-1.589778236436708,190,180,190,200,180,180,180
8.828486442565918,0.010949113893476454,10.478886943650295,0.2617993877991417,0.0,-1.5898003619448724,180,180,190,200,180,180,180
8.839813709259033,0.010949113893476454,10.478886943650295,0.2617993877991417,0.0,-1.5898003619448724,180,180,190,200,180,180,180
8.851000785827637,0.010949113893476454,10.478886943650295,0.2617993877991417,0.0,-1.5898003619448724,180,180,190,200,180,180,180
8.8612539768219,0.011113950646923056,10.47021892037338,0.2617993877991417,0.0,-1.5898215860853835,180,180,190,200,180,180,180
8.87168264389038,0.011113950646923056,10.47021892037338,0.2617993877991417,0.0,-1.5898215860853835,180,180,190,190,180,180,180
8.891150951385498,0.011113950646923056,10.47021892037338,0.2617993877991417,0.0,-1.5898215860853835,180,180,190,190,180,180,180
8.901429653167725,0.011278320189657173,10.461545125541164,0.2617993877991417,0.0,-1.589826692298997,180,180,190,190,180,180,180
8.911627054214478,0.011278320189657173,10.461545125541164,0.2617993877991417,0.0,-1.589826692298997,180,180,190,190,180,180,180
8.921836853027344,0.011278320189657173,10.461545125541164,0.2617993877991417,0.0,-1.589826692298997,180,180,180,190,180,180,180
8.938074350357056,0.01144379805558817,10.452616299202028,0.2617993877991417,0.0,-1.5898313429845345,180,180,180,190,180,180,180
8.948278427124023,0.01144379805558817,10.452616299202028,0.2617993877991417,0.0,-1.5898313429845345,180,180,180,190,180,180,180
8.95848274230957,0.011601050614593123,10.44396394861927,0.2617993877991417,0.0,-1.5899767695670393,180,180,180,180,180,170,170
8.977495193481445,0.011601050614593123,10.44396394861927,0.2617993877991417,0.0,-1.5899767695670393,180,180,180,180,180,170,170
8.98777461051941,0.011601050614593123,10.44396394861927,0.2617993877991417,0.0,-1.5899767695670393,180,180,180,180,180,170,170
8.998233079910278,0.011774100566272698,10.435382814262253,0.2617993877991417,0.0,-1.5901584733514649,180,180,190,190,180,180,170
9.016570806503296,0.011774100566272698,10.435382814262253,0.2617993877991417,0.0,-1.5901584733514649,180,180,190,190,180,180,170
9.02678918838501,0.011946785567893217,10.426517043669183,0.2617993877991417,0.0,-1.5901743776044193,180,180,190,190,180,180,170
9.037007808685303,0.011946785567893217,10.426517043669183,0.2617993877991417,0.0,-1.5901743776044193,180,180,200,190,180,180,180
9.047214031219482,0.011946785567893217,10.426517043669183,0.2617993877991417,0.0,-1.5901743776044193,180,180,200,190,180,180,180
9.05966329574585,0.011946785567893217,10.426517043669183,0.2617993877991417,0.0,-1.5901743776044193,180,180,200,190,180,180,180
9.069938898086548,0.012114356164866873,10.417910581696315,0.2617993877991417,0.0,-1.590205920609937,180,180,200,190,180,180,180
9.08025860786438,0.012114356164866873,10.417910581696315,0.2617993877991417,0.0,-1.590205920609937,180,180,190,190,180,180,180
9.100906133651733,0.012114356164866873,10.417910581696315,0.2617993877991417,0.0,-1.590205920609937,180,180,190,190,180,180,180
9.11134934425354,0.012282737685109329,10.40929351972687,0.2617993877991417,0.0,-1.5902260167230124,180,180,190,190,180,180,180
9.12156081199646,0.012282737685109329,10.40929351972687,0.2617993877991417,0.0,-1.5902260167230124,180,180,200,190,180,180,180
9.140658140182495,0.012456505103615036,10.40040411841127,0.2617993877991417,0.0,-1.590245809887071,180,180,200,190,180,180,180
9.150896310806274,0.012456505103615036,10.40040411841127,0.2617993877991417,0.0,-1.590245809887071,180,180,200,190,180,180,180
9.161108255386353,0.012625443795627604,10.391766128076029,0.2617993877991417,0.0,-1.5902634589926714,180,180,200,190,180,190,180
9.171312093734741,0.012625443795627604,10.391766128076029,0.2617993877991417,0.0,-1.5902634589926714,180,180,200,190,180,190,180
9.181537628173828,0.012625443795627604,10.391766128076029,0.2617993877991417,0.0,-1.5902634589926714,180,180,200,190,180,190,180
9.191763639450073,0.01279462302198041,10.383117851893532,0.2617993877991417,0.0,-1.5902810292556406,180,180,200,190,180,190,180
9.201974868774414,0.01279462302198041,10.383117851893532,0.2617993877991417,0.0,-1.5902810292556406,180,180,190,190,180,190,180
9.220658540725708,0.01279462302198041,10.383117851893532,0.2617993877991417,0.0,-1.5902810292556406,180,180,190,190,180,190,180
9.230880975723267,0.012969059615267271,10.374196148710029,0.2617993877991417,0.0,-1.590303714004468,180,180,190,190,180,190,180
9.241099119186401,0.012969059615267271,10.374196148710029,0.2617993877991417,0.0,-1.590303714004468,180,180,190,190,180,190,190
9.25130558013916,0.012969059615267271,10.374196148710029,0.2617993877991417,0.0,-1.590303714004468,180,180,190,190,180,190,190
9.261889696121216,0.013138175060351986,10.365527198545989,0.2617993877991417,0.0,-1.5903239716432862,180,180,190,190,180,190,190
9.272136449813843,0.013138175060351986,10.365527198545989,0.2617993877991417,0.0,-1.5903239716432862,180,180,190,190,180,190,190
9.282325744628906,0.013138175060351986,10.365527198545989,0.2617993877991417,0.0,-1.5903239716432862,180,180,190,190,180,190,190
9.302202224731445,0.013306791564037652,10.356853652364752,0.2617993877991417,0.0,-1.5903266729441607,180,180,190,190,180,190,190
9.312489032745361,0.013306791564037652,10.356853652364752,0.2617993877991417,0.0,-1.5903266729441607,180,180,190,190,180,190,190
9.322737693786621,0.013306791564037652,10.356853652364752,0.2617993877991417,0.0,-1.5903266729441607,180,180,190,190,180,190,190
9.33297348022461,0.013475907321038639,10.347926303011707,0.2617993877991417,0.0,-1.590337617555775,190,180,190,190,180,190,190
9.34675908088684,0.013475907321038639,10.347926303011707,0.2617993877991417,0.0,-1.590337617555775,190,180,190,190,180,190,190
9.357068061828613,0.013475907321038639,10.347926303011707,0.2617993877991417,0.0,-1.590337617555775,190,180,190,190,180,190,190
9.367321729660034,0.01363849737504437,10.339278365400094,0.2617993877991417,0.0,-1.5905066576942313,190,180,190,190,180,190,190
9.377542734146118,0.01363849737504437,10.339278365400094,0.2617993877991417,0.0,-1.5905066576942313,190,180,190,190,190,190,180
9.390297412872314,0.01363849737504437,10.339278365400094,0.2617993877991417,0.0,-1.5905066576942313,190,180,190,190,190,190,180
9.400738716125488,0.013815610201764625,10.33070027867567,0.2617993877991417,0.0,-1.5906623656088525,190,180,190,190,190,190,180
9.41093134880066,0.013815610201764625,10.33070027867567,0.2617993877991417,0.0,-1.5906623656088525,190,180,190,190,190,190,180
9.421130418777466,0.013815610201764625,10.33070027867567,0.2617993877991417,0.0,-1.5906623656088525,190,180,190,190,190,190,180
9.432945251464844,0.013993000107867417,10.321833416798839,0.2617993877991417,0.0,-1.5906711672461027,190,180,190,190,190,190,180
9.443158149719238,0.013993000107867417,10.321833416798839,0.2617993877991417,0.0,-1.5906711672461027,190,180,190,190,190,190,180
9.453370809555054,0.013993000107867417,10.321833416798839,0.2617993877991417,0.0,-1.5906711672461027,190,180,190,190,190,190,180
9.463636636734009,0.014164986057497388,10.313225916164114,0.2617993877991417,0.0,-1.5907016799770313,190,180,190,190,190,190,180
9.478722333908081,0.014164986057497388,10.313225916164114,0.2617993877991417,0.0,-1.5907016799770313,190,180,190,190,190,190,180
9.488933801651001,0.014164986057497388,10.313225916164114,0.2617993877991417,0.0,-1.5907016799770313,190,180,190,190,190,190,180
9.499172449111938,0.014337651821072418,10.304607488216467,0.2617993877991417,0.0,-1.5907217334568928,190,180,190,190,190,180,180
9.518699169158936,0.014337651821072418,10.304607488216467,0.2617993877991417,0.0,-1.5907217334568928,190,180,190,190,190,180,180
9.528915166854858,0.014515832981341454,10.295716951828481,0.2617993877991417,0.0,-1.5907415723355138,190,180,190,190,190,180,180
9.539128303527832,0.014515832981341454,10.295716951828481,0.2617993877991417,0.0,-1.5907415723355138,190,180,190,190,190,190,180
9.557122230529785,0.014515832981341454,10.295716951828481,0.2617993877991417,0.0,-1.5907415723355138,190,180,190,190,190,190,180
9.567330598831177,0.01468907228705683,10.28707780048899,0.2617993877991417,0.0,-1.5907591873607727,190,180,190,190,190,190,180
9.577566862106323,0.01468907228705683,10.28707780048899,0.2617993877991417,0.0,-1.5907591873607727,190,180,190,190,190,180,190
9.59787392616272,0.01468907228705683,10.28707780048899,0.2617993877991417,0.0,-1.5907591873607727,190,180,190,190,190,180,190
9.608299255371094,0.014862540118243438,10.278428268083296,0.2617993877991417,0.0,-1.5907773680650439,190,180,190,190,190,180,190
9.618503332138062,0.014862540118243438,10.278428268083296,0.2617993877991417,0.0,-1.5907773680650439,190,180,190,190,190,180,190
9.63693118095398,0.015041395509176672,10.269505330918893,0.2617993877991417,0.0,-1.5908005795805915,190,180,190,190,190,180,190
9.647198915481567,0.015041395509176672,10.269505330918893,0.2617993877991417,0.0,-1.5908005795805915,190,180,190,190,190,180,190
9.65742039680481,0.015041395509176672,10.269505330918893,0.2617993877991417,0.0,-1.5908005795805915,190,180,190,190,190,180,190
9.667649030685425,0.015214732824689733,10.260835451033618,0.2617993877991417,0.0,-1.5908195795054356,190,190,190,190,190,180,180
9.684335947036743,0.015214732824689733,10.260835451033618,0.2617993877991417,0.0,-1.5908195795054356,190,190,190,190,190,180,180
9.69457221031189,0.015387472693832149,10.252162393327506,0.2617993877991417,0.0,-1.5908199251761512,190,190,190,190,190,180,180
9.70478343963623,0.015387472693832149,10.252162393327506,0.2617993877991417,0.0,-1.5908199251761512,190,190,190,190,190,180,180
9.715008735656738,0.015387472693832149,10.252162393327506,0.2617993877991417,0.0,-1.5908199251761512,190,190,190,190,190,190,180
9.725253582000732,0.015560204624453396,10.243236483544042,0.2617993877991417,0.0,-1.590839778162517,190,190,190,190,190,190,180
9.735460042953491,0.015560204624453396,10.243236483544042,0.2617993877991417,0.0,-1.590839778162517,190,190,190,190,190,190,180
9.745671510696411,0.015560204624453396,10.243236483544042,0.2617993877991417,0.0,-1.590839778162517,190,190,190,190,190,190,180
9.75601840019226,0.015560204624453396,10.243236483544042,0.2617993877991417,0.0,-1.590839778162517,190,190,190,190,190,190,180
9.774637460708618,0.01572896307586507,10.234594783795592,0.2617993877991417,0.0,-1.5910290015822584,190,190,190,190,190,190,180
9.784853219985962,0.01572896307586507,10.234594783795592,0.2617993877991417,0.0,-1.5910290015822584,190,190,190,190,190,190,180
9.795050621032715,0.015909632820647158,10.226017301767953,0.2617993877991417,0.0,-1.5911597564742357,190,190,190,190,190,190,180
9.80528712272644,0.015909632820647158,10.226017301767953,0.2617993877991417,0.0,-1.5911597564742357,190,190,190,190,190,190,180
9.817933320999146,0.015909632820647158,10.226017301767953,0.2617993877991417,0.0,-1.5911597564742357,190,190,190,190,190,190,180
9.828162431716919,0.016091396697006946,10.21715157449972,0.2617993877991417,0.0,-1.591174447812769,190,190,190,190,190,190,180
9.838359355926514,0.016091396697006946,10.21715157449972,0.2617993877991417,0.0,-1.591174447812769,190,180,190,180,190,180,180
9.857589721679688,0.016091396697006946,10.21715157449972,0.2617993877991417,0.0,-1.591174447812769,190,180,190,180,190,180,180
9.867865324020386,0.016267828757908363,10.208543055732846,0.2617993877991417,0.0,-1.5912039006755527,190,180,190,180,190,180,180
9.878035545349121,0.016267828757908363,10.208543055732846,0.2617993877991417,0.0,-1.5912039006755527,190,180,190,190,190,190,180
9.888223648071289,0.016267828757908363,10.208543055732846,0.2617993877991417,0.0,-1.5912039006755527,190,180,190,190,190,190,180
9.90144157409668,0.016267828757908363,10.208543055732846,0.2617993877991417,0.0,-1.5912039006755527,190,180,190,190,190,190,180
9.911787271499634,0.016444827535665143,10.199923358273626,0.2617993877991417,0.0,-1.5912241851929114,190,180,190,190,190,190,180
9.921973943710327,0.016444827535665143,10.199923358273626,0.2617993877991417,0.0,-1.5912241851929114,190,180,190,190,190,190,180
9.93217396736145,0.016627484568371372,10.191031742726356,0.2617993877991417,0.0,-1.5912439326547203,190,180,190,190,190,190,180
9.946916580200195,0.016627484568371372,10.191031742726356,0.2617993877991417,0.0,-1.5912439326547203,190,180,190,190,190,190,180
9.957155704498291,0.016627484568371372,10.191031742726356,0.2617993877991417,0.0,-1.5912439326547203,190,180,190,190,190,190,180
9.967355966567993,0.01680508126159215,10.182391496198761,0.2617993877991417,0.0,-1.591261495883049,190,180,190,190,190,190,180
9.977874517440796,0.01680508126159215,10.182391496198761,0.2617993877991417,0.0,-1.591261495883049,190,180,190,190,190,190,180
9.988149881362915,0.01680508126159215,10.182391496198761,0.2617993877991417,0.0,-1.591261495883049,190,180,190,190,190,190,180
9.998401403427124,0.01698289448566175,10.1737407714044,0.2617993877991417,0.0,-1.5912802813291547,190,180,190,190,190,190,180
10.008615255355835,0.01698289448566175,10.1737407714044,0.2617993877991417,0.0,-1.5912802813291547,190,180,190,190,190,190,180
10.018819808959961,0.01698289448566175,10.1737407714044,0.2617993877991417,0.0,-1.5912802813291547,190,180,190,190,190,190,180
10.02901315689087,0.017166225434757657,10.164816698200262,0.2617993877991417,0.0,-1.5913038465066167,190,180,190,190,190,190,180
10.039311647415161,0.017166225434757657,10.164816698200262,0.2617993877991417,0.0,-1.5913038465066167,190,180,190,190,190,190,180
10.050996780395508,0.017166225434757657,10.164816698200262,0.2617993877991417,0.0,-1.5913038465066167,190,180,190,190,190,190,180
10.061216354370117,0.017343839784302057,10.156145991559397,0.2617993877991417,0.0,-1.5913212950742566,190,180,190,190,190,190,180
10.07142949104309,0.017343839784302057,10.156145991559397,0.2617993877991417,0.0,-1.5913212950742566,190,180,190,190,190,190,180
10.081655025482178,0.017343839784302057,10.156145991559397,0.2617993877991417,0.0,-1.5913212950742566,190,190,190,190,190,190,180
10.100419282913208,0.017520696855201703,10.147473698316993,0.2617993877991417,0.0,-1.5913193193516642,190,190,190,190,190,190,180
10.110680103302002,0.017520696855201703,10.147473698316993,0.2617993877991417,0.0,-1.5913193193516642,190,190,190,190,190,190,180
10.120934963226318,0.017520696855201703,10.147473698316993,0.2617993877991417,0.0,-1.5913193193516642,190,190,190,190,190,190,180
10.131150007247925,0.01769714118699292,10.138549186247573,0.2617993877991417,0.0,-1.5913510554878378,190,190,190,190,190,190,180
10.141359329223633,0.01769714118699292,10.138549186247573,0.2617993877991417,0.0,-1.5913510554878378,190,190,190,190,190,190,180
10.151588201522827,0.01769714118699292,10.138549186247573,0.2617993877991417,0.0,-1.5913510554878378,190,190,190,190,190,190,180
10.161811113357544,0.017873028443440866,10.12991583785967,0.2617993877991417,0.0,-1.5915548185904018,190,190,190,190,190,190,180
10.172014474868774,0.017873028443440866,10.12991583785967,0.2617993877991417,0.0,-1.5915548185904018,190,190,190,190,190,180,180
10.182207822799683,0.017873028443440866,10.12991583785967,0.2617993877991417,0.0,-1.5915548185904018,190,190,190,190,190,180,180
10.198640584945679,0.018056755143800524,10.121334910043352,0.2617993877991417,0.0,-1.5916480112643927,190,190,190,190,190,180,180
10.208884716033936,0.018056755143800524,10.121334910043352,0.2617993877991417,0.0,-1.5916480112643927,190,190,190,190,190,180,180
10.219088554382324,0.018056755143800524,10.121334910043352,0.2617993877991417,0.0,-1.5916480112643927,190,190,190,190,190,180,180
10.229292631149292,0.018242742482856154,10.112470350827879,0.2617993877991417,0.0,-1.5916734371813572,190,190,190,190,190,180,180
10.239452838897705,0.018242742482856154,10.112470350827879,0.2617993877991417,0.0,-1.5916734371813572,190,190,190,190,190,180,180
10.249862909317017,0.018242742482856154,10.112470350827879,0.2617993877991417,0.0,-1.5916734371813572,190,190,190,190,190,180,180
10.260082006454468,0.01842355566429145,10.103860710589768,0.2617993877991417,0.0,-1.591702502620368,190,190,190,190,190,180,180
10.270308017730713,0.01842355566429145,10.103860710589768,0.2617993877991417,0.0,-1.591702502620368,190,180,190,190,190,180,190
10.28053903579712,0.01842355566429145,10.103860710589768,0.2617993877991417,0.0,-1.591702502620368,190,180,190,190,190,180,190
10.290746212005615,0.01842355566429145,10.103860710589768,0.2617993877991417,0.0,-1.591702502620368,190,180,190,190,190,180,190
10.300968647003174,0.018604873454504952,10.095239718308576,0.2617993877991417,0.0,-1.5917230848738722,190,180,190,190,190,180,190
10.311180353164673,0.018604873454504952,10.095239718308576,0.2617993877991417,0.0,-1.5917230848738722,190,180,190,190,190,180,190
10.32139801979065,0.018604873454504952,10.095239718308576,0.2617993877991417,0.0,-1.5917230848738722,190,180,190,180,190,180,180
10.332033395767212,0.01879198278205843,10.086346946868273,0.2617993877991417,0.0,-1.591742824827611,190,180,190,180,190,180,180
10.34862995147705,0.01879198278205843,10.086346946868273,0.2617993877991417,0.0,-1.591742824827611,190,180,190,180,190,180,180
10.358863353729248,0.0189739090993415,10.077705545588064,0.2617993877991417,0.0,-1.5917603722046367,190,180,190,180,190,180,180
10.369071960449219,0.0189739090993415,10.077705545588064,0.2617993877991417,0.0,-1.5917603722046367,190,180,190,180,190,180,180
10.379288911819458,0.0189739090993415,10.077705545588064,0.2617993877991417,0.0,-1.5917603722046367,180,180,190,180,190,180,180
10.39694094657898,0.0189739090993415,10.077705545588064,0.2617993877991417,0.0,-1.5917603722046367,180,180,190,180,190,180,180
10.40732455253601,0.019156038070235578,10.069053565376741,0.2617993877991417,0.0,-1.5917798368484106,180,180,190,180,190,180,180
10.417551040649414,0.019156038070235578,10.069053565376741,0.2617993877991417,0.0,-1.5917798368484106,180,180,190,180,190,180,180
10.427753210067749,0.01934381059664992,10.060128335210695,0.2617993877991417,0.0,-1.5918035260346426,180,180,190,180,190,180,180
10.437938213348389,0.01934381059664992,10.060128335210695,0.2617993877991417,0.0,-1.5918035260346426,180,180,190,180,190,180,180
10.451122283935547,0.01934381059664992,10.060128335210695,0.2617993877991417,0.0,-1.5918035260346426,180,180,190,180,190,180,180
10.46132493019104,0.01952566470982469,10.051456844665813,0.2617993877991417,0.0,-1.5918190550812177,180,180,190,180,190,180,180
10.471535205841064,0.01952566470982469,10.051456844665813,0.2617993877991417,0.0,-1.5918190550812177,180,180,190,180,180,180,180
10.481974363327026,0.01952566470982469,10.051456844665813,0.2617993877991417,0.0,-1.5918190550812177,180,180,190,180,180,180,180
10.49867033958435,0.01970651412423585,10.042785522518784,0.2617993877991417,0.0,-1.5918150375547413,180,180,190,180,180,180,180
10.508898258209229,0.01970651412423585,10.042785522518784,0.2617993877991417,0.0,-1.5918150375547413,180,180,190,180,180,180,180
10.519099473953247,0.01970651412423585,10.042785522518784,0.2617993877991417,0.0,-1.5918150375547413,180,180,190,180,180,180,180
10.529303073883057,0.019886818936256802,10.033862380864306,0.2617993877991417,0.0,-1.591861711183875,180,180,190,180,180,180,180
10.539531469345093,0.019886818936256802,10.033862380864306,0.2617993877991417,0.0,-1.591861711183875,180,180,190,180,180,180,180
10.549744844436646,0.019886818936256802,10.033862380864306,0.2617993877991417,0.0,-1.591861711183875,180,180,190,180,180,180,180
10.559936285018921,0.020069893393652734,10.025239419681064,0.2617993877991417,0.0,-1.592071392413128,180,180,190,180,180,180,180
10.570144176483154,0.020069893393652734,10.025239419681064,0.2617993877991417,0.0,-1.592071392413128,180,180,180,170,180,180,180
10.580329895019531,0.020069893393652734,10.025239419681064,0.2617993877991417,0.0,-1.592071392413128,180,180,180,170,180,180,180
10.590536117553711,0.020069893393652734,10.025239419681064,0.2617993877991417,0.0,-1.592071392413128,180,180,180,170,180,180,180
10.603291511535645,0.0202566158815388,10.01665445066084,0.2617993877991417,0.0,-1.5921428951452898,180,180,180,170,180,180,180
10.613526582717896,0.0202566158815388,10.01665445066084,0.2617993877991417,0.0,-1.5921428951452898,180,180,180,170,180,180,180
10.62373161315918,0.0202566158815388,10.01665445066084,0.2617993877991417,0.0,-1.5921428951452898,190,180,180,170,180,180,180
10.633923530578613,0.020446628834532254,10.00779075916465,0.2617993877991417,0.0,-1.5921770813561005,190,180,180,170,180,180,180
10.651088953018188,0.020446628834532254,10.00779075916465,0.2617993877991417,0.0,-1.5921770813561005,190,180,180,170,180,180,180
10.661277770996094,0.020631835124762164,9.99917998454362,0.2617993877991417,0.0,-1.5922052540433047,190,180,180,170,180,180,180
10.67153787612915,0.020631835124762164,9.99917998454362,0.2617993877991417,0.0,-1.5922052540433047,190,180,180,170,180,180,180
10.681753396987915,0.020631835124762164,9.99917998454362,0.2617993877991417,0.0,-1.5922052540433047,190,180,180,180,180,180,180
10.692079305648804,0.020817508278626152,9.990557801001234,0.2617993877991417,0.0,-1.5922257768095929,190,180,180,180,180,180,180
10.70227313041687,0.020817508278626152,9.990557801001234,0.2617993877991417,0.0,-1.5922257768095929,190,180,180,180,180,180,180
10.712446689605713,0.020817508278626152,9.990557801001234,0.2617993877991417,0.0,-1.5922257768095929,190,180,180,180,180,180,180
10.72261929512024,0.020817508278626152,9.990557801001234,0.2617993877991417,0.0,-1.5922257768095929,190,180,180,180,180,180,180
10.732871294021606,0.021009105849228524,9.981663922285424,0.2617993877991417,0.0,-1.5922454727586388,190,180,180,180,180,180,180
10.743171453475952,0.021009105849228524,9.981663922285424,0.2617993877991417,0.0,-1.5922454727586388,190,180,180,180,180,180,180
10.753700971603394,0.021009105849228524,9.981663922285424,0.2617993877991417,0.0,-1.5922454727586388,190,180,180,180,180,180,180
10.763909578323364,0.021195393387728807,9.97302142579153,0.2617993877991417,0.0,-1.592262989454783,190,180,180,180,180,180,180
10.774123191833496,0.021195393387728807,9.97302142579153,0.2617993877991417,0.0,-1.592262989454783,190,180,180,180,180,180,180
10.78436803817749,0.021195393387728807,9.97302142579153,0.2617993877991417,0.0,-1.592262989454783,180,180,180,180,180,180,180
10.797360897064209,0.021195393387728807,9.97302142579153,0.2617993877991417,0.0,-1.592262989454783,180,180,180,180,180,180,180
10.807752132415771,0.021381869113916534,9.964368242216509,0.2617993877991417,0.0,-1.5922831807023443,180,180,180,180,180,180,180
10.818531274795532,0.021381869113916534,9.964368242216509,0.2617993877991417,0.0,-1.5922831807023443,180,180,180,180,180,180,180
10.828874111175537,0.02157410323041662,9.955441926935519,0.2617993877991417,0.0,-1.5923068496004806,190,180,180,180,180,180,180
10.848299264907837,0.02157410323041662,9.955441926935519,0.2617993877991417,0.0,-1.5923068496004806,190,180,180,180,180,180,180
10.85851502418518,0.021760238037402485,9.94676981355542,0.2617993877991417,0.0,-1.5923201764089872,190,180,180,180,180,180,180
10.868729591369629,0.021760238037402485,9.94676981355542,0.2617993877991417,0.0,-1.5923201764089872,190,180,180,180,180,180,180
10.878934144973755,0.021760238037402485,9.94676981355542,0.2617993877991417,0.0,-1.5923201764089872,190,180,180,180,180,180,180
10.889174461364746,0.021760238037402485,9.94676981355542,0.2617993877991417,0.0,-1.5923201764089872,190,180,180,180,180,180,180
10.899458408355713,0.021944972792933608,9.938099649513461,0.2617993877991417,0.0,-1.5923150965137158,190,180,180,180,180,180,180
10.909663915634155,0.021944972792933608,9.938099649513461,0.2617993877991417,0.0,-1.5923150965137158,190,180,180,180,180,180,180
10.919881820678711,0.021944972792933608,9.938099649513461,0.2617993877991417,0.0,-1.5923150965137158,190,180,180,180,180,180,180
10.930034875869751,0.02212930894899555,9.929177911749708,0.2617993877991417,0.0,-1.5923798409263206,190,180,180,180,180,180,180
10.940235614776611,0.02212930894899555,9.929177911749708,0.2617993877991417,0.0,-1.5923798409263206,190,180,180,180,180,180,180
10.95205545425415,0.02212930894899555,9.929177911749708,0.2617993877991417,0.0,-1.5923798409263206,190,180,180,180,180,180,180
10.962282419204712,0.022319383291837747,9.920566698950736,0.2617993877991417,0.0,-1.5925884033109088,190,180,180,180,180,180,180
10.97248363494873,0.022319383291837747,9.920566698950736,0.2617993877991417,0.0,-1.5925884033109088,190,180,180,180,180,180,180
10.982757568359375,0.022319383291837747,9.920566698950736,0.2617993877991417,0.0,-1.5925884033109088,190,180,180,180,180,180,180
10.998294830322266,0.022509233102704362,9.911976104973517,0.2617993877991417,0.0,-1.5926434212291147,190,180,180,180,180,180,180
11.008530139923096,0.022509233102704362,9.911976104973517,0.2617993877991417,0.0,-1.5926434212291147,190,180,180,180,180,180,180
11.018744945526123,0.022509233102704362,9.911976104973517,0.2617993877991417,0.0,-1.5926434212291147,190,180,180,180,180,180,180
11.029051542282104,0.022703451593299177,9.903112663062405,0.2617993877991417,0.0,-1.5926820760723561,190,180,180,180,180,180,180
11.03925108909607,0.022703451593299177,9.903112663062405,0.2617993877991417,0.0,-1.5926820760723561,190,180,180,180,180,180,180
11.049642562866211,0.022703451593299177,9.903112663062405,0.2617993877991417,0.0,-1.5926820760723561,190,180,180,180,180,180,180
11.059834003448486,0.022893056732477154,9.894500640602882,0.2617993877991417,0.0,-1.5927090905009458,190,180,180,180,180,180,180
11.070033073425293,0.022893056732477154,9.894500640602882,0.2617993877991417,0.0,-1.5927090905009458,180,180,180,180,190,180,180
11.080272197723389,0.022893056732477154,9.894500640602882,0.2617993877991417,0.0,-1.5927090905009458,180,180,180,180,190,180,180
11.097594976425171,0.022893056732477154,9.894500640602882,0.2617993877991417,0.0,-1.5927090905009458,180,180,180,180,190,180,180
11.107924938201904,0.023083100139254263,9.885877239893922,0.2617993877991417,0.0,-1.5927295870710423,180,180,180,180,190,180,180
11.118333578109741,0.023083100139254263,9.885877239893922,0.2617993877991417,0.0,-1.5927295870710423,180,180,180,180,190,180,180
11.1286461353302,0.02327920028954638,9.876982186444755,0.2617993877991417,0.0,-1.592749268718065,180,180,180,180,180,180,180
11.138990640640259,0.02327920028954638,9.876982186444755,0.2617993877991417,0.0,-1.592749268718065,180,180,180,180,180,180,180
11.149278402328491,0.02327920028954638,9.876982186444755,0.2617993877991417,0.0,-1.592749268718065,180,180,180,180,180,180,180
11.159502744674683,0.023469857483893877,9.868338520154614,0.2617993877991417,0.0,-1.5927668898285743,180,180,180,180,180,180,180
11.169714212417603,0.023469857483893877,9.868338520154614,0.2617993877991417,0.0,-1.5927668898285743,180,180,180,180,180,180,180
11.180018663406372,0.023469857483893877,9.868338520154614,0.2617993877991417,0.0,-1.5927668898285743,180,180,180,180,180,180,180
11.190463304519653,0.023469857483893877,9.868338520154614,0.2617993877991417,0.0,-1.5927668898285743,180,180,180,180,180,180,180
11.200703859329224,0.023660692701360158,9.8596840783604,0.2617993877991417,0.0,-1.5927878188180835,180,180,180,180,180,180,180
11.21091890335083,0.023660692701360158,9.8596840783604,0.2617993877991417,0.0,-1.5927878188180835,180,180,180,180,180,180,180
11.22113037109375,0.023660692701360158,9.8596840783604,0.2617993877991417,0.0,-1.5927878188180835,180,180,180,180,180,180,180
11.23138952255249,0.02385738097263717,9.850756662447353,0.2617993877991417,0.0,-1.5928113271852742,180,180,180,180,180,180,180
11.250893115997314,0.02385738097263717,9.850756662447353,0.2617993877991417,0.0,-1.5928113271852742,180,180,180,180,180,180,180
11.26114010810852,0.024047817524039714,9.842084041544119,0.2617993877991417,0.0,-1.5928219574219784,180,180,180,180,180,180,180
11.271373510360718,0.024047817524039714,9.842084041544119,0.2617993877991417,0.0,-1.5928219574219784,180,180,180,180,180,180,180
11.281617641448975,0.024047817524039714,9.842084041544119,0.2617993877991417,0.0,-1.5928219574219784,190,180,180,180,190,190,180
11.291892528533936,0.024047817524039714,9.842084041544119,0.2617993877991417,0.0,-1.5928219574219784,190,180,180,180,190,190,180
11.311222314834595,0.02423629789196738,9.833415161130453,0.2617993877991417,0.0,-1.5928169922888549,190,180,180,180,190,190,180
11.321451425552368,0.02423629789196738,9.833415161130453,0.2617993877991417,0.0,-1.5928169922888549,190,180,180,180,190,190,180
11.332120180130005,0.024424819226722117,9.82449500300033,0.2617993877991417,0.0,-1.5929024609764355,190,180,180,180,190,190,180
11.349117040634155,0.024424819226722117,9.82449500300033,0.2617993877991417,0.0,-1.5929024609764355,190,180,180,180,190,190,180
11.359387874603271,0.024621332079519737,9.81589556501403,0.2617993877991417,0.0,-1.5931054188647444,190,180,180,180,190,190,180
11.3695969581604,0.024621332079519737,9.81589556501403,0.2617993877991417,0.0,-1.5931054188647444,190,180,180,180,190,190,180
11.379826068878174,0.024621332079519737,9.81589556501403,0.2617993877991417,0.0,-1.5931054188647444,190,180,180,180,190,180,180
11.390047311782837,0.024621332079519737,9.81589556501403,0.2617993877991417,0.0,-1.5931054188647444,190,180,180,180,190,180,180
11.400282859802246,0.024814636880172172,9.807299199030892,0.2617993877991417,0.0,-1.5931463678954392,190,180,180,180,190,180,180
11.410463809967041,0.024814636880172172,9.807299199030892,0.2617993877991417,0.0,-1.5931463678954392,190,180,180,180,190,180,180
11.42069125175476,0.024814636880172172,9.807299199030892,0.2617993877991417,0.0,-1.5931463678954392,180,180,180,170,180,180,180
11.430969953536987,0.025013289268240823,9.798435254538283,0.2617993877991417,0.0,-1.5931849674915406,180,180,180,170,180,180,180
11.450249195098877,0.025013289268240823,9.798435254538283,0.2617993877991417,0.0,-1.5931849674915406,180,180,180,170,180,180,180
11.46051836013794,0.025207273647081054,9.789822007406165,0.2617993877991417,0.0,-1.593210951250434,180,180,180,170,180,180,180
11.470721244812012,0.025207273647081054,9.789822007406165,0.2617993877991417,0.0,-1.593210951250434,180,180,180,170,180,180,180
11.480989694595337,0.025207273647081054,9.789822007406165,0.2617993877991417,0.0,-1.593210951250434,180,180,180,170,180,180,180
11.496537208557129,0.025401664534141475,9.781197481805401,0.2617993877991417,0.0,-1.593231371255608,180,180,180,170,180,180,180
11.506792545318604,0.025401664534141475,9.781197481805401,0.2617993877991417,0.0,-1.593231371255608,180,180,180,170,180,180,180
11.516993761062622,0.025401664534141475,9.781197481805401,0.2617993877991417,0.0,-1.593231371255608,180,180,180,170,180,180,180
11.527212858200073,0.025602248746347676,9.772301314584428,0.2617993877991417,0.0,-1.5932509980858893,180,180,180,170,180,180,180
11.537420511245728,0.025602248746347676,9.772301314584428,0.2617993877991417,0.0,-1.5932509980858893,180,180,180,170,180,180,180
11.547671794891357,0.025602248746347676,9.772301314584428,0.2617993877991417,0.0,-1.5932509980858893,180,180,180,170,180,180,180
11.558366775512695,0.025602248746347676,9.772301314584428,0.2617993877991417,0.0,-1.5932509980858893,180,180,180,170,180,180,180
11.568590641021729,0.02579725310299773,9.763656527049182,0.2617993877991417,0.0,-1.5932688060400795,180,180,180,170,180,180,180
11.57879114151001,0.02579725310299773,9.763656527049182,0.2617993877991417,0.0,-1.5932688060400795,180,180,180,170,180,180,180
11.588973999023438,0.02579725310299773,9.763656527049182,0.2617993877991417,0.0,-1.5932688060400795,180,180,180,170,180,180,180
11.603362083435059,0.025992432349992017,9.755000903193356,0.2617993877991417,0.0,-1.5932903668959397,180,180,180,170,180,180,180
11.613592863082886,0.025992432349992017,9.755000903193356,0.2617993877991417,0.0,-1.5932903668959397,180,180,180,170,180,180,180
11.623772621154785,0.025992432349992017,9.755000903193356,0.2617993877991417,0.0,-1.5932903668959397,180,180,180,170,180,180,180
11.633981704711914,0.02619354041753752,9.746072479734881,0.2617993877991417,0.0,-1.593313546929192,180,180,180,170,180,180,180
11.644169092178345,0.02619354041753752,9.746072479734881,0.2617993877991417,0.0,-1.593313546929192,180,180,180,170,180,180,180
11.656549453735352,0.02619354041753752,9.746072479734881,0.2617993877991417,0.0,-1.593313546929192,180,180,180,170,180,180,180
11.666853189468384,0.026388273503270606,9.73739957171177,0.2617993877991417,0.0,-1.5933212685115583,180,180,180,170,180,180,180
11.677077770233154,0.026388273503270606,9.73739957171177,0.2617993877991417,0.0,-1.5933212685115583,180,180,180,170,180,180,170
11.68726634979248,0.026388273503270606,9.73739957171177,0.2617993877991417,0.0,-1.5933212685115583,180,180,180,170,180,180,170
11.705151557922363,0.02658034940627138,9.7287320750601,0.2617993877991417,0.0,-1.5933177802211373,180,180,180,170,180,180,170
11.71537733078003,0.02658034940627138,9.7287320750601,0.2617993877991417,0.0,-1.5933177802211373,180,180,180,170,180,180,170
11.725606203079224,0.02658034940627138,9.7287320750601,0.2617993877991417,0.0,-1.5933177802211373,180,180,180,180,180,180,180
11.735826253890991,0.026773293480318747,9.719813925908005,0.2617993877991417,0.0,-1.5934259183261128,180,180,180,180,180,180,180
11.75270390510559,0.026773293480318747,9.719813925908005,0.2617993877991417,0.0,-1.5934259183261128,180,180,180,180,180,180,180
11.762942552566528,0.026975399079491383,9.711224691224443,0.2617993877991417,0.0,-1.5936197592170425,180,180,180,180,180,180,180
11.773154973983765,0.026975399079491383,9.711224691224443,0.2617993877991417,0.0,-1.5936197592170425,180,180,180,170,180,180,180
11.78335452079773,0.026975399079491383,9.711224691224443,0.2617993877991417,0.0,-1.5936197592170425,180,180,180,170,180,180,180
11.793568849563599,0.026975399079491383,9.711224691224443,0.2617993877991417,0.0,-1.5936197592170425,180,180,180,170,180,180,180
11.80689525604248,0.027172714922943996,9.702623828787026,0.2617993877991417,0.0,-1.5936485651022745,180,180,180,170,180,180,180
11.817123889923096,0.027172714922943996,9.702623828787026,0.2617993877991417,0.0,-1.5936485651022745,180,180,180,170,180,180,180
11.82735562324524,0.02737592479846303,9.693758872347008,0.2617993877991417,0.0,-1.5936858135492344,180,180,180,180,180,180,180
11.837549686431885,0.02737592479846303,9.693758872347008,0.2617993877991417,0.0,-1.5936858135492344,180,180,180,180,180,180,180
11.856525182723999,0.02737592479846303,9.693758872347008,0.2617993877991417,0.0,-1.5936858135492344,180,180,180,180,180,180,180
11.866795063018799,0.027574274775347952,9.685144297271103,0.2617993877991417,0.0,-1.5937105328245567,180,180,180,180,180,180,180
11.876997947692871,0.027574274775347952,9.685144297271103,0.2617993877991417,0.0,-1.5937105328245567,180,170,180,170,180,180,180
11.887220621109009,0.027574274775347952,9.685144297271103,0.2617993877991417,0.0,-1.5937105328245567,180,170,180,170,180,180,180
11.903111219406128,0.027772991892605053,9.676518621135674,0.2617993877991417,0.0,-1.5937309405676816,180,170,180,170,180,180,180
11.913336515426636,0.027772991892605053,9.676518621135674,0.2617993877991417,0.0,-1.5937309405676816,180,170,180,170,180,180,180
11.923699140548706,0.027772991892605053,9.676518621135674,0.2617993877991417,0.0,-1.5937309405676816,180,170,180,170,180,180,180
11.934035539627075,0.027978043196280864,9.667621276383091,0.2617993877991417,0.0,-1.5937505398911544,180,180,180,180,180,180,180
11.953020334243774,0.027978043196280864,9.667621276383091,0.2617993877991417,0.0,-1.5937505398911544,180,180,180,180,180,180,180
11.96327018737793,0.028177373995222573,9.658975288925273,0.2617993877991417,0.0,-1.5937686788395389,180,180,180,180,180,180,180
11.973461866378784,0.028177373995222573,9.658975288925273,0.2617993877991417,0.0,-1.5937686788395389,180,180,180,180,180,180,180
11.984389781951904,0.028177373995222573,9.658975288925273,0.2617993877991417,0.0,-1.5937686788395389,180,180,180,180,180,180,180
12.000766277313232,0.028376881407494302,9.650318438615086,0.2617993877991417,0.0,-1.5937908547990387,180,180,180,180,180,180,180
12.010984182357788,0.028376881407494302,9.650318438615086,0.2617993877991417,0.0,-1.5937908547990387,180,180,180,180,180,180,180
12.021176099777222,0.028376881407494302,9.650318438615086,0.2617993877991417,0.0,-1.5937908547990387,180,180,180,180,180,180,180
12.03140902519226,0.028582379187281532,9.641388992998419,0.2617993877991417,0.0,-1.5938134018965138,180,180,180,180,190,180,180
12.041623592376709,0.028582379187281532,9.641388992998419,0.2617993877991417,0.0,-1.5938134018965138,180,180,180,180,190,180,180
12.057266473770142,0.028582379187281532,9.641388992998419,0.2617993877991417,0.0,-1.5938134018965138,180,180,180,180,190,180,180
12.067520141601562,0.028781387815410883,9.632715990984257,0.2617993877991417,0.0,-1.5938181844318728,180,180,180,180,190,180,180
12.077714204788208,0.028781387815410883,9.632715990984257,0.2617993877991417,0.0,-1.5938181844318728,180,180,180,180,190,180,180
12.087904691696167,0.028781387815410883,9.632715990984257,0.2617993877991417,0.0,-1.5938181844318728,180,180,180,180,190,180,180
12.098105192184448,0.028976960400657018,9.624049922282468,0.2617993877991417,0.0,-1.593817726822139,180,180,180,180,190,180,180
12.108357667922974,0.028976960400657018,9.624049922282468,0.2617993877991417,0.0,-1.593817726822139,180,180,180,180,190,180,180
12.118728160858154,0.028976960400657018,9.624049922282468,0.2617993877991417,0.0,-1.593817726822139,180,180,180,180,190,180,180
12.129106044769287,0.0291746455196821,9.615134584305974,0.2617993877991417,0.0,-1.5939492056549025,180,180,180,180,190,190,180
12.13939118385315,0.0291746455196821,9.615134584305974,0.2617993877991417,0.0,-1.5939492056549025,180,180,180,180,190,190,180
12.15043306350708,0.0291746455196821,9.615134584305974,0.2617993877991417,0.0,-1.5939492056549025,180,180,180,180,190,190,180
12.160832405090332,0.02938168153721428,9.606553009918917,0.2617993877991417,0.0,-1.5941316705662472,180,180,180,180,190,190,180
12.17119026184082,0.02938168153721428,9.606553009918917,0.2617993877991417,0.0,-1.5941316705662472,180,180,180,180,190,190,180
12.181423425674438,0.02938168153721428,9.606553009918917,0.2617993877991417,0.0,-1.5941316705662472,180,180,180,180,190,190,180
12.197362184524536,0.02938168153721428,9.606553009918917,0.2617993877991417,0.0,-1.5941316705662472,180,180,180,180,190,190,180
12.20769214630127,0.029583379189967972,9.597949190486275,0.2617993877991417,0.0,-1.5941477739184606,180,180,180,180,190,190,180
12.21788740158081,0.029583379189967972,9.597949190486275,0.2617993877991417,0.0,-1.5941477739184606,180,180,180,180,190,190,180
12.228163003921509,0.02979115360360684,9.58908318357916,0.2617993877991417,0.0,-1.5941842619762785,180,180,180,180,180,190,180
12.23837423324585,0.02979115360360684,9.58908318357916,0.2617993877991417,0.0,-1.5941842619762785,180,180,180,180,180,190,180
12.24858021736145,0.02979115360360684,9.58908318357916,0.2617993877991417,0.0,-1.5941842619762785,180,180,180,180,180,190,180
12.258771657943726,0.02999384802786615,9.580467317883121,0.2617993877991417,0.0,-1.59420782551231,180,180,180,180,180,190,180
12.26900577545166,0.02999384802786615,9.580467317883121,0.2617993877991417,0.0,-1.59420782551231,180,180,180,180,180,190,180
12.279327154159546,0.02999384802786615,9.580467317883121,0.2617993877991417,0.0,-1.59420782551231,180,180,180,180,180,180,180
12.299445390701294,0.030196864841682523,9.571840584690339,0.2617993877991417,0.0,-1.5942282101260001,180,180,180,180,180,180,180
12.309703588485718,0.030196864841682523,9.571840584690339,0.2617993877991417,0.0,-1.5942282101260001,180,180,180,180,180,180,180
12.319925546646118,0.030196864841682523,9.571840584690339,0.2617993877991417,0.0,-1.5942282101260001,180,180,180,170,180,180,180
12.330155849456787,0.030406361983119808,9.562942126324177,0.2617993877991417,0.0,-1.594247744522062,180,180,180,170,180,180,180
12.346935749053955,0.030406361983119808,9.562942126324177,0.2617993877991417,0.0,-1.594247744522062,180,180,180,170,180,180,180
12.35714864730835,0.030406361983119808,9.562942126324177,0.2617993877991417,0.0,-1.594247744522062,180,180,180,170,180,180,180
12.36733102798462,0.03060999778291127,9.554294988435075,0.2617993877991417,0.0,-1.594266276500401,180,180,180,170,180,180,180
12.377552032470703,0.03060999778291127,9.554294988435075,0.2617993877991417,0.0,-1.594266276500401,180,180,180,170,180,180,180
12.38776445388794,0.03060999778291127,9.554294988435075,0.2617993877991417,0.0,-1.594266276500401,180,180,180,170,180,180,180
12.3995041847229,0.03060999778291127,9.554294988435075,0.2617993877991417,0.0,-1.594266276500401,180,180,180,170,180,180,180
12.409775733947754,0.03081381216296534,9.545636990790204,0.2617993877991417,0.0,-1.5942889645719627,180,180,180,170,180,180,180
12.41992473602295,0.03081381216296534,9.545636990790204,0.2617993877991417,0.0,-1.5942889645719627,180,180,180,170,180,180,180
12.430289030075073,0.031023677394781353,9.536706593335152,0.2617993877991417,0.0,-1.5943104787074929,180,170,180,180,180,180,180
12.445916652679443,0.031023677394781353,9.536706593335152,0.2617993877991417,0.0,-1.5943104787074929,180,170,180,180,180,180,180
12.456131935119629,0.031023677394781353,9.536706593335152,0.2617993877991417,0.0,-1.5943104787074929,180,170,180,180,180,180,180
12.466325044631958,0.031226893566871305,9.528033784682794,0.2617993877991417,0.0,-1.594312563559435,180,180,180,180,190,190,180
12.476829051971436,0.031226893566871305,9.528033784682794,0.2617993877991417,0.0,-1.594312563559435,180,180,180,180,190,190,180
12.48702335357666,0.031226893566871305,9.528033784682794,0.2617993877991417,0.0,-1.594312563559435,180,180,180,180,190,190,180
12.497321844100952,0.03142593166564607,9.519369158037039,0.2617993877991417,0.0,-1.5943170604237946,180,180,180,180,190,190,180
12.50756549835205,0.03142593166564607,9.519369158037039,0.2617993877991417,0.0,-1.5943170604237946,180,180,180,180,190,190,180
12.518237590789795,0.03142593166564607,9.519369158037039,0.2617993877991417,0.0,-1.5943170604237946,180,170,180,180,190,190,180
12.528427124023438,0.03162907591416489,9.51045788922707,0.2617993877991417,0.0,-1.5944709808641868,180,170,180,180,190,190,180
12.53862977027893,0.03162907591416489,9.51045788922707,0.2617993877991417,0.0,-1.5944709808641868,180,170,180,180,190,190,180
12.548988580703735,0.03162907591416489,9.51045788922707,0.2617993877991417,0.0,-1.5944709808641868,180,170,180,180,190,190,180
12.559226751327515,0.031840295066883344,9.501880817154184,0.2617993877991417,0.0,-1.5946367419099898,180,170,180,180,190,190,180
12.569501638412476,0.031840295066883344,9.501880817154184,0.2617993877991417,0.0,-1.5946367419099898,180,170,180,180,190,190,180
12.579710006713867,0.031840295066883344,9.501880817154184,0.2617993877991417,0.0,-1.5946367419099898,180,180,180,180,190,180,180
12.595772504806519,0.031840295066883344,9.501880817154184,0.2617993877991417,0.0,-1.5946367419099898,180,180,180,180,190,180,180
12.606013298034668,0.03204654036774968,9.49327567309199,0.2617993877991417,0.0,-1.5946446328352661,180,180,180,180,190,180,180
12.616207599639893,0.03204654036774968,9.49327567309199,0.2617993877991417,0.0,-1.5946446328352661,180,180,180,180,190,190,180
12.626405239105225,0.032258876080241486,9.484408612733365,0.2617993877991417,0.0,-1.594680408939557,180,180,180,180,190,190,180
12.636619091033936,0.032258876080241486,9.484408612733365,0.2617993877991417,0.0,-1.594680408939557,180,180,180,180,190,190,180
12.649136781692505,0.032258876080241486,9.484408612733365,0.2617993877991417,0.0,-1.594680408939557,180,180,180,180,190,190,180
12.659381866455078,0.03246588007883766,9.47579136359202,0.2617993877991417,0.0,-1.594703116484729,180,180,180,180,190,190,180
12.66959834098816,0.03246588007883766,9.47579136359202,0.2617993877991417,0.0,-1.594703116484729,180,170,180,180,180,180,180
12.679823160171509,0.03246588007883766,9.47579136359202,0.2617993877991417,0.0,-1.594703116484729,180,170,180,180,180,180,180
12.698891162872314,0.03267317774350561,9.467163550497965,0.2617993877991417,0.0,-1.594723542777768,180,170,180,180,180,180,180
12.709119319915771,0.03267317774350561,9.467163550497965,0.2617993877991417,0.0,-1.594723542777768,180,170,180,180,180,180,180
12.719308853149414,0.03267317774350561,9.467163550497965,0.2617993877991417,0.0,-1.594723542777768,170,170,180,170,180,180,180
12.729896068572998,0.03288710600731828,9.458263914828647,0.2617993877991417,0.0,-1.5947430352996421,170,170,180,170,180,180,180
12.745803356170654,0.03288710600731828,9.458263914828647,0.2617993877991417,0.0,-1.5947430352996421,170,170,180,170,180,180,180
12.75602102279663,0.03288710600731828,9.458263914828647,0.2617993877991417,0.0,-1.5947430352996421,170,170,180,170,180,180,180
12.766241073608398,0.03309503136869235,9.449615546280363,0.2617993877991417,0.0,-1.5947621139790065,180,180,180,170,180,180,180
12.776447296142578,0.03309503136869235,9.449615546280363,0.2617993877991417,0.0,-1.5947621139790065,180,180,180,170,180,180,180
12.786647081375122,0.03309503136869235,9.449615546280363,0.2617993877991417,0.0,-1.5947621139790065,180,180,180,170,180,180,180
12.798436164855957,0.03330313593655567,9.44095636067355,0.2617993877991417,0.0,-1.5947853014334215,180,180,180,170,180,180,180
12.80866289138794,0.03330313593655567,9.44095636067355,0.2617993877991417,0.0,-1.5947853014334215,180,180,180,170,180,180,180
12.818853378295898,0.03330313593655567,9.44095636067355,0.2617993877991417,0.0,-1.5947853014334215,210,180,180,170,180,180,180
12.829065084457397,0.03351735298774951,9.43202500337924,0.2617993877991417,0.0,-1.5948055109075614,210,180,180,170,180,180,180
12.845671892166138,0.03351735298774951,9.43202500337924,0.2617993877991417,0.0,-1.5948055109075614,210,180,180,170,180,180,180
12.85672664642334,0.03351735298774951,9.43202500337924,0.2617993877991417,0.0,-1.5948055109075614,210,180,180,170,180,180,180
12.866912603378296,0.03372469301517805,9.423352624134026,0.2617993877991417,0.0,-1.5948049761262708,210,180,180,170,180,180,180
12.877096891403198,0.03372469301517805,9.423352624134026,0.2617993877991417,0.0,-1.5948049761262708,180,170,180,180,180,180,170
12.887349843978882,0.03372469301517805,9.423352624134026,0.2617993877991417,0.0,-1.5948049761262708,180,170,180,180,180,180,170
12.898754596710205,0.03392721056157098,9.414689405930467,0.2617993877991417,0.0,-1.59481681693731,180,170,180,180,180,180,170
12.908949613571167,0.03392721056157098,9.414689405930467,0.2617993877991417,0.0,-1.59481681693731,180,170,180,180,180,180,170
12.919312238693237,0.03392721056157098,9.414689405930467,0.2617993877991417,0.0,-1.59481681693731,180,170,180,180,180,180,170
12.929645776748657,0.03413664846401249,9.40578393354356,0.2617993877991417,0.0,-1.5949901706182281,220,170,180,180,180,190,170
12.946923732757568,0.03413664846401249,9.40578393354356,0.2617993877991417,0.0,-1.5949901706182281,220,170,180,180,180,190,170
12.957310438156128,0.03435129807438098,9.397207892912235,0.2617993877991417,0.0,-1.5951305056194056,220,170,180,180,180,190,170
12.967513084411621,0.03435129807438098,9.397207892912235,0.2617993877991417,0.0,-1.5951305056194056,220,170,180,180,180,190,170
12.977730512619019,0.03435129807438098,9.397207892912235,0.2617993877991417,0.0,-1.5951305056194056,220,170,180,180,190,190,180
12.987929582595825,0.03435129807438098,9.397207892912235,0.2617993877991417,0.0,-1.5951305056194056,220,170,180,180,190,190,180
13.003840684890747,0.034561993137917454,9.388603149257921,0.2617993877991417,0.0,-1.5951413954444928,220,170,180,180,190,190,180
13.014048099517822,0.034561993137917454,9.388603149257921,0.2617993877991417,0.0,-1.5951413954444928,220,170,180,180,190,190,180
13.024329423904419,0.034561993137917454,9.388603149257921,0.2617993877991417,0.0,-1.5951413954444928,220,170,180,180,190,190,180
13.034552097320557,0.03477889038429421,9.379735078145421,0.2617993877991417,0.0,-1.59517610649696,190,180,180,180,190,190,180
13.048921823501587,0.03477889038429421,9.379735078145421,0.2617993877991417,0.0,-1.59517610649696,190,180,180,180,190,190,180
13.059556484222412,0.034990168374846316,9.371116548824052,0.2617993877991417,0.0,-1.5951987205196072,190,180,180,180,190,190,180
13.069776773452759,0.034990168374846316,9.371116548824052,0.2617993877991417,0.0,-1.5951987205196072,190,180,180,180,190,190,180
13.079986333847046,0.034990168374846316,9.371116548824052,0.2617993877991417,0.0,-1.5951987205196072,180,180,180,180,180,190,180
13.098926544189453,0.035201751344356366,9.362487714898702,0.2617993877991417,0.0,-1.5952191442015333,180,180,180,180,180,190,180
13.109141111373901,0.035201751344356366,9.362487714898702,0.2617993877991417,0.0,-1.5952191442015333,180,180,180,180,180,190,180
13.119349956512451,0.035201751344356366,9.362487714898702,0.2617993877991417,0.0,-1.5952191442015333,180,180,180,180,190,190,180
13.129557609558105,0.0354201125930979,9.353586967896145,0.2617993877991417,0.0,-1.5952385708961443,180,180,180,180,190,190,180
13.139822721481323,0.0354201125930979,9.353586967896145,0.2617993877991417,0.0,-1.5952385708961443,180,180,180,180,190,190,180
13.150040626525879,0.0354201125930979,9.353586967896145,0.2617993877991417,0.0,-1.5952385708961443,180,180,180,180,190,190,180
13.16024374961853,0.035632329457373,9.344937426392015,0.2617993877991417,0.0,-1.5952582176056433,180,180,180,180,190,190,180
13.170453310012817,0.035632329457373,9.344937426392015,0.2617993877991417,0.0,-1.5952582176056433,180,180,180,180,190,190,180
13.180648803710938,0.035632329457373,9.344937426392015,0.2617993877991417,0.0,-1.5952582176056433,180,180,180,180,180,180,180
13.19913625717163,0.03584472396772626,9.336277141883983,0.2617993877991417,0.0,-1.5952817620964423,180,180,180,180,180,180,180
13.209349632263184,0.03584472396772626,9.336277141883983,0.2617993877991417,0.0,-1.5952817620964423,180,180,180,180,180,180,180
13.219560384750366,0.03584472396772626,9.336277141883983,0.2617993877991417,0.0,-1.5952817620964423,180,180,180,180,180,180,180
13.229785919189453,0.0360632936395271,9.327344926151984,0.2617993877991417,0.0,-1.5953003984551208,180,180,180,180,180,180,180
13.246464252471924,0.0360632936395271,9.327344926151984,0.2617993877991417,0.0,-1.5953003984551208,180,180,180,180,180,180,180
13.25665807723999,0.0360632936395271,9.327344926151984,0.2617993877991417,0.0,-1.5953003984551208,180,180,180,180,180,180,180
13.266857862472534,0.03627470009676527,9.318673254109857,0.2617993877991417,0.0,-1.5952972837331487,180,180,180,180,180,180,180
13.277084350585938,0.03627470009676527,9.318673254109857,0.2617993877991417,0.0,-1.5952972837331487,180,170,180,180,180,180,170
13.287287950515747,0.03627470009676527,9.318673254109857,0.2617993877991417,0.0,-1.5952972837331487,180,170,180,180,180,180,170
13.297507524490356,0.03648072989828675,9.31001139691951,0.2617993877991417,0.0,-1.5953192622895267,180,170,180,180,180,180,170
13.307695388793945,0.03648072989828675,9.31001139691951,0.2617993877991417,0.0,-1.5953192622895267,180,170,180,180,180,180,170
13.317927598953247,0.03648072989828675,9.31001139691951,0.2617993877991417,0.0,-1.5953192622895267,180,170,180,180,180,180,170
13.328145980834961,0.03669717406744077,9.301113781070036,0.2617993877991417,0.0,-1.5955069177642058,180,170,180,180,180,180,170
13.338333129882812,0.03669717406744077,9.301113781070036,0.2617993877991417,0.0,-1.5955069177642058,180,170,180,180,180,180,170
13.34904408454895,0.03669717406744077,9.301113781070036,0.2617993877991417,0.0,-1.5955069177642058,180,170,180,180,180,180,170
13.359236478805542,0.036914817176477224,9.29253546940491,0.2617993877991417,0.0,-1.5956149389536007,180,170,180,180,180,180,170
13.369417905807495,0.036914817176477224,9.29253546940491,0.2617993877991417,0.0,-1.5956149389536007,180,170,180,180,180,180,170
13.37961196899414,0.036914817176477224,9.29253546940491,0.2617993877991417,0.0,-1.5956149389536007,180,170,180,180,190,180,170
13.389827251434326,0.036914817176477224,9.29253546940491,0.2617993877991417,0.0,-1.5956149389536007,180,170,180,180,190,180,170
13.401002883911133,0.037129669657475745,9.283931740323197,0.2617993877991417,0.0,-1.59563544412009,180,170,180,180,190,180,170
13.41123914718628,0.037129669657475745,9.283931740323197,0.2617993877991417,0.0,-1.59563544412009,180,170,180,180,190,180,170
13.421433448791504,0.037129669657475745,9.283931740323197,0.2617993877991417,0.0,-1.59563544412009,180,170,180,180,180,180,170
13.43161654472351,0.03735106586647345,9.275062556636087,0.2617993877991417,0.0,-1.5956692322666337,180,170,180,180,180,180,170
13.446856021881104,0.03735106586647345,9.275062556636087,0.2617993877991417,0.0,-1.5956692322666337,180,170,180,180,180,180,170
13.457091569900513,0.03735106586647345,9.275062556636087,0.2617993877991417,0.0,-1.5956692322666337,180,170,180,180,180,180,170
13.467297315597534,0.03756660305690313,9.266442733611768,0.2617993877991417,0.0,-1.5956916626246214,190,180,180,180,180,190,180
13.477742910385132,0.03756660305690313,9.266442733611768,0.2617993877991417,0.0,-1.5956916626246214,190,180,180,180,180,190,180
13.48791790008545,0.03756660305690313,9.266442733611768,0.2617993877991417,0.0,-1.5956916626246214,190,180,180,180,180,190,180
13.498149871826172,0.037782456285025155,9.257812801088711,0.2617993877991417,0.0,-1.5957121006004447,190,180,180,180,180,190,180
13.508365869522095,0.037782456285025155,9.257812801088711,0.2617993877991417,0.0,-1.5957121006004447,190,180,180,180,180,190,180
13.518558979034424,0.037782456285025155,9.257812801088711,0.2617993877991417,0.0,-1.5957121006004447,180,180,180,180,190,190,180
13.52877163887024,0.03800522961800784,9.248910879030966,0.2617993877991417,0.0,-1.5957314847248136,180,180,180,180,190,190,180
13.54650068283081,0.03800522961800784,9.248910879030966,0.2617993877991417,0.0,-1.5957314847248136,180,180,180,180,190,190,180
13.556784629821777,0.03800522961800784,9.248910879030966,0.2617993877991417,0.0,-1.5957314847248136,180,180,180,180,190,190,180
13.566997289657593,0.03822171563928951,9.240260085947487,0.2617993877991417,0.0,-1.595751850984979,180,180,180,180,190,190,180
13.577250719070435,0.03822171563928951,9.240260085947487,0.2617993877991417,0.0,-1.595751850984979,180,180,180,180,190,190,180
13.587550640106201,0.03822171563928951,9.240260085947487,0.2617993877991417,0.0,-1.595751850984979,180,180,180,180,190,190,180
13.597823858261108,0.038438376867706826,9.23159866821476,0.2617993877991417,0.0,-1.5957756788477067,180,180,180,180,190,190,180
13.608847618103027,0.038438376867706826,9.23159866821476,0.2617993877991417,0.0,-1.5957756788477067,180,180,180,180,190,190,180
13.619079828262329,0.038438376867706826,9.23159866821476,0.2617993877991417,0.0,-1.5957756788477067,180,180,180,180,190,190,180
13.629553318023682,0.03866127022899036,9.222665625027359,0.2617993877991417,0.0,-1.5957924923971563,180,180,170,180,180,180,170
13.646371126174927,0.03866127022899036,9.222665625027359,0.2617993877991417,0.0,-1.5957924923971563,180,180,170,180,180,180,170
13.656585693359375,0.03866127022899036,9.222665625027359,0.2617993877991417,0.0,-1.5957924923971563,180,180,170,180,180,180,170
13.666787385940552,0.03887665054046223,9.213994871430865,0.2617993877991417,0.0,-1.5957870770064864,180,180,170,180,180,180,170
13.67700982093811,0.03887665054046223,9.213994871430865,0.2617993877991417,0.0,-1.5957870770064864,180,180,170,180,180,180,170
13.6871976852417,0.03887665054046223,9.213994871430865,0.2617993877991417,0.0,-1.5957870770064864,180,180,170,180,180,180,170
13.697439908981323,0.03908631167461812,9.205334308808919,0.2617993877991417,0.0,-1.5958223139728624,180,180,170,180,180,180,170
13.707631826400757,0.03908631167461812,9.205334308808919,0.2617993877991417,0.0,-1.5958223139728624,180,180,170,180,180,180,170
13.717848539352417,0.03908631167461812,9.205334308808919,0.2617993877991417,0.0,-1.5958223139728624,180,170,170,180,180,180,170
13.728095054626465,0.039309914084835855,9.196446646870342,0.2617993877991417,0.0,-1.5960174810930108,180,170,170,180,180,180,170
13.747007846832275,0.039309914084835855,9.196446646870342,0.2617993877991417,0.0,-1.5960174810930108,180,170,170,180,180,180,170
13.757260799407959,0.039309914084835855,9.196446646870342,0.2617993877991417,0.0,-1.5960174810930108,180,170,170,180,180,180,170
13.76746153831482,0.03953069208717262,9.187864726749064,0.2617993877991417,0.0,-1.5961039106186454,180,170,170,180,180,170,170
13.77776288986206,0.03953069208717262,9.187864726749064,0.2617993877991417,0.0,-1.5961039106186454,180,170,170,180,180,170,170
13.787963628768921,0.03953069208717262,9.187864726749064,0.2617993877991417,0.0,-1.5961039106186454,180,170,170,180,180,170,170
13.79820990562439,0.039749319707900056,9.179262212719244,0.2617993877991417,0.0,-1.596135130581855,180,170,170,180,180,170,170
13.808412313461304,0.039749319707900056,9.179262212719244,0.2617993877991417,0.0,-1.596135130581855,180,170,170,180,180,170,170
13.818670749664307,0.039749319707900056,9.179262212719244,0.2617993877991417,0.0,-1.596135130581855,180,170,170,180,180,170,170
13.828872919082642,0.03997523005388305,9.17039189668205,0.2617993877991417,0.0,-1.596167621411354,180,170,170,180,180,180,170
13.84762454032898,0.03997523005388305,9.17039189668205,0.2617993877991417,0.0,-1.596167621411354,180,170,170,180,180,180,170
13.857854127883911,0.03997523005388305,9.17039189668205,0.2617993877991417,0.0,-1.596167621411354,180,170,170,180,180,180,170
13.868068218231201,0.040195070609448796,9.16177089061672,0.2617993877991417,0.0,-1.5961898618089514,180,180,180,180,180,180,180
13.878323316574097,0.040195070609448796,9.16177089061672,0.2617993877991417,0.0,-1.5961898618089514,180,180,180,180,180,180,180
13.888511180877686,0.040195070609448796,9.16177089061672,0.2617993877991417,0.0,-1.5961898618089514,180,180,180,180,180,180,180
13.898740291595459,0.04041524299950321,9.15313990371244,0.2617993877991417,0.0,-1.5962102629732504,180,180,180,180,180,180,180
13.90895128250122,0.04041524299950321,9.15313990371244,0.2617993877991417,0.0,-1.5962102629732504,180,180,180,180,180,180,180
13.919198513031006,0.04041524299950321,9.15313990371244,0.2617993877991417,0.0,-1.5962102629732504,180,180,180,180,180,180,180
13.929417133331299,0.0406424740817064,9.144236872080446,0.2617993877991417,0.0,-1.5962295862564992,180,180,180,180,180,180,180
13.939609050750732,0.0406424740817064,9.144236872080446,0.2617993877991417,0.0,-1.5962295862564992,180,180,180,180,180,180,180
13.953238487243652,0.0406424740817064,9.144236872080446,0.2617993877991417,0.0,-1.5962295862564992,180,180,180,180,180,180,180
13.963497161865234,0.040863272590834505,9.135584887971639,0.2617993877991417,0.0,-1.5962506806162282,180,180,180,180,180,180,180
13.973677635192871,0.040863272590834505,9.135584887971639,0.2617993877991417,0.0,-1.5962506806162282,190,180,180,180,190,190,180
13.984029769897461,0.040863272590834505,9.135584887971639,0.2617993877991417,0.0,-1.5962506806162282,190,180,180,180,190,190,180
14.00306224822998,0.04108423660712725,9.126922418188398,0.2617993877991417,0.0,-1.5962745526207827,190,180,180,180,190,190,180
14.013304710388184,0.04108423660712725,9.126922418188398,0.2617993877991417,0.0,-1.5962745526207827,190,180,180,180,190,190,180
14.02351713180542,0.04108423660712725,9.126922418188398,0.2617993877991417,0.0,-1.5962745526207827,190,180,180,180,190,190,180
14.033745050430298,0.04131150004932987,9.11798871228325,0.2617993877991417,0.0,-1.5962891358630364,190,180,180,180,190,190,180
14.051507234573364,0.04131150004932987,9.11798871228325,0.2617993877991417,0.0,-1.5962891358630364,190,180,180,180,190,190,180
14.061745405197144,0.04153077206137572,9.109319070144938,0.2617993877991417,0.0,-1.596282225198854,190,180,180,180,190,190,180
14.071936845779419,0.04153077206137572,9.109319070144938,0.2617993877991417,0.0,-1.596282225198854,190,180,180,180,180,190,180
14.082196474075317,0.04153077206137572,9.109319070144938,0.2617993877991417,0.0,-1.596282225198854,190,180,180,180,180,190,180
14.099733591079712,0.04153077206137572,9.109319070144938,0.2617993877991417,0.0,-1.596282225198854,190,180,180,180,180,190,180
14.110107898712158,0.0417443398654516,9.100659801598356,0.2617993877991417,0.0,-1.5963336139931719,190,180,180,180,180,190,180
14.120317697525024,0.0417443398654516,9.100659801598356,0.2617993877991417,0.0,-1.5963336139931719,180,180,180,180,180,180,180
14.13064694404602,0.04197479768854397,9.091783670753738,0.2617993877991417,0.0,-1.5965303569185942,180,180,180,180,180,180,180
14.150530815124512,0.04197479768854397,9.091783670753738,0.2617993877991417,0.0,-1.5965303569185942,180,180,180,180,180,180,180
14.160834789276123,0.0421987699751959,9.08319526950731,0.2617993877991417,0.0,-1.5965914989007182,180,180,180,180,180,180,180
14.17103099822998,0.0421987699751959,9.08319526950731,0.2617993877991417,0.0,-1.5965914989007182,180,180,180,180,180,180,180
14.181278467178345,0.0421987699751959,9.08319526950731,0.2617993877991417,0.0,-1.5965914989007182,180,180,180,180,180,180,180
14.198917150497437,0.04242127876252229,9.074593467425718,0.2617993877991417,0.0,-1.596629744719797,180,180,180,180,180,180,180
14.209168434143066,0.04242127876252229,9.074593467425718,0.2617993877991417,0.0,-1.596629744719797,180,180,180,180,180,180,180
14.219396352767944,0.04242127876252229,9.074593467425718,0.2617993877991417,0.0,-1.596629744719797,180,180,180,180,190,180,180
14.229623079299927,0.042651645862967345,9.065721903957913,0.2617993877991417,0.0,-1.5966608710690726,180,180,180,180,190,180,180
14.239823818206787,0.042651645862967345,9.065721903957913,0.2617993877991417,0.0,-1.5966608710690726,180,180,180,180,190,180,180
14.251671075820923,0.042651645862967345,9.065721903957913,0.2617993877991417,0.0,-1.5966608710690726,180,180,180,180,190,180,180
14.26189374923706,0.042875761224386195,9.057099687926062,0.2617993877991417,0.0,-1.5966828891432026,180,180,180,180,190,180,180
14.272165060043335,0.042875761224386195,9.057099687926062,0.2617993877991417,0.0,-1.5966828891432026,180,180,180,180,190,180,180
14.282390832901001,0.042875761224386195,9.057099687926062,0.2617993877991417,0.0,-1.5966828891432026,190,180,180,180,190,180,180
14.2959566116333,0.04310021389562005,9.048467577980446,0.2617993877991417,0.0,-1.5967032675177777,190,180,180,180,190,180,180
14.30614972114563,0.04310021389562005,9.048467577980446,0.2617993877991417,0.0,-1.5967032675177777,190,180,180,180,190,180,180
14.316378116607666,0.04310021389562005,9.048467577980446,0.2617993877991417,0.0,-1.5967032675177777,190,180,180,190,190,190,180
14.326621770858765,0.043331856424138504,9.039563359621432,0.2617993877991417,0.0,-1.59672265214757,190,180,180,190,190,190,180
14.336838722229004,0.043331856424138504,9.039563359621432,0.2617993877991417,0.0,-1.59672265214757,190,180,180,190,190,190,180
14.348312616348267,0.043331856424138504,9.039563359621432,0.2617993877991417,0.0,-1.59672265214757,190,180,180,190,190,190,180
14.35851502418518,0.043556925164937046,9.030910121617733,0.2617993877991417,0.0,-1.5967445239222913,190,180,180,190,190,190,180
14.368707180023193,0.043556925164937046,9.030910121617733,0.2617993877991417,0.0,-1.5967445239222913,180,180,180,180,180,180,180
14.378957509994507,0.043556925164937046,9.030910121617733,0.2617993877991417,0.0,-1.5967445239222913,180,180,180,180,180,180,180
14.395767211914062,0.04378213298761678,9.022246575728706,0.2617993877991417,0.0,-1.5967683012506881,180,180,180,180,180,180,180
14.405950784683228,0.04378213298761678,9.022246575728706,0.2617993877991417,0.0,-1.5967683012506881,180,180,180,180,180,180,180
14.416131496429443,0.04378213298761678,9.022246575728706,0.2617993877991417,0.0,-1.5967683012506881,190,180,180,180,190,190,180
14.426318407058716,0.044013728224682566,9.01331231336618,0.2617993877991417,0.0,-1.5967801419745493,190,180,180,180,190,190,180
14.43650221824646,0.044013728224682566,9.01331231336618,0.2617993877991417,0.0,-1.5967801419745493,190,180,180,180,190,190,180
14.448029041290283,0.044013728224682566,9.01331231336618,0.2617993877991417,0.0,-1.5967801419745493,190,180,180,180,190,190,180
14.458271980285645,0.04423669727351255,9.004643912196373,0.2617993877991417,0.0,-1.5967729232006143,190,180,180,180,190,190,180
14.468446493148804,0.04423669727351255,9.004643912196373,0.2617993877991417,0.0,-1.5967729232006143,190,180,180,180,190,190,180
14.478648900985718,0.04423669727351255,9.004643912196373,0.2617993877991417,0.0,-1.5967729232006143,190,180,180,180,190,190,180
14.488853693008423,0.04423669727351255,9.004643912196373,0.2617993877991417,0.0,-1.5967729232006143,190,180,180,180,190,190,180
14.499045372009277,0.04445424437456185,8.995986032010492,0.2617993877991417,0.0,-1.5968430796108977,190,180,180,180,190,190,180
14.509248971939087,0.04445424437456185,8.995986032010492,0.2617993877991417,0.0,-1.5968430796108977,190,180,180,180,190,190,180
14.519454956054688,0.04445424437456185,8.995986032010492,0.2617993877991417,0.0,-1.5968430796108977,190,190,180,190,190,190,180
14.530173301696777,0.04469109794977956,8.987121898387581,0.2617993877991417,0.0,-1.5970383667664174,190,190,180,190,190,190,180
14.5473051071167,0.04469109794977956,8.987121898387581,0.2617993877991417,0.0,-1.5970383667664174,190,190,180,190,190,190,180
14.557507514953613,0.04469109794977956,8.987121898387581,0.2617993877991417,0.0,-1.5970383667664174,190,190,180,190,190,190,180
14.567687034606934,0.04491843445104493,8.97852796005234,0.2617993877991417,0.0,-1.5970857876588587,190,190,180,190,190,190,180
14.577894687652588,0.04491843445104493,8.97852796005234,0.2617993877991417,0.0,-1.5970857876588587,190,190,180,190,190,190,180
14.595895767211914,0.04514509683498012,8.969925902114833,0.2617993877991417,0.0,-1.5971250405021424,190,190,180,190,190,190,180
14.606095314025879,0.04514509683498012,8.969925902114833,0.2617993877991417,0.0,-1.5971250405021424,190,190,180,190,190,190,180
14.616271018981934,0.04514509683498012,8.969925902114833,0.2617993877991417,0.0,-1.5971250405021424,190,180,180,180,180,190,180
14.626482486724854,0.04537991397124458,8.961053113511033,0.2617993877991417,0.0,-1.5971552427818856,190,180,180,180,180,190,180
14.636678218841553,0.04537991397124458,8.961053113511033,0.2617993877991417,0.0,-1.5971552427818856,190,180,180,180,180,190,180
14.647642612457275,0.04537991397124458,8.961053113511033,0.2617993877991417,0.0,-1.5971552427818856,190,180,180,180,180,190,180
14.657819032669067,0.04537991397124458,8.961053113511033,0.2617993877991417,0.0,-1.5971552427818856,190,180,180,180,180,190,180
14.667997121810913,0.04560831710971042,8.952429780649858,0.2617993877991417,0.0,-1.5971771044155156,190,180,180,180,180,190,180
14.678228855133057,0.04560831710971042,8.952429780649858,0.2617993877991417,0.0,-1.5971771044155156,190,180,180,180,180,190,180
14.695829391479492,0.045837060522602856,8.943796606758829,0.2617993877991417,0.0,-1.5971974326355607,190,180,180,180,180,190,180
14.706029415130615,0.045837060522602856,8.943796606758829,0.2617993877991417,0.0,-1.5971974326355607,190,180,180,180,180,190,180
14.71619963645935,0.045837060522602856,8.943796606758829,0.2617993877991417,0.0,-1.5971974326355607,190,180,180,180,180,190,180
14.726398468017578,0.04607312016621449,8.934891254823672,0.2617993877991417,0.0,-1.597216967752746,190,180,180,180,180,190,180
14.736587762832642,0.04607312016621449,8.934891254823672,0.2617993877991417,0.0,-1.597216967752746,190,180,180,180,180,190,180
14.747588872909546,0.04607312016621449,8.934891254823672,0.2617993877991417,0.0,-1.597216967752746,190,180,180,180,180,190,180
14.757812976837158,0.04607312016621449,8.934891254823672,0.2617993877991417,0.0,-1.597216967752746,190,180,180,180,180,190,180
14.768008947372437,0.046302471378353416,8.926236849363974,0.2617993877991417,0.0,-1.5972394539885277,190,180,180,180,180,190,180
14.778255701065063,0.046302471378353416,8.926236849363974,0.2617993877991417,0.0,-1.5972394539885277,190,180,180,180,180,190,180
14.79581093788147,0.046531914133905755,8.917572328701791,0.2617993877991417,0.0,-1.5972629062778967,190,180,180,180,180,190,180
14.806070566177368,0.046531914133905755,8.917572328701791,0.2617993877991417,0.0,-1.5972629062778967,190,180,180,180,180,190,180
14.816338777542114,0.046531914133905755,8.917572328701791,0.2617993877991417,0.0,-1.5972629062778967,190,180,180,180,180,190,180
14.826548099517822,0.046531914133905755,8.917572328701791,0.2617993877991417,0.0,-1.5972629062778967,190,180,180,190,190,190,180
14.836744546890259,0.04676786154367972,8.908637722529146,0.2617993877991417,0.0,-1.5972715907029613,190,180,180,190,190,190,180
14.849934577941895,0.04676786154367972,8.908637722529146,0.2617993877991417,0.0,-1.5972715907029613,190,180,180,190,190,190,180
14.860174179077148,0.04699439652313101,8.8999706784371,0.2617993877991417,0.0,-1.597265295824944,190,180,180,190,190,190,180
14.87035846710205,0.04699439652313101,8.8999706784371,0.2617993877991417,0.0,-1.597265295824944,200,190,190,190,190,190,180
14.88056993484497,0.04699439652313101,8.8999706784371,0.2617993877991417,0.0,-1.597265295824944,200,190,190,190,190,190,180
14.89404821395874,0.04699439652313101,8.8999706784371,0.2617993877991417,0.0,-1.597265295824944,200,190,190,190,190,190,180
14.904389381408691,0.04721616302848771,8.891314484595009,0.2617993877991417,0.0,-1.5973560399939404,200,190,190,190,190,190,180
14.914594173431396,0.04721616302848771,8.891314484595009,0.2617993877991417,0.0,-1.5973560399939404,190,190,190,190,190,190,180
14.924813270568848,0.04721616302848771,8.891314484595009,0.2617993877991417,0.0,-1.5973560399939404,190,190,190,190,190,190,180
14.934990644454956,0.04745870233469995,8.882461352343098,0.2617993877991417,0.0,-1.5975478918044355,190,190,190,190,190,190,180
14.9465651512146,0.04745870233469995,8.882461352343098,0.2617993877991417,0.0,-1.5975478918044355,190,190,190,190,190,190,180
14.956759452819824,0.04745870233469995,8.882461352343098,0.2617993877991417,0.0,-1.5975478918044355,190,190,190,190,190,190,180
14.967078685760498,0.04768985537848173,8.873862746373641,0.2617993877991417,0.0,-1.597582314628073,190,190,190,190,190,190,180
14.977429628372192,0.04768985537848173,8.873862746373641,0.2617993877991417,0.0,-1.597582314628073,200,190,190,190,190,190,180
14.995573043823242,0.047920877290093124,8.865259845674966,0.2617993877991417,0.0,-1.597620736695722,200,190,190,190,190,190,180
15.00585389137268,0.047920877290093124,8.865259845674966,0.2617993877991417,0.0,-1.597620736695722,200,190,190,190,190,190,180
15.016039371490479,0.047920877290093124,8.865259845674966,0.2617993877991417,0.0,-1.597620736695722,200,190,190,190,190,190,180
15.026287317276001,0.04816015070291928,8.856385726289933,0.2617993877991417,0.0,-1.5976500138845438,210,190,200,190,190,190,180
15.036514043807983,0.04816015070291928,8.856385726289933,0.2617993877991417,0.0,-1.5976500138845438,210,190,200,190,190,190,180
15.05060601234436,0.04816015070291928,8.856385726289933,0.2617993877991417,0.0,-1.5976500138845438,210,190,200,190,190,190,180
15.06082534790039,0.048392846968249095,8.8477612529419,0.2617993877991417,0.0,-1.597671801988853,210,190,200,190,190,190,180
15.071012735366821,0.048392846968249095,8.8477612529419,0.2617993877991417,0.0,-1.597671801988853,190,200,190,190,190,190,180
15.081252574920654,0.048392846968249095,8.8477612529419,0.2617993877991417,0.0,-1.597671801988853,190,200,190,190,190,190,180
15.095709323883057,0.048392846968249095,8.8477612529419,0.2617993877991417,0.0,-1.597671801988853,190,200,190,190,190,190,180
15.10590147972107,0.04862588863311833,8.839126954043522,0.2617993877991417,0.0,-1.5976921163237354,190,200,190,190,190,190,180
15.116077661514282,0.04862588863311833,8.839126954043522,0.2617993877991417,0.0,-1.5976921163237354,200,200,190,190,190,190,180
15.126287460327148,0.04886636843865429,8.830220392635756,0.2617993877991417,0.0,-1.5977119300706564,200,200,190,190,190,190,180
15.136513471603394,0.04886636843865429,8.830220392635756,0.2617993877991417,0.0,-1.5977119300706564,200,200,190,190,190,190,180
15.148521661758423,0.04886636843865429,8.830220392635756,0.2617993877991417,0.0,-1.5977119300706564,200,200,190,190,190,190,180
15.158742427825928,0.04910001004433133,8.8215647825146,0.2617993877991417,0.0,-1.5977349722263543,200,200,190,190,190,190,180
15.168918132781982,0.04910001004433133,8.8215647825146,0.2617993877991417,0.0,-1.5977349722263543,200,200,200,190,190,190,180
15.179097652435303,0.04910001004433133,8.8215647825146,0.2617993877991417,0.0,-1.5977349722263543,200,200,200,190,190,190,180
15.19633150100708,0.049333674727203194,8.81289928554665,0.2617993877991417,0.0,-1.597757820874138,200,200,200,190,190,190,180
15.206546783447266,0.049333674727203194,8.81289928554665,0.2617993877991417,0.0,-1.597757820874138,200,200,200,190,190,190,180
15.216721534729004,0.049333674727203194,8.81289928554665,0.2617993877991417,0.0,-1.597757820874138,190,190,190,190,190,190,180
15.226941585540771,0.049573982704203656,8.803964508881194,0.2617993877991417,0.0,-1.5977631138095711,190,190,190,190,190,190,180
15.237147331237793,0.049573982704203656,8.803964508881194,0.2617993877991417,0.0,-1.5977631138095711,190,190,190,190,190,190,180
15.247390985488892,0.049573982704203656,8.803964508881194,0.2617993877991417,0.0,-1.5977631138095711,190,190,190,190,190,190,180
15.257576704025269,0.049573982704203656,8.803964508881194,0.2617993877991417,0.0,-1.5977631138095711,190,190,190,190,190,190,180
15.267817735671997,0.0498039916768947,8.795298883337605,0.2617993877991417,0.0,-1.5977591492028411,200,190,190,180,190,190,180
15.278142929077148,0.0498039916768947,8.795298883337605,0.2617993877991417,0.0,-1.5977591492028411,200,190,190,180,190,190,180
15.28833532333374,0.0498039916768947,8.795298883337605,0.2617993877991417,0.0,-1.5977591492028411,200,190,190,180,190,190,180
15.298567533493042,0.05003025448685569,8.78664498862656,0.2617993877991417,0.0,-1.5978710957180509,200,190,190,180,190,190,180
15.308759689331055,0.05003025448685569,8.78664498862656,0.2617993877991417,0.0,-1.5978710957180509,200,190,190,180,190,190,180
15.31894040107727,0.05003025448685569,8.78664498862656,0.2617993877991417,0.0,-1.5978710957180509,200,190,190,180,190,190,180
15.329297065734863,0.05027773456196768,8.777800580739184,0.2617993877991417,0.0,-1.598056090870418,190,190,200,190,190,190,180
15.339598655700684,0.05027773456196768,8.777800580739184,0.2617993877991417,0.0,-1.598056090870418,190,190,200,190,190,190,180
15.349823474884033,0.05027773456196768,8.777800580739184,0.2617993877991417,0.0,-1.598056090870418,190,190,200,190,190,190,180
15.360034704208374,0.05051321702977398,8.769198321831594,0.2617993877991417,0.0,-1.5980749103174008,190,190,200,190,190,190,180
15.370247840881348,0.05051321702977398,8.769198321831594,0.2617993877991417,0.0,-1.5980749103174008,200,200,200,190,190,190,190
15.38044261932373,0.05051321702977398,8.769198321831594,0.2617993877991417,0.0,-1.5980749103174008,200,200,200,190,190,190,190
15.395947933197021,0.05074861596836393,8.760594422465662,0.2617993877991417,0.0,-1.5981127534250341,200,200,200,190,190,190,190
15.406204223632812,0.05074861596836393,8.760594422465662,0.2617993877991417,0.0,-1.5981127534250341,200,200,200,190,190,190,190
15.416396379470825,0.05074861596836393,8.760594422465662,0.2617993877991417,0.0,-1.5981127534250341,200,200,200,190,190,190,190
15.426618814468384,0.05099231369454216,8.75171901109556,0.2617993877991417,0.0,-1.5981414367385005,190,190,200,190,190,190,180
15.436824321746826,0.05099231369454216,8.75171901109556,0.2617993877991417,0.0,-1.5981414367385005,190,190,200,190,190,190,180
15.447976350784302,0.05099231369454216,8.75171901109556,0.2617993877991417,0.0,-1.5981414367385005,190,190,200,190,190,190,180
15.458234310150146,0.051229267062841775,8.743093489018893,0.2617993877991417,0.0,-1.5981630904738013,190,190,200,190,190,190,180
15.468441247940063,0.051229267062841775,8.743093489018893,0.2617993877991417,0.0,-1.5981630904738013,190,190,190,190,190,190,180
15.478643894195557,0.051229267062841775,8.743093489018893,0.2617993877991417,0.0,-1.5981630904738013,190,190,190,190,190,190,180
15.496368169784546,0.051229267062841775,8.743093489018893,0.2617993877991417,0.0,-1.5981630904738013,190,190,190,190,190,190,180
15.506699562072754,0.0514665764293515,8.73445812731591,0.2617993877991417,0.0,-1.59818336260348,190,190,190,190,190,190,180
15.516871929168701,0.0514665764293515,8.73445812731591,0.2617993877991417,0.0,-1.59818336260348,190,190,190,190,190,190,180
15.527063608169556,0.05171144399142842,8.725550414405735,0.2617993877991417,0.0,-1.5982034814612214,190,190,190,190,200,190,180
15.537288188934326,0.05171144399142842,8.725550414405735,0.2617993877991417,0.0,-1.5982034814612214,190,190,190,190,200,190,180
15.548364877700806,0.05171144399142842,8.725550414405735,0.2617993877991417,0.0,-1.5982034814612214,190,190,190,190,200,190,180
15.558568000793457,0.051949345184120935,8.71689368672913,0.2617993877991417,0.0,-1.5982269285599329,190,190,190,190,200,190,180
15.5687894821167,0.051949345184120935,8.71689368672913,0.2617993877991417,0.0,-1.5982269285599329,190,190,190,190,200,190,180
15.578994989395142,0.051949345184120935,8.71689368672913,0.2617993877991417,0.0,-1.5982269285599329,180,190,190,190,190,190,180
15.596656084060669,0.051949345184120935,8.71689368672913,0.2617993877991417,0.0,-1.5982269285599329,180,190,190,190,190,190,180
15.607025146484375,0.052187195672901254,8.70822728356463,0.2617993877991417,0.0,-1.598248672862347,180,190,190,190,190,190,180
15.6172776222229,0.052187195672901254,8.70822728356463,0.2617993877991417,0.0,-1.598248672862347,180,190,190,190,190,190,180
15.627536296844482,0.05243179145087117,8.699292617151492,0.2617993877991417,0.0,-1.5982507479497488,190,190,190,190,190,190,180
15.64477801322937,0.05243179145087117,8.699292617151492,0.2617993877991417,0.0,-1.5982507479497488,190,190,190,190,190,190,180
15.655003786087036,0.05243179145087117,8.699292617151492,0.2617993877991417,0.0,-1.5982507479497488,190,190,190,190,190,190,180
15.665698289871216,0.05266521646776435,8.69062844266778,0.2617993877991417,0.0,-1.5982508204792198,190,190,190,190,190,190,180
15.676011085510254,0.05266521646776435,8.69062844266778,0.2617993877991417,0.0,-1.5982508204792198,190,190,190,190,190,190,180
15.68622088432312,0.05266521646776435,8.69062844266778,0.2617993877991417,0.0,-1.5982508204792198,190,190,190,190,190,190,180
15.700525283813477,0.05266521646776435,8.69062844266778,0.2617993877991417,0.0,-1.5982508204792198,190,190,190,190,190,190,180
15.710844039916992,0.05289627672805316,8.681977869499867,0.2617993877991417,0.0,-1.5983828072432484,190,190,190,190,190,190,180
15.721028327941895,0.05289627672805316,8.681977869499867,0.2617993877991417,0.0,-1.5983828072432484,190,190,190,190,190,190,180
15.731226921081543,0.053148260701413715,8.673139607026881,0.2617993877991417,0.0,-1.5985591642240011,190,190,190,190,190,190,180
15.752767562866211,0.053148260701413715,8.673139607026881,0.2617993877991417,0.0,-1.5985591642240011,190,190,190,190,190,190,180
15.763025283813477,0.05338814457884655,8.66453624471134,0.2617993877991417,0.0,-1.5985717705778246,190,190,190,190,190,190,180
15.77324891090393,0.05338814457884655,8.66453624471134,0.2617993877991417,0.0,-1.5985717705778246,180,180,190,190,190,190,180
15.783479690551758,0.05338814457884655,8.66453624471134,0.2617993877991417,0.0,-1.5985717705778246,180,180,190,190,190,190,180
15.796981811523438,0.05338814457884655,8.66453624471134,0.2617993877991417,0.0,-1.5985717705778246,180,180,190,190,190,190,180
15.807204723358154,0.053627969353554794,8.655931346458418,0.2617993877991417,0.0,-1.598609603149507,180,180,190,190,190,190,180
15.81740403175354,0.053627969353554794,8.655931346458418,0.2617993877991417,0.0,-1.598609603149507,180,180,190,190,190,190,180
15.827625036239624,0.0538761382162938,8.647054548045837,0.2617993877991417,0.0,-1.5986372449878679,190,180,190,190,190,190,180
15.845675468444824,0.0538761382162938,8.647054548045837,0.2617993877991417,0.0,-1.5986372449878679,190,180,190,190,190,190,180
15.855885028839111,0.0538761382162938,8.647054548045837,0.2617993877991417,0.0,-1.5986372449878679,190,180,190,190,190,190,180
15.866097211837769,0.05411738204496349,8.638427953190803,0.2617993877991417,0.0,-1.5986587898830051,190,180,190,190,190,190,180
15.87635850906372,0.05411738204496349,8.638427953190803,0.2617993877991417,0.0,-1.5986587898830051,180,180,190,190,190,180,180
15.886590957641602,0.05411738204496349,8.638427953190803,0.2617993877991417,0.0,-1.5986587898830051,180,180,190,190,190,180,180
15.898273229598999,0.05435899961365652,8.629791467590378,0.2617993877991417,0.0,-1.5986790234561048,180,180,190,190,190,180,180
15.908533573150635,0.05435899961365652,8.629791467590378,0.2617993877991417,0.0,-1.5986790234561048,180,180,190,190,190,180,180
15.918849468231201,0.05435899961365652,8.629791467590378,0.2617993877991417,0.0,-1.5986790234561048,180,180,190,190,190,180,180
15.929262638092041,0.05460829521032039,8.620882518087509,0.2617993877991417,0.0,-1.5986996147072063,180,180,190,190,190,180,180
15.946178436279297,0.05460829521032039,8.620882518087509,0.2617993877991417,0.0,-1.5986996147072063,180,180,190,190,190,180,180
15.956391096115112,0.05460829521032039,8.620882518087509,0.2617993877991417,0.0,-1.5986996147072063,180,180,190,190,190,180,180
15.966613292694092,0.05485049466701639,8.612224621741042,0.2617993877991417,0.0,-1.598723509620116,180,180,180,180,190,180,180
15.976807832717896,0.05485049466701639,8.612224621741042,0.2617993877991417,0.0,-1.598723509620116,180,180,180,180,190,180,180
15.987008094787598,0.05485049466701639,8.612224621741042,0.2617993877991417,0.0,-1.598723509620116,180,180,180,180,190,180,180
15.998531818389893,0.05509257220610721,8.603557286713109,0.2617993877991417,0.0,-1.59874390663554,180,180,180,180,190,180,180
16.00876522064209,0.05509257220610721,8.603557286713109,0.2617993877991417,0.0,-1.59874390663554,180,180,180,180,190,180,180
16.01896333694458,0.05509257220610721,8.603557286713109,0.2617993877991417,0.0,-1.59874390663554,190,190,190,190,190,190,180
16.029158353805542,0.055341430376769814,8.594622969351704,0.2617993877991417,0.0,-1.59874298776643,190,190,190,190,190,190,180
16.04726767539978,0.055341430376769814,8.594622969351704,0.2617993877991417,0.0,-1.59874298776643,190,190,190,190,190,190,180
16.057491779327393,0.055341430376769814,8.594622969351704,0.2617993877991417,0.0,-1.59874298776643,190,190,190,190,190,190,180
16.06771683692932,0.05557832926786996,8.585960213747736,0.2617993877991417,0.0,-1.5987494747306272,190,190,190,190,190,190,190
16.077914714813232,0.05557832926786996,8.585960213747736,0.2617993877991417,0.0,-1.5987494747306272,190,190,190,190,190,190,190
16.097379207611084,0.05557832926786996,8.585960213747736,0.2617993877991417,0.0,-1.5987494747306272,190,190,190,190,190,190,190
16.107709169387817,0.05581478465282542,8.577314434754603,0.2617993877991417,0.0,-1.5988987077043453,190,190,190,190,190,190,190
16.117908000946045,0.05581478465282542,8.577314434754603,0.2617993877991417,0.0,-1.5988987077043453,190,190,190,190,190,190,190
16.12812304496765,0.05607071598893234,8.568479441776207,0.2617993877991417,0.0,-1.5990598373216987,190,190,180,190,190,180,180
16.138299226760864,0.05607071598893234,8.568479441776207,0.2617993877991417,0.0,-1.5990598373216987,190,190,180,190,190,180,180
16.148548126220703,0.05607071598893234,8.568479441776207,0.2617993877991417,0.0,-1.5990598373216987,190,190,180,190,190,180,180
16.158750295639038,0.05631508336318723,8.559875708490175,0.2617993877991417,0.0,-1.5990706637851086,190,190,180,190,190,180,180
16.168975353240967,0.05631508336318723,8.559875708490175,0.2617993877991417,0.0,-1.5990706637851086,180,180,180,180,190,190,180
16.17917561531067,0.05631508336318723,8.559875708490175,0.2617993877991417,0.0,-1.5990706637851086,180,180,180,180,190,190,180
16.18949580192566,0.05631508336318723,8.559875708490175,0.2617993877991417,0.0,-1.5990706637851086,180,180,180,180,190,190,180
16.200790405273438,0.05655932542051161,8.55126987126643,0.2617993877991417,0.0,-1.599108673656579,180,180,180,180,190,190,180
16.211038827896118,0.05655932542051161,8.55126987126643,0.2617993877991417,0.0,-1.599108673656579,180,180,180,180,190,190,180
16.221253156661987,0.05655932542051161,8.55126987126643,0.2617993877991417,0.0,-1.599108673656579,180,180,180,180,190,190,180
16.231451511383057,0.05681197140639073,8.542391747643101,0.2617993877991417,0.0,-1.5991349609361338,180,180,180,180,190,190,180
16.24827742576599,0.05681197140639073,8.542391747643101,0.2617993877991417,0.0,-1.5991349609361338,180,180,180,180,190,190,180
16.25848388671875,0.05705752320005695,8.533764148117667,0.2617993877991417,0.0,-1.599156563239363,180,180,180,180,190,190,180
16.268704652786255,0.05705752320005695,8.533764148117667,0.2617993877991417,0.0,-1.599156563239363,180,180,180,180,190,190,180
16.27894687652588,0.05705752320005695,8.533764148117667,0.2617993877991417,0.0,-1.599156563239363,180,190,180,190,190,190,180
16.29882836341858,0.05705752320005695,8.533764148117667,0.2617993877991417,0.0,-1.599156563239363,180,190,180,190,190,190,180
16.30928325653076,0.05730346581594273,8.525126602778926,0.2617993877991417,0.0,-1.599176728237736,180,190,180,190,190,190,180
16.319501399993896,0.05730346581594273,8.525126602778926,0.2617993877991417,0.0,-1.599176728237736,180,190,180,190,190,190,180
16.329704999923706,0.05755720728961067,8.516216476030667,0.2617993877991417,0.0,-1.5991978126108815,180,190,190,190,190,190,180
16.33992338180542,0.05755720728961067,8.516216476030667,0.2617993877991417,0.0,-1.5991978126108815,180,190,190,190,190,190,180
16.350117206573486,0.05755720728961067,8.516216476030667,0.2617993877991417,0.0,-1.5991978126108815,180,190,190,190,190,190,180
16.36030411720276,0.057803719872042886,8.507557497756727,0.2617993877991417,0.0,-1.5992220223550537,180,190,190,190,190,190,180
16.3705313205719,0.057803719872042886,8.507557497756727,0.2617993877991417,0.0,-1.5992220223550537,180,190,190,190,190,190,180
16.38085913658142,0.057803719872042886,8.507557497756727,0.2617993877991417,0.0,-1.5992220223550537,190,190,190,190,190,190,180
16.399027824401855,0.057803719872042886,8.507557497756727,0.2617993877991417,0.0,-1.5992220223550537,190,190,190,190,190,190,180
16.409276247024536,0.05805004283052606,8.49888932365377,0.2617993877991417,0.0,-1.5992408155554017,190,190,190,190,190,190,180
16.41947913169861,0.05805004283052606,8.49888932365377,0.2617993877991417,0.0,-1.5992408155554017,180,190,180,190,190,190,180
16.429675102233887,0.05830311785162199,8.48995563918897,0.2617993877991417,0.0,-1.5992369686032564,180,190,180,190,190,190,180
16.44644546508789,0.05830311785162199,8.48995563918897,0.2617993877991417,0.0,-1.5992369686032564,180,190,180,190,190,190,180
16.456727504730225,0.05830311785162199,8.48995563918897,0.2617993877991417,0.0,-1.5992369686032564,180,190,180,190,190,190,180
16.46696162223816,0.058543539799943665,8.48129425615133,0.2617993877991417,0.0,-1.5992525507139301,190,190,180,190,190,190,180
16.477130889892578,0.058543539799943665,8.48129425615133,0.2617993877991417,0.0,-1.5992525507139301,190,190,180,190,190,190,180
16.48732876777649,0.058543539799943665,8.48129425615133,0.2617993877991417,0.0,-1.5992525507139301,190,190,180,190,190,190,180
16.4983012676239,0.05878623571106059,8.472655174512319,0.2617993877991417,0.0,-1.5994145244769524,190,190,180,190,190,190,180
16.5085289478302,0.05878623571106059,8.472655174512319,0.2617993877991417,0.0,-1.5994145244769524,190,190,180,190,190,190,180
16.51871418952942,0.05878623571106059,8.472655174512319,0.2617993877991417,0.0,-1.5994145244769524,180,190,180,190,190,190,180
16.528927326202393,0.059045524060493626,8.463819891340929,0.2617993877991417,0.0,-1.5995497296062977,180,190,180,190,190,190,180
16.539203643798828,0.059045524060493626,8.463819891340929,0.2617993877991417,0.0,-1.5995497296062977,180,190,180,190,190,190,180
16.549416542053223,0.059045524060493626,8.463819891340929,0.2617993877991417,0.0,-1.5995497296062977,180,190,180,190,190,190,180
16.559621810913086,0.059294295130395434,8.45521648392367,0.2617993877991417,0.0,-1.5995669419465173,180,190,180,190,190,190,180
16.569827556610107,0.059294295130395434,8.45521648392367,0.2617993877991417,0.0,-1.5995669419465173,180,190,180,190,190,190,180
16.580039262771606,0.059294295130395434,8.45521648392367,0.2617993877991417,0.0,-1.5995669419465173,180,190,180,190,190,190,180
16.59785032272339,0.059294295130395434,8.45521648392367,0.2617993877991417,0.0,-1.5995669419465173,180,190,180,190,190,190,180
16.60822319984436,0.059542936202358156,8.446609626711027,0.2617993877991417,0.0,-1.5996046510980906,180,190,180,190,190,190,180
16.618427753448486,0.059542936202358156,8.446609626711027,0.2617993877991417,0.0,-1.5996046510980906,180,190,180,190,190,190,180
16.628694534301758,0.0598000104421744,8.43773015859082,0.2617993877991417,0.0,-1.5996304748422387,180,190,180,190,190,190,180
16.63893747329712,0.0598000104421744,8.43773015859082,0.2617993877991417,0.0,-1.5996304748422387,180,190,180,190,190,190,180
16.64922785758972,0.0598000104421744,8.43773015859082,0.2617993877991417,0.0,-1.5996304748422387,180,190,180,190,190,190,180
16.659428358078003,0.06004985703597421,8.429101485267342,0.2617993877991417,0.0,-1.5996521949891733,180,190,180,190,190,190,180
16.669620513916016,0.06004985703597421,8.429101485267342,0.2617993877991417,0.0,-1.5996521949891733,180,180,180,180,180,190,180
16.67985248565674,0.06004985703597421,8.429101485267342,0.2617993877991417,0.0,-1.5996521949891733,180,180,180,180,180,190,180
16.69006323814392,0.06004985703597421,8.429101485267342,0.2617993877991417,0.0,-1.5996521949891733,180,180,180,180,180,190,180
16.700817823410034,0.06030010896289391,8.4204628195696,0.2617993877991417,0.0,-1.5996723194110434,180,180,180,180,180,190,180
16.7110595703125,0.06030010896289391,8.4204628195696,0.2617993877991417,0.0,-1.5996723194110434,180,180,180,180,180,190,180
16.72124409675598,0.06030010896289391,8.4204628195696,0.2617993877991417,0.0,-1.5996723194110434,180,180,180,180,180,190,180
16.731530904769897,0.06055827856601318,8.411551442260215,0.2617993877991417,0.0,-1.599694010986209,180,180,180,180,180,190,180
16.741745471954346,0.06055827856601318,8.411551442260215,0.2617993877991417,0.0,-1.599694010986209,180,180,180,180,180,190,180
16.751948595046997,0.06055827856601318,8.411551442260215,0.2617993877991417,0.0,-1.599694010986209,180,180,180,180,180,190,180
16.762147665023804,0.0608090854958684,8.402891354830288,0.2617993877991417,0.0,-1.5997184258786912,180,180,180,180,180,190,180
16.772369861602783,0.0608090854958684,8.402891354830288,0.2617993877991417,0.0,-1.5997184258786912,190,190,180,180,190,190,180
16.782570362091064,0.0608090854958684,8.402891354830288,0.2617993877991417,0.0,-1.5997184258786912,190,190,180,180,190,190,180
16.797585010528564,0.0608090854958684,8.402891354830288,0.2617993877991417,0.0,-1.5997184258786912,190,190,180,180,190,190,180
16.807974100112915,0.06105962835037366,8.394222359558967,0.2617993877991417,0.0,-1.5997353196703217,190,190,180,180,190,190,180
16.81815457344055,0.06105962835037366,8.394222359558967,0.2617993877991417,0.0,-1.5997353196703217,190,190,180,180,180,190,180
16.828373432159424,0.06131685010044444,8.385289535712616,0.2617993877991417,0.0,-1.5997286439365885,190,190,180,180,180,190,180
16.844314098358154,0.06131685010044444,8.385289535712616,0.2617993877991417,0.0,-1.5997286439365885,190,190,180,180,180,190,180
16.854523181915283,0.06131685010044444,8.385289535712616,0.2617993877991417,0.0,-1.5997286439365885,190,190,180,180,180,190,180
16.864712953567505,0.061560911216041375,8.376629453087128,0.2617993877991417,0.0,-1.599756277068995,190,190,180,180,180,190,180
16.874950885772705,0.061560911216041375,8.376629453087128,0.2617993877991417,0.0,-1.599756277068995,190,190,190,180,190,190,180
16.88514542579651,0.061560911216041375,8.376629453087128,0.2617993877991417,0.0,-1.599756277068995,190,190,190,180,190,190,180
16.89899969100952,0.061560911216041375,8.376629453087128,0.2617993877991417,0.0,-1.599756277068995,190,190,190,180,190,190,180
16.909358978271484,0.0618103484027226,8.367999193477424,0.2617993877991417,0.0,-1.5999255129128487,190,190,190,180,190,190,180
16.919559478759766,0.0618103484027226,8.367999193477424,0.2617993877991417,0.0,-1.5999255129128487,190,190,190,180,190,190,180
16.929760694503784,0.0618103484027226,8.367999193477424,0.2617993877991417,0.0,-1.5999255129128487,190,190,190,180,190,190,190
16.939982891082764,0.062072835725580894,8.359160564443469,0.2617993877991417,0.0,-1.6000322444687216,190,190,190,180,190,190,190
16.950392246246338,0.062072835725580894,8.359160564443469,0.2617993877991417,0.0,-1.6000322444687216,190,190,190,180,190,190,190
16.960620641708374,0.062325625218343644,8.350558273402768,0.2617993877991417,0.0,-1.6000612747972325,190,190,190,180,190,190,190
16.970837116241455,0.062325625218343644,8.350558273402768,0.2617993877991417,0.0,-1.6000612747972325,190,190,190,180,190,190,190
16.98106288909912,0.062325625218343644,8.350558273402768,0.2617993877991417,0.0,-1.6000612747972325,180,190,190,180,190,190,180
16.991544246673584,0.06257863280649864,8.341950380222471,0.2617993877991417,0.0,-1.6000982410901374,180,190,190,180,190,190,180
17.002461433410645,0.06257863280649864,8.341950380222471,0.2617993877991417,0.0,-1.6000982410901374,180,190,190,180,190,190,180
17.012637853622437,0.06257863280649864,8.341950380222471,0.2617993877991417,0.0,-1.6000982410901374,180,190,190,180,190,190,180
17.022873401641846,0.06257863280649864,8.341950380222471,0.2617993877991417,0.0,-1.6000982410901374,180,190,190,180,190,190,180
17.033108949661255,0.06284009574450064,8.333069685113268,0.2617993877991417,0.0,-1.6001237154305519,190,190,190,180,190,190,180
17.04690957069397,0.06284009574450064,8.333069685113268,0.2617993877991417,0.0,-1.6001237154305519,190,190,190,180,190,190,180
17.05712342262268,0.06284009574450064,8.333069685113268,0.2617993877991417,0.0,-1.6001237154305519,190,190,190,180,190,190,180
17.067399740219116,0.06309421939340466,8.324439980969158,0.2617993877991417,0.0,-1.6001454555821217,190,190,180,180,180,190,180
17.077651977539062,0.06309421939340466,8.324439980969158,0.2617993877991417,0.0,-1.6001454555821217,190,190,180,180,180,190,180
17.09620952606201,0.06334875925029314,8.315800257874173,0.2617993877991417,0.0,-1.6001655071686236,190,190,180,180,180,190,180
17.10647463798523,0.06334875925029314,8.315800257874173,0.2617993877991417,0.0,-1.6001655071686236,190,190,180,180,180,190,180
17.116701364517212,0.06334875925029314,8.315800257874173,0.2617993877991417,0.0,-1.6001655071686236,190,190,180,180,180,190,190
17.126916646957397,0.06334875925029314,8.315800257874173,0.2617993877991417,0.0,-1.6001655071686236,190,190,180,180,180,190,190
17.137365579605103,0.06361133394230145,8.30688768690122,0.2617993877991417,0.0,-1.6001878309972288,190,190,180,180,180,190,190
17.147560358047485,0.06361133394230145,8.30688768690122,0.2617993877991417,0.0,-1.6001878309972288,190,190,180,180,180,190,190
17.157766342163086,0.06361133394230145,8.30688768690122,0.2617993877991417,0.0,-1.6001878309972288,190,190,180,180,180,190,190
17.167977571487427,0.06386640556758126,8.298226564793255,0.2617993877991417,0.0,-1.6002122281498852,180,190,180,180,180,190,180
17.17890191078186,0.06386640556758126,8.298226564793255,0.2617993877991417,0.0,-1.6002122281498852,180,190,180,180,180,190,180
17.19581627845764,0.06412114738217828,8.289556891771905,0.2617993877991417,0.0,-1.600226922767467,180,190,180,180,180,190,180
17.206037759780884,0.06412114738217828,8.289556891771905,0.2617993877991417,0.0,-1.600226922767467,180,190,180,180,180,190,180
17.216238975524902,0.06412114738217828,8.289556891771905,0.2617993877991417,0.0,-1.600226922767467,190,190,190,190,190,190,190
17.22642755508423,0.0643823933642105,8.2806251418768,0.2617993877991417,0.0,-1.600218050788305,190,190,190,190,190,190,190
17.236619472503662,0.0643823933642105,8.2806251418768,0.2617993877991417,0.0,-1.600218050788305,190,190,190,190,190,190,190
17.24995446205139,0.0643823933642105,8.2806251418768,0.2617993877991417,0.0,-1.600218050788305,190,190,190,190,190,190,190
17.260250091552734,0.06463032240733618,8.271966333473722,0.2617993877991417,0.0,-1.6002605994154644,190,190,190,190,190,190,190
17.270468711853027,0.06463032240733618,8.271966333473722,0.2617993877991417,0.0,-1.6002605994154644,190,200,190,190,190,190,190
17.280691623687744,0.06463032240733618,8.271966333473722,0.2617993877991417,0.0,-1.6002605994154644,190,200,190,190,190,190,190
17.29322862625122,0.06488648321613262,8.263346803081049,0.2617993877991417,0.0,-1.600431958311092,190,200,190,190,190,190,190
17.303444147109985,0.06488648321613262,8.263346803081049,0.2617993877991417,0.0,-1.600431958311092,190,200,190,190,190,190,190
17.313698053359985,0.06488648321613262,8.263346803081049,0.2617993877991417,0.0,-1.600431958311092,190,200,190,190,190,190,190
17.323927879333496,0.06488648321613262,8.263346803081049,0.2617993877991417,0.0,-1.600431958311092,190,200,190,190,190,190,190
17.334154844284058,0.06515231441689563,8.254502685737833,0.2617993877991417,0.0,-1.6005144176998536,190,200,190,190,190,190,190
17.345346450805664,0.06515231441689563,8.254502685737833,0.2617993877991417,0.0,-1.6005144176998536,190,200,190,190,190,190,190
17.35555934906006,0.06515231441689563,8.254502685737833,0.2617993877991417,0.0,-1.6005144176998536,190,200,190,190,190,190,190
17.365750312805176,0.06540883328217217,8.24590148115655,0.2617993877991417,0.0,-1.6005536183331437,190,200,190,190,190,190,190
17.37595558166504,0.06540883328217217,8.24590148115655,0.2617993877991417,0.0,-1.6005536183331437,190,200,190,190,190,190,190
17.386093139648438,0.06540883328217217,8.24590148115655,0.2617993877991417,0.0,-1.6005536183331437,190,200,190,190,190,190,190
17.399943113327026,0.06566618494183135,8.23729242072356,0.2617993877991417,0.0,-1.6005894626840411,190,200,190,190,190,190,190
17.4101984500885,0.06566618494183135,8.23729242072356,0.2617993877991417,0.0,-1.6005894626840411,190,200,190,190,190,190,190
17.42041802406311,0.06566618494183135,8.23729242072356,0.2617993877991417,0.0,-1.6005894626840411,200,200,190,190,190,190,190
17.430634021759033,0.0659320097067432,8.228410480725522,0.2617993877991417,0.0,-1.6006146379263395,200,200,190,190,190,190,190
17.447649478912354,0.0659320097067432,8.228410480725522,0.2617993877991417,0.0,-1.6006146379263395,200,200,190,190,190,190,190
17.45787763595581,0.0659320097067432,8.228410480725522,0.2617993877991417,0.0,-1.6006146379263395,200,200,190,190,190,190,190
17.46807360649109,0.0659320097067432,8.228410480725522,0.2617993877991417,0.0,-1.6006146379263395,190,200,200,190,190,190,190
17.47826361656189,0.06619039661755774,8.219779675565597,0.2617993877991417,0.0,-1.6006363920735343,190,200,200,190,190,190,190
17.488465070724487,0.06619039661755774,8.219779675565597,0.2617993877991417,0.0,-1.6006363920735343,190,200,200,190,190,190,190
17.501001119613647,0.06644920665464996,8.211138830970885,0.2617993877991417,0.0,-1.6006564126812597,190,200,200,190,190,190,190
17.511245489120483,0.06644920665464996,8.211138830970885,0.2617993877991417,0.0,-1.6006564126812597,190,200,200,190,190,190,190
17.521440029144287,0.06644920665464996,8.211138830970885,0.2617993877991417,0.0,-1.6006564126812597,190,200,200,190,190,190,190
17.5316481590271,0.06671616613021164,8.202224995579513,0.2617993877991417,0.0,-1.6006794741971437,190,200,200,190,190,190,190
17.541841983795166,0.06671616613021164,8.202224995579513,0.2617993877991417,0.0,-1.6006794741971437,190,200,200,190,190,190,190
17.55199909210205,0.06671616613021164,8.202224995579513,0.2617993877991417,0.0,-1.6006794741971437,190,200,200,190,190,190,190
17.56218910217285,0.06697546683881611,8.193562814743922,0.2617993877991417,0.0,-1.6007036934785808,190,200,200,190,190,190,190
17.57239818572998,0.06697546683881611,8.193562814743922,0.2617993877991417,0.0,-1.6007036934785808,190,200,200,190,190,190,190
17.5827898979187,0.06697546683881611,8.193562814743922,0.2617993877991417,0.0,-1.6007036934785808,190,200,200,190,190,190,190
17.592985153198242,0.06697546683881611,8.193562814743922,0.2617993877991417,0.0,-1.6007036934785808,190,200,200,190,190,190,190
17.60343337059021,0.06697546683881611,8.193562814743922,0.2617993877991417,0.0,-1.6007036934785808,190,200,200,190,190,190,190
17.61366319656372,0.06723439404131994,8.184892554510917,0.2617993877991417,0.0,-1.6007156236609372,190,200,200,190,190,190,190
17.623878955841064,0.06723439404131994,8.184892554510917,0.2617993877991417,0.0,-1.6007156236609372,190,200,210,190,190,190,190
17.634045124053955,0.06749950196288346,8.175962022860986,0.2617993877991417,0.0,-1.6007056081122661,190,200,210,190,190,190,190
17.644269943237305,0.06749950196288346,8.175962022860986,0.2617993877991417,0.0,-1.6007056081122661,190,200,210,190,190,190,190
17.65446424484253,0.06749950196288346,8.175962022860986,0.2617993877991417,0.0,-1.6007056081122661,190,200,210,190,190,190,190
17.665262460708618,0.06775135400302942,8.16730454703857,0.2617993877991417,0.0,-1.6007654961192634,190,200,210,190,190,190,190
17.67555856704712,0.06775135400302942,8.16730454703857,0.2617993877991417,0.0,-1.6007654961192634,190,200,190,180,190,190,190
17.685791730880737,0.06775135400302942,8.16730454703857,0.2617993877991417,0.0,-1.6007654961192634,190,200,190,180,190,190,190
17.698074102401733,0.06801400824172461,8.158696831932808,0.2617993877991417,0.0,-1.6009369363642865,190,200,190,180,190,190,190
17.708305835723877,0.06801400824172461,8.158696831932808,0.2617993877991417,0.0,-1.6009369363642865,190,200,190,180,190,190,190
17.718491554260254,0.06801400824172461,8.158696831932808,0.2617993877991417,0.0,-1.6009369363642865,190,200,190,180,190,190,190
17.728682279586792,0.06828328130090316,8.149847176684322,0.2617993877991417,0.0,-1.601004264574095,190,200,200,190,190,190,190
17.738900423049927,0.06828328130090316,8.149847176684322,0.2617993877991417,0.0,-1.601004264574095,190,200,200,190,190,190,190
17.75108051300049,0.06828328130090316,8.149847176684322,0.2617993877991417,0.0,-1.601004264574095,190,200,200,190,190,190,190
17.76131319999695,0.06854371797971615,8.141246197929227,0.2617993877991417,0.0,-1.601047171033003,190,200,200,190,190,190,190
17.771536588668823,0.06854371797971615,8.141246197929227,0.2617993877991417,0.0,-1.601047171033003,190,200,190,190,190,190,190
17.781800031661987,0.06854371797971615,8.141246197929227,0.24434609527919887,0.0,-1.601047171033003,190,200,190,190,190,190,190
17.79217028617859,0.06880539338411955,8.13263598329085,0.24434609527919887,0.0,-1.6010822412142551,190,200,190,190,190,190,190
17.81109356880188,0.06880539338411955,8.13263598329085,0.2268928027592561,0.0,-1.6010822412142551,190,200,190,190,190,190,190
17.821317672729492,0.06880539338411955,8.13263598329085,0.2268928027592561,0.0,-1.6010822412142551,190,190,190,180,190,190,190
17.832154273986816,0.0690626586843978,8.124180146934442,0.2268928027592561,0.0,-1.6010973554195078,190,190,190,180,190,190,190
17.849467277526855,0.0690626586843978,8.124180146934442,0.20943951023931331,0.0,-1.6010973554195078,190,190,190,180,190,190,190
17.85969042778015,0.0692951039011524,8.116538398301728,0.19198621771937055,0.0,-1.6011236560008126,190,190,190,180,190,190,190
17.869920253753662,0.0692951039011524,8.116538398301728,0.17453292519942779,0.0,-1.6011236560008126,190,190,190,180,190,190,190
17.880210638046265,0.0692951039011524,8.116538398301728,0.17453292519942779,0.0,-1.6011236560008126,190,190,190,180,190,190,190
17.890414476394653,0.0692951039011524,8.116538398301728,0.17453292519942779,0.0,-1.6011236560008126,190,190,190,180,190,190,190
17.901158809661865,0.06950735272366737,8.109592058492495,0.17453292519942779,0.0,-1.6013169596181558,190,190,190,180,190,190,190
17.911349296569824,0.06950735272366737,8.109592058492495,0.17453292519942779,0.0,-1.6013169596181558,190,190,190,180,190,190,190
17.921557426452637,0.06950735272366737,8.109592058492495,0.17453292519942779,0.0,-1.6013169596181558,190,190,180,190,190,190,190
17.931748151779175,0.06969648400875278,8.103437528619914,0.157079632679485,0.0,-1.6015653801329095,190,190,180,190,190,190,190
17.941999435424805,0.06969648400875278,8.103437528619914,0.157079632679485,0.0,-1.6015653801329095,190,190,180,190,190,190,190
17.95421266555786,0.06969648400875278,8.103437528619914,0.17453292519942779,0.0,-1.6015653801329095,190,190,180,190,190,190,190
17.9644193649292,0.06987489324554506,8.097665954793715,0.20943951023931331,0.0,-1.6015843073669744,190,190,180,190,190,190,190
17.97468066215515,0.06987489324554506,8.097665954793715,0.2617993877991417,0.0,-1.6015843073669744,190,190,180,190,190,190,190
17.98493766784668,0.06987489324554506,8.097665954793715,0.2617993877991417,0.0,-1.6015843073669744,190,190,180,190,190,190,190
18.001494884490967,0.07006655675497576,8.09144961621731,0.2617993877991417,0.0,-1.601730223659992,190,190,180,190,190,190,190
18.011759996414185,0.07006655675497576,8.09144961621731,0.2617993877991417,0.0,-1.601730223659992,190,190,180,190,190,190,190
18.02195429801941,0.07006655675497576,8.09144961621731,0.2617993877991417,0.0,-1.601730223659992,190,190,180,190,190,190,190
18.032207489013672,0.07029074580335805,8.08424424232846,0.2617993877991417,0.0,-1.6020235223262504,190,190,180,190,190,190,190
18.050896883010864,0.07029074580335805,8.08424424232846,0.2617993877991417,0.0,-1.6020235223262504,190,190,180,190,190,190,190
18.061126708984375,0.07052806735038891,8.076655355356232,0.2617993877991417,0.0,-1.6022561072435986,190,190,180,190,190,190,190
18.07132911682129,0.07052806735038891,8.076655355356232,0.2617993877991417,0.0,-1.6022561072435986,190,190,180,190,190,190,190
18.081619262695312,0.07052806735038891,8.076655355356232,0.2617993877991417,0.0,-1.6022561072435986,190,190,180,190,190,190,190
18.098219871520996,0.07077146631362755,8.068723648525378,0.2617993877991417,0.0,-1.6022661977801171,190,190,180,190,190,190,190
18.10844349861145,0.07077146631362755,8.068723648525378,0.2617993877991417,0.0,-1.6022661977801171,190,190,180,190,190,190,190
18.118659496307373,0.07077146631362755,8.068723648525378,0.2617993877991417,0.0,-1.6022661977801171,190,190,180,190,190,190,190
18.128889322280884,0.07102899335623408,8.060456370358093,0.2617993877991417,0.0,-1.6022892699671505,190,190,190,190,190,190,190
18.139081716537476,0.07102899335623408,8.060456370358093,0.2617993877991417,0.0,-1.6022892699671505,190,190,190,190,190,190,190
18.153706073760986,0.07102899335623408,8.060456370358093,0.2617993877991417,0.0,-1.6022892699671505,190,190,190,190,190,190,190
18.16393804550171,0.07129767679805275,8.052313402833157,0.2617993877991417,0.0,-1.6035081549737662,190,190,190,190,190,190,190
18.174135446548462,0.07129767679805275,8.052313402833157,0.2617993877991417,0.0,-1.6035081549737662,190,190,190,190,190,190,190
18.184341430664062,0.07129767679805275,8.052313402833157,0.2617993877991417,0.0,-1.6035081549737662,190,190,190,190,190,190,190
18.19459366798401,0.07157994779264341,8.043899041562801,0.2617993877991417,0.0,-1.6046658482180047,190,190,190,190,190,190,190
18.205109119415283,0.07157994779264341,8.043899041562801,0.2617993877991417,0.0,-1.6046658482180047,190,190,190,190,190,190,190
18.215327978134155,0.07157994779264341,8.043899041562801,0.2617993877991417,0.0,-1.6046658482180047,190,190,190,190,190,190,190
18.22556781768799,0.07188074890417183,8.035035581025259,0.2617993877991417,0.0,-1.6047393928600315,190,190,180,190,180,190,190
18.235758304595947,0.07188074890417183,8.035035581025259,0.2617993877991417,0.0,-1.6047393928600315,190,190,180,190,180,190,190
18.255985021591187,0.07188074890417183,8.035035581025259,0.2617993877991417,0.0,-1.6047393928600315,190,190,180,190,180,190,190
18.266271829605103,0.07217452806937034,8.026418714413818,0.2617993877991417,0.0,-1.6047729429223594,190,190,180,190,180,190,190
18.276484489440918,0.07217452806937034,8.026418714413818,0.2617993877991417,0.0,-1.6047729429223594,190,190,180,190,180,180,190
18.286781549453735,0.07217452806937034,8.026418714413818,0.2617993877991417,0.0,-1.6047729429223594,190,190,180,190,180,180,190
18.303909301757812,0.07246877998157444,8.017791030193576,0.2617993877991417,0.0,-1.6047951428805245,190,190,180,190,180,180,190
18.314127683639526,0.07246877998157444,8.017791030193576,0.2617993877991417,0.0,-1.6047951428805245,190,190,180,190,180,180,190
18.32436227798462,0.07246877998157444,8.017791030193576,0.2617993877991417,0.0,-1.6047951428805245,190,190,190,190,180,180,190
18.334564685821533,0.07277240721408457,8.008891510756055,0.2617993877991417,0.0,-1.604816187185199,190,190,190,190,180,180,190
18.34624195098877,0.07277240721408457,8.008891510756055,0.2617993877991417,0.0,-1.604816187185199,190,190,190,190,180,180,190
18.35648512840271,0.07277240721408457,8.008891510756055,0.2617993877991417,0.0,-1.604816187185199,190,190,190,190,180,180,190
18.366700887680054,0.07306748392667609,8.000243388399458,0.2617993877991417,0.0,-1.6048355708823703,190,190,190,190,180,180,190
18.37690019607544,0.07306748392667609,8.000243388399458,0.2617993877991417,0.0,-1.6048355708823703,190,190,190,190,180,180,190
18.38713574409485,0.07306748392667609,8.000243388399458,0.2617993877991417,0.0,-1.6048355708823703,190,190,190,190,180,180,190
18.400070190429688,0.07336277845935998,7.9915847393428425,0.2617993877991417,0.0,-1.6048569362830227,190,190,190,190,180,180,190
18.410343170166016,0.07336277845935998,7.9915847393428425,0.2617993877991417,0.0,-1.6048569362830227,190,190,190,190,180,180,190
18.420542240142822,0.07336277845935998,7.9915847393428425,0.2617993877991417,0.0,-1.6048569362830227,190,190,190,190,190,180,190
18.43074321746826,0.0736667294333052,7.982654130105958,0.2617993877991417,0.0,-1.604868364240936,190,190,190,190,190,180,190
18.450174570083618,0.0736667294333052,7.982654130105958,0.2617993877991417,0.0,-1.604868364240936,190,190,190,190,190,180,190
18.460363149642944,0.0736667294333052,7.982654130105958,0.2617993877991417,0.0,-1.604868364240936,190,190,190,190,190,180,190
18.470552921295166,0.0736667294333052,7.982654130105958,0.2617993877991417,0.0,-1.604868364240936,190,190,190,190,190,180,190
18.480928421020508,0.07396079668754567,7.973985814385265,0.2617993877991417,0.0,-1.6048578364508934,190,190,190,190,190,180,190
18.497639894485474,0.07424927079428596,7.96532805280953,0.2617993877991417,0.0,-1.6048823747558323,190,190,190,190,190,180,190
18.50786566734314,0.07424927079428596,7.96532805280953,0.2617993877991417,0.0,-1.6048823747558323,190,190,190,190,190,180,190
18.5180983543396,0.07424927079428596,7.96532805280953,0.2617993877991417,0.0,-1.6048823747558323,190,190,190,190,190,190,190
18.528371572494507,0.0745526898289205,7.9564433019569325,0.2617993877991417,0.0,-1.605046215586786,190,190,190,190,190,190,190
18.53857421875,0.0745526898289205,7.9564433019569325,0.2617993877991417,0.0,-1.605046215586786,190,190,190,190,190,190,190
18.548811674118042,0.0745526898289205,7.9564433019569325,0.2617993877991417,0.0,-1.605046215586786,190,190,190,190,190,190,190
18.5594699382782,0.07485071452037508,7.947864615800401,0.2617993877991417,0.0,-1.6051468521505072,190,190,190,190,190,190,190
18.569769144058228,0.07485071452037508,7.947864615800401,0.2617993877991417,0.0,-1.6051468521505072,190,190,190,190,190,180,190
18.580430507659912,0.07485071452037508,7.947864615800401,0.2617993877991417,0.0,-1.6051468521505072,190,190,190,190,190,180,190
18.59615707397461,0.07514740075913638,7.939263970223018,0.2617993877991417,0.0,-1.6051801187198178,190,190,190,190,190,180,190
18.606433629989624,0.07514740075913638,7.939263970223018,0.2617993877991417,0.0,-1.6051801187198178,190,190,190,190,190,180,190
18.616653442382812,0.07514740075913638,7.939263970223018,0.2617993877991417,0.0,-1.6051801187198178,190,190,190,190,190,190,190
18.627052068710327,0.075453525173365,7.9303961067565405,0.2617993877991417,0.0,-1.6052191440982013,190,190,190,190,190,190,190
18.647252559661865,0.075453525173365,7.9303961067565405,0.2617993877991417,0.0,-1.6052191440982013,190,190,190,190,190,190,190
18.657544374465942,0.07575144431539962,7.921777425319017,0.2617993877991417,0.0,-1.6052441823377515,190,190,190,190,190,190,190
18.667744398117065,0.07575144431539962,7.921777425319017,0.2617993877991417,0.0,-1.6052441823377515,200,190,180,190,190,190,190
18.67797589302063,0.07575144431539962,7.921777425319017,0.2617993877991417,0.0,-1.6052441823377515,200,190,180,190,190,190,190
18.69695734977722,0.07575144431539962,7.921777425319017,0.2617993877991417,0.0,-1.6052441823377515,200,190,180,190,190,190,190
18.70738387107849,0.07604976434384893,7.913148736750809,0.2617993877991417,0.0,-1.6052659296385878,200,190,180,190,190,190,190
18.7176411151886,0.07604976434384893,7.913148736750809,0.2617993877991417,0.0,-1.6052659296385878,200,190,180,190,190,190,190
18.727871656417847,0.07635761264786568,7.904248095089776,0.2617993877991417,0.0,-1.6052864971226521,200,190,180,190,190,190,190
18.738155364990234,0.07635761264786568,7.904248095089776,0.2617993877991417,0.0,-1.6052864971226521,200,190,180,190,190,190,190
18.748403549194336,0.07635761264786568,7.904248095089776,0.2617993877991417,0.0,-1.6052864971226521,200,190,180,190,190,190,190
18.75862956047058,0.07665676434415164,7.895598516884736,0.2617993877991417,0.0,-1.605308131734135,200,190,180,190,190,190,190
18.76879072189331,0.07665676434415164,7.895598516884736,0.2617993877991417,0.0,-1.605308131734135,190,190,180,190,190,180,190
18.779029607772827,0.07665676434415164,7.895598516884736,0.2617993877991417,0.0,-1.605308131734135,190,190,180,190,190,180,190
18.789427757263184,0.07665676434415164,7.895598516884736,0.2617993877991417,0.0,-1.605308131734135,190,190,180,190,190,180,190
18.79965829849243,0.07695617079798409,7.886938472770558,0.2617993877991417,0.0,-1.6053320700077292,190,190,180,190,190,180,190
18.809868097305298,0.07695617079798409,7.886938472770558,0.2617993877991417,0.0,-1.6053320700077292,190,190,180,190,190,180,190
18.820205688476562,0.07695617079798409,7.886938472770558,0.2617993877991417,0.0,-1.6053320700077292,190,190,180,190,190,180,190
18.83043622970581,0.07726432385533956,7.8780072304804785,0.2617993877991417,0.0,-1.6053453231165726,190,190,180,190,190,180,190
18.84735941886902,0.07726432385533956,7.8780072304804785,0.2617993877991417,0.0,-1.6053453231165726,190,190,180,190,190,180,190
18.85759425163269,0.07726432385533956,7.8780072304804785,0.2617993877991417,0.0,-1.6053453231165726,190,190,180,190,190,180,190
18.867794275283813,0.07756208409455363,7.869340071860937,0.2617993877991417,0.0,-1.605335496632042,190,190,180,190,190,180,190
18.877970218658447,0.07756208409455363,7.869340071860937,0.2617993877991417,0.0,-1.605335496632042,190,190,190,190,190,180,190
18.88821578025818,0.07756208409455363,7.869340071860937,0.2617993877991417,0.0,-1.605335496632042,190,190,190,190,190,180,190
18.899749755859375,0.07785422555458452,7.860683175719348,0.2617993877991417,0.0,-1.6053825522409249,190,190,190,190,190,180,190
18.909931421279907,0.07785422555458452,7.860683175719348,0.2617993877991417,0.0,-1.6053825522409249,190,190,190,190,190,180,190
18.920133590698242,0.07785422555458452,7.860683175719348,0.2617993877991417,0.0,-1.6053825522409249,190,190,190,190,190,180,190
18.930378675460815,0.07816496231086979,7.851810069095272,0.2617993877991417,0.0,-1.6055583709136478,190,190,190,190,190,180,190
18.94574546813965,0.07816496231086979,7.851810069095272,0.2617993877991417,0.0,-1.6055583709136478,190,190,190,190,190,180,190
18.955951690673828,0.07816496231086979,7.851810069095272,0.2617993877991417,0.0,-1.6055583709136478,190,190,190,190,190,180,190
18.9661602973938,0.0784663600906106,7.84322438740652,0.2617993877991417,0.0,-1.6056284896877098,190,190,190,190,190,180,190
18.976339101791382,0.0784663600906106,7.84322438740652,0.2617993877991417,0.0,-1.6056284896877098,190,190,190,190,190,180,190
18.986551761627197,0.0784663600906106,7.84322438740652,0.2617993877991417,0.0,-1.6056284896877098,190,190,190,190,190,180,190
18.99846649169922,0.078766689273545,7.834624801235915,0.2617993877991417,0.0,-1.6056696004826714,190,190,190,190,190,180,190
19.008674144744873,0.078766689273545,7.834624801235915,0.2617993877991417,0.0,-1.6056696004826714,190,190,190,190,190,180,190
19.018845319747925,0.078766689273545,7.834624801235915,0.2617993877991417,0.0,-1.6056696004826714,190,190,190,190,190,180,190
19.029150009155273,0.07907725816063202,7.825755702790336,0.2617993877991417,0.0,-1.6057058287622483,190,190,190,190,190,190,190
19.047751426696777,0.07907725816063202,7.825755702790336,0.2617993877991417,0.0,-1.6057058287622483,190,190,190,190,190,190,190
19.057984590530396,0.07907725816063202,7.825755702790336,0.2617993877991417,0.0,-1.6057058287622483,190,190,190,190,190,190,190
19.068220376968384,0.07937937116420583,7.817135826588298,0.2617993877991417,0.0,-1.605729932531416,190,190,190,190,190,190,190
19.07841682434082,0.07937937116420583,7.817135826588298,0.2617993877991417,0.0,-1.605729932531416,190,190,190,190,190,190,190
19.097180604934692,0.07937937116420583,7.817135826588298,0.2617993877991417,0.0,-1.605729932531416,190,190,190,190,190,190,190
19.107516765594482,0.07968191482685631,7.808506053662964,0.2617993877991417,0.0,-1.6057516050982628,190,190,190,190,190,190,190
19.117787837982178,0.07968191482685631,7.808506053662964,0.2617993877991417,0.0,-1.6057516050982628,190,190,190,190,190,190,190
19.12801170349121,0.0799941201459211,7.7996042624185264,0.2617993877991417,0.0,-1.6057721600412855,190,190,180,190,190,190,190
19.14456796646118,0.0799941201459211,7.7996042624185264,0.2617993877991417,0.0,-1.6057721600412855,190,190,180,190,190,190,190
19.154791831970215,0.0799941201459211,7.7996042624185264,0.2617993877991417,0.0,-1.6057721600412855,190,190,180,190,190,190,190
19.165013790130615,0.0802974882519428,7.790953431718721,0.2617993877991417,0.0,-1.6057947508652908,190,190,180,190,190,190,190
19.175204753875732,0.0802974882519428,7.790953431718721,0.2617993877991417,0.0,-1.6057947508652908,190,190,180,190,190,190,190
19.18540620803833,0.0802974882519428,7.790953431718721,0.2617993877991417,0.0,-1.6057947508652908,190,190,180,190,190,190,190
19.19897198677063,0.0802974882519428,7.790953431718721,0.2617993877991417,0.0,-1.6057947508652908,190,190,180,190,190,190,190
19.209203243255615,0.08060108290181384,7.782292315646987,0.2617993877991417,0.0,-1.6058187854512724,190,190,180,190,190,190,190
19.219395399093628,0.08060108290181384,7.782292315646987,0.2617993877991417,0.0,-1.6058187854512724,190,190,180,190,190,190,190
19.229575634002686,0.08091351768124,7.773360564944002,0.2617993877991417,0.0,-1.6058294380533762,190,190,180,190,190,190,190
19.248152256011963,0.08091351768124,7.773360564944002,0.2617993877991417,0.0,-1.6058294380533762,190,190,180,190,190,190,190
19.258358478546143,0.08121490593215848,7.764694670832284,0.2617993877991417,0.0,-1.605819379435108,190,190,180,190,190,190,190
19.268561840057373,0.08121490593215848,7.764694670832284,0.2617993877991417,0.0,-1.605819379435108,190,190,180,190,190,190,190
19.278804302215576,0.08121490593215848,7.764694670832284,0.2617993877991417,0.0,-1.605819379435108,200,190,180,190,190,190,190
19.298982620239258,0.08121490593215848,7.764694670832284,0.2617993877991417,0.0,-1.605819379435108,200,190,180,190,190,190,190
19.309361219406128,0.081510999388482,7.756039152267454,0.2617993877991417,0.0,-1.6058852122073974,200,190,180,190,190,190,190
19.319584846496582,0.081510999388482,7.756039152267454,0.2617993877991417,0.0,-1.6058852122073974,190,190,190,190,200,190,190
19.329832792282104,0.08182799681031722,7.747178075591958,0.2617993877991417,0.0,-1.606063417007038,190,190,190,190,200,190,190
19.34743022918701,0.08182799681031722,7.747178075591958,0.2617993877991417,0.0,-1.606063417007038,190,190,190,190,200,190,190
19.357635736465454,0.08182799681031722,7.747178075591958,0.2617993877991417,0.0,-1.606063417007038,190,190,190,190,200,190,190
19.36784291267395,0.08213287230670412,7.738586844467036,0.2617993877991417,0.0,-1.6061173415817849,190,190,180,190,190,190,190
19.378037452697754,0.08213287230670412,7.738586844467036,0.2617993877991417,0.0,-1.6061173415817849,190,190,180,190,190,190,190
19.388243436813354,0.08213287230670412,7.738586844467036,0.2617993877991417,0.0,-1.6061173415817849,190,190,180,190,190,190,190
19.398466110229492,0.08243724552355404,7.729987165745508,0.2617993877991417,0.0,-1.6061597664482263,190,190,180,190,190,190,190
19.408663749694824,0.08243724552355404,7.729987165745508,0.2617993877991417,0.0,-1.6061597664482263,190,190,180,190,190,190,190
19.41884756088257,0.08243724552355404,7.729987165745508,0.2617993877991417,0.0,-1.6061597664482263,190,190,180,190,190,190,190
19.429068326950073,0.0827522374186244,7.72111686343846,0.2617993877991417,0.0,-1.6061944344401193,190,190,180,190,190,190,190
19.446255445480347,0.0827522374186244,7.72111686343846,0.2617993877991417,0.0,-1.6061944344401193,190,190,180,190,190,190,190
19.456523656845093,0.0827522374186244,7.72111686343846,0.2617993877991417,0.0,-1.6061944344401193,190,190,180,190,190,190,190
19.466715097427368,0.08305858529566865,7.712495908239109,0.2617993877991417,0.0,-1.606218036428355,190,190,180,190,190,190,190
19.476907968521118,0.08305858529566865,7.712495908239109,0.2617993877991417,0.0,-1.606218036428355,190,180,180,190,190,190,190
19.48709988594055,0.08305858529566865,7.712495908239109,0.2617993877991417,0.0,-1.606218036428355,190,180,180,190,190,190,190
19.50212812423706,0.08336537591317052,7.703865109547947,0.2617993877991417,0.0,-1.6062396333196838,190,180,180,190,190,190,190
19.51244854927063,0.08336537591317052,7.703865109547947,0.2617993877991417,0.0,-1.6062396333196838,190,180,180,190,190,190,190
19.522629022598267,0.08336537591317052,7.703865109547947,0.2617993877991417,0.0,-1.6062396333196838,190,190,180,190,190,190,190
19.532821655273438,0.08368195368782243,7.6949622244341835,0.2617993877991417,0.0,-1.6062602996414777,190,190,180,190,190,190,190
19.546512365341187,0.08368195368782243,7.6949622244341835,0.2617993877991417,0.0,-1.6062602996414777,190,190,180,190,190,190,190
19.55669856071472,0.08368195368782243,7.6949622244341835,0.2617993877991417,0.0,-1.6062602996414777,190,190,180,190,190,190,190
19.566890716552734,0.08398956075267003,7.68631025239616,0.2617993877991417,0.0,-1.6062835457239173,190,190,180,190,190,190,190
19.57708477973938,0.08398956075267003,7.68631025239616,0.2617993877991417,0.0,-1.6062835457239173,190,180,180,190,190,190,190
19.587273120880127,0.08398956075267003,7.68631025239616,0.2617993877991417,0.0,-1.6062835457239173,190,180,180,190,190,190,190
19.598937034606934,0.08429734328323568,7.677648189122354,0.2617993877991417,0.0,-1.6063072586965854,190,180,180,190,190,190,190
19.609483003616333,0.08429734328323568,7.677648189122354,0.2617993877991417,0.0,-1.6063072586965854,190,180,180,190,190,190,190
19.61976909637451,0.08429734328323568,7.677648189122354,0.2617993877991417,0.0,-1.6063072586965854,190,190,180,190,190,200,220
19.629971265792847,0.08461408189649303,7.6687161460408895,0.2617993877991417,0.0,-1.6063146415860257,190,190,180,190,190,200,220
19.640193462371826,0.08461408189649303,7.6687161460408895,0.2617993877991417,0.0,-1.6063146415860257,190,190,180,190,190,200,220
19.650392532348633,0.08461408189649303,7.6687161460408895,0.2617993877991417,0.0,-1.6063146415860257,190,190,180,190,190,200,220
19.66057276725769,0.08491897197612859,7.660051630796268,0.2617993877991417,0.0,-1.606305463860362,190,190,180,190,190,200,220
19.67076063156128,0.08491897197612859,7.660051630796268,0.2617993877991417,0.0,-1.606305463860362,190,190,180,190,200,220,220
19.680968761444092,0.08491897197612859,7.660051630796268,0.2617993877991417,0.0,-1.606305463860362,190,190,180,190,200,220,220
19.695794582366943,0.08521930226139486,7.651397854960681,0.2617993877991417,0.0,-1.6063910675746325,190,190,180,190,200,220,220
19.706005811691284,0.08521930226139486,7.651397854960681,0.2617993877991417,0.0,-1.6063910675746325,190,190,180,190,200,220,220
19.716212511062622,0.08521930226139486,7.651397854960681,0.2617993877991417,0.0,-1.6063910675746325,190,190,190,190,190,190,220
19.726401567459106,0.08554175317972462,7.642547764165789,0.2617993877991417,0.0,-1.6065706127417947,190,190,190,190,190,190,220
19.736645460128784,0.08554175317972462,7.642547764165789,0.2617993877991417,0.0,-1.6065706127417947,190,190,190,190,190,190,220
19.746869802474976,0.08554175317972462,7.642547764165789,0.2617993877991417,0.0,-1.6065706127417947,190,190,190,190,190,190,220
19.757051944732666,0.08554175317972462,7.642547764165789,0.2617993877991417,0.0,-1.6065706127417947,190,190,190,190,190,190,220
19.76723551750183,0.08585049225021975,7.633952544915898,0.2617993877991417,0.0,-1.6066126233103495,190,190,190,190,200,200,200
19.777442693710327,0.08585049225021975,7.633952544915898,0.2617993877991417,0.0,-1.6066126233103495,190,190,190,190,200,200,200
19.78768563270569,0.08585049225021975,7.633952544915898,0.2617993877991417,0.0,-1.6066126233103495,190,190,190,190,200,200,200
19.797903299331665,0.0861592018452906,7.6253520914605915,0.2617993877991417,0.0,-1.6066537432577273,190,190,190,190,200,200,200
19.808170557022095,0.0861592018452906,7.6253520914605915,0.2617993877991417,0.0,-1.6066537432577273,190,190,190,190,200,200,200
19.818506240844727,0.0861592018452906,7.6253520914605915,0.2617993877991417,0.0,-1.6066537432577273,190,190,190,190,200,200,200
19.82874584197998,0.08647864724578362,7.616480487375401,0.2617993877991417,0.0,-1.6066869201596161,190,190,190,190,190,190,200
19.83904242515564,0.08647864724578362,7.616480487375401,0.2617993877991417,0.0,-1.6066869201596161,190,190,190,190,190,190,200
19.849283695220947,0.08647864724578362,7.616480487375401,0.2617993877991417,0.0,-1.6066869201596161,190,190,190,190,190,190,200
19.859529972076416,0.08678927442134483,7.607858429235024,0.2617993877991417,0.0,-1.6067100997983135,190,190,190,190,190,190,200
19.86975932121277,0.08678927442134483,7.607858429235024,0.2617993877991417,0.0,-1.6067100997983135,190,190,190,190,190,190,200
19.880531311035156,0.08678927442134483,7.607858429235024,0.2617993877991417,0.0,-1.6067100997983135,190,190,190,190,190,200,200
19.896092414855957,0.0871003505694411,7.599226543314345,0.2617993877991417,0.0,-1.6067316451062568,190,190,190,190,190,200,200
19.90633726119995,0.0871003505694411,7.599226543314345,0.2617993877991417,0.0,-1.6067316451062568,190,190,190,190,190,200,200
19.916961193084717,0.0871003505694411,7.599226543314345,0.2617993877991417,0.0,-1.6067316451062568,190,190,190,190,190,200,220
19.92714023590088,0.08742133480358512,7.590322483430028,0.2617993877991417,0.0,-1.6067525842569967,190,190,190,190,190,200,220
19.93739628791809,0.08742133480358512,7.590322483430028,0.2617993877991417,0.0,-1.6067525842569967,190,190,190,190,190,200,220
19.947635412216187,0.08742133480358512,7.590322483430028,0.2617993877991417,0.0,-1.6067525842569967,190,190,190,190,190,200,220
19.957857608795166,0.08742133480358512,7.590322483430028,0.2617993877991417,0.0,-1.6067525842569967,190,190,190,190,190,200,220
19.968188047409058,0.08773321979349798,7.581669326162201,0.2617993877991417,0.0,-1.6067764640974556,190,190,190,190,190,200,220
19.97921919822693,0.08773321979349798,7.581669326162201,0.2617993877991417,0.0,-1.6067764640974556,190,190,190,190,190,200,220
19.995386838912964,0.08804521362230103,7.573006304274495,0.2617993877991417,0.0,-1.606799574970585,190,190,190,190,190,200,220
20.00559663772583,0.08804521362230103,7.573006304274495,0.2617993877991417,0.0,-1.606799574970585,190,190,190,190,190,200,220
20.0158429145813,0.08804521362230103,7.573006304274495,0.2617993877991417,0.0,-1.606799574970585,190,190,190,190,190,200,220
20.026039600372314,0.08836628692067,7.564074149485536,0.2617993877991417,0.0,-1.6068035563129266,190,190,190,190,190,210,200
20.036253929138184,0.08836628692067,7.564074149485536,0.2617993877991417,0.0,-1.6068035563129266,190,190,190,190,190,210,200
20.04723834991455,0.08836628692067,7.564074149485536,0.2617993877991417,0.0,-1.6068035563129266,190,190,190,190,190,210,200
20.057446479797363,0.08836628692067,7.564074149485536,0.2617993877991417,0.0,-1.6068035563129266,190,190,190,190,190,210,200
20.06763243675232,0.08867461434724051,7.555411065397238,0.2617993877991417,0.0,-1.6067968123937808,190,190,200,190,190,220,220
20.077826976776123,0.08867461434724051,7.555411065397238,0.2617993877991417,0.0,-1.6067968123937808,190,190,200,190,190,220,220
20.088045120239258,0.08867461434724051,7.555411065397238,0.2617993877991417,0.0,-1.6067968123937808,190,190,200,190,190,220,220
20.098319053649902,0.08867461434724051,7.555411065397238,0.2617993877991417,0.0,-1.6067968123937808,190,190,200,190,190,220,220
20.10860514640808,0.0889794954098515,7.546759680865614,0.2617993877991417,0.0,-1.606902328273588,190,190,200,190,190,220,220
20.118786811828613,0.0889794954098515,7.546759680865614,0.2617993877991417,0.0,-1.606902328273588,190,190,200,190,190,220,220
20.129010915756226,0.08930670544244555,7.537918342211839,0.2617993877991417,0.0,-1.6070806839754597,190,190,200,180,190,220,220
20.14818572998047,0.08930670544244555,7.537918342211839,0.2617993877991417,0.0,-1.6070806839754597,190,190,200,180,190,220,220
20.15844988822937,0.08961976507505004,7.52932010388856,0.2617993877991417,0.0,-1.6071087058704585,190,190,200,180,190,220,220
20.168659925460815,0.08961976507505004,7.52932010388856,0.2617993877991417,0.0,-1.6071087058704585,190,200,200,180,190,220,220
20.17887258529663,0.08961976507505004,7.52932010388856,0.2617993877991417,0.0,-1.6071087058704585,190,200,200,180,190,220,220
20.195839166641235,0.089932888103571,7.520718700685736,0.2617993877991417,0.0,-1.6071487154357704,190,200,200,180,190,220,220
20.206087112426758,0.089932888103571,7.520718700685736,0.2617993877991417,0.0,-1.6071487154357704,190,200,200,180,190,220,220
20.216285705566406,0.089932888103571,7.520718700685736,0.2617993877991417,0.0,-1.6071487154357704,190,200,200,180,190,220,220
20.226474046707153,0.09025679272541712,7.51184583887276,0.2617993877991417,0.0,-1.607180864572661,190,190,190,180,190,210,220
20.23666763305664,0.09025679272541712,7.51184583887276,0.2617993877991417,0.0,-1.607180864572661,190,190,190,180,190,210,220
20.24949884414673,0.09025679272541712,7.51184583887276,0.2617993877991417,0.0,-1.607180864572661,190,190,190,180,190,210,220
20.25969648361206,0.09057170763150854,7.503222772967683,0.2617993877991417,0.0,-1.607203692719655,190,190,190,180,190,210,220
20.26987600326538,0.09057170763150854,7.503222772967683,0.2617993877991417,0.0,-1.607203692719655,190,180,180,180,190,210,220
20.280073165893555,0.09057170763150854,7.503222772967683,0.2617993877991417,0.0,-1.607203692719655,190,180,180,180,190,210,220
20.29590129852295,0.09088708081242083,7.494589863064533,0.2617993877991417,0.0,-1.6072251638610076,190,180,180,180,190,210,220
20.306102514266968,0.09088708081242083,7.494589863064533,0.2617993877991417,0.0,-1.6072251638610076,190,180,180,180,190,210,220
20.316304206848145,0.09088708081242083,7.494589863064533,0.2617993877991417,0.0,-1.6072251638610076,190,180,180,180,190,210,220
20.326741933822632,0.0912124826711843,7.485684685637677,0.2617993877991417,0.0,-1.6072464202646572,190,180,180,180,190,220,220
20.336941957473755,0.0912124826711843,7.485684685637677,0.2617993877991417,0.0,-1.6072464202646572,190,180,180,180,190,220,220
20.347171783447266,0.0912124826711843,7.485684685637677,0.2617993877991417,0.0,-1.6072464202646572,190,180,180,180,190,220,220
20.357367277145386,0.0912124826711843,7.485684685637677,0.2617993877991417,0.0,-1.6072464202646572,190,180,180,180,190,220,220
20.36755633354187,0.09152865689197803,7.47703043635656,0.2617993877991417,0.0,-1.6072707554110706,190,190,180,180,190,220,220
20.377804279327393,0.09152865689197803,7.47703043635656,0.2617993877991417,0.0,-1.6072707554110706,190,190,180,180,190,220,220
20.388072967529297,0.09152865689197803,7.47703043635656,0.2617993877991417,0.0,-1.6072707554110706,190,190,180,180,190,220,220
20.398290395736694,0.09184486817442909,7.4683665355775,0.2617993877991417,0.0,-1.6072927661907392,190,190,180,180,190,220,220
20.408485174179077,0.09184486817442909,7.4683665355775,0.2617993877991417,0.0,-1.6072927661907392,190,190,180,180,190,220,220
20.418694496154785,0.09184486817442909,7.4683665355775,0.2617993877991417,0.0,-1.6072927661907392,190,190,180,180,190,200,220
20.428914785385132,0.09217023672935545,7.459434549146447,0.2617993877991417,0.0,-1.607293443934491,190,190,180,180,190,200,220
20.447388410568237,0.09217023672935545,7.459434549146447,0.2617993877991417,0.0,-1.607293443934491,190,190,180,180,190,200,220
20.45766544342041,0.09217023672935545,7.459434549146447,0.2617993877991417,0.0,-1.607293443934491,190,190,180,180,190,200,220
20.46788454055786,0.09248199209566263,7.450772925684034,0.2617993877991417,0.0,-1.607290855003885,190,190,180,180,190,200,220
20.47803831100464,0.09248199209566263,7.450772925684034,0.2617993877991417,0.0,-1.607290855003885,190,190,180,190,190,210,210
20.48823642730713,0.09248199209566263,7.450772925684034,0.2617993877991417,0.0,-1.607290855003885,190,190,180,190,190,210,210
20.49988102912903,0.09279177717254071,7.442125007916155,0.2617993877991417,0.0,-1.607414461931426,190,190,180,190,190,210,210
20.51008915901184,0.09279177717254071,7.442125007916155,0.2617993877991417,0.0,-1.607414461931426,190,190,180,190,190,210,210
20.520301342010498,0.09279177717254071,7.442125007916155,0.2617993877991417,0.0,-1.607414461931426,190,190,180,190,190,210,210
20.530623197555542,0.09312331586181659,7.43328987749015,0.2617993877991417,0.0,-1.6075878886529238,190,190,190,190,190,200,190
20.540831327438354,0.09312331586181659,7.43328987749015,0.2617993877991417,0.0,-1.6075878886529238,190,190,190,190,190,200,190
20.551023960113525,0.09312331586181659,7.43328987749015,0.2617993877991417,0.0,-1.6075878886529238,190,190,190,190,190,200,190
20.56127119064331,0.09344086876665281,7.424689349228273,0.2617993877991417,0.0,-1.6076016488690454,190,190,190,190,190,200,190
20.571494102478027,0.09344086876665281,7.424689349228273,0.2617993877991417,-0.05235987755982833,-1.6076016488690454,190,190,190,190,190,200,190
20.581693172454834,0.09344086876665281,7.424689349228273,0.2617993877991417,-0.05235987755982833,-1.6076016488690454,190,190,190,190,190,200,190
20.596598625183105,0.09344086876665281,7.424689349228273,0.2617993877991417,-0.06981317007977111,-1.6076016488690454,190,190,190,190,190,200,190
20.6068332195282,0.09375839172932734,7.416086943310326,0.2617993877991417,-0.08726646259971389,-1.6076414718343248,190,190,190,190,190,200,190
20.617029428482056,0.09375839172932734,7.416086943310326,0.2617993877991417,-0.08726646259971389,-1.6076414718343248,190,190,190,190,190,190,190
20.6272394657135,0.0940786218294178,7.407209394272649,0.2617993877991417,-0.08726646259971389,-1.605591974575322,190,190,190,190,190,190,190
20.63745379447937,0.0940786218294178,7.407209394272649,0.2617993877991417,-0.10471975511965666,-1.605591974575322,190,190,190,190,190,190,190
20.647667407989502,0.0940786218294178,7.407209394272649,0.2617993877991417,-0.10471975511965666,-1.605591974575322,190,190,190,190,190,190,190
20.65788435935974,0.0940786218294178,7.407209394272649,0.2617993877991417,-0.10471975511965666,-1.605591974575322,190,190,190,190,190,190,190
20.66813349723816,0.09436906448252931,7.398566230762811,0.2617993877991417,-0.10471975511965666,-1.6027827984184453,190,190,180,190,190,190,190
20.67833924293518,0.09436906448252931,7.398566230762811,0.2617993877991417,-0.10471975511965666,-1.6027827984184453,190,190,180,190,190,190,190
20.696927547454834,0.09436906448252931,7.398566230762811,0.2617993877991417,-0.08726646259971389,-1.6027827984184453,190,190,180,190,190,190,190
20.70734453201294,0.094633073959806,7.389905100017814,0.2617993877991417,-0.08726646259971389,-1.599393696629319,190,190,180,190,190,190,190
20.717544317245483,0.094633073959806,7.389905100017814,0.2617993877991417,-0.06981317007977111,-1.599393696629319,190,190,180,190,190,190,190
20.727823972702026,0.09487421693969028,7.380967342610991,0.2617993877991417,-0.05235987755982833,-1.5958741755379187,190,190,180,190,190,190,190
20.738062381744385,0.09487421693969028,7.380967342610991,0.2617993877991417,-0.05235987755982833,-1.5958741755379187,190,190,180,190,190,190,190
20.748255729675293,0.09487421693969028,7.380967342610991,0.2617993877991417,-0.05235987755982833,-1.5958741755379187,190,190,180,190,190,190,190
20.75845956802368,0.09508390733124764,7.372292777947376,0.2617993877991417,0.0,-1.5940621062967482,190,190,180,190,190,190,190
20.768689393997192,0.09508390733124764,7.372292777947376,0.2617993877991417,0.0,-1.5940621062967482,190,190,180,180,190,190,190
20.778899669647217,0.09508390733124764,7.372292777947376,0.2617993877991417,0.0,-1.5940621062967482,190,190,180,180,190,190,190
20.795663356781006,0.09528422572290303,7.3636215909472424,0.2617993877991417,0.0,-1.5939528381393315,190,190,180,180,190,190,190
20.805904865264893,0.09528422572290303,7.3636215909472424,0.2617993877991417,0.0,-1.5939528381393315,190,190,180,180,190,190,190
20.81608819961548,0.09528422572290303,7.3636215909472424,0.2617993877991417,0.0,-1.5939528381393315,190,190,180,190,190,190,190
20.82628059387207,0.09549045343005691,7.354685972197202,0.2617993877991417,0.0,-1.593965565322052,190,190,180,190,190,190,190
20.836522102355957,0.09549045343005691,7.354685972197202,0.2617993877991417,0.0,-1.593965565322052,190,190,180,190,190,190,190
20.848124027252197,0.09549045343005691,7.354685972197202,0.2617993877991417,0.0,-1.593965565322052,190,190,180,190,190,190,190
20.858337879180908,0.09568551852937157,7.346023384536564,0.2617993877991417,0.0,-1.594001997244179,190,190,180,190,190,190,190
20.86856460571289,0.09568551852937157,7.346023384536564,0.2617993877991417,0.0,-1.594001997244179,190,190,180,190,190,190,190
20.878859043121338,0.09568551852937157,7.346023384536564,0.2617993877991417,0.0,-1.594001997244179,190,190,180,180,190,190,190
20.889180898666382,0.09568551852937157,7.346023384536564,0.2617993877991417,0.0,-1.594001997244179,190,190,180,180,190,190,190
20.899530172348022,0.09568551852937157,7.346023384536564,0.2617993877991417,0.0,-1.594001997244179,190,190,180,180,190,190,190
20.90979242324829,0.09587677587715987,7.3373831795799695,0.2617993877991417,0.0,-1.59426203851208,190,190,180,180,190,190,190
20.920006036758423,0.09587677587715987,7.3373831795799695,0.2617993877991417,0.0,-1.59426203851208,190,190,180,180,190,190,190
20.930237770080566,0.09609400309010081,7.328535422775012,0.2617993877991417,0.0,-1.5943964413930711,170,190,180,190,190,190,190
20.94043779373169,0.09609400309010081,7.328535422775012,0.2617993877991417,0.0,-1.5943964413930711,170,190,180,190,190,190,190
20.95062565803528,0.09609400309010081,7.328535422775012,0.2617993877991417,0.0,-1.5943964413930711,170,190,180,190,190,190,190
20.960819959640503,0.09629818182243886,7.319931922484582,0.2617993877991417,0.0,-1.594415209732756,170,190,180,190,190,190,190
20.971055269241333,0.09629818182243886,7.319931922484582,0.2617993877991417,0.0,-1.594415209732756,190,190,180,190,190,190,190
20.981732845306396,0.09629818182243886,7.319931922484582,0.2617993877991417,0.0,-1.594415209732756,190,190,180,190,190,190,190
20.99942946434021,0.09650225072432222,7.311324635078744,0.2617993877991417,0.0,-1.5944239352050287,190,190,180,190,190,190,190
21.009620428085327,0.09650225072432222,7.311324635078744,0.2617993877991417,0.0,-1.5944239352050287,190,190,180,190,190,190,190
21.019819498062134,0.09650225072432222,7.311324635078744,0.2617993877991417,0.0,-1.5944239352050287,190,200,180,180,190,190,190
21.030023097991943,0.09671309158850615,7.302445274393089,0.2617993877991417,0.0,-1.5944292207318655,190,200,180,180,190,190,190
21.04846453666687,0.09671309158850615,7.302445274393089,0.2617993877991417,0.0,-1.5944292207318655,190,200,180,180,190,190,190
21.058671474456787,0.0969179806136565,7.2938164147479725,0.2617993877991417,0.0,-1.5944374469902267,190,200,180,180,190,190,190
21.06890606880188,0.0969179806136565,7.2938164147479725,0.2617993877991417,0.0,-1.5944374469902267,180,190,180,180,190,190,190
21.079114198684692,0.0969179806136565,7.2938164147479725,0.2617993877991417,0.0,-1.5944374469902267,180,190,180,180,190,190,190
21.097174644470215,0.0969179806136565,7.2938164147479725,0.2617993877991417,0.0,-1.5944374469902267,180,190,180,180,190,190,190
21.10750126838684,0.09712312235479541,7.285177582083509,0.2617993877991417,0.0,-1.5944439305618303,180,190,180,180,190,190,190
21.117699146270752,0.09712312235479541,7.285177582083509,0.2617993877991417,0.0,-1.5944439305618303,180,190,180,180,190,190,190
21.127957820892334,0.09733467240346948,7.276266181681956,0.2617993877991417,0.0,-1.594451311883535,180,180,180,180,180,190,190
21.14544677734375,0.09733467240346948,7.276266181681956,0.2617993877991417,0.0,-1.594451311883535,180,180,180,180,180,190,190
21.15566349029541,0.09733467240346948,7.276266181681956,0.2617993877991417,0.0,-1.594451311883535,180,180,180,180,180,190,190
21.165873289108276,0.09754007415922947,7.267605953360393,0.2617993877991417,0.0,-1.594464235581265,170,190,180,180,190,190,190
21.17611026763916,0.09754007415922947,7.267605953360393,0.2617993877991417,0.0,-1.594464235581265,170,190,180,180,190,190,190
21.18630838394165,0.09754007415922947,7.267605953360393,0.2617993877991417,0.0,-1.594464235581265,170,190,180,180,190,190,190
21.201193809509277,0.09754007415922947,7.267605953360393,0.2617993877991417,0.0,-1.594464235581265,170,190,180,180,190,190,190
21.211750030517578,0.09774511852408255,7.2589364313715175,0.2617993877991417,0.0,-1.5944778007931126,170,190,180,180,190,190,190
21.222498893737793,0.09774511852408255,7.2589364313715175,0.2617993877991417,0.0,-1.5944778007931126,160,190,180,180,180,190,190
21.23279571533203,0.09795588981602889,7.250001506259845,0.2617993877991417,0.0,-1.5944893129433395,160,190,180,180,180,190,190
21.24843192100525,0.09795588981602889,7.250001506259845,0.2617993877991417,0.0,-1.5944893129433395,160,190,180,180,180,190,190
21.25862741470337,0.09795588981602889,7.250001506259845,0.2617993877991417,0.0,-1.5944893129433395,160,190,180,180,180,190,190
21.268860816955566,0.09815471242475651,7.2413407057350225,0.2617993877991417,0.0,-1.5945342841419596,160,190,180,180,180,190,190
21.279194593429565,0.09815471242475651,7.2413407057350225,0.2617993877991417,0.0,-1.5945342841419596,160,180,180,180,180,190,190
21.298327445983887,0.09815471242475651,7.2413407057350225,0.2617993877991417,0.0,-1.5945342841419596,160,180,180,180,180,190,190
21.30867886543274,0.09835231286427791,7.232706995384379,0.2617993877991417,0.0,-1.5948376986491342,160,180,180,180,180,190,190
21.318870306015015,0.09835231286427791,7.232706995384379,0.2617993877991417,0.0,-1.5948376986491342,160,180,180,180,190,190,190
21.32905149459839,0.09857383598357267,7.223857465420491,0.2617993877991417,0.0,-1.594917374638839,160,180,180,180,190,190,190
21.347840070724487,0.09857383598357267,7.223857465420491,0.2617993877991417,0.0,-1.594917374638839,160,180,180,180,190,190,190
21.358036518096924,0.09878212919243784,7.215255569898003,0.2617993877991417,0.0,-1.594933464251693,160,180,180,180,190,190,190
21.36825442314148,0.09878212919243784,7.215255569898003,0.2617993877991417,0.0,-1.594933464251693,160,190,180,180,190,190,190
21.378478527069092,0.09878212919243784,7.215255569898003,0.2617993877991417,0.0,-1.594933464251693,160,190,180,180,190,190,190
21.388679027557373,0.09878212919243784,7.215255569898003,0.2617993877991417,0.0,-1.594933464251693,160,190,180,180,190,190,190
21.399560689926147,0.09899075634199234,7.206647224341833,0.2617993877991417,0.0,-1.5949418096637964,160,190,180,180,190,190,190
21.409772634506226,0.09899075634199234,7.206647224341833,0.2617993877991417,0.0,-1.5949418096637964,160,190,180,180,190,190,190
21.419955253601074,0.09899075634199234,7.206647224341833,0.2617993877991417,0.0,-1.5949418096637964,160,180,180,180,190,190,180
21.430234909057617,0.09920623061406253,7.19776655118104,0.2617993877991417,0.0,-1.5949477268194567,160,180,180,180,190,190,180
21.440456867218018,0.09920623061406253,7.19776655118104,0.2617993877991417,0.0,-1.5949477268194567,160,180,180,180,190,190,180
21.454933881759644,0.09920623061406253,7.19776655118104,0.2617993877991417,0.0,-1.5949477268194567,160,180,180,180,190,190,180
21.465885877609253,0.09941561650983868,7.1891365752635465,0.2617993877991417,0.0,-1.594955857334851,160,180,180,180,190,190,180
21.476122856140137,0.09941561650983868,7.1891365752635465,0.2617993877991417,0.0,-1.594955857334851,160,180,180,180,190,190,180
21.486433029174805,0.09941561650983868,7.1891365752635465,0.2617993877991417,0.0,-1.594955857334851,150,190,180,180,190,190,180
21.500523567199707,0.09941561650983868,7.1891365752635465,0.2617993877991417,0.0,-1.594955857334851,150,190,180,180,190,190,180
21.51093578338623,0.09962526169050595,7.180496605114975,0.2617993877991417,0.0,-1.5949623413331298,150,190,180,180,190,190,180
21.52113962173462,0.09962526169050595,7.180496605114975,0.2617993877991417,0.0,-1.5949623413331298,160,190,180,180,190,190,190
21.531339645385742,0.09984143785644552,7.17158393658012,0.2617993877991417,0.0,-1.5949704642189084,160,190,180,180,190,190,190
21.549124240875244,0.09984143785644552,7.17158393658012,0.2617993877991417,0.0,-1.5949704642189084,160,190,180,180,190,190,190
21.559359550476074,0.1000513272983959,7.162922557692925,0.2617993877991417,0.0,-1.5949840419565213,160,190,180,180,190,190,190
21.56958270072937,0.1000513272983959,7.162922557692925,0.2617993877991417,0.0,-1.5949840419565213,160,180,180,180,190,190,180
21.579846382141113,0.1000513272983959,7.162922557692925,0.2617993877991417,0.0,-1.5949840419565213,160,180,180,180,190,190,180
21.590091705322266,0.1000513272983959,7.162922557692925,0.2617993877991417,0.0,-1.5949840419565213,160,180,180,180,190,190,180
21.600297212600708,0.10026079469413651,7.154252187273259,0.2617993877991417,0.0,-1.5949971111321164,160,180,180,180,190,190,180
21.610490798950195,0.10026079469413651,7.154252187273259,0.2617993877991417,0.0,-1.5949971111321164,160,180,180,180,190,190,180
21.620691776275635,0.10026079469413651,7.154252187273259,0.2617993877991417,0.0,-1.5949971111321164,150,180,180,180,190,190,180
21.630899906158447,0.10047592628853269,7.145318192005658,0.2617993877991417,0.0,-1.5950084660856145,150,180,180,180,190,190,180
21.647783517837524,0.10047592628853269,7.145318192005658,0.2617993877991417,0.0,-1.5950084660856145,150,180,180,180,190,190,180
21.658002376556396,0.10047592628853269,7.145318192005658,0.2617993877991417,0.0,-1.5950084660856145,150,180,180,180,190,190,180
21.668352603912354,0.1006784685911107,7.136659214740147,0.2617993877991417,0.0,-1.5950676246356617,150,180,180,180,190,190,180
21.67858362197876,0.1006784685911107,7.136659214740147,0.2617993877991417,0.0,-1.5950676246356617,150,180,180,180,190,190,190
21.69291400909424,0.1006784685911107,7.136659214740147,0.2617993877991417,0.0,-1.5950676246356617,150,180,180,180,190,190,190
21.703223705291748,0.10088346375754538,7.128033452490531,0.2617993877991417,0.0,-1.5954057597961822,150,180,180,180,190,190,190
21.713413953781128,0.10088346375754538,7.128033452490531,0.2617993877991417,0.0,-1.5954057597961822,150,160,180,180,190,190,180
21.72373604774475,0.10088346375754538,7.128033452490531,0.2617993877991417,0.0,-1.5954057597961822,150,160,180,180,190,190,180
21.7339289188385,0.10110827359668934,7.11918303380716,0.2617993877991417,0.0,-1.5954499963979665,150,160,180,180,190,190,180
21.74842357635498,0.10110827359668934,7.11918303380716,0.2617993877991417,0.0,-1.5954499963979665,150,160,180,180,190,190,180
21.7586350440979,0.10132096102739972,7.1105817845133705,0.2617993877991417,0.0,-1.595466973323897,150,160,180,180,190,190,180
21.76884150505066,0.10132096102739972,7.1105817845133705,0.2617993877991417,0.0,-1.595466973323897,140,150,180,190,190,190,190
21.779115438461304,0.10132096102739972,7.1105817845133705,0.2617993877991417,0.0,-1.595466973323897,140,150,180,190,190,190,190
21.789346933364868,0.10132096102739972,7.1105817845133705,0.2617993877991417,0.0,-1.595466973323897,140,150,180,190,190,190,190
21.799635887145996,0.1015342351857056,7.101972356610153,0.2617993877991417,0.0,-1.5954746783509657,140,150,180,190,190,190,190
21.812418937683105,0.1015342351857056,7.101972356610153,0.2617993877991417,0.0,-1.5954746783509657,140,150,180,190,190,190,190
21.822681665420532,0.1015342351857056,7.101972356610153,0.2617993877991417,0.0,-1.5954746783509657,150,150,190,190,190,190,190
21.83292055130005,0.10175447017692839,7.093090458494792,0.2617993877991417,0.0,-1.595481225524866,150,150,190,190,190,190,190
21.846388816833496,0.10175447017692839,7.093090458494792,0.2617993877991417,0.0,-1.595481225524866,150,150,190,190,190,190,190
21.85663604736328,0.10175447017692839,7.093090458494792,0.2617993877991417,0.0,-1.595481225524866,150,150,190,190,190,190,190
21.866876125335693,0.10196848018013455,7.084459440129777,0.2617993877991417,0.0,-1.5954891561455475,150,150,180,190,190,190,190
21.877107620239258,0.10196848018013455,7.084459440129777,0.2617993877991417,0.0,-1.5954891561455475,150,150,180,190,190,190,190
21.887322425842285,0.10196848018013455,7.084459440129777,0.2617993877991417,0.0,-1.5954891561455475,150,150,180,190,190,190,190
21.898086309432983,0.1021827568120348,7.075818399506373,0.2617993877991417,0.0,-1.595495621299046,150,150,180,190,190,190,190
21.90830135345459,0.1021827568120348,7.075818399506373,0.2617993877991417,0.0,-1.595495621299046,150,150,180,190,190,190,190
21.918519973754883,0.1021827568120348,7.075818399506373,0.2617993877991417,0.0,-1.595495621299046,150,150,180,190,190,190,190
21.92870545387268,0.10240369063909621,7.0669045206435,0.2617993877991417,0.0,-1.5955045478137881,140,140,180,190,190,190,190
21.938916444778442,0.10240369063909621,7.0669045206435,0.2617993877991417,0.0,-1.5955045478137881,140,140,180,190,190,190,190
21.950483560562134,0.10240369063909621,7.0669045206435,0.2617993877991417,0.0,-1.5955045478137881,140,140,180,190,190,190,190
21.960732221603394,0.10261818507029581,7.0582420692154875,0.2617993877991417,0.0,-1.595518641705779,140,140,180,190,190,190,190
21.970935106277466,0.10261818507029581,7.0582420692154875,0.2617993877991417,0.0,-1.595518641705779,150,150,180,190,190,190,190
21.981501579284668,0.10261818507029581,7.0582420692154875,0.2617993877991417,0.0,-1.595518641705779,150,150,180,190,190,190,190
21.991753101348877,0.1028322102795361,7.049570984072266,0.2617993877991417,0.0,-1.5955313141928134,150,150,180,190,190,190,190
22.001945972442627,0.1028322102795361,7.049570984072266,0.2617993877991417,0.0,-1.5955313141928134,150,150,180,190,190,190,190
22.01215648651123,0.1028322102795361,7.049570984072266,0.2617993877991417,0.0,-1.5955313141928134,150,150,180,190,190,190,190
22.02243447303772,0.1028322102795361,7.049570984072266,0.2617993877991417,0.0,-1.5955313141928134,150,150,180,190,190,200,190
22.033071756362915,0.10305166945104,7.040638169327687,0.2617993877991417,0.0,-1.595542738758119,150,150,180,190,190,200,190
22.050452709197998,0.10305166945104,7.040638169327687,0.2617993877991417,0.0,-1.595542738758119,150,150,180,190,190,200,190
22.060681104660034,0.1032581680292226,7.031981111716364,0.2617993877991417,0.0,-1.5956201185855579,150,150,180,190,190,200,190
22.0708909034729,0.1032581680292226,7.031981111716364,0.2617993877991417,0.0,-1.5956201185855579,140,150,180,190,190,210,220
22.08115792274475,0.1032581680292226,7.031981111716364,0.2617993877991417,0.0,-1.5956201185855579,140,150,180,190,190,210,220
22.091457843780518,0.1032581680292226,7.031981111716364,0.2617993877991417,0.0,-1.5956201185855579,140,150,180,190,190,210,220
22.10172939300537,0.10347105990018417,7.023364526221698,0.2617993877991417,0.0,-1.5959757014385905,140,150,180,190,190,210,220
22.111965894699097,0.10347105990018417,7.023364526221698,0.2617993877991417,0.0,-1.5959757014385905,140,150,180,190,190,210,220
22.122194051742554,0.10347105990018417,7.023364526221698,0.2617993877991417,0.0,-1.5959757014385905,150,150,140,190,190,200,190
22.132415056228638,0.10369882589611046,7.014510652854968,0.2617993877991417,0.0,-1.595983499934791,150,150,140,190,190,200,190
22.150346040725708,0.10369882589611046,7.014510652854968,0.2617993877991417,0.0,-1.595983499934791,150,150,140,190,190,200,190
22.160568475723267,0.10391608084672137,7.0059092168734,0.2617993877991417,0.0,-1.5959979324353946,150,150,140,190,190,200,190
22.17082118988037,0.10391608084672137,7.0059092168734,0.2617993877991417,0.0,-1.5959979324353946,150,150,140,190,190,200,190
22.181036710739136,0.10391608084672137,7.0059092168734,0.2617993877991417,0.0,-1.5959979324353946,150,150,140,210,190,220,220
22.1973819732666,0.10413400749936463,6.997298613871063,0.2617993877991417,0.0,-1.5960051075478034,150,150,140,210,190,220,220
22.20760679244995,0.10413400749936463,6.997298613871063,0.2617993877991417,0.0,-1.5960051075478034,150,150,140,210,190,220,220
22.217788219451904,0.10413400749936463,6.997298613871063,0.2617993877991417,0.0,-1.5960051075478034,150,150,140,210,190,220,220
22.22859001159668,0.10435898332637984,6.9884154596963866,0.2617993877991417,0.0,-1.596012383709838,150,150,140,180,190,220,220
22.238826274871826,0.10435898332637984,6.9884154596963866,0.2617993877991417,0.0,-1.596012383709838,150,150,140,180,190,220,220
22.250676155090332,0.10435898332637984,6.9884154596963866,0.2617993877991417,0.0,-1.596012383709838,150,150,140,180,190,220,220
22.260985136032104,0.10457760164251885,6.979783333976682,0.2617993877991417,0.0,-1.5960202046850123,150,150,140,180,190,220,220
22.271216869354248,0.10457760164251885,6.979783333976682,0.2617993877991417,0.0,-1.5960202046850123,150,150,140,180,190,220,220
22.281421661376953,0.10457760164251885,6.979783333976682,0.2617993877991417,0.0,-1.5960202046850123,140,150,140,180,190,200,190
22.2966251373291,0.10457760164251885,6.979783333976682,0.2617993877991417,0.0,-1.5960202046850123,140,150,140,180,190,200,190
22.307106256484985,0.10479649263368106,6.971141161675885,0.17453292519942779,0.0,-1.5960266849481197,140,150,140,180,190,200,190
22.31740117073059,0.10479649263368106,6.971141161675885,0.10471975511965666,0.0,-1.5960266849481197,140,150,140,190,190,200,200
22.327632904052734,0.10502216406645874,6.962225997572732,0.03490658503988556,0.0,-1.596036577092486,140,150,140,190,190,200,200
22.337826013565063,0.10502216406645874,6.962225997572732,0.03490658503988556,0.0,-1.596036577092486,140,150,140,190,190,200,200
22.34912610054016,0.10502216406645874,6.962225997572732,0.03490658503988556,0.0,-1.596036577092486,140,150,140,190,190,200,200
22.35934019088745,0.10523260190010987,6.9540049058906925,0.0,0.0,-1.5962718608237805,140,150,140,190,190,200,200
22.369532108306885,0.10523260190010987,6.9540049058906925,0.0,0.0,-1.5962718608237805,140,140,150,140,190,200,200
22.3802649974823,0.10523260190010987,6.9540049058906925,0.0,0.0,-1.5962718608237805,140,140,150,140,190,200,200
22.397969961166382,0.10523260190010987,6.9540049058906925,0.0,0.06981317007977111,-1.5962718608237805,140,140,150,140,190,200,200
22.408350944519043,0.10542704081855056,6.9465351585482935,0.0,0.157079632679485,-1.5969779466096228,140,140,150,140,190,200,200
22.41854214668274,0.10542704081855056,6.9465351585482935,0.0,0.27925268031908446,-1.5969779466096228,140,150,150,140,190,200,200
22.428727865219116,0.10561921381988129,6.93947239433366,0.0,0.27925268031908446,-1.5981244800823327,140,150,150,140,190,200,200
22.438931941986084,0.10561921381988129,6.93947239433366,0.0,0.31415926535897,-1.5981244800823327,140,150,150,140,190,200,200
22.450985193252563,0.10561921381988129,6.93947239433366,0.0,0.31415926535897,-1.5981244800823327,140,150,150,140,190,200,200
22.461187839508057,0.10579966491221274,6.933095556260691,0.0,0.43633231299856945,-1.599244361782245,140,150,150,140,190,200,200
22.471395254135132,0.10579966491221274,6.933095556260691,0.0,0.43633231299856945,-1.599244361782245,140,150,150,140,190,200,210
22.481592178344727,0.10579966491221274,6.933095556260691,0.0,0.43633231299856945,-1.599244361782245,140,150,150,140,190,200,210
22.498282194137573,0.10597934447541507,6.927078027860867,0.0,0.43633231299856945,-1.600349562643114,140,150,150,140,190,200,210
22.50852656364441,0.10597934447541507,6.927078027860867,0.0,0.43633231299856945,-1.600349562643114,140,150,150,140,190,200,210
22.51870083808899,0.10597934447541507,6.927078027860867,0.0,0.43633231299856945,-1.600349562643114,140,150,150,140,190,200,210
22.528888702392578,0.10616775576271946,6.921165802438337,0.0,0.43633231299856945,-1.6015023524085121,150,150,150,140,180,200,210
22.53909969329834,0.10616775576271946,6.921165802438337,0.0,0.43633231299856945,-1.6015023524085121,150,150,150,140,180,200,210
22.54982280731201,0.10616775576271946,6.921165802438337,0.0,0.43633231299856945,-1.6015023524085121,150,150,150,140,180,200,210
22.56002688407898,0.10635996832699807,6.915654174883311,0.0,0.43633231299856945,-1.6027174737675747,150,150,150,140,180,200,210
22.57024598121643,0.10635996832699807,6.915654174883311,0.0,0.43633231299856945,-1.6027174737675747,160,140,140,140,180,200,220
22.580455541610718,0.10635996832699807,6.915654174883311,0.0,0.43633231299856945,-1.6027174737675747,160,140,140,140,180,200,220
22.590676069259644,0.10635996832699807,6.915654174883311,0.0,0.43633231299856945,-1.6027174737675747,160,140,140,140,180,200,220
22.601659774780273,0.10655062138571159,6.9103578021289795,0.0,0.43633231299856945,-1.6043414282468043,160,140,140,140,180,200,220
22.612133741378784,0.10655062138571159,6.9103578021289795,0.0,0.43633231299856945,-1.6043414282468043,160,140,140,140,180,200,220
22.62256932258606,0.10655062138571159,6.9103578021289795,0.0,0.43633231299856945,-1.6043414282468043,160,140,140,140,180,200,220
22.633622407913208,0.10674184322882499,6.9051284833850435,0.0,0.43633231299856945,-1.607118842116568,180,140,150,150,180,200,210
22.651612281799316,0.10674184322882499,6.9051284833850435,0.0,0.43633231299856945,-1.607118842116568,180,140,150,150,180,200,210
22.661824226379395,0.10693434678250435,6.900293782973912,0.0,0.43633231299856945,-1.6111613198945194,180,140,150,150,180,200,210
22.672056674957275,0.10693434678250435,6.900293782973912,0.0,0.43633231299856945,-1.6111613198945194,180,140,150,150,180,200,210
22.68232822418213,0.10693434678250435,6.900293782973912,0.0,0.43633231299856945,-1.6111613198945194,170,140,140,150,140,190,190
22.692759037017822,0.10713469318180024,6.895757630523071,0.0,0.43633231299856945,-1.61648126725004,170,140,140,150,140,190,190
22.703023433685303,0.10713469318180024,6.895757630523071,0.0,0.43633231299856945,-1.61648126725004,170,140,140,150,140,190,190
22.713225603103638,0.10713469318180024,6.895757630523071,0.03490658503988556,0.43633231299856945,-1.61648126725004,170,140,140,150,140,190,190
22.723750114440918,0.10713469318180024,6.895757630523071,0.10471975511965666,0.43633231299856945,-1.61648126725004,170,140,140,150,140,190,190
22.734018802642822,0.10734865118782012,6.891459727606939,0.10471975511965666,0.43633231299856945,-1.623238334583736,180,140,140,150,140,180,190
22.744236946105957,0.10734865118782012,6.891459727606939,0.17453292519942779,0.43633231299856945,-1.623238334583736,180,140,140,150,140,180,190
22.756788730621338,0.10734865118782012,6.891459727606939,0.2268928027592561,0.43633231299856945,-1.623238334583736,180,140,140,150,140,180,190
22.76697850227356,0.10756127974691462,6.88753481384701,0.2268928027592561,0.43633231299856945,-1.628934923794171,180,140,140,150,140,180,190
22.77716088294983,0.10756127974691462,6.88753481384701,0.2617993877991417,0.43633231299856945,-1.628934923794171,180,140,140,150,140,180,190
22.787349224090576,0.10756127974691462,6.88753481384701,0.2617993877991417,0.43633231299856945,-1.628934923794171,180,150,140,140,140,180,190
22.804086446762085,0.10779418397320142,6.883651786852072,0.2617993877991417,0.43633231299856945,-1.63157042918879,180,150,140,140,140,180,190
22.814279556274414,0.10779418397320142,6.883651786852072,0.2617993877991417,0.43633231299856945,-1.63157042918879,180,150,140,140,140,180,190
22.824443101882935,0.10779418397320142,6.883651786852072,0.2617993877991417,0.43633231299856945,-1.63157042918879,180,150,140,140,140,180,190
22.834622383117676,0.10806117040952266,6.8793330341786145,0.2617993877991417,0.43633231299856945,-1.6333354250880983,180,150,140,140,140,140,180
22.850910425186157,0.10806117040952266,6.8793330341786145,0.2617993877991417,0.43633231299856945,-1.6333354250880983,180,150,140,140,140,140,180
22.861109256744385,0.10835669758141483,6.874810448754701,0.2617993877991417,0.43633231299856945,-1.6365665165888001,180,150,140,140,140,140,180
22.871304035186768,0.10835669758141483,6.874810448754701,0.2617993877991417,0.43633231299856945,-1.6365665165888001,180,150,140,140,140,140,180
22.88157558441162,0.10835669758141483,6.874810448754701,0.2617993877991417,0.43633231299856945,-1.6365665165888001,190,160,140,140,150,140,170
22.891762733459473,0.10835669758141483,6.874810448754701,0.2617993877991417,0.43633231299856945,-1.6365665165888001,190,160,140,140,150,140,170
22.902601957321167,0.10869560780263665,6.869963469977984,0.2617993877991417,0.43633231299856945,-1.6429781251615572,190,160,140,140,150,140,170
22.912837028503418,0.10869560780263665,6.869963469977984,0.2617993877991417,0.43633231299856945,-1.6429781251615572,190,160,140,140,150,140,170
22.923033952713013,0.10869560780263665,6.869963469977984,0.2617993877991417,0.43633231299856945,-1.6429781251615572,180,170,140,140,150,140,140
22.9332115650177,0.10912240595726924,6.8644808839777705,0.2617993877991417,0.43633231299856945,-1.6531053733523342,180,170,140,140,150,140,140
22.94344925880432,0.10912240595726924,6.8644808839777705,0.2617993877991417,0.43633231299856945,-1.6531053733523342,180,170,140,140,150,140,140
22.953633785247803,0.10912240595726924,6.8644808839777705,0.2617993877991417,0.43633231299856945,-1.6531053733523342,180,170,140,140,150,140,140
22.963807106018066,0.10965288785217189,6.8585377677170305,0.2617993877991417,0.43633231299856945,-1.6659372115520066,180,170,140,140,150,140,140
22.97400689125061,0.10965288785217189,6.8585377677170305,0.2617993877991417,0.43633231299856945,-1.6659372115520066,180,180,150,140,140,140,150
22.984201908111572,0.10965288785217189,6.8585377677170305,0.2617993877991417,0.43633231299856945,-1.6659372115520066,180,180,150,140,140,140,150
22.994450092315674,0.11033709027496963,6.851890688897614,0.2617993877991417,0.43633231299856945,-1.6808221717947427,180,180,150,140,140,140,150
23.00466251373291,0.11033709027496963,6.851890688897614,0.2617993877991417,0.43633231299856945,-1.6808221717947427,180,180,150,140,140,140,150
23.01484251022339,0.11033709027496963,6.851890688897614,0.2617993877991417,0.43633231299856945,-1.6808221717947427,180,180,150,140,140,140,150
23.0250141620636,0.11033709027496963,6.851890688897614,0.2617993877991417,0.43633231299856945,-1.6808221717947427,210,190,180,140,140,140,140
23.0353000164032,0.11124066466322859,6.844274908500571,0.2617993877991417,0.43633231299856945,-1.6967994182484794,210,190,180,140,140,140,140
23.046067714691162,0.11124066466322859,6.844274908500571,0.2617993877991417,0.43633231299856945,-1.6967994182484794,210,190,180,140,140,140,140
23.056251764297485,0.11124066466322859,6.844274908500571,0.2617993877991417,0.43633231299856945,-1.6967994182484794,210,190,180,140,140,140,140
23.066630363464355,0.11232636988278817,6.83618116234525,0.2617993877991417,0.43633231299856945,-1.7111408048851253,210,190,180,140,140,140,140
23.076932668685913,0.11232636988278817,6.83618116234525,0.2617993877991417,0.43633231299856945,-1.7111408048851253,190,190,180,150,150,140,140
23.095715761184692,0.11357819350519063,6.82777963327155,0.2617993877991417,0.43633231299856945,-1.7254465572331816,190,190,180,150,150,140,140
23.105957984924316,0.11357819350519063,6.82777963327155,0.2617993877991417,0.43633231299856945,-1.7254465572331816,190,190,180,150,150,140,140
23.11619210243225,0.11357819350519063,6.82777963327155,0.2617993877991417,0.43633231299856945,-1.7254465572331816,190,220,190,170,140,140,140
23.126384258270264,0.11498995481735538,6.819149811949195,0.2617993877991417,0.43633231299856945,-1.7399964056040593,190,220,190,170,140,140,140
23.13657855987549,0.11498995481735538,6.819149811949195,0.2617993877991417,0.43633231299856945,-1.7399964056040593,190,220,190,170,140,140,140
23.149377584457397,0.11498995481735538,6.819149811949195,0.2617993877991417,0.43633231299856945,-1.7399964056040593,190,220,190,170,140,140,140
23.15956997871399,0.11648106030029247,6.810783750394747,0.2617993877991417,0.43633231299856945,-1.7541403868347294,190,220,190,170,140,140,140
23.169761657714844,0.11648106030029247,6.810783750394747,0.2617993877991417,0.43633231299856945,-1.7541403868347294,190,190,190,190,140,140,140
23.18002462387085,0.11648106030029247,6.810783750394747,0.2617993877991417,0.43633231299856945,-1.7541403868347294,190,190,190,190,140,140,140
23.197357654571533,0.11809068980802012,6.8024294471650375,0.2617993877991417,0.43633231299856945,-1.7682764128498059,190,190,190,190,140,140,140
23.207563161849976,0.11809068980802012,6.8024294471650375,0.2617993877991417,0.43633231299856945,-1.7682764128498059,190,190,190,190,140,140,140
23.217750072479248,0.11809068980802012,6.8024294471650375,0.2617993877991417,0.43633231299856945,-1.7682764128498059,190,190,190,190,140,140,140
23.227954864501953,0.11987452980571273,6.793834926253921,0.2617993877991417,0.43633231299856945,-1.7828665946591988,190,210,190,180,180,140,140
23.246463537216187,0.11987452980571273,6.793834926253921,0.2617993877991417,0.43633231299856945,-1.7828665946591988,190,210,190,180,180,140,140
23.25668501853943,0.11987452980571273,6.793834926253921,0.2617993877991417,0.43633231299856945,-1.7828665946591988,190,210,190,180,180,140,140
23.26690912246704,0.1217280538847241,6.785507483307205,0.2617993877991417,0.43633231299856945,-1.7970540231663978,190,210,190,180,180,140,140
23.27715039253235,0.1217280538847241,6.785507483307205,0.2617993877991417,0.43633231299856945,-1.7970540231663978,180,190,190,190,180,120,130
23.28734827041626,0.1217280538847241,6.785507483307205,0.2617993877991417,0.43633231299856945,-1.7970540231663978,180,190,190,190,180,120,130
23.29932188987732,0.12370157569395365,6.777197488640271,0.2617993877991417,0.43633231299856945,-1.8112778362548543,180,190,190,190,180,120,130
23.309566974639893,0.12370157569395365,6.777197488640271,0.2617993877991417,0.43633231299856945,-1.8112778362548543,180,190,190,190,180,120,130
23.319836139678955,0.12370157569395365,6.777197488640271,0.2617993877991417,0.43633231299856945,-1.8112778362548543,190,190,190,190,180,150,130
23.330508947372437,0.12585960616945965,6.7686598634596455,0.2617993877991417,0.43633231299856945,-1.8259963151225447,190,190,190,190,180,150,130
23.34592580795288,0.12585960616945965,6.7686598634596455,0.2617993877991417,0.43633231299856945,-1.8259963151225447,190,190,190,190,180,150,130
23.356137990951538,0.12585960616945965,6.7686598634596455,0.2617993877991417,0.43633231299856945,-1.8259963151225447,190,190,190,190,180,150,130
23.366315841674805,0.1280732958020598,6.760401060595961,0.2617993877991417,0.43633231299856945,-1.8403445590430927,180,190,190,190,190,190,130
23.376485347747803,0.1280732958020598,6.760401060595961,0.2617993877991417,0.43633231299856945,-1.8403445590430927,180,190,190,190,190,190,130
23.386648416519165,0.1280732958020598,6.760401060595961,0.2617993877991417,0.43633231299856945,-1.8403445590430927,180,190,190,190,190,190,130
23.399413347244263,0.1280732958020598,6.760401060595961,0.2617993877991417,0.43633231299856945,-1.8403445590430927,180,190,190,190,190,190,130
23.409809112548828,0.13040813945255486,6.752163513493548,0.2617993877991417,0.43633231299856945,-1.8546371720919435,180,190,190,190,190,190,130
23.420037269592285,0.13040813945255486,6.752163513493548,0.2617993877991417,0.43633231299856945,-1.8546371720919435,180,190,210,190,190,190,140
23.430790185928345,0.13292309122539298,6.743759264612052,0.2617993877991417,0.43633231299856945,-1.869692856472437,180,190,210,190,190,190,140
23.44625186920166,0.13292309122539298,6.743759264612052,0.2617993877991417,0.43633231299856945,-1.869692856472437,180,190,210,190,190,190,140
23.456466913223267,0.13292309122539298,6.743759264612052,0.2617993877991417,0.43633231299856945,-1.869692856472437,180,190,210,190,190,190,140
23.466686725616455,0.13547726956517675,6.73568780832144,0.2617993877991417,0.43633231299856945,-1.8840565962840872,170,190,190,190,190,190,190
23.476875066757202,0.13547726956517675,6.73568780832144,0.2617993877991417,0.43633231299856945,-1.8840565962840872,170,190,190,190,190,190,190
23.49527335166931,0.13547726956517675,6.73568780832144,0.2617993877991417,0.43633231299856945,-1.8840565962840872,170,190,190,190,190,190,190
23.505476474761963,0.13547726956517675,6.73568780832144,0.2617993877991417,0.43633231299856945,-1.8840565962840872,170,190,190,190,190,190,190
23.515666007995605,0.13814584129654134,6.727646257901284,0.2617993877991417,0.43633231299856945,-1.898438459204041,180,190,190,190,190,190,190
23.525933504104614,0.14101751776281626,6.719395805883776,0.2617993877991417,0.43633231299856945,-1.9132619356601315,180,190,190,190,190,190,190
23.536134719848633,0.14101751776281626,6.719395805883776,0.2617993877991417,0.43633231299856945,-1.9132619356601315,180,190,190,190,190,190,190
23.546400547027588,0.14101751776281626,6.719395805883776,0.2617993877991417,0.43633231299856945,-1.9132619356601315,180,190,190,190,190,190,190
23.55657649040222,0.14101751776281626,6.719395805883776,0.2617993877991417,0.43633231299856945,-1.9132619356601315,180,190,190,190,190,190,190
23.56674861907959,0.14392566863738618,6.711418520207131,0.2617993877991417,0.43633231299856945,-1.9276641276574893,170,180,190,190,190,190,190
23.576916933059692,0.14392566863738618,6.711418520207131,0.2617993877991417,0.43633231299856945,-1.9276641276574893,170,180,190,190,190,190,190
23.587093114852905,0.14392566863738618,6.711418520207131,0.2617993877991417,0.43633231299856945,-1.9276641276574893,170,180,190,190,190,190,190
23.59729814529419,0.1469529562467802,6.703472077644291,0.2617993877991417,0.43633231299856945,-1.9420795734628968,170,180,190,190,190,190,190
23.60747718811035,0.1469529562467802,6.703472077644291,0.2617993877991417,0.43633231299856945,-1.9420795734628968,170,180,190,190,190,190,190
23.61766290664673,0.1469529562467802,6.703472077644291,0.2617993877991417,0.43633231299856945,-1.9420795734628968,160,170,190,210,190,180,190
23.62788152694702,0.1469529562467802,6.703472077644291,0.2617993877991417,0.43633231299856945,-1.9420795734628968,160,170,190,210,190,180,190
23.638050079345703,0.1501962592286153,6.6953188392780145,0.2617993877991417,0.43633231299856945,-1.9569431892582447,160,170,190,210,190,180,190
23.65046215057373,0.1501962592286153,6.6953188392780145,0.2617993877991417,0.43633231299856945,-1.9569431892582447,160,170,190,210,190,180,190
23.660656452178955,0.15346419406924036,6.687440717122488,0.2617993877991417,0.43633231299856945,-1.971373689162344,160,170,190,210,190,180,190
23.67091965675354,0.15346419406924036,6.687440717122488,0.2617993877991417,0.43633231299856945,-1.971373689162344,160,170,190,210,190,180,190
23.681148052215576,0.15346419406924036,6.687440717122488,0.2617993877991417,0.43633231299856945,-1.971373689162344,160,160,190,200,190,190,190
23.694725513458252,0.1568486982057102,6.679602019897752,0.2617993877991417,0.43633231299856945,-1.9857973496009949,160,160,190,200,190,190,190
23.704944849014282,0.1568486982057102,6.679602019897752,0.2617993877991417,0.43633231299856945,-1.9857973496009949,160,160,190,200,190,190,190
23.715171575546265,0.1568486982057102,6.679602019897752,0.2617993877991417,0.43633231299856945,-1.9857973496009949,160,170,180,190,180,180,190
23.725361824035645,0.16045132703355183,6.671577017755664,0.2617993877991417,0.43633231299856945,-2.0005844278071088,160,170,180,190,180,180,190
23.73555016517639,0.16045132703355183,6.671577017755664,0.2617993877991417,0.43633231299856945,-2.0005844278071088,160,170,180,190,180,180,190
23.748826026916504,0.16045132703355183,6.671577017755664,0.2617993877991417,0.43633231299856945,-2.0005844278071088,160,170,180,190,180,180,190
23.75904607772827,0.16405686575064926,6.663855332150694,0.2617993877991417,0.43633231299856945,-2.0147342545944507,160,170,180,190,180,180,190
23.769245862960815,0.16405686575064926,6.663855332150694,0.2617993877991417,0.43633231299856945,-2.0147342545944507,160,170,160,190,190,190,190
23.779454469680786,0.16405686575064926,6.663855332150694,0.2617993877991417,0.43633231299856945,-2.0147342545944507,160,170,160,190,190,190,190
23.789661645889282,0.16405686575064926,6.663855332150694,0.2617993877991417,0.43633231299856945,-2.0147342545944507,160,170,160,190,190,190,190
23.799850702285767,0.1677672660161349,6.656193013573457,0.2617993877991417,0.43633231299856945,-2.0287809527631393,160,170,160,190,190,190,190
23.8100368976593,0.1677672660161349,6.656193013573457,0.2617993877991417,0.43633231299856945,-2.0287809527631393,160,170,160,190,190,190,190
23.82024574279785,0.1677672660161349,6.656193013573457,0.2617993877991417,0.43633231299856945,-2.0287809527631393,170,160,160,190,190,190,190
23.83046269416809,0.17170298323272734,6.648349083959745,0.2617993877991417,0.43633231299856945,-2.043297547645932,170,160,160,190,190,190,190
23.848509073257446,0.17170298323272734,6.648349083959745,0.2617993877991417,0.43633231299856945,-2.043297547645932,170,160,160,190,190,190,190
23.858737230300903,0.17563133363494451,6.640790620218953,0.2617993877991417,0.43633231299856945,-2.057462513100553,170,160,160,190,190,190,190
23.86894464492798,0.17563133363494451,6.640790620218953,0.2617993877991417,0.43633231299856945,-2.057462513100553,170,160,160,190,190,190,190
23.879767656326294,0.17563133363494451,6.640790620218953,0.2617993877991417,0.43633231299856945,-2.057462513100553,180,160,160,180,180,190,180
23.895804405212402,0.17563133363494451,6.640790620218953,0.2617993877991417,0.40142572795868386,-2.057462513100553,180,160,160,180,180,190,180
23.90604591369629,0.17966429816022722,6.633293573851185,0.2617993877991417,-0.13962634015954223,-2.071752884464716,180,160,160,180,180,190,180
23.91627836227417,0.17966429816022722,6.633293573851185,0.2617993877991417,-0.13962634015954223,-2.071752884464716,180,160,160,180,180,190,180
23.92669653892517,0.18388993926357142,6.625708760680218,0.2617993877991417,0.0,-2.086114143925814,180,160,160,180,180,180,190
23.94615626335144,0.18388993926357142,6.625708760680218,0.2617993877991417,0.0,-2.086114143925814,180,160,160,180,180,180,190
23.956494569778442,0.18388993926357142,6.625708760680218,0.2617993877991417,0.0,-2.086114143925814,180,160,160,180,180,180,190
23.966692447662354,0.18798893099696623,6.618578510956821,0.2617993877991417,0.0,-2.0967511330251996,180,160,160,160,190,190,190
23.976891040802002,0.18798893099696623,6.618578510956821,0.2617993877991417,0.0,-2.0967511330251996,180,160,160,160,190,190,190
23.995862007141113,0.19199999025408784,6.611712649021552,0.2617993877991417,0.0,-2.1003716400895494,180,160,160,160,190,190,190
24.006101369857788,0.19199999025408784,6.611712649021552,0.2617993877991417,0.0,-2.1003716400895494,180,160,160,160,190,190,190
24.016297101974487,0.19199999025408784,6.611712649021552,0.2617993877991417,0.0,-2.1003716400895494,190,160,160,170,190,190,190
24.026910543441772,0.19627925218553152,6.604407987186114,0.2617993877991417,0.0,-2.1009897407185614,190,160,160,170,190,190,190
24.04395365715027,0.19627925218553152,6.604407987186114,0.2617993877991417,0.0,-2.1009897407185614,190,160,160,170,190,190,190
24.05418848991394,0.19627925218553152,6.604407987186114,0.2617993877991417,0.0,-2.1009897407185614,190,160,160,170,190,190,190
24.06440758705139,0.20064738232626483,6.596959194991786,0.2617993877991417,0.0,-2.1012216511085944,190,160,160,170,190,190,190
24.074622869491577,0.20064738232626483,6.596959194991786,0.2617993877991417,0.0,-2.1012216511085944,190,160,160,170,190,190,190
24.0848286151886,0.20064738232626483,6.596959194991786,0.2617993877991417,0.0,-2.1012216511085944,190,160,160,170,190,190,190
24.1013662815094,0.20502011587868113,6.589504063872674,0.2617993877991417,0.0,-2.1012991730091835,190,160,160,170,190,190,190
24.11154055595398,0.20502011587868113,6.589504063872674,0.2617993877991417,0.0,-2.1012991730091835,190,160,160,170,190,190,190
24.121703624725342,0.20502011587868113,6.589504063872674,0.2617993877991417,0.0,-2.1012991730091835,190,160,160,170,190,190,190
24.131930351257324,0.20952076552912619,6.581839778920861,0.2617993877991417,0.0,-2.101187076880274,190,170,160,170,190,190,190
24.151357650756836,0.20952076552912619,6.581839778920861,0.2617993877991417,0.0,-2.101187076880274,190,170,160,170,190,190,190
24.16159701347351,0.21388219317052795,6.574404730188529,0.2617993877991417,0.0,-2.1009742789279797,190,170,160,170,190,190,190
24.17180347442627,0.21388219317052795,6.574404730188529,0.2617993877991417,0.0,-2.1009742789279797,190,160,160,170,190,190,190
24.182028770446777,0.21388219317052795,6.574404730188529,0.2617993877991417,0.0,-2.1009742789279797,190,160,160,170,190,190,190
24.194440603256226,0.21388219317052795,6.574404730188529,0.2617993877991417,0.0,-2.1009742789279797,190,160,160,170,190,190,190
24.204688549041748,0.21824882699008855,6.566958073262849,0.2617993877991417,0.0,-2.100781441653676,190,160,160,170,190,190,190
24.214887857437134,0.21824882699008855,6.566958073262849,0.2617993877991417,0.0,-2.100781441653676,190,160,160,170,190,190,190
24.2250919342041,0.21824882699008855,6.566958073262849,0.2617993877991417,0.0,-2.100781441653676,190,160,160,170,190,190,190
24.235430002212524,0.222748889872921,6.5592760688126255,0.2617993877991417,0.0,-2.1005741512360734,190,160,160,170,190,190,190
24.249967098236084,0.222748889872921,6.5592760688126255,0.2617993877991417,0.0,-2.1005741512360734,190,160,160,170,190,190,190
24.260186910629272,0.22711804894033094,6.551814358391874,0.2617993877991417,0.0,-2.1004167180777213,190,160,160,170,190,190,190
24.270390272140503,0.22711804894033094,6.551814358391874,0.2617993877991417,0.13962634015954223,-2.1004167180777213,180,160,160,160,190,190,190
24.280609130859375,0.22711804894033094,6.551814358391874,0.2617993877991417,0.13962634015954223,-2.1004167180777213,180,160,160,160,190,190,190
24.29559564590454,0.22711804894033094,6.551814358391874,0.2617993877991417,0.13962634015954223,-2.1004167180777213,180,160,160,160,190,190,190
24.305973052978516,0.23148355275657245,6.544355257024541,0.2617993877991417,0.36651914291879834,-2.100349331338426,180,160,160,160,190,190,190
24.316195964813232,0.23148355275657245,6.544355257024541,0.2617993877991417,0.36651914291879834,-2.100349331338426,180,160,160,160,190,190,190
24.326416492462158,0.23583082377736303,6.536919725794313,0.2617993877991417,0.43633231299856945,-2.097678483327768,180,160,160,170,190,190,190
24.34708023071289,0.23583082377736303,6.536919725794313,0.2617993877991417,0.43633231299856945,-2.097678483327768,180,160,160,170,190,190,190
24.357314825057983,0.24001736124760087,6.529712373134779,0.2617993877991417,0.43633231299856945,-2.097624221775136,180,160,160,170,190,190,190
24.367523670196533,0.24001736124760087,6.529712373134779,0.2617993877991417,0.43633231299856945,-2.097624221775136,180,160,160,170,190,190,190
24.37771487236023,0.24001736124760087,6.529712373134779,0.2617993877991417,0.43633231299856945,-2.097624221775136,180,160,160,170,190,190,190
24.38790011405945,0.24001736124760087,6.529712373134779,0.2617993877991417,0.43633231299856945,-2.097624221775136,180,160,160,170,190,190,190
24.39814519882202,0.2442890395438046,6.522411619528427,0.2617993877991417,0.43633231299856945,-2.1044761810201287,180,160,160,170,190,190,190
24.40837049484253,0.2442890395438046,6.522411619528427,0.2617993877991417,0.43633231299856945,-2.1044761810201287,180,160,160,170,190,190,190
24.41854763031006,0.2442890395438046,6.522411619528427,0.2617993877991417,0.43633231299856945,-2.1044761810201287,180,160,160,170,190,190,190
24.428760290145874,0.2488016373173212,6.514887946811838,0.2617993877991417,0.43633231299856945,-2.1187673143792205,180,160,160,170,190,190,190
24.4389750957489,0.2488016373173212,6.514887946811838,0.2617993877991417,0.43633231299856945,-2.1187673143792205,180,160,160,170,190,190,190
24.450815677642822,0.2488016373173212,6.514887946811838,0.2617993877991417,0.43633231299856945,-2.1187673143792205,180,160,160,170,190,190,190
24.46102213859558,0.25328556016538456,6.507653904484995,0.2617993877991417,0.43633231299856945,-2.133336449382435,180,160,160,170,190,190,190
24.471212148666382,0.25328556016538456,6.507653904484995,0.2617993877991417,0.43633231299856945,-2.133336449382435,190,160,160,160,190,190,190
24.481399536132812,0.25328556016538456,6.507653904484995,0.2617993877991417,0.43633231299856945,-2.133336449382435,190,160,160,160,190,190,190
24.497292518615723,0.2578681990867882,6.500496643960316,0.2617993877991417,0.43633231299856945,-2.1477659188271514,190,160,160,160,190,190,190
24.50745415687561,0.2578681990867882,6.500496643960316,0.2617993877991417,0.43633231299856945,-2.1477659188271514,190,160,160,160,190,190,190
24.51764464378357,0.2578681990867882,6.500496643960316,0.2617993877991417,0.43633231299856945,-2.1477659188271514,190,160,160,160,190,190,190
24.527833700180054,0.26268591059863233,6.493212436843507,0.2617993877991417,0.43633231299856945,-2.162391397587302,180,160,160,160,180,190,190
24.547649145126343,0.26268591059863233,6.493212436843507,0.2617993877991417,0.43633231299856945,-2.162391397587302,180,160,160,160,180,190,190
24.557963371276855,0.26268591059863233,6.493212436843507,0.2617993877991417,0.31415926535897,-2.162391397587302,180,160,160,160,180,190,190
24.56819200515747,0.2674724886202038,6.486197340571446,0.2617993877991417,0.31415926535897,-2.1766130055209114,190,170,160,160,180,190,180
24.57842230796814,0.2674724886202038,6.486197340571446,0.2617993877991417,0.17453292519942779,-2.1766130055209114,190,170,160,160,180,190,180
24.59584665298462,0.2723081865076526,6.479296940323072,0.2617993877991417,0.06981317007977111,-2.1866808075351467,190,170,160,160,180,190,180
24.606040954589844,0.2723081865076526,6.479296940323072,0.2617993877991417,0.0,-2.1866808075351467,190,170,160,160,180,190,180
24.616225242614746,0.2723081865076526,6.479296940323072,0.2617993877991417,0.0,-2.1866808075351467,190,170,160,160,180,190,180
24.62639355659485,0.27731653229825426,6.47225951012971,0.2617993877991417,0.0,-2.1907571865128306,190,170,160,160,170,190,180
24.636668920516968,0.27731653229825426,6.47225951012971,0.2617993877991417,0.0,-2.1907571865128306,190,170,160,160,170,190,180
24.647169828414917,0.27731653229825426,6.47225951012971,0.2617993877991417,0.0,-2.1907571865128306,190,170,160,160,170,190,180
24.657374143600464,0.27731653229825426,6.47225951012971,0.2268928027592561,0.0,-2.1907571865128306,190,170,160,160,170,190,180
24.6676127910614,0.2823380010789363,6.465230123111722,0.157079632679485,-0.05235987755982833,-2.190914995237633,190,170,160,160,170,190,180
24.67780590057373,0.2823380010789363,6.465230123111722,0.157079632679485,-0.05235987755982833,-2.190914995237633,190,170,160,160,170,190,180
24.68799638748169,0.2823380010789363,6.465230123111722,0.06981317007977111,-0.17453292519942779,-2.190914995237633,190,170,160,160,170,190,180
24.69822406768799,0.28711611019638894,6.458538784372227,0.03490658503988556,-0.19198621771937055,-2.190225742553676,190,170,160,160,170,190,180
24.708416223526,0.28711611019638894,6.458538784372227,0.03490658503988556,-0.19198621771937055,-2.190225742553676,190,170,160,160,170,190,180
24.71864151954651,0.28711611019638894,6.458538784372227,0.0,-0.2967059728390272,-2.190225742553676,190,170,160,160,170,190,180
24.728867292404175,0.29160637925316446,6.452237419101181,0.0,-0.2967059728390272,-2.1886360131291833,190,170,160,160,170,190,180
24.74549627304077,0.29160637925316446,6.452237419101181,0.0,-0.31415926535897,-2.1886360131291833,190,170,160,160,170,190,180
24.755725383758545,0.29160637925316446,6.452237419101181,0.0,-0.34906585039885557,-2.1886360131291833,190,170,160,160,170,190,180
24.765920877456665,0.29555711646343624,6.446662877897268,0.03490658503988556,-0.43633231299856945,-2.184783534536924,190,170,160,160,170,180,180
24.776144981384277,0.29555711646343624,6.446662877897268,0.03490658503988556,-0.43633231299856945,-2.184783534536924,190,170,160,160,170,180,180
24.786320209503174,0.29555711646343624,6.446662877897268,0.10471975511965666,-0.43633231299856945,-2.184783534536924,190,170,160,160,170,180,180
24.799388647079468,0.29555711646343624,6.446662877897268,0.10471975511965666,-0.43633231299856945,-2.184783534536924,190,170,160,160,170,180,180
24.809755086898804,0.2991488992307118,6.44154283662296,0.2617993877991417,-0.43633231299856945,-2.1781916898067766,190,170,160,160,170,180,180
24.8199725151062,0.2991488992307118,6.44154283662296,0.2617993877991417,-0.43633231299856945,-2.1781916898067766,190,170,160,160,170,180,180
24.830268383026123,0.3025205137241587,6.4366465778045745,0.2617993877991417,-0.43633231299856945,-2.1684181575816157,190,160,160,160,170,180,180
24.849964141845703,0.3025205137241587,6.4366465778045745,0.2617993877991417,-0.43633231299856945,-2.1684181575816157,190,160,160,160,170,180,180
24.860280513763428,0.30569754684146366,6.431927963079341,0.2617993877991417,-0.43633231299856945,-2.1595453380427436,190,160,160,160,170,180,180
24.87050151824951,0.30569754684146366,6.431927963079341,0.2617993877991417,-0.43633231299856945,-2.1595453380427436,190,160,160,160,170,180,180
24.880712270736694,0.30569754684146366,6.431927963079341,0.2617993877991417,-0.43633231299856945,-2.1595453380427436,190,160,160,140,180,180,190
24.890929460525513,0.3089501752639251,6.4270288687743005,0.2617993877991417,-0.43633231299856945,-2.153433136196564,190,160,160,140,180,180,190
24.90168046951294,0.3089501752639251,6.4270288687743005,0.2617993877991417,-0.43633231299856945,-2.153433136196564,190,160,160,140,180,180,190
24.911895990371704,0.3089501752639251,6.4270288687743005,0.2617993877991417,-0.43633231299856945,-2.153433136196564,190,160,160,140,180,180,190
24.922171115875244,0.3089501752639251,6.4270288687743005,0.2617993877991417,-0.43633231299856945,-2.153433136196564,190,160,160,140,180,180,190
24.932388305664062,0.31245383736656995,6.421684215341332,0.2617993877991417,-0.43633231299856945,-2.14786208471782,200,160,160,140,190,180,190
24.94848871231079,0.31245383736656995,6.421684215341332,0.2617993877991417,-0.43633231299856945,-2.14786208471782,200,160,160,140,190,180,190
24.95880389213562,0.31601125349281095,6.416191933926754,0.2617993877991417,-0.43633231299856945,-2.140518461820444,200,160,160,140,190,180,190
24.96928596496582,0.31601125349281095,6.416191933926754,0.2617993877991417,-0.43633231299856945,-2.140518461820444,200,160,160,140,190,180,190
24.97967553138733,0.31601125349281095,6.416191933926754,0.2617993877991417,-0.43633231299856945,-2.140518461820444,170,150,150,150,190,180,190
24.995620012283325,0.31971876486893797,6.4103444198532475,0.2617993877991417,-0.43633231299856945,-2.12905815711397,170,150,150,150,190,180,190
25.005833387374878,0.31971876486893797,6.4103444198532475,0.2617993877991417,-0.43633231299856945,-2.12905815711397,170,150,150,150,190,180,190
25.016051530838013,0.31971876486893797,6.4103444198532475,0.2617993877991417,-0.43633231299856945,-2.12905815711397,170,160,140,150,180,180,190
25.02628755569458,0.32373796590039355,6.403808387075697,0.2617993877991417,-0.43633231299856945,-2.113088124032471,170,160,140,150,180,180,190
25.03650999069214,0.32373796590039355,6.403808387075697,0.2617993877991417,-0.43633231299856945,-2.113088124032471,170,160,140,150,180,180,190
25.047058582305908,0.32373796590039355,6.403808387075697,0.2617993877991417,-0.43633231299856945,-2.113088124032471,170,160,140,150,180,180,190
25.05732297897339,0.32373796590039355,6.403808387075697,0.2617993877991417,-0.43633231299856945,-2.113088124032471,170,160,140,150,180,180,190
25.067513465881348,0.3278260256144668,6.396892599908501,0.2617993877991417,-0.43633231299856945,-2.094930636569428,150,150,150,160,180,190,210
25.077712297439575,0.3278260256144668,6.396892599908501,0.2617993877991417,-0.43633231299856945,-2.094930636569428,150,150,150,160,180,190,210
25.087923049926758,0.3278260256144668,6.396892599908501,0.2617993877991417,-0.43633231299856945,-2.094930636569428,150,150,150,160,180,190,210
25.099140167236328,0.3319831762655669,6.389561088003303,0.2617993877991417,-0.43633231299856945,-2.078075494836655,150,150,150,160,180,190,210
25.109376907348633,0.3319831762655669,6.389561088003303,0.2617993877991417,-0.43633231299856945,-2.078075494836655,150,150,150,160,180,190,210
25.119579553604126,0.3319831762655669,6.389561088003303,0.2617993877991417,-0.43633231299856945,-2.078075494836655,150,150,150,160,180,190,210
25.129826307296753,0.3362979111665749,6.38166011636657,0.2617993877991417,-0.43633231299856945,-2.062926983788063,140,140,140,190,180,190,210
25.14926505088806,0.3362979111665749,6.38166011636657,0.2617993877991417,-0.43633231299856945,-2.062926983788063,140,140,140,190,180,190,210
25.159555196762085,0.3403877444933935,6.373906157361468,0.2617993877991417,-0.43633231299856945,-2.0484495395968225,140,140,140,190,180,190,210
25.169746160507202,0.3403877444933935,6.373906157361468,0.2617993877991417,-0.43633231299856945,-2.0484495395968225,140,140,140,190,180,190,210
25.18000316619873,0.3403877444933935,6.373906157361468,0.2617993877991417,-0.43633231299856945,-2.0484495395968225,150,140,140,190,180,190,210
25.196940183639526,0.3403877444933935,6.373906157361468,0.2617993877991417,-0.43633231299856945,-2.0484495395968225,150,140,140,190,180,190,210
25.20722532272339,0.3403877444933935,6.373906157361468,0.2617993877991417,-0.43633231299856945,-2.0484495395968225,150,140,140,190,180,190,210
25.217451333999634,0.3443611391007933,6.366111560481198,0.2617993877991417,-0.43633231299856945,-2.0341369888130734,150,140,140,190,180,190,210
25.227669954299927,0.34831021454245925,6.358067732985145,0.2617993877991417,-0.43633231299856945,-2.0197804388569116,140,140,150,180,190,190,210
25.24696397781372,0.34831021454245925,6.358067732985145,0.2617993877991417,-0.43633231299856945,-2.0197804388569116,140,140,150,180,190,190,210
25.25722098350525,0.34831021454245925,6.358067732985145,0.2617993877991417,-0.43633231299856945,-2.0197804388569116,140,140,150,180,190,190,210
25.26747226715088,0.35204881568398305,6.350171619041165,0.2617993877991417,-0.43633231299856945,-2.0056349453414977,140,140,150,180,190,190,210
25.278062343597412,0.35204881568398305,6.350171619041165,0.2617993877991417,-0.43633231299856945,-2.0056349453414977,140,140,150,170,190,210,210
25.296689748764038,0.3556817773787856,6.342209133235773,0.2617993877991417,-0.43633231299856945,-1.9914471820146633,140,140,150,170,190,210,210
25.307076454162598,0.3556817773787856,6.342209133235773,0.2617993877991417,-0.43633231299856945,-1.9914471820146633,140,140,150,170,190,210,210
25.317380666732788,0.3556817773787856,6.342209133235773,0.2617993877991417,-0.43633231299856945,-1.9914471820146633,140,140,150,170,190,210,210
25.327634811401367,0.3593114454853901,6.333940457774595,0.2617993877991417,-0.43633231299856945,-1.9768079763569628,140,140,160,170,190,210,210
25.337969303131104,0.3593114454853901,6.333940457774595,0.2617993877991417,-0.43633231299856945,-1.9768079763569628,140,140,160,170,190,210,210
25.348341464996338,0.3593114454853901,6.333940457774595,0.2617993877991417,-0.43633231299856945,-1.9768079763569628,140,140,160,170,190,210,210
25.358633279800415,0.3627224171389041,6.325853963920562,0.2617993877991417,-0.43633231299856945,-1.9625630284587345,140,140,160,170,190,210,210
25.368835926055908,0.3627224171389041,6.325853963920562,0.2617993877991417,-0.43633231299856945,-1.9625630284587345,140,140,160,180,190,210,210
25.37902331352234,0.3627224171389041,6.325853963920562,0.2617993877991417,-0.43633231299856945,-1.9625630284587345,140,140,160,180,190,210,210
25.389207124710083,0.3627224171389041,6.325853963920562,0.2617993877991417,-0.43633231299856945,-1.9625630284587345,140,140,160,180,190,210,210
25.399407863616943,0.3660213062162814,6.317709751693542,0.2617993877991417,-0.43633231299856945,-1.9482730047898655,140,140,160,180,190,210,210
25.409597873687744,0.3660213062162814,6.317709751693542,0.2617993877991417,-0.43633231299856945,-1.9482730047898655,140,140,160,180,190,210,210
25.419798851013184,0.3660213062162814,6.317709751693542,0.2617993877991417,-0.43633231299856945,-1.9482730047898655,140,140,160,180,190,210,210
25.430041074752808,0.3692994577390994,6.30926481998435,0.2617993877991417,-0.43633231299856945,-1.9334887607034674,140,150,160,190,190,210,210
25.445672750473022,0.3692994577390994,6.30926481998435,0.2617993877991417,-0.43633231299856945,-1.9334887607034674,140,150,160,190,190,210,210
25.45587658882141,0.3692994577390994,6.30926481998435,0.2617993877991417,-0.43633231299856945,-1.9334887607034674,140,150,160,190,190,210,210
25.46604633331299,0.3723614751567581,6.30102228857955,0.2617993877991417,-0.43633231299856945,-1.9190649152897499,140,150,160,190,190,210,210
25.47628164291382,0.3723614751567581,6.30102228857955,0.2617993877991417,-0.43633231299856945,-1.9190649152897499,120,160,170,200,200,210,210
25.4957492351532,0.37529880660303466,6.292754670972477,0.2617993877991417,-0.43633231299856945,-1.9046296628188915,120,160,170,200,200,210,210
25.505940675735474,0.37529880660303466,6.292754670972477,0.2617993877991417,-0.43633231299856945,-1.9046296628188915,120,160,170,200,200,210,210
25.516141653060913,0.37529880660303466,6.292754670972477,0.2617993877991417,-0.43633231299856945,-1.9046296628188915,120,160,170,200,200,210,210
25.526350021362305,0.37818858311188375,6.284251014483674,0.2617993877991417,-0.43633231299856945,-1.8898841044548425,130,170,170,180,190,190,210
25.536556482315063,0.37818858311188375,6.284251014483674,0.2617993877991417,-0.43633231299856945,-1.8898841044548425,130,170,170,180,190,190,210
25.550275564193726,0.37818858311188375,6.284251014483674,0.2617993877991417,-0.43633231299856945,-1.8898841044548425,130,170,170,180,190,190,210
25.560481309890747,0.3808651438403053,6.275957385981833,0.2617993877991417,-0.43633231299856945,-1.8756783914070685,130,170,170,180,190,190,210
25.570663690567017,0.3808651438403053,6.275957385981833,0.2617993877991417,-0.43633231299856945,-1.8756783914070685,130,160,190,180,210,190,210
25.58083987236023,0.3808651438403053,6.275957385981833,0.2617993877991417,-0.43633231299856945,-1.8756783914070685,130,160,190,180,210,190,210
25.594913005828857,0.3808651438403053,6.275957385981833,0.2617993877991417,-0.43633231299856945,-1.8756783914070685,130,160,190,180,210,190,210
25.605292797088623,0.383427560035092,6.267613386288886,0.2617993877991417,-0.43633231299856945,-1.8613536744959636,130,160,190,180,210,190,210
25.61549401283264,0.383427560035092,6.267613386288886,0.2617993877991417,-0.43633231299856945,-1.8613536744959636,130,160,190,180,210,190,210
25.625707149505615,0.3859448406385211,6.258971948545394,0.2617993877991417,-0.43633231299856945,-1.8465668939693454,140,170,180,190,190,210,210
25.635913848876953,0.3859448406385211,6.258971948545394,0.2617993877991417,-0.43633231299856945,-1.8465668939693454,140,170,180,190,190,210,210
25.646148204803467,0.3859448406385211,6.258971948545394,0.2617993877991417,-0.43633231299856945,-1.8465668939693454,140,170,180,190,190,210,210
25.656351566314697,0.3859448406385211,6.258971948545394,0.2617993877991417,-0.43633231299856945,-1.8465668939693454,140,170,180,190,190,210,210
25.666584253311157,0.38826857490794997,6.250539465776994,0.2617993877991417,-0.43633231299856945,-1.832186179409554,160,170,190,190,210,210,210
25.67677330970764,0.38826857490794997,6.250539465776994,0.2617993877991417,-0.43633231299856945,-1.832186179409554,160,170,190,190,210,210,210
25.686959266662598,0.38826857490794997,6.250539465776994,0.2617993877991417,-0.43633231299856945,-1.832186179409554,160,170,190,190,210,210,210
25.69806981086731,0.39047360432493255,6.242062987389847,0.2617993877991417,-0.43633231299856945,-1.817778916093356,160,170,190,190,210,210,210
25.708284616470337,0.39047360432493255,6.242062987389847,0.2617993877991417,-0.43633231299856945,-1.817778916093356,160,170,190,190,210,210,210
25.718544244766235,0.39047360432493255,6.242062987389847,0.2617993877991417,-0.43633231299856945,-1.817778916093356,160,170,190,190,210,210,210
25.728816986083984,0.3926201007502589,6.233285242209836,0.2617993877991417,-0.43633231299856945,-1.8029118420079062,170,180,190,200,210,210,210
25.739030122756958,0.3926201007502589,6.233285242209836,0.2617993877991417,-0.43633231299856945,-1.8029118420079062,170,180,190,200,210,210,210
25.749682426452637,0.3926201007502589,6.233285242209836,0.2617993877991417,-0.43633231299856945,-1.8029118420079062,170,180,190,200,210,210,210
25.759904623031616,0.39458033948459814,6.224725497449337,0.2617993877991417,-0.43633231299856945,-1.788467317426261,170,180,190,200,210,210,210
25.770081281661987,0.39458033948459814,6.224725497449337,0.2617993877991417,-0.43633231299856945,-1.788467317426261,170,180,190,200,210,210,210
25.78034210205078,0.39458033948459814,6.224725497449337,0.2617993877991417,-0.43633231299856945,-1.788467317426261,170,190,190,200,210,210,210
25.790547132492065,0.39458033948459814,6.224725497449337,0.2617993877991417,-0.43633231299856945,-1.788467317426261,170,190,190,200,210,210,210
25.800845623016357,0.3964173311137376,6.216134577480486,0.2617993877991417,-0.43633231299856945,-1.7740528459240636,170,190,190,200,210,210,210
25.81102156639099,0.3964173311137376,6.216134577480486,0.2617993877991417,-0.43633231299856945,-1.7740528459240636,170,190,190,200,210,210,210
25.821200370788574,0.3964173311137376,6.216134577480486,0.2617993877991417,-0.43633231299856945,-1.7740528459240636,170,190,190,200,210,210,210
25.831393480300903,0.39818054153027893,6.2072718637418145,0.2617993877991417,-0.43633231299856945,-1.75936014749052,170,190,200,210,210,210,210
25.850512742996216,0.39818054153027893,6.2072718637418145,0.2617993877991417,-0.43633231299856945,-1.75936014749052,170,190,200,210,210,210,210
25.860783338546753,0.39975613108737823,6.198700894667949,0.2617993877991417,-0.43633231299856945,-1.745495662141264,170,190,200,210,210,210,210
25.870964765548706,0.39975613108737823,6.198700894667949,0.2617993877991417,-0.43633231299856945,-1.745495662141264,180,190,190,210,210,210,210
25.88136124610901,0.39975613108737823,6.198700894667949,0.2617993877991417,-0.43633231299856945,-1.745495662141264,180,190,190,210,210,210,210
25.89840340614319,0.40121751597049377,6.19008282638927,0.2617993877991417,-0.43633231299856945,-1.7314884610024954,180,190,190,210,210,210,210
25.908652544021606,0.40121751597049377,6.19008282638927,0.2617993877991417,-0.43633231299856945,-1.7314884610024954,180,190,190,210,210,210,210
25.91883111000061,0.40121751597049377,6.19008282638927,0.2617993877991417,-0.43633231299856945,-1.7314884610024954,180,190,190,190,190,210,190
25.929039478302002,0.40259940683683343,6.181161618561102,0.2617993877991417,-0.43633231299856945,-1.716948670955284,180,190,190,190,190,210,190
25.94572401046753,0.40259940683683343,6.181161618561102,0.2617993877991417,-0.43633231299856945,-1.716948670955284,180,190,190,190,190,210,190
25.956026792526245,0.40259940683683343,6.181161618561102,0.2617993877991417,-0.43633231299856945,-1.716948670955284,180,190,190,190,190,210,190
25.966251611709595,0.40381636985302605,6.172480579259279,0.2617993877991417,-0.43633231299856945,-1.7027566116864408,180,190,190,190,190,210,190
25.976481914520264,0.40381636985302605,6.172480579259279,0.2617993877991417,-0.43633231299856945,-1.7027566116864408,190,190,190,190,210,210,190
25.986700296401978,0.40381636985302605,6.172480579259279,0.2617993877991417,-0.43633231299856945,-1.7027566116864408,190,190,190,190,210,210,190
25.99691915512085,0.4049137608832294,6.163782690815037,0.2617993877991417,-0.43633231299856945,-1.688465715928304,190,190,190,190,210,210,190
26.007113456726074,0.4049137608832294,6.163782690815037,0.2617993877991417,-0.43633231299856945,-1.688465715928304,190,190,190,190,210,210,190
26.01728343963623,0.4049137608832294,6.163782690815037,0.2617993877991417,-0.43633231299856945,-1.688465715928304,190,200,190,190,190,190,190
26.027586936950684,0.4059100740964828,6.154813035608665,0.2617993877991417,-0.43633231299856945,-1.6735836940579298,190,200,190,190,190,190,190
26.045753240585327,0.4059100740964828,6.154813035608665,0.2617993877991417,-0.43633231299856945,-1.6735836940579298,190,200,190,190,190,190,190
26.05597472190857,0.4059100740964828,6.154813035608665,0.2617993877991417,-0.43633231299856945,-1.6735836940579298,190,200,190,190,190,190,190
26.066185474395752,0.40674721946655196,6.146100487045193,0.2617993877991417,-0.43633231299856945,-1.6590018968808167,190,190,190,190,190,190,180
26.076374769210815,0.40674721946655196,6.146100487045193,0.2617993877991417,-0.43633231299856945,-1.6590018968808167,190,190,190,190,190,190,180
26.0865740776062,0.40674721946655196,6.146100487045193,0.2617993877991417,-0.43633231299856945,-1.6590018968808167,190,190,190,190,190,190,180
26.097810745239258,0.40674721946655196,6.146100487045193,0.2617993877991417,-0.43633231299856945,-1.6590018968808167,190,190,190,190,190,190,180
26.108134031295776,0.40745833702615597,6.137363936931065,0.2617993877991417,-0.43633231299856945,-1.6444393255069618,190,190,190,190,190,190,180
26.118311882019043,0.40745833702615597,6.137363936931065,0.2617993877991417,-0.43633231299856945,-1.6444393255069618,190,190,190,190,190,190,180
26.12868022918701,0.4080561895215584,6.12835766299767,0.2617993877991417,-0.43633231299856945,-1.629470147701234,190,190,190,190,190,190,190
26.13888454437256,0.4080561895215584,6.12835766299767,0.2617993877991417,-0.43633231299856945,-1.629470147701234,190,190,190,190,190,190,190
26.14906668663025,0.4080561895215584,6.12835766299767,0.2617993877991417,-0.43633231299856945,-1.629470147701234,190,190,190,190,190,190,190
26.15924859046936,0.40851230713157705,6.119642373351856,0.2617993877991417,-0.43633231299856945,-1.6152063280331064,190,190,190,190,190,190,190
26.169437646865845,0.40851230713157705,6.119642373351856,0.2617993877991417,-0.43633231299856945,-1.6152063280331064,190,190,190,190,190,190,190
26.179643630981445,0.40851230713157705,6.119642373351856,0.2617993877991417,-0.43633231299856945,-1.6152063280331064,190,190,190,190,190,190,170
26.196724891662598,0.40851230713157705,6.119642373351856,0.2617993877991417,-0.43633231299856945,-1.6152063280331064,190,190,190,190,190,190,170
26.207031965255737,0.40883972717209116,6.110961793731704,0.2617993877991417,-0.43633231299856945,-1.6012319074796622,190,190,190,190,190,190,170
26.21725106239319,0.40883972717209116,6.110961793731704,0.2617993877991417,-0.43633231299856945,-1.6012319074796622,190,190,190,190,190,190,170
26.22746467590332,0.40904994205943623,6.101964599387858,0.2617993877991417,-0.43633231299856945,-1.586561499092271,190,190,190,190,180,180,160
26.237663984298706,0.40904994205943623,6.101964599387858,0.2617993877991417,-0.43633231299856945,-1.586561499092271,190,190,190,190,180,180,160
26.249311685562134,0.40904994205943623,6.101964599387858,0.2617993877991417,-0.43633231299856945,-1.586561499092271,190,190,190,190,180,180,160
26.259488105773926,0.4091282127119086,6.093219156443767,0.2617993877991417,-0.40142572795868386,-1.5723089021829855,190,190,190,190,180,180,160
26.269713401794434,0.4091282127119086,6.093219156443767,0.2617993877991417,-0.2967059728390272,-1.5723089021829855,190,190,190,190,180,180,160
26.279932498931885,0.4091282127119086,6.093219156443767,0.2617993877991417,-0.2967059728390272,-1.5723089021829855,190,190,190,190,180,180,160
26.297008275985718,0.4091282127119086,6.093219156443767,0.2617993877991417,-0.2617993877991417,-1.5723089021829855,190,190,190,190,180,180,160
26.307415008544922,0.40908613288802964,6.084471507295801,0.2617993877991417,-0.13962634015954223,-1.5591329390910056,190,190,190,190,180,180,160
26.3176052570343,0.40908613288802964,6.084471507295801,0.2617993877991417,0.0,-1.5591329390910056,190,190,190,180,190,190,160
26.327796697616577,0.40894134650068975,6.075682697980392,0.2617993877991417,0.0,-1.5501060373570454,190,190,190,180,190,190,160
26.338018655776978,0.40894134650068975,6.075682697980392,0.2617993877991417,0.0,-1.5501060373570454,190,190,190,180,190,190,160
26.35071587562561,0.40894134650068975,6.075682697980392,0.2617993877991417,0.0,-1.5501060373570454,190,190,190,180,190,190,160
26.360900163650513,0.40875624522858445,6.067344032918685,0.2617993877991417,0.0,-1.5476007699543948,190,190,190,180,190,190,160
26.371423721313477,0.40875624522858445,6.067344032918685,0.2617993877991417,0.0,-1.5476007699543948,190,190,190,180,190,190,160
26.381763219833374,0.40875624522858445,6.067344032918685,0.2617993877991417,0.0,-1.5476007699543948,190,190,210,190,180,170,160
26.40082859992981,0.40855524044897046,6.058698819146329,0.2617993877991417,0.0,-1.547496761334988,190,190,210,190,180,170,160
26.41100788116455,0.40855524044897046,6.058698819146329,0.2617993877991417,0.0,-1.547496761334988,190,190,210,190,180,170,160
26.42117953300476,0.40855524044897046,6.058698819146329,0.2617993877991417,0.0,-1.547496761334988,190,190,210,190,180,170,160
26.431456089019775,0.40834672117619,6.0497674560251085,0.2617993877991417,0.0,-1.5474696080813553,190,190,200,190,190,170,160
26.44957971572876,0.40834672117619,6.0497674560251085,0.2617993877991417,0.0,-1.5474696080813553,190,190,200,190,190,170,160
26.45983862876892,0.4081426712704866,6.041103809879575,0.2617993877991417,0.0,-1.5473742947993576,190,190,200,190,190,170,160
26.470035314559937,0.4081426712704866,6.041103809879575,0.2617993877991417,0.0,-1.5473742947993576,190,190,200,190,190,170,160
26.480265617370605,0.4081426712704866,6.041103809879575,0.2617993877991417,0.0,-1.5473742947993576,190,190,200,190,190,170,160
26.490506172180176,0.4079398619628109,6.032467884423522,0.2617993877991417,0.0,-1.5471299943363725,190,190,200,190,190,170,160
26.500722408294678,0.4079398619628109,6.032467884423522,0.2617993877991417,0.0,-1.5471299943363725,190,190,200,190,190,170,160
26.51093363761902,0.4079398619628109,6.032467884423522,0.2617993877991417,0.0,-1.5471299943363725,190,190,200,190,190,170,160
26.52112126350403,0.4079398619628109,6.032467884423522,0.2617993877991417,0.0,-1.5471299943363725,190,190,190,190,190,170,170
26.531951904296875,0.4077359554417896,6.023586816324654,0.2617993877991417,0.0,-1.546955008774281,190,190,190,190,190,170,170
26.54774498939514,0.4077359554417896,6.023586816324654,0.2617993877991417,0.0,-1.546955008774281,190,190,190,190,190,170,170
26.557928323745728,0.4077359554417896,6.023586816324654,0.2617993877991417,0.0,-1.546955008774281,190,190,190,190,190,170,170
26.56811213493347,0.4075319527011411,6.014981735777037,0.2617993877991417,0.0,-1.5469433574401137,190,190,190,190,190,160,160
26.578295946121216,0.4075319527011411,6.014981735777037,0.2617993877991417,0.0,-1.5469433574401137,190,190,190,190,190,160,160
26.588486909866333,0.4075319527011411,6.014981735777037,0.2617993877991417,0.0,-1.5469433574401137,190,190,190,190,190,160,160
26.601475954055786,0.4075319527011411,6.014981735777037,0.2617993877991417,0.0,-1.5469433574401137,190,190,190,190,190,160,160
26.61178207397461,0.4073271685733331,6.006375567330286,0.2617993877991417,0.0,-1.5469745626790699,190,190,190,190,190,160,160
26.621994018554688,0.4073271685733331,6.006375567330286,0.2617993877991417,0.0,-1.5469745626790699,190,200,190,190,190,170,160
26.632216691970825,0.40711686798910146,5.997500428004672,0.2617993877991417,0.0,-1.5470150813773744,190,200,190,190,190,170,160
26.64597773551941,0.40711686798910146,5.997500428004672,0.2617993877991417,0.0,-1.5470150813773744,190,200,190,190,190,170,160
26.656270265579224,0.40711686798910146,5.997500428004672,0.2617993877991417,0.0,-1.5470150813773744,190,200,190,190,190,170,160
26.66649866104126,0.4069129177768585,5.9888758805412845,0.2617993877991417,0.0,-1.5470453426766102,190,200,190,190,190,170,160
26.676698923110962,0.4069129177768585,5.9888758805412845,0.2617993877991417,0.0,-1.5470453426766102,190,200,190,190,190,170,160
26.6869158744812,0.4069129177768585,5.9888758805412845,0.2617993877991417,0.0,-1.5470453426766102,190,200,190,190,190,170,160
26.698691368103027,0.40670887410636797,5.980241654717577,0.2617993877991417,0.0,-1.5470748213194256,190,200,190,190,190,170,160
26.70891833305359,0.40670887410636797,5.980241654717577,0.2617993877991417,0.0,-1.5470748213194256,190,200,190,190,190,170,160
26.71913504600525,0.40670887410636797,5.980241654717577,0.2617993877991417,0.0,-1.5470748213194256,190,210,200,190,190,180,160
26.730073928833008,0.4064985784365997,5.971335404441585,0.2617993877991417,0.0,-1.5471023003782935,190,210,200,190,190,180,160
26.745712757110596,0.4064985784365997,5.971335404441585,0.2617993877991417,0.0,-1.5471023003782935,190,210,200,190,190,180,160
26.755907773971558,0.4064985784365997,5.971335404441585,0.2617993877991417,0.0,-1.5471023003782935,190,210,200,190,190,180,160
26.766170740127563,0.40629427971320803,5.962681200222688,0.2617993877991417,0.0,-1.5471245884142022,190,210,200,190,190,180,160
26.776395559310913,0.40629427971320803,5.962681200222688,0.2617993877991417,0.0,-1.5471245884142022,190,190,190,190,190,180,160
26.786611080169678,0.40629427971320803,5.962681200222688,0.2617993877991417,0.0,-1.5471245884142022,190,190,190,190,190,180,160
26.798622846603394,0.40608947043214266,5.954017647971069,0.2617993877991417,0.0,-1.5471380207582053,190,190,190,190,190,180,160
26.80884313583374,0.40608947043214266,5.954017647971069,0.2617993877991417,0.0,-1.5471380207582053,190,190,190,190,190,180,160
26.81906223297119,0.40608947043214266,5.954017647971069,0.2617993877991417,0.0,-1.5471380207582053,190,190,190,190,190,180,160
26.82934880256653,0.40587760715635296,5.945086154628427,0.2617993877991417,0.0,-1.5471078052919172,190,210,210,190,190,180,160
26.84496808052063,0.40587760715635296,5.945086154628427,0.2617993877991417,0.0,-1.5471078052919172,190,210,210,190,190,180,160
26.85516095161438,0.40587760715635296,5.945086154628427,0.2617993877991417,0.0,-1.5471078052919172,190,210,210,190,190,180,160
26.865368127822876,0.4056701568929079,5.936424219724055,0.2617993877991417,0.0,-1.5470072026254025,190,190,190,190,190,190,140
26.8757107257843,0.4056701568929079,5.936424219724055,0.2617993877991417,0.0,-1.5470072026254025,190,190,190,190,190,190,140
26.88595747947693,0.4056701568929079,5.936424219724055,0.2617993877991417,0.0,-1.5470072026254025,190,190,190,190,190,190,140
26.8963463306427,0.4054638344081285,5.9277937807664625,0.2617993877991417,0.0,-1.5467330106070758,190,190,190,190,190,190,140
26.90656089782715,0.4054638344081285,5.9277937807664625,0.2617993877991417,0.0,-1.5467330106070758,190,190,190,190,190,190,140
26.91677474975586,0.4054638344081285,5.9277937807664625,0.2617993877991417,0.0,-1.5467330106070758,190,190,190,190,190,190,140
26.92699384689331,0.4052566318786905,5.918911490404533,0.2617993877991417,0.0,-1.5465914054743055,190,190,190,190,190,190,140
26.93719720840454,0.4052566318786905,5.918911490404533,0.2617993877991417,0.0,-1.5465914054743055,190,190,190,190,190,190,140
26.94831371307373,0.4052566318786905,5.918911490404533,0.2617993877991417,0.0,-1.5465914054743055,190,190,190,190,190,190,140
26.95851230621338,0.4050496609210111,5.910307869655903,0.2617993877991417,0.0,-1.5465935345060884,190,190,190,190,190,190,140
26.96873903274536,0.4050496609210111,5.910307869655903,0.2617993877991417,0.0,-1.5465935345060884,190,190,190,190,190,190,140
26.97898769378662,0.4050496609210111,5.910307869655903,0.2617993877991417,0.0,-1.5465935345060884,190,190,190,190,190,190,140
26.989213705062866,0.4050496609210111,5.910307869655903,0.2617993877991417,0.0,-1.5465935345060884,190,190,190,190,190,190,140
26.99942374229431,0.40484194054897216,5.901701259482849,0.2617993877991417,0.0,-1.5466272675139208,190,190,190,190,190,190,140
27.00963807106018,0.40484194054897216,5.901701259482849,0.2617993877991417,0.0,-1.5466272675139208,190,190,190,190,190,190,140
27.019840002059937,0.40484194054897216,5.901701259482849,0.2617993877991417,0.0,-1.5466272675139208,190,200,190,190,190,190,150
27.030356407165527,0.4046285921709032,5.892824920213551,0.2617993877991417,0.0,-1.5466663521721862,190,200,190,190,190,190,150
27.046149969100952,0.4046285921709032,5.892824920213551,0.2617993877991417,0.0,-1.5466663521721862,190,200,190,190,190,190,150
27.056371688842773,0.4046285921709032,5.892824920213551,0.2617993877991417,0.0,-1.5466663521721862,190,200,190,190,190,190,150
27.066590785980225,0.40442156540463065,5.8841993203712954,0.2617993877991417,0.0,-1.5466964634474245,190,200,190,190,190,190,150
27.07679033279419,0.40442156540463065,5.8841993203712954,0.2617993877991417,0.0,-1.5466964634474245,200,200,190,190,190,190,150
27.087013721466064,0.40442156540463065,5.8841993203712954,0.2617993877991417,0.0,-1.5466964634474245,200,200,190,190,190,190,150
27.098851919174194,0.40421447028134233,5.875564000278593,0.2617993877991417,0.0,-1.5467255138184548,200,200,190,190,190,190,150
27.109021425247192,0.40421447028134233,5.875564000278593,0.2617993877991417,-0.05235987755982833,-1.5467255138184548,200,200,190,190,190,190,150
27.119176626205444,0.40421447028134233,5.875564000278593,0.2617993877991417,-0.06981317007977111,-1.5467255138184548,200,200,190,190,190,190,150
27.12939763069153,0.40400102227483015,5.866656627540338,0.2617993877991417,-0.19198621771937055,-1.5467524127058034,190,190,190,190,190,180,160
27.146557092666626,0.40400102227483015,5.866656627540338,0.2617993877991417,-0.2268928027592561,-1.5467524127058034,190,190,190,190,190,180,160
27.15674376487732,0.40400102227483015,5.866656627540338,0.2617993877991417,-0.2268928027592561,-1.5467524127058034,190,190,190,190,190,180,160
27.166914224624634,0.4037846146071088,5.857983794558869,0.2617993877991417,-0.3839724354387411,-1.5447171396283155,190,190,190,190,190,180,160
27.177088737487793,0.4037846146071088,5.857983794558869,0.2617993877991417,-0.3839724354387411,-1.5447171396283155,190,190,200,190,190,180,160
27.187286615371704,0.4037846146071088,5.857983794558869,0.2617993877991417,-0.43633231299856945,-1.5447171396283155,190,190,200,190,190,180,160
27.200842142105103,0.4035410247321951,5.849348022363305,0.2617993877991417,-0.43633231299856945,-1.5395091419219424,190,190,200,190,190,180,160
27.21101474761963,0.4035410247321951,5.849348022363305,0.2617993877991417,-0.43633231299856945,-1.5395091419219424,190,190,200,190,190,180,160
27.221322298049927,0.4035410247321951,5.849348022363305,0.2617993877991417,-0.43633231299856945,-1.5395091419219424,190,190,200,190,190,180,160
27.231537103652954,0.40322687001026286,5.840481931210022,0.2617993877991417,-0.43633231299856945,-1.5296519768920367,190,190,190,190,190,180,150
27.24732255935669,0.40322687001026286,5.840481931210022,0.2617993877991417,-0.43633231299856945,-1.5296519768920367,190,190,190,190,190,180,150
27.2575523853302,0.4028113252439724,5.831792824127808,0.2617993877991417,-0.43633231299856945,-1.5160045953048733,190,190,190,190,190,180,150
27.267759323120117,0.4028113252439724,5.831792824127808,0.2617993877991417,-0.43633231299856945,-1.5160045953048733,190,190,190,190,190,180,150
27.277955770492554,0.4028113252439724,5.831792824127808,0.2617993877991417,-0.43633231299856945,-1.5160045953048733,190,190,190,190,190,190,140
27.299299716949463,0.4022752919004794,5.8230585517841895,0.2617993877991417,-0.43633231299856945,-1.501967022606114,190,190,190,190,190,190,140
27.309686183929443,0.4022752919004794,5.8230585517841895,0.2617993877991417,-0.43633231299856945,-1.501967022606114,190,190,190,190,190,190,140
27.319923162460327,0.4022752919004794,5.8230585517841895,0.2617993877991417,-0.43633231299856945,-1.501967022606114,190,190,190,190,190,170,150
27.330318689346313,0.4016009012373748,5.814100863352907,0.2617993877991417,-0.43633231299856945,-1.4876635511176401,190,190,190,190,190,170,150
27.347965240478516,0.4016009012373748,5.814100863352907,0.2617993877991417,-0.43633231299856945,-1.4876635511176401,190,190,190,190,190,170,150
27.358240842819214,0.40081714366192017,5.805410080073914,0.2617993877991417,-0.43633231299856945,-1.4733071887355718,190,190,190,190,190,170,150
27.368438959121704,0.40081714366192017,5.805410080073914,0.2617993877991417,-0.43633231299856945,-1.4733071887355718,190,190,190,190,190,170,150
27.378644704818726,0.40081714366192017,5.805410080073914,0.2617993877991417,-0.43633231299856945,-1.4733071887355718,190,190,190,190,190,180,150
27.39466643333435,0.3999074106207419,5.796724128084403,0.2617993877991417,-0.43633231299856945,-1.458946107607825,190,190,190,190,190,180,150
27.404873609542847,0.3999074106207419,5.796724128084403,0.2617993877991417,-0.43633231299856945,-1.458946107607825,190,190,190,190,190,180,150
27.41508150100708,0.3999074106207419,5.796724128084403,0.2617993877991417,-0.43633231299856945,-1.458946107607825,190,190,190,190,190,160,150
27.42527723312378,0.39883847472545525,5.787782558240734,0.2617993877991417,-0.43633231299856945,-1.4441100222229293,190,190,190,190,190,160,150
27.435485363006592,0.39883847472545525,5.787782558240734,0.2617993877991417,-0.43633231299856945,-1.4441100222229293,190,190,190,190,190,160,150
27.448172092437744,0.39883847472545525,5.787782558240734,0.2617993877991417,-0.43633231299856945,-1.4441100222229293,190,190,190,190,190,160,150
27.458369493484497,0.39767271281993877,5.779108600249973,0.2617993877991417,-0.43633231299856945,-1.4296831228449531,190,190,190,190,190,160,150
27.468589305877686,0.39767271281993877,5.779108600249973,0.2617993877991417,-0.40142572795868386,-1.4296831228449531,180,180,190,190,190,140,150
27.478822946548462,0.39767271281993877,5.779108600249973,0.2617993877991417,-0.40142572795868386,-1.4296831228449531,180,180,190,190,190,140,150
27.496798515319824,0.39767271281993877,5.779108600249973,0.2617993877991417,-0.2967059728390272,-1.4296831228449531,180,180,190,190,190,140,150
27.50777244567871,0.3963800548079685,5.770441117543507,0.2617993877991417,-0.17453292519942779,-1.415231750495794,180,180,190,190,190,140,150
27.517982959747314,0.3963800548079685,5.770441117543507,0.2617993877991417,0.0,-1.415231750495794,190,190,190,190,170,150,150
27.52829098701477,0.3949439062781621,5.761605632339574,0.2617993877991417,0.0,-1.4044545741925811,190,190,190,190,170,150,150
27.538583278656006,0.3949439062781621,5.761605632339574,0.2617993877991417,0.0,-1.4044545741925811,190,190,190,190,170,150,150
27.548805236816406,0.3949439062781621,5.761605632339574,0.2617993877991417,0.0,-1.4044545741925811,190,190,190,190,170,150,150
27.558990478515625,0.39348777431589355,5.753077970150143,0.2617993877991417,0.0,-1.3996639009272933,190,190,190,190,170,150,150
27.569170475006104,0.39348777431589355,5.753077970150143,0.2617993877991417,0.0,-1.3996639009272933,190,190,190,190,180,140,150
27.579405546188354,0.39348777431589355,5.753077970150143,0.2617993877991417,0.0,-1.3996639009272933,190,190,190,190,180,140,150
27.598271369934082,0.39348777431589355,5.753077970150143,0.2617993877991417,0.0,-1.3996639009272933,190,190,190,190,180,140,150
27.6084566116333,0.39200845637880216,5.744542553896426,0.2617993877991417,0.06981317007977111,-1.3994149699371827,190,190,190,190,180,140,150
27.618651866912842,0.39200845637880216,5.744542553896426,0.2617993877991417,0.06981317007977111,-1.3994149699371827,190,190,190,180,160,150,150
27.628827571868896,0.3904923594164626,5.735757912159523,0.2617993877991417,0.08726646259971389,-1.3994524860302957,190,190,190,180,160,150,150
27.63902187347412,0.3904923594164626,5.735757912159523,0.2617993877991417,0.12217304763959944,-1.3994524860302957,190,190,190,180,160,150,150
27.649250030517578,0.3904923594164626,5.735757912159523,0.2617993877991417,0.12217304763959944,-1.3994524860302957,190,190,190,180,160,150,150
27.6594295501709,0.3890264356159698,5.727267383853754,0.2617993877991417,0.13962634015954223,-1.4004300745718783,190,190,190,180,160,150,150
27.669613122940063,0.3890264356159698,5.727267383853754,0.2617993877991417,0.17453292519942779,-1.4004300745718783,190,190,190,180,160,150,150
27.67980694770813,0.3890264356159698,5.727267383853754,0.2617993877991417,0.17453292519942779,-1.4004300745718783,190,190,190,180,160,150,150
27.69478178024292,0.3890264356159698,5.727267383853754,0.2617993877991417,0.2617993877991417,-1.4004300745718783,190,190,190,180,160,150,150
27.7049822807312,0.38758892344881424,5.718824432902185,0.2617993877991417,0.2967059728390272,-1.404425778115915,190,190,190,180,160,150,150
27.715198516845703,0.38758892344881424,5.718824432902185,0.2617993877991417,0.43633231299856945,-1.404425778115915,190,190,190,190,170,140,140
27.72538185119629,0.38758892344881424,5.718824432902185,0.2617993877991417,0.43633231299856945,-1.404425778115915,190,190,190,190,170,140,140
27.735553979873657,0.38616629026921573,5.7102068650756355,0.2617993877991417,0.43633231299856945,-1.4101688901595184,190,190,190,190,170,140,140
27.749237060546875,0.38616629026921573,5.7102068650756355,0.2617993877991417,0.43633231299856945,-1.4101688901595184,190,190,190,190,170,140,140
27.759427785873413,0.3848860485748966,5.702099204397081,0.2617993877991417,0.43633231299856945,-1.4181344200525274,190,190,190,190,170,140,140
27.769646883010864,0.3848860485748966,5.702099204397081,0.2617993877991417,0.43633231299856945,-1.4181344200525274,190,190,190,190,170,140,140
27.779919862747192,0.3848860485748966,5.702099204397081,0.2617993877991417,0.43633231299856945,-1.4181344200525274,190,190,190,190,180,140,140
27.79408860206604,0.3848860485748966,5.702099204397081,0.2617993877991417,0.43633231299856945,-1.4181344200525274,190,190,190,190,180,140,140
27.804304838180542,0.38370817542431157,5.694134467781886,0.2617993877991417,0.43633231299856945,-1.429219517183061,190,190,190,190,180,140,140
27.8145592212677,0.38370817542431157,5.694134467781886,0.2617993877991417,0.43633231299856945,-1.429219517183061,190,190,190,190,180,140,140
27.82476019859314,0.38255553828098093,5.685659186645243,0.2617993877991417,0.43633231299856945,-1.4424941013820929,190,190,190,190,180,140,140
27.83495593070984,0.38255553828098093,5.685659186645243,0.2617993877991417,0.43633231299856945,-1.4424941013820929,190,190,190,190,180,140,140
27.8468177318573,0.38255553828098093,5.685659186645243,0.2617993877991417,0.43633231299856945,-1.4424941013820929,190,190,190,190,180,140,140
27.856999397277832,0.38255553828098093,5.685659186645243,0.2617993877991417,0.43633231299856945,-1.4424941013820929,190,190,190,190,180,140,140
27.867419958114624,0.381526746793845,5.677220314349174,0.2617993877991417,0.43633231299856945,-1.4567185786843844,190,190,190,190,180,140,140
27.87765645980835,0.381526746793845,5.677220314349174,0.2617993877991417,0.43633231299856945,-1.4567185786843844,190,190,190,190,190,150,150
27.894920587539673,0.38061704825196746,5.668754727706755,0.2617993877991417,0.43633231299856945,-1.4709744737868207,190,190,190,190,190,150,150
27.905140161514282,0.38061704825196746,5.668754727706755,0.2617993877991417,0.43633231299856945,-1.4709744737868207,190,190,190,190,190,150,150
27.915325164794922,0.38061704825196746,5.668754727706755,0.2617993877991417,0.43633231299856945,-1.4709744737868207,190,190,190,190,190,150,150
27.9255108833313,0.379804823513534,5.6600066565533655,0.2617993877991417,0.43633231299856945,-1.4856931515904632,190,190,190,180,180,150,140
27.935720443725586,0.379804823513534,5.6600066565533655,0.2617993877991417,0.43633231299856945,-1.4856931515904632,190,190,190,180,180,150,140
27.950030088424683,0.379804823513534,5.6600066565533655,0.2617993877991417,0.43633231299856945,-1.4856931515904632,190,190,190,180,180,150,140
27.960264921188354,0.3791384151869276,5.651492878501079,0.2617993877991417,0.43633231299856945,-1.5000064545543805,190,190,190,180,180,150,140
27.970486640930176,0.3791384151869276,5.651492878501079,0.2617993877991417,0.43633231299856945,-1.5000064545543805,190,190,190,180,180,150,140
27.980743885040283,0.3791384151869276,5.651492878501079,0.2617993877991417,0.43633231299856945,-1.5000064545543805,190,190,190,190,180,150,150
27.99746823310852,0.3791384151869276,5.651492878501079,0.2617993877991417,0.43633231299856945,-1.5000064545543805,190,190,190,190,180,150,150
28.00779962539673,0.37859268436001264,5.64295981608827,0.2617993877991417,0.43633231299856945,-1.5143398679069566,190,190,190,190,180,150,150
28.018015146255493,0.37859268436001264,5.64295981608827,0.2617993877991417,0.43633231299856945,-1.5143398679069566,190,190,190,190,190,180,150
28.02821183204651,0.3781567368479583,5.634156726481924,0.2617993877991417,0.43633231299856945,-1.5290983578595725,190,190,190,190,190,180,150
28.038429260253906,0.3781567368479583,5.634156726481924,0.2617993877991417,0.43633231299856945,-1.5290983578595725,190,190,190,190,190,180,150
28.048654556274414,0.3781567368479583,5.634156726481924,0.2617993877991417,0.43633231299856945,-1.5290983578595725,190,190,190,190,190,180,150
28.058846950531006,0.3778547016918391,5.625617472406032,0.2617993877991417,0.43633231299856945,-1.5433700572278402,190,190,190,190,190,180,150
28.069055318832397,0.3778547016918391,5.625617472406032,0.2617993877991417,0.43633231299856945,-1.5433700572278402,190,190,190,190,190,180,140
28.079281091690063,0.3778547016918391,5.625617472406032,0.2617993877991417,0.43633231299856945,-1.5433700572278402,190,190,190,190,190,180,140
28.09595823287964,0.37767806240513724,5.617110276942515,0.2617993877991417,0.43633231299856945,-1.5573236729124564,190,190,190,190,190,180,140
28.106173515319824,0.37767806240513724,5.617110276942515,0.2617993877991417,0.43633231299856945,-1.5573236729124564,190,190,190,190,190,180,140
28.116431951522827,0.37767806240513724,5.617110276942515,0.2617993877991417,0.43633231299856945,-1.5573236729124564,190,190,190,190,190,180,140
28.12675976753235,0.37762804554637786,5.60832367295024,0.2617993877991417,0.43633231299856945,-1.5717567793573954,210,190,190,210,210,190,150
28.137069940567017,0.37762804554637786,5.60832367295024,0.2617993877991417,0.43633231299856945,-1.5717567793573954,210,190,190,210,210,190,150
28.147328853607178,0.37762804554637786,5.60832367295024,0.2617993877991417,0.43633231299856945,-1.5717567793573954,210,190,190,210,210,190,150
28.15751361846924,0.37762804554637786,5.60832367295024,0.2617993877991417,0.43633231299856945,-1.5717567793573954,210,190,190,210,210,190,150
28.167730808258057,0.3776972177510688,5.59983762068279,0.2617993877991417,0.43633231299856945,-1.5860800770156005,210,190,190,210,210,190,150
28.177973747253418,0.3776972177510688,5.59983762068279,0.2617993877991417,0.43633231299856945,-1.5860800770156005,190,190,190,190,190,180,150
28.188194274902344,0.3776972177510688,5.59983762068279,0.2617993877991417,0.43633231299856945,-1.5860800770156005,190,190,190,190,190,180,150
28.198791027069092,0.3778878979684025,5.591357074048167,0.2617993877991417,0.43633231299856945,-1.600512757388287,190,190,190,190,190,180,150
28.209059715270996,0.3778878979684025,5.591357074048167,0.2617993877991417,0.43633231299856945,-1.600512757388287,190,190,190,190,190,180,150
28.219300270080566,0.3778878979684025,5.591357074048167,0.2617993877991417,0.43633231299856945,-1.600512757388287,190,190,190,190,190,190,180
28.22951340675354,0.37821188890519614,5.5826159680898115,0.2617993877991417,0.43633231299856945,-1.6154322043890492,190,190,190,190,190,190,180
28.246483087539673,0.37821188890519614,5.5826159680898115,0.2617993877991417,0.43633231299856945,-1.6154322043890492,190,190,190,190,190,190,180
28.256673097610474,0.37821188890519614,5.5826159680898115,0.2617993877991417,0.43633231299856945,-1.6154322043890492,190,190,190,190,190,190,180
28.266874313354492,0.378651766171743,5.574127216657736,0.2617993877991417,0.43633231299856945,-1.6299371316182674,190,190,190,190,190,190,180
28.277079582214355,0.378651766171743,5.574127216657736,0.2617993877991417,0.43633231299856945,-1.6299371316182674,190,190,190,190,190,190,180
28.29612374305725,0.37921550689530076,5.565633703140253,0.2617993877991417,0.43633231299856945,-1.6444549315192254,190,190,190,190,190,190,180
28.306355714797974,0.37921550689530076,5.565633703140253,0.2617993877991417,0.43633231299856945,-1.6444549315192254,190,190,190,190,190,190,180
28.316547632217407,0.37921550689530076,5.565633703140253,0.2617993877991417,0.43633231299856945,-1.6444549315192254,190,190,190,190,190,190,190
28.32673406600952,0.37992574320467964,5.556882407422151,0.2617993877991417,0.43633231299856945,-1.6593997860774277,190,190,190,190,190,190,190
28.33693504333496,0.37992574320467964,5.556882407422151,0.2617993877991417,0.43633231299856945,-1.6593997860774277,190,190,190,190,190,190,190
28.347147703170776,0.37992574320467964,5.556882407422151,0.2617993877991417,0.43633231299856945,-1.6593997860774277,190,190,190,190,190,190,190
28.3573317527771,0.38073873709198736,5.548399344112898,0.2617993877991417,0.43633231299856945,-1.6738341339593115,190,190,190,190,190,190,190
28.367535829544067,0.38073873709198736,5.548399344112898,0.2617993877991417,0.43633231299856945,-1.6738341339593115,190,190,190,190,190,190,190
28.377745389938354,0.38073873709198736,5.548399344112898,0.2617993877991417,0.43633231299856945,-1.6738341339593115,190,190,190,190,190,190,190
28.395763397216797,0.3816739928294256,5.539952288927266,0.2617993877991417,0.43633231299856945,-1.6880180851661097,190,190,190,190,190,190,190
28.40597176551819,0.3816739928294256,5.539952288927266,0.2617993877991417,0.43633231299856945,-1.6880180851661097,190,190,190,190,190,190,190
28.416173458099365,0.3816739928294256,5.539952288927266,0.2617993877991417,0.43633231299856945,-1.6880180851661097,190,200,200,190,190,190,190
28.426559925079346,0.3827590571975293,5.531277793865705,0.2617993877991417,0.43633231299856945,-1.7024693532268467,190,200,200,190,190,190,190
28.445995569229126,0.3827590571975293,5.531277793865705,0.2617993877991417,0.43633231299856945,-1.7024693532268467,190,200,200,190,190,190,190
28.45625591278076,0.3827590571975293,5.531277793865705,0.2617993877991417,0.43633231299856945,-1.7024693532268467,190,200,200,190,190,190,190
28.466460466384888,0.3839358373527219,5.522850593629933,0.2617993877991417,0.43633231299856945,-1.716583091051075,190,200,200,190,190,190,190
28.47668170928955,0.3839358373527219,5.522850593629933,0.2617993877991417,0.43633231299856945,-1.716583091051075,190,190,190,190,190,190,190
28.48689842224121,0.3839358373527219,5.522850593629933,0.2617993877991417,0.43633231299856945,-1.716583091051075,190,190,190,190,190,190,190
28.497547388076782,0.3839358373527219,5.522850593629933,0.2617993877991417,0.43633231299856945,-1.716583091051075,190,190,190,190,190,190,190
28.507869005203247,0.38523175852423974,5.514430950592909,0.2617993877991417,0.43633231299856945,-1.730714690375901,190,190,190,190,190,190,190
28.518073081970215,0.38523175852423974,5.514430950592909,0.2617993877991417,0.43633231299856945,-1.730714690375901,190,190,190,190,190,190,190
28.52830410003662,0.38669303129503724,5.505765017934181,0.2617993877991417,0.43633231299856945,-1.7453047816360998,200,200,200,190,190,190,190
28.538576364517212,0.38669303129503724,5.505765017934181,0.2617993877991417,0.43633231299856945,-1.7453047816360998,200,200,200,190,190,190,190
28.54879069328308,0.38669303129503724,5.505765017934181,0.2617993877991417,0.43633231299856945,-1.7453047816360998,200,200,200,190,190,190,190
28.559011936187744,0.38823352601947464,5.497366518842797,0.2617993877991417,0.43633231299856945,-1.7595101315117205,200,200,200,190,190,190,190
28.569215536117554,0.38823352601947464,5.497366518842797,0.2617993877991417,0.43633231299856945,-1.7595101315117205,190,190,190,190,190,190,190
28.57945227622986,0.38823352601947464,5.497366518842797,0.2617993877991417,0.43633231299856945,-1.7595101315117205,190,190,190,190,190,190,190
28.5896954536438,0.38823352601947464,5.497366518842797,0.2617993877991417,0.43633231299856945,-1.7595101315117205,190,190,190,190,190,190,190
28.599895238876343,0.389893512181486,5.4889869128009465,0.2617993877991417,0.43633231299856945,-1.7737913868623185,190,190,190,190,190,190,190
28.610037803649902,0.389893512181486,5.4889869128009465,0.2617993877991417,0.43633231299856945,-1.7737913868623185,190,190,190,190,190,190,190
28.62026333808899,0.389893512181486,5.4889869128009465,0.2617993877991417,0.43633231299856945,-1.7737913868623185,190,190,200,190,190,190,190
28.630489587783813,0.39173227912784275,5.48037122299753,0.2617993877991417,0.43633231299856945,-1.7885431632221895,190,190,200,190,190,190,190
28.646990060806274,0.39173227912784275,5.48037122299753,0.2617993877991417,0.43633231299856945,-1.7885431632221895,190,190,200,190,190,190,190
28.657307863235474,0.39173227912784275,5.48037122299753,0.2617993877991417,0.43633231299856945,-1.7885431632221895,190,190,200,190,190,190,190
28.667601108551025,0.3936389591129891,5.472027418582436,0.2617993877991417,0.43633231299856945,-1.8028458589843785,180,190,190,200,190,190,190
28.677815675735474,0.3936389591129891,5.472027418582436,0.2617993877991417,0.43633231299856945,-1.8028458589843785,180,190,190,200,190,190,190
28.68811583518982,0.3936389591129891,5.472027418582436,0.2617993877991417,0.43633231299856945,-1.8028458589843785,180,190,190,200,190,190,190
28.706274032592773,0.39565024142663024,5.463770796387808,0.2617993877991417,0.43633231299856945,-1.817414138475246,180,190,190,200,190,190,190
28.716488361358643,0.39565024142663024,5.463770796387808,0.2617993877991417,0.43633231299856945,-1.817414138475246,180,190,200,190,190,190,200
28.726672887802124,0.3978447755595453,5.455329876618655,0.2617993877991417,0.43633231299856945,-1.8321347215517507,180,190,200,190,190,190,200
28.736871004104614,0.3978447755595453,5.455329876618655,0.2617993877991417,0.43633231299856945,-1.8321347215517507,180,190,200,190,190,190,200
28.74992275238037,0.3978447755595453,5.455329876618655,0.2617993877991417,0.43633231299856945,-1.8321347215517507,180,190,200,190,190,190,200
28.76011300086975,0.40009267321406966,5.447159211907385,0.2617993877991417,0.43633231299856945,-1.8465114296434275,180,190,200,190,190,190,200
28.77029585838318,0.40009267321406966,5.447159211907385,0.2617993877991417,0.43633231299856945,-1.8465114296434275,180,190,200,190,190,190,200
28.780577659606934,0.40009267321406966,5.447159211907385,0.2617993877991417,0.43633231299856945,-1.8465114296434275,190,190,190,210,210,210,210
28.79079270362854,0.40009267321406966,5.447159211907385,0.2617993877991417,0.43633231299856945,-1.8465114296434275,190,190,190,210,210,210,210
28.80241060256958,0.4024589278697599,5.439016034944428,0.2617993877991417,0.43633231299856945,-1.860854571295443,190,190,190,210,210,210,210
28.812605142593384,0.4024589278697599,5.439016034944428,0.2617993877991417,0.43633231299856945,-1.860854571295443,190,190,190,210,210,210,210
28.8227961063385,0.4024589278697599,5.439016034944428,0.2617993877991417,0.43633231299856945,-1.860854571295443,190,180,190,200,200,190,200
28.833000898361206,0.4050216072319167,5.43065194882255,0.2617993877991417,0.43633231299856945,-1.8756594213693216,190,180,190,200,200,190,200
28.84909963607788,0.4050216072319167,5.43065194882255,0.2617993877991417,0.43633231299856945,-1.8756594213693216,190,180,190,200,200,190,200
28.859320402145386,0.40763151541407316,5.422559141635469,0.2617993877991417,0.43633231299856945,-1.890043673380212,190,180,190,200,200,190,200
28.869511604309082,0.40763151541407316,5.422559141635469,0.2617993877991417,0.43633231299856945,-1.890043673380212,190,180,190,200,200,190,200
28.879695653915405,0.40763151541407316,5.422559141635469,0.2617993877991417,0.43633231299856945,-1.890043673380212,190,180,190,190,210,190,210
28.89457368850708,0.40763151541407316,5.422559141635469,0.2617993877991417,0.43633231299856945,-1.890043673380212,190,180,190,190,210,190,210
28.904775857925415,0.4103615995109133,5.414492487352632,0.2617993877991417,0.43633231299856945,-1.9044405006683527,190,180,190,190,210,190,210
28.914976119995117,0.4103615995109133,5.414492487352632,0.2617993877991417,0.43633231299856945,-1.9044405006683527,190,180,190,190,210,190,210
28.925220012664795,0.41329969853738685,5.406210878116365,0.2617993877991417,0.40142572795868386,-1.9192823949804283,190,180,190,190,210,210,210
28.93542766571045,0.41329969853738685,5.406210878116365,0.2617993877991417,0.40142572795868386,-1.9192823949804283,190,180,190,190,210,210,210
28.94812035560608,0.41329969853738685,5.406210878116365,0.2617993877991417,0.2967059728390272,-1.9192823949804283,190,180,190,190,210,210,210
28.958362340927124,0.4162717541157031,5.398193849830261,0.2617993877991417,0.17453292519942779,-1.9325954313359384,190,180,190,190,210,210,210
28.968583345413208,0.4162717541157031,5.398193849830261,0.2617993877991417,0.17453292519942779,-1.9325954313359384,180,180,180,190,200,210,210
28.97881579399109,0.4162717541157031,5.398193849830261,0.2617993877991417,0.157079632679485,-1.9325954313359384,180,180,180,190,200,210,210
28.993728399276733,0.4162717541157031,5.398193849830261,0.2617993877991417,0.157079632679485,-1.9325954313359384,180,180,180,190,200,210,210
29.00407576560974,0.41938189079001936,5.39010775012836,0.2617993877991417,0.0,-1.942192475203495,180,180,180,190,200,210,210
29.014273405075073,0.41938189079001936,5.39010775012836,0.2617993877991417,0.0,-1.942192475203495,180,190,180,190,190,210,210
29.024501085281372,0.41938189079001936,5.39010775012836,0.2617993877991417,0.0,-1.942192475203495,180,190,180,190,190,210,210
29.034703731536865,0.4226890016785092,5.381687341999154,0.2617993877991417,0.0,-1.9478378276494899,180,190,180,190,190,210,210
29.048162698745728,0.4226890016785092,5.381687341999154,0.2617993877991417,0.0,-1.9478378276494899,180,190,180,190,190,210,210
29.058396100997925,0.4259400040145146,5.373519330389188,0.2617993877991417,0.0,-1.9519160475387012,180,190,180,190,190,210,210
29.068618535995483,0.4259400040145146,5.373519330389188,0.2617993877991417,0.0,-1.9519160475387012,180,190,180,190,190,210,210
29.078816652297974,0.4259400040145146,5.373519330389188,0.2617993877991417,0.0,-1.9519160475387012,180,190,180,190,190,210,210
29.096302032470703,0.42918994006796574,5.365436321467534,0.2617993877991417,0.0,-1.9533819555068874,180,190,180,190,190,210,210
29.10653805732727,0.42918994006796574,5.365436321467534,0.2617993877991417,0.0,-1.9533819555068874,180,190,180,190,190,210,210
29.116758346557617,0.42918994006796574,5.365436321467534,0.2617993877991417,0.0,-1.9533819555068874,180,190,180,190,190,210,210
29.126976490020752,0.4325115729212725,5.357188934130735,0.2617993877991417,0.0,-1.9532048103118689,190,190,180,190,190,210,210
29.148524284362793,0.4325115729212725,5.357188934130735,0.2617993877991417,0.0,-1.9532048103118689,190,190,180,190,190,210,210
29.158859252929688,0.4357223812889842,5.349209594550979,0.2617993877991417,0.0,-1.9533071859604063,190,190,180,190,190,210,210
29.169149160385132,0.4357223812889842,5.349209594550979,0.2617993877991417,0.0,-1.9533071859604063,190,190,180,190,200,210,210
29.17968201637268,0.4357223812889842,5.349209594550979,0.2617993877991417,0.0,-1.9533071859604063,190,190,180,190,200,210,210
29.19019627571106,0.4357223812889842,5.349209594550979,0.2617993877991417,0.0,-1.9533071859604063,190,190,180,190,200,210,210
29.200879096984863,0.43893921859070445,5.34121826161098,0.2617993877991417,0.0,-1.95339500966632,190,190,180,190,200,210,210
29.211337566375732,0.43893921859070445,5.34121826161098,0.2617993877991417,0.0,-1.95339500966632,190,190,180,190,200,210,210
29.221999645233154,0.43893921859070445,5.34121826161098,0.2617993877991417,0.0,-1.95339500966632,190,190,180,190,200,210,210
29.232412338256836,0.4422560940586113,5.332979526513808,0.2617993877991417,0.0,-1.9535051181417682,190,190,180,190,190,200,190
29.250495195388794,0.4422560940586113,5.332979526513808,0.2617993877991417,0.0,-1.9535051181417682,190,190,180,190,190,200,190
29.260751724243164,0.4454804326466034,5.32497351261202,0.2617993877991417,0.0,-1.9536034256443562,190,190,180,190,190,200,190
29.270938873291016,0.4454804326466034,5.32497351261202,0.2617993877991417,0.0,-1.9536034256443562,190,190,180,190,190,210,210
29.28114891052246,0.4454804326466034,5.32497351261202,0.2617993877991417,0.0,-1.9536034256443562,190,190,180,190,190,210,210
29.293662071228027,0.4454804326466034,5.32497351261202,0.2617993877991417,0.0,-1.9536034256443562,190,190,180,190,190,210,210
29.303996086120605,0.44870947553456436,5.316957379979934,0.2617993877991417,0.0,-1.9536905751879663,190,190,180,190,190,210,210
29.314208984375,0.44870947553456436,5.316957379979934,0.2617993877991417,0.0,-1.9536905751879663,190,190,180,190,190,210,210
29.324418783187866,0.44870947553456436,5.316957379979934,0.2617993877991417,0.0,-1.9536905751879663,190,190,180,190,190,210,210
29.334590196609497,0.45204085553655254,5.30868854959449,0.2617993877991417,0.0,-1.9537776038009218,190,190,180,190,190,210,210
29.34609055519104,0.45204085553655254,5.30868854959449,0.2617993877991417,0.0,-1.9537776038009218,190,190,180,190,190,210,210
29.3563129901886,0.45204085553655254,5.30868854959449,0.2617993877991417,0.0,-1.9537776038009218,190,190,180,190,190,210,210
29.366520166397095,0.455277820620497,5.300655222513865,0.2617993877991417,0.0,-1.9538490089021565,190,190,180,190,190,210,210
29.376716375350952,0.455277820620497,5.300655222513865,0.2617993877991417,0.0,-1.9538490089021565,190,190,180,190,190,210,210
29.394794464111328,0.4585149858702327,5.29262030441981,0.2617993877991417,0.0,-1.9538653668146828,190,190,180,190,190,210,210
29.405022859573364,0.4585149858702327,5.29262030441981,0.2617993877991417,0.0,-1.9538653668146828,190,190,180,190,190,210,210
29.415241718292236,0.4585149858702327,5.29262030441981,0.2617993877991417,0.0,-1.9538653668146828,190,190,180,190,190,210,210
29.42546534538269,0.46184999252407827,5.284346816392215,0.2617993877991417,0.0,-1.9537608400614637,190,190,180,190,190,210,210
29.435656547546387,0.46184999252407827,5.284346816392215,0.2617993877991417,0.0,-1.9537608400614637,190,190,180,190,190,210,210
29.449771404266357,0.46184999252407827,5.284346816392215,0.2617993877991417,0.0,-1.9537608400614637,190,190,180,190,190,210,210
29.460047245025635,0.46507609987409854,5.276336705339048,0.2617993877991417,0.0,-1.953474157870787,190,190,180,190,190,210,210
29.470261096954346,0.46507609987409854,5.276336705339048,0.2617993877991417,0.0,-1.953474157870787,190,190,180,190,190,210,210
29.48081398010254,0.46507609987409854,5.276336705339048,0.2617993877991417,0.0,-1.953474157870787,190,190,180,190,190,210,210
29.49620223045349,0.46507609987409854,5.276336705339048,0.2617993877991417,0.0,-1.953474157870787,190,190,180,190,190,210,210
29.506394147872925,0.46507609987409854,5.276336705339048,0.2617993877991417,0.0,-1.953474157870787,190,190,180,190,190,210,210
29.5165913105011,0.46507609987409854,5.276336705339048,0.2617993877991417,0.0,-1.953474157870787,190,190,180,190,190,210,210
29.526780128479004,0.4683010092092133,5.268325971870531,0.2617993877991417,0.0,-1.953304665274363,190,190,180,190,190,210,210
29.543797492980957,0.4716128414570281,5.260104815533705,0.2617993877991417,0.0,-1.9533610754413986,190,190,180,190,190,210,210
29.55404567718506,0.4716128414570281,5.260104815533705,0.2617993877991417,0.0,-1.9533610754413986,190,190,180,190,190,210,210
29.564261436462402,0.4748217890335776,5.252136896513198,0.2617993877991417,0.0,-1.953543969183769,190,190,180,190,190,210,210
29.574432373046875,0.4748217890335776,5.252136896513198,0.2617993877991417,0.0,-1.953543969183769,190,190,180,190,190,210,210
29.584615230560303,0.4748217890335776,5.252136896513198,0.2617993877991417,0.0,-1.953543969183769,190,190,180,190,190,210,210
29.59571886062622,0.4748217890335776,5.252136896513198,0.2617993877991417,0.0,-1.953543969183769,190,190,180,190,190,210,210
29.606019020080566,0.47804093774388445,5.244146652160051,0.2617993877991417,0.0,-1.9536412611354859,190,190,180,190,190,210,210
29.616196155548096,0.47804093774388445,5.244146652160051,0.2617993877991417,0.0,-1.9536412611354859,180,190,180,190,190,210,210
29.62645959854126,0.48136001352847746,5.235908556768315,0.2617993877991417,0.0,-1.9537581489014417,180,190,180,190,190,210,210
29.636643409729004,0.48136001352847746,5.235908556768315,0.2617993877991417,0.0,-1.9537581489014417,180,190,180,190,190,210,210
29.646855115890503,0.48136001352847746,5.235908556768315,0.2617993877991417,0.0,-1.9537581489014417,180,190,180,190,190,210,210
29.657034397125244,0.48136001352847746,5.235908556768315,0.2617993877991417,0.0,-1.9537581489014417,180,190,180,190,190,210,210
29.66737651824951,0.484586622485716,5.227902807347747,0.2617993877991417,0.0,-1.953860477531235,190,180,180,190,190,200,210
29.67758297920227,0.484586622485716,5.227902807347747,0.2617993877991417,0.0,-1.953860477531235,190,180,180,190,190,200,210
29.68778920173645,0.484586622485716,5.227902807347747,0.2617993877991417,0.0,-1.953860477531235,190,180,180,190,190,200,210
29.698020219802856,0.48781807704493513,5.219886652794693,0.2617993877991417,0.0,-1.9539471927345982,190,180,180,190,190,200,210
29.708256244659424,0.48781807704493513,5.219886652794693,0.2617993877991417,0.0,-1.9539471927345982,190,180,180,190,190,200,210
29.71846079826355,0.48781807704493513,5.219886652794693,0.2617993877991417,0.0,-1.9539471927345982,190,180,180,190,190,200,210
29.72866153717041,0.49115177833021595,5.211618128786791,0.2617993877991417,0.0,-1.9540305096343198,190,180,180,190,190,200,210
29.747023820877075,0.49115177833021595,5.211618128786791,0.2617993877991417,0.0,-1.9540305096343198,190,180,180,190,190,200,210
29.75722646713257,0.49115177833021595,5.211618128786791,0.2617993877991417,0.0,-1.9540305096343198,190,180,180,190,190,200,210
29.767398357391357,0.494390794391672,5.2035855596389275,0.2617993877991417,0.0,-1.9540941264695326,190,180,180,190,190,210,210
29.777602672576904,0.494390794391672,5.2035855596389275,0.2617993877991417,0.0,-1.9540941264695326,190,180,180,190,190,210,210
29.78781533241272,0.494390794391672,5.2035855596389275,0.2617993877991417,0.0,-1.9540941264695326,190,180,180,190,190,210,210
29.80045771598816,0.49762955654171964,5.1955516952427825,0.2617993877991417,0.0,-1.9540957391873826,190,180,180,190,190,210,210
29.810653686523438,0.49762955654171964,5.1955516952427825,0.2617993877991417,0.0,-1.9540957391873826,190,180,180,190,190,210,210
29.820980072021484,0.49762955654171964,5.1955516952427825,0.2617993877991417,0.0,-1.9540957391873826,190,180,180,190,190,190,210
29.83124542236328,0.5009666796640951,5.187281273876394,0.2617993877991417,0.0,-1.9539637223141564,190,180,180,190,190,190,210
29.84575319290161,0.5009666796640951,5.187281273876394,0.2617993877991417,0.0,-1.9539637223141564,190,180,180,190,190,190,210
29.85615372657776,0.5009666796640951,5.187281273876394,0.2617993877991417,0.0,-1.9539637223141564,190,180,180,190,190,190,210
29.866389989852905,0.5041937296999166,5.179272832005285,0.2617993877991417,0.0,-1.9536793152917138,190,180,180,190,190,190,190
29.87659502029419,0.5041937296999166,5.179272832005285,0.2617993877991417,0.0,-1.9536793152917138,190,180,180,190,190,190,190
29.886773586273193,0.5041937296999166,5.179272832005285,0.2617993877991417,0.0,-1.9536793152917138,190,180,180,190,190,190,190
29.89901328086853,0.5074195696605663,5.171264960031831,0.2617993877991417,0.0,-1.95352023086447,190,180,180,190,190,190,190
29.909213304519653,0.5074195696605663,5.171264960031831,0.2617993877991417,0.0,-1.95352023086447,190,180,180,190,190,190,190
29.919397354125977,0.5074195696605663,5.171264960031831,0.2617993877991417,0.0,-1.95352023086447,190,180,180,190,190,210,210
29.92996644973755,0.5107311120702213,5.1630501764430345,0.2617993877991417,0.0,-1.9536255237648203,190,180,180,190,190,210,210
29.945714473724365,0.5107311120702213,5.1630501764430345,0.2617993877991417,0.0,-1.9536255237648203,190,180,180,190,190,210,210
29.955946445465088,0.5107311120702213,5.1630501764430345,0.2617993877991417,0.0,-1.9536255237648203,190,180,180,190,190,210,210
29.966172456741333,0.5139452068656535,5.155076821589764,0.2617993877991417,0.0,-1.9537698784508906,190,180,180,190,190,210,210
29.9763662815094,0.5139452068656535,5.155076821589764,0.2617993877991417,0.0,-1.9537698784508906,190,180,180,190,190,210,210
29.98658061027527,0.5139452068656535,5.155076821589764,0.2617993877991417,0.0,-1.9537698784508906,190,180,180,190,190,210,210
29.996814489364624,0.5171653750525558,5.147088063996197,0.2617993877991417,0.0,-1.9538795962552176,190,180,180,190,190,210,210
30.007153511047363,0.5171653750525558,5.147088063996197,0.2617993877991417,0.0,-1.9538795962552176,190,180,180,190,190,210,210
30.017340421676636,0.5171653750525558,5.147088063996197,0.2617993877991417,-0.05235987755982833,-1.9538795962552176,190,180,180,190,190,210,210
30.027554512023926,0.5204868378186019,5.138849675830684,0.2617993877991417,-0.05235987755982833,-1.9539957809684814,190,180,180,190,190,210,210
30.044832468032837,0.5204868378186019,5.138849675830684,0.2617993877991417,-0.06981317007977111,-1.9539957809684814,190,180,180,190,190,210,210
30.05504059791565,0.5204868378186019,5.138849675830684,0.2617993877991417,-0.08726646259971389,-1.9539957809684814,190,180,180,190,190,210,210
30.06525182723999,0.5237122878862327,5.130835818793394,0.2617993877991417,-0.10471975511965666,-1.9525243448983922,190,180,180,190,190,210,210
30.075502395629883,0.5237122878862327,5.130835818793394,0.2617993877991417,-0.10471975511965666,-1.9525243448983922,190,180,180,190,190,210,210
30.085705280303955,0.5237122878862327,5.130835818793394,0.2617993877991417,-0.12217304763959944,-1.9525243448983922,190,180,180,190,190,210,210
30.096341371536255,0.5269302900683396,5.122792194604871,0.2617993877991417,-0.13962634015954223,-1.9498270085311005,190,180,180,190,190,210,210
30.106531620025635,0.5269302900683396,5.122792194604871,0.2617993877991417,-0.13962634015954223,-1.9498270085311005,190,180,180,190,190,210,210
30.11672019958496,0.5269302900683396,5.122792194604871,0.2617993877991417,-0.157079632679485,-1.9498270085311005,190,180,180,190,190,210,210
30.126925945281982,0.530226723584409,5.114471642502245,0.2617993877991417,-0.157079632679485,-1.945839146635803,190,190,180,200,200,200,200
30.14440369606018,0.530226723584409,5.114471642502245,0.2617993877991417,-0.157079632679485,-1.945839146635803,190,190,180,200,200,200,200
30.154673099517822,0.530226723584409,5.114471642502245,0.2617993877991417,-0.17453292519942779,-1.945839146635803,190,190,180,200,200,200,200
30.164908170700073,0.5333970444792142,5.106362338310621,0.2617993877991417,-0.19198621771937055,-1.940795950731912,190,190,180,200,200,200,200
30.1751229763031,0.5333970444792142,5.106362338310621,0.2617993877991417,-0.20943951023931331,-1.940795950731912,190,180,180,190,190,190,190
30.18535828590393,0.5333970444792142,5.106362338310621,0.2617993877991417,-0.20943951023931331,-1.940795950731912,190,180,180,190,190,190,190
30.1963152885437,0.5365257921790225,5.09822789679146,0.2617993877991417,-0.20943951023931331,-1.9350690748846868,190,180,180,190,190,190,190
30.206522464752197,0.5365257921790225,5.09822789679146,0.2617993877991417,-0.2268928027592561,-1.9350690748846868,190,180,180,190,190,190,190
30.216715574264526,0.5365257921790225,5.09822789679146,0.2617993877991417,-0.2268928027592561,-1.9350690748846868,180,180,180,180,190,200,200
30.226936101913452,0.5397042388901242,5.089816097041673,0.2617993877991417,-0.2268928027592561,-1.9279883306000072,180,180,180,180,190,200,200
30.237154722213745,0.5397042388901242,5.089816097041673,0.2617993877991417,-0.2268928027592561,-1.9279883306000072,180,180,180,180,190,200,200
30.247355699539185,0.5397042388901242,5.089816097041673,0.2617993877991417,-0.2268928027592561,-1.9279883306000072,180,180,180,180,190,200,200
30.257563591003418,0.5397042388901242,5.089816097041673,0.2617993877991417,-0.2268928027592561,-1.9279883306000072,180,180,180,180,190,200,200
30.267778635025024,0.5427187505402177,5.081640685681186,0.2617993877991417,-0.2268928027592561,-1.9204168272290056,180,180,180,180,210,210,210
30.278043746948242,0.5427187505402177,5.081640685681186,0.2617993877991417,-0.24434609527919887,-1.9204168272290056,180,180,180,180,210,210,210
30.29584288597107,0.54565862539136,5.073488628640306,0.2617993877991417,-0.24434609527919887,-1.9128748425608364,180,180,180,180,210,210,210
30.3060884475708,0.54565862539136,5.073488628640306,0.2617993877991417,-0.20943951023931331,-1.9128748425608364,180,180,180,180,210,210,210
30.316284894943237,0.54565862539136,5.073488628640306,0.2617993877991417,-0.19198621771937055,-1.9128748425608364,180,180,180,180,210,210,210
30.326516151428223,0.5486144458734531,5.06508931595177,0.2617993877991417,-0.19198621771937055,-1.9053747784268,180,180,180,190,190,190,190
30.33674120903015,0.5486144458734531,5.06508931595177,0.2617993877991417,-0.19198621771937055,-1.9053747784268,180,180,180,190,190,190,190
30.346941232681274,0.5486144458734531,5.06508931595177,0.2617993877991417,-0.19198621771937055,-1.9053747784268,180,180,180,190,190,190,190
30.35711407661438,0.5486144458734531,5.06508931595177,0.2617993877991417,-0.19198621771937055,-1.9053747784268,180,180,180,190,190,190,190
30.367286443710327,0.5514299356210658,5.056907182892472,0.2617993877991417,-0.17453292519942779,-1.8990512251322385,190,190,180,200,210,190,190
30.378049612045288,0.5514299356210658,5.056907182892472,0.2617993877991417,-0.17453292519942779,-1.8990512251322385,190,190,180,200,210,190,190
30.39518904685974,0.5541993286522235,5.0487036805740155,0.2617993877991417,-0.17453292519942779,-1.8933479531286819,190,190,180,200,210,190,190
30.405394792556763,0.5541993286522235,5.0487036805740155,0.2617993877991417,-0.17453292519942779,-1.8933479531286819,190,190,180,200,210,190,190
30.415587425231934,0.5541993286522235,5.0487036805740155,0.2617993877991417,-0.157079632679485,-1.8933479531286819,190,180,180,190,190,190,190
30.425800323486328,0.5570074091515116,5.04022524142298,0.2617993877991417,-0.157079632679485,-1.8874859762932605,190,180,180,190,190,190,190
30.435985565185547,0.5570074091515116,5.04022524142298,0.2617993877991417,-0.157079632679485,-1.8874859762932605,190,180,180,190,190,190,190
30.44696021080017,0.5570074091515116,5.04022524142298,0.2617993877991417,-0.157079632679485,-1.8874859762932605,190,180,180,190,190,190,190
30.45715618133545,0.5570074091515116,5.04022524142298,0.2617993877991417,-0.12217304763959944,-1.8874859762932605,190,180,180,190,190,190,190
30.46730923652649,0.5596896380250074,5.0319737997166,0.2617993877991417,-0.12217304763959944,-1.882338729187564,190,180,190,190,210,190,190
30.47777509689331,0.5596896380250074,5.0319737997166,0.2617993877991417,0.0,-1.882338729187564,190,180,190,190,210,190,190
30.488007307052612,0.5596896380250074,5.0319737997166,0.2617993877991417,0.0,-1.882338729187564,190,180,190,190,210,190,190
30.498305320739746,0.5623340973203653,5.02370809289576,0.2617993877991417,0.0,-1.8783034923181856,190,180,190,190,210,190,190
30.508493661880493,0.5623340973203653,5.02370809289576,0.2617993877991417,0.0,-1.8783034923181856,190,180,190,190,210,190,190
30.518702507019043,0.5623340973203653,5.02370809289576,0.2617993877991417,0.0,-1.8783034923181856,180,180,190,180,190,190,190
30.52892303466797,0.565023878041367,5.015239615133892,0.2617993877991417,0.0,-1.8800667669146878,180,180,190,180,190,190,190
30.545913696289062,0.565023878041367,5.015239615133892,0.2617993877991417,0.0,-1.8800667669146878,180,180,190,180,190,190,190
30.556151628494263,0.565023878041367,5.015239615133892,0.2617993877991417,0.05235987755982833,-1.8800667669146878,180,180,190,180,190,190,190
30.56636881828308,0.5676351911373064,5.007103721025494,0.2617993877991417,0.08726646259971389,-1.8817582956509795,190,180,190,180,190,190,190
30.5768084526062,0.5676351911373064,5.007103721025494,0.2617993877991417,0.08726646259971389,-1.8817582956509795,190,180,190,180,190,190,190
30.587103843688965,0.5676351911373064,5.007103721025494,0.2617993877991417,0.10471975511965666,-1.8817582956509795,190,180,190,180,190,190,190
30.597609281539917,0.5702879914582876,4.998860021592731,0.2617993877991417,0.12217304763959944,-1.8833196082074126,190,180,190,180,190,190,190
30.60779356956482,0.5702879914582876,4.998860021592731,0.2617993877991417,0.12217304763959944,-1.8833196082074126,190,180,190,180,190,190,190
30.617984294891357,0.5702879914582876,4.998860021592731,0.2617993877991417,0.12217304763959944,-1.8833196082074126,180,180,190,190,190,190,190
30.628204107284546,0.573037704013693,4.990373022457496,0.2617993877991417,0.13962634015954223,-1.8866477156846857,180,180,190,190,190,190,190
30.63841414451599,0.573037704013693,4.990373022457496,0.2617993877991417,0.13962634015954223,-1.8866477156846857,180,180,190,190,190,190,190
30.64867067337036,0.573037704013693,4.990373022457496,0.2617993877991417,0.13962634015954223,-1.8866477156846857,180,180,190,190,190,190,190
30.65892243385315,0.5757156897467086,4.982195262766849,0.2617993877991417,0.13962634015954223,-1.890903603304516,180,180,190,190,190,190,190
30.669139862060547,0.5757156897467086,4.982195262766849,0.2617993877991417,0.13962634015954223,-1.890903603304516,190,180,190,190,190,190,190
30.67935276031494,0.5757156897467086,4.982195262766849,0.2617993877991417,0.13962634015954223,-1.890903603304516,190,180,190,190,190,190,190
30.69627594947815,0.5784198134816136,4.974109561217192,0.2617993877991417,0.13962634015954223,-1.895624772265002,190,180,190,190,190,190,190
30.7065110206604,0.5784198134816136,4.974109561217192,0.2617993877991417,0.13962634015954223,-1.895624772265002,190,180,190,190,190,190,190
30.716728925704956,0.5784198134816136,4.974109561217192,0.2617993877991417,0.13962634015954223,-1.895624772265002,190,180,190,190,190,190,190
30.72696828842163,0.5812529646918673,4.965772460554766,0.2617993877991417,0.13962634015954223,-1.900472789261701,190,180,190,190,190,190,190
30.745635986328125,0.5812529646918673,4.965772460554766,0.2617993877991417,0.13962634015954223,-1.900472789261701,190,180,190,190,190,190,190
30.755860328674316,0.5812529646918673,4.965772460554766,0.2617993877991417,0.13962634015954223,-1.900472789261701,190,180,190,190,190,190,190
30.766109704971313,0.5840444280008749,4.957675715382199,0.2617993877991417,0.13962634015954223,-1.9051113090974245,190,180,190,190,190,190,190
30.776325702667236,0.5840444280008749,4.957675715382199,0.2617993877991417,0.13962634015954223,-1.9051113090974245,190,180,180,190,210,190,210
30.78655195236206,0.5840444280008749,4.957675715382199,0.2617993877991417,0.13962634015954223,-1.9051113090974245,190,180,180,190,210,190,210
30.79927396774292,0.5868766246353232,4.94958372937525,0.2617993877991417,0.13962634015954223,-1.9097602238570581,190,180,180,190,210,190,210
30.80945587158203,0.5868766246353232,4.94958372937525,0.2617993877991417,0.12217304763959944,-1.9097602238570581,190,180,180,190,210,190,210
30.819682598114014,0.5868766246353232,4.94958372937525,0.2617993877991417,0.10471975511965666,-1.9097602238570581,190,180,180,190,180,190,190
30.829965353012085,0.5898384107790103,4.94124850578403,0.2617993877991417,0.10471975511965666,-1.9145516889536187,190,180,180,190,180,190,190
30.846829652786255,0.5898384107790103,4.94124850578403,0.2617993877991417,0.08726646259971389,-1.9145516889536187,190,180,180,190,180,190,190
30.85706400871277,0.5898384107790103,4.94124850578403,0.2617993877991417,0.06981317007977111,-1.9145516889536187,190,180,180,190,180,190,190
30.86736249923706,0.5927543766846911,4.933150406816909,0.2617993877991417,0.05235987755982833,-1.9181079791894555,190,180,180,190,180,190,190
30.877583980560303,0.5927543766846911,4.933150406816909,0.2617993877991417,0.05235987755982833,-1.9181079791894555,190,180,190,190,180,190,190
30.896453619003296,0.5927543766846911,4.933150406816909,0.2617993877991417,0.0,-1.9181079791894555,190,180,190,190,180,190,190
30.906673669815063,0.5957022153304684,4.925039017191041,0.2617993877991417,0.0,-1.9205094236523916,190,180,190,190,180,190,190
30.916860818862915,0.5957022153304684,4.925039017191041,0.2617993877991417,0.0,-1.9205094236523916,190,180,190,190,180,190,190
30.927069425582886,0.5987605934265526,4.916661126736717,0.2617993877991417,0.0,-1.9207881425620417,190,180,190,190,180,190,190
30.937357902526855,0.5987605934265526,4.916661126736717,0.2617993877991417,0.0,-1.9207881425620417,190,180,190,190,180,190,190
30.947567224502563,0.5987605934265526,4.916661126736717,0.2617993877991417,0.0,-1.9207881425620417,190,180,190,190,180,190,190
30.957738399505615,0.5987605934265526,4.916661126736717,0.2617993877991417,0.0,-1.9207881425620417,190,180,190,190,180,190,190
30.967988967895508,0.6017325240198661,4.908520232506731,0.2617993877991417,0.0,-1.9208292569346608,190,180,190,190,180,190,190
30.9782657623291,0.6017325240198661,4.908520232506731,0.2617993877991417,0.0,-1.9208292569346608,190,180,180,190,180,190,190
30.988484382629395,0.6017325240198661,4.908520232506731,0.2617993877991417,0.0,-1.9208292569346608,190,180,180,190,180,190,190
31.003809690475464,0.6047042480911882,4.90037741644584,0.2617993877991417,0.0,-1.9208223536947628,190,180,180,190,180,190,190
31.014007329940796,0.6047042480911882,4.90037741644584,0.2617993877991417,0.0,-1.9208223536947628,190,180,180,190,180,190,190
31.024195432662964,0.6047042480911882,4.90037741644584,0.2617993877991417,0.0,-1.9208223536947628,190,190,180,190,180,190,190
31.034408807754517,0.6077647117031604,4.891991329737238,0.2617993877991417,0.0,-1.9207267396625403,190,190,180,190,180,190,190
31.049763679504395,0.6077647117031604,4.891991329737238,0.2617993877991417,0.0,-1.9207267396625403,190,190,180,190,180,190,190
31.0599582195282,0.6107249706297027,4.88387565625229,0.2617993877991417,0.0,-1.9205516532245717,190,190,180,190,180,190,190
31.070148706436157,0.6107249706297027,4.88387565625229,0.2617993877991417,0.0,-1.9205516532245717,190,190,180,190,180,190,190
31.0803484916687,0.6107249706297027,4.88387565625229,0.2617993877991417,0.0,-1.9205516532245717,190,190,180,190,180,190,190
31.10034489631653,0.6107249706297027,4.88387565625229,0.2617993877991417,0.0,-1.9205516532245717,190,190,180,190,180,190,190
31.110748052597046,0.6136807175043276,4.875790095317003,0.2617993877991417,0.0,-1.920539432329551,190,190,180,190,180,190,190
31.120925188064575,0.6136807175043276,4.875790095317003,0.2617993877991417,0.0,-1.920539432329551,190,190,180,180,180,190,190
31.13111424446106,0.6167137014849302,4.867477944692227,0.2617993877991417,0.0,-1.9206802834742263,190,190,180,180,180,190,190
31.145482063293457,0.6167137014849302,4.867477944692227,0.2617993877991417,0.0,-1.9206802834742263,190,190,180,180,180,190,190
31.155674934387207,0.6167137014849302,4.867477944692227,0.2617993877991417,0.0,-1.9206802834742263,190,190,180,180,180,190,190
31.165844440460205,0.619667010528339,4.8593899728316226,0.2617993877991417,0.0,-1.9207452561338414,190,190,180,190,180,190,190
31.176097869873047,0.619667010528339,4.8593899728316226,0.2617993877991417,0.0,-1.9207452561338414,190,190,180,190,180,190,190
31.18631410598755,0.619667010528339,4.8593899728316226,0.2617993877991417,0.0,-1.9207452561338414,190,190,180,190,180,190,190
31.199466705322266,0.619667010528339,4.8593899728316226,0.2617993877991417,0.0,-1.9207452561338414,190,190,180,190,180,190,190
31.209686756134033,0.6226220322596115,4.851296959300415,0.2617993877991417,0.0,-1.9208264352043716,190,190,180,190,180,190,190
31.21988606452942,0.6226220322596115,4.851296959300415,0.2617993877991417,0.0,-1.9208264352043716,190,190,180,190,180,190,190
31.230061531066895,0.6256712293175183,4.842948466230343,0.2617993877991417,0.0,-1.9208979275341242,190,190,180,190,180,190,190
31.24711513519287,0.6256712293175183,4.842948466230343,0.2617993877991417,0.0,-1.9208979275341242,190,190,180,190,180,190,190
31.257378339767456,0.6256712293175183,4.842948466230343,0.2617993877991417,0.0,-1.9208979275341242,190,190,180,190,180,190,190
31.26759386062622,0.6286350014735737,4.834834894402523,0.2617993877991417,0.0,-1.920954077653566,190,190,180,190,180,190,190
31.277790307998657,0.6286350014735737,4.834834894402523,0.2617993877991417,0.0,-1.920954077653566,190,180,180,190,190,190,190
31.2880277633667,0.6286350014735737,4.834834894402523,0.2617993877991417,0.0,-1.920954077653566,190,180,180,190,190,190,190
31.298251390457153,0.6316024798222165,4.826712106087724,0.2617993877991417,0.0,-1.9210070947627838,190,180,180,190,190,190,190
31.308447122573853,0.6316024798222165,4.826712106087724,0.2617993877991417,0.0,-1.9210070947627838,190,180,180,190,190,190,190
31.318655729293823,0.6316024798222165,4.826712106087724,0.2617993877991417,0.0,-1.9210070947627838,190,180,180,190,190,190,190
31.32884979248047,0.6346637764858759,4.818333111079968,0.2617993877991417,0.0,-1.9210586007777126,190,180,180,190,190,190,190
31.33903217315674,0.6346637764858759,4.818333111079968,0.2617993877991417,0.0,-1.9210586007777126,190,180,180,190,190,190,190
31.34925389289856,0.6346637764858759,4.818333111079968,0.2617993877991417,0.0,-1.9210586007777126,190,180,180,190,190,190,190
31.359448671340942,0.6376379100249226,4.81019267810608,0.2617993877991417,0.0,-1.9210924748629918,190,180,180,190,190,190,190
31.369643688201904,0.6376379100249226,4.81019267810608,0.2617993877991417,0.0,-1.9210924748629918,190,180,180,190,190,190,190
31.379913330078125,0.6376379100249226,4.81019267810608,0.2617993877991417,0.0,-1.9210924748629918,190,180,180,190,190,190,190
31.390269994735718,0.6376379100249226,4.81019267810608,0.2617993877991417,0.0,-1.9210924748629918,190,180,180,190,190,190,190
31.402225971221924,0.6406115273912898,4.802050348509181,0.2617993877991417,0.0,-1.9210669561822376,190,180,180,190,190,190,190
31.412414073944092,0.6406115273912898,4.802050348509181,0.2617993877991417,0.0,-1.9210669561822376,190,180,180,190,190,190,190
31.422585487365723,0.6406115273912898,4.802050348509181,0.2617993877991417,0.0,-1.9210669561822376,190,180,180,190,190,190,190
31.432774543762207,0.6436753137184599,4.7936657990698315,0.2617993877991417,0.0,-1.9209697364520781,190,180,180,190,190,190,190
31.445812463760376,0.6436753137184599,4.7936657990698315,0.2617993877991417,0.0,-1.9209697364520781,190,180,180,190,190,190,190
31.456002473831177,0.6436753137184599,4.7936657990698315,0.2617993877991417,0.0,-1.9209697364520781,190,180,180,190,190,190,190
31.46619963645935,0.6466355512678015,4.785554040106218,0.2617993877991417,0.0,-1.9207922491334388,190,180,180,190,190,210,210
31.476394176483154,0.6466355512678015,4.785554040106218,0.2617993877991417,0.0,-1.9207922491334388,190,180,180,190,190,210,210
31.494152784347534,0.6495918504001718,4.777474130284468,0.2617993877991417,0.0,-1.920824353950598,190,180,180,190,190,210,210
31.50439167022705,0.6495918504001718,4.777474130284468,0.2617993877991417,0.0,-1.920824353950598,190,180,180,190,190,210,210
31.514599323272705,0.6495918504001718,4.777474130284468,0.2617993877991417,0.0,-1.920824353950598,190,180,180,190,190,210,210
31.52479076385498,0.6495918504001718,4.777474130284468,0.2617993877991417,0.0,-1.920824353950598,190,180,180,190,190,210,210
31.534981727600098,0.6526291586761295,4.769158900223184,0.2617993877991417,0.0,-1.9209409275401947,190,180,180,190,190,210,210
31.54608178138733,0.6526291586761295,4.769158900223184,0.2617993877991417,0.0,-1.9209409275401947,190,180,180,190,190,210,210
31.556265354156494,0.6526291586761295,4.769158900223184,0.2617993877991417,0.0,-1.9209409275401947,190,180,180,190,190,210,210
31.566434621810913,0.655583925616759,4.76107228202213,0.2617993877991417,0.0,-1.9210172729013382,180,180,180,190,190,190,190
31.57661271095276,0.655583925616759,4.76107228202213,0.2617993877991417,0.0,-1.9210172729013382,180,180,180,190,190,190,190
31.58680820465088,0.655583925616759,4.76107228202213,0.2617993877991417,0.0,-1.9210172729013382,180,180,180,190,190,190,190
31.597716808319092,0.655583925616759,4.76107228202213,0.2617993877991417,0.0,-1.9210172729013382,180,180,180,190,190,190,190
31.607972145080566,0.6585415299985753,4.752979004005865,0.2617993877991417,0.0,-1.9210975592930013,180,180,180,190,190,190,190
31.61813497543335,0.6585415299985753,4.752979004005865,0.2617993877991417,0.0,-1.9210975592930013,180,180,180,190,180,190,190
31.628331184387207,0.6615934899217463,4.744629940753115,0.2617993877991417,0.0,-1.9211666261872913,180,180,180,190,180,190,190
31.638745546340942,0.6615934899217463,4.744629940753115,0.2617993877991417,0.0,-1.9211666261872913,180,180,180,190,180,190,190
31.648963689804077,0.6615934899217463,4.744629940753115,0.2617993877991417,0.0,-1.9211666261872913,180,180,180,190,180,190,190
31.659165382385254,0.664559826220875,4.7365160521012815,0.2617993877991417,0.0,-1.9212222989285845,180,180,180,190,180,190,190
31.66937279701233,0.664559826220875,4.7365160521012815,0.2617993877991417,0.0,-1.9212222989285845,180,180,180,190,180,190,190
31.679574489593506,0.664559826220875,4.7365160521012815,0.2617993877991417,0.0,-1.9212222989285845,180,180,180,190,180,190,190
31.695504426956177,0.6675298784634965,4.728392898286078,0.2617993877991417,0.0,-1.9212748994060649,180,180,180,190,180,190,190
31.705715656280518,0.6675298784634965,4.728392898286078,0.2617993877991417,0.0,-1.9212748994060649,180,180,180,190,180,190,190
31.715921878814697,0.6675298784634965,4.728392898286078,0.2617993877991417,0.0,-1.9212748994060649,180,180,180,190,180,190,190
31.726163387298584,0.6705937972659617,4.720013581477328,0.2617993877991417,0.0,-1.921325382646535,180,180,180,190,190,190,190
31.74578094482422,0.6705937972659617,4.720013581477328,0.2617993877991417,0.0,-1.921325382646535,180,180,180,190,190,190,190
31.756016969680786,0.6705937972659617,4.720013581477328,0.2617993877991417,0.0,-1.921325382646535,180,180,180,190,190,190,190
31.766186475753784,0.6735702150836017,4.711873425425745,0.2617993877991417,0.0,-1.9213558562186588,180,180,180,190,180,190,190
31.776365518569946,0.6735702150836017,4.711873425425745,0.2617993877991417,0.0,-1.9213558562186588,180,180,180,190,180,190,190
31.78655505180359,0.6735702150836017,4.711873425425745,0.2617993877991417,0.0,-1.9213558562186588,180,180,180,190,180,190,190
31.79840636253357,0.6765456645973175,4.703731815169342,0.2617993877991417,0.0,-1.9213187788457506,180,180,180,190,180,190,190
31.808605194091797,0.6765456645973175,4.703731815169342,0.2617993877991417,0.0,-1.9213187788457506,180,180,180,190,180,190,190
31.818816661834717,0.6765456645973175,4.703731815169342,0.2617993877991417,0.0,-1.9213187788457506,180,180,180,190,190,190,190
31.829041481018066,0.6796111660325237,4.695349826186967,0.2617993877991417,0.0,-1.9212160935984761,180,180,180,190,190,190,190
31.848098278045654,0.6796111660325237,4.695349826186967,0.2617993877991417,0.0,-1.9212160935984761,180,180,180,190,190,190,190
31.858351945877075,0.6825719250973403,4.687242427821136,0.2617993877991417,0.0,-1.9210384365943984,180,180,180,190,190,190,190
31.868930339813232,0.6825719250973403,4.687242427821136,0.2617993877991417,0.0,-1.9210384365943984,180,180,180,190,190,190,190
31.87917709350586,0.6825719250973403,4.687242427821136,0.2617993877991417,0.0,-1.9210384365943984,180,180,180,190,190,210,210
31.896145820617676,0.6855283291326879,4.679168633125634,0.2617993877991417,0.0,-1.921114213069432,180,180,180,190,190,210,210
31.906379461288452,0.6855283291326879,4.679168633125634,0.2617993877991417,0.0,-1.921114213069432,180,180,180,190,190,210,210
31.916583776474,0.6855283291326879,4.679168633125634,0.2617993877991417,0.0,-1.921114213069432,180,180,180,190,190,210,210
31.927025318145752,0.6885705162246453,4.670849464638312,0.2617993877991417,0.0,-1.9212023837300218,180,180,180,190,190,210,210
31.93738102912903,0.6885705162246453,4.670849464638312,0.2617993877991417,0.0,-1.9212023837300218,180,180,180,190,190,210,210
31.94767928123474,0.6885705162246453,4.670849464638312,0.2617993877991417,0.0,-1.9212023837300218,180,180,180,190,190,210,210
31.95789885520935,0.6885705162246453,4.670849464638312,0.2617993877991417,0.0,-1.9212023837300218,180,180,180,190,190,210,210
31.96822738647461,0.6915268612677501,4.662763840291876,0.2617993877991417,0.0,-1.9212862620892481,180,180,180,190,190,190,190
31.97855305671692,0.6915268612677501,4.662763840291876,0.2617993877991417,0.0,-1.9212862620892481,180,180,180,190,190,190,190
31.99592089653015,0.6944870395714401,4.65467024856351,0.2617993877991417,0.0,-1.9213658383990069,180,180,180,190,190,190,190
32.00619554519653,0.6944870395714401,4.65467024856351,0.2617993877991417,0.0,-1.9213658383990069,180,180,180,190,190,190,190
32.01642918586731,0.6944870395714401,4.65467024856351,0.2617993877991417,-0.05235987755982833,-1.9213658383990069,180,180,190,190,190,190,190
32.026931047439575,0.6975417312721516,4.646320605012202,0.2617993877991417,-0.05235987755982833,-1.921432910988537,180,180,190,190,190,190,190
32.04696464538574,0.6975417312721516,4.646320605012202,0.2617993877991417,-0.05235987755982833,-1.921432910988537,180,180,190,190,190,190,190
32.057214975357056,0.6975417312721516,4.646320605012202,0.2617993877991417,-0.05235987755982833,-1.921432910988537,180,180,190,190,190,190,190
32.067408323287964,0.7005076439669377,4.638197622810971,0.2617993877991417,-0.06981317007977111,-1.9199050408835914,180,180,180,190,190,210,200
32.077627182006836,0.7005076439669377,4.638197622810971,0.2617993877991417,-0.06981317007977111,-1.9199050408835914,180,180,180,190,190,210,200
32.0878701210022,0.7005076439669377,4.638197622810971,0.2617993877991417,-0.06981317007977111,-1.9199050408835914,180,180,180,190,190,210,200
32.098106145858765,0.7034646459636471,4.630050105753005,0.2617993877991417,-0.06981317007977111,-1.9176949659286644,180,180,180,190,190,210,200
32.10830068588257,0.7034646459636471,4.630050105753005,0.2617993877991417,-0.06981317007977111,-1.9176949659286644,180,180,180,190,190,210,200
32.11848735809326,0.7034646459636471,4.630050105753005,0.2617993877991417,-0.06981317007977111,-1.9176949659286644,180,180,180,190,190,190,190
32.12871551513672,0.7064958655332638,4.621637055582818,0.2617993877991417,-0.06981317007977111,-1.915381944200656,180,180,180,190,190,190,190
32.146989822387695,0.7064958655332638,4.621637055582818,0.2617993877991417,-0.06981317007977111,-1.915381944200656,180,180,180,190,190,190,190
32.15722846984863,0.7094219330465478,4.61345546522042,0.2617993877991417,-0.06981317007977111,-1.9131034011815928,180,180,180,190,190,190,190
32.167418003082275,0.7094219330465478,4.61345546522042,0.2617993877991417,-0.08726646259971389,-1.9131034011815928,180,180,180,190,190,210,210
32.177634716033936,0.7094219330465478,4.61345546522042,0.2617993877991417,-0.08726646259971389,-1.9131034011815928,180,180,180,190,190,210,210
32.19493341445923,0.7123285057717972,4.605265208163809,0.2617993877991417,-0.08726646259971389,-1.9107640551068736,180,180,180,190,190,210,210
32.20513963699341,0.7123285057717972,4.605265208163809,0.2617993877991417,-0.08726646259971389,-1.9107640551068736,180,180,180,190,190,210,210
32.21531128883362,0.7123285057717972,4.605265208163809,0.2617993877991417,-0.08726646259971389,-1.9107640551068736,180,180,180,190,190,210,210
32.22553610801697,0.7153051966358384,4.596817417891726,0.2617993877991417,-0.08726646259971389,-1.9077917095431314,180,180,180,190,190,210,210
32.23575806617737,0.7153051966358384,4.596817417891726,0.2617993877991417,-0.08726646259971389,-1.9077917095431314,180,180,180,190,190,210,210
32.24679470062256,0.7153051966358384,4.596817417891726,0.2617993877991417,-0.08726646259971389,-1.9077917095431314,180,180,180,190,190,210,210
32.25697994232178,0.7153051966358384,4.596817417891726,0.2617993877991417,-0.08726646259971389,-1.9077917095431314,180,180,180,190,190,210,210
32.26718044281006,0.7181521535220576,4.588644138702629,0.2617993877991417,-0.08726646259971389,-1.9048539535873716,180,180,180,190,190,210,210
32.277395486831665,0.7181521535220576,4.588644138702629,0.2617993877991417,-0.08726646259971389,-1.9048539535873716,180,180,180,190,190,210,210
32.2876398563385,0.7181521535220576,4.588644138702629,0.2617993877991417,-0.08726646259971389,-1.9048539535873716,180,180,180,190,190,210,210
32.29795217514038,0.7209631624177252,4.580513770122884,0.2617993877991417,-0.08726646259971389,-1.9020873695340936,180,180,180,190,190,210,210
32.308154344558716,0.7209631624177252,4.580513770122884,0.2617993877991417,-0.08726646259971389,-1.9020873695340936,180,180,180,190,190,210,210
32.31836652755737,0.7209631624177252,4.580513770122884,0.2617993877991417,-0.08726646259971389,-1.9020873695340936,180,180,180,190,190,210,210
32.328731536865234,0.7209631624177252,4.580513770122884,0.2617993877991417,-0.08726646259971389,-1.9020873695340936,180,180,180,190,190,210,210
32.34551501274109,0.723840414212957,4.572109682455078,0.2617993877991417,-0.08726646259971389,-1.8991596336057233,180,180,180,190,190,210,210
32.35575532913208,0.723840414212957,4.572109682455078,0.2617993877991417,-0.08726646259971389,-1.8991596336057233,180,180,180,190,190,210,210
32.36595916748047,0.7266106363474275,4.563940621502444,0.2617993877991417,-0.10471975511965666,-1.8963651974143614,180,180,180,190,190,210,210
32.3762264251709,0.7266106363474275,4.563940621502444,0.2617993877991417,-0.10471975511965666,-1.8963651974143614,180,180,180,190,210,210,210
32.38647484779358,0.7266106363474275,4.563940621502444,0.2617993877991417,-0.10471975511965666,-1.8963651974143614,180,180,180,190,210,210,210
32.39873552322388,0.729363070207424,4.555752835978116,0.2617993877991417,-0.10471975511965666,-1.8935505427142907,180,180,180,190,210,210,210
32.40893840789795,0.729363070207424,4.555752835978116,0.2617993877991417,-0.10471975511965666,-1.8935505427142907,180,180,180,190,210,210,210
32.4191415309906,0.729363070207424,4.555752835978116,0.2617993877991417,-0.10471975511965666,-1.8935505427142907,180,180,190,180,190,210,210
32.429439067840576,0.7321783398434878,4.547291672461128,0.2617993877991417,-0.10471975511965666,-1.8900713701104426,180,180,190,180,190,210,210
32.44829726219177,0.7321783398434878,4.547291672461128,0.2617993877991417,-0.10471975511965666,-1.8900713701104426,180,180,190,180,190,210,210
32.458555936813354,0.7348861758085184,4.539058069047408,0.2617993877991417,-0.10471975511965666,-1.8866690128250134,180,180,190,180,190,210,210
32.46875596046448,0.7348861758085184,4.539058069047408,0.2617993877991417,-0.10471975511965666,-1.8866690128250134,180,180,190,180,190,210,210
32.478949785232544,0.7348861758085184,4.539058069047408,0.2617993877991417,-0.10471975511965666,-1.8866690128250134,180,180,190,180,190,210,210
32.489126205444336,0.7348861758085184,4.539058069047408,0.2617993877991417,-0.10471975511965666,-1.8866690128250134,180,180,190,180,190,210,210
32.49930167198181,0.7375695676662579,4.530803298642171,0.2617993877991417,-0.10471975511965666,-1.8832556109330318,180,180,190,180,190,210,210
32.50951266288757,0.7375695676662579,4.530803298642171,0.2617993877991417,-0.10471975511965666,-1.8832556109330318,180,180,190,180,190,210,210
32.51972031593323,0.7375695676662579,4.530803298642171,0.2617993877991417,-0.10471975511965666,-1.8832556109330318,180,180,190,180,190,210,210
32.530137062072754,0.7403082042078184,4.522276697396331,0.2617993877991417,-0.10471975511965666,-1.8797266618011037,180,180,190,180,190,210,210
32.54719281196594,0.7403082042078184,4.522276697396331,0.2617993877991417,-0.10471975511965666,-1.8797266618011037,180,180,190,180,190,210,210
32.557427406311035,0.7403082042078184,4.522276697396331,0.2617993877991417,-0.10471975511965666,-1.8797266618011037,180,180,190,180,190,210,210
32.56766223907471,0.7429399230202376,4.513981970445381,0.2617993877991417,-0.10471975511965666,-1.8762907206052846,180,180,190,180,190,210,210
32.577911615371704,0.7429399230202376,4.513981970445381,0.2617993877991417,-0.10471975511965666,-1.8762907206052846,180,180,190,190,210,210,190
32.588178396224976,0.7429399230202376,4.513981970445381,0.2617993877991417,-0.10471975511965666,-1.8762907206052846,180,180,190,190,210,210,190
32.5983829498291,0.745542743362727,4.505677261768926,0.2617993877991417,-0.10471975511965666,-1.8728520646621458,180,180,190,190,210,210,190
32.60859417915344,0.745542743362727,4.505677261768926,0.2617993877991417,-0.10471975511965666,-1.8728520646621458,180,180,190,190,210,210,190
32.618813037872314,0.745542743362727,4.505677261768926,0.2617993877991417,-0.10471975511965666,-1.8728520646621458,180,180,180,190,210,210,200
32.62901449203491,0.745542743362727,4.505677261768926,0.2617993877991417,-0.10471975511965666,-1.8728520646621458,180,180,180,190,210,210,200
32.639216899871826,0.74818519427055,4.497124745536679,0.2617993877991417,-0.10471975511965666,-1.8693403029067783,180,180,180,190,210,210,200
32.65119528770447,0.74818519427055,4.497124745536679,0.2617993877991417,-0.12217304763959944,-1.8693403029067783,180,180,180,190,210,210,200
32.66142559051514,0.7507151211772054,4.488853597404175,0.2617993877991417,-0.12217304763959944,-1.8661905328472985,180,180,180,190,210,210,200
32.67162108421326,0.7507151211772054,4.488853597404175,0.2617993877991417,-0.12217304763959944,-1.8661905328472985,180,180,180,190,210,210,210
32.681835889816284,0.7507151211772054,4.488853597404175,0.2617993877991417,-0.12217304763959944,-1.8661905328472985,180,180,180,190,210,210,210
32.69461727142334,0.7532106904434197,4.48061102292414,0.2617993877991417,-0.12217304763959944,-1.8623507581861996,180,180,180,190,210,210,210
32.704867124557495,0.7532106904434197,4.48061102292414,0.2617993877991417,-0.12217304763959944,-1.8623507581861996,180,180,180,190,210,210,210
32.71507000923157,0.7532106904434197,4.48061102292414,0.2617993877991417,-0.12217304763959944,-1.8623507581861996,180,180,190,200,190,190,190
32.72526669502258,0.755743640246456,4.47209583727462,0.2617993877991417,-0.12217304763959944,-1.8582319328734278,180,180,190,200,190,190,190
32.73547840118408,0.755743640246456,4.47209583727462,0.2617993877991417,-0.12217304763959944,-1.8582319328734278,180,180,190,200,190,190,190
32.747381925582886,0.755743640246456,4.47209583727462,0.2617993877991417,-0.12217304763959944,-1.8582319328734278,180,180,190,200,190,190,190
32.757617473602295,0.7581784959130119,4.463804881275248,0.2617993877991417,-0.12217304763959944,-1.8542253401247872,180,180,190,200,190,190,190
32.76781606674194,0.7581784959130119,4.463804881275248,0.2617993877991417,-0.12217304763959944,-1.8542253401247872,190,180,190,190,190,190,190
32.778051137924194,0.7581784959130119,4.463804881275248,0.2617993877991417,-0.12217304763959944,-1.8542253401247872,190,180,190,190,190,190,190
32.7953405380249,0.7581784959130119,4.463804881275248,0.2617993877991417,-0.12217304763959944,-1.8542253401247872,190,180,190,190,190,190,190
32.80570197105408,0.7605823384098173,4.455495175878986,0.2617993877991417,-0.12217304763959944,-1.8502091099944624,190,180,190,190,190,190,190
32.81598949432373,0.7605823384098173,4.455495175878986,0.2617993877991417,-0.12217304763959944,-1.8502091099944624,190,180,190,190,190,190,190
32.826231479644775,0.7630275009989266,4.446911612553799,0.2617993877991417,-0.13962634015954223,-1.8460597775070253,180,180,190,190,190,190,190
32.83643102645874,0.7630275009989266,4.446911612553799,0.2617993877991417,-0.13962634015954223,-1.8460597775070253,180,180,190,190,190,190,190
32.84704113006592,0.7630275009989266,4.446911612553799,0.2617993877991417,-0.13962634015954223,-1.8460597775070253,180,180,190,190,190,190,190
32.85726714134216,0.7630275009989266,4.446911612553799,0.2617993877991417,-0.157079632679485,-1.8460597775070253,180,180,190,190,190,190,190
32.867469787597656,0.7653690990640911,4.438553607998466,0.2617993877991417,-0.157079632679485,-1.8414669494474658,180,180,190,190,190,190,200
32.87835955619812,0.7653690990640911,4.438553607998466,0.2617993877991417,-0.157079632679485,-1.8414669494474658,180,180,190,190,190,190,200
32.894418478012085,0.7653690990640911,4.438553607998466,0.2617993877991417,-0.157079632679485,-1.8414669494474658,180,180,190,190,190,190,200
32.90463399887085,0.7653690990640911,4.438553607998466,0.2617993877991417,-0.157079632679485,-1.8414669494474658,180,180,190,190,190,190,200
32.91482710838318,0.7676742828240963,4.430167497790049,0.2617993877991417,-0.17453292519942779,-1.8362912610060553,180,180,190,190,190,190,190
32.925161361694336,0.7676742828240963,4.430167497790049,0.2617993877991417,-0.17453292519942779,-1.8362912610060553,180,180,190,190,190,190,190
32.93549728393555,0.7700061198111675,4.42150321297384,0.2617993877991417,-0.17453292519942779,-1.8309351369225726,180,180,190,190,190,190,190
32.945738077163696,0.7700061198111675,4.42150321297384,0.2617993877991417,-0.17453292519942779,-1.8309351369225726,180,180,190,190,190,190,190
32.95591711997986,0.7700061198111675,4.42150321297384,0.2617993877991417,-0.19198621771937055,-1.8309351369225726,180,180,190,190,190,190,190
32.96609449386597,0.7722252387360018,4.413071306616012,0.2617993877991417,-0.19198621771937055,-1.8252078741501807,180,180,190,190,200,200,200
32.97627234458923,0.7722252387360018,4.413071306616012,0.2617993877991417,-0.19198621771937055,-1.8252078741501807,180,180,190,190,200,200,200
32.986552476882935,0.7722252387360018,4.413071306616012,0.2617993877991417,-0.20943951023931331,-1.8252078741501807,180,180,190,190,200,200,200
32.99681615829468,0.7743927244249899,4.404626955023401,0.2617993877991417,-0.20943951023931331,-1.8189966191785247,180,180,190,190,200,200,200
33.00698947906494,0.7743927244249899,4.404626955023401,0.2617993877991417,-0.20943951023931331,-1.8189966191785247,180,180,190,190,200,200,200
33.017194986343384,0.7743927244249899,4.404626955023401,0.2617993877991417,-0.20943951023931331,-1.8189966191785247,190,190,190,190,200,200,200
33.02745175361633,0.7765590730253094,4.3959664206079605,0.2617993877991417,-0.20943951023931331,-1.8123935933022106,190,190,190,190,200,200,200
33.0377676486969,0.7765590730253094,4.3959664206079605,0.2617993877991417,-0.20943951023931331,-1.8123935933022106,190,190,190,190,200,200,200
33.047971963882446,0.7765590730253094,4.3959664206079605,0.2617993877991417,-0.20943951023931331,-1.8123935933022106,190,190,190,190,200,200,200
33.05820345878601,0.7765590730253094,4.3959664206079605,0.2617993877991417,-0.20943951023931331,-1.8123935933022106,190,190,190,190,200,200,200
33.06840944290161,0.7786053259238737,4.387540541142422,0.2617993877991417,-0.20943951023931331,-1.8058257982233468,180,190,190,190,190,190,190
33.07861256599426,0.7786053259238737,4.387540541142422,0.2617993877991417,-0.20943951023931331,-1.8058257982233468,180,190,190,190,190,190,190
33.09452295303345,0.7786053259238737,4.387540541142422,0.2617993877991417,-0.20943951023931331,-1.8058257982233468,180,190,190,190,190,190,190
33.104806900024414,0.7806001868550566,4.379096213051582,0.2617993877991417,-0.20943951023931331,-1.7990746862104123,180,190,190,190,190,190,190
33.1150107383728,0.7806001868550566,4.379096213051582,0.2617993877991417,-0.20943951023931331,-1.7990746862104123,180,190,190,210,210,210,210
33.12523412704468,0.7825864305938367,4.3704094323142675,0.2617993877991417,-0.20943951023931331,-1.7918434570876591,180,190,190,210,210,210,210
33.13549280166626,0.7825864305938367,4.3704094323142675,0.2617993877991417,-0.20943951023931331,-1.7918434570876591,180,190,190,210,210,210,210
33.147191286087036,0.7825864305938367,4.3704094323142675,0.2617993877991417,-0.20943951023931331,-1.7918434570876591,180,190,190,210,210,210,210
33.15742564201355,0.7825864305938367,4.3704094323142675,0.2617993877991417,-0.20943951023931331,-1.7918434570876591,180,190,190,210,210,210,210
33.167611598968506,0.7844600398176492,4.361941830907646,0.2617993877991417,-0.20943951023931331,-1.7849050861989069,190,190,190,190,190,190,190
33.17782163619995,0.7844600398176492,4.361941830907646,0.2617993877991417,-0.20943951023931331,-1.7849050861989069,190,190,190,190,190,190,190
33.18807864189148,0.7844600398176492,4.361941830907646,0.2617993877991417,-0.20943951023931331,-1.7849050861989069,190,190,190,190,190,190,190
33.19835591316223,0.7862764592285261,4.35345313503508,0.2617993877991417,-0.20943951023931331,-1.7779280040051937,190,190,190,190,190,190,190
33.20856499671936,0.7862764592285261,4.35345313503508,0.2617993877991417,-0.20943951023931331,-1.7779280040051937,190,190,190,190,190,190,190
33.218756437301636,0.7862764592285261,4.35345313503508,0.2617993877991417,-0.20943951023931331,-1.7779280040051937,180,190,190,190,190,190,190
33.22900462150574,0.7880883674208199,4.344682173868657,0.2617993877991417,-0.20943951023931331,-1.7707165199642643,180,190,190,190,190,190,190
33.239203453063965,0.7880883674208199,4.344682173868657,0.2617993877991417,-0.20943951023931331,-1.7707165199642643,180,190,190,190,190,190,190
33.24941921234131,0.7880883674208199,4.344682173868657,0.2617993877991417,-0.20943951023931331,-1.7707165199642643,180,190,190,190,190,190,190
33.259647607803345,0.7897884256579618,4.336145739686869,0.2617993877991417,-0.20943951023931331,-1.7637053892620203,180,190,190,190,190,190,190
33.269837856292725,0.7897884256579618,4.336145739686869,0.2617993877991417,-0.20943951023931331,-1.7637053892620203,180,190,190,190,190,190,190
33.28002905845642,0.7897884256579618,4.336145739686869,0.2617993877991417,-0.20943951023931331,-1.7637053892620203,180,190,190,190,190,190,190
33.29937481880188,0.7897884256579618,4.336145739686869,0.2617993877991417,-0.20943951023931331,-1.7637053892620203,180,190,190,190,190,190,190
33.30971693992615,0.791430052617375,4.327587768709682,0.2617993877991417,-0.20943951023931331,-1.7566928947830622,180,190,190,190,190,190,190
33.31990647315979,0.791430052617375,4.327587768709682,0.2617993877991417,-0.20943951023931331,-1.7566928947830622,180,190,190,190,190,190,190
33.330076932907104,0.7930587837173638,4.318756286292355,0.2617993877991417,-0.20943951023931331,-1.7495208209556876,180,190,190,190,190,190,190
33.34026765823364,0.7930587837173638,4.318756286292355,0.2617993877991417,-0.20943951023931331,-1.7495208209556876,180,190,190,190,190,190,190
33.350478410720825,0.7930587837173638,4.318756286292355,0.2617993877991417,-0.20943951023931331,-1.7495208209556876,180,190,190,190,190,190,190
33.36068820953369,0.7945792122380985,4.310186970354213,0.2617993877991417,-0.20943951023931331,-1.7427185261029927,180,190,190,190,190,190,190
33.37088632583618,0.7945792122380985,4.310186970354213,0.2617993877991417,-0.20943951023931331,-1.7427185261029927,180,190,190,190,190,190,190
33.38155174255371,0.7945792122380985,4.310186970354213,0.2617993877991417,-0.20943951023931331,-1.7427185261029927,190,180,190,190,190,190,190
33.39863920211792,0.7945792122380985,4.310186970354213,0.2617993877991417,-0.20943951023931331,-1.7427185261029927,190,180,190,190,190,190,190
33.40900111198425,0.7960344620169042,4.301650631307027,0.2617993877991417,-0.20943951023931331,-1.73623710812449,190,180,190,190,190,190,190
33.419196128845215,0.7960344620169042,4.301650631307027,0.2617993877991417,-0.20943951023931331,-1.73623710812449,190,180,190,190,190,190,190
33.42959523200989,0.7974778724988127,4.292821679650819,0.2617993877991417,-0.20943951023931331,-1.7294578050225795,180,180,200,130,190,190,200
33.445571422576904,0.7974778724988127,4.292821679650819,0.2617993877991417,-0.20943951023931331,-1.7294578050225795,180,180,200,130,190,190,200
33.45575737953186,0.7974778724988127,4.292821679650819,0.2617993877991417,-0.20943951023931331,-1.7294578050225795,180,180,200,130,190,190,200
33.46594834327698,0.7988246008898631,4.284231091872434,0.2617993877991417,-0.20943951023931331,-1.7228260888440114,180,180,200,130,190,190,200
33.47620677947998,0.7988246008898631,4.284231091872434,0.2617993877991417,-0.20943951023931331,-1.7228260888440114,180,180,190,190,190,190,200
33.48642158508301,0.7988246008898631,4.284231091872434,0.2617993877991417,-0.20943951023931331,-1.7228260888440114,180,180,190,190,190,190,200
33.497544050216675,0.8001130430646186,4.2756310169628655,0.2617993877991417,-0.20943951023931331,-1.7161153297649465,180,180,190,190,190,190,200
33.507718086242676,0.8001130430646186,4.2756310169628655,0.2617993877991417,-0.20943951023931331,-1.7161153297649465,180,180,190,190,190,190,200
33.51789951324463,0.8001130430646186,4.2756310169628655,0.2617993877991417,-0.2268928027592561,-1.7161153297649465,180,180,190,190,190,190,200
33.52809381484985,0.8013841602033321,4.266763942423145,0.2617993877991417,-0.2268928027592561,-1.7090883734123485,180,180,200,190,190,190,200
33.53829097747803,0.8013841602033321,4.266763942423145,0.2617993877991417,-0.2268928027592561,-1.7090883734123485,180,180,200,190,190,190,200
33.54848885536194,0.8013841602033321,4.266763942423145,0.2617993877991417,-0.2268928027592561,-1.7090883734123485,180,180,200,190,190,190,200
33.55865788459778,0.8025529000893746,4.25815132227846,0.2617993877991417,-0.2268928027592561,-1.701563629179119,180,180,200,190,190,190,200
33.568833112716675,0.8025529000893746,4.25815132227846,0.2617993877991417,-0.2268928027592561,-1.701563629179119,180,200,200,200,200,190,200
33.57900834083557,0.8025529000893746,4.25815132227846,0.2617993877991417,-0.2268928027592561,-1.701563629179119,180,200,200,200,200,190,200
33.59519863128662,0.8036531850804463,4.249533804507772,0.2617993877991417,-0.2268928027592561,-1.6938996259043357,180,200,200,200,200,190,200
33.60539793968201,0.8036531850804463,4.249533804507772,0.2617993877991417,-0.2268928027592561,-1.6938996259043357,180,200,200,200,200,190,200
33.615569829940796,0.8036531850804463,4.249533804507772,0.2617993877991417,-0.2268928027592561,-1.6938996259043357,180,190,210,210,200,190,210
33.62574315071106,0.8047200518975786,4.240632509659862,0.2617993877991417,-0.2268928027592561,-1.6860002473333071,180,190,210,210,200,190,210
33.63593554496765,0.8047200518975786,4.240632509659862,0.2617993877991417,-0.2268928027592561,-1.6860002473333071,180,190,210,210,200,190,210
33.64614772796631,0.8047200518975786,4.240632509659862,0.2617993877991417,-0.2268928027592561,-1.6860002473333071,180,190,210,210,200,190,210
33.656349182128906,0.8047200518975786,4.240632509659862,0.2617993877991417,-0.2268928027592561,-1.6860002473333071,180,190,210,210,200,190,210
33.66655611991882,0.8056888090720691,4.231977721769796,0.2617993877991417,-0.2268928027592561,-1.6783358201267884,180,190,210,210,200,190,210
33.677000284194946,0.8056888090720691,4.231977721769796,0.2617993877991417,-0.2268928027592561,-1.6783358201267884,180,190,190,190,190,190,210
33.69709801673889,0.8056888090720691,4.231977721769796,0.2617993877991417,-0.2268928027592561,-1.6783358201267884,180,190,190,190,190,190,210
33.707393407821655,0.8065904561705235,4.2233187850054,0.2617993877991417,-0.2268928027592561,-1.6707462388761078,180,190,190,190,190,190,210
33.71759557723999,0.8065904561705235,4.2233187850054,0.2617993877991417,-0.2268928027592561,-1.6707462388761078,180,190,190,190,190,190,210
33.72781825065613,0.80745371892287,4.2144201470557,0.2617993877991417,-0.2268928027592561,-1.663182951213151,190,210,210,210,190,200,210
33.74503040313721,0.80745371892287,4.2144201470557,0.2617993877991417,-0.2268928027592561,-1.663182951213151,190,210,210,210,190,200,210
33.75524640083313,0.80745371892287,4.2144201470557,0.2617993877991417,-0.2268928027592561,-1.663182951213151,190,210,210,210,190,200,210
33.765515089035034,0.80822282016954,4.205799221099674,0.2617993877991417,-0.2268928027592561,-1.656028557161349,190,210,210,210,190,200,210
33.77574896812439,0.80822282016954,4.205799221099674,0.2617993877991417,-0.2268928027592561,-1.656028557161349,180,210,210,210,210,190,210
33.78596329689026,0.80822282016954,4.205799221099674,0.2617993877991417,-0.2268928027592561,-1.656028557161349,180,210,210,210,210,190,210
33.796231508255005,0.8089316653957745,4.197145416890517,0.2617993877991417,-0.2268928027592561,-1.6487654649235886,180,210,210,210,210,190,210
33.80685472488403,0.8089316653957745,4.197145416890517,0.2617993877991417,-0.2268928027592561,-1.6487654649235886,180,210,210,210,210,190,210
33.81703782081604,0.8089316653957745,4.197145416890517,0.2617993877991417,-0.2268928027592561,-1.6487654649235886,190,210,210,190,190,190,210
33.82737946510315,0.8095974448153397,4.188213167945724,0.2617993877991417,-0.2268928027592561,-1.6412778166869129,190,210,210,190,190,190,210
33.83758306503296,0.8095974448153397,4.188213167945724,0.2617993877991417,-0.2268928027592561,-1.6412778166869129,190,210,210,190,190,190,210
33.847816944122314,0.8095974448153397,4.188213167945724,0.2617993877991417,-0.2268928027592561,-1.6412778166869129,190,210,210,190,190,190,210
33.858006715774536,0.810180561980051,4.179526641942461,0.2617993877991417,-0.2268928027592561,-1.6339961446935782,190,210,210,190,190,190,210
33.868231773376465,0.810180561980051,4.179526641942461,0.2617993877991417,-0.2268928027592561,-1.6339961446935782,190,210,200,190,190,190,210
33.8784236907959,0.810180561980051,4.179526641942461,0.2617993877991417,-0.2268928027592561,-1.6339961446935782,190,210,200,190,190,190,210
33.8970148563385,0.810180561980051,4.179526641942461,0.2617993877991417,-0.2268928027592561,-1.6339961446935782,190,210,200,190,190,190,210
33.90740394592285,0.8107005760670832,4.170825883365347,0.2617993877991417,-0.2268928027592561,-1.6266819308309333,190,210,200,190,190,190,210
33.91760301589966,0.8107005760670832,4.170825883365347,0.2617993877991417,-0.2268928027592561,-1.6266819308309333,190,210,200,190,190,190,210
33.92782020568848,0.8111694116195256,4.161851438644452,0.2617993877991417,-0.2268928027592561,-1.6190814774750508,190,210,200,190,190,190,210
33.94538187980652,0.8111694116195256,4.161851438644452,0.2617993877991417,-0.2268928027592561,-1.6190814774750508,190,210,200,190,190,190,210
33.95562171936035,0.8111694116195256,4.161851438644452,0.2617993877991417,-0.2268928027592561,-1.6190814774750508,190,210,200,190,190,190,210
33.965840101242065,0.8115593842084691,4.153135960380774,0.2617993877991417,-0.2268928027592561,-1.6116087141460995,190,210,200,190,190,190,210
33.97609281539917,0.8115593842084691,4.153135960380774,0.2617993877991417,-0.2268928027592561,-1.6116087141460995,200,210,200,190,190,190,210
33.99608659744263,0.8115593842084691,4.153135960380774,0.2617993877991417,-0.2268928027592561,-1.6116087141460995,200,210,200,190,190,190,210
34.00630021095276,0.8118845890983232,4.144423063000136,0.2617993877991417,-0.2268928027592561,-1.6040308720013852,200,210,200,190,190,190,210
34.01646852493286,0.8118845890983232,4.144423063000136,0.2617993877991417,-0.2268928027592561,-1.6040308720013852,200,210,200,190,190,190,210
34.02665948867798,0.8118845890983232,4.144423063000136,0.2617993877991417,-0.2268928027592561,-1.6040308720013852,200,190,190,190,190,190,210
34.04420781135559,0.8121469586087161,4.135472551521131,0.2617993877991417,-0.2268928027592561,-1.596008149673415,200,190,190,190,190,190,210
34.054445028305054,0.8121469586087161,4.135472551521131,0.2617993877991417,-0.2268928027592561,-1.596008149673415,200,190,190,190,190,190,210
34.06465554237366,0.8123337865722104,4.126779783933139,0.2617993877991417,-0.2268928027592561,-1.5883964456628297,200,190,190,190,190,190,210
34.074885845184326,0.8123337865722104,4.126779783933139,0.2617993877991417,-0.2268928027592561,-1.5883964456628297,210,190,190,190,190,190,210
34.0850772857666,0.8123337865722104,4.126779783933139,0.2617993877991417,-0.2268928027592561,-1.5883964456628297,210,190,190,190,190,190,210
34.09530067443848,0.8124574272148771,4.118131534220064,0.2617993877991417,-0.2268928027592561,-1.5811004655058034,210,190,190,190,190,190,210
34.10557770729065,0.8124574272148771,4.118131534220064,0.2617993877991417,-0.2268928027592561,-1.5811004655058034,210,190,190,190,190,190,210
34.11579990386963,0.8124574272148771,4.118131534220064,0.2617993877991417,-0.2268928027592561,-1.5811004655058034,210,190,190,190,190,190,210
34.12603211402893,0.8124574272148771,4.118131534220064,0.2617993877991417,-0.2268928027592561,-1.5811004655058034,190,190,190,190,190,190,210
34.136247634887695,0.8125160055456017,4.109210607175767,0.2617993877991417,-0.2268928027592561,-1.5735493298174252,190,190,190,190,190,190,210
34.146435022354126,0.8125160055456017,4.109210607175767,0.2617993877991417,-0.2268928027592561,-1.5735493298174252,190,190,190,190,190,190,210
34.156615018844604,0.8125160055456017,4.109210607175767,0.2617993877991417,-0.2268928027592561,-1.5735493298174252,190,190,190,190,190,190,210
34.1668004989624,0.8125098061874236,4.100535364071127,0.2617993877991417,-0.2268928027592561,-1.5661793088804261,190,190,190,190,190,190,210
34.177101612091064,0.8125098061874236,4.100535364071127,0.2617993877991417,-0.2268928027592561,-1.5661793088804261,190,180,190,190,190,190,210
34.195581674575806,0.8125098061874236,4.100535364071127,0.2617993877991417,-0.2268928027592561,-1.5661793088804261,190,180,190,190,190,190,210
34.205987215042114,0.8124395961592206,4.091851071219818,0.2617993877991417,-0.2268928027592561,-1.558812198281176,190,180,190,190,190,190,210
34.21621489524841,0.8124395961592206,4.091851071219818,0.2617993877991417,-0.2268928027592561,-1.558812198281176,180,190,190,190,190,190,190
34.22638726234436,0.8123001791897169,4.082891384867763,0.2617993877991417,-0.2268928027592561,-1.551209211292291,180,190,190,190,190,190,190
34.23656892776489,0.8123001791897169,4.082891384867763,0.2617993877991417,-0.2268928027592561,-1.551209211292291,180,190,190,190,190,190,190
34.2477707862854,0.8123001791897169,4.082891384867763,0.2617993877991417,-0.2268928027592561,-1.551209211292291,180,190,190,190,190,190,190
34.25796604156494,0.8120991208377026,4.074183917852728,0.2617993877991417,-0.2268928027592561,-1.5438145533859118,180,190,190,190,190,190,190
34.26820373535156,0.8120991208377026,4.074183917852728,0.2617993877991417,-0.2268928027592561,-1.5438145533859118,190,180,190,180,190,190,190
34.278398275375366,0.8120991208377026,4.074183917852728,0.2617993877991417,-0.2268928027592561,-1.5438145533859118,190,180,190,180,190,190,190
34.28863263130188,0.8120991208377026,4.074183917852728,0.2617993877991417,-0.2268928027592561,-1.5438145533859118,190,180,190,180,190,190,190
34.29904246330261,0.8120991208377026,4.074183917852728,0.2617993877991417,-0.2268928027592561,-1.5438145533859118,190,180,190,180,190,190,190
34.309340715408325,0.8118329151558009,4.06546586172982,0.2617993877991417,-0.2268928027592561,-1.5364020236465397,190,180,190,180,190,190,190
34.31950664520264,0.8118329151558009,4.06546586172982,0.2617993877991417,-0.2268928027592561,-1.5364020236465397,190,120,190,180,190,190,200
34.32968187332153,0.8114900249384552,4.056474184481726,0.2617993877991417,-0.2268928027592561,-1.5287438059889913,190,120,190,180,190,190,200
34.34495186805725,0.8114900249384552,4.056474184481726,0.2617993877991417,-0.2268928027592561,-1.5287438059889913,190,120,190,180,190,190,200
34.35523223876953,0.8114900249384552,4.056474184481726,0.2617993877991417,-0.2268928027592561,-1.5287438059889913,190,120,190,180,190,190,200
34.365448236465454,0.8110903543361874,4.047742695325423,0.2617993877991417,-0.2268928027592561,-1.5212914490199023,190,120,190,180,190,190,200
34.375781536102295,0.8110903543361874,4.047742695325423,0.2617993877991417,-0.2268928027592561,-1.5212914490199023,190,190,190,190,190,190,200
34.38605809211731,0.8110903543361874,4.047742695325423,0.2617993877991417,-0.2268928027592561,-1.5212914490199023,190,190,190,190,190,190,200
34.39634299278259,0.8106238430361024,4.039021853286998,0.2617993877991417,-0.2268928027592561,-1.5138456009840486,190,190,190,190,190,190,200
34.40655970573425,0.8106238430361024,4.039021853286998,0.2617993877991417,-0.2268928027592561,-1.5138456009840486,190,190,190,190,190,190,200
34.416764974594116,0.8106238430361024,4.039021853286998,0.2617993877991417,-0.2268928027592561,-1.5138456009840486,210,210,190,190,210,210,220
34.42693614959717,0.8100729974010851,4.030061581344459,0.2617993877991417,-0.2268928027592561,-1.5063418734393925,210,210,190,190,210,210,220
34.43719410896301,0.8100729974010851,4.030061581344459,0.2617993877991417,-0.2268928027592561,-1.5063418734393925,210,210,190,190,210,210,220
34.44740581512451,0.8100729974010851,4.030061581344459,0.2617993877991417,-0.24434609527919887,-1.5063418734393925,210,210,190,190,210,210,220
34.457602977752686,0.8100729974010851,4.030061581344459,0.2617993877991417,-0.24434609527919887,-1.5063418734393925,210,210,190,190,210,210,220
34.46777939796448,0.8094887931372292,4.021415913431733,0.2617993877991417,-0.24434609527919887,-1.4992156575416185,190,190,190,180,190,190,190
34.47879934310913,0.8094887931372292,4.021415913431733,0.2617993877991417,-0.24434609527919887,-1.4992156575416185,190,190,190,180,190,190,190
34.495885372161865,0.8088366175093065,4.012779675437369,0.2617993877991417,-0.2617993877991417,-1.4912628230841516,190,190,190,180,190,190,190
34.50613713264465,0.8088366175093065,4.012779675437369,0.2617993877991417,-0.2617993877991417,-1.4912628230841516,190,190,190,180,190,190,190
34.516335010528564,0.8088366175093065,4.012779675437369,0.2617993877991417,-0.2617993877991417,-1.4912628230841516,190,190,190,180,190,190,190
34.526506662368774,0.8088366175093065,4.012779675437369,0.2617993877991417,-0.2617993877991417,-1.4912628230841516,210,210,200,190,210,210,210
34.53668522834778,0.8080885772113792,4.003869857186316,0.2617993877991417,-0.27925268031908446,-1.4824274448378658,210,210,200,190,210,210,210
34.54814600944519,0.8080885772113792,4.003869857186316,0.2617993877991417,-0.27925268031908446,-1.4824274448378658,210,210,200,190,210,210,210
34.55833458900452,0.8072864886841064,3.9952195222481244,0.2617993877991417,-0.2967059728390272,-1.473806359005752,210,210,200,190,210,210,210
34.56857752799988,0.8072864886841064,3.9952195222481244,0.2617993877991417,-0.2967059728390272,-1.473806359005752,210,210,200,190,210,210,210
34.57878279685974,0.8072864886841064,3.9952195222481244,0.2617993877991417,-0.2967059728390272,-1.473806359005752,190,190,190,190,190,190,190
34.59630990028381,0.8072864886841064,3.9952195222481244,0.2617993877991417,-0.2967059728390272,-1.473806359005752,190,190,190,190,190,190,190
34.60649490356445,0.8064038997466747,3.9865586354933975,0.2617993877991417,-0.31415926535897,-1.464081287952207,190,190,190,190,190,190,190
34.61670899391174,0.8064038997466747,3.9865586354933975,0.2617993877991417,-0.31415926535897,-1.464081287952207,190,190,180,190,190,190,190
34.626901388168335,0.805401088073192,3.9776245421913705,0.2617993877991417,-0.33161255787891275,-1.453408192802518,190,190,180,190,190,190,190
34.63726258277893,0.805401088073192,3.9776245421913705,0.2617993877991417,-0.33161255787891275,-1.453408192802518,190,190,180,190,190,190,190
34.64746308326721,0.805401088073192,3.9776245421913705,0.2617993877991417,-0.33161255787891275,-1.453408192802518,190,190,180,190,190,190,190
34.65763282775879,0.805401088073192,3.9776245421913705,0.2617993877991417,-0.33161255787891275,-1.453408192802518,190,190,180,190,190,190,190
34.66788601875305,0.8043318255448438,3.9689471459974652,0.2617993877991417,-0.33161255787891275,-1.4424600792883708,190,190,180,190,190,190,190
34.678441286087036,0.8043318255448438,3.9689471459974652,0.2617993877991417,-0.33161255787891275,-1.4424600792883708,190,190,180,190,190,190,190
34.69437885284424,0.8031653778434463,3.9602711288497514,0.2617993877991417,-0.33161255787891275,-1.4314840350663571,190,190,180,190,190,190,190
34.704625368118286,0.8031653778434463,3.9602711288497514,0.2617993877991417,-0.33161255787891275,-1.4314840350663571,190,190,180,190,190,190,190
34.71481657028198,0.8031653778434463,3.9602711288497514,0.2617993877991417,-0.33161255787891275,-1.4314840350663571,190,180,190,190,190,190,190
34.72501349449158,0.8031653778434463,3.9602711288497514,0.2617993877991417,-0.33161255787891275,-1.4314840350663571,190,180,190,190,190,190,190
34.73521399497986,0.8018632537616575,3.951342408578514,0.2617993877991417,-0.33161255787891275,-1.4202145048044128,190,180,190,190,190,190,190
34.748186349868774,0.8018632537616575,3.951342408578514,0.2617993877991417,-0.33161255787891275,-1.4202145048044128,190,180,190,190,190,190,190
34.758365631103516,0.8005085228225753,3.942703342050967,0.2617993877991417,-0.33161255787891275,-1.4094252583295395,190,180,190,190,190,190,190
34.76860547065735,0.8005085228225753,3.942703342050967,0.2617993877991417,-0.33161255787891275,-1.4094252583295395,190,180,190,190,190,190,190
34.77900004386902,0.8005085228225753,3.942703342050967,0.2617993877991417,-0.33161255787891275,-1.4094252583295395,190,180,180,180,180,180,180
34.79807710647583,0.8005085228225753,3.942703342050967,0.2617993877991417,-0.33161255787891275,-1.4094252583295395,190,180,180,180,180,180,180
34.808313608169556,0.7990680538455873,3.9341285890949527,0.2617993877991417,-0.33161255787891275,-1.3989800782814827,190,180,180,180,180,180,180
34.81848907470703,0.7990680538455873,3.9341285890949527,0.2617993877991417,-0.33161255787891275,-1.3989800782814827,180,180,180,140,180,180,180
34.828699588775635,0.7974839048605237,3.9252815360786113,0.2617993877991417,-0.33161255787891275,-1.3880608019397043,180,180,180,140,180,180,180
34.84744381904602,0.7974839048605237,3.9252815360786113,0.2617993877991417,-0.33161255787891275,-1.3880608019397043,180,180,180,140,180,180,180
34.85765099525452,0.7958527959448662,3.9167063821637815,0.2617993877991417,-0.33161255787891275,-1.3773773185656306,180,180,180,140,180,180,180
34.86783814430237,0.7958527959448662,3.9167063821637815,0.2617993877991417,-0.33161255787891275,-1.3773773185656306,180,180,180,180,180,180,180
34.87800598144531,0.7958527959448662,3.9167063821637815,0.2617993877991417,-0.33161255787891275,-1.3773773185656306,180,180,180,180,180,180,180
34.88819193840027,0.7958527959448662,3.9167063821637815,0.2617993877991417,-0.33161255787891275,-1.3773773185656306,180,180,180,180,180,180,180
34.90211081504822,0.7941324745663291,3.908144722463004,0.2617993877991417,-0.33161255787891275,-1.366636478902702,180,180,180,180,180,180,180
34.91231727600098,0.7941324745663291,3.908144722463004,0.2617993877991417,-0.33161255787891275,-1.366636478902702,180,180,180,180,180,180,180
34.92249059677124,0.7941324745663291,3.908144722463004,0.2617993877991417,-0.33161255787891275,-1.366636478902702,180,180,180,180,180,180,180
34.93277144432068,0.7922610744940808,3.8993407099173187,0.2617993877991417,-0.33161255787891275,-1.3554914917787622,180,180,180,180,180,180,180
34.94821238517761,0.7922610744940808,3.8993407099173187,0.2617993877991417,-0.33161255787891275,-1.3554914917787622,180,180,180,180,180,180,180
34.958410024642944,0.7903564394134894,3.8908343056860852,0.2617993877991417,-0.33161255787891275,-1.3444280262999095,180,180,180,180,180,180,180
34.968585729599,0.7903564394134894,3.8908343056860852,0.2617993877991417,-0.33161255787891275,-1.3444280262999095,180,180,170,180,180,180,180
34.9790461063385,0.7903564394134894,3.8908343056860852,0.2617993877991417,-0.33161255787891275,-1.3444280262999095,180,180,170,180,180,180,180
34.995155572891235,0.7883525304398985,3.8823418097107347,0.2617993877991417,-0.33161255787891275,-1.3333310580198119,180,180,170,180,180,180,180
35.00541353225708,0.7883525304398985,3.8823418097107347,0.2617993877991417,-0.33161255787891275,-1.3333310580198119,180,180,170,180,180,180,180
35.015599727630615,0.7883525304398985,3.8823418097107347,0.2617993877991417,-0.33161255787891275,-1.3333310580198119,180,180,180,180,180,180,180
35.02584433555603,0.7861867968220967,3.873606533748347,0.2617993877991417,-0.33161255787891275,-1.3218651289841863,180,180,180,180,180,180,180
35.03602838516235,0.7861867968220967,3.873606533748347,0.2617993877991417,-0.33161255787891275,-1.3218651289841863,180,180,180,180,180,180,180
35.04626250267029,0.7861867968220967,3.873606533748347,0.2617993877991417,-0.33161255787891275,-1.3218651289841863,180,180,180,180,180,180,180
35.05647158622742,0.7861867968220967,3.873606533748347,0.2617993877991417,-0.33161255787891275,-1.3218651289841863,180,180,180,180,180,180,180
35.06665301322937,0.7839880301253372,3.8651484478499034,0.2617993877991417,-0.33161255787891275,-1.3107605411976617,180,180,180,180,180,180,180
35.07684922218323,0.7839880301253372,3.8651484478499034,0.2617993877991417,-0.33161255787891275,-1.3107605411976617,180,180,180,180,180,180,180
35.094860553741455,0.7817019975913703,3.8567218103033074,0.2617993877991417,-0.33161255787891275,-1.2997580814046004,180,180,180,180,180,180,180
35.10506987571716,0.7817019975913703,3.8567218103033074,0.2617993877991417,-0.33161255787891275,-1.2997580814046004,180,180,180,180,180,180,180
35.11524677276611,0.7817019975913703,3.8567218103033074,0.2617993877991417,-0.33161255787891275,-1.2997580814046004,180,180,140,180,180,180,180
35.12544345855713,0.7792570168586527,3.848099739452879,0.2617993877991417,-0.33161255787891275,-1.2886974917141756,180,180,140,180,180,180,180
35.13566589355469,0.7792570168586527,3.848099739452879,0.2617993877991417,-0.33161255787891275,-1.2886974917141756,180,180,140,180,180,180,180
35.14618468284607,0.7792570168586527,3.848099739452879,0.2617993877991417,-0.33161255787891275,-1.2886974917141756,180,180,140,180,180,180,180
35.15638446807861,0.7792570168586527,3.848099739452879,0.2617993877991417,-0.33161255787891275,-1.2886974917141756,180,180,140,180,180,180,180
35.166579484939575,0.7767899148297447,3.839749805944594,0.2617993877991417,-0.33161255787891275,-1.2779497001138256,180,180,170,180,180,180,180
35.176788091659546,0.7767899148297447,3.839749805944594,0.2617993877991417,-0.33161255787891275,-1.2779497001138256,180,180,170,180,180,180,180
35.18697237968445,0.7767899148297447,3.839749805944594,0.2617993877991417,-0.33161255787891275,-1.2779497001138256,180,180,170,180,180,180,180
35.197179555892944,0.774230541865999,3.8314164582192944,0.2617993877991417,-0.33161255787891275,-1.2671942363069284,180,180,170,180,180,180,180
35.207396030426025,0.774230541865999,3.8314164582192944,0.2617993877991417,-0.33161255787891275,-1.2671942363069284,180,180,170,180,180,180,180
35.21759390830994,0.774230541865999,3.8314164582192944,0.2617993877991417,-0.33161255787891275,-1.2671942363069284,180,170,150,180,180,130,180
35.2277889251709,0.7714966846390375,3.8228488473624687,0.2617993877991417,-0.33161255787891275,-1.2561032911153942,180,170,150,180,180,130,180
35.246912479400635,0.7714966846390375,3.8228488473624687,0.2617993877991417,-0.33161255787891275,-1.2561032911153942,180,170,150,180,180,130,180
35.25715661048889,0.7714966846390375,3.8228488473624687,0.2617993877991417,-0.33161255787891275,-1.2561032911153942,180,170,150,180,180,130,180
35.26738500595093,0.7687484497847661,3.814551431863355,0.2617993877991417,-0.33161255787891275,-1.2453130852912107,180,170,180,180,180,120,180
35.27762746810913,0.7687484497847661,3.814551431863355,0.2617993877991417,-0.33161255787891275,-1.2453130852912107,180,170,180,180,180,120,180
35.28790235519409,0.7687484497847661,3.814551431863355,0.2617993877991417,-0.33161255787891275,-1.2453130852912107,180,170,180,180,180,120,180
35.29811096191406,0.7659070172035513,3.8062743250002504,0.2617993877991417,-0.33161255787891275,-1.234483453140151,180,170,180,180,180,120,180
35.308314085006714,0.7659070172035513,3.8062743250002504,0.2617993877991417,-0.33161255787891275,-1.234483453140151,180,170,180,180,180,120,180
35.31855249404907,0.7659070172035513,3.8062743250002504,0.2617993877991417,-0.33161255787891275,-1.234483453140151,190,190,170,180,180,180,180
35.328837156295776,0.7628833674890041,3.7977734633505493,0.2617993877991417,-0.33161255787891275,-1.2232649442647578,190,190,170,180,180,180,180
35.34729361534119,0.7628833674890041,3.7977734633505493,0.2617993877991417,-0.33161255787891275,-1.2232649442647578,190,190,170,180,180,180,180
35.35752010345459,0.7598563649601069,3.789554776554709,0.2617993877991417,-0.33161255787891275,-1.2122726403383084,190,190,170,180,180,180,180
35.36771512031555,0.7598563649601069,3.789554776554709,0.2617993877991417,-0.34906585039885557,-1.2122726403383084,190,190,180,180,180,180,180
35.37789845466614,0.7598563649601069,3.789554776554709,0.2617993877991417,-0.34906585039885557,-1.2122726403383084,190,190,180,180,180,180,180
35.38810443878174,0.7598563649601069,3.789554776554709,0.2617993877991417,-0.34906585039885557,-1.2122726403383084,190,190,180,180,180,180,180
35.39833974838257,0.7567491325819657,3.781388028694858,0.2617993877991417,-0.34906585039885557,-1.2011199803060066,190,190,180,180,180,180,180
35.408560037612915,0.7567491325819657,3.781388028694858,0.2617993877991417,-0.34906585039885557,-1.2011199803060066,190,190,180,180,180,180,180
35.41879200935364,0.7567491325819657,3.781388028694858,0.2617993877991417,-0.34906585039885557,-1.2011199803060066,190,190,190,180,190,190,180
35.42898392677307,0.7534653178417299,3.773041738225171,0.2617993877991417,-0.34906585039885557,-1.1889132190319969,190,190,190,180,190,190,180
35.43916606903076,0.7534653178417299,3.773041738225171,0.2617993877991417,-0.34906585039885557,-1.1889132190319969,190,190,190,180,190,190,180
35.45110058784485,0.7534653178417299,3.773041738225171,0.2617993877991417,-0.34906585039885557,-1.1889132190319969,190,190,190,180,190,190,180
35.46132969856262,0.7501798978653222,3.7649868507401467,0.2617993877991417,-0.34906585039885557,-1.1774194023487459,190,190,190,180,190,190,180
35.47153902053833,0.7501798978653222,3.7649868507401467,0.2617993877991417,-0.34906585039885557,-1.1774194023487459,190,190,190,190,200,190,190
35.4817590713501,0.7501798978653222,3.7649868507401467,0.2617993877991417,-0.34906585039885557,-1.1774194023487459,190,190,190,190,200,190,190
35.50037169456482,0.7501798978653222,3.7649868507401467,0.2617993877991417,-0.34906585039885557,-1.1774194023487459,190,190,190,190,200,190,190
35.51079058647156,0.7468018968064626,3.7569713452599838,0.2617993877991417,-0.34906585039885557,-1.1659888964470564,190,190,190,190,200,190,190
35.52097535133362,0.7468018968064626,3.7569713452599838,0.2617993877991417,-0.34906585039885557,-1.1659888964470564,190,190,190,190,200,190,190
35.53147077560425,0.7432231226912624,3.7487474588634946,0.2617993877991417,-0.34906585039885557,-1.1541948933601245,190,190,190,190,190,190,190
35.546391248703,0.7432231226912624,3.7487474588634946,0.2617993877991417,-0.34906585039885557,-1.1541948933601245,190,190,190,190,190,190,190
35.55659079551697,0.7432231226912624,3.7487474588634946,0.2617993877991417,-0.34906585039885557,-1.1541948933601245,190,190,190,190,190,190,190
35.56676483154297,0.7396531942721695,3.7407972136655525,0.2617993877991417,-0.34906585039885557,-1.1427242785539713,190,190,180,180,180,180,180
35.577078104019165,0.7396531942721695,3.7407972136655525,0.2617993877991417,-0.34906585039885557,-1.1427242785539713,190,190,180,180,180,180,180
35.5872483253479,0.7396531942721695,3.7407972136655525,0.2617993877991417,-0.34906585039885557,-1.1427242785539713,190,190,180,180,180,180,180
35.59745407104492,0.7359874041666299,3.7328780448478187,0.2617993877991417,-0.34906585039885557,-1.1312315808362166,190,190,180,180,180,180,180
35.60762310028076,0.7359874041666299,3.7328780448478187,0.2617993877991417,-0.34906585039885557,-1.1312315808362166,190,190,180,180,180,180,180
35.61780834197998,0.7359874041666299,3.7328780448478187,0.2617993877991417,-0.34906585039885557,-1.1312315808362166,190,190,180,180,180,180,180
35.628002643585205,0.7321099397658293,3.724752214820772,0.2617993877991417,-0.34906585039885557,-1.1193675949278084,190,190,180,180,180,180,180
35.63837909698486,0.7321099397658293,3.724752214820772,0.2617993877991417,-0.34906585039885557,-1.1193675949278084,190,190,180,180,180,180,180
35.64881777763367,0.7321099397658293,3.724752214820772,0.2617993877991417,-0.34906585039885557,-1.1193675949278084,190,190,180,180,180,180,180
35.659024477005005,0.7282488693352652,3.716899085962365,0.2617993877991417,-0.34906585039885557,-1.1078338669124796,190,190,180,180,180,180,180
35.66922616958618,0.7282488693352652,3.716899085962365,0.2617993877991417,-0.34906585039885557,-1.1078338669124796,190,190,180,190,180,180,180
35.67977046966553,0.7282488693352652,3.716899085962365,0.2617993877991417,-0.34906585039885557,-1.1078338669124796,190,190,180,190,180,180,180
35.69589972496033,0.7242922014044585,3.7090817610742643,0.2617993877991417,-0.34906585039885557,-1.0962845738662872,190,190,180,190,180,180,180
35.70612287521362,0.7242922014044585,3.7090817610742643,0.2617993877991417,-0.34906585039885557,-1.0962845738662872,190,190,180,190,180,180,180
35.71632361412048,0.7242922014044585,3.7090817610742643,0.2617993877991417,-0.34906585039885557,-1.0962845738662872,190,190,190,190,180,110,180
35.72677683830261,0.7201187725166681,3.7010713718021426,0.2617993877991417,-0.34906585039885557,-1.084409858363257,190,190,190,190,180,110,180
35.73704147338867,0.7201187725166681,3.7010713718021426,0.2617993877991417,-0.34906585039885557,-1.084409858363257,190,190,190,190,180,110,180
35.74756050109863,0.7201187725166681,3.7010713718021426,0.2617993877991417,-0.34906585039885557,-1.084409858363257,190,190,190,190,180,110,180
35.75777816772461,0.7201187725166681,3.7010713718021426,0.2617993877991417,-0.34906585039885557,-1.084409858363257,190,190,190,190,180,110,180
35.76796102523804,0.7159827883923167,3.6933513452198916,0.2617993877991417,-0.34906585039885557,-1.0729951667143525,190,190,190,190,180,110,190
35.778480768203735,0.7159827883923167,3.6933513452198916,0.2617993877991417,-0.34906585039885557,-1.0729951667143525,190,190,190,190,180,110,190
35.79472208023071,0.7117793850115117,3.685713820106682,0.2617993877991417,-0.34906585039885557,-1.0618549513195559,190,190,190,190,180,110,190
35.80489492416382,0.7117793850115117,3.685713820106682,0.2617993877991417,-0.34906585039885557,-1.0618549513195559,190,190,190,190,180,110,190
35.81503486633301,0.7117793850115117,3.685713820106682,0.2617993877991417,-0.34906585039885557,-1.0618549513195559,190,190,190,190,180,110,190
35.82525897026062,0.7073562525420798,3.677891128802893,0.2617993877991417,-0.34906585039885557,-1.0503119115394173,190,190,190,190,180,180,190
35.83545446395874,0.7073562525420798,3.677891128802893,0.2617993877991417,-0.34906585039885557,-1.0503119115394173,190,190,190,190,180,180,190
35.84612703323364,0.7073562525420798,3.677891128802893,0.2617993877991417,-0.34906585039885557,-1.0503119115394173,190,190,190,190,180,180,190
35.856319189071655,0.7073562525420798,3.677891128802893,0.2617993877991417,-0.34906585039885557,-1.0503119115394173,190,190,190,190,180,180,190
35.86649942398071,0.7029794481627346,3.6703464862709754,0.2617993877991417,-0.34906585039885557,-1.0389620826672614,200,200,210,200,190,190,190
35.87683916091919,0.7029794481627346,3.6703464862709754,0.2617993877991417,-0.34906585039885557,-1.0389620826672614,200,200,210,200,190,190,190
35.887038469314575,0.7029794481627346,3.6703464862709754,0.2617993877991417,-0.34906585039885557,-1.0389620826672614,200,200,210,200,190,190,190
35.897292375564575,0.6985335838313411,3.6628810672155137,0.2617993877991417,-0.34906585039885557,-1.0272711887959227,200,200,210,200,190,190,190
35.90748453140259,0.6985335838313411,3.6628810672155137,0.2617993877991417,-0.34906585039885557,-1.0272711887959227,200,200,210,200,190,190,190
35.917675495147705,0.6985335838313411,3.6628810672155137,0.2617993877991417,-0.34906585039885557,-1.0272711887959227,190,190,190,180,180,190,190
35.92789340019226,0.6938667982119503,3.6552599680121416,0.2617993877991417,-0.34906585039885557,-1.01503518261366,190,190,190,180,180,190,190
35.94939136505127,0.6938667982119503,3.6552599680121416,0.2617993877991417,-0.34906585039885557,-1.01503518261366,190,190,190,180,180,190,190
35.95966172218323,0.6892233914671159,3.6478753331348086,0.2617993877991417,-0.34906585039885557,-1.0034178320261036,190,190,190,180,180,190,190
35.969850063323975,0.6892233914671159,3.6478753331348086,0.2617993877991417,-0.34906585039885557,-1.0034178320261036,190,190,190,180,180,190,190
35.980066537857056,0.6892233914671159,3.6478753331348086,0.2617993877991417,-0.34906585039885557,-1.0034178320261036,190,190,190,180,180,190,190
35.99656271934509,0.6892233914671159,3.6478753331348086,0.2617993877991417,-0.34906585039885557,-1.0034178320261036,190,190,190,180,180,190,190
36.00676107406616,0.684489521946943,3.6405383790308123,0.2617993877991417,-0.34906585039885557,-0.9917571941961638,190,190,190,180,180,190,190
36.01699686050415,0.684489521946943,3.6405383790308123,0.2617993877991417,-0.34906585039885557,-0.9917571941961638,190,190,190,180,180,190,190
36.027249336242676,0.6795166131417438,3.6330280050096766,0.2617993877991417,-0.34906585039885557,-0.9797243221431893,190,190,190,180,180,100,190
36.03751230239868,0.6795166131417438,3.6330280050096766,0.2617993877991417,-0.34906585039885557,-0.9797243221431893,190,190,190,180,180,100,190
36.047799587249756,0.6795166131417438,3.6330280050096766,0.2617993877991417,-0.34906585039885557,-0.9797243221431893,190,190,190,180,180,100,190
36.05803418159485,0.6795166131417438,3.6330280050096766,0.2617993877991417,-0.34906585039885557,-0.9797243221431893,190,190,190,180,180,100,190
36.06834888458252,0.67460165797212,3.6257931505073766,0.2617993877991417,-0.34906585039885557,-0.9680733457102877,180,190,190,180,180,190,190
36.07921314239502,0.67460165797212,3.6257931505073766,0.2617993877991417,-0.34906585039885557,-0.9680733457102877,180,190,190,180,180,190,190
36.09604263305664,0.67460165797212,3.6257931505073766,0.2617993877991417,-0.34906585039885557,-0.9680733457102877,180,190,190,180,180,190,190
36.10637354850769,0.6696116378637151,3.6186219004915707,0.2617993877991417,-0.34906585039885557,-0.9565405657546405,180,190,190,180,180,190,190
36.116562604904175,0.6696116378637151,3.6186219004915707,0.2617993877991417,-0.34906585039885557,-0.9565405657546405,190,190,190,180,190,190,190
36.12682557106018,0.6644093200902172,3.6113314148864357,0.2617993877991417,-0.34906585039885557,-0.9450022447058491,190,190,190,180,190,190,190
36.137107133865356,0.6644093200902172,3.6113314148864357,0.2617993877991417,-0.34906585039885557,-0.9450022447058491,190,190,190,180,190,190,190
36.14734768867493,0.6644093200902172,3.6113314148864357,0.2617993877991417,-0.34906585039885557,-0.9450022447058491,190,190,190,180,190,190,190
36.15757465362549,0.6644093200902172,3.6113314148864357,0.2617993877991417,-0.34906585039885557,-0.9450022447058491,190,190,190,180,190,190,190
36.1677782535553,0.6592696044608196,3.604300698612067,0.2617993877991417,-0.34906585039885557,-0.9337419384524671,190,190,190,180,100,190,190
36.178061962127686,0.6592696044608196,3.604300698612067,0.2617993877991417,-0.34906585039885557,-0.9337419384524671,190,190,190,180,100,190,190
36.18824243545532,0.6592696044608196,3.604300698612067,0.2617993877991417,-0.34906585039885557,-0.9337419384524671,190,190,190,180,100,190,190
36.19847059249878,0.6540416251913584,3.597314917765956,0.2617993877991417,-0.34906585039885557,-0.9224388244847828,190,190,190,180,100,190,190
36.20874238014221,0.6540416251913584,3.597314917765956,0.2617993877991417,-0.34906585039885557,-0.9224388244847828,190,190,190,180,100,190,190
36.21897506713867,0.6540416251913584,3.597314917765956,0.2617993877991417,-0.34906585039885557,-0.9224388244847828,190,190,190,180,100,190,190
36.22923469543457,0.6485659507658221,3.5901703681057016,0.2617993877991417,-0.34906585039885557,-0.9107811803132009,190,190,190,180,100,190,190
36.23952555656433,0.6485659507658221,3.5901703681057016,0.2617993877991417,-0.34906585039885557,-0.9107811803132009,190,190,190,180,100,190,190
36.2498197555542,0.6485659507658221,3.5901703681057016,0.2617993877991417,-0.34906585039885557,-0.9107811803132009,190,190,190,180,100,190,190
36.2600371837616,0.6431648277140279,3.5832889012343356,0.2617993877991417,-0.33161255787891275,-0.899431752315047,190,190,190,180,100,190,190
36.270238637924194,0.6431648277140279,3.5832889012343356,0.2617993877991417,-0.31415926535897,-0.899431752315047,190,190,190,180,100,190,190
36.28045153617859,0.6431648277140279,3.5832889012343356,0.2617993877991417,-0.31415926535897,-0.899431752315047,190,190,180,180,190,190,190
36.29067039489746,0.6431648277140279,3.5832889012343356,0.2617993877991417,-0.2967059728390272,-0.899431752315047,190,190,180,180,190,190,190
36.30087995529175,0.6376850488764086,3.5764652130768515,0.2617993877991417,-0.2617993877991417,-0.8885872720295493,190,190,180,180,190,190,190
36.31109166145325,0.6376850488764086,3.5764652130768515,0.2617993877991417,-0.2617993877991417,-0.8885872720295493,190,190,180,180,190,190,190
36.32130241394043,0.6376850488764086,3.5764652130768515,0.2617993877991417,-0.157079632679485,-0.8885872720295493,190,190,180,180,190,190,190
36.331528663635254,0.6319722719542143,3.5695038379561375,0.2617993877991417,-0.157079632679485,-0.8784472807119343,190,190,180,180,190,190,190
36.34581255912781,0.6319722719542143,3.5695038379561375,0.2617993877991417,-0.13962634015954223,-0.8784472807119343,190,190,180,180,190,190,190
36.35600709915161,0.6319722719542143,3.5695038379561375,0.2617993877991417,-0.10471975511965666,-0.8784472807119343,190,190,180,180,190,190,190
36.36621403694153,0.6264933419079056,3.56293930810873,0.2617993877991417,-0.08726646259971389,-0.8710814798912796,190,190,190,190,190,190,190
36.37641668319702,0.6264933419079056,3.56293930810873,0.2617993877991417,-0.08726646259971389,-0.8710814798912796,190,190,190,190,190,190,190
36.38666844367981,0.6264933419079056,3.56293930810873,0.2617993877991417,-0.06981317007977111,-0.8710814798912796,190,190,190,190,190,190,190
36.396971464157104,0.6210878954028454,3.556549676045485,0.2617993877991417,-0.05235987755982833,-0.8660021292315544,190,190,190,190,190,190,190
36.40715932846069,0.6210878954028454,3.556549676045485,0.2617993877991417,-0.05235987755982833,-0.8660021292315544,190,190,190,190,190,190,190
36.41733646392822,0.6210878954028454,3.556549676045485,0.2617993877991417,0.0,-0.8660021292315544,190,190,190,190,190,190,190
36.42757701873779,0.6154120169169056,3.54989463635308,0.2617993877991417,0.0,-0.8623583923087021,190,190,190,190,190,190,180
36.44363355636597,0.6154120169169056,3.54989463635308,0.2617993877991417,0.0,-0.8623583923087021,190,190,190,190,190,190,180
36.45385456085205,0.6154120169169056,3.54989463635308,0.2617993877991417,0.0,-0.8623583923087021,190,190,190,190,190,190,180
36.464026927948,0.6097843671760227,3.543336139007563,0.2617993877991417,0.0,-0.8610206791406511,190,190,190,190,190,190,180
36.47421216964722,0.6097843671760227,3.543336139007563,0.2617993877991417,0.0,-0.8610206791406511,190,190,180,190,190,180,180
36.49500775337219,0.6041683314199714,3.5367979371226994,0.2617993877991417,0.0,-0.8609891842457889,190,190,180,190,190,180,180
36.505308628082275,0.6041683314199714,3.5367979371226994,0.2617993877991417,0.0,-0.8609891842457889,190,190,180,190,190,180,180
36.515504598617554,0.6041683314199714,3.5367979371226994,0.2617993877991417,0.0,-0.8609891842457889,190,190,180,190,190,180,190
36.52571129798889,0.5983841961712896,3.5300649303307,0.2617993877991417,0.0,-0.8610746147086812,190,190,180,190,190,180,190
36.53594160079956,0.5983841961712896,3.5300649303307,0.2617993877991417,0.0,-0.8610746147086812,190,190,180,190,190,180,190
36.54663395881653,0.5983841961712896,3.5300649303307,0.2617993877991417,0.0,-0.8610746147086812,190,190,180,190,190,180,190
36.55685067176819,0.5983841961712896,3.5300649303307,0.2617993877991417,0.0,-0.8610746147086812,190,190,180,190,190,180,190
36.56707501411438,0.5927670074504466,3.523524245246313,0.2617993877991417,0.0,-0.8611744227005904,190,190,180,180,180,180,190
36.57735633850098,0.5927670074504466,3.523524245246313,0.2617993877991417,0.0,-0.8611744227005904,190,190,180,180,180,180,190
36.58756065368652,0.5927670074504466,3.523524245246313,0.2617993877991417,0.0,-0.8611744227005904,190,190,180,180,180,180,190
36.598647594451904,0.5871436300180304,3.516974786980823,0.2617993877991417,0.0,-0.8612661047975203,190,190,180,180,180,180,190
36.608864545822144,0.5871436300180304,3.516974786980823,0.2617993877991417,0.0,-0.8612661047975203,190,190,180,180,180,180,190
36.61906290054321,0.5871436300180304,3.516974786980823,0.2617993877991417,0.0,-0.8612661047975203,190,190,180,180,180,190,190
36.629326820373535,0.5813432792642715,3.510218335855833,0.2617993877991417,0.0,-0.8613535523061762,190,190,180,180,180,190,190
36.64588809013367,0.5813432792642715,3.510218335855833,0.2617993877991417,0.0,-0.8613535523061762,190,190,180,180,180,190,190
36.656086921691895,0.5813432792642715,3.510218335855833,0.2617993877991417,0.0,-0.8613535523061762,190,190,180,180,180,190,190
36.666297912597656,0.5757072796598954,3.503652595822953,0.2617993877991417,0.0,-0.8614329398676465,190,190,180,180,180,190,190
36.67652177810669,0.5757072796598954,3.503652595822953,0.2617993877991417,0.0,-0.8614329398676465,190,190,190,180,180,190,180
36.69583058357239,0.5757072796598954,3.503652595822953,0.2617993877991417,0.0,-0.8614329398676465,190,190,190,180,180,190,180
36.70625329017639,0.5700667401499053,3.4970809539224073,0.2617993877991417,0.0,-0.8614936441472042,190,190,190,180,180,190,180
36.71666646003723,0.5700667401499053,3.4970809539224073,0.2617993877991417,0.0,-0.8614936441472042,190,190,190,180,180,190,180
36.72689390182495,0.5642548406051002,3.490310772150611,0.2617993877991417,0.0,-0.8614847977758017,190,190,190,180,180,190,180
36.737119913101196,0.5642548406051002,3.490310772150611,0.2617993877991417,0.0,-0.8614847977758017,190,190,190,180,180,190,180
36.74885010719299,0.5642548406051002,3.490310772150611,0.2617993877991417,0.0,-0.8614847977758017,190,190,190,180,180,190,180
36.75905513763428,0.5586231182946749,3.4837472499188484,0.2617993877991417,0.0,-0.8612957750774232,190,190,190,180,180,190,180
36.76932120323181,0.5586231182946749,3.4837472499188484,0.2617993877991417,0.0,-0.8612957750774232,190,190,190,180,180,190,180
36.77964806556702,0.5586231182946749,3.4837472499188484,0.2617993877991417,0.0,-0.8612957750774232,190,190,190,180,180,190,180
36.797059535980225,0.5586231182946749,3.4837472499188484,0.2617993877991417,0.0,-0.8612957750774232,190,190,190,180,180,190,180
36.80789828300476,0.553005012037931,3.4772070292210575,0.2617993877991417,0.0,-0.8609206998259267,190,190,190,180,180,190,180
36.81808614730835,0.553005012037931,3.4772070292210575,0.2617993877991417,0.0,-0.8609206998259267,190,190,190,180,180,190,180
36.82827091217041,0.5472070805150097,3.4704571715692536,0.2617993877991417,0.0,-0.8607432933120626,190,190,190,180,180,190,180
36.838457345962524,0.5472070805150097,3.4704571715692536,0.2617993877991417,0.0,-0.8607432933120626,190,190,190,180,180,190,180
36.84866976737976,0.5472070805150097,3.4704571715692536,0.2617993877991417,0.0,-0.8607432933120626,190,190,190,180,180,190,180
36.858882904052734,0.5415995053674586,3.463927759717049,0.2617993877991417,0.0,-0.8607745502970086,190,190,190,180,180,190,180
36.869104862213135,0.5415995053674586,3.463927759717049,0.2617993877991417,0.0,-0.8607745502970086,190,190,190,180,180,190,180
36.87931442260742,0.5415995053674586,3.463927759717049,0.2617993877991417,0.0,-0.8607745502970086,200,190,190,190,190,190,190
36.889535427093506,0.5415995053674586,3.463927759717049,0.2617993877991417,0.0,-0.8607745502970086,200,190,190,190,190,190,190
36.89979815483093,0.5359945169829814,3.457402718730319,0.2617993877991417,0.0,-0.8608854900954487,200,190,190,190,190,190,190
36.90998983383179,0.5359945169829814,3.457402718730319,0.2617993877991417,0.0,-0.8608854900954487,200,190,190,190,190,190,190
36.92017602920532,0.5359945169829814,3.457402718730319,0.2617993877991417,0.0,-0.8608854900954487,200,190,190,190,190,190,190
36.93058371543884,0.5302114732083665,3.450670815348831,0.2617993877991417,0.0,-0.8609919107697174,200,200,190,190,190,190,190
36.945884704589844,0.5302114732083665,3.450670815348831,0.2617993877991417,0.0,-0.8609919107697174,200,200,190,190,190,190,190
36.95614838600159,0.5302114732083665,3.450670815348831,0.2617993877991417,0.0,-0.8609919107697174,200,200,190,190,190,190,190
36.966357707977295,0.5245938417865352,3.4441305256017163,0.2617993877991417,0.0,-0.8610996894900674,190,190,190,180,190,190,180
36.97657060623169,0.5245938417865352,3.4441305256017163,0.2617993877991417,0.0,-0.8610996894900674,190,190,190,180,190,190,180
36.98687386512756,0.5245938417865352,3.4441305256017163,0.2617993877991417,0.0,-0.8610996894900674,190,190,190,180,190,190,180
36.9972562789917,0.5189697215130683,3.437581152041116,0.2617993877991417,0.0,-0.8611961385052094,190,190,190,180,190,190,180
37.00751543045044,0.5189697215130683,3.437581152041116,0.2617993877991417,0.0,-0.8611961385052094,190,190,190,180,190,190,180
37.01770544052124,0.5189697215130683,3.437581152041116,0.2617993877991417,0.0,-0.8611961385052094,190,190,190,180,190,190,180
37.02797317504883,0.5131682231350017,3.4308243140657524,0.2617993877991417,0.0,-0.8612826027823456,190,190,190,180,190,190,180
37.0383243560791,0.5131682231350017,3.4308243140657524,0.2617993877991417,0.0,-0.8612826027823456,190,190,190,180,190,190,180
37.048723459243774,0.5131682231350017,3.4308243140657524,0.2617993877991417,0.0,-0.8612826027823456,190,190,190,180,190,190,180
37.058921575546265,0.507531501485778,3.42425868825881,0.2617993877991417,0.0,-0.8613571665115191,190,190,190,180,190,190,180
37.069111347198486,0.507531501485778,3.42425868825881,0.2617993877991417,0.0,-0.8613571665115191,190,190,190,180,180,190,180
37.079609632492065,0.507531501485778,3.42425868825881,0.2617993877991417,0.0,-0.8613571665115191,190,190,190,180,180,190,180
37.096689224243164,0.507531501485778,3.42425868825881,0.2617993877991417,0.0,-0.8613571665115191,190,190,190,180,180,190,180
37.10702586174011,0.5018905337783771,3.4176875452519377,0.2617993877991417,0.0,-0.8614082686856137,190,190,190,180,180,190,180
37.11723875999451,0.5018905337783771,3.4176875452519377,0.2617993877991417,0.0,-0.8614082686856137,190,190,190,180,180,190,180
37.12743258476257,0.49607857619684426,3.4109184333618785,0.2617993877991417,0.0,-0.8613803411868767,190,190,190,180,180,190,180
37.13766074180603,0.49607857619684426,3.4109184333618785,0.2617993877991417,0.0,-0.8613803411868767,190,190,190,180,180,190,180
37.147850036621094,0.49607857619684426,3.4109184333618785,0.2617993877991417,0.0,-0.8613803411868767,190,190,190,180,180,190,180
37.158032178878784,0.49607857619684426,3.4109184333618785,0.2617993877991417,0.0,-0.8613803411868767,190,190,190,180,180,190,180
37.16822934150696,0.49044902905713034,3.4043577769421134,0.2617993877991417,0.0,-0.861157503075512,190,190,190,190,190,190,190
37.17841625213623,0.49044902905713034,3.4043577769421134,0.2617993877991417,0.0,-0.861157503075512,190,190,190,190,190,190,190
37.19713759422302,0.49044902905713034,3.4043577769421134,0.2617993877991417,0.0,-0.861157503075512,190,190,190,190,190,190,190
37.20748472213745,0.48482856643131256,3.397816372887209,0.2617993877991417,0.0,-0.8608056494269051,190,190,190,190,190,190,190
37.217713832855225,0.48482856643131256,3.397816372887209,0.2617993877991417,0.0,-0.8608056494269051,190,190,180,180,180,190,190
37.22791767120361,0.47903257914479386,3.3910694820902694,0.2617993877991417,0.0,-0.8606362875203919,190,190,180,180,180,190,190
37.23818325996399,0.47903257914479386,3.3910694820902694,0.2617993877991417,0.0,-0.8606362875203919,190,190,180,180,180,190,190
37.2483766078949,0.47903257914479386,3.3910694820902694,0.2617993877991417,0.0,-0.8606362875203919,190,190,180,180,180,190,190
37.25855350494385,0.47342716123927225,3.3845445909393588,0.2617993877991417,0.0,-0.8607086947267472,190,190,180,180,180,190,190
37.26881217956543,0.47342716123927225,3.3845445909393588,0.2617993877991417,0.0,-0.8607086947267472,190,190,180,180,180,190,190
37.27899098396301,0.47342716123927225,3.3845445909393588,0.2617993877991417,0.0,-0.8607086947267472,200,190,190,190,190,190,190
37.28916573524475,0.47342716123927225,3.3845445909393588,0.2617993877991417,0.0,-0.8607086947267472,200,190,190,190,190,190,190
37.29947590827942,0.4678191825874302,3.378016441403114,0.2617993877991417,0.0,-0.8607997277954131,200,190,190,190,190,190,190
37.30970788002014,0.4678191825874302,3.378016441403114,0.2617993877991417,0.0,-0.8607997277954131,200,190,190,190,190,190,190
37.319968461990356,0.4678191825874302,3.378016441403114,0.2617993877991417,0.0,-0.8607997277954131,200,190,190,190,190,190,190
37.33022975921631,0.4620353884690197,3.3712854472388454,0.2617993877991417,0.0,-0.8609133034248386,200,190,190,190,190,190,190
37.34605813026428,0.4620353884690197,3.3712854472388454,0.2617993877991417,0.0,-0.8609133034248386,200,190,190,190,190,190,190
37.35626697540283,0.4620353884690197,3.3712854472388454,0.2617993877991417,0.0,-0.8609133034248386,200,190,190,190,190,190,190
37.36646604537964,0.45641647130646074,3.364744711806962,0.2617993877991417,0.0,-0.8610203999306406,190,190,180,180,190,190,190
37.37666702270508,0.45641647130646074,3.364744711806962,0.2617993877991417,0.0,-0.8610203999306406,190,190,180,180,190,190,190
37.386845111846924,0.45641647130646074,3.364744711806962,0.2617993877991417,0.0,-0.8610203999306406,190,190,180,180,190,190,190
37.400845766067505,0.4507908628360222,3.3581946836008374,0.2617993877991417,0.0,-0.8611148554750792,190,190,180,180,190,190,190
37.41107177734375,0.4507908628360222,3.3581946836008374,0.2617993877991417,0.0,-0.8611148554750792,190,190,180,180,190,190,190
37.421265602111816,0.4507908628360222,3.3581946836008374,0.2617993877991417,0.0,-0.8611148554750792,190,190,180,180,190,190,190
37.43145942687988,0.4449880334893485,3.351437437839417,0.2617993877991417,0.0,-0.8612005727429642,190,190,180,180,190,190,190
37.44635891914368,0.4449880334893485,3.351437437839417,0.2617993877991417,0.0,-0.8612005727429642,190,190,180,180,190,190,190
37.45656132698059,0.4449880334893485,3.351437437839417,0.2617993877991417,0.0,-0.8612005727429642,190,190,180,180,190,190,190
37.46675682067871,0.4393500357432777,3.3448714746480883,0.2617993877991417,0.0,-0.861273401106782,190,190,180,180,190,190,190
37.47703433036804,0.4393500357432777,3.3448714746480883,0.2617993877991417,0.0,-0.861273401106782,190,190,180,180,190,190,190
37.48728656768799,0.4393500357432777,3.3448714746480883,0.2617993877991417,0.0,-0.861273401106782,190,190,180,180,190,190,190
37.49756479263306,0.433708287360017,3.3383006013532857,0.2617993877991417,0.0,-0.8613189932099736,190,190,180,180,190,190,190
37.50774312019348,0.433708287360017,3.3383006013532857,0.2617993877991417,0.0,-0.8613189932099736,190,190,180,180,190,190,190
37.51804208755493,0.433708287360017,3.3383006013532857,0.2617993877991417,0.0,-0.8613189932099736,190,190,180,180,190,190,190
37.528235912323,0.427895841018311,3.3315324847929166,0.2617993877991417,0.0,-0.8612766746492574,190,190,180,180,190,190,190
37.5449697971344,0.427895841018311,3.3315324847929166,0.2617993877991417,0.0,-0.8612766746492574,190,190,180,180,190,190,190
37.55522131919861,0.427895841018311,3.3315324847929166,0.2617993877991417,0.0,-0.8612766746492574,190,190,180,180,190,190,190
37.565420150756836,0.4222685312133384,3.3249759028808548,0.2617993877991417,0.0,-0.8610145943755874,190,190,190,190,190,190,190
37.575666666030884,0.4222685312133384,3.3249759028808548,0.2617993877991417,0.0,-0.8610145943755874,190,190,190,190,190,190,190
37.5859112739563,0.4222685312133384,3.3249759028808548,0.2617993877991417,0.0,-0.8610145943755874,190,190,190,190,190,190,190
37.5980019569397,0.41664501674715104,3.318432154432686,0.2617993877991417,0.0,-0.8606970057612905,190,190,190,190,190,190,190
37.608206272125244,0.41664501674715104,3.318432154432686,0.2617993877991417,0.0,-0.8606970057612905,190,190,190,190,190,190,190
37.61839461326599,0.41664501674715104,3.318432154432686,0.2617993877991417,0.0,-0.8606970057612905,190,190,190,190,190,190,190
37.628706216812134,0.4108510471756837,3.3116881710523876,0.2617993877991417,0.0,-0.8605364321145966,190,190,190,190,190,190,190
37.63902807235718,0.4108510471756837,3.3116881710523876,0.2617993877991417,0.0,-0.8605364321145966,190,190,190,190,190,190,190
37.6492383480072,0.4108510471756837,3.3116881710523876,0.2617993877991417,0.0,-0.8605364321145966,190,190,190,190,190,190,190
37.659435510635376,0.4052475790314272,3.305167629186433,0.2617993877991417,0.0,-0.8606460252349225,190,190,190,190,190,190,190
37.66966652870178,0.4052475790314272,3.305167629186433,0.2617993877991417,0.0,-0.8606460252349225,190,190,190,190,190,190,190
37.68016862869263,0.4052475790314272,3.305167629186433,0.2617993877991417,0.0,-0.8606460252349225,200,200,190,190,190,190,190
37.70009517669678,0.4052475790314272,3.305167629186433,0.2617993877991417,0.0,-0.8606460252349225,200,200,190,190,190,190,190
37.71049690246582,0.3996366467273911,3.298637030681176,0.2617993877991417,0.0,-0.8607206730456947,200,200,190,190,190,190,190
37.72071194648743,0.3996366467273911,3.298637030681176,0.2617993877991417,0.0,-0.8607206730456947,200,200,190,190,190,190,190
37.73095679283142,0.3938517040514074,3.291906072557638,0.2617993877991417,0.0,-0.8608353746743452,200,200,190,190,190,190,190
37.74784970283508,0.3938517040514074,3.291906072557638,0.2617993877991417,0.0,-0.8608353746743452,200,200,190,190,190,190,190
37.75803565979004,0.3938517040514074,3.291906072557638,0.2617993877991417,0.0,-0.8608353746743452,200,200,190,190,190,190,190
37.76822090148926,0.3882315120331191,3.2853648870112555,0.2617993877991417,0.0,-0.8609413977427132,190,190,180,180,190,190,190
37.77850294113159,0.3882315120331191,3.2853648870112555,0.2617993877991417,0.0,-0.8609413977427132,190,190,180,180,190,190,190
37.78877401351929,0.3882315120331191,3.2853648870112555,0.2617993877991417,0.0,-0.8609413977427132,190,190,180,180,190,190,190
37.799015283584595,0.3826044588626452,3.2788142534201223,0.2617993877991417,0.0,-0.8610338885979659,190,190,180,180,190,190,190
37.80922317504883,0.3826044588626452,3.2788142534201223,0.2617993877991417,0.0,-0.8610338885979659,190,190,180,180,190,190,190
37.819406032562256,0.3826044588626452,3.2788142534201223,0.2617993877991417,0.0,-0.8610338885979659,190,190,180,180,190,190,190
37.83007836341858,0.3768003366765407,3.272056644320234,0.2617993877991417,0.0,-0.8611186721504883,190,190,180,180,190,190,190
37.84770083427429,0.3768003366765407,3.272056644320234,0.2617993877991417,0.0,-0.8611186721504883,190,190,180,180,190,190,190
37.857908487319946,0.3768003366765407,3.272056644320234,0.2617993877991417,0.0,-0.8611186721504883,190,190,180,180,190,190,190
37.86809587478638,0.3711611055880703,3.265490396292014,0.2617993877991417,0.0,-0.8611896479883626,190,190,180,180,190,190,190
37.878357887268066,0.3711611055880703,3.265490396292014,0.2617993877991417,0.0,-0.8611896479883626,190,190,180,180,190,190,190
37.897390365600586,0.3711611055880703,3.265490396292014,0.2617993877991417,0.0,-0.8611896479883626,190,190,180,180,190,190,190
37.90774989128113,0.365518692476357,3.2589199224271725,0.2617993877991417,0.0,-0.8612289780728992,190,190,180,180,190,190,190
37.91794037818909,0.365518692476357,3.2589199224271725,0.2617993877991417,0.0,-0.8612289780728992,190,190,180,180,190,190,190
37.928147315979004,0.3597060224228449,3.252152816379703,0.2617993877991417,0.0,-0.8611712533308246,140,190,180,180,190,190,190
37.93836855888367,0.3597060224228449,3.252152816379703,0.2617993877991417,0.0,-0.8611712533308246,140,190,180,180,190,190,190
37.94972515106201,0.3597060224228449,3.252152816379703,0.2617993877991417,0.0,-0.8611712533308246,140,190,180,180,190,190,190
37.959956645965576,0.3540810743552153,3.2456007622630825,0.2617993877991417,0.0,-0.8608679293279491,140,190,180,180,190,190,190
37.9701886177063,0.3540810743552153,3.2456007622630825,0.2617993877991417,0.0,-0.8608679293279491,140,190,180,180,190,190,180
37.98038673400879,0.3540810743552153,3.2456007622630825,0.2617993877991417,0.0,-0.8608679293279491,140,190,180,180,190,190,180
37.99057722091675,0.3540810743552153,3.2456007622630825,0.2617993877991417,0.0,-0.8608679293279491,140,190,180,180,190,190,180
38.00183415412903,0.3484549480668494,3.239054992209522,0.2617993877991417,0.0,-0.8605811281917981,140,190,180,180,190,190,180
38.01206040382385,0.3484549480668494,3.239054992209522,0.2617993877991417,0.0,-0.8605811281917981,140,190,180,180,190,190,180
38.022244930267334,0.3484549480668494,3.239054992209522,0.2617993877991417,0.0,-0.8605811281917981,140,190,180,180,190,190,180
38.03275966644287,0.34266280089054674,3.232313838425681,0.2617993877991417,0.0,-0.8604358495306511,140,190,180,190,190,190,190
38.04297637939453,0.34266280089054674,3.232313838425681,0.2617993877991417,0.0,-0.8604358495306511,140,190,180,190,190,190,190
38.05321907997131,0.34266280089054674,3.232313838425681,0.2617993877991417,0.0,-0.8604358495306511,140,190,180,190,190,190,190
38.0634400844574,0.337060580628339,3.2257969796071038,0.2617993877991417,0.0,-0.8605747844608732,140,190,180,190,190,190,190
38.07365798950195,0.337060580628339,3.2257969796071038,0.2617993877991417,0.0,-0.8605747844608732,140,190,190,190,190,190,190
38.08391785621643,0.337060580628339,3.2257969796071038,0.2617993877991417,0.0,-0.8605747844608732,140,190,190,190,190,190,190
38.097774267196655,0.337060580628339,3.2257969796071038,0.2617993877991417,0.0,-0.8605747844608732,140,190,190,190,190,190,190
38.10803985595703,0.33144695512415123,3.2192646545580943,0.2617993877991417,0.0,-0.8606385155053714,140,190,190,190,190,190,190
38.118252992630005,0.33144695512415123,3.2192646545580943,0.2617993877991417,0.0,-0.8606385155053714,190,190,190,190,190,190,190
38.12845969200134,0.3256606473297088,3.2125332218985325,0.2617993877991417,0.0,-0.8607519059787797,190,190,190,190,190,190,190
38.14652180671692,0.3256606473297088,3.2125332218985325,0.2617993877991417,0.0,-0.8607519059787797,190,190,190,190,190,190,190
38.15677213668823,0.3256606473297088,3.2125332218985325,0.2617993877991417,0.05235987755982833,-0.8607519059787797,190,190,190,190,190,190,190
38.166964054107666,0.32003909477845816,3.205991546718357,0.2617993877991417,0.05235987755982833,-0.8608567196687258,190,190,190,190,190,190,190
38.17721343040466,0.32003909477845816,3.205991546718357,0.2617993877991417,0.05235987755982833,-0.8608567196687258,190,190,180,180,180,190,180
38.18745827674866,0.32003909477845816,3.205991546718357,0.2617993877991417,0.05235987755982833,-0.8608567196687258,190,190,180,180,180,190,180
38.19766330718994,0.31442301104282266,3.1994455726334676,0.2617993877991417,0.06981317007977111,-0.8625768564929893,190,190,180,180,180,190,180
38.207848072052,0.31442301104282266,3.1994455726334676,0.2617993877991417,0.06981317007977111,-0.8625768564929893,190,190,180,180,180,190,180
38.21803665161133,0.31442301104282266,3.1994455726334676,0.2617993877991417,0.06981317007977111,-0.8625768564929893,190,190,180,180,180,190,180
38.22828507423401,0.3086412301437036,3.1926827671359583,0.2617993877991417,0.06981317007977111,-0.8644446504267637,190,190,180,180,190,190,180
38.249056816101074,0.3086412301437036,3.1926827671359583,0.2617993877991417,0.06981317007977111,-0.8644446504267637,190,190,180,180,190,190,180
38.259275674819946,0.30303812815523357,3.1861024515969802,0.2617993877991417,0.06981317007977111,-0.8668015216229888,190,190,180,180,190,190,180
38.26947832107544,0.30303812815523357,3.1861024515969802,0.2617993877991417,0.06981317007977111,-0.8668015216229888,190,190,180,190,190,190,180
38.27966356277466,0.30303812815523357,3.1861024515969802,0.2617993877991417,0.06981317007977111,-0.8668015216229888,190,190,180,190,190,190,180
38.289844274520874,0.30303812815523357,3.1861024515969802,0.2617993877991417,0.08726646259971389,-0.8668015216229888,190,190,180,190,190,190,180
38.30208373069763,0.29744460709469334,3.1795036424691405,0.2617993877991417,0.08726646259971389,-0.8691473819494325,190,190,180,190,190,190,180
38.31229376792908,0.29744460709469334,3.1795036424691405,0.2617993877991417,0.08726646259971389,-0.8691473819494325,190,190,180,190,190,190,180
38.32256245613098,0.29744460709469334,3.1795036424691405,0.2617993877991417,0.08726646259971389,-0.8691473819494325,190,190,180,190,190,190,180
38.332834005355835,0.291710379994745,3.172697457598177,0.2617993877991417,0.08726646259971389,-0.8719804251407889,190,190,190,190,190,190,190
38.35162353515625,0.291710379994745,3.172697457598177,0.2617993877991417,0.10471975511965666,-0.8719804251407889,190,190,190,190,190,190,190
38.361844062805176,0.2861797381064911,3.1661025371570117,0.2617993877991417,0.10471975511965666,-0.8744386981900226,190,190,190,190,190,190,190
38.37205457687378,0.2861797381064911,3.1661025371570117,0.2617993877991417,0.10471975511965666,-0.8744386981900226,190,190,190,190,190,190,190
38.38225531578064,0.2861797381064911,3.1661025371570117,0.2617993877991417,0.10471975511965666,-0.8744386981900226,190,190,190,190,190,190,190
38.39899396896362,0.28066665176745687,3.1594909150745223,0.2617993877991417,0.10471975511965666,-0.8774803209302983,190,190,190,190,190,190,190
38.4092071056366,0.28066665176745687,3.1594909150745223,0.2617993877991417,0.10471975511965666,-0.8774803209302983,190,190,190,190,190,190,190
38.41938090324402,0.28066665176745687,3.1594909150745223,0.2617993877991417,0.10471975511965666,-0.8774803209302983,190,190,190,190,190,190,190
38.42955136299133,0.2750135685288007,3.152654068628065,0.2617993877991417,0.10471975511965666,-0.8807761915971681,190,190,190,190,190,190,190
38.43972611427307,0.2750135685288007,3.152654068628065,0.2617993877991417,0.10471975511965666,-0.8807761915971681,190,190,190,190,190,190,190
38.449918031692505,0.2750135685288007,3.152654068628065,0.2617993877991417,0.10471975511965666,-0.8807761915971681,190,190,190,190,190,190,190
38.460102796554565,0.2695589882380342,3.146019416178186,0.2617993877991417,0.10471975511965666,-0.8842145495301079,190,190,190,190,190,190,190
38.47027587890625,0.2695589882380342,3.146019416178186,0.2617993877991417,0.10471975511965666,-0.8842145495301079,190,190,190,190,190,190,190
38.48044729232788,0.2695589882380342,3.146019416178186,0.2617993877991417,0.10471975511965666,-0.8842145495301079,190,190,190,190,190,190,190
38.49622941017151,0.26413564124267513,3.139374935485613,0.2617993877991417,0.10471975511965666,-0.8877937010207235,190,190,190,190,190,190,190
38.50643706321716,0.26413564124267513,3.139374935485613,0.2617993877991417,0.10471975511965666,-0.8877937010207235,190,190,190,190,190,190,190
38.516624450683594,0.26413564124267513,3.139374935485613,0.2617993877991417,0.10471975511965666,-0.8877937010207235,190,190,190,190,190,190,190
38.52680826187134,0.26413564124267513,3.139374935485613,0.2617993877991417,0.10471975511965666,-0.8877937010207235,190,190,190,190,190,190,190
38.537015199661255,0.2585641360204843,3.1325005221241544,0.2617993877991417,0.12217304763959944,-0.8914915872088859,190,190,190,190,190,190,190
38.5486421585083,0.2585641360204843,3.1325005221241544,0.2617993877991417,0.12217304763959944,-0.8914915872088859,190,190,190,190,190,190,190
38.55885291099548,0.253175191190423,3.1258018613795664,0.2617993877991417,0.12217304763959944,-0.8950943950129481,190,190,190,190,190,190,190
38.56904053688049,0.253175191190423,3.1258018613795664,0.2617993877991417,0.12217304763959944,-0.8950943950129481,190,190,180,190,180,190,190
38.57925820350647,0.253175191190423,3.1258018613795664,0.2617993877991417,0.12217304763959944,-0.8950943950129481,190,190,180,190,180,190,190
38.59583353996277,0.253175191190423,3.1258018613795664,0.2617993877991417,0.13962634015954223,-0.8950943950129481,190,190,180,190,180,190,190
38.60614228248596,0.24780735906110476,3.119076516331334,0.2617993877991417,0.13962634015954223,-0.8992466074087697,190,190,180,190,180,190,190
38.61635446548462,0.24780735906110476,3.119076516331334,0.2617993877991417,0.13962634015954223,-0.8992466074087697,190,190,180,190,180,190,190
38.62655735015869,0.2423041396844444,3.112118082924068,0.2617993877991417,0.157079632679485,-0.9040946439604685,190,190,180,190,180,190,190
38.6367609500885,0.2423041396844444,3.112118082924068,0.2617993877991417,0.157079632679485,-0.9040946439604685,190,190,180,190,180,190,190
38.64837145805359,0.2423041396844444,3.112118082924068,0.2617993877991417,0.17453292519942779,-0.9040946439604685,190,190,180,190,180,190,190
38.658586740493774,0.23699068915800833,3.1053341766744,0.2617993877991417,0.19198621771937055,-0.9087821706218644,190,190,180,190,180,190,190
38.66880226135254,0.23699068915800833,3.1053341766744,0.2617993877991417,0.19198621771937055,-0.9087821706218644,190,190,180,180,190,180,190
38.67927598953247,0.23699068915800833,3.1053341766744,0.2617993877991417,0.20943951023931331,-0.9087821706218644,190,190,180,180,190,180,190
38.69553279876709,0.23172904657842025,3.0985440933757142,0.2617993877991417,0.20943951023931331,-0.9148947668670434,190,190,180,180,190,180,190
38.70576500892639,0.23172904657842025,3.0985440933757142,0.2617993877991417,0.2268928027592561,-0.9148947668670434,190,190,180,180,190,180,190
38.71598839759827,0.23172904657842025,3.0985440933757142,0.2617993877991417,0.2268928027592561,-0.9148947668670434,190,190,180,180,190,180,190
38.726219177246094,0.22638062522826974,3.091541869142989,0.2617993877991417,0.2268928027592561,-0.9215323129268912,190,190,180,180,190,180,190
38.73643231391907,0.22638062522826974,3.091541869142989,0.2617993877991417,0.2268928027592561,-0.9215323129268912,190,190,180,180,190,180,190
38.74745464324951,0.22638062522826974,3.091541869142989,0.2617993877991417,0.2268928027592561,-0.9215323129268912,190,190,180,180,190,180,190
38.75767970085144,0.22123716591083584,3.084716023764161,0.2617993877991417,0.2268928027592561,-0.9285100263506969,190,190,180,180,190,180,190
38.76788854598999,0.22123716591083584,3.084716023764161,0.2617993877991417,0.2268928027592561,-0.9285100263506969,190,190,190,190,180,180,190
38.77810621261597,0.22123716591083584,3.084716023764161,0.2617993877991417,0.2268928027592561,-0.9285100263506969,190,190,190,190,180,180,190
38.79441595077515,0.21612298100348032,3.0778276143250056,0.2617993877991417,0.2268928027592561,-0.9357022123302753,190,190,190,190,180,180,190
38.804627418518066,0.21612298100348032,3.0778276143250056,0.2617993877991417,0.2268928027592561,-0.9357022123302753,190,190,190,190,180,180,190
38.814847469329834,0.21612298100348032,3.0778276143250056,0.2617993877991417,0.2268928027592561,-0.9357022123302753,190,190,190,190,180,180,190
38.82505488395691,0.21612298100348032,3.0778276143250056,0.2617993877991417,0.2268928027592561,-0.9357022123302753,190,190,190,190,180,180,190
38.83526039123535,0.21090314926927187,3.0706908503114847,0.2617993877991417,0.2268928027592561,-0.9431598937890967,190,190,190,190,180,180,190
38.849200963974,0.21090314926927187,3.0706908503114847,0.2617993877991417,0.2268928027592561,-0.9431598937890967,190,190,190,190,180,180,190
38.85946798324585,0.20588808247482596,3.063724421171347,0.2617993877991417,0.2268928027592561,-0.9504685089312869,190,190,190,190,180,180,190
38.86965990066528,0.20588808247482596,3.063724421171347,0.2617993877991417,0.24434609527919887,-0.9504685089312869,190,190,190,190,190,190,190
38.8799364566803,0.20588808247482596,3.063724421171347,0.2617993877991417,0.24434609527919887,-0.9504685089312869,190,190,190,190,190,190,190
38.89704489707947,0.20588808247482596,3.063724421171347,0.2617993877991417,0.2617993877991417,-0.9504685089312869,190,190,190,190,190,190,190
38.9073646068573,0.2009323049555847,3.0567285480224613,0.2617993877991417,0.2617993877991417,-0.9579575430613818,190,190,190,190,190,190,190
38.91759181022644,0.2009323049555847,3.0567285480224613,0.2617993877991417,0.2617993877991417,-0.9579575430613818,190,190,190,190,190,190,190
38.9278028011322,0.19589677593481616,3.049501128984147,0.2617993877991417,0.2617993877991417,-0.966450984931203,190,190,190,190,180,190,190
38.938029289245605,0.19589677593481616,3.049501128984147,0.2617993877991417,0.2617993877991417,-0.966450984931203,190,190,190,190,180,190,190
38.94925498962402,0.19589677593481616,3.049501128984147,0.2617993877991417,0.2617993877991417,-0.966450984931203,190,190,190,190,180,190,190
38.9595468044281,0.1910655055056179,3.0424383981679157,0.2617993877991417,0.2617993877991417,-0.9752638385269341,190,190,190,190,180,190,190
38.96973919868469,0.1910655055056179,3.0424383981679157,0.2617993877991417,0.2617993877991417,-0.9752638385269341,190,190,190,190,190,190,190
38.98071646690369,0.1910655055056179,3.0424383981679157,0.2617993877991417,0.27925268031908446,-0.9752638385269341,190,190,190,190,190,190,190
38.996352672576904,0.18629452133460483,3.0353311325001298,0.2617993877991417,0.27925268031908446,-0.9841267386581599,190,190,190,190,190,190,190
39.006548166275024,0.18629452133460483,3.0353311325001298,0.2617993877991417,0.27925268031908446,-0.9841267386581599,190,190,190,190,190,190,190
39.01672983169556,0.18629452133460483,3.0353311325001298,0.2617993877991417,0.27925268031908446,-0.9841267386581599,190,190,190,190,190,190,190
39.027074098587036,0.18144815524732935,3.027966818128004,0.2617993877991417,0.27925268031908446,-0.9937501019639572,190,190,190,190,190,190,190
39.03740572929382,0.18144815524732935,3.027966818128004,0.2617993877991417,0.27925268031908446,-0.9937501019639572,180,190,190,190,180,190,180
39.05222702026367,0.18144815524732935,3.027966818128004,0.2617993877991417,0.27925268031908446,-0.9937501019639572,180,190,190,190,180,190,180
39.06247138977051,0.17682290999785993,3.020786113664942,0.2617993877991417,0.27925268031908446,-1.0029240989745667,180,190,190,190,180,190,180
39.07270050048828,0.17682290999785993,3.020786113664942,0.2617993877991417,0.27925268031908446,-1.0029240989745667,180,130,190,190,180,190,180
39.08297610282898,0.17682290999785993,3.020786113664942,0.2617993877991417,0.27925268031908446,-1.0029240989745667,180,130,190,190,180,190,180
39.09631419181824,0.17227685992139025,3.0135893586055698,0.2617993877991417,0.27925268031908446,-1.0118032792166263,180,130,190,190,180,190,180
39.10655093193054,0.17227685992139025,3.0135893586055698,0.2617993877991417,0.27925268031908446,-1.0118032792166263,180,130,190,190,180,190,180
39.11674666404724,0.17227685992139025,3.0135893586055698,0.2617993877991417,0.27925268031908446,-1.0118032792166263,180,130,190,190,180,190,180
39.12708616256714,0.16764337943365262,3.0061025112755395,0.2617993877991417,0.27925268031908446,-1.021107951853636,180,190,180,190,180,190,180
39.14626979827881,0.16764337943365262,3.0061025112755395,0.2617993877991417,0.27925268031908446,-1.021107951853636,180,190,180,190,180,190,180
39.156628370285034,0.16764337943365262,3.0061025112755395,0.2617993877991417,0.27925268031908446,-1.021107951853636,180,190,180,190,180,190,180
39.16684579849243,0.16320781480721597,2.998789509971061,0.2617993877991417,0.27925268031908446,-1.0301110513723297,180,130,180,190,190,190,180
39.17711138725281,0.16320781480721597,2.998789509971061,0.2617993877991417,0.27925268031908446,-1.0301110513723297,180,130,180,190,190,190,180
39.19503736495972,0.1588321585562734,2.9914268396014747,0.2617993877991417,0.27925268031908446,-1.039137469258284,180,130,180,190,190,190,180
39.205286502838135,0.1588321585562734,2.9914268396014747,0.2617993877991417,0.27925268031908446,-1.039137469258284,180,130,180,190,190,190,180
39.21549344062805,0.1588321585562734,2.9914268396014747,0.2617993877991417,0.27925268031908446,-1.039137469258284,180,190,180,190,190,180,180
39.22572708129883,0.15438741859156396,2.9837899047469274,0.2617993877991417,0.27925268031908446,-1.0484583260274456,180,190,180,190,190,180,180
39.235942363739014,0.15438741859156396,2.9837899047469274,0.2617993877991417,0.27925268031908446,-1.0484583260274456,180,190,180,190,190,180,180
39.24694204330444,0.15438741859156396,2.9837899047469274,0.2617993877991417,0.27925268031908446,-1.0484583260274456,180,190,180,190,190,180,180
39.25716519355774,0.15438741859156396,2.9837899047469274,0.2617993877991417,0.27925268031908446,-1.0484583260274456,180,190,180,190,190,180,180
39.267375230789185,0.15013653219041462,2.976329832043843,0.2617993877991417,0.2617993877991417,-1.0575339790393476,180,180,180,190,180,190,190
39.27758502960205,0.15013653219041462,2.976329832043843,0.2617993877991417,0.2617993877991417,-1.0575339790393476,180,180,180,190,180,190,190
39.295482873916626,0.14595111456833018,2.9688276440544956,0.2617993877991417,0.2268928027592561,-1.0666713659084566,180,180,180,190,180,190,190
39.305723428726196,0.14595111456833018,2.9688276440544956,0.2617993877991417,0.2268928027592561,-1.0666713659084566,180,180,180,190,180,190,190
39.31592059135437,0.14595111456833018,2.9688276440544956,0.2617993877991417,0.2268928027592561,-1.0666713659084566,180,180,180,190,180,190,190
39.3261342048645,0.14170321750895346,2.9610531175227504,0.2617993877991417,0.20943951023931331,-1.0750514502962238,180,180,180,190,190,190,190
39.347217082977295,0.14170321750895346,2.9610531175227504,0.2617993877991417,0.20943951023931331,-1.0750514502962238,180,180,180,190,190,190,190
39.35750079154968,0.14170321750895346,2.9610531175227504,0.2617993877991417,0.20943951023931331,-1.0750514502962238,180,180,180,190,190,190,190
39.36768412590027,0.13764882412059276,2.9534872389397315,0.2617993877991417,0.20943951023931331,-1.0827167765643269,180,180,180,180,190,180,180
39.37791895866394,0.13764882412059276,2.9534872389397315,0.2617993877991417,0.20943951023931331,-1.0827167765643269,180,180,180,180,190,180,180
39.388121128082275,0.13764882412059276,2.9534872389397315,0.2617993877991417,0.20943951023931331,-1.0827167765643269,180,180,180,180,190,180,180
39.39844799041748,0.13365658646053857,2.945914420715252,0.2617993877991417,0.20943951023931331,-1.0900395833487388,180,180,180,180,190,180,180
39.408658027648926,0.13365658646053857,2.945914420715252,0.2617993877991417,0.20943951023931331,-1.0900395833487388,180,180,180,180,190,180,180
39.41887044906616,0.13365658646053857,2.945914420715252,0.2617993877991417,0.20943951023931331,-1.0900395833487388,180,180,190,190,190,190,190
39.4295392036438,0.12961948766401146,2.938088385916404,0.2617993877991417,0.20943951023931331,-1.0971749170206417,180,180,190,190,190,190,190
39.44681978225708,0.12961948766401146,2.938088385916404,0.2617993877991417,0.20943951023931331,-1.0971749170206417,180,180,190,190,190,190,190
39.457054138183594,0.12961948766401146,2.938088385916404,0.2617993877991417,0.20943951023931331,-1.0971749170206417,180,180,190,190,190,190,190
39.46724772453308,0.12575070256626786,2.9304735283567043,0.2617993877991417,0.20943951023931331,-1.104017237105834,180,180,180,180,190,190,180
39.47770571708679,0.12575070256626786,2.9304735283567043,0.2617993877991417,0.20943951023931331,-1.104017237105834,180,180,180,180,190,190,180
39.48793578147888,0.12575070256626786,2.9304735283567043,0.2617993877991417,0.20943951023931331,-1.104017237105834,180,180,180,180,190,190,180
39.49815559387207,0.12192954403702436,2.92282543000535,0.2617993877991417,0.20943951023931331,-1.110846124330764,180,180,180,180,190,190,180
39.508358001708984,0.12192954403702436,2.92282543000535,0.2617993877991417,0.20943951023931331,-1.110846124330764,180,180,180,180,190,190,180
39.518539905548096,0.12192954403702436,2.92282543000535,0.2617993877991417,0.20943951023931331,-1.110846124330764,180,180,180,180,180,190,180
39.52875900268555,0.1180422432851108,2.914907955436063,0.2617993877991417,0.20943951023931331,-1.1178907660282562,180,180,180,180,180,190,180
39.547107219696045,0.1180422432851108,2.914907955436063,0.2617993877991417,0.20943951023931331,-1.1178907660282562,180,180,180,180,180,190,180
39.55738949775696,0.1180422432851108,2.914907955436063,0.2617993877991417,0.20943951023931331,-1.1178907660282562,180,180,180,180,180,190,180
39.56759548187256,0.11431723355425656,2.9071859396686053,0.2617993877991417,0.20943951023931331,-1.1247374027932326,180,180,180,180,180,190,190
39.57782030105591,0.11431723355425656,2.9071859396686053,0.2617993877991417,0.20943951023931331,-1.1247374027932326,180,180,180,180,180,190,190
39.59588980674744,0.11063964328638068,2.899427264504052,0.2617993877991417,0.20943951023931331,-1.1315931484196176,180,180,180,180,180,190,190
39.606152057647705,0.11063964328638068,2.899427264504052,0.2617993877991417,0.20943951023931331,-1.1315931484196176,180,180,180,180,180,190,190
39.616371870040894,0.11063964328638068,2.899427264504052,0.2617993877991417,0.20943951023931331,-1.1315931484196176,180,180,180,180,180,190,190
39.62670636177063,0.1069006131072685,2.891395697000925,0.2617993877991417,0.20943951023931331,-1.1386657494077446,180,180,180,180,180,190,190
39.63696265220642,0.1069006131072685,2.891395697000925,0.2617993877991417,0.20943951023931331,-1.1386657494077446,180,180,180,180,180,190,190
39.647226333618164,0.1069006131072685,2.891395697000925,0.2617993877991417,0.20943951023931331,-1.1386657494077446,180,180,180,180,180,190,190
39.65745162963867,0.1069006131072685,2.891395697000925,0.2617993877991417,0.20943951023931331,-1.1386657494077446,180,180,180,180,180,190,190
39.66763210296631,0.1033207125242837,2.88356480646961,0.2617993877991417,0.20943951023931331,-1.1455373154293609,180,190,180,180,180,190,190
39.67785382270813,0.1033207125242837,2.88356480646961,0.2617993877991417,0.20943951023931331,-1.1455373154293609,180,190,180,180,180,190,190
39.68811869621277,0.1033207125242837,2.88356480646961,0.2617993877991417,0.20943951023931331,-1.1455373154293609,180,190,180,180,180,190,190
39.698392152786255,0.09979062098902938,2.875701893439238,0.2617993877991417,0.20943951023931331,-1.1524075113637717,180,190,180,180,180,190,190
39.70913648605347,0.09979062098902938,2.875701893439238,0.2617993877991417,0.20943951023931331,-1.1524075113637717,180,190,180,180,180,190,190
39.719353437423706,0.09979062098902938,2.875701893439238,0.2617993877991417,0.20943951023931331,-1.1524075113637717,180,180,180,180,180,190,190
39.72958731651306,0.09620801554099867,2.8675764246735316,0.2617993877991417,0.20943951023931331,-1.159462029169056,180,180,180,180,180,190,190
39.74619698524475,0.09620801554099867,2.8675764246735316,0.2617993877991417,0.20943951023931331,-1.159462029169056,180,180,180,180,180,190,190
39.756401777267456,0.09620801554099867,2.8675764246735316,0.2617993877991417,0.20943951023931331,-1.159462029169056,180,180,180,180,180,190,190
39.7665913105011,0.09277763293344037,2.859664565717789,0.2617993877991417,0.20943951023931331,-1.1662856946178093,180,180,180,180,190,190,190
39.7767870426178,0.09277763293344037,2.859664565717789,0.2617993877991417,0.20943951023931331,-1.1662856946178093,180,180,180,180,190,190,190
39.787010192871094,0.09277763293344037,2.859664565717789,0.2617993877991417,0.20943951023931331,-1.1662856946178093,180,180,180,180,190,190,190
39.79725909233093,0.0894263980382554,2.8517603856798575,0.2617993877991417,0.20943951023931331,-1.1727805959208393,180,180,180,180,190,190,190
39.807482957839966,0.0894263980382554,2.8517603856798575,0.2617993877991417,0.20943951023931331,-1.1727805959208393,180,180,180,180,190,190,190
39.81767511367798,0.0894263980382554,2.8517603856798575,0.2617993877991417,0.20943951023931331,-1.1727805959208393,180,180,180,180,190,190,190
39.82791018486023,0.08604279363897162,2.843625378891301,0.2617993877991417,0.20943951023931331,-1.1798388998637086,180,180,180,180,190,190,190
39.838104009628296,0.08604279363897162,2.843625378891301,0.2617993877991417,0.20943951023931331,-1.1798388998637086,180,180,180,180,190,190,190
39.849223136901855,0.08604279363897162,2.843625378891301,0.2617993877991417,0.20943951023931331,-1.1798388998637086,180,180,180,180,190,190,190
39.85942840576172,0.08281427400992519,2.8357151719359774,0.2617993877991417,0.20943951023931331,-1.1867560408384805,180,180,180,180,190,190,190
39.869630575180054,0.08281427400992519,2.8357151719359774,0.2617993877991417,0.20943951023931331,-1.1867560408384805,180,180,180,180,180,190,180
39.87982153892517,0.08281427400992519,2.8357151719359774,0.2617993877991417,0.20943951023931331,-1.1867560408384805,180,180,180,180,180,190,180
39.89661002159119,0.08281427400992519,2.8357151719359774,0.2617993877991417,0.20943951023931331,-1.1867560408384805,180,180,180,180,180,190,180
39.90695333480835,0.07963827765259578,2.827776745406348,0.2617993877991417,0.20943951023931331,-1.1937024593744734,180,180,180,180,180,190,180
39.9171347618103,0.07963827765259578,2.827776745406348,0.2617993877991417,0.20943951023931331,-1.1937024593744734,180,180,180,180,180,190,180
39.927321672439575,0.07642004322663555,2.819564565275423,0.2617993877991417,0.20943951023931331,-1.2008742159935537,180,180,180,180,180,190,190
39.93755125999451,0.07642004322663555,2.819564565275423,0.2617993877991417,0.20943951023931331,-1.2008742159935537,180,180,180,180,180,190,190
39.947768688201904,0.07642004322663555,2.819564565275423,0.2617993877991417,0.20943951023931331,-1.2008742159935537,180,180,180,180,180,190,190
39.95800828933716,0.07642004322663555,2.819564565275423,0.2617993877991417,0.20943951023931331,-1.2008742159935537,180,180,180,180,180,190,190
39.96827840805054,0.07334828805947208,2.8115599803644455,0.2617993877991417,0.20943951023931331,-1.2078401486853068,180,180,180,180,180,190,190
39.97846984863281,0.07334828805947208,2.8115599803644455,0.2617993877991417,0.20943951023931331,-1.2078401486853068,180,180,180,180,180,190,190
39.996111154556274,0.07334828805947208,2.8115599803644455,0.2617993877991417,0.20943951023931331,-1.2078401486853068,180,180,180,180,180,190,190
40.00641584396362,0.07032781848082707,2.803522836446457,0.2617993877991417,0.20943951023931331,-1.2148054830600665,180,180,180,180,180,190,190
40.016616344451904,0.07032781848082707,2.803522836446457,0.2617993877991417,0.20943951023931331,-1.2148054830600665,180,180,180,180,180,190,190
40.02681589126587,0.07032781848082707,2.803522836446457,0.2617993877991417,0.20943951023931331,-1.2148054830600665,180,180,180,180,180,190,190
40.036988496780396,0.06726993921008781,2.795209201085493,0.2617993877991417,0.20943951023931331,-1.2219728960906433,180,180,180,180,180,190,190
40.04971933364868,0.06726993921008781,2.795209201085493,0.2617993877991417,0.20943951023931331,-1.2219728960906433,180,180,180,180,180,190,190
40.05990433692932,0.06435604762029538,2.787112194299811,0.2617993877991417,0.20943951023931331,-1.2289081575451242,180,180,180,180,180,190,190
40.070088386535645,0.06435604762029538,2.787112194299811,0.2617993877991417,0.20943951023931331,-1.2289081575451242,180,180,180,180,180,180,180
40.08027458190918,0.06435604762029538,2.787112194299811,0.2617993877991417,0.20943951023931331,-1.2289081575451242,180,180,180,180,180,180,180
40.095489501953125,0.06435604762029538,2.787112194299811,0.2617993877991417,0.20943951023931331,-1.2289081575451242,180,180,180,180,180,180,180
40.10568308830261,0.06149680075716755,2.7789974229299164,0.2617993877991417,0.20943951023931331,-1.235755214444062,180,180,180,180,180,180,180
40.11587905883789,0.06149680075716755,2.7789974229299164,0.2617993877991417,0.20943951023931331,-1.235755214444062,180,180,180,180,180,180,180
40.12603235244751,0.058619973767474076,2.7706389521902612,0.2617993877991417,0.20943951023931331,-1.242535943507656,180,180,180,180,180,180,180
40.13622832298279,0.058619973767474076,2.7706389521902612,0.2617993877991417,0.20943951023931331,-1.242535943507656,180,180,180,180,180,180,180
40.14642882347107,0.058619973767474076,2.7706389521902612,0.2617993877991417,0.20943951023931331,-1.242535943507656,180,180,180,180,180,180,180
40.156641244888306,0.058619973767474076,2.7706389521902612,0.2617993877991417,0.20943951023931331,-1.242535943507656,180,180,180,180,180,180,180
40.16687488555908,0.05588185530443804,2.7625126146530805,0.2617993877991417,0.20943951023931331,-1.2490639870478637,180,180,180,180,180,180,190
40.1770920753479,0.05588185530443804,2.7625126146530805,0.2617993877991417,0.20943951023931331,-1.2490639870478637,180,180,180,180,180,180,190
40.18727946281433,0.05588185530443804,2.7625126146530805,0.2617993877991417,0.20943951023931331,-1.2490639870478637,180,180,180,180,180,180,190
40.19752311706543,0.053193983284844426,2.754361534723471,0.2617993877991417,0.20943951023931331,-1.2556764137505876,180,180,180,180,180,180,190
40.20777368545532,0.053193983284844426,2.754361534723471,0.2617993877991417,0.20943951023931331,-1.2556764137505876,180,180,180,180,180,180,190
40.21798491477966,0.053193983284844426,2.754361534723471,0.2617993877991417,0.20943951023931331,-1.2556764137505876,180,180,180,180,180,180,190
40.22856068611145,0.05048264303883421,2.745937457139122,0.2617993877991417,0.20943951023931331,-1.2625005785802002,120,180,180,180,180,190,190
40.244545698165894,0.05048264303883421,2.745937457139122,0.2617993877991417,0.20943951023931331,-1.2625005785802002,120,180,180,180,180,190,190
40.25481390953064,0.05048264303883421,2.745937457139122,0.2617993877991417,0.20943951023931331,-1.2625005785802002,120,180,180,180,180,190,190
40.265055656433105,0.047907953050958456,2.7377540937877374,0.2617993877991417,0.2268928027592561,-1.2693114634499847,120,180,180,180,180,180,190
40.275256395339966,0.047907953050958456,2.7377540937877374,0.2617993877991417,0.2268928027592561,-1.2693114634499847,120,180,180,180,180,180,190
40.2854585647583,0.047907953050958456,2.7377540937877374,0.2617993877991417,0.2268928027592561,-1.2693114634499847,120,180,180,180,180,180,190
40.29932951927185,0.047907953050958456,2.7377540937877374,0.2617993877991417,0.2268928027592561,-1.2693114634499847,120,180,180,180,180,180,190
40.30954551696777,0.045398560566150846,2.7295776171438435,0.2617993877991417,0.24434609527919887,-1.2763645019382495,120,180,180,180,180,180,190
40.31981658935547,0.045398560566150846,2.7295776171438435,0.2617993877991417,0.24434609527919887,-1.2763645019382495,120,180,180,180,180,180,190
40.33005619049072,0.04287201416511551,2.721128259159542,0.2617993877991417,0.24434609527919887,-1.284210591327071,180,180,180,180,180,180,190
40.343749046325684,0.04287201416511551,2.721128259159542,0.2617993877991417,0.24434609527919887,-1.284210591327071,180,180,180,180,180,180,190
40.353933572769165,0.04287201416511551,2.721128259159542,0.2617993877991417,0.24434609527919887,-1.284210591327071,180,180,180,180,180,180,190
40.36413645744324,0.04048478177245477,2.7129051251879317,0.2617993877991417,0.2617993877991417,-1.2924232675182106,180,180,180,180,180,180,180
40.37431883811951,0.04048478177245477,2.7129051251879317,0.2617993877991417,0.2617993877991417,-1.2924232675182106,180,180,180,180,180,180,180
40.38448715209961,0.04048478177245477,2.7129051251879317,0.2617993877991417,0.2617993877991417,-1.2924232675182106,180,180,180,180,180,180,180
40.398887634277344,0.04048478177245477,2.7129051251879317,0.2617993877991417,0.2617993877991417,-1.2924232675182106,180,180,180,180,180,180,180
40.40918779373169,0.03816580971946048,2.704656892253852,0.2617993877991417,0.2617993877991417,-1.301197861661677,180,180,180,180,180,180,180
40.41936373710632,0.03816580971946048,2.704656892253852,0.2617993877991417,0.2617993877991417,-1.301197861661677,180,180,190,180,180,180,180
40.429548501968384,0.035851127524850264,2.696134131410532,0.2617993877991417,0.2617993877991417,-1.3102051647150028,180,180,190,180,180,180,180
40.44660210609436,0.035851127524850264,2.696134131410532,0.2617993877991417,0.2617993877991417,-1.3102051647150028,180,180,190,180,180,180,180
40.45683002471924,0.035851127524850264,2.696134131410532,0.2617993877991417,0.2617993877991417,-1.3102051647150028,180,180,190,180,180,180,180
40.467041015625,0.033680693520624576,2.6878511172410593,0.2617993877991417,0.2617993877991417,-1.3188034683518701,180,180,180,180,180,180,180
40.47722148895264,0.033680693520624576,2.6878511172410593,0.2617993877991417,0.2617993877991417,-1.3188034683518701,180,180,180,180,180,180,180
40.48745274543762,0.033680693520624576,2.6878511172410593,0.2617993877991417,0.2617993877991417,-1.3188034683518701,180,180,180,180,180,180,180
40.498331785202026,0.03159157473560938,2.6795902880668887,0.2617993877991417,0.2617993877991417,-1.3270009515099463,180,180,180,180,180,180,180
40.50853157043457,0.03159157473560938,2.6795902880668887,0.2617993877991417,0.2617993877991417,-1.3270009515099463,180,180,180,180,180,180,180
40.51875114440918,0.03159157473560938,2.6795902880668887,0.2617993877991417,0.2617993877991417,-1.3270009515099463,180,180,180,180,180,180,180
40.5289990901947,0.029502294509178583,2.6710269798603203,0.2617993877991417,0.2617993877991417,-1.3356375155241473,180,180,180,180,180,180,180
40.53937029838562,0.029502294509178583,2.6710269798603203,0.2617993877991417,0.2617993877991417,-1.3356375155241473,180,180,180,180,180,180,180
40.549601316452026,0.029502294509178583,2.6710269798603203,0.2617993877991417,0.2617993877991417,-1.3356375155241473,180,180,180,180,180,180,180
40.55985713005066,0.027541277415722182,2.662689776746426,0.2617993877991417,0.2617993877991417,-1.3440074914912707,180,180,180,180,180,180,180
40.5700364112854,0.027541277415722182,2.662689776746426,0.2617993877991417,0.2617993877991417,-1.3440074914912707,180,180,180,180,180,180,180
40.580424547195435,0.027541277415722182,2.662689776746426,0.2617993877991417,0.2617993877991417,-1.3440074914912707,180,180,180,180,180,180,180
40.59651017189026,0.027541277415722182,2.662689776746426,0.2617993877991417,0.2617993877991417,-1.3440074914912707,180,180,180,180,180,180,180
40.60679817199707,0.025647671963849372,2.654326999755646,0.2617993877991417,0.2617993877991417,-1.3524043540384834,180,180,180,180,180,180,180
40.61698317527771,0.025647671963849372,2.654326999755646,0.2617993877991417,0.2617993877991417,-1.3524043540384834,180,180,180,180,180,180,180
40.62715744972229,0.023768320716423666,2.645685979620671,0.2617993877991417,0.2617993877991417,-1.3610931040715475,180,180,180,180,180,180,180
40.644471168518066,0.023768320716423666,2.645685979620671,0.2617993877991417,0.2617993877991417,-1.3610931040715475,180,180,180,180,180,180,180
40.654688119888306,0.023768320716423666,2.645685979620671,0.2617993877991417,0.2617993877991417,-1.3610931040715475,180,180,180,180,180,180,180
40.66485810279846,0.022014602904732058,2.6372802510659206,0.2617993877991417,0.2617993877991417,-1.3695942631473448,180,180,180,180,180,180,180
40.675026178359985,0.022014602904732058,2.6372802510659206,0.2617993877991417,0.2617993877991417,-1.3695942631473448,180,180,180,180,180,180,180
40.68520545959473,0.022014602904732058,2.6372802510659206,0.2617993877991417,0.2617993877991417,-1.3695942631473448,180,180,180,180,180,180,180
40.70081686973572,0.02033606823396767,2.628850363990367,0.2617993877991417,0.2617993877991417,-1.3781292785277843,180,180,180,180,180,180,180
40.710989236831665,0.02033606823396767,2.628850363990367,0.2617993877991417,0.2617993877991417,-1.3781292785277843,180,180,180,180,180,180,180
40.72116708755493,0.02033606823396767,2.628850363990367,0.2617993877991417,0.2617993877991417,-1.3781292785277843,180,180,180,180,180,180,180
40.73141074180603,0.018683160557392237,2.6201725942433005,0.2617993877991417,0.2617993877991417,-1.3871501119838716,180,190,180,180,180,180,180
40.74848914146423,0.018683160557392237,2.6201725942433005,0.2617993877991417,0.24434609527919887,-1.3871501119838716,180,190,180,180,180,180,180
40.75870084762573,0.01715802112938912,2.611752814703461,0.2617993877991417,0.24434609527919887,-1.3960365930681808,180,190,180,180,180,180,180
40.76890730857849,0.01715802112938912,2.611752814703461,0.2617993877991417,0.24434609527919887,-1.3960365930681808,180,180,180,180,180,180,180
40.77909779548645,0.01715802112938912,2.611752814703461,0.2617993877991417,0.24434609527919887,-1.3960365930681808,180,180,180,180,180,180,180
40.78930735588074,0.01715802112938912,2.611752814703461,0.2617993877991417,0.2268928027592561,-1.3960365930681808,180,180,180,180,180,180,180
40.80145454406738,0.01570313758405282,2.6033209332514953,0.2617993877991417,0.2268928027592561,-1.4043052988124285,180,180,180,180,180,180,180
40.81165289878845,0.01570313758405282,2.6033209332514953,0.2617993877991417,0.2268928027592561,-1.4043052988124285,180,180,180,180,180,180,180
40.82184195518494,0.01570313758405282,2.6033209332514953,0.2617993877991417,0.2268928027592561,-1.4043052988124285,180,180,180,180,180,180,180
40.83209419250488,0.014280237840448691,2.5946235473336285,0.2617993877991417,0.2268928027592561,-1.4120888812144046,180,180,180,180,180,180,180
40.842302560806274,0.014280237840448691,2.5946235473336285,0.2617993877991417,0.2268928027592561,-1.4120888812144046,180,180,180,180,180,180,180
40.85278248786926,0.014280237840448691,2.5946235473336285,0.2617993877991417,0.2268928027592561,-1.4120888812144046,180,180,180,180,180,180,180
40.86302661895752,0.012963309310082013,2.5861891393882264,0.2617993877991417,0.2268928027592561,-1.4194161013868223,180,180,180,180,180,180,180
40.873229026794434,0.012963309310082013,2.5861891393882264,0.2617993877991417,0.2268928027592561,-1.4194161013868223,180,180,180,180,180,180,180
40.88343811035156,0.012963309310082013,2.5861891393882264,0.2617993877991417,0.2268928027592561,-1.4194161013868223,180,180,180,180,180,180,180
40.89986062049866,0.011705588932702309,2.577730706626746,0.2617993877991417,0.2268928027592561,-1.4267548059575779,180,180,180,180,180,180,180
40.91012477874756,0.011705588932702309,2.577730706626746,0.2617993877991417,0.2268928027592561,-1.4267548059575779,180,180,180,180,180,180,180
40.92033576965332,0.011705588932702309,2.577730706626746,0.2617993877991417,0.2268928027592561,-1.4267548059575779,180,180,180,180,180,180,180
40.93062210083008,0.010472229670748956,2.5689951444534183,0.2617993877991417,0.2268928027592561,-1.4343186927994322,180,180,180,180,180,180,180
40.94422459602356,0.010472229670748956,2.5689951444534183,0.2617993877991417,0.2268928027592561,-1.4343186927994322,180,180,180,180,180,180,180
40.954482316970825,0.010472229670748956,2.5689951444534183,0.2617993877991417,0.2268928027592561,-1.4343186927994322,180,180,180,180,180,180,180
40.96470928192139,0.009336804514662088,2.5604955138548284,0.2617993877991417,0.2268928027592561,-1.4416745626525178,180,180,180,180,180,180,180
40.97490954399109,0.009336804514662088,2.5604955138548284,0.2617993877991417,0.2268928027592561,-1.4416745626525178,180,180,180,180,180,180,180
40.98606634140015,0.009336804514662088,2.5604955138548284,0.2617993877991417,0.2268928027592561,-1.4416745626525178,180,180,180,180,180,180,180
40.99719524383545,0.009336804514662088,2.5604955138548284,0.2617993877991417,0.2268928027592561,-1.4416745626525178,180,180,180,180,180,180,180
41.00753831863403,0.00826224851217771,2.551975622528973,0.2617993877991417,0.2268928027592561,-1.4490462190406483,180,180,180,180,180,180,180
41.017733097076416,0.00826224851217771,2.551975622528973,0.2617993877991417,0.2268928027592561,-1.4490462190406483,180,180,180,180,180,180,180
41.02794289588928,0.0072190578011023104,2.543177623251725,0.2617993877991417,0.2268928027592561,-1.456653598905631,180,180,180,180,180,180,180
41.045397996902466,0.0072190578011023104,2.543177623251725,0.2617993877991417,0.2268928027592561,-1.456653598905631,180,180,180,180,180,180,180
41.05560493469238,0.0072190578011023104,2.543177623251725,0.2617993877991417,0.2268928027592561,-1.456653598905631,180,180,180,180,180,180,180
41.06578540802002,0.006269050851098853,2.5346210350250082,0.2617993877991417,0.2268928027592561,-1.4640552041609585,180,180,180,180,180,180,180
41.075990438461304,0.006269050851098853,2.5346210350250082,0.2617993877991417,0.2268928027592561,-1.4640552041609585,180,180,180,180,180,180,180
41.08616614341736,0.006269050851098853,2.5346210350250082,0.2617993877991417,0.2268928027592561,-1.4640552041609585,180,180,180,180,180,180,180
41.09773898124695,0.00538115194707452,2.5260522951355866,0.2617993877991417,0.2268928027592561,-1.4714882396774105,180,180,180,180,180,180,180
41.10794949531555,0.00538115194707452,2.5260522951355866,0.2617993877991417,0.2268928027592561,-1.4714882396774105,180,180,180,180,180,180,180
41.11815643310547,0.00538115194707452,2.5260522951355866,0.2617993877991417,0.2268928027592561,-1.4714882396774105,180,180,180,180,180,180,180
41.128384828567505,0.0045277646936330174,2.5172119016398007,0.2617993877991417,0.2268928027592561,-1.4791050900856322,180,180,180,180,180,180,180
41.138569355010986,0.0045277646936330174,2.5172119016398007,0.2617993877991417,0.2268928027592561,-1.4791050900856322,180,180,180,180,180,180,180
41.14878296852112,0.0045277646936330174,2.5172119016398007,0.2617993877991417,0.2268928027592561,-1.4791050900856322,180,180,180,180,180,180,180
41.15897297859192,0.003761304471208546,2.508615693173307,0.2617993877991417,0.2268928027592561,-1.486522466765402,180,180,180,180,180,180,180
41.16925120353699,0.003761304471208546,2.508615693173307,0.2617993877991417,0.2268928027592561,-1.486522466765402,180,180,180,180,180,180,180
41.179462909698486,0.003761304471208546,2.508615693173307,0.2617993877991417,0.2268928027592561,-1.486522466765402,180,180,180,180,180,180,180
41.189687728881836,0.003761304471208546,2.508615693173307,0.2617993877991417,0.2268928027592561,-1.486522466765402,180,180,180,180,180,180,180
41.19993996620178,0.003078050695280277,2.5000936570291032,0.2617993877991417,0.2268928027592561,-1.4939409969912008,180,180,180,180,180,180,180
41.21013689041138,0.003078050695280277,2.5000936570291032,0.2617993877991417,0.2268928027592561,-1.4939409969912008,180,180,180,180,180,180,180
41.22032427787781,0.003078050695280277,2.5000936570291032,0.2617993877991417,0.2268928027592561,-1.4939409969912008,180,180,180,180,180,180,180
41.23054599761963,0.0024362813946502615,2.491323040152066,0.2617993877991417,0.2268928027592561,-1.5016246628874261,180,180,180,180,180,180,180
41.245195150375366,0.0024362813946502615,2.491323040152066,0.2617993877991417,0.2268928027592561,-1.5016246628874261,180,180,180,180,180,180,180
41.25572752952576,0.0024362813946502615,2.491323040152066,0.2617993877991417,0.2268928027592561,-1.5016246628874261,180,180,180,180,180,180,180
41.266194105148315,0.0018774172629572351,2.4828013666114153,0.2617993877991417,0.2268928027592561,-1.509083374236451,180,180,180,180,180,180,180
41.27650451660156,0.0018774172629572351,2.4828013666114153,0.2617993877991417,0.2268928027592561,-1.509083374236451,180,180,180,180,180,180,180
41.29536414146423,0.0018774172629572351,2.4828013666114153,0.2617993877991417,0.2268928027592561,-1.509083374236451,180,180,180,180,180,180,180
41.305590867996216,0.0018774172629572351,2.4828013666114153,0.2617993877991417,0.2268928027592561,-1.509083374236451,180,180,180,180,180,180,180
41.315802812576294,0.0018774172629572351,2.4828013666114153,0.2617993877991417,0.2268928027592561,-1.509083374236451,180,180,180,180,180,180,180
41.32669687271118,0.0013820931167902238,2.4742655817692913,0.2617993877991417,0.2268928027592561,-1.5165520585991714,180,180,180,180,180,180,180
41.3428909778595,0.0009379189410389378,2.4654548700857717,0.2617993877991417,0.2268928027592561,-1.5242554038388991,180,180,180,180,180,180,180
41.35310196876526,0.0009379189410389378,2.4654548700857717,0.2617993877991417,0.2268928027592561,-1.5242554038388991,180,180,180,180,180,180,180
41.36327791213989,0.000571072104722379,2.456887562671924,0.2617993877991417,0.2268928027592561,-1.5317382681009417,180,180,180,180,180,180,180
41.37344217300415,0.000571072104722379,2.456887562671924,0.2617993877991417,0.2268928027592561,-1.5317382681009417,180,180,180,180,180,180,180
41.383634090423584,0.000571072104722379,2.456887562671924,0.2617993877991417,0.2268928027592561,-1.5317382681009417,180,180,180,180,180,180,180
41.395405769348145,0.00026765796607689267,2.448305379992754,0.2617993877991417,0.2268928027592561,-1.539224940103224,180,180,180,180,180,180,180
41.40566873550415,0.00026765796607689267,2.448305379992754,0.2617993877991417,0.2268928027592561,-1.539224940103224,180,180,180,180,180,180,180
41.415894985198975,0.00026765796607689267,2.448305379992754,0.2617993877991417,0.2268928027592561,-1.539224940103224,180,180,180,180,180,180,180
41.4261200428009,0.00026765796607689267,2.448305379992754,0.2617993877991417,0.2268928027592561,-1.539224940103224,180,180,180,180,180,180,180
41.44139528274536,2.151099028856494e-05,2.43944889790969,0.2617993877991417,0.2268928027592561,-1.5469359365069522,180,180,180,180,180,180,180
41.451680183410645,2.151099028856494e-05,2.43944889790969,0.2617993877991417,0.2268928027592561,-1.5469359365069522,180,180,180,180,180,180,180
41.461883544921875,-0.00015276460331525258,2.4308429101959916,0.2617993877991417,0.2268928027592561,-1.5543988982967603,180,180,180,180,180,180,180
41.47210741043091,-0.00015276460331525258,2.4308429101959916,0.2617993877991417,0.2268928027592561,-1.5543988982967603,180,180,180,180,180,180,180
41.48230791091919,-0.00015276460331525258,2.4308429101959916,0.2617993877991417,0.2268928027592561,-1.5543988982967603,180,180,180,180,180,180,180
41.4953670501709,-0.00026484930905162836,2.4222376164078305,0.2617993877991417,0.2268928027592561,-1.5617861119474803,180,180,180,180,180,180,180
41.50558829307556,-0.00026484930905162836,2.4222376164078305,0.2617993877991417,0.2268928027592561,-1.5617861119474803,180,180,180,180,180,180,180
41.515790700912476,-0.00026484930905162836,2.4222376164078305,0.2617993877991417,0.2268928027592561,-1.5617861119474803,180,180,180,180,180,180,180
41.52599596977234,-0.00031174476356427824,2.41338710917059,0.2617993877991417,0.2268928027592561,-1.5692261205989102,180,180,180,180,180,180,180
41.53627586364746,-0.00031174476356427824,2.41338710917059,0.2617993877991417,0.2268928027592561,-1.5692261205989102,180,180,180,180,180,180,180
41.54673457145691,-0.00031174476356427824,2.41338710917059,0.2617993877991417,0.2268928027592561,-1.5692261205989102,180,180,180,180,180,180,180
41.55696725845337,-0.00031174476356427824,2.41338710917059,0.2617993877991417,0.2268928027592561,-1.5692261205989102,180,180,180,180,180,180,180
41.56721520423889,-0.00029694889611414437,2.404816536178674,0.2617993877991417,0.2268928027592561,-1.5763267247888693,180,180,180,180,180,180,180
41.57743573188782,-0.00029694889611414437,2.404816536178674,0.2617993877991417,0.20943951023931331,-1.5763267247888693,180,180,180,180,180,180,180
41.58766484260559,-0.00029694889611414437,2.404816536178674,0.2617993877991417,0.20943951023931331,-1.5763267247888693,180,180,180,180,180,180,180
41.59945583343506,-0.00021398593899554476,2.396225010839858,0.2617993877991417,0.20943951023931331,-1.5834150008400554,180,180,180,180,180,180,180
41.609623670578,-0.00021398593899554476,2.396225010839858,0.2617993877991417,0.17453292519942779,-1.5834150008400554,180,180,180,180,180,180,180
41.619805097579956,-0.00021398593899554476,2.396225010839858,0.2617993877991417,0.17453292519942779,-1.5834150008400554,180,180,180,180,180,180,180
41.6300003528595,-7.174538008712409e-05,2.3874057793849963,0.2617993877991417,0.13962634015954223,-1.5904777558356533,180,180,180,180,180,180,180
41.64019584655762,-7.174538008712409e-05,2.3874057793849963,0.2617993877991417,0.10471975511965666,-1.5904777558356533,180,180,180,180,180,180,180
41.650418758392334,-7.174538008712409e-05,2.3874057793849963,0.2617993877991417,0.10471975511965666,-1.5904777558356533,180,180,180,180,180,180,180
41.66060423851013,0.00012140878916184057,2.378890625818299,0.2617993877991417,0.08726646259971389,-1.5957048451483085,180,180,180,180,180,180,180
41.67084217071533,0.00012140878916184057,2.378890625818299,0.2617993877991417,0.06981317007977111,-1.5957048451483085,180,180,180,180,180,180,180
41.68109345436096,0.00012140878916184057,2.378890625818299,0.2617993877991417,0.06981317007977111,-1.5957048451483085,180,180,180,180,180,180,180
41.69778800010681,0.00034976079473221923,2.3703101760313894,0.2617993877991417,0.0,-1.5988594043980116,180,180,180,180,180,180,180
41.708027601242065,0.00034976079473221923,2.3703101760313894,0.2617993877991417,0.0,-1.5988594043980116,180,180,180,180,180,180,180
41.71829390525818,0.00034976079473221923,2.3703101760313894,0.2617993877991417,0.0,-1.5988594043980116,180,180,180,180,180,180,180
41.72851228713989,0.0006085512438202388,2.3614406490285105,0.2617993877991417,0.0,-1.6008174260239343,180,180,180,180,180,180,180
41.73874831199646,0.0006085512438202388,2.3614406490285105,0.2617993877991417,0.0,-1.6008174260239343,180,180,180,180,180,180,180
41.748952865600586,0.0006085512438202388,2.3614406490285105,0.2617993877991417,0.0,-1.6008174260239343,180,180,180,180,180,180,180
41.75915241241455,0.0006085512438202388,2.3614406490285105,0.2617993877991417,0.0,-1.6008174260239343,180,180,180,180,180,180,180
41.76946449279785,0.0008693548956697006,2.3528104060752644,0.2617993877991417,0.0,-1.601084685561291,180,170,180,120,180,180,180
41.77995467185974,0.0008693548956697006,2.3528104060752644,0.2617993877991417,0.0,-1.601084685561291,180,170,180,120,180,180,180
41.790284872055054,0.0011321794567110918,2.3441651305053686,0.2617993877991417,0.0,-1.6012005626096106,180,170,180,120,180,180,180
41.80066442489624,0.0011321794567110918,2.3441651305053686,0.2617993877991417,0.0,-1.6012005626096106,180,170,180,120,180,180,180
41.81087946891785,0.0011321794567110918,2.3441651305053686,0.2617993877991417,0.0,-1.6012005626096106,180,170,180,120,180,180,180
41.821069955825806,0.0011321794567110918,2.3441651305053686,0.2617993877991417,0.0,-1.6012005626096106,180,170,180,120,180,180,180
41.831276178359985,0.0014039831208953679,2.335249052293765,0.2617993877991417,0.0,-1.6013071297211239,180,180,180,180,180,180,180
41.84571695327759,0.0014039831208953679,2.335249052293765,0.2617993877991417,0.0,-1.6013071297211239,180,180,180,180,180,180,180
41.855937480926514,0.0014039831208953679,2.335249052293765,0.2617993877991417,0.0,-1.6013071297211239,180,180,180,180,180,180,180
41.866153717041016,0.0016677495032170805,2.3265932330116508,0.2617993877991417,0.0,-1.601356709651202,180,180,180,180,180,180,180
41.87644624710083,0.0016677495032170805,2.3265932330116508,0.2617993877991417,0.0,-1.601356709651202,180,180,180,180,180,180,180
41.89502191543579,0.0019342136994733661,2.3179377124186096,0.2617993877991417,0.0,-1.6013306139966834,180,180,180,180,180,180,180
41.90528750419617,0.0019342136994733661,2.3179377124186096,0.2617993877991417,0.0,-1.6013306139966834,180,180,180,180,180,180,180
41.91553831100464,0.0019342136994733661,2.3179377124186096,0.2617993877991417,0.0,-1.6013306139966834,180,180,180,180,180,180,180
41.92571663856506,0.0022064338417836175,2.30903444463825,0.2617993877991417,0.0,-1.6011274639909967,180,180,180,180,180,180,180
41.93586492538452,0.0022064338417836175,2.30903444463825,0.2617993877991417,0.0,-1.6011274639909967,180,180,180,180,180,180,180
41.94610047340393,0.0022064338417836175,2.30903444463825,0.2617993877991417,0.0,-1.6011274639909967,180,180,180,180,180,180,180
41.956268548965454,0.0022064338417836175,2.30903444463825,0.2617993877991417,0.0,-1.6011274639909967,180,180,180,180,180,180,180
41.9664351940155,0.0024687488887030137,2.3003977691808,0.2617993877991417,0.0,-1.6009115864922987,180,180,180,180,180,180,180
41.976614475250244,0.0024687488887030137,2.3003977691808,0.2617993877991417,0.0,-1.6009115864922987,180,180,180,180,180,180,180
41.986796855926514,0.0024687488887030137,2.3003977691808,0.2617993877991417,0.0,-1.6009115864922987,180,180,180,180,180,180,180
41.99699854850769,0.0024687488887030137,2.3003977691808,0.2617993877991417,0.0,-1.6009115864922987,180,180,180,180,180,180,180
42.0073184967041,0.002727083920476146,2.29177243617096,0.2617993877991417,0.0,-1.600778875381335,180,180,180,180,180,180,180
42.017744302749634,0.002727083920476146,2.29177243617096,0.2617993877991417,0.0,-1.600778875381335,180,180,180,180,180,180,180
42.02795934677124,0.002996850721038182,2.2829211839584973,0.2617993877991417,0.0,-1.6009588538445096,180,180,180,180,180,180,180
42.0457649230957,0.002996850721038182,2.2829211839584973,0.2617993877991417,0.0,-1.6009588538445096,180,180,180,180,180,180,180
42.05597972869873,0.002996850721038182,2.2829211839584973,0.2617993877991417,0.0,-1.6009588538445096,180,180,180,180,180,180,180
42.06617093086243,0.0032598504165060804,2.2743180429718386,0.2617993877991417,0.0,-1.6011011336378116,180,180,180,180,180,180,180
42.07637929916382,0.0032598504165060804,2.2743180429718386,0.2617993877991417,0.0,-1.6011011336378116,180,180,180,180,180,180,180
42.08661937713623,0.0032598504165060804,2.2743180429718386,0.2617993877991417,0.0,-1.6011011336378116,180,180,180,180,180,180,180
42.09679865837097,0.0032598504165060804,2.2743180429718386,0.2617993877991417,0.0,-1.6011011336378116,180,180,180,180,180,180,180
42.10699915885925,0.0035221113840197865,2.2657052006695033,0.2617993877991417,0.0,-1.6012448757754958,180,180,180,180,180,180,180
42.117212772369385,0.0035221113840197865,2.2657052006695033,0.2617993877991417,0.0,-1.6012448757754958,180,180,180,180,180,180,180
42.128090143203735,0.0035221113840197865,2.2657052006695033,0.2617993877991417,0.0,-1.6012448757754958,180,180,180,180,180,180,180
42.13844013214111,0.0037940221573238074,2.256821475791563,0.2617993877991417,0.0,-1.6013884046061635,180,180,180,180,180,180,180
42.1486554145813,0.0037940221573238074,2.256821475791563,0.2617993877991417,0.0,-1.6013884046061635,180,180,180,180,180,180,180
42.158894538879395,0.004059570781584268,2.2481870026866115,0.2617993877991417,0.0,-1.6015133087096056,180,180,180,180,180,180,180
42.17095494270325,0.004059570781584268,2.2481870026866115,0.2617993877991417,0.0,-1.6015133087096056,180,180,180,180,180,180,180
42.18115782737732,0.004059570781584268,2.2481870026866115,0.2617993877991417,0.0,-1.6015133087096056,180,180,180,180,180,180,180
42.191338539123535,0.004326159236992779,2.2395413489301768,0.2617993877991417,0.0,-1.60162511339686,180,180,180,180,180,180,180
42.20156288146973,0.004326159236992779,2.2395413489301768,0.2617993877991417,0.0,-1.60162511339686,180,180,180,180,180,180,180
42.213136196136475,0.004326159236992779,2.2395413489301768,0.2617993877991417,0.0,-1.60162511339686,180,180,180,180,180,180,180
42.223323345184326,0.004326159236992779,2.2395413489301768,0.2617993877991417,0.0,-1.60162511339686,180,180,180,180,180,180,180
42.233498334884644,0.004601739546882667,2.2306254182263565,0.2617993877991417,0.0,-1.6017235534008494,180,180,180,180,180,180,180
42.24372577667236,0.004601739546882667,2.2306254182263565,0.2617993877991417,0.0,-1.6017235534008494,180,180,180,180,180,180,180
42.25667142868042,0.004601739546882667,2.2306254182263565,0.2617993877991417,0.0,-1.6017235534008494,180,180,180,180,180,180,180
42.26693320274353,0.004868939496706642,2.2219702386467084,0.2617993877991417,0.0,-1.601760673842392,180,180,180,180,180,180,180
42.27715539932251,0.004868939496706642,2.2219702386467084,0.2617993877991417,0.0,-1.601760673842392,180,180,180,180,180,180,180
42.287349462509155,0.004868939496706642,2.2219702386467084,0.2617993877991417,0.0,-1.601760673842392,180,180,180,180,180,180,180
42.300883531570435,0.00513981954815632,2.2133154690131214,0.2617993877991417,0.0,-1.6017220474358171,180,180,180,180,180,180,180
42.311105489730835,0.00513981954815632,2.2133154690131214,0.2617993877991417,0.0,-1.6017220474358171,180,180,180,180,180,180,180
42.32128834724426,0.00513981954815632,2.2133154690131214,0.2617993877991417,0.0,-1.6017220474358171,180,180,180,180,180,180,180
42.331504583358765,0.005415234536856009,2.2044146773861315,0.2617993877991417,0.0,-1.6014962258141157,180,180,180,180,180,180,180
42.34572100639343,0.005415234536856009,2.2044146773861315,0.2617993877991417,0.0,-1.6014962258141157,180,180,180,180,180,180,180
42.3559353351593,0.005415234536856009,2.2044146773861315,0.2617993877991417,0.0,-1.6014962258141157,180,180,180,180,180,180,180
42.36616086959839,0.005680666420940585,2.1957788772214153,0.2617993877991417,0.0,-1.6012877585707086,180,180,180,180,180,180,180
42.376447916030884,0.005680666420940585,2.1957788772214153,0.2617993877991417,0.0,-1.6012877585707086,180,180,180,180,180,180,180
42.38664484024048,0.005680666420940585,2.1957788772214153,0.2617993877991417,0.0,-1.6012877585707086,180,180,180,180,180,180,180
42.40102434158325,0.005942969377809006,2.1871553406646367,0.2617993877991417,0.0,-1.6011729094796607,180,180,180,180,180,180,180
42.41130256652832,0.005942969377809006,2.1871553406646367,0.2617993877991417,0.0,-1.6011729094796607,180,180,180,180,180,180,180
42.42150282859802,0.005942969377809006,2.1871553406646367,0.2617993877991417,0.0,-1.6011729094796607,180,180,180,180,180,180,180
42.4317045211792,0.006215751082690773,2.1783093232928015,0.2617993877991417,0.0,-1.6013947860310218,180,180,180,180,180,180,180
42.44475078582764,0.006215751082690773,2.1783093232928015,0.2617993877991417,0.0,-1.6013947860310218,180,180,180,180,180,180,180
42.454957723617554,0.006215751082690773,2.1783093232928015,0.2617993877991417,0.0,-1.6013947860310218,180,180,180,180,180,180,180
42.46515393257141,0.006482604672877554,2.1697035523393806,0.2617993877991417,0.0,-1.6015285598210653,180,180,180,180,180,180,180
42.47536325454712,0.006482604672877554,2.1697035523393806,0.2617993877991417,0.0,-1.6015285598210653,180,180,180,180,180,180,180
42.48555302619934,0.006482604672877554,2.1697035523393806,0.2617993877991417,0.0,-1.6015285598210653,180,180,180,180,180,180,180
42.49819087982178,0.006482604672877554,2.1697035523393806,0.2617993877991417,0.0,-1.6015285598210653,180,180,180,180,180,180,180
42.50855588912964,0.0067484398741232965,2.1610898161355534,0.2617993877991417,0.0,-1.6016723810401812,180,180,180,180,180,180,180
42.51883363723755,0.0067484398741232965,2.1610898161355534,0.2617993877991417,0.0,-1.6016723810401812,180,180,180,180,180,180,180
42.52906847000122,0.007024185682262934,2.152204912951132,0.2617993877991417,0.0,-1.6018149105095876,180,180,180,180,180,180,180
42.54524278640747,0.007024185682262934,2.152204912951132,0.2617993877991417,0.0,-1.6018149105095876,180,180,180,180,180,180,180
42.555445194244385,0.007024185682262934,2.152204912951132,0.2617993877991417,0.0,-1.6018149105095876,180,180,180,180,180,180,180
42.56564807891846,0.007293440374819833,2.143568972795263,0.2617993877991417,0.0,-1.60193765150966,180,180,180,180,180,180,180
42.57583427429199,0.007293440374819833,2.143568972795263,0.2617993877991417,0.0,-1.60193765150966,180,180,180,180,180,180,180
42.58602571487427,0.007293440374819833,2.143568972795263,0.2617993877991417,0.0,-1.60193765150966,180,180,180,180,180,180,180
42.599687337875366,0.007563695175819594,2.134922278480344,0.2617993877991417,0.0,-1.6020484403451987,180,180,180,180,180,180,180
42.60990524291992,0.007563695175819594,2.134922278480344,0.2617993877991417,0.0,-1.6020484403451987,180,180,180,180,180,180,180
42.62012434005737,0.007563695175819594,2.134922278480344,0.2617993877991417,0.0,-1.6020484403451987,180,180,180,180,180,180,180
42.63039755821228,0.007843020937739127,2.126005891191496,0.2617993877991417,0.0,-1.602142629414999,180,180,180,180,180,180,180
42.64636182785034,0.007843020937739127,2.126005891191496,0.2617993877991417,0.0,-1.602142629414999,180,180,180,180,180,180,180
42.65656638145447,0.007843020937739127,2.126005891191496,0.2617993877991417,0.0,-1.602142629414999,180,180,180,180,180,180,180
42.666749238967896,0.00811360727761546,2.1173508931365648,0.2617993877991417,0.0,-1.6021700611923462,180,180,180,180,180,180,180
42.67700695991516,0.00811360727761546,2.1173508931365648,0.2617993877991417,0.0,-1.6021700611923462,180,180,180,180,180,180,180
42.69485950469971,0.00838786703871428,2.108696811897211,0.2617993877991417,0.0,-1.6021205456119512,180,180,180,180,180,180,180
42.705078125,0.00838786703871428,2.108696811897211,0.2617993877991417,0.0,-1.6021205456119512,180,180,180,180,180,180,180
42.71528649330139,0.00838786703871428,2.108696811897211,0.2617993877991417,0.0,-1.6021205456119512,180,180,180,180,180,180,180
42.72549080848694,0.008667013366763465,2.0997975063237657,0.2617993877991417,0.0,-1.6018801070283348,180,180,180,180,180,180,180
42.73569440841675,0.008667013366763465,2.0997975063237657,0.2617993877991417,0.0,-1.6018801070283348,180,180,180,180,180,180,180
42.747426986694336,0.008667013366763465,2.0997975063237657,0.2617993877991417,0.0,-1.6018801070283348,180,180,180,180,180,180,180
42.75761127471924,0.008667013366763465,2.0997975063237657,0.2617993877991417,0.0,-1.6018801070283348,180,180,180,180,180,180,180
42.76779627799988,0.00893557266545704,2.0911630751282533,0.2617993877991417,0.0,-1.6016773533039967,180,180,180,180,180,180,180
42.77801847457886,0.00893557266545704,2.0911630751282533,0.2617993877991417,0.0,-1.6016773533039967,180,180,180,180,180,180,180
42.788187980651855,0.00893557266545704,2.0911630751282533,0.2617993877991417,0.0,-1.6016773533039967,180,180,180,180,180,180,180
42.7993381023407,0.00920230340029959,2.082541751055479,0.2617993877991417,0.0,-1.601584047396833,180,180,180,180,180,180,180
42.809523582458496,0.00920230340029959,2.082541751055479,0.2617993877991417,0.0,-1.601584047396833,180,180,180,180,180,180,180
42.81972074508667,0.00920230340029959,2.082541751055479,0.2617993877991417,0.0,-1.601584047396833,180,180,180,180,180,180,180
42.82995271682739,0.009478034534514582,2.0736996433689234,0.2617993877991417,0.0,-1.6018378562421296,180,180,180,180,180,180,180
42.85010266304016,0.009478034534514582,2.0736996433689234,0.2617993877991417,0.0,-1.6018378562421296,180,180,180,180,180,180,180
42.86033630371094,0.009748561558580539,2.065089765732915,0.2617993877991417,0.0,-1.601951993310835,180,180,180,180,180,180,180
42.87053036689758,0.009748561558580539,2.065089765732915,0.2617993877991417,0.0,-1.601951993310835,180,180,180,180,180,180,180
42.880735874176025,0.009748561558580539,2.065089765732915,0.2617993877991417,0.0,-1.601951993310835,180,180,180,180,180,180,180
42.89109468460083,0.009748561558580539,2.065089765732915,0.2617993877991417,0.0,-1.601951993310835,180,180,180,180,180,180,180
42.90132427215576,0.009748561558580539,2.065089765732915,0.2617993877991417,0.0,-1.601951993310835,180,180,180,180,180,180,180
42.9115252494812,0.010018093367701777,2.056475003195989,0.2617993877991417,0.0,-1.6020949142392704,180,180,180,180,180,180,180
42.92188549041748,0.010018093367701777,2.056475003195989,0.2617993877991417,0.0,-1.6020949142392704,180,180,180,180,180,180,180
42.93215727806091,0.010297646568813188,2.0475889302055497,0.2617993877991417,0.0,-1.6022364539463834,180,180,180,180,180,180,180
42.94659090042114,0.010297646568813188,2.0475889302055497,0.2617993877991417,0.0,-1.6022364539463834,180,180,180,180,180,180,180
42.956857204437256,0.010297646568813188,2.0475889302055497,0.2617993877991417,0.0,-1.6022364539463834,180,180,180,180,180,180,180
42.96708798408508,0.01057054948607978,2.0389516410986688,0.2617993877991417,0.0,-1.6023571086560422,180,180,180,180,180,180,180
42.977309226989746,0.01057054948607978,2.0389516410986688,0.2617993877991417,0.0,-1.6023571086560422,180,180,180,180,180,180,180
42.987544298172,0.01057054948607978,2.0389516410986688,0.2617993877991417,0.0,-1.6023571086560422,180,180,180,180,180,180,180
42.99775838851929,0.010844423356002787,2.030304006641958,0.2617993877991417,0.0,-1.602466595385769,180,180,180,180,180,180,180
43.007967472076416,0.010844423356002787,2.030304006641958,0.2617993877991417,0.0,-1.602466595385769,180,180,180,180,180,180,180
43.018189430236816,0.010844423356002787,2.030304006641958,0.2617993877991417,0.0,-1.602466595385769,180,180,180,180,180,180,180
43.02910017967224,0.011127445469804933,2.0213873275450704,0.2617993877991417,0.0,-1.6025559465730859,180,180,180,180,180,180,180
43.045937061309814,0.011127445469804933,2.0213873275450704,0.2617993877991417,0.0,-1.6025559465730859,180,180,180,180,180,180,180
43.05624079704285,0.011127445469804933,2.0213873275450704,0.2617993877991417,0.0,-1.6025559465730859,180,180,180,180,180,180,180
43.06644344329834,0.01140151766506992,2.012732571356312,0.2617993877991417,0.0,-1.6025733155008732,180,180,180,180,180,180,180
43.07662844657898,0.01140151766506992,2.012732571356312,0.2617993877991417,0.0,-1.6025733155008732,180,180,180,180,180,180,180
43.08686137199402,0.01140151766506992,2.012732571356312,0.2617993877991417,0.0,-1.6025733155008732,180,180,180,180,180,180,180
43.09718060493469,0.011679049443766036,2.0040795815933414,0.2617993877991417,0.0,-1.6025101447942023,180,180,180,180,180,180,180
43.10739350318909,0.011679049443766036,2.0040795815933414,0.2617993877991417,0.0,-1.6025101447942023,180,180,180,180,180,180,180
43.11762237548828,0.011679049443766036,2.0040795815933414,0.2617993877991417,0.0,-1.6025101447942023,180,180,180,180,180,180,180
43.12782835960388,0.011961881904983256,1.995181198204518,0.2617993877991417,0.0,-1.6022608049562561,180,180,180,180,180,180,180
43.147143602371216,0.011961881904983256,1.995181198204518,0.2617993877991417,0.0,-1.6022608049562561,180,180,180,180,180,180,180
43.15748143196106,0.011961881904983256,1.995181198204518,0.2617993877991417,0.0,-1.6022608049562561,180,180,180,180,180,180,180
43.16769480705261,0.012233395255488345,1.9865484235937667,0.2617993877991417,0.0,-1.602064016126883,180,180,180,180,180,180,180
43.1779248714447,0.012233395255488345,1.9865484235937667,0.2617993877991417,0.0,-1.602064016126883,180,180,180,180,180,180,180
43.195252895355225,0.012504690009500332,1.9779298561537082,0.2617993877991417,0.0,-1.6019971685555838,180,180,180,180,180,180,180
43.205522537231445,0.012504690009500332,1.9779298561537082,0.2617993877991417,0.0,-1.6019971685555838,180,180,180,180,180,180,180
43.21576523780823,0.012504690009500332,1.9779298561537082,0.2617993877991417,0.0,-1.6019971685555838,180,180,180,180,180,180,180
43.22599244117737,0.012504690009500332,1.9779298561537082,0.2617993877991417,0.0,-1.6019971685555838,180,180,180,180,180,180,180
43.23620867729187,0.012783327450827156,1.9690897567606434,0.2617993877991417,-0.06981317007977111,-1.6022696777641074,180,180,180,180,180,180,180
43.249491691589355,0.012783327450827156,1.9690897567606434,0.2617993877991417,-0.08726646259971389,-1.6022696777641074,180,180,180,180,180,180,180
43.2597074508667,0.013057388330758563,1.9604771089928121,0.2617993877991417,-0.08726646259971389,-1.602373319920434,180,180,180,180,180,180,180
43.269877910614014,0.013057388330758563,1.9604771089928121,0.2617993877991417,-0.12217304763959944,-1.602373319920434,180,180,180,180,180,180,180
43.28011155128479,0.013057388330758563,1.9604771089928121,0.2617993877991417,-0.12217304763959944,-1.602373319920434,180,180,180,180,180,180,180
43.29777812957764,0.013057388330758563,1.9604771089928121,0.2617993877991417,-0.157079632679485,-1.602373319920434,180,180,180,180,180,180,180
43.30797362327576,0.013320849300550457,1.9518881844433915,0.2617993877991417,-0.19198621771937055,-1.5997594466314162,180,180,180,180,180,180,180
43.31816792488098,0.013320849300550457,1.9518881844433915,0.2617993877991417,-0.19198621771937055,-1.5997594466314162,180,180,180,180,180,180,180
43.328394174575806,0.013320849300550457,1.9518881844433915,0.2617993877991417,-0.19198621771937055,-1.5997594466314162,180,180,180,180,180,180,180
43.3386595249176,0.013559013337697011,1.9429666444537843,0.2617993877991417,-0.19198621771937055,-1.5947373707568893,180,180,180,180,180,180,180
43.354265213012695,0.013559013337697011,1.9429666444537843,0.2617993877991417,-0.19198621771937055,-1.5947373707568893,180,180,180,180,180,180,180
43.364479780197144,0.01374260519565722,1.9342765028989066,0.2617993877991417,-0.19198621771937055,-1.5886289258560937,180,180,180,180,180,180,180
43.37466478347778,0.01374260519565722,1.9342765028989066,0.2617993877991417,-0.06981317007977111,-1.5886289258560937,180,180,180,180,180,180,180
43.38490843772888,0.01374260519565722,1.9342765028989066,0.2617993877991417,-0.06981317007977111,-1.5886289258560937,180,180,180,180,180,180,180
43.401341915130615,0.01374260519565722,1.9342765028989066,0.2617993877991417,0.0,-1.5886289258560937,180,180,180,180,180,180,180
43.41166591644287,0.013872218480785278,1.9255714671563817,0.2617993877991417,0.0,-1.5824318012061351,180,180,180,180,180,180,180
43.421876668930054,0.013872218480785278,1.9255714671563817,0.2617993877991417,0.0,-1.5824318012061351,180,180,180,180,180,180,180
43.43206524848938,0.013963376223090575,1.9166952684281207,0.2617993877991417,0.0,-1.5808356924678197,180,180,180,180,180,180,180
43.442360162734985,0.013963376223090575,1.9166952684281207,0.2617993877991417,0.0,-1.5808356924678197,180,180,180,180,180,180,180
43.45607137680054,0.013963376223090575,1.9166952684281207,0.2617993877991417,0.0,-1.5808356924678197,180,180,180,180,180,180,180
43.46635818481445,0.014049107270628398,1.9080319114210282,0.2617993877991417,0.0,-1.580908902495826,180,180,180,180,180,180,180
43.47655177116394,0.014049107270628398,1.9080319114210282,0.2617993877991417,0.0,-1.580908902495826,180,180,180,180,180,180,180
43.4868061542511,0.014049107270628398,1.9080319114210282,0.2617993877991417,0.0,-1.580908902495826,180,180,180,180,180,180,180
43.49831962585449,0.014137982020372598,1.8993677282606254,0.2617993877991417,0.0,-1.5808602171714023,180,180,180,180,180,180,180
43.50854468345642,0.014137982020372598,1.8993677282606254,0.2617993877991417,0.0,-1.5808602171714023,180,180,180,180,180,180,180
43.518738985061646,0.014137982020372598,1.8993677282606254,0.2617993877991417,0.0,-1.5808602171714023,180,180,180,180,180,180,180
43.52922558784485,0.01422780893132895,1.8904603094028944,0.2617993877991417,0.0,-1.5806455222105715,180,180,180,180,180,180,180
43.545074224472046,0.01422780893132895,1.8904603094028944,0.2617993877991417,0.0,-1.5806455222105715,180,180,180,180,180,180,180
43.5552818775177,0.01422780893132895,1.8904603094028944,0.2617993877991417,0.0,-1.5806455222105715,180,180,180,180,180,180,180
43.565454959869385,0.014312109198669423,1.881828726376988,0.2617993877991417,0.0,-1.580480992706287,180,180,180,180,180,180,180
43.57562589645386,0.014312109198669423,1.881828726376988,0.2617993877991417,0.0,-1.580480992706287,180,180,180,180,180,180,180
43.585824966430664,0.014312109198669423,1.881828726376988,0.2617993877991417,0.0,-1.580480992706287,180,180,180,180,180,180,180
43.596330404281616,0.014398878200084425,1.873227821287979,0.2617993877991417,0.0,-1.5805566646676514,180,180,180,180,180,180,180
43.60650110244751,0.014398878200084425,1.873227821287979,0.2617993877991417,0.0,-1.5805566646676514,180,180,180,180,180,180,180
43.616676568984985,0.014398878200084425,1.873227821287979,0.2617993877991417,0.0,-1.5805566646676514,180,180,180,180,180,180,180
43.62687373161316,0.014488068648460986,1.8643752575734416,0.2617993877991417,0.0,-1.5807417940134607,180,180,180,180,180,180,180
43.63706922531128,0.014488068648460986,1.8643752575734416,0.2617993877991417,0.0,-1.5807417940134607,180,180,180,180,180,180,180
43.64726972579956,0.014488068648460986,1.8643752575734416,0.2617993877991417,0.0,-1.5807417940134607,180,180,180,180,180,180,180
43.65744662284851,0.014488068648460986,1.8643752575734416,0.2617993877991417,0.0,-1.5807417940134607,180,180,180,180,180,180,180
43.6676344871521,0.014575700227191674,1.8557610361280672,0.2617993877991417,0.0,-1.5808512082984458,180,180,180,180,180,180,180
43.677886724472046,0.014575700227191674,1.8557610361280672,0.2617993877991417,0.0,-1.5808512082984458,180,180,180,180,180,180,180
43.6957323551178,0.014575700227191674,1.8557610361280672,0.2617993877991417,0.0,-1.5808512082984458,180,180,180,180,180,180,180
43.706140995025635,0.014663682674313007,1.8471398564709325,0.2617993877991417,0.0,-1.5809705133677106,180,180,180,180,180,180,180
43.716317653656006,0.014663682674313007,1.8471398564709325,0.2617993877991417,0.0,-1.5809705133677106,180,180,180,180,180,180,180
43.72652888298035,0.014755597790898203,1.8382457463057653,0.2617993877991417,0.0,-1.5810811229849524,180,180,180,180,180,180,180
43.73675060272217,0.014755597790898203,1.8382457463057653,0.2617993877991417,0.0,-1.5810811229849524,180,180,180,180,180,180,180
43.74759531021118,0.014755597790898203,1.8382457463057653,0.2617993877991417,0.0,-1.5810811229849524,180,180,180,180,180,180,180
43.75776219367981,0.014755597790898203,1.8382457463057653,0.2617993877991417,0.0,-1.5810811229849524,180,180,180,180,180,180,180
43.76795268058777,0.014845553377613728,1.8296014970689385,0.2617993877991417,0.0,-1.581174807162955,180,180,180,180,180,180,180
43.7787139415741,0.014845553377613728,1.8296014970689385,0.2617993877991417,0.0,-1.581174807162955,180,180,180,180,180,180,180
43.795735120773315,0.014936125285316706,1.8209470672582762,0.2617993877991417,0.0,-1.5812640976119676,180,180,180,180,180,180,180
43.805952310562134,0.014936125285316706,1.8209470672582762,0.2617993877991417,0.0,-1.5812640976119676,180,180,180,180,180,180,180
43.81613564491272,0.014936125285316706,1.8209470672582762,0.2617993877991417,0.0,-1.5812640976119676,180,180,180,180,180,180,180
43.826343297958374,0.015029973237710586,1.812022822669452,0.2617993877991417,0.0,-1.5813378112357273,180,180,180,180,180,180,180
43.83654761314392,0.015029973237710586,1.812022822669452,0.2617993877991417,0.0,-1.5813378112357273,180,180,180,180,180,180,180
43.84675216674805,0.015029973237710586,1.812022822669452,0.2617993877991417,0.0,-1.5813378112357273,180,180,180,180,180,180,180
43.85692477226257,0.015029973237710586,1.812022822669452,0.2617993877991417,0.0,-1.5813378112357273,180,180,180,180,180,180,180
43.86711287498474,0.015120129728855505,1.8033600356100687,0.2617993877991417,0.0,-1.5813412646967322,180,180,180,180,180,180,180
43.87738513946533,0.015120129728855505,1.8033600356100687,0.2617993877991417,0.0,-1.5813412646967322,180,180,180,180,180,180,180
43.8876211643219,0.015120129728855505,1.8033600356100687,0.2617993877991417,0.0,-1.5813412646967322,180,180,180,180,180,180,180
43.89783501625061,0.015213344199543186,1.7946978510757639,0.2617993877991417,0.0,-1.5812725383357098,180,180,180,180,180,180,180
43.90800619125366,0.015213344199543186,1.7946978510757639,0.2617993877991417,0.0,-1.5812725383357098,180,180,180,180,180,180,180
43.91817378997803,0.015213344199543186,1.7946978510757639,0.2617993877991417,0.0,-1.5812725383357098,180,180,180,180,180,180,180
43.928340911865234,0.015306985044308698,1.7857933511315285,0.2617993877991417,0.0,-1.5810455226927904,180,180,180,180,180,180,180
43.9385404586792,0.015306985044308698,1.7857933511315285,0.2617993877991417,0.0,-1.5810455226927904,180,180,180,180,180,180,180
43.951308488845825,0.015306985044308698,1.7857933511315285,0.2617993877991417,0.0,-1.5810455226927904,180,180,180,180,180,180,180
43.96153926849365,0.01539475392873045,1.777163714898501,0.2617993877991417,0.0,-1.5808928905051316,180,180,180,180,180,180,180
43.971713066101074,0.01539475392873045,1.777163714898501,0.2617993877991417,0.0,-1.5808928905051316,180,180,180,180,180,180,180
43.98188829421997,0.01539475392873045,1.777163714898501,0.2617993877991417,0.0,-1.5808928905051316,180,180,180,180,180,180,180
43.99505639076233,0.015485356610135094,1.7685689107069589,0.2617993877991417,0.0,-1.5810181705014024,180,180,180,180,180,180,180
44.005284547805786,0.015485356610135094,1.7685689107069589,0.2617993877991417,0.0,-1.5810181705014024,180,180,180,180,180,180,180
44.015445947647095,0.015485356610135094,1.7685689107069589,0.2617993877991417,0.0,-1.5810181705014024,180,180,180,180,180,180,180
44.0256290435791,0.015579152285819409,1.7597100983543146,0.2617993877991417,0.0,-1.5811703588657204,180,180,180,180,180,180,180
44.035805225372314,0.015579152285819409,1.7597100983543146,0.2617993877991417,0.0,-1.5811703588657204,180,180,180,180,180,180,180
44.04749536514282,0.015579152285819409,1.7597100983543146,0.2617993877991417,0.0,-1.5811703588657204,180,180,180,180,180,180,180
44.05768275260925,0.015579152285819409,1.7597100983543146,0.2617993877991417,0.0,-1.5811703588657204,180,180,180,180,180,180,180
44.067856788635254,0.01566994777780343,1.7510964941451685,0.2617993877991417,0.0,-1.5812897339523202,180,180,180,180,180,180,180
44.07804298400879,0.01566994777780343,1.7510964941451685,0.2617993877991417,0.0,-1.5812897339523202,180,180,180,180,180,180,180
44.094536542892456,0.015761706908716103,1.7424741403416495,0.2617993877991417,0.0,-1.5814083391855063,180,180,180,180,180,180,180
44.104755878448486,0.015761706908716103,1.7424741403416495,0.2617993877991417,0.0,-1.5814083391855063,180,180,180,180,180,180,180
44.11493945121765,0.015761706908716103,1.7424741403416495,0.2617993877991417,0.0,-1.5814083391855063,180,180,180,180,180,180,180
44.12518525123596,0.015857511346043057,1.7335785188942456,0.2617993877991417,0.0,-1.5815167965270236,180,180,180,180,180,180,180
44.135361194610596,0.015857511346043057,1.7335785188942456,0.2617993877991417,0.0,-1.5815167965270236,180,180,180,180,180,180,180
44.146098613739014,0.015857511346043057,1.7335785188942456,0.2617993877991417,0.0,-1.5815167965270236,180,180,180,180,180,180,180
44.15628218650818,0.015857511346043057,1.7335785188942456,0.2617993877991417,0.0,-1.5815167965270236,180,180,180,180,180,180,180
44.166457653045654,0.015951216273998738,1.7249330198279715,0.2617993877991417,0.0,-1.581610266451042,180,180,180,180,180,180,180
44.1766574382782,0.015951216273998738,1.7249330198279715,0.2617993877991417,-0.05235987755982833,-1.581610266451042,180,180,180,180,180,180,180
44.195146560668945,0.016045532049760936,1.7162774913324979,0.2617993877991417,-0.05235987755982833,-1.5816981503099272,180,180,180,180,180,180,180
44.20537519454956,0.016045532049760936,1.7162774913324979,0.2617993877991417,-0.10471975511965666,-1.5816981503099272,180,180,180,180,180,180,180
44.215558767318726,0.016045532049760936,1.7162774913324979,0.2617993877991417,-0.10471975511965666,-1.5816981503099272,180,180,180,180,180,180,180
44.225756883621216,0.016135966165970364,1.7073288933780426,0.2617993877991417,-0.12217304763959944,-1.5796830221124623,180,180,180,180,180,180,180
44.23594641685486,0.016135966165970364,1.7073288933780426,0.2617993877991417,-0.12217304763959944,-1.5796830221124623,180,180,180,180,180,180,180
44.24615216255188,0.016135966165970364,1.7073288933780426,0.2617993877991417,-0.13962634015954223,-1.5796830221124623,180,180,180,180,180,180,180
44.25631546974182,0.016135966165970364,1.7073288933780426,0.2617993877991417,-0.13962634015954223,-1.5796830221124623,180,180,180,180,180,180,180
44.26647353172302,0.016197600311360437,1.6986191953506944,0.2617993877991417,-0.13962634015954223,-1.5758698547990408,180,180,180,180,180,180,180
44.2767550945282,0.016197600311360437,1.6986191953506944,0.2617993877991417,-0.13962634015954223,-1.5758698547990408,180,180,180,180,180,180,180
44.28697967529297,0.016197600311360437,1.6986191953506944,0.2617993877991417,-0.10471975511965666,-1.5758698547990408,180,180,180,180,180,180,180
44.306934118270874,0.016225604083277136,1.689908551743426,0.2617993877991417,-0.06981317007977111,-1.5712894330508547,180,180,180,180,180,180,180
44.31712484359741,0.016225604083277136,1.689908551743426,0.2617993877991417,-0.05235987755982833,-1.5712894330508547,180,180,180,180,180,130,180
44.327335596084595,0.016210825859400993,1.6809804454951567,0.2617993877991417,-0.05235987755982833,-1.5673867383225077,180,180,180,180,180,130,180
44.3454053401947,0.016210825859400993,1.6809804454951567,0.2617993877991417,-0.05235987755982833,-1.5673867383225077,180,180,180,180,180,130,180
44.35558223724365,0.016210825859400993,1.6809804454951567,0.2617993877991417,0.0,-1.5673867383225077,180,180,180,180,180,130,180
44.36575627326965,0.01616850963520405,1.6723149345346935,0.2617993877991417,0.0,-1.565008118124839,180,180,180,180,180,180,180
44.37594509124756,0.01616850963520405,1.6723149345346935,0.2617993877991417,0.0,-1.565008118124839,180,180,180,180,180,180,180
44.386154890060425,0.01616850963520405,1.6723149345346935,0.2617993877991417,0.0,-1.565008118124839,180,180,180,180,180,180,180
44.396326780319214,0.01611811950072703,1.6636501856501524,0.2617993877991417,0.0,-1.5644288271028077,180,180,180,180,180,180,180
44.4064884185791,0.01611811950072703,1.6636501856501524,0.2617993877991417,0.0,-1.5644288271028077,180,180,180,180,180,180,180
44.416680335998535,0.01611811950072703,1.6636501856501524,0.2617993877991417,0.0,-1.5644288271028077,180,180,180,180,180,180,180
44.426859855651855,0.016063322604932855,1.6547834970517246,0.2617993877991417,0.0,-1.5645229947958654,180,180,180,180,180,180,180
44.43702840805054,0.016063322604932855,1.6547834970517246,0.2617993877991417,0.0,-1.5645229947958654,180,180,180,180,180,180,180
44.44723582267761,0.016063322604932855,1.6547834970517246,0.2617993877991417,0.0,-1.5645229947958654,180,180,180,180,180,180,180
44.45740485191345,0.016063322604932855,1.6547834970517246,0.2617993877991417,0.0,-1.5645229947958654,180,180,180,180,180,180,180
44.46758270263672,0.01601051695515326,1.646166467944918,0.2617993877991417,0.0,-1.564599405015898,180,180,180,180,180,180,180
44.47780203819275,0.01601051695515326,1.646166467944918,0.2617993877991417,0.0,-1.564599405015898,180,180,180,180,180,180,180
44.496604919433594,0.01601051695515326,1.646166467944918,0.2617993877991417,0.0,-1.564599405015898,180,180,180,180,180,180,180
44.50678277015686,0.015958398572790924,1.6375397071708473,0.2617993877991417,0.0,-1.5646707265863575,180,180,180,180,180,180,180
44.51695966720581,0.015958398572790924,1.6375397071708473,0.2617993877991417,0.0,-1.5646707265863575,180,180,180,180,180,180,180
44.52728509902954,0.015905115677955918,1.6286408134469503,0.2617993877991417,0.0,-1.5647397075997447,180,180,180,180,180,180,180
44.54583501815796,0.015905115677955918,1.6286408134469503,0.2617993877991417,0.0,-1.5647397075997447,180,180,180,180,180,180,180
44.55614185333252,0.015905115677955918,1.6286408134469503,0.2617993877991417,0.0,-1.5647397075997447,180,180,180,180,180,180,180
44.56635355949402,0.015853779960598623,1.6199938316424247,0.2617993877991417,0.0,-1.5648024130501632,180,180,180,180,180,180,180
44.57680630683899,0.015853779960598623,1.6199938316424247,0.2617993877991417,0.0,-1.5648024130501632,180,180,180,180,180,180,180
44.587005615234375,0.015853779960598623,1.6199938316424247,0.2617993877991417,0.0,-1.5648024130501632,180,180,180,180,180,180,180
44.59722924232483,0.015802660421998127,1.6113374692157612,0.2617993877991417,0.0,-1.5648566924809062,180,180,180,180,180,180,180
44.60745620727539,0.015802660421998127,1.6113374692157612,0.2617993877991417,0.0,-1.5648566924809062,180,180,180,180,180,180,180
44.617674827575684,0.015802660421998127,1.6113374692157612,0.2617993877991417,0.0,-1.5648566924809062,180,180,180,180,180,180,180
44.62790584564209,0.015750069889986607,1.6024118351416754,0.2617993877991417,0.0,-1.5648842656635973,180,180,180,180,180,180,180
44.64602327346802,0.015750069889986607,1.6024118351416754,0.2617993877991417,0.0,-1.5648842656635973,180,180,180,180,180,180,180
44.656270027160645,0.015750069889986607,1.6024118351416754,0.2617993877991417,0.0,-1.5648842656635973,180,180,180,180,180,180,180
44.66647386550903,0.015697884048544365,1.5937498538328683,0.2617993877991417,0.0,-1.564824281400238,180,180,180,180,180,180,180
44.67669177055359,0.015697884048544365,1.5937498538328683,0.2617993877991417,0.0,-1.564824281400238,180,180,180,180,180,180,180
44.686914920806885,0.015697884048544365,1.5937498538328683,0.2617993877991417,0.0,-1.564824281400238,180,180,180,180,180,180,180
44.702510833740234,0.015697884048544365,1.5937498538328683,0.2617993877991417,0.0,-1.564824281400238,180,180,180,180,180,180,180
44.71283197402954,0.015647458563770852,1.585103727356659,0.2617993877991417,0.0,-1.5645813763685135,180,180,180,180,180,180,180
44.72302317619324,0.015647458563770852,1.585103727356659,0.2617993877991417,0.0,-1.5645813763685135,180,180,180,180,180,180,180
44.733234882354736,0.015592096041926367,1.576214117561567,0.2617993877991417,0.0,-1.564268590320648,180,180,180,180,180,180,180
44.74511766433716,0.015592096041926367,1.576214117561567,0.2617993877991417,0.0,-1.564268590320648,180,180,180,180,180,180,180
44.75531530380249,0.015592096041926367,1.576214117561567,0.2617993877991417,0.0,-1.564268590320648,180,180,180,180,180,180,180
44.7655086517334,0.015542824767316568,1.5675791420070995,0.2617993877991417,0.0,-1.564091548877618,180,180,180,180,180,180,180
44.77573347091675,0.015542824767316568,1.5675791420070995,0.2617993877991417,0.05235987755982833,-1.564091548877618,180,180,180,180,180,180,180
44.78593063354492,0.015542824767316568,1.5675791420070995,0.2617993877991417,0.05235987755982833,-1.564091548877618,180,180,180,180,180,180,180
44.7976291179657,0.015542824767316568,1.5675791420070995,0.2617993877991417,0.06981317007977111,-1.564091548877618,180,180,180,180,180,180,180
44.807969093322754,0.015484665040650403,1.5589596146479305,0.2617993877991417,0.06981317007977111,-1.5640481289505497,180,180,180,180,180,180,180
44.81822443008423,0.015484665040650403,1.5589596146479305,0.2617993877991417,0.06981317007977111,-1.5640481289505497,180,180,180,180,180,180,180
44.82847452163696,0.015433455981562195,1.550095036848153,0.2617993877991417,0.08726646259971389,-1.5661078891515174,180,180,180,180,180,180,180
44.83871269226074,0.015433455981562195,1.550095036848153,0.2617993877991417,0.08726646259971389,-1.5661078891515174,180,180,180,180,180,180,180
44.84891676902771,0.015433455981562195,1.550095036848153,0.2617993877991417,0.08726646259971389,-1.5661078891515174,180,180,180,180,180,180,180
44.859110832214355,0.01540600750731216,1.5415013499452839,0.2617993877991417,0.08726646259971389,-1.5690469793446504,180,180,180,180,180,180,180
44.86931753158569,0.01540600750731216,1.5415013499452839,0.2617993877991417,0.08726646259971389,-1.5690469793446504,180,180,180,180,180,180,180
44.87957310676575,0.01540600750731216,1.5415013499452839,0.2617993877991417,0.08726646259971389,-1.5690469793446504,180,180,180,180,180,180,180
44.89570999145508,0.015404373327921148,1.5328980182400438,0.2617993877991417,0.06981317007977111,-1.5720135171498975,180,180,180,180,180,180,180
44.9059522151947,0.015404373327921148,1.5328980182400438,0.2617993877991417,0.05235987755982833,-1.5720135171498975,180,180,180,180,180,180,180
44.916178941726685,0.015404373327921148,1.5328980182400438,0.2617993877991417,0.0,-1.5720135171498975,180,180,180,180,180,180,180
44.92638897895813,0.015426919607175833,1.52401629146163,0.2617993877991417,0.0,-1.574490981000973,180,180,180,180,180,180,180
44.93659782409668,0.015426919607175833,1.52401629146163,0.2617993877991417,0.0,-1.574490981000973,180,180,180,180,180,180,180
44.94953417778015,0.015426919607175833,1.52401629146163,0.2617993877991417,0.0,-1.574490981000973,180,180,180,180,180,180,180
44.959731340408325,0.015458054908330604,1.51538481444883,0.2617993877991417,0.0,-1.5737395558537384,180,180,180,180,180,180,180
44.96992063522339,0.015458054908330604,1.51538481444883,0.2617993877991417,0.0,-1.5737395558537384,180,180,180,180,180,180,180
44.98047852516174,0.015458054908330604,1.51538481444883,0.2617993877991417,0.0,-1.5737395558537384,180,180,190,180,180,180,180
44.99595856666565,0.015483263508789579,1.506730596803156,0.2617993877991417,0.0,-1.573738653349413,180,180,190,180,180,180,180
45.00617432594299,0.015483263508789579,1.506730596803156,0.2617993877991417,0.0,-1.573738653349413,180,180,190,180,180,180,180
45.01641035079956,0.015483263508789579,1.506730596803156,0.2617993877991417,0.0,-1.573738653349413,180,180,190,180,180,180,180
45.026615142822266,0.015509765009160686,1.4978040632572676,0.2617993877991417,0.0,-1.5737937461973115,180,180,190,180,180,180,180
45.03682231903076,0.015509765009160686,1.4978040632572676,0.2617993877991417,0.0,-1.5737937461973115,180,180,190,180,180,180,180
45.05008101463318,0.015509765009160686,1.4978040632572676,0.2617993877991417,0.0,-1.5737937461973115,180,180,190,180,180,180,180
45.06031036376953,0.015534375712964047,1.4891393249879632,0.2617993877991417,0.0,-1.5737668373622877,180,180,190,180,180,180,180
45.07055473327637,0.015534375712964047,1.4891393249879632,0.2617993877991417,0.0,-1.5737668373622877,180,180,180,180,180,180,180
45.080782413482666,0.015534375712964047,1.4891393249879632,0.2617993877991417,0.0,-1.5737668373622877,180,180,180,180,180,180,180
45.090983867645264,0.015534375712964047,1.4891393249879632,0.2617993877991417,0.0,-1.5737668373622877,180,180,180,180,180,180,180
45.101197481155396,0.015561643653531847,1.4804772874395795,0.2617993877991417,0.0,-1.573667416366114,180,180,180,180,180,180,180
45.11142182350159,0.015561643653531847,1.4804772874395795,0.2617993877991417,0.0,-1.573667416366114,180,180,180,180,180,180,180
45.121615171432495,0.015561643653531847,1.4804772874395795,0.2617993877991417,0.0,-1.573667416366114,180,180,180,180,180,180,180
45.13181209564209,0.015587428490323532,1.471578431920298,0.2617993877991417,0.0,-1.5734566981438307,180,180,180,180,180,180,180
45.148199796676636,0.015587428490323532,1.471578431920298,0.2617993877991417,0.0,-1.5734566981438307,180,180,180,180,180,180,180
45.15841579437256,0.015613045595285162,1.4629592640130125,0.2617993877991417,0.0,-1.5733776431284214,180,180,180,180,180,180,180
45.168631076812744,0.015613045595285162,1.4629592640130125,0.2617993877991417,0.0,-1.5733776431284214,180,180,180,180,180,180,180
45.17887902259827,0.015613045595285162,1.4629592640130125,0.2617993877991417,0.0,-1.5733776431284214,180,190,180,180,180,180,180
45.196139097213745,0.015613045595285162,1.4629592640130125,0.2617993877991417,0.0,-1.5733776431284214,180,190,180,180,180,180,180
45.20648145675659,0.015637919809162782,1.4543689543705178,0.2617993877991417,0.0,-1.5735268662261281,180,190,180,180,180,180,180
45.21670603752136,0.015637919809162782,1.4543689543705178,0.2617993877991417,0.0,-1.5735268662261281,180,190,180,180,180,180,180
45.226898431777954,0.015663778377716767,1.445494483972861,0.2617993877991417,0.0,-1.5736104083347626,180,190,180,180,180,180,180
45.246084451675415,0.015663778377716767,1.445494483972861,0.2617993877991417,0.0,-1.5736104083347626,180,190,180,180,180,180,180
45.25638031959534,0.015663778377716767,1.445494483972861,0.2617993877991417,0.0,-1.5736104083347626,180,190,180,180,180,180,180
45.26659870147705,0.015689250066244484,1.4368775929035351,0.2617993877991417,0.0,-1.5737252234598247,180,180,180,180,180,180,180
45.27681827545166,0.015689250066244484,1.4368775929035351,0.2617993877991417,0.0,-1.5737252234598247,180,180,180,180,180,180,180
45.29497718811035,0.015715841258508896,1.428250770538684,0.2617993877991417,0.0,-1.5738330265058682,180,180,180,180,180,180,180
45.3051815032959,0.015715841258508896,1.428250770538684,0.2617993877991417,0.0,-1.5738330265058682,180,180,180,180,180,180,180
45.315383434295654,0.015715841258508896,1.428250770538684,0.2617993877991417,0.0,-1.5738330265058682,180,180,180,180,180,180,180
45.325562477111816,0.015744175017364293,1.4193498800533977,0.2617993877991417,0.0,-1.5739267797565837,180,180,180,180,180,180,180
45.33574604988098,0.015744175017364293,1.4193498800533977,0.2617993877991417,0.0,-1.5739267797565837,180,180,180,180,180,180,180
45.34938025474548,0.015744175017364293,1.4193498800533977,0.2617993877991417,0.0,-1.5739267797565837,180,180,180,180,180,180,180
45.35961890220642,0.01577214568785881,1.410700032845,0.2617993877991417,0.0,-1.574013994309247,180,180,180,180,180,180,180
45.36983513832092,0.01577214568785881,1.410700032845,0.2617993877991417,0.0,-1.574013994309247,180,180,180,180,180,180,180
45.3800585269928,0.01577214568785881,1.410700032845,0.2617993877991417,0.0,-1.574013994309247,180,190,190,180,180,180,180
45.39506673812866,0.01577214568785881,1.410700032845,0.2617993877991417,0.0,-1.574013994309247,180,190,190,180,180,180,180
45.405322551727295,0.015800604228944325,1.4020405242996696,0.2617993877991417,0.0,-1.5740936621798218,180,190,190,180,180,180,180
45.41553711891174,0.015800604228944325,1.4020405242996696,0.2617993877991417,0.0,-1.5740936621798218,180,180,190,180,180,180,180
45.42575025558472,0.015800604228944325,1.4020405242996696,0.2617993877991417,0.0,-1.5740936621798218,180,180,190,180,180,180,180
45.43594312667847,0.015830141648927362,1.3931136299598146,0.2617993877991417,0.0,-1.574142797599766,180,180,190,180,180,180,180
45.450098752975464,0.015830141648927362,1.3931136299598146,0.2617993877991417,0.0,-1.574142797599766,180,180,190,180,180,180,180
45.46033215522766,0.01585799983998348,1.3844488202651821,0.2617993877991417,0.0,-1.5741087687742932,180,180,190,180,180,180,180
45.47052478790283,0.01585799983998348,1.3844488202651821,0.2617993877991417,0.0,-1.5741087687742932,180,180,180,180,180,180,180
45.48072028160095,0.01585799983998348,1.3844488202651821,0.2617993877991417,0.0,-1.5741087687742932,180,180,180,180,180,180,180
45.49532508850098,0.01585799983998348,1.3844488202651821,0.2617993877991417,0.0,-1.5741087687742932,180,180,180,180,180,180,180
45.5057168006897,0.01588807350783841,1.3757887892272207,0.2617993877991417,0.0,-1.5739932893647817,180,180,180,180,180,180,180
45.51600241661072,0.01588807350783841,1.3757887892272207,0.2617993877991417,0.0,-1.5739932893647817,180,180,180,180,180,180,180
45.52621793746948,0.01591649023312268,1.3668919880734804,0.2617993877991417,0.0,-1.573788231472777,180,180,180,180,180,180,180
45.536456823349,0.01591649023312268,1.3668919880734804,0.2617993877991417,0.0,-1.573788231472777,180,180,180,180,180,180,180
45.54704737663269,0.01591649023312268,1.3668919880734804,0.2617993877991417,0.0,-1.573788231472777,180,180,180,180,180,180,180
45.557257652282715,0.01591649023312268,1.3668919880734804,0.2617993877991417,0.0,-1.573788231472777,180,180,180,180,180,180,180
45.56748414039612,0.01594535568389622,1.3582770346583486,0.2617993877991417,0.0,-1.5737416565196087,180,180,180,180,180,180,180
45.577720642089844,0.01594535568389622,1.3582770346583486,0.2617993877991417,0.0,-1.5737416565196087,180,180,180,180,180,180,180
45.58799481391907,0.01594535568389622,1.3582770346583486,0.2617993877991417,0.0,-1.5737416565196087,180,180,180,180,180,180,180
45.598207235336304,0.01597216246089738,1.3496860682873095,0.2617993877991417,0.0,-1.5738956906270585,180,180,180,180,180,180,180
45.608399868011475,0.01597216246089738,1.3496860682873095,0.2617993877991417,0.0,-1.5738956906270585,180,180,180,180,180,180,180
45.61861324310303,0.01597216246089738,1.3496860682873095,0.2617993877991417,0.0,-1.5738956906270585,180,180,180,180,180,180,180
45.628825187683105,0.016002177996223853,1.3408110664746344,0.2617993877991417,0.0,-1.5739811786201285,180,180,180,180,180,180,180
45.647597312927246,0.016002177996223853,1.3408110664746344,0.2617993877991417,0.0,-1.5739811786201285,180,180,180,180,180,180,180
45.65783905982971,0.016030944054432488,1.332193082820026,0.2617993877991417,0.0,-1.5740950005381988,180,180,180,180,180,180,180
45.66803550720215,0.016030944054432488,1.332193082820026,0.2617993877991417,0.0,-1.5740950005381988,180,180,180,180,180,180,180
45.678264141082764,0.016030944054432488,1.332193082820026,0.2617993877991417,0.0,-1.5740950005381988,180,180,180,180,180,180,180
45.6956148147583,0.016030944054432488,1.332193082820026,0.2617993877991417,0.0,-1.5740950005381988,180,180,180,180,180,180,180
45.70592021942139,0.016060753063583778,1.3235648001421327,0.2617993877991417,0.0,-1.574200677628371,180,180,180,180,180,180,180
45.7161226272583,0.016060753063583778,1.3235648001421327,0.2617993877991417,0.0,-1.574200677628371,180,180,180,180,180,180,180
45.726327896118164,0.016092295733879117,1.3146625469415765,0.2617993877991417,0.0,-1.5742926383497524,180,180,180,180,180,180,180
45.7365345954895,0.016092295733879117,1.3146625469415765,0.2617993877991417,0.0,-1.5742926383497524,180,180,180,180,180,180,180
45.74764680862427,0.016092295733879117,1.3146625469415765,0.2617993877991417,0.0,-1.5742926383497524,180,180,180,180,180,180,180
45.75784349441528,0.016092295733879117,1.3146625469415765,0.2617993877991417,0.0,-1.5742926383497524,180,180,180,180,180,180,180
45.76799416542053,0.01612339702191202,1.3060114384160035,0.2617993877991417,0.0,-1.574379297742464,180,180,180,180,180,180,180
45.77822971343994,0.01612339702191202,1.3060114384160035,0.2617993877991417,0.0,-1.574379297742464,180,180,180,180,180,180,180
45.79547429084778,0.01612339702191202,1.3060114384160035,0.2617993877991417,0.0,-1.574379297742464,180,180,180,180,180,180,180
45.80585289001465,0.016154982220271504,1.2973509594458474,0.2617993877991417,0.0,-1.5744577356638296,180,180,180,180,180,180,180
45.81606483459473,0.016154982220271504,1.2973509594458474,0.2617993877991417,0.0,-1.5744577356638296,180,180,180,180,180,180,180
45.826239824295044,0.016187550190001336,1.2884239627593574,0.2617993877991417,0.0,-1.5744982070381335,180,180,180,180,180,180,180
45.83642029762268,0.016187550190001336,1.2884239627593574,0.2617993877991417,0.0,-1.5744982070381335,180,180,180,180,180,180,180
45.8481240272522,0.016187550190001336,1.2884239627593574,0.2617993877991417,0.0,-1.5744982070381335,180,180,180,180,180,180,180
45.85836958885193,0.016219238898870635,1.2797590394522032,0.2617993877991417,0.0,-1.5744559753350371,180,180,180,180,180,180,180
45.86856293678284,0.016219238898870635,1.2797590394522032,0.2617993877991417,0.0,-1.5744559753350371,180,180,180,180,180,180,180
45.87940740585327,0.016219238898870635,1.2797590394522032,0.2617993877991417,0.0,-1.5744559753350371,180,180,180,180,180,180,180
45.895626068115234,0.01625205076624132,1.2711017705766965,0.2617993877991417,0.0,-1.5743209696964564,180,180,180,180,180,180,180
45.905874490737915,0.01625205076624132,1.2711017705766965,0.2617993877991417,0.0,-1.5743209696964564,180,180,180,180,180,180,180
45.91606879234314,0.01625205076624132,1.2711017705766965,0.2617993877991417,0.0,-1.5743209696964564,180,180,180,180,180,180,180
45.926286697387695,0.01625205076624132,1.2711017705766965,0.2617993877991417,0.0,-1.5743209696964564,180,180,180,180,180,180,180
45.93647074699402,0.01625205076624132,1.2711017705766965,0.2617993877991417,0.0,-1.5743209696964564,180,180,180,180,180,180,180
45.946699380874634,0.016283054134391628,1.2622067172814355,0.2617993877991417,0.0,-1.5741245754311213,180,180,180,180,180,180,180
45.95702910423279,0.016283054134391628,1.2622067172814355,0.2617993877991417,0.0,-1.5741245754311213,180,180,180,180,180,180,180
45.96722197532654,0.016314983160585855,1.2535966592463628,0.2617993877991417,0.0,-1.5741165744968877,180,180,180,180,180,180,180
45.977426528930664,0.016314983160585855,1.2535966592463628,0.2617993877991417,0.0,-1.5741165744968877,180,180,180,180,180,180,180
45.987640142440796,0.016314983160585855,1.2535966592463628,0.2617993877991417,0.0,-1.5741165744968877,180,180,180,180,180,180,180
45.99796223640442,0.016344824121597167,1.24500331032866,0.2617993877991417,0.0,-1.57426184484486,180,180,180,180,180,180,180
46.00964307785034,0.016344824121597167,1.24500331032866,0.2617993877991417,0.0,-1.57426184484486,180,180,180,180,180,180,180
46.01984643936157,0.016344824121597167,1.24500331032866,0.2617993877991417,0.0,-1.57426184484486,180,180,180,180,180,180,180
46.030049085617065,0.01637832186835278,1.236128404256067,0.2617993877991417,0.0,-1.5743554710764498,180,180,180,180,180,180,180
46.04026818275452,0.01637832186835278,1.236128404256067,0.2617993877991417,0.0,-1.5743554710764498,180,180,180,180,180,180,180
46.0517692565918,0.01637832186835278,1.236128404256067,0.2617993877991417,0.0,-1.5743554710764498,180,180,180,180,180,180,180
46.061994552612305,0.01641031906267482,1.2275093574766065,0.2617993877991417,0.0,-1.5744687015821017,180,180,180,180,180,180,180
46.07224440574646,0.01641031906267482,1.2275093574766065,0.2617993877991417,0.0,-1.5744687015821017,180,180,180,180,180,180,180
46.08247256278992,0.01641031906267482,1.2275093574766065,0.2617993877991417,0.0,-1.5744687015821017,180,180,180,180,180,180,180
46.095694065093994,0.016443372188893683,1.218879691252666,0.2617993877991417,0.0,-1.5745724093188225,180,180,180,180,180,180,180
46.10590171813965,0.016443372188893683,1.218879691252666,0.2617993877991417,0.0,-1.5745724093188225,180,180,180,180,180,180,180
46.11611294746399,0.016443372188893683,1.218879691252666,0.2617993877991417,0.0,-1.5745724093188225,180,180,180,180,180,180,180
46.12632918357849,0.016443372188893683,1.218879691252666,0.2617993877991417,0.0,-1.5745724093188225,180,180,180,180,180,180,180
46.136537075042725,0.016478169940370217,1.2099761661600767,0.2617993877991417,0.0,-1.5746632318371943,180,180,180,180,180,180,180
46.148858070373535,0.016478169940370217,1.2099761661600767,0.2617993877991417,0.0,-1.5746632318371943,180,180,180,180,180,180,180
46.15908980369568,0.016512447309372662,1.2013238711040923,0.2617993877991417,0.0,-1.574749290474389,180,180,180,180,180,180,180
46.16928553581238,0.016512447309372662,1.2013238711040923,0.2617993877991417,0.0,-1.574749290474389,180,180,180,180,180,180,180
46.179478883743286,0.016512447309372662,1.2013238711040923,0.2617993877991417,0.0,-1.574749290474389,180,180,180,180,180,180,180
46.19562816619873,0.016547197277002237,1.1926625620956088,0.2617993877991417,0.0,-1.5748259643040348,180,180,180,180,180,180,180
46.20602059364319,0.016547197277002237,1.1926625620956088,0.2617993877991417,0.0,-1.5748259643040348,180,180,180,180,180,180,180
46.21620798110962,0.016547197277002237,1.1926625620956088,0.2617993877991417,0.0,-1.5748259643040348,180,180,180,180,180,180,180
46.226391553878784,0.016547197277002237,1.1926625620956088,0.2617993877991417,0.0,-1.5748259643040348,180,180,180,180,180,180,180
46.23660135269165,0.016582803154788592,1.1837355475372608,0.2617993877991417,0.0,-1.5748573662314298,180,180,180,180,180,180,180
46.24882698059082,0.016582803154788592,1.1837355475372608,0.2617993877991417,0.0,-1.5748573662314298,180,180,180,180,180,180,180
46.25907802581787,0.016582803154788592,1.1837355475372608,0.2617993877991417,0.0,-1.5748573662314298,180,180,180,180,180,180,180
46.26939821243286,0.0166185519447618,1.1750705943184057,0.2617993877991417,0.0,-1.5748081846542805,180,180,180,180,180,180,180
46.27960467338562,0.0166185519447618,1.1750705943184057,0.2617993877991417,0.0,-1.5748081846542805,180,180,180,180,180,180,180
46.29647731781006,0.0166185519447618,1.1750705943184057,0.2617993877991417,0.0,-1.5748081846542805,180,180,180,180,180,180,180
46.30687403678894,0.01665394875031646,1.1664166967882346,0.2617993877991417,0.0,-1.5746518117528772,180,180,180,180,180,180,180
46.31707978248596,0.01665394875031646,1.1664166967882346,0.2617993877991417,0.0,-1.5746518117528772,180,180,180,180,180,180,180
46.32728338241577,0.016687548257854318,1.1575231355852413,0.2617993877991417,0.0,-1.574467271175258,180,180,180,180,180,180,180
46.34587597846985,0.016687548257854318,1.1575231355852413,0.2617993877991417,0.0,-1.574467271175258,180,180,180,180,180,180,180
46.35615611076355,0.016687548257854318,1.1575231355852413,0.2617993877991417,0.0,-1.574467271175258,180,180,180,180,180,180,180
46.36637616157532,0.01672279297353501,1.1489185469304029,0.2617993877991417,0.0,-1.5745019628685522,180,180,180,180,180,180,180
46.37659049034119,0.01672279297353501,1.1489185469304029,0.2617993877991417,0.0,-1.5745019628685522,180,180,180,180,180,180,180
46.386813163757324,0.01672279297353501,1.1489185469304029,0.2617993877991417,0.0,-1.5745019628685522,180,180,180,180,180,180,180
46.39704251289368,0.016756288334650222,1.1403211346254745,0.2617993877991417,0.0,-1.574630264527685,180,180,180,180,180,180,180
46.40726280212402,0.016756288334650222,1.1403211346254745,0.2617993877991417,0.0,-1.574630264527685,180,180,180,180,180,180,180
46.41745185852051,0.016756288334650222,1.1403211346254745,0.2617993877991417,0.0,-1.574630264527685,180,180,180,180,180,180,180
46.427664279937744,0.016792659584039582,1.1314468150940107,0.2617993877991417,0.0,-1.5747351692911522,180,180,180,180,180,180,180
46.44526720046997,0.016792659584039582,1.1314468150940107,0.2617993877991417,0.0,-1.5747351692911522,180,180,180,180,180,180,180
46.455474615097046,0.016792659584039582,1.1314468150940107,0.2617993877991417,0.0,-1.5747351692911522,180,180,180,180,180,180,180
46.46568989753723,0.016827902854804504,1.122826603686016,0.2617993877991417,0.0,-1.5748477588472025,180,180,180,180,180,180,180
46.476009368896484,0.016827902854804504,1.122826603686016,0.2617993877991417,0.0,-1.5748477588472025,180,180,180,180,180,180,180
46.495084285736084,0.016864239658112998,1.1141954416527586,0.2617993877991417,0.0,-1.5749493509114525,180,180,180,180,180,180,180
46.505290269851685,0.016864239658112998,1.1141954416527586,0.2617993877991417,0.0,-1.5749493509114525,180,180,180,180,180,180,180
46.51549935340881,0.016864239658112998,1.1141954416527586,0.2617993877991417,0.0,-1.5749493509114525,180,190,180,180,180,180,180
46.52586793899536,0.016902344781355275,1.1052905908084156,0.2617993877991417,0.0,-1.5750395396913177,180,190,180,180,180,180,180
46.536150217056274,0.016902344781355275,1.1052905908084156,0.2617993877991417,0.0,-1.5750395396913177,180,190,180,180,180,180,180
46.54637885093689,0.016902344781355275,1.1052905908084156,0.2617993877991417,0.0,-1.5750395396913177,180,190,180,180,180,180,180
46.55656385421753,0.016902344781355275,1.1052905908084156,0.2617993877991417,0.0,-1.5750395396913177,180,190,180,180,180,180,180
46.5667564868927,0.01693985066457307,1.096637062542789,0.2617993877991417,0.0,-1.5751249432060173,180,190,180,180,180,180,180
46.57698202133179,0.01693985066457307,1.096637062542789,0.2617993877991417,0.0,-1.5751249432060173,180,180,180,180,180,180,180
46.59491229057312,0.01697781058522247,1.0879749756510726,0.2617993877991417,0.0,-1.5751992363008551,180,180,180,180,180,180,180
46.60518956184387,0.01697781058522247,1.0879749756510726,0.2617993877991417,0.0,-1.5751992363008551,180,180,180,180,180,180,180
46.61540985107422,0.01697781058522247,1.0879749756510726,0.2617993877991417,0.0,-1.5751992363008551,180,180,180,180,180,180,180
46.62559390068054,0.017016483742229492,1.079047932234551,0.2617993877991417,0.0,-1.5752209421257417,180,180,180,180,180,180,180
46.6357741355896,0.017016483742229492,1.079047932234551,0.2617993877991417,0.0,-1.5752209421257417,180,180,180,180,180,180,180
46.64598488807678,0.017016483742229492,1.079047932234551,0.2617993877991417,0.0,-1.5752209421257417,180,180,180,180,180,180,180
46.656161069869995,0.017016483742229492,1.079047932234551,0.2617993877991417,0.0,-1.5752209421257417,180,180,180,180,180,180,180
46.666335344314575,0.01705617542967911,1.070383050943191,0.2617993877991417,0.0,-1.5751653869861084,180,180,180,180,180,180,180
46.676523208618164,0.01705617542967911,1.070383050943191,0.2617993877991417,0.0,-1.5751653869861084,180,180,180,180,180,180,180
46.694305181503296,0.01705617542967911,1.070383050943191,0.2617993877991417,0.0,-1.5751653869861084,180,180,180,180,180,180,180
46.70449709892273,0.017094218528121288,1.06173269147313,0.2617993877991417,0.0,-1.5749878077024273,180,180,180,180,180,180,180
46.71471810340881,0.017094218528121288,1.06173269147313,0.2617993877991417,0.0,-1.5749878077024273,180,180,180,180,120,130,180
46.72490620613098,0.017094218528121288,1.06173269147313,0.2617993877991417,0.0,-1.5749878077024273,180,180,180,180,120,130,180
46.7351348400116,0.017130609986188393,1.0528405803633896,0.2617993877991417,0.0,-1.5748175281319976,180,180,180,180,120,130,180
46.74626708030701,0.017130609986188393,1.0528405803633896,0.2617993877991417,0.0,-1.5748175281319976,180,180,180,180,120,130,180
46.756442070007324,0.017130609986188393,1.0528405803633896,0.2617993877991417,0.0,-1.5748175281319976,180,180,180,180,120,130,180
46.76662802696228,0.01716935054199049,1.0442418090615957,0.2617993877991417,0.0,-1.5748973750012756,180,180,180,180,130,130,180
46.77681517601013,0.01716935054199049,1.0442418090615957,0.2617993877991417,0.0,-1.5748973750012756,180,180,180,180,130,130,180
46.78699827194214,0.01716935054199049,1.0442418090615957,0.2617993877991417,0.0,-1.5748973750012756,180,180,180,180,130,130,180
46.797200441360474,0.017206773428069165,1.0356402282330868,0.2617993877991417,0.0,-1.5750095265992416,180,180,180,180,130,130,180
46.807485580444336,0.017206773428069165,1.0356402282330868,0.2617993877991417,0.0,-1.5750095265992416,180,180,180,180,130,130,180
46.81767511367798,0.017206773428069165,1.0356402282330868,0.2617993877991417,0.0,-1.5750095265992416,180,180,180,180,120,130,180
46.82799577713013,0.017245797206961188,1.0267664078839456,0.2617993877991417,0.0,-1.5751235612152539,180,180,180,180,120,130,180
46.84771704673767,0.017245797206961188,1.0267664078839456,0.2617993877991417,0.0,-1.5751235612152539,180,180,180,180,120,130,180
46.85797715187073,0.017245797206961188,1.0267664078839456,0.2617993877991417,0.0,-1.5751235612152539,180,180,180,180,120,130,180
46.86833620071411,0.017284366222112692,1.018145070071241,0.2617993877991417,0.0,-1.5752354339081618,180,180,180,180,120,130,180
46.878541231155396,0.017284366222112692,1.018145070071241,0.2617993877991417,0.0,-1.5752354339081618,180,180,180,180,120,130,180
46.888758182525635,0.017284366222112692,1.018145070071241,0.2617993877991417,0.0,-1.5752354339081618,180,180,180,180,120,130,180
46.898964166641235,0.01732404272563289,1.0095124904272101,0.2617993877991417,0.0,-1.5753349938904058,180,180,180,180,120,130,180
46.90922403335571,0.01732404272563289,1.0095124904272101,0.2617993877991417,0.0,-1.5753349938904058,180,180,180,180,120,130,180
46.91946983337402,0.01732404272563289,1.0095124904272101,0.2617993877991417,0.0,-1.5753349938904058,180,180,180,180,120,130,180
46.929670572280884,0.01736555237624043,1.0006063966205847,0.2617993877991417,0.0,-1.575424792988097,180,180,180,180,120,180,140
46.9399151802063,0.01736555237624043,1.0006063966205847,0.2617993877991417,0.0,-1.575424792988097,180,180,180,180,120,180,140
46.950127840042114,0.01736555237624043,1.0006063966205847,0.2617993877991417,0.0,-1.575424792988097,180,180,180,180,120,180,140
46.960320234298706,0.01740636497968374,0.9919517361733794,0.2617993877991417,0.0,-1.5755092555913768,180,180,180,180,120,180,140
46.970510482788086,0.01740636497968374,0.9919517361733794,0.2617993877991417,0.0,-1.5755092555913768,180,180,180,180,120,180,140
46.980714082717896,0.01740636497968374,0.9919517361733794,0.2617993877991417,0.0,-1.5755092555913768,180,180,180,180,120,180,140
46.9954891204834,0.01740636497968374,0.9919517361733794,0.2617993877991417,0.0,-1.5755092555913768,180,180,180,180,120,180,140
47.00579905509949,0.01744761132574962,0.9832890443966602,0.2617993877991417,0.0,-1.5755805309636735,180,180,180,180,120,180,140
47.01600527763367,0.01744761132574962,0.9832890443966602,0.2617993877991417,0.0,-1.5755805309636735,180,180,180,180,120,180,180
47.026196002960205,0.017489414186442013,0.9743620311917831,0.2617993877991417,0.0,-1.5755920785371182,180,180,180,180,120,180,180
47.03643488883972,0.017489414186442013,0.9743620311917831,0.2617993877991417,0.0,-1.5755920785371182,180,180,180,180,120,180,180
47.04819345474243,0.017489414186442013,0.9743620311917831,0.2617993877991417,0.0,-1.5755920785371182,180,180,180,180,120,180,180
47.058364391326904,0.017532619928999925,0.9656974473837261,0.2617993877991417,0.0,-1.5755299088567238,180,180,180,180,120,180,180
47.06855773925781,0.017532619928999925,0.9656974473837261,0.2617993877991417,0.0,-1.5755299088567238,180,130,140,180,120,180,180
47.078773021698,0.017532619928999925,0.9656974473837261,0.2617993877991417,0.0,-1.5755299088567238,180,130,140,180,120,180,180
47.0944128036499,0.01757369364627154,0.9570506283007543,0.2617993877991417,0.0,-1.5753342478384689,180,130,140,180,120,180,180
47.10465860366821,0.01757369364627154,0.9570506283007543,0.2617993877991417,0.0,-1.5753342478384689,180,130,140,180,120,180,180
47.114853620529175,0.01757369364627154,0.9570506283007543,0.2617993877991417,0.0,-1.5753342478384689,180,130,180,180,120,180,180
47.12505483627319,0.01757369364627154,0.9570506283007543,0.2617993877991417,0.0,-1.5753342478384689,180,130,180,180,120,180,180
47.13526630401611,0.017613410187187234,0.9481601708661138,0.2617993877991417,0.0,-1.5751801519037778,180,130,180,180,120,180,180
47.146400928497314,0.017613410187187234,0.9481601708661138,0.2617993877991417,0.0,-1.5751801519037778,180,130,180,180,120,180,180
47.15655827522278,0.017613410187187234,0.9481601708661138,0.2617993877991417,0.0,-1.5751801519037778,180,130,180,180,120,180,180
47.16672110557556,0.017655499311656414,0.9395672000635953,0.2617993877991417,0.0,-1.5753057994461117,180,180,180,180,180,180,180
47.17693495750427,0.017655499311656414,0.9395672000635953,0.2617993877991417,0.0,-1.5753057994461117,180,180,180,180,180,180,180
47.195106983184814,0.01769673056957551,0.9309625778633186,0.2617993877991417,0.0,-1.5754093431966225,180,180,180,180,180,180,180
47.20534825325012,0.01769673056957551,0.9309625778633186,0.2617993877991417,0.0,-1.5754093431966225,180,180,180,180,180,180,180
47.21553087234497,0.01769673056957551,0.9309625778633186,0.2617993877991417,0.0,-1.5754093431966225,180,180,180,180,180,180,180
47.225857973098755,0.01773883195355114,0.9220884865722634,0.2617993877991417,0.0,-1.5755278163041306,180,180,180,180,180,120,140
47.246196269989014,0.01773883195355114,0.9220884865722634,0.2617993877991417,0.0,-1.5755278163041306,180,180,180,180,180,120,140
47.256433725357056,0.01773883195355114,0.9220884865722634,0.2617993877991417,0.0,-1.5755278163041306,180,180,180,180,180,120,140
47.26660871505737,0.01778088641142163,0.9134659629371518,0.2617993877991417,0.0,-1.575639068687075,180,180,180,180,180,120,140
47.27685570716858,0.01778088641142163,0.9134659629371518,0.2617993877991417,0.0,-1.575639068687075,180,180,180,180,180,120,170
47.29423999786377,0.01778088641142163,0.9134659629371518,0.2617993877991417,0.0,-1.575639068687075,180,180,180,180,180,120,170
47.304417848587036,0.01782403648867123,0.9048319147772186,0.2617993877991417,0.0,-1.5757366500422525,180,180,180,180,180,120,170
47.31458806991577,0.01782403648867123,0.9048319147772186,0.2617993877991417,0.0,-1.5757366500422525,180,180,180,180,180,120,130
47.32478904724121,0.01786910073594722,0.8959245376203828,0.2617993877991417,0.0,-1.5758263076934511,180,180,180,180,180,120,130
47.33503246307373,0.01786910073594722,0.8959245376203828,0.2617993877991417,0.0,-1.5758263076934511,180,180,180,180,180,120,130
47.350643157958984,0.01786910073594722,0.8959245376203828,0.2617993877991417,0.0,-1.5758263076934511,180,180,180,180,180,120,130
47.36087775230408,0.017913358960354814,0.8872687332388369,0.2617993877991417,0.0,-1.5759095782932704,180,180,180,180,180,120,130
47.371068477630615,0.017913358960354814,0.8872687332388369,0.2617993877991417,0.0,-1.5759095782932704,180,180,180,180,180,120,150
47.3812792301178,0.017913358960354814,0.8872687332388369,0.2617993877991417,0.0,-1.5759095782932704,180,180,180,180,180,120,150
47.3967227935791,0.017913358960354814,0.8872687332388369,0.2617993877991417,0.0,-1.5759095782932704,180,180,180,180,180,120,150
47.406917333602905,0.017958033944161664,0.878605525863549,0.2617993877991417,0.0,-1.5759768344302039,180,180,180,180,180,120,150
47.417153120040894,0.017958033944161664,0.878605525863549,0.2617993877991417,0.0,-1.5759768344302039,180,180,180,180,180,120,150
47.42735242843628,0.018003085727810453,0.8696785192574921,0.2617993877991417,0.0,-1.5759774915453792,180,180,180,180,180,120,160
47.4375536441803,0.018003085727810453,0.8696785192574921,0.2617993877991417,0.0,-1.5759774915453792,180,180,180,180,180,120,160
47.450584173202515,0.018003085727810453,0.8696785192574921,0.2617993877991417,0.0,-1.5759774915453792,180,180,180,180,180,120,160
47.46083474159241,0.018049556550309615,0.8610143475783616,0.2617993877991417,0.0,-1.5759061121171045,180,180,180,180,180,120,160
47.471028089523315,0.018049556550309615,0.8610143475783616,0.2617993877991417,0.0,-1.5759061121171045,180,180,180,180,180,120,160
47.48129057884216,0.018049556550309615,0.8610143475783616,0.2617993877991417,0.0,-1.5759061121171045,180,180,180,180,180,120,180
47.491544246673584,0.018049556550309615,0.8610143475783616,0.2617993877991417,0.0,-1.5759061121171045,180,180,180,180,180,120,180
47.501729249954224,0.018094033907917847,0.852370934584219,0.2617993877991417,0.0,-1.5756995308073298,180,180,180,180,180,120,180
47.51192665100098,0.018094033907917847,0.852370934584219,0.2617993877991417,0.0,-1.5756995308073298,180,180,180,180,180,120,180
47.52215266227722,0.018094033907917847,0.852370934584219,0.2617993877991417,0.0,-1.5756995308073298,180,180,180,180,180,180,130
47.53314757347107,0.01813770696704545,0.8434825876957497,0.2617993877991417,0.0,-1.5755621573497445,180,180,180,180,180,180,130
47.55047345161438,0.01813770696704545,0.8434825876957497,0.2617993877991417,0.0,-1.5755621573497445,180,180,180,180,180,180,130
47.56067609786987,0.018182597942977167,0.8348949076596552,0.2617993877991417,0.0,-1.5757315274359334,180,180,180,180,180,180,130
47.57087159156799,0.018182597942977167,0.8348949076596552,0.2617993877991417,0.0,-1.5757315274359334,180,180,180,180,180,180,180
47.581111431121826,0.018182597942977167,0.8348949076596552,0.2617993877991417,0.0,-1.5757315274359334,180,180,180,180,180,180,180
47.5966911315918,0.018227748852192027,0.8262864069459459,0.2617993877991417,0.0,-1.5758177794542296,180,180,180,180,180,180,180
47.606876373291016,0.018227748852192027,0.8262864069459459,0.2617993877991417,0.0,-1.5758177794542296,180,180,180,180,180,180,180
47.61712431907654,0.018227748852192027,0.8262864069459459,0.2617993877991417,0.0,-1.5758177794542296,180,180,180,180,180,180,180
47.62736105918884,0.018273279410915996,0.8174115826461854,0.2617993877991417,0.0,-1.5759374419790162,180,180,180,180,180,180,140
47.637561082839966,0.018273279410915996,0.8174115826461854,0.2617993877991417,0.0,-1.5759374419790162,180,180,180,180,180,180,140
47.648162603378296,0.018273279410915996,0.8174115826461854,0.2617993877991417,0.0,-1.5759374419790162,180,180,180,180,180,180,140
47.65833497047424,0.018318874677210044,0.8087878813509781,0.2617993877991417,0.0,-1.57604774228878,180,180,180,180,180,180,140
47.66852140426636,0.018318874677210044,0.8087878813509781,0.2617993877991417,0.0,-1.57604774228878,180,180,180,180,180,180,130
47.67874217033386,0.018318874677210044,0.8087878813509781,0.2617993877991417,0.0,-1.57604774228878,180,180,180,180,180,180,130
47.696269035339355,0.018318874677210044,0.8087878813509781,0.2617993877991417,0.0,-1.57604774228878,180,180,180,180,180,180,130
47.7065155506134,0.018365540342441124,0.8001524073629076,0.2617993877991417,0.0,-1.5761432025701583,180,180,180,180,180,180,130
47.716734170913696,0.018365540342441124,0.8001524073629076,0.2617993877991417,0.0,-1.5761432025701583,180,180,180,180,180,180,160
47.72694444656372,0.018414203391766425,0.7912438063765204,0.2617993877991417,0.0,-1.5762329074851564,180,180,180,180,180,180,160
